toolA,toolB,dAUROC,dAUROC_lo,dAUROC_hi,dAUPRC,dAUPRC_lo,dAUPRC_hi
SeqQC-Former,Mutect2,0.43947035748234375,0.43797286716240713,0.44094222550310197,0.2077327368750036,0.20412904966583667,0.21133483557937444
SeqQC-Former,Strelka2,0.4399619352910661,0.43842664501825496,0.4414133506403656,0.2273093807798917,0.2209275808753662,0.23382003971437784
