Hugo_Symbol,n_variants,n_artifacts,artifact_rate,mean_probability,median_probability
TTN,262,157,0.5992366412213741,0.6706111933495154,0.90848613
MUC16,132,99,0.75,0.7821366184309957,0.970072665
EGFR,132,65,0.49242424242424243,0.5487958249804902,0.7209189300000001
FLG,74,48,0.6486486486486487,0.7260176793600092,0.89562125
MUC17,49,43,0.8775510204081632,0.8930777030612245,0.99028873
TP53,155,37,0.23870967741935484,0.29545968724267296,0.00058873923
RELN,42,33,0.7857142857142857,0.8160191637412928,0.98040622
RYR2,62,33,0.532258064516129,0.6200673683865549,0.82599825
PCLO,41,32,0.7804878048780488,0.8026509309129268,0.9787145
PKHD1,47,32,0.6808510638297872,0.7301782722452405,0.9307654
NF1,47,31,0.6595744680851063,0.7313418756485569,0.9578988
HMCN1,47,30,0.6382978723404256,0.6918203246492776,0.95340896
SPTA1,53,30,0.5660377358490566,0.6390900515423218,0.818299
PTEN,118,29,0.2457627118644068,0.2832212577117838,0.000280812655
SYNE1,39,28,0.717948717948718,0.762015569861536,0.9532087
LRP2,47,28,0.5957446808510638,0.6893231366440593,0.8260538
OBSCN,72,28,0.3888888888888889,0.44739799273958386,0.28844695
DNAH11,39,26,0.6666666666666666,0.6900448638551392,0.97117203
DNAH5,47,25,0.5319148936170213,0.6236470630346809,0.8241237
DST,50,25,0.5,0.5733114480572299,0.74624543
GRM3,25,24,0.96,0.9472578507999999,0.98701453
APOB,26,23,0.8846153846153846,0.8853853040884616,0.95444242
FCGBP,29,23,0.7931034482758621,0.8246473307597987,0.9778967
PIK3CG,32,23,0.71875,0.7426806913347362,0.9692829000000001
DNAH2,41,23,0.5609756097560976,0.6405406945227146,0.83732015
DNAH3,49,23,0.46938775510204084,0.6097185730538177,0.6718952
FAT2,29,22,0.7586206896551724,0.766513412211432,0.9553985
COL6A3,36,22,0.6111111111111112,0.6525541281195,0.8722375499999999
USH2A,43,22,0.5116279069767442,0.6515751820402309,0.81194407
KMT2C,28,21,0.75,0.7732891241990189,0.990393065
GRIN2A,31,21,0.6774193548387096,0.7399992013101239,0.9561572
DCHS2,25,20,0.8,0.8106830152092,0.95392764
PIK3CA,39,20,0.5128205128205128,0.5616048844645651,0.807788
CNTNAP2,23,19,0.8260869565217391,0.8267306514956523,0.9827492
TCHH,24,19,0.7916666666666666,0.807367465125,0.9806727799999999
TRRAP,24,19,0.7916666666666666,0.8652365,0.98136145
SDK1,25,19,0.76,0.7480554981774695,0.97730553
HUWE1,26,19,0.7307692307692307,0.7362048416756655,0.9520275
MACF1,29,19,0.6551724137931034,0.7242197009655172,0.9196483
AHNAK,30,19,0.6333333333333333,0.6772466913247099,0.93562225
RIMS2,34,19,0.5588235294117647,0.6530729991647058,0.85376295
PLXNA4,18,18,1.0,0.979722183888889,0.9911229050000001
NEB,26,18,0.6923076923076923,0.7143616432423303,0.94839495
CSMD3,27,18,0.6666666666666666,0.7482715985185185,0.92196316
FER1L6,29,18,0.6206896551724138,0.752308531277651,0.9440464
AHNAK2,38,18,0.47368421052631576,0.49694696753613327,0.5449392
PKD1L1,18,17,0.9444444444444444,0.9289972929999999,0.9913018
FAT4,21,17,0.8095238095238095,0.7841878536914286,0.9663826
DNAH7,23,17,0.7391304347826086,0.6869081777151783,0.9079674
PIK3R1,27,17,0.6296296296296297,0.7344863193333333,0.8929097
ATRX,35,17,0.4857142857142857,0.49819766429694934,0.5970946
HYDIN,35,17,0.4857142857142857,0.5973054526171957,0.68473357
MUC3A,17,16,0.9411764705882353,0.9462106188235294,0.98955184
LCT,18,16,0.8888888888888888,0.8392091983333334,0.957375835
VPS13D,21,16,0.7619047619047619,0.7791327045714286,0.9776313
NLRP5,22,16,0.7272727272727273,0.7665017639092163,0.967875865
KIF2B,25,16,0.64,0.7766670133748034,0.9229282
RYR1,26,16,0.6153846153846154,0.7004531053884615,0.97066532
DSP,28,16,0.5714285714285714,0.6402162708731668,0.8223525
LAMA1,31,16,0.5161290322580645,0.5973775917621184,0.7549901
ADGRV1,33,16,0.48484848484848486,0.6126939958898883,0.6884124
COL1A2,16,15,0.9375,0.9156366735061269,0.982837855
LAMA2,17,15,0.8823529411764706,0.8662731256339823,0.9713327
PPP1R3A,18,15,0.8333333333333334,0.8921114138888888,0.9759323
TRIO,18,15,0.8333333333333334,0.7929213853272222,0.9156181750000001
ZFHX3,19,15,0.7894736842105263,0.8063054725263158,0.9789261
ANK2,21,15,0.7142857142857143,0.8351339219047619,0.97130394
COL14A1,22,15,0.6818181818181818,0.7023072086239384,0.976477355
FBN2,22,15,0.6818181818181818,0.7725392498181818,0.858313975
MYH1,23,15,0.6521739130434783,0.6825955021386745,0.9081597
SACS,23,15,0.6521739130434783,0.6832559081844609,0.87807703
SYNE2,23,15,0.6521739130434783,0.6720187421490261,0.91149807
TEX15,24,15,0.625,0.7418210256529166,0.9730053
TAF1L,29,15,0.5172413793103449,0.6176367210624121,0.84524035
DNAH8,30,15,0.5,0.6139012199499573,0.74118787
ARHGEF5,15,14,0.9333333333333333,0.9457321646666668,0.989237
ABCB4,17,14,0.8235294117647058,0.8624364582352941,0.9840388
LAMB4,17,14,0.8235294117647058,0.8123808735882353,0.97900736
TLL1,17,14,0.8235294117647058,0.8009848590015961,0.9344201
GABRA6,18,14,0.7777777777777778,0.7756896083888889,0.9302621
ZAN,21,14,0.6666666666666666,0.7088616078047619,0.9639204
FLNA,22,14,0.6363636363636364,0.6457541005918727,0.9318771349999999
MYH13,22,14,0.6363636363636364,0.6838767346005521,0.9420903
FRAS1,26,14,0.5384615384615384,0.5629668978108823,0.88324145
IDH1,26,14,0.5384615384615384,0.5983748171087039,0.8059761999999999
TECTA,26,14,0.5384615384615384,0.6637902235665,0.85665385
DOCK5,31,14,0.45161290322580644,0.5203128411871049,0.66935885
PTPN3,14,13,0.9285714285714286,0.8522750115,0.9463191
FREM2,15,13,0.8666666666666667,0.8555789866666667,0.9622369
NME8,15,13,0.8666666666666667,0.889080684,0.98474103
OR5D13,15,13,0.8666666666666667,0.8790242633333333,0.9237843
SAMD9,15,13,0.8666666666666667,0.8825697193333333,0.97741514
TRPV6,15,13,0.8666666666666667,0.8997551753333333,0.9771847
CALN1,16,13,0.8125,0.8297695297211874,0.98254615
EXPH5,16,13,0.8125,0.879739630625,0.991315385
GALNT17,16,13,0.8125,0.87143921625,0.9625243649999999
GRIN2B,17,13,0.7647058823529411,0.8095077854117647,0.9723832
ITPR3,17,13,0.7647058823529411,0.7741451078488605,0.9548278
MECOM,17,13,0.7647058823529411,0.7413689836823529,0.9243684
NLRP7,18,13,0.7222222222222222,0.8005074966666667,0.961165635
SCN10A,19,13,0.6842105263157895,0.7480896359368421,0.94971687
SETD2,19,13,0.6842105263157895,0.7086106407363159,0.9510621
NLRP12,20,13,0.65,0.6748917278246954,0.8962870199999999
PTPRT,20,13,0.65,0.7688526155,0.96851585
MUC5B,21,13,0.6190476190476191,0.6118605211705279,0.95277774
NLRP4,21,13,0.6190476190476191,0.711663486468381,0.95257264
PRDM9,21,13,0.6190476190476191,0.7397464876320811,0.8613643
CENPF,22,13,0.5909090909090909,0.6213489361958541,0.90335752
XIRP2,27,13,0.48148148148148145,0.6440885498740949,0.72917485
RYR3,29,13,0.4482758620689655,0.5425187804796702,0.5397586
NLRP13,13,12,0.9230769230769231,0.8966835784615385,0.9891951
CALCR,15,12,0.8,0.7779154634485688,0.97136366
COL11A1,15,12,0.8,0.8176087146666667,0.9695584
F8,15,12,0.8,0.8006128920000124,0.9743192
MYH11,15,12,0.8,0.831983332,0.9226204
ADAM29,16,12,0.75,0.77718357327385,0.9146052
F5,16,12,0.75,0.72824547384375,0.899587175
ZNF208,16,12,0.75,0.7373299611218398,0.973456885
CASR,17,12,0.7058823529411765,0.7681190534117647,0.97469556
KEL,17,12,0.7058823529411765,0.77670110214712,0.967612
POM121L12,17,12,0.7058823529411765,0.7044460767270486,0.93849605
SPEG,17,12,0.7058823529411765,0.7290709479829103,0.971993
BRCA2,18,12,0.6666666666666666,0.6891742184333334,0.9591023999999999
HECTD4,18,12,0.6666666666666666,0.6914401270107513,0.85232155
PCDHB7,18,12,0.6666666666666666,0.7895156869444445,0.9572691799999999
GRM8,19,12,0.631578947368421,0.6901228392115728,0.9524793
HECW1,19,12,0.631578947368421,0.6978830515031352,0.97386736
KIAA1109,19,12,0.631578947368421,0.7128267245157895,0.96980155
C3,20,12,0.6,0.654003558028872,0.9228225299999999
CDH18,20,12,0.6,0.6818698660409324,0.9249415999999999
TENM1,20,12,0.6,0.6631944254373375,0.92615083
TRPM6,20,12,0.6,0.6822776072676315,0.952877325
NOS1,22,12,0.5454545454545454,0.6049338671750468,0.832592985
SCN9A,22,12,0.5454545454545454,0.6321319606574719,0.818318
DNAH9,24,12,0.5,0.669666550505,0.7436484999999999
SLIT3,24,12,0.5,0.5857529990207797,0.76323685
LRP1B,26,12,0.46153846153846156,0.5707942047076924,0.630049725
DNAH10,27,12,0.4444444444444444,0.46236739655289477,0.2559602
TMEM132D,28,12,0.42857142857142855,0.5210919887306142,0.5338812
CR2,12,11,0.9166666666666666,0.906676825,0.973986025
OR5H2,12,11,0.9166666666666666,0.8723610125501167,0.963290395
TRPV5,12,11,0.9166666666666666,0.9383221158333334,0.9906901
ABCB5,13,11,0.8461538461538461,0.8482392709230768,0.9843387
FRMPD4,13,11,0.8461538461538461,0.797914843886923,0.9711415
NIPBL,13,11,0.8461538461538461,0.8867521965384615,0.9899922
PCDH19,13,11,0.8461538461538461,0.8125639102146154,0.9697203
PCDHA13,13,11,0.8461538461538461,0.8707233515384616,0.94202167
ZNF493,13,11,0.8461538461538461,0.7993765617615385,0.9545892
CDK5RAP2,14,11,0.7857142857142857,0.7714332740619781,0.9393285
COL12A1,14,11,0.7857142857142857,0.8015468347397142,0.96648465
ERICH3,14,11,0.7857142857142857,0.8305146514285714,0.936375475
PTPRN2,14,11,0.7857142857142857,0.7889630980571428,0.984769255
TAF1,14,11,0.7857142857142857,0.7709975682628879,0.9778907349999999
ZNF462,14,11,0.7857142857142857,0.7973427792722393,0.9829167000000001
CARD6,15,11,0.7333333333333333,0.7460593116666666,0.8834931
ADAMTS16,16,11,0.6875,0.7191796110105535,0.9314610750000001
DYNC1H1,16,11,0.6875,0.6890358482084139,0.9449396699999999
EPB41L3,16,11,0.6875,0.77290110125,0.867711065
RNF17,16,11,0.6875,0.6769040837543799,0.979772115
ATR,17,11,0.6470588235294118,0.6537916823580212,0.8823663
UGGT1,17,11,0.6470588235294118,0.7277561191490001,0.9465989
ABCC9,18,11,0.6111111111111112,0.7204671142969056,0.851486235
ANK1,18,11,0.6111111111111112,0.6780141111335589,0.92499303
HSPG2,18,11,0.6111111111111112,0.7131237420227777,0.886491785
KIF16B,18,11,0.6111111111111112,0.8208706438888889,0.938605025
PKHD1L1,18,11,0.6111111111111112,0.6514465038823334,0.95691987
FLG2,19,11,0.5789473684210527,0.7063209205263158,0.7930646
RESF1,19,11,0.5789473684210527,0.6621278180087803,0.89883935
HRNR,20,11,0.55,0.65296525904185,0.868453385
QSER1,20,11,0.55,0.6394054001358149,0.8094072999999999
USP9X,21,11,0.5238095238095238,0.504220563660042,0.8961361
TENM3,22,11,0.5,0.540593978288144,0.72702015
VWF,23,11,0.4782608695652174,0.6403425468326217,0.7229405
DOCK8,24,11,0.4583333333333333,0.5154534141715049,0.621415135
EP400,25,11,0.44,0.5775195161208,0.5543636
MXRA5,25,11,0.44,0.48133161290295284,0.42689544
HCN1,26,11,0.4230769230769231,0.4981027629908805,0.44597485000000003
ACAD10,10,10,1.0,0.95114582,0.9778279000000001
CPNE8,10,10,1.0,0.9570475780000001,0.9907952
LPA,10,10,1.0,0.93330487,0.97086692
SPATA31D1,11,10,0.9090909090909091,0.8548766935431454,0.9671852
TTC21A,11,10,0.9090909090909091,0.8443976878888351,0.96392596
URGCP,11,10,0.9090909090909091,0.8820596074117909,0.98907745
ADCY1,12,10,0.8333333333333334,0.8122641201190858,0.9901940499999999
CNTN6,12,10,0.8333333333333334,0.87164816,0.9765697799999999
CYP4F22,12,10,0.8333333333333334,0.8337027008333333,0.98314205
UBE3C,12,10,0.8333333333333334,0.8145522996166666,0.9429475700000001
ABCA1,13,10,0.7692307692307693,0.7940285015511215,0.98477894
CLCN1,13,10,0.7692307692307693,0.8066602092307692,0.986033
CPAMD8,13,10,0.7692307692307693,0.7561073843026678,0.9701798
ENPP2,13,10,0.7692307692307693,0.82160983,0.9172091
OR5W2,13,10,0.7692307692307693,0.7588607959769231,0.90707725
PREX1,13,10,0.7692307692307693,0.7958065968578154,0.97461116
RFX6,13,10,0.7692307692307693,0.8396669246153846,0.9161507
CAMTA1,14,10,0.7142857142857143,0.7996867735714286,0.88625515
DENND2C,14,10,0.7142857142857143,0.7325632642091572,0.944414945
FBN3,14,10,0.7142857142857143,0.702744607882658,0.89352535
MYH8,14,10,0.7142857142857143,0.7168872080895794,0.97921263
NLRP2,14,10,0.7142857142857143,0.7927424964285714,0.92523667
PEG3,14,10,0.7142857142857143,0.7096231403263572,0.896440575
ABCA13,15,10,0.6666666666666666,0.6904373194826025,0.9214332
EPHA8,15,10,0.6666666666666666,0.6654751768918089,0.92383873
SRRM2,15,10,0.6666666666666666,0.7309896575666667,0.9762896
ALPK2,16,10,0.625,0.753018027734375,0.967294615
CACNA2D1,16,10,0.625,0.7048882583125,0.9443622
CMYA5,16,10,0.625,0.7238442251046981,0.95448208
DSG4,16,10,0.625,0.6978538580261162,0.92893682
GLI3,16,10,0.625,0.7138991475,0.9466202699999999
ITPR2,16,10,0.625,0.7325471842403775,0.92829175
LRP1,16,10,0.625,0.6889839083125,0.8780614499999999
SPATA31A1,16,10,0.625,0.6797007978796262,0.9082418999999999
ELMO1,17,10,0.5882352941176471,0.7103257564110224,0.90835404
ENPEP,17,10,0.5882352941176471,0.6809852248425519,0.8742426
FBN1,17,10,0.5882352941176471,0.6873134821,0.9169427
NLRP3,17,10,0.5882352941176471,0.6236959882148716,0.89605117
TSHZ2,17,10,0.5882352941176471,0.6850360261705882,0.94059616
ZFP42,17,10,0.5882352941176471,0.665557007102362,0.98140806
ABCC5,18,10,0.5555555555555556,0.6234762131185874,0.80574115
BIRC6,18,10,0.5555555555555556,0.5721153886331465,0.91737318
ITGAD,18,10,0.5555555555555556,0.5702064992122464,0.86741665
CACNA1S,19,10,0.5263157894736842,0.7029671339144737,0.82233113
MYH2,20,10,0.5,0.5828721614496628,0.7761331
PCDHA1,20,10,0.5,0.6076772281394,0.784890275
PDGFRA,20,10,0.5,0.5898180564740192,0.7968736999999999
DNAH17,21,10,0.47619047619047616,0.554110852264365,0.6519642
DMD,25,10,0.4,0.460026625248721,0.36880147
CHD1,9,9,1.0,0.9527680733333332,0.9853284
TPTE,9,9,1.0,0.9668843477777779,0.98955464
VPS50,9,9,1.0,0.9692941811111111,0.9909574
ZPBP,9,9,1.0,0.9597820044444444,0.9805731
ANO3,10,9,0.9,0.9054820809999999,0.99013565
AREL1,10,9,0.9,0.849806983,0.9627007000000001
CDK13,10,9,0.9,0.918918758,0.98332876
COL28A1,10,9,0.9,0.881088915,0.9671293249999999
FAM120B,10,9,0.9,0.8865932214986,0.98920268
FANCD2,10,9,0.9,0.894110663,0.9830753000000001
LDLR,10,9,0.9,0.900512749,0.953266775
MED13L,10,9,0.9,0.9017922589999999,0.9861770000000001
PON1,10,9,0.9,0.87303364565,0.9787177
PTPRZ1,10,9,0.9,0.938738256,0.98279505
RAB3GAP2,10,9,0.9,0.854104704,0.9352549299999999
SEPTIN4,10,9,0.9,0.8653786400000136,0.9863772749999999
TDRD7,10,9,0.9,0.861416849,0.9790952749999999
ADAMTS2,11,9,0.8181818181818182,0.8534925154589991,0.9779448
AMPD1,11,9,0.8181818181818182,0.8653531036363638,0.93673617
AOC1,11,9,0.8181818181818182,0.7833031775012728,0.9755755
CNTNAP1,11,9,0.8181818181818182,0.8418920318181818,0.95578355
GEMIN5,11,9,0.8181818181818182,0.7828025807636364,0.93627256
LARP1,11,9,0.8181818181818182,0.7928895415116027,0.9878655
MAP1B,11,9,0.8181818181818182,0.90646537,0.9799313
NLRP11,11,9,0.8181818181818182,0.8039911692752368,0.98338425
SLC6A18,11,9,0.8181818181818182,0.8068547849600001,0.9828181
TRPM3,11,9,0.8181818181818182,0.8712763801818183,0.99072343
AFM,12,9,0.75,0.7473503144254167,0.9168878650000001
ARHGAP21,12,9,0.75,0.7545761782500001,0.98293805
CENPE,12,9,0.75,0.7530980458583333,0.90627412
COBL,12,9,0.75,0.818881445,0.986024975
COL24A1,12,9,0.75,0.7661015139333333,0.9905193
KALRN,12,9,0.75,0.7542746365133333,0.9711527799999999
KIAA1210,12,9,0.75,0.7210033962038348,0.96965155
KLK15,12,9,0.75,0.7292188145591667,0.9754044500000001
NRXN3,12,9,0.75,0.7198543635336917,0.96683522
PDE1C,12,9,0.75,0.8190040033333333,0.98193715
PTPN11,12,9,0.75,0.8079889825,0.9765297
SAMD9L,12,9,0.75,0.7615931803833332,0.96883075
SBNO1,12,9,0.75,0.798537975,0.98786635
SLC5A7,12,9,0.75,0.7383754815133333,0.87986337
UTRN,12,9,0.75,0.7357292709416666,0.979498805
CNTN1,13,9,0.6923076923076923,0.7437200484615385,0.956087
CUBN,13,9,0.6923076923076923,0.665090370746028,0.97625494
LRBA,13,9,0.6923076923076923,0.7241752717807692,0.9483938
PCDHB15,13,9,0.6923076923076923,0.8134291656153846,0.9785775
PREX2,13,9,0.6923076923076923,0.757049154,0.9384528
SALL4,13,9,0.6923076923076923,0.7464517526923077,0.9727811
VAV1,13,9,0.6923076923076923,0.7653481758561539,0.9623877
ANO4,14,9,0.6428571428571429,0.7781497592857143,0.9204413
ASH1L,14,9,0.6428571428571429,0.7901871375428572,0.94074115
CFTR,14,9,0.6428571428571429,0.6705862719355214,0.9911839
LY75,14,9,0.6428571428571429,0.7117892725214287,0.915398775
MC3R,14,9,0.6428571428571429,0.8015034875,0.9766136750000001
MYO3A,14,9,0.6428571428571429,0.6473884729148851,0.962207665
MYOCD,14,9,0.6428571428571429,0.6392464792057682,0.97195597
SLC9A4,14,9,0.6428571428571429,0.7362481000714285,0.916974975
SVEP1,14,9,0.6428571428571429,0.6590628724092998,0.94756628
UGT3A2,14,9,0.6428571428571429,0.697573603875,0.955710015
WDFY3,14,9,0.6428571428571429,0.6865188478928571,0.9746263049999999
CACNA1B,15,9,0.6,0.64632948941573,0.9192816
CIT,15,9,0.6,0.7664519746666667,0.92415893
DYNC1I1,15,9,0.6,0.7035635313009426,0.9333453
HERC2P3,15,9,0.6,0.640553863934576,0.93314224
KIF4B,15,9,0.6,0.6537392221425333,0.925706
MAG,15,9,0.6,0.6062330262316246,0.9398833
POLE,15,9,0.6,0.6912956457066667,0.9755996
TLR7,15,9,0.6,0.5985879661481813,0.9141025
VPS13B,15,9,0.6,0.73424682,0.9367499
BDP1,16,9,0.5625,0.6629886783776875,0.92891045
CHD9,16,9,0.5625,0.6397594143963062,0.922882025
FAT1,16,9,0.5625,0.6431029942300125,0.9480943
ZDBF2,16,9,0.5625,0.6189482760152756,0.8741795
ADGRF5,17,9,0.5294117647058824,0.5446745598094775,0.7673681
FGD5,17,9,0.5294117647058824,0.62813213489,0.7753797
MYH6,17,9,0.5294117647058824,0.5606877561282353,0.9033024
NWD1,17,9,0.5294117647058824,0.6957913806439335,0.8106452
SCN5A,17,9,0.5294117647058824,0.594313914143174,0.9221423
ADCY10,18,9,0.5,0.6005047155944445,0.65938434
CD163L1,18,9,0.5,0.6149736015123091,0.744273185
ESPL1,18,9,0.5,0.5179198164331446,0.595471225
GRIP1,18,9,0.5,0.5815858693779444,0.75884235
HERC2,18,9,0.5,0.6304792513539093,0.7796236700000001
NAV2,19,9,0.47368421052631576,0.5642558557599999,0.55894697
SLIT2,19,9,0.47368421052631576,0.6317165418035839,0.57547987
ASPM,20,9,0.45,0.59869414291,0.6360674500000001
KSR2,20,9,0.45,0.543250563064647,0.57842481
PLCG2,21,9,0.42857142857142855,0.49915523558095237,0.3520107
ADAM22,8,8,1.0,0.97357252,0.98333485
BAZ1A,8,8,1.0,0.93774557875,0.9580188000000001
CDK12,8,8,1.0,0.9551303987499999,0.99131122
KMT2E,8,8,1.0,0.96866196125,0.98952387
NRP2,8,8,1.0,0.927485755,0.9645516199999999
OR2A7,8,8,1.0,0.9746524125,0.9825585
AC004593.2,9,8,0.8888888888888888,0.86658741518,0.9779252
BRAF,9,8,0.8888888888888888,0.889321588888889,0.9666452
BRCA1,9,8,0.8888888888888888,0.8566485696448982,0.97182906
CSF2RA,9,8,0.8888888888888888,0.9422714066666666,0.9906783
CTNND2,9,8,0.8888888888888888,0.8141436894444445,0.8734513
CUL9,9,8,0.8888888888888888,0.8610227859844444,0.989858
DGKK,9,8,0.8888888888888888,0.8170171211111976,0.9219393
EEF1A1,9,8,0.8888888888888888,0.9196147411111111,0.98544496
ENAM,9,8,0.8888888888888888,0.8416237566666667,0.8118652
HECTD1,9,8,0.8888888888888888,0.9159780488888889,0.98523545
KDM7A,9,8,0.8888888888888888,0.875091839,0.9885684
KRT16,9,8,0.8888888888888888,0.8784286744444444,0.9579982
MMRN1,9,8,0.8888888888888888,0.9016060311111112,0.9790325
MYH7,9,8,0.8888888888888888,0.9460042888888888,0.979054
NPTX2,9,8,0.8888888888888888,0.9335422722222222,0.982216
PCDH18,9,8,0.8888888888888888,0.9492802122222224,0.98877466
PLCH1,9,8,0.8888888888888888,0.9183913011111111,0.98975605
SEMG2,9,8,0.8888888888888888,0.8622009074109489,0.9766024
SRGAP3,9,8,0.8888888888888888,0.8368465943018889,0.9331936
SSTR4,9,8,0.8888888888888888,0.9131823722222223,0.9795854
TYR,9,8,0.8888888888888888,0.8667360577777778,0.9705395
XRN1,9,8,0.8888888888888888,0.9099125222222223,0.9889693
ZNF532,9,8,0.8888888888888888,0.8944415544444444,0.97032017
ZNFX1,9,8,0.8888888888888888,0.9517162133333333,0.9882883
ARAP2,10,8,0.8,0.8271462967290001,0.970589015
C6,10,8,0.8,0.817842132,0.96620018
CARD11,10,8,0.8,0.77678645493,0.9592383
CDH1,10,8,0.8,0.906920439,0.9879526
CR1,10,8,0.8,0.818329479,0.9853021
CYLD,10,8,0.8,0.8549629927,0.9782042150000001
HEATR5B,10,8,0.8,0.85252554952212,0.97236173
HTR3A,10,8,0.8,0.79356816559,0.97200715
IGSF9,10,8,0.8,0.851517376,0.985201115
ITGA4,10,8,0.8,0.7778231573900001,0.9640522
OPN5,10,8,0.8,0.832890465000044,0.959042195
PAPPA2,10,8,0.8,0.8193302680000001,0.9754227799999999
PPL,10,8,0.8,0.7606771982743,0.9540206499999999
PPP4R4,10,8,0.8,0.8316881125,0.9462418699999999
SLC9C1,10,8,0.8,0.7785648610940707,0.95304488
STXBP5L,10,8,0.8,0.813297207,0.9721525
SYDE2,10,8,0.8,0.8196135734635099,0.9884809
TIMD4,10,8,0.8,0.8497259789999999,0.89193568
VIRMA,10,8,0.8,0.850090123505782,0.96928477
ZNF335,10,8,0.8,0.791800328,0.9794802499999999
BMS1,11,8,0.7272727272727273,0.7175960823677909,0.9811193
BRWD3,11,8,0.7272727272727273,0.7036791555418183,0.90832543
CDCP1,11,8,0.7272727272727273,0.7931874286581819,0.96589
COL6A2,11,8,0.7272727272727273,0.7248532528454545,0.9253235
DSCAM,11,8,0.7272727272727273,0.8159640718181819,0.97212976
GABRA4,11,8,0.7272727272727273,0.6974780547033973,0.97074014
KCNV1,11,8,0.7272727272727273,0.724047669398061,0.9393661
KMT2A,11,8,0.7272727272727273,0.7105145961818181,0.9760656
OR8K3,11,8,0.7272727272727273,0.8040783842225455,0.9487583
PCDH15,11,8,0.7272727272727273,0.6994479403538305,0.9869398
PCK1,11,8,0.7272727272727273,0.7428910327274636,0.9748576
PHLDB2,11,8,0.7272727272727273,0.7611958227272727,0.9862765
PTPRM,11,8,0.7272727272727273,0.7114756629820088,0.9151347
RP1L1,11,8,0.7272727272727273,0.7683153506,0.96394587
SCN1A,11,8,0.7272727272727273,0.7267597207821818,0.9200744
SHROOM3,11,8,0.7272727272727273,0.7438557809090909,0.9735792
SLC26A3,11,8,0.7272727272727273,0.9090426209090908,0.9867849
VCAN,11,8,0.7272727272727273,0.7780417324181819,0.98356146
WNT2,11,8,0.7272727272727273,0.718112457503,0.9646711
XIRP1,11,8,0.7272727272727273,0.7144160662030419,0.92365336
ZC3H13,11,8,0.7272727272727273,0.7593005682454546,0.9426088
ZNF99,11,8,0.7272727272727273,0.7763641758904747,0.98873925
ASXL1,12,8,0.6666666666666666,0.721825666775,0.969020175
BSN,12,8,0.6666666666666666,0.6671880883295435,0.9482140649999999
C9orf131,12,8,0.6666666666666666,0.7332344757481167,0.957738035
CACNA1D,12,8,0.6666666666666666,0.691118773,0.9225198
CD33,12,8,0.6666666666666666,0.7593995808333333,0.96981138
CEMIP2,12,8,0.6666666666666666,0.6508827110079062,0.875832735
CHGB,12,8,0.6666666666666666,0.7151987474946684,0.9167387499999999
COL6A6,12,8,0.6666666666666666,0.6954711192865322,0.902983415
CPS1,12,8,0.6666666666666666,0.7724338958333333,0.93100863
EGF,12,8,0.6666666666666666,0.7098637989166666,0.8442544949999999
FLNB,12,8,0.6666666666666666,0.6785689583092082,0.935460975
FLT4,12,8,0.6666666666666666,0.7211021368,0.8943736499999999
GABRB2,12,8,0.6666666666666666,0.7130856406666667,0.8573608699999999
GFRAL,12,8,0.6666666666666666,0.7080237794166666,0.932458725
KCNQ5,12,8,0.6666666666666666,0.6852226619902821,0.877219025
MDN1,12,8,0.6666666666666666,0.6730719448583334,0.93952115
MYO1D,12,8,0.6666666666666666,0.7018986866666667,0.864665835
NLRP8,12,8,0.6666666666666666,0.7308665666666667,0.972553045
PLCL1,12,8,0.6666666666666666,0.7268264520284659,0.883325175
PTPRD,12,8,0.6666666666666666,0.6411950676683537,0.939904065
SEMA3C,12,8,0.6666666666666666,0.7020751639831707,0.9483976949999999
SLC1A6,12,8,0.6666666666666666,0.7235045172656136,0.97438252
STK31,12,8,0.6666666666666666,0.7774433716666667,0.976976385
TLN1,12,8,0.6666666666666666,0.7584862176666666,0.9377231800000001
AKAP13,13,8,0.6153846153846154,0.67248961,0.9012079
AL592490.1,13,8,0.6153846153846154,0.7367534931538462,0.97767663
CIITA,13,8,0.6153846153846154,0.5953075921026214,0.8303927
COL4A6,13,8,0.6153846153846154,0.5933766743632961,0.9192579
FAM47B,13,8,0.6153846153846154,0.6183461578602223,0.82905465
GLI2,13,8,0.6153846153846154,0.5786811440695262,0.9347777
GON4L,13,8,0.6153846153846154,0.6211308141552865,0.8981675
MYCBP2,13,8,0.6153846153846154,0.6717448733942507,0.93780905
NTSR1,13,8,0.6153846153846154,0.6577760362340221,0.9293701
PCDHA8,13,8,0.6153846153846154,0.6405291026577896,0.97063476
PCDHB5,13,8,0.6153846153846154,0.7162049692116095,0.86905354
PDE4DIP,13,8,0.6153846153846154,0.74519096,0.9643886
STAG2,13,8,0.6153846153846154,0.5739568387800597,0.8872954
TENM4,13,8,0.6153846153846154,0.6887063712072153,0.92877
UGT2B4,13,8,0.6153846153846154,0.6551038983576153,0.86557966
FLNC,14,8,0.5714285714285714,0.6653826573457751,0.930014125
HIVEP1,14,8,0.5714285714285714,0.6373960291828571,0.92199595
MYO1B,14,8,0.5714285714285714,0.6257277992857143,0.87791595
NRXN1,14,8,0.5714285714285714,0.5971944417954609,0.95404461
SCN7A,14,8,0.5714285714285714,0.7032439090170713,0.89868997
SIPA1L2,14,8,0.5714285714285714,0.7260963702142857,0.86163713
SIPA1L3,14,8,0.5714285714285714,0.5619610935535596,0.86457558
SMARCA2,14,8,0.5714285714285714,0.6043847636214286,0.8692895199999999
SSPOP,14,8,0.5714285714285714,0.6227830271231053,0.915775745
TG,14,8,0.5714285714285714,0.6702299825703247,0.9413103
TNC,14,8,0.5714285714285714,0.6127517949187601,0.93794137
TPTE2,14,8,0.5714285714285714,0.5886356201624111,0.807097255
ZNF407,14,8,0.5714285714285714,0.6170496888401723,0.89760618
COL5A1,15,8,0.5333333333333333,0.5629897684333381,0.8523899
KDR,15,8,0.5333333333333333,0.6767580717333334,0.9745574
ANK3,16,8,0.5,0.5585030397896119,0.7477026499999999
BPTF,16,8,0.5,0.5533208096081257,0.63744365
CDH9,16,8,0.5,0.5463075474286252,0.7322001
RBM47,16,8,0.5,0.6119347582551425,0.7516371
SIM1,16,8,0.5,0.6048455683009237,0.72901275
ATP10B,17,8,0.47058823529411764,0.538163627532353,0.7328232
CHD5,17,8,0.47058823529411764,0.5240083205165453,0.5186096
LAMA3,17,8,0.47058823529411764,0.48883770467713783,0.37824938
MUC2,17,8,0.47058823529411764,0.5708443805836816,0.6886247
RP1,17,8,0.47058823529411764,0.5723886493247962,0.5072314
ARFGEF3,18,8,0.4444444444444444,0.5172678485663414,0.5854781250000001
ZNF831,19,8,0.42105263157894735,0.4763478479187895,0.19518544
MYO15A,20,8,0.4,0.4570020474613214,0.3189793
TRPM2,20,8,0.4,0.5136207129245246,0.45744297
PCDHA12,21,8,0.38095238095238093,0.6108220256619047,0.7081764
MROH2B,22,8,0.36363636363636365,0.45572696779628274,0.32983973
CFAP47,24,8,0.3333333333333333,0.3664988906914431,0.0050572201999999995
RB1,28,8,0.2857142857142857,0.28897256581203334,4.6445135e-06
ADAMTS10,7,7,1.0,0.9408361828571429,0.94049335
AKAP11,7,7,1.0,0.9807674628571429,0.9901714
AMPH,7,7,1.0,0.9677307928571428,0.9908208
AXL,7,7,1.0,0.98457056,0.98725706
CLDN4,7,7,1.0,0.9258571828571428,0.93918025
COBLL1,7,7,1.0,0.9716493257142857,0.9757057
COG4,7,7,1.0,0.9642212257142857,0.991351
COL5A2,7,7,1.0,0.9493194842857143,0.9727491
KIAA0753,7,7,1.0,0.9855503914285714,0.9912778
MX2,7,7,1.0,0.8951731185714286,0.89805764
NCAPG2,7,7,1.0,0.9483323,0.9831267
PLCE1,7,7,1.0,0.9528038814285714,0.98465234
PYHIN1,7,7,1.0,0.9762810157142857,0.9906983
SEC31A,7,7,1.0,0.9400076242857143,0.9864232
SLC26A5,7,7,1.0,0.9628357442857143,0.98509777
TTC30A,7,7,1.0,0.9805501257142858,0.9849022
ABCB8,8,7,0.875,0.9395246125,0.988809435
ADAM7,8,7,0.875,0.87923625125,0.92497465
ARSK,8,7,0.875,0.88152097625,0.953015835
C14orf39,8,7,0.875,0.8473516334414875,0.964019
CDH20,8,7,0.875,0.935919215,0.984596195
CDKL5,8,7,0.875,0.8405823687398075,0.9740283249999999
CEP126,8,7,0.875,0.87250063,0.9566670500000001
CTAGE1,8,7,0.875,0.8516970115,0.981601685
DIDO1,8,7,0.875,0.8415910396224375,0.9713034949999999
EYA4,8,7,0.875,0.86473851125,0.9277639200000001
KDM2B,8,7,0.875,0.83482588607125,0.98376305
KIR2DL4,8,7,0.875,0.91081768125,0.9813722
KLHL13,8,7,0.875,0.8327879450000376,0.9680595000000001
LPIN1,8,7,0.875,0.8605901426925,0.985869325
MTUS2,8,7,0.875,0.86615251,0.97792425
OR10H5,8,7,0.875,0.9000128075,0.990468355
OR1S1,8,7,0.875,0.91172284875,0.9784059
OR2T33,8,7,0.875,0.8491670638708204,0.99002375
PROKR2,8,7,0.875,0.87715495125,0.9485812499999999
PSG4,8,7,0.875,0.89214539125,0.98375572
REPS2,8,7,0.875,0.84596841,0.9349802
RPGRIP1L,8,7,0.875,0.86749693,0.8719344
SAGE1,8,7,0.875,0.8381249150000158,0.97124218
SERPINA3,8,7,0.875,0.861162892548195,0.9856595100000001
SLC12A7,8,7,0.875,0.8575004380800095,0.98019297
SLC26A4,8,7,0.875,0.8884657625,0.98820793
SLITRK2,8,7,0.875,0.87513950375,0.979356585
UHRF1BP1L,8,7,0.875,0.90171004375,0.9696500299999999
ZNF780B,8,7,0.875,0.8222354850000001,0.9423376
ABCB1,9,7,0.7777777777777778,0.7397858182144444,0.93908304
AHR,9,7,0.7777777777777778,0.7744170179666666,0.9810978
ASZ1,9,7,0.7777777777777778,0.8327171371111111,0.962088
ATP10D,9,7,0.7777777777777778,0.8492819133333334,0.99001443
C2orf16,9,7,0.7777777777777778,0.7579246143333334,0.95890945
CCDC18,9,7,0.7777777777777778,0.8518530966666666,0.9605149
CUL1,9,7,0.7777777777777778,0.8110707266666667,0.9783
DLC1,9,7,0.7777777777777778,0.8523784166666667,0.9826622
DPP6,9,7,0.7777777777777778,0.7608038077278111,0.9691362
EPHB6,9,7,0.7777777777777778,0.7919209111111111,0.9702059
FBXL13,9,7,0.7777777777777778,0.7657143830078678,0.98558885
ICE1,9,7,0.7777777777777778,0.7517411897343566,0.97379863
ITGB4,9,7,0.7777777777777778,0.7541448852461914,0.9801052
JHY,9,7,0.7777777777777778,0.8940325455555556,0.99108136
LRRC66,9,7,0.7777777777777778,0.7525748761111112,0.9505808
MAP3K4,9,7,0.7777777777777778,0.8937923133333333,0.9746814
MYO6,9,7,0.7777777777777778,0.7622606354506556,0.97530943
NR3C2,9,7,0.7777777777777778,0.8375480710000001,0.9842928
NRDC,9,7,0.7777777777777778,0.83921678,0.8837131
OGDH,9,7,0.7777777777777778,0.8410410811111111,0.98603094
OR2T12,9,7,0.7777777777777778,0.7274594818888889,0.884861
OR2Y1,9,7,0.7777777777777778,0.7578026076888889,0.9820638
OR5AR1,9,7,0.7777777777777778,0.7117614292175213,0.8227783
PCDHGA2,9,7,0.7777777777777778,0.81238156,0.9630432
PEX1,9,7,0.7777777777777778,0.7577335873691377,0.9801344
PHF3,9,7,0.7777777777777778,0.7460676587194077,0.97865844
PIK3CB,9,7,0.7777777777777778,0.9065760855555555,0.97142416
PPEF2,9,7,0.7777777777777778,0.8595175688888889,0.98471224
PRR23B,9,7,0.7777777777777778,0.798839757888889,0.9849103
PRSS35,9,7,0.7777777777777778,0.7435598258888888,0.95060176
SGO2,9,7,0.7777777777777778,0.8462297522222222,0.95637846
SLC9C2,9,7,0.7777777777777778,0.8321051304444445,0.97088933
SMARCA1,9,7,0.7777777777777778,0.7348380444812418,0.94189245
SNRNP200,9,7,0.7777777777777778,0.7899007788888889,0.9655411
TAF2,9,7,0.7777777777777778,0.7429954719734523,0.97123384
TJP3,9,7,0.7777777777777778,0.7674072169411111,0.97877985
UBASH3A,9,7,0.7777777777777778,0.8355268728888888,0.97117865
AFDN,10,7,0.7,0.65182236603482,0.9072533300000001
AXDND1,10,7,0.7,0.7488052693638161,0.95012715
CHL1,10,7,0.7,0.7638110850000001,0.93474075
CNGA4,10,7,0.7,0.7930403204791147,0.95613605
COL15A1,10,7,0.7,0.7542902720078205,0.98076025
DSC1,10,7,0.7,0.76169657895,0.9250598299999999
EMILIN2,10,7,0.7,0.73565001866,0.954850575
ERCC6L,10,7,0.7,0.78212364,0.95070067
ERN2,10,7,0.7,0.73188800210551,0.98194095
FILIP1,10,7,0.7,0.73332599015,0.93130897
HELB,10,7,0.7,0.679433849738,0.984612115
KIAA1549,10,7,0.7,0.7834724739400001,0.9913148700000001
LGSN,10,7,0.7,0.7068306558463,0.9547616
LILRB2,10,7,0.7,0.7204206397967449,0.9141101549999999
MATK,10,7,0.7,0.739948392918417,0.9621242000000001
MED13,10,7,0.7,0.7093100655,0.9814627300000001
MSH6,10,7,0.7,0.76904982577,0.87733179
MYO9A,10,7,0.7,0.7102071212450001,0.827275905
NEK10,10,7,0.7,0.689806069116,0.891860675
NOTCH3,10,7,0.7,0.71185362808,0.917099925
PCDHA9,10,7,0.7,0.7315709291475,0.9352629450000001
PCDHB6,10,7,0.7,0.751612144,0.947026325
PCDHGA8,10,7,0.7,0.739501177,0.9493081
PLCB1,10,7,0.7,0.712968522866,0.9838302999999999
PPP1R9A,10,7,0.7,0.7734791791107042,0.9887631800000001
PTPRC,10,7,0.7,0.7550783061999999,0.97464437
RBMS3,10,7,0.7,0.842454758,0.971788365
TBC1D32,10,7,0.7,0.763788498,0.94585445
TMEM132B,10,7,0.7,0.677926341695,0.934030935
TRIML1,10,7,0.7,0.761325126545,0.9386147
UPF1,10,7,0.7,0.739628884212683,0.9612541699999999
ZNF229,10,7,0.7,0.7889678659999999,0.98732262
ACE,11,7,0.6363636363636364,0.6830288476833922,0.9204571
ATP11A,11,7,0.6363636363636364,0.6292422161109091,0.8640288
CFAP54,11,7,0.6363636363636364,0.6610232189931607,0.97494656
FHDC1,11,7,0.6363636363636364,0.640464298341895,0.815617
FLT3,11,7,0.6363636363636364,0.6626120132727272,0.88447875
KIAA1217,11,7,0.6363636363636364,0.7279798028059582,0.96686167
KIF1B,11,7,0.6363636363636364,0.6701590159467442,0.98070717
MAP3K19,11,7,0.6363636363636364,0.6209965052272728,0.88514805
MGAM,11,7,0.6363636363636364,0.6445645917661863,0.98768413
NPHS1,11,7,0.6363636363636364,0.7031816671579972,0.98141277
OR5D18,11,7,0.6363636363636364,0.6718473785134754,0.95392865
PCDHB13,11,7,0.6363636363636364,0.7760373218181819,0.9775059
PCNX1,11,7,0.6363636363636364,0.6757628533973531,0.9394522
PIK3C2G,11,7,0.6363636363636364,0.6508635191573263,0.913874
PTCH1,11,7,0.6363636363636364,0.6009274599272584,0.90261483
RASGRF2,11,7,0.6363636363636364,0.7431738490909091,0.95444244
ROS1,11,7,0.6363636363636364,0.6719856397520773,0.89182526
SRCAP,11,7,0.6363636363636364,0.6651693891767599,0.9116052
TENM2,11,7,0.6363636363636364,0.7413771987662966,0.91924953
TRPM8,11,7,0.6363636363636364,0.7217518376363636,0.9184498
TULP4,11,7,0.6363636363636364,0.7491853321713345,0.9655718
ZNF521,11,7,0.6363636363636364,0.84970788,0.98430634
ZNF676,11,7,0.6363636363636364,0.810999038961991,0.96785563
ZNF98,11,7,0.6363636363636364,0.6844990148544935,0.97726303
ATP6V0A4,12,7,0.5833333333333334,0.6529642087499999,0.94603792
BAZ2B,12,7,0.5833333333333334,0.6060748685698941,0.895968375
LYST,12,7,0.5833333333333334,0.6031045014561667,0.90950275
MUC4,12,7,0.5833333333333334,0.6408902742218336,0.8369635950000001
NDST4,12,7,0.5833333333333334,0.7165537456546175,0.957216115
NUP210L,12,7,0.5833333333333334,0.7157062132083333,0.81030155
OLFML2B,12,7,0.5833333333333334,0.6458147016730645,0.913930915
PAN3,12,7,0.5833333333333334,0.677774012,0.8360208250000001
PKD1L2,12,7,0.5833333333333334,0.6061742782335383,0.960548075
PTPRB,12,7,0.5833333333333334,0.7067378170933334,0.9449164649999999
PUM1,12,7,0.5833333333333334,0.6977445022283333,0.8398931000000001
SCAF11,12,7,0.5833333333333334,0.6938788433270834,0.9433043
SETBP1,12,7,0.5833333333333334,0.6486087121086351,0.84591688
SPOCD1,12,7,0.5833333333333334,0.6478887103403882,0.8688777
VPS13A,12,7,0.5833333333333334,0.628459212714495,0.939784585
XDH,12,7,0.5833333333333334,0.63746292747625,0.9518387049999999
ZFHX4,12,7,0.5833333333333334,0.7485694700000001,0.8409345500000001
ZNF28,12,7,0.5833333333333334,0.6491595987351803,0.9144410000000001
ATP4A,13,7,0.5384615384615384,0.5761115290447585,0.8611524
CACNA1E,13,7,0.5384615384615384,0.6165408920324615,0.9639338
COL11A2,13,7,0.5384615384615384,0.5825907558788027,0.8116126
COL27A1,13,7,0.5384615384615384,0.6118454652665688,0.8976879
CREBBP,13,7,0.5384615384615384,0.5702800216876209,0.8280773
FAM83B,13,7,0.5384615384615384,0.6476734095428321,0.92690325
IGF2BP1,13,7,0.5384615384615384,0.5436636238599394,0.7946248
KIAA2026,13,7,0.5384615384615384,0.5259865963293577,0.791813
PCDHGB4,13,7,0.5384615384615384,0.6653037274292307,0.94834507
POLA1,13,7,0.5384615384615384,0.5713950838726661,0.8504873
PRSS16,13,7,0.5384615384615384,0.6524382896296615,0.95536
PTPRH,13,7,0.5384615384615384,0.536682000920512,0.93662715
REV3L,13,7,0.5384615384615384,0.5849473563054615,0.82905513
SYNPO2,13,7,0.5384615384615384,0.650702722923077,0.84458464
DICER1,14,7,0.5,0.4851361366208772,0.50733932
MYOF,14,7,0.5,0.6066301674938875,0.6728007199999999
PLEKHG4B,14,7,0.5,0.5145150802247336,0.535215175
PTPRS,14,7,0.5,0.5681789249988786,0.712553735
SEMG1,14,7,0.5,0.5744114121660328,0.724126365
TRAPPC8,14,7,0.5,0.6220952100001961,0.716393235
UHRF1BP1,14,7,0.5,0.6171220673702559,0.70571947
ADGRG4,15,7,0.4666666666666667,0.6122980611333334,0.6906655
FAT3,15,7,0.4666666666666667,0.5594181427330167,0.40142077
MYH3,15,7,0.4666666666666667,0.5366568871919214,0.6889013
NUP205,15,7,0.4666666666666667,0.6565674559693334,0.74253535
PALM2AKAP2,15,7,0.4666666666666667,0.5268642819470439,0.49387702
PRKDC,15,7,0.4666666666666667,0.5703970456938274,0.6597469
COL22A1,16,7,0.4375,0.49564994176754934,0.378858415
CUX2,16,7,0.4375,0.4392365370582003,0.1048678349
PCDHA3,16,7,0.4375,0.5629032499752491,0.59645296
DPP10,17,7,0.4117647058823529,0.5518411420159195,0.6882225
LRRK1,18,7,0.3888888888888889,0.42525728521515627,0.230236675
MYO10,18,7,0.3888888888888889,0.4526373600817999,0.357567175
CSMD1,19,7,0.3684210526315789,0.4072306049684986,0.019221032
ADAMTS12,20,7,0.35,0.588608708232,0.623533465
SPAG17,20,7,0.35,0.56131497,0.50585815
ALX1,6,6,1.0,0.9431310933333333,0.96447733
ATP7A,6,6,1.0,0.9037425566666667,0.94305798
CYP2B6,6,6,1.0,0.9593311999999999,0.969475835
DMXL1,6,6,1.0,0.9376184833333333,0.9566937
E2F7,6,6,1.0,0.9561938483333333,0.9767821
EZH2,6,6,1.0,0.9869233199999999,0.989801065
FBXO31,6,6,1.0,0.9888581100000001,0.99132603
FLACC1,6,6,1.0,0.9739546383333333,0.975681015
GAPVD1,6,6,1.0,0.9241295049999999,0.981520065
GPRC6A,6,6,1.0,0.9872583516666666,0.9908339749999999
GUCY2C,6,6,1.0,0.9442201833333334,0.9697739999999999
MC4R,6,6,1.0,0.9497174033333332,0.9840554
MPEG1,6,6,1.0,0.925565465,0.97758097
NFAT5,6,6,1.0,0.9714005066666668,0.98969997
OAS2,6,6,1.0,0.9668417216666666,0.97369925
OR2M2,6,6,1.0,0.9668266833333333,0.969666135
OR4K15,6,6,1.0,0.9605880516666666,0.96925733
OR9G1,6,6,1.0,0.9899072583333334,0.99106408
PCDHB4,6,6,1.0,0.9751321033333333,0.985573645
PDE7A,6,6,1.0,0.9635154866666666,0.96799362
PIP4K2C,6,6,1.0,0.8835021883333334,0.879828245
PKN2,6,6,1.0,0.9344018066666666,0.9542536699999999
PRSS58,6,6,1.0,0.9914231166666667,0.9914422
RBM14,6,6,1.0,0.9574859383333333,0.9661974
RSPH10B,6,6,1.0,0.9793868483333333,0.983814265
SERPINB12,6,6,1.0,0.9488252500000001,0.9801078249999999
SMCR8,6,6,1.0,0.98535703,0.984532
SPINK5,6,6,1.0,0.9642106833333334,0.9677999749999999
STAG1,6,6,1.0,0.9542010183333334,0.9656128150000001
TFPI2,6,6,1.0,0.978915745,0.98026768
TMEM106B,6,6,1.0,0.9569732599999999,0.9828329250000001
TMEM131,6,6,1.0,0.901158875,0.939942955
TRIML2,6,6,1.0,0.933504165,0.95269675
TRIP11,6,6,1.0,0.9386474166666666,0.941834625
VWA3B,6,6,1.0,0.9316885266666667,0.93036407
ZBTB38,6,6,1.0,0.9674083283333333,0.986201
ZNF264,6,6,1.0,0.9902442183333333,0.9911177250000001
ZNF426,6,6,1.0,0.9298479966666666,0.96918178
ZNF470,6,6,1.0,0.9689247249999999,0.99042037
ACVRL1,7,6,0.8571428571428571,0.8632044185714286,0.9792052
AGAP3,7,6,0.8571428571428571,0.8199570420894285,0.9546822
AMY2B,7,6,0.8571428571428571,0.8783039557142857,0.91595256
ARHGAP25,7,6,0.8571428571428571,0.8391594104355686,0.98197687
C12orf40,7,6,0.8571428571428571,0.925581377142857,0.9801609
CACNA1A,7,6,0.8571428571428571,0.82475232,0.96337765
CASK,7,6,0.8571428571428571,0.8014437000000808,0.9396894
CDH4,7,6,0.8571428571428571,0.7673681142857143,0.8544587
CDH7,7,6,0.8571428571428571,0.8877251057142858,0.8963812
CHRM2,7,6,0.8571428571428571,0.8891272471428572,0.93423396
DCAF8L1,7,6,0.8571428571428571,0.786886735757143,0.86291057
DLG5,7,6,0.8571428571428571,0.8270833728571428,0.98505557
DNAJC13,7,6,0.8571428571428571,0.7953974911228572,0.9699602
DRD1,7,6,0.8571428571428571,0.8854099342857144,0.9648767
ECM2,7,6,0.8571428571428571,0.8313549315894286,0.9898342
ENDOD1,7,6,0.8571428571428571,0.8141809086975629,0.93077195
EPHB4,7,6,0.8571428571428571,0.9000347914285715,0.9784524
FAM71B,7,6,0.8571428571428571,0.91428785,0.9542906
FAM81B,7,6,0.8571428571428571,0.8555444157142856,0.9723493
FBXL5,7,6,0.8571428571428571,0.8130801830000001,0.92322636
FSTL4,7,6,0.8571428571428571,0.7926491823446715,0.91160345
GFPT1,7,6,0.8571428571428571,0.8102296651428571,0.96994543
GHRHR,7,6,0.8571428571428571,0.8294685628571429,0.86696917
GNAT3,7,6,0.8571428571428571,0.8354395991242857,0.9795141
GPATCH8,7,6,0.8571428571428571,0.7979362895142857,0.956592
IL17RD,7,6,0.8571428571428571,0.8409804542857142,0.92505103
IL1RAPL1,7,6,0.8571428571428571,0.8171042530042857,0.9442442
IL21R,7,6,0.8571428571428571,0.8797390785714285,0.98643214
IPO5,7,6,0.8571428571428571,0.8377608241828572,0.9754945
ITPRID1,7,6,0.8571428571428571,0.8626814571428572,0.9766872
KANK1,7,6,0.8571428571428571,0.8352540628571428,0.98895276
KIAA1755,7,6,0.8571428571428571,0.8745640271428571,0.9701202
LIPG,7,6,0.8571428571428571,0.9266651942857144,0.9901119
MPP7,7,6,0.8571428571428571,0.9093288571428572,0.980803
OR11G2,7,6,0.8571428571428571,0.8356201596885714,0.9745798
OR2T4,7,6,0.8571428571428571,0.81197621,0.959267
PLEKHG1,7,6,0.8571428571428571,0.8525584557142858,0.9773794
PRAG1,7,6,0.8571428571428571,0.8418650157142856,0.96311826
PTPRA,7,6,0.8571428571428571,0.8226761805,0.9879089
RLF,7,6,0.8571428571428571,0.8160160179679999,0.97846395
SIN3B,7,6,0.8571428571428571,0.9430039242857143,0.977416
SLC6A15,7,6,0.8571428571428571,0.8949916442857143,0.99082595
SLC6A6,7,6,0.8571428571428571,0.9360148914285714,0.97584176
SMURF1,7,6,0.8571428571428571,0.8399856628571428,0.98864645
ST14,7,6,0.8571428571428571,0.8110341691428572,0.9338295
SVOPL,7,6,0.8571428571428571,0.8434560414285714,0.9812407
SYNRG,7,6,0.8571428571428571,0.8572416857142857,0.97276425
TBC1D2,7,6,0.8571428571428571,0.7841770750714286,0.8646126
THEMIS,7,6,0.8571428571428571,0.8755666257142857,0.9535616
TRIM22,7,6,0.8571428571428571,0.8464759771428572,0.9613275
YY1AP1,7,6,0.8571428571428571,0.8781878357142857,0.9115458
ZNF75D,7,6,0.8571428571428571,0.8375295571429496,0.9874255
ZNF91,7,6,0.8571428571428571,0.9207666314285714,0.97673583
ABCC1,8,6,0.75,0.795730368125,0.971417975
ABCG4,8,6,0.75,0.7380843679125,0.960543435
ABLIM3,8,6,0.75,0.898206555,0.9759749799999999
ADAMTS19,8,6,0.75,0.80830755,0.980618175
ADGRE1,8,6,0.75,0.741267425977,0.9860083
BACH1,8,6,0.75,0.737905031425,0.96528015
BOC,8,6,0.75,0.753685835,0.989335685
C12orf50,8,6,0.75,0.8386450675,0.93345865
CACNA2D3,8,6,0.75,0.8173853662968346,0.975799825
CADPS,8,6,0.75,0.75763871625,0.9628526
CAMSAP2,8,6,0.75,0.70515749329125,0.9035518499999999
CFAP20DC,8,6,0.75,0.7652821356626125,0.95413115
CHD3,8,6,0.75,0.7131636827515188,0.98529658
CHD6,8,6,0.75,0.7787499975,0.973342715
CLEC1A,8,6,0.75,0.644316469875,0.78486967
COL3A1,8,6,0.75,0.711483616553549,0.96518422
DAPK1,8,6,0.75,0.7459634337798,0.98678167
DDR2,8,6,0.75,0.79640215094125,0.9827183349999999
DDX11,8,6,0.75,0.84795399,0.97194035
DLEC1,8,6,0.75,0.78807254875,0.94119482
DNAI3,8,6,0.75,0.8150531437499999,0.96791172
DSEL,8,6,0.75,0.77213584375,0.9271401
EPG5,8,6,0.75,0.8231468250425,0.971033415
EPHA1,8,6,0.75,0.741821303625,0.9745901699999999
FAM135B,8,6,0.75,0.84611927625,0.96041533
FCRL3,8,6,0.75,0.82985034375,0.900425375
FSCB,8,6,0.75,0.7699141845,0.96610808
GAK,8,6,0.75,0.823698835625,0.956763475
GALNT8,8,6,0.75,0.720655133125,0.869941965
GRIA1,8,6,0.75,0.7793712825,0.94895438
GRIPAP1,8,6,0.75,0.7093835503106842,0.94740382
GUCY2D,8,6,0.75,0.6958934668842375,0.91908307
HYOU1,8,6,0.75,0.7454878630058649,0.9835727
IFI16,8,6,0.75,0.784850407875,0.9212246500000001
IGSF3,8,6,0.75,0.7690803423875,0.987410425
IL12RB2,8,6,0.75,0.7579823575,0.93700675
ITGA9,8,6,0.75,0.809013438175,0.97311825
KCTD16,8,6,0.75,0.81963102775,0.9706261650000001
KDM5A,8,6,0.75,0.827834875,0.96851955
KIAA0319,8,6,0.75,0.7204441486425,0.9472480299999999
LAMA5,8,6,0.75,0.87691213125,0.986548675
LILRB4,8,6,0.75,0.7837468689443684,0.9870315249999999
LUM,8,6,0.75,0.8068340875,0.91380375
MADD,8,6,0.75,0.75433636225,0.952737475
MFHAS1,8,6,0.75,0.79370068875,0.99135476
MGA,8,6,0.75,0.7699410797492734,0.860733325
NPC1L1,8,6,0.75,0.8149836475000001,0.94462773
OR4X2,8,6,0.75,0.732233460625,0.85352862
PCDHAC1,8,6,0.75,0.75163076125,0.9886174999999999
PDZD2,8,6,0.75,0.838348375,0.9741262500000001
POTEF,8,6,0.75,0.6948890331264302,0.8943552699999999
PPP1R26,8,6,0.75,0.7247785543787499,0.97129272
PRKG2,8,6,0.75,0.7012616269763338,0.9058355499999999
PTPRO,8,6,0.75,0.79456012125,0.945965825
ROCK1,8,6,0.75,0.84647361375,0.979392425
SEMA3E,8,6,0.75,0.7559096514683751,0.907524725
SERPINB4,8,6,0.75,0.8961124075,0.99047062
SHROOM4,8,6,0.75,0.721496529295,0.96792368
SLC12A2,8,6,0.75,0.6988163623875,0.90147993
SLC44A5,8,6,0.75,0.75716363825,0.9698796000000001
SLC4A5,8,6,0.75,0.7334942895475,0.9714957
ST3GAL6,8,6,0.75,0.854939815,0.971466385
STAG3,8,6,0.75,0.80593211,0.984499885
SYCP2,8,6,0.75,0.728215209906775,0.97708985
TDRD9,8,6,0.75,0.7298805788885712,0.935789965
TERT,8,6,0.75,0.7236814898825,0.980746035
THOC2,8,6,0.75,0.7549261762500544,0.943680665
TIAM1,8,6,0.75,0.82097366875,0.978774075
TNFSF14,8,6,0.75,0.78256712459,0.8863738999999999
TRPC6,8,6,0.75,0.73732021213,0.88174745
TTC37,8,6,0.75,0.8764303925,0.9799558500000001
USP29,8,6,0.75,0.80496492375,0.963391385
WDR91,8,6,0.75,0.7208057710784918,0.9417524349999999
ZFYVE9,8,6,0.75,0.737987860949625,0.978608695
ZNF536,8,6,0.75,0.7098207049722249,0.938446565
ZNF81,8,6,0.75,0.6935283715831078,0.931778675
ZNF816,8,6,0.75,0.75649848325,0.96925465
ABCC11,9,6,0.6666666666666666,0.6928669281666666,0.98544633
ADGRL2,9,6,0.6666666666666666,0.7316395534,0.988708
AL121899.2,9,6,0.6666666666666666,0.7344706943612643,0.9880261
ATP10A,9,6,0.6666666666666666,0.6796952129777778,0.8349415
BIVM-ERCC5,9,6,0.6666666666666666,0.7499268196444445,0.84632206
BOD1L1,9,6,0.6666666666666666,0.7414347288888888,0.984798
BRWD1,9,6,0.6666666666666666,0.7013417837333333,0.9912985
CEP112,9,6,0.6666666666666666,0.7822845966666666,0.9811751
CNOT1,9,6,0.6666666666666666,0.7670895311333333,0.8957981
COL1A1,9,6,0.6666666666666666,0.6694153918783333,0.8573244
CORIN,9,6,0.6666666666666666,0.7259638922222222,0.97570723
CP,9,6,0.6666666666666666,0.7028313833333333,0.9826492
CYP4F11,9,6,0.6666666666666666,0.6798965588888889,0.9402573
DOP1A,9,6,0.6666666666666666,0.8326336188888889,0.96352184
EPS8,9,6,0.6666666666666666,0.7684265399555555,0.8649765
FMN1,9,6,0.6666666666666666,0.6620469320777778,0.9574623
FN1,9,6,0.6666666666666666,0.6932709538934094,0.97996694
FSTL5,9,6,0.6666666666666666,0.7418612204577778,0.9671746
GABRB3,9,6,0.6666666666666666,0.7181518237777778,0.9300707
IGF2R,9,6,0.6666666666666666,0.7926193513843178,0.968134
ITIH1,9,6,0.6666666666666666,0.7580278066002778,0.904563
KIR3DL3,9,6,0.6666666666666666,0.7350085022222221,0.93140835
LGR5,9,6,0.6666666666666666,0.7373430548888888,0.94782186
LRRK2,9,6,0.6666666666666666,0.7815909654291889,0.98916966
LTN1,9,6,0.6666666666666666,0.7133629364888888,0.9603283
MAGI2,9,6,0.6666666666666666,0.6990686297222222,0.958727
MET,9,6,0.6666666666666666,0.7938554788888889,0.9649755
NOTCH4,9,6,0.6666666666666666,0.7153355231633333,0.94727147
NUP153,9,6,0.6666666666666666,0.6768521149711288,0.95248234
OR2T6,9,6,0.6666666666666666,0.8388984822222222,0.9024617
OTOF,9,6,0.6666666666666666,0.6437621838699211,0.9427034
PCDHA5,9,6,0.6666666666666666,0.7867696116666667,0.87330174
PCDHGA6,9,6,0.6666666666666666,0.7196337793605552,0.99082667
PDE4D,9,6,0.6666666666666666,0.7103360703232222,0.98025584
PDHA2,9,6,0.6666666666666666,0.6767815563339444,0.9115888
RAB11FIP1,9,6,0.6666666666666666,0.6849923709408334,0.9379364
REST,9,6,0.6666666666666666,0.66646801822604,0.9475068
SLC5A11,9,6,0.6666666666666666,0.8037925611111111,0.91671985
SLITRK4,9,6,0.6666666666666666,0.662275835209677,0.8896537
SMARCA4,9,6,0.6666666666666666,0.7331943416744444,0.90846777
SMG8,9,6,0.6666666666666666,0.6997985579555556,0.98125535
SOS2,9,6,0.6666666666666666,0.6296295166022223,0.90598446
TEP1,9,6,0.6666666666666666,0.6460702112926167,0.9567692
TMEM200A,9,6,0.6666666666666666,0.67949703160546,0.8702197
TNFRSF8,9,6,0.6666666666666666,0.6447337220748889,0.8928847
TRPS1,9,6,0.6666666666666666,0.7104415971755556,0.97903925
TUT1,9,6,0.6666666666666666,0.7594977442888889,0.87709093
WASHC4,9,6,0.6666666666666666,0.700623958888889,0.97856975
ZNF236,9,6,0.6666666666666666,0.7237336115555555,0.85386
ADAMTS18,10,6,0.6,0.804016778,0.984195975
ANKHD1-EIF4EBP3,10,6,0.6,0.7050918176559,0.9030636249999999
ANO5,10,6,0.6,0.730167361756385,0.987885275
APC,10,6,0.6,0.5864735715088,0.927783635
ARHGAP30,10,6,0.6,0.685656037,0.80710788
CATSPERD,10,6,0.6,0.6086057023715901,0.90430522
CCDC105,10,6,0.6,0.6186241434339017,0.858737315
CNTN4,10,6,0.6,0.654547181335416,0.806126725
CPA4,10,6,0.6,0.69671932604,0.8761507500000001
FRMD7,10,6,0.6,0.5845668914340104,0.953903715
GRM1,10,6,0.6,0.7527742114,0.9147355
HECW2,10,6,0.6,0.642858756965,0.925224335
HIVEP2,10,6,0.6,0.646984905894,0.882316985
IGSF10,10,6,0.6,0.7379298089999999,0.82980857
KIF17,10,6,0.6,0.67817111561,0.83060205
LAMC1,10,6,0.6,0.6117580388399999,0.96594658
LRP6,10,6,0.6,0.6291721596700001,0.85384525
LRRC7,10,6,0.6,0.7099395510431,0.9254990649999999
MDC1,10,6,0.6,0.623452498142,0.91233225
MYO3B,10,6,0.6,0.70518401495,0.86423535
NSD3,10,6,0.6,0.6705045820000001,0.974254025
PCDHA7,10,6,0.6,0.6280497229267199,0.9438430250000001
PCDHB3,10,6,0.6,0.6173374359184098,0.917290215
PCDHGA1,10,6,0.6,0.6693397119680691,0.9035503
PLCXD3,10,6,0.6,0.6030322605,0.8796742550000001
PRDM15,10,6,0.6,0.632698748106,0.8706499750000001
SCN3A,10,6,0.6,0.6457685305,0.8882703750000001
SMC1A,10,6,0.6,0.5713326745507497,0.90553175
SMG1,10,6,0.6,0.644610893877,0.9696096249999999
SYNJ2,10,6,0.6,0.5865779103413911,0.9503499
TFAP2D,10,6,0.6,0.750978865,0.85212518
THSD7A,10,6,0.6,0.7244011494,0.9623165499999999
TMPRSS15,10,6,0.6,0.6806963192157403,0.97991798
TNN,10,6,0.6,0.6361063511611561,0.8754321899999999
TRANK1,10,6,0.6,0.580522126071394,0.867291375
TUBA3C,10,6,0.6,0.6459391656376292,0.91093667
USF3,10,6,0.6,0.648911577085847,0.9704813999999999
ZFC3H1,10,6,0.6,0.6971751159,0.846959445
ZNF808,10,6,0.6,0.797972204,0.784347205
ZNF836,10,6,0.6,0.7304564732400001,0.9747852850000001
ABCB11,11,6,0.5454545454545454,0.5285858685300456,0.77769244
ARFGEF1,11,6,0.5454545454545454,0.5993487230054545,0.9284633
ATP2B3,11,6,0.5454545454545454,0.5612565753616026,0.87479174
ATP8B1,11,6,0.5454545454545454,0.6431399629091293,0.8838256
BMP5,11,6,0.5454545454545454,0.6777217143393364,0.8259832
CACNA1F,11,6,0.5454545454545454,0.5561753831092863,0.804408
CELSR3,11,6,0.5454545454545454,0.5683366590144973,0.92935383
DRD5,11,6,0.5454545454545454,0.6289524647318182,0.8026574
DYSF,11,6,0.5454545454545454,0.6113118047933809,0.884118
ENTHD1,11,6,0.5454545454545454,0.7167664207845454,0.9026182
ERBB2,11,6,0.5454545454545454,0.6428041980898037,0.9438412
FGA,11,6,0.5454545454545454,0.6468831409090909,0.79298306
GLI1,11,6,0.5454545454545454,0.6030278224813637,0.9675193
HDAC9,11,6,0.5454545454545454,0.6477255359575222,0.97890216
IGF1R,11,6,0.5454545454545454,0.5629161813268354,0.91376406
INTS6L,11,6,0.5454545454545454,0.6485719853715728,0.97182196
ITPR1,11,6,0.5454545454545454,0.60160688601604,0.90093505
KIDINS220,11,6,0.5454545454545454,0.6415206981106364,0.8222131
MDGA2,11,6,0.5454545454545454,0.5739734345072102,0.8835247
NOTCH2,11,6,0.5454545454545454,0.6062200013464705,0.96434504
PCDH7,11,6,0.5454545454545454,0.6734499050909091,0.91158694
PCDHGB3,11,6,0.5454545454545454,0.5976163964427272,0.7501837
PCSK2,11,6,0.5454545454545454,0.6285335445454545,0.8923247
PKDREJ,11,6,0.5454545454545454,0.6768533981822137,0.925349
PRPF8,11,6,0.5454545454545454,0.6414620544272727,0.8995118
SENP7,11,6,0.5454545454545454,0.6588900574313297,0.86379796
SON,11,6,0.5454545454545454,0.6535117541365473,0.92693156
STAB2,11,6,0.5454545454545454,0.6485722357818182,0.77119476
UBR4,11,6,0.5454545454545454,0.6925641929514748,0.8935139
UGT2A3,11,6,0.5454545454545454,0.631512347,0.8913969
UGT2B28,11,6,0.5454545454545454,0.6593935655116118,0.88184464
USP34,11,6,0.5454545454545454,0.5667494512913712,0.8273035
ZFYVE26,11,6,0.5454545454545454,0.5702547587143695,0.776406
ZNF804A,11,6,0.5454545454545454,0.5379950902614363,0.81355184
ABCA9,12,6,0.5,0.6914607520833332,0.7619792750000001
ABCC8,12,6,0.5,0.647818265862529,0.811477525
ADGRD1,12,6,0.5,0.5866956227254166,0.826680095
AHCTF1,12,6,0.5,0.6226474743205399,0.69034258
ALPK3,12,6,0.5,0.6080422788286572,0.80672805
DOCK3,12,6,0.5,0.5558732676675,0.78109335
FAM47A,12,6,0.5,0.5326950208360696,0.6453653500000001
GABRA1,12,6,0.5,0.6199679730426101,0.69867298
ITSN1,12,6,0.5,0.5941057521160108,0.7641365849999999
KIF20B,12,6,0.5,0.6053172058788333,0.6798253949999999
KMT2D,12,6,0.5,0.5886775797988056,0.76601065
LRIG3,12,6,0.5,0.6709054408333334,0.774413635
MYH4,12,6,0.5,0.56693127258375,0.648374725
NBAS,12,6,0.5,0.5749581968243583,0.7834205
NCOR1,12,6,0.5,0.6483368578333334,0.7498948
NRK,12,6,0.5,0.5448138816715088,0.81466412
PRUNE2,12,6,0.5,0.5910280243947419,0.854390285
SLC4A1,12,6,0.5,0.5967133616140999,0.76131719
SV2C,12,6,0.5,0.5795470822166667,0.68118262
SZT2,12,6,0.5,0.5016471974683775,0.544719925
ACACA,13,6,0.46153846153846156,0.5339155148275553,0.6257394
ADAMTS9,13,6,0.46153846153846156,0.5513517765673847,0.5833487
CELSR1,13,6,0.46153846153846156,0.5152874319582841,0.60272866
DMXL2,13,6,0.46153846153846156,0.5786543397836461,0.5074053
DOCK7,13,6,0.46153846153846156,0.5652949739012307,0.70043343
GRM4,13,6,0.46153846153846156,0.51430998198271,0.65364456
KCNU1,13,6,0.46153846153846156,0.44357272302027756,0.00800619
MAGEB6,13,6,0.46153846153846156,0.4643871238625121,0.52588165
NOD1,13,6,0.46153846153846156,0.6769005938461539,0.60397375
PCDHA4,13,6,0.46153846153846156,0.5251448376635619,0.5072351
TLL2,13,6,0.46153846153846156,0.6010190282495732,0.69440854
TLR6,13,6,0.46153846153846156,0.6195178044130769,0.6969339
TPO,13,6,0.46153846153846156,0.45805301728037,0.53886294
ABCA4,14,6,0.42857142857142855,0.5766903674619194,0.6211730550000001
COL4A2,14,6,0.42857142857142855,0.4645109641207263,0.351392435
MAGEC1,14,6,0.42857142857142855,0.5216898354900101,0.56332192
MRC1,14,6,0.42857142857142855,0.4780513579708507,0.46531625
MYLK,14,6,0.42857142857142855,0.5420485927191885,0.46911627
PTPRF,14,6,0.42857142857142855,0.5259577010166371,0.694115935
UMODL1,14,6,0.42857142857142855,0.5253316805076056,0.444901675
LRRIQ1,15,6,0.4,0.5028671841682241,0.591243
OTOA,15,6,0.4,0.5679252947108133,0.52300996
SYT16,15,6,0.4,0.44613045931383266,0.37816697
TRHDE,15,6,0.4,0.46647464413084333,0.37099907
ANO2,16,6,0.375,0.525187528228886,0.494548635
PCDH11X,16,6,0.375,0.3940646259357483,0.08435091315
EPHB1,17,6,0.35294117647058826,0.597433332264706,0.6324939
NPAP1,17,6,0.35294117647058826,0.4819277829475959,0.4396618
FRYL,18,6,0.3333333333333333,0.5187060224858056,0.49703822
ITGAM,20,6,0.3,0.4293532926660625,0.30870809
PLEC,21,6,0.2857142857142857,0.2973506317845981,0.014636163
RIMBP2,22,6,0.2727272727272727,0.34182386899855866,0.108516825
AADACL2,5,5,1.0,0.9103204139999999,0.91959125
ABCA10,5,5,1.0,0.9710148399999999,0.9900124
AC073310.1,5,5,1.0,0.9773333579999999,0.98901284
ACP7,5,5,1.0,0.9703204599999999,0.9618998
ADGRA3,5,5,1.0,0.96636477,0.98172516
ANKRD55,5,5,1.0,0.923920352,0.9871804
ATP6V1C2,5,5,1.0,0.921210076,0.93318367
AZGP1,5,5,1.0,0.990308612,0.99137044
BCAS1,5,5,1.0,0.895298314,0.9301501
CAST,5,5,1.0,0.938525122,0.9751477
CCNT2,5,5,1.0,0.9497107679999999,0.97692674
CLDN25,5,5,1.0,0.943233116,0.95797133
CPVL,5,5,1.0,0.931278932,0.96488255
DDC,5,5,1.0,0.987912908,0.9910793
DDI1,5,5,1.0,0.982791468,0.99139386
DES,5,5,1.0,0.916074624,0.94593483
DLGAP4,5,5,1.0,0.942748466,0.9902782
DMP1,5,5,1.0,0.969890328,0.9894218
EEF2,5,5,1.0,0.9851834979999999,0.9913464
EVA1A,5,5,1.0,0.927411706,0.97196996
FAP,5,5,1.0,0.9458590219999999,0.9810847
FMO3,5,5,1.0,0.9848084939999999,0.991486
FUT5,5,5,1.0,0.96745981,0.98371917
FUT6,5,5,1.0,0.9912694280000001,0.99132067
GCM1,5,5,1.0,0.9500901159999999,0.95981824
GPR37,5,5,1.0,0.9840181859999999,0.99132663
HEMGN,5,5,1.0,0.9582622219999999,0.97647506
HOXA6,5,5,1.0,0.9578578739999999,0.9805058
HTT,5,5,1.0,0.988603196,0.9913293
IKZF3,5,5,1.0,0.951466074,0.96382713
IL36A,5,5,1.0,0.9204411419999999,0.95954716
INHBA,5,5,1.0,0.984278086,0.99113256
IPO11,5,5,1.0,0.97740408,0.9885252
KARS1,5,5,1.0,0.9886487299999999,0.98918986
KCNK10,5,5,1.0,0.89168711,0.84617835
KCNN2,5,5,1.0,0.98868441,0.9912845
KCNS2,5,5,1.0,0.984428816,0.98633933
MMP3,5,5,1.0,0.962907282,0.9873367
MMUT,5,5,1.0,0.98138279,0.98530537
MORF4L2,5,5,1.0,0.9249502140000001,0.9623224
NCOA1,5,5,1.0,0.948671998,0.9744995
NCOA2,5,5,1.0,0.96103772,0.9899368
NOM1,5,5,1.0,0.916441228,0.9690512
NSUN7,5,5,1.0,0.958404542,0.98716974
OCIAD1,5,5,1.0,0.9315636899999999,0.9890732
OR2A12,5,5,1.0,0.956614278,0.9866567
OR2A25,5,5,1.0,0.9780209880000001,0.9913298
OR4L1,5,5,1.0,0.9436905879999999,0.95734334
OR4M1,5,5,1.0,0.942566172,0.9448137
OR7A10,5,5,1.0,0.985732988,0.9901404
OR8H2,5,5,1.0,0.9266103859999999,0.9280374
PDLIM5,5,5,1.0,0.9174875200000001,0.9758497
PDXDC1,5,5,1.0,0.9466772999999999,0.97241396
PIGO,5,5,1.0,0.929625894,0.97877103
PIWIL2,5,5,1.0,0.9340118799999999,0.96656
PSG1,5,5,1.0,0.9300825859999999,0.96869016
PTPRN,5,5,1.0,0.901735212,0.93153834
RIOX2,5,5,1.0,0.967885648,0.9784647
RTN1,5,5,1.0,0.967988152,0.9911601
SAMD12,5,5,1.0,0.8819038859999999,0.85225016
SERPINB5,5,5,1.0,0.941114054,0.98888236
SESN3,5,5,1.0,0.962285582,0.98602146
SGMS2,5,5,1.0,0.9642581459999999,0.99080163
SLC30A3,5,5,1.0,0.967100162,0.9913434
SLC4A7,5,5,1.0,0.953242336,0.96931076
SLC6A16,5,5,1.0,0.9762311199999999,0.9860238
SNAP47,5,5,1.0,0.9453756199999999,0.9641306
SPTY2D1,5,5,1.0,0.965177632,0.97344196
TBX4,5,5,1.0,0.957403094,0.96519154
TBXAS1,5,5,1.0,0.986594696,0.99019814
TOGARAM1,5,5,1.0,0.941221728,0.9710222
TP53BP1,5,5,1.0,0.93097264,0.9544156
TRAK2,5,5,1.0,0.962988062,0.96888846
TRIP12,5,5,1.0,0.9370863220000001,0.980892
TTLL2,5,5,1.0,0.956494116,0.9750944
UNC13B,5,5,1.0,0.960034976,0.98259497
USP19,5,5,1.0,0.96949083,0.98595804
WLS,5,5,1.0,0.9605582399999999,0.9733157
WWC1,5,5,1.0,0.9459858999999999,0.983124
ZNF354A,5,5,1.0,0.9880973559999999,0.9901753
ZNF479,5,5,1.0,0.97699976,0.9884731
ZNF606,5,5,1.0,0.9872262580000001,0.99122095
ZNF782,5,5,1.0,0.989635664,0.99143887
ABCD3,6,5,0.8333333333333334,0.816451213,0.9771708699999999
AC024940.1,6,5,0.8333333333333334,0.8183611411369,0.98149213
ACE2,6,5,0.8333333333333334,0.8146333866850001,0.9798720000000001
ADGRE2,6,5,0.8333333333333334,0.892922055,0.9466824
ALDH6A1,6,5,0.8333333333333334,0.7519431624999999,0.87870372
ARFGEF2,6,5,0.8333333333333334,0.7957666988166667,0.9662879
CAPRIN2,6,5,0.8333333333333334,0.8184882433333334,0.97467923
CDC42BPA,6,5,0.8333333333333334,0.8038126974838667,0.961121945
CDH12,6,5,0.8333333333333334,0.9118298450000001,0.9864702000000001
CENPI,6,5,0.8333333333333334,0.8733263716666667,0.9659554349999999
CFAP52,6,5,0.8333333333333334,0.8132980307091667,0.971992195
CLCN7,6,5,0.8333333333333334,0.8251410533333333,0.9200475
COL4A4,6,5,0.8333333333333334,0.8774616616666666,0.90145728
CRYBG3,6,5,0.8333333333333334,0.8805753566666666,0.97350624
CTNNA2,6,5,0.8333333333333334,0.900963605,0.9388251000000001
CWH43,6,5,0.8333333333333334,0.8364352899999999,0.987354675
CYP4A22,6,5,0.8333333333333334,0.8149379816666666,0.97987595
DGKI,6,5,0.8333333333333334,0.8270742622833334,0.9913837
DHX32,6,5,0.8333333333333334,0.8122668132369166,0.971393025
DPH2,6,5,0.8333333333333334,0.8653076966666666,0.9851799
ECT2L,6,5,0.8333333333333334,0.805106425656,0.9679388
EDIL3,6,5,0.8333333333333334,0.7678000333333334,0.86778405
EGFLAM,6,5,0.8333333333333334,0.8597100433333335,0.91829353
ESF1,6,5,0.8333333333333334,0.8045209965,0.9828742500000001
FAM126A,6,5,0.8333333333333334,0.8885011033333333,0.9914562
FAM234B,6,5,0.8333333333333334,0.8856549683333333,0.980765475
FAM98A,6,5,0.8333333333333334,0.7884201344083334,0.953843115
FBXW10,6,5,0.8333333333333334,0.8596694983333334,0.97805323
FGD6,6,5,0.8333333333333334,0.9000690666666666,0.977906685
FIP1L1,6,5,0.8333333333333334,0.8447983916666667,0.984741745
GABBR1,6,5,0.8333333333333334,0.9021785333333333,0.9668213999999999
GARNL3,6,5,0.8333333333333334,0.87794819,0.89420175
GCC1,6,5,0.8333333333333334,0.8348933866666667,0.9638035650000001
GLRA3,6,5,0.8333333333333334,0.8712627666666667,0.96259905
GLS,6,5,0.8333333333333334,0.7914156547666668,0.944584225
GOLGA6A,6,5,0.8333333333333334,0.8201989667845094,0.982902275
GRIK2,6,5,0.8333333333333334,0.7926155576666667,0.92676185
HHIP,6,5,0.8333333333333334,0.8089820166666667,0.977520875
HPSE2,6,5,0.8333333333333334,0.9123053233333334,0.97940025
IRGC,6,5,0.8333333333333334,0.8203993728333333,0.965878485
KCNJ15,6,5,0.8333333333333334,0.7572388879999999,0.8950506
KDM4D,6,5,0.8333333333333334,0.8558301949999999,0.927032375
KIF18A,6,5,0.8333333333333334,0.9070844399999999,0.9349757999999999
KIF27,6,5,0.8333333333333334,0.8350521983333333,0.9868395750000001
KIR3DL1,6,5,0.8333333333333334,0.8995943533333334,0.9819370199999999
L3MBTL1,6,5,0.8333333333333334,0.8083448299999999,0.92883665
LAMP2,6,5,0.8333333333333334,0.86927827,0.97567352
LANCL2,6,5,0.8333333333333334,0.8241662813333334,0.9872647649999999
LPAR3,6,5,0.8333333333333334,0.8081826520450001,0.9824636849999999
LRWD1,6,5,0.8333333333333334,0.9130727,0.9673775
LUZP1,6,5,0.8333333333333334,0.8997017216666666,0.989160775
LVRN,6,5,0.8333333333333334,0.7771900825500001,0.9089142800000001
MAGI1,6,5,0.8333333333333334,0.8524471883333332,0.92431988
MANEA,6,5,0.8333333333333334,0.7712108385178301,0.923182905
MAPK8IP1,6,5,0.8333333333333334,0.8723329783333332,0.952577285
MFSD9,6,5,0.8333333333333334,0.8803337416666667,0.983034195
MGAT4C,6,5,0.8333333333333334,0.89248685,0.97530513
MKRN3,6,5,0.8333333333333334,0.8468014866666667,0.9109648749999999
MPP3,6,5,0.8333333333333334,0.9037758816666667,0.96917247
MROH9,6,5,0.8333333333333334,0.7569138103333333,0.918616885
N4BP2L2,6,5,0.8333333333333334,0.8011256403333333,0.96136897
NAA11,6,5,0.8333333333333334,0.8784463216666666,0.9682896400000001
NEDD4L,6,5,0.8333333333333334,0.7659520999622833,0.915980675
NEXN,6,5,0.8333333333333334,0.9183408116666666,0.99012225
NFASC,6,5,0.8333333333333334,0.8951361266666668,0.98280172
NIBAN2,6,5,0.8333333333333334,0.8558921833333333,0.97794485
NLGN1,6,5,0.8333333333333334,0.9078625716666666,0.952731
NPAS2,6,5,0.8333333333333334,0.8951741833333333,0.94479722
NPHP1,6,5,0.8333333333333334,0.89885398,0.93459197
NR1H4,6,5,0.8333333333333334,0.780511190932,0.9384994799999999
NSMAF,6,5,0.8333333333333334,0.9191011699999999,0.969000935
NXPE3,6,5,0.8333333333333334,0.825691697,0.9760772799999999
OPN1SW,6,5,0.8333333333333334,0.8735882066666667,0.9802873
OR1N1,6,5,0.8333333333333334,0.8945759,0.97553375
OR2W5,6,5,0.8333333333333334,0.7455844666666667,0.8393169
OR3A4P,6,5,0.8333333333333334,0.8733517233333333,0.96493958
OR51E2,6,5,0.8333333333333334,0.897489195,0.946545865
OR7A17,6,5,0.8333333333333334,0.79557059,0.930082335
PARP12,6,5,0.8333333333333334,0.7890248381166667,0.9872117
PCDHB12,6,5,0.8333333333333334,0.88572054,0.961230245
PCDHGA9,6,5,0.8333333333333334,0.9102844999999999,0.96186195
PHKA2,6,5,0.8333333333333334,0.8286813066666667,0.9799459500000001
PIK3C2B,6,5,0.8333333333333334,0.8081763346316667,0.98747843
PODNL1,6,5,0.8333333333333334,0.7859384721179533,0.930198495
POTEE,6,5,0.8333333333333334,0.8195069967999999,0.98180744
PPARGC1B,6,5,0.8333333333333334,0.8142327782345,0.97685892
PPP1R16B,6,5,0.8333333333333334,0.8962717516666667,0.9814172800000001
PRAMEF20,6,5,0.8333333333333334,0.88811425,0.9741803499999999
PRKCE,6,5,0.8333333333333334,0.8710303,0.9777759500000001
PTGER4,6,5,0.8333333333333334,0.8254267033333335,0.9741439000000001
PTPRR,6,5,0.8333333333333334,0.7431516418575833,0.8543936000000001
RBM12B,6,5,0.8333333333333334,0.8168747464078333,0.98830822
REN,6,5,0.8333333333333334,0.8162331366666667,0.898088725
RERE,6,5,0.8333333333333334,0.793103365,0.9691680300000001
RPL5,6,5,0.8333333333333334,0.8590925633333333,0.98389083
SEC23B,6,5,0.8333333333333334,0.8537803166666666,0.981053025
SEL1L2,6,5,0.8333333333333334,0.8460717433333333,0.9696935
SHKBP1,6,5,0.8333333333333334,0.7977863341666667,0.9573725500000001
SPAG5,6,5,0.8333333333333334,0.8374090156666667,0.980681525
SPHKAP,6,5,0.8333333333333334,0.8538558066666666,0.971405225
SRSF11,6,5,0.8333333333333334,0.8924304133333334,0.91734162
ST8SIA3,6,5,0.8333333333333334,0.8171522225933333,0.97975192
STXBP5,6,5,0.8333333333333334,0.8695608416666666,0.931266435
TET1,6,5,0.8333333333333334,0.7900033517096944,0.94694995
TEX13B,6,5,0.8333333333333334,0.7929037666700002,0.9650628
TFEC,6,5,0.8333333333333334,0.88671869,0.9796606
TIE1,6,5,0.8333333333333334,0.8148255383333334,0.95140488
TIPARP,6,5,0.8333333333333334,0.802210047865,0.97276003
TLR10,6,5,0.8333333333333334,0.9010507583333333,0.9744176
TMCO4,6,5,0.8333333333333334,0.8373830299999999,0.972758
TMCO5A,6,5,0.8333333333333334,0.8663635833333334,0.8504771250000001
TMEM241,6,5,0.8333333333333334,0.8863473866666666,0.97912955
TRIM49,6,5,0.8333333333333334,0.823316222125,0.989269645
TRIM58,6,5,0.8333333333333334,0.8397567916666667,0.935937045
TRIM6,6,5,0.8333333333333334,0.81568158,0.93533385
TTC30B,6,5,0.8333333333333334,0.7716644654916666,0.9131377
TXNDC2,6,5,0.8333333333333334,0.822270795,0.9651318799999999
UGT1A5,6,5,0.8333333333333334,0.7934773328333334,0.939341725
UMOD,6,5,0.8333333333333334,0.7969336516666666,0.901898015
USP53,6,5,0.8333333333333334,0.8345293100000001,0.9059664000000001
VIPR2,6,5,0.8333333333333334,0.7928806086192166,0.9392129
VLDLR,6,5,0.8333333333333334,0.834528085,0.96673375
ZBTB41,6,5,0.8333333333333334,0.8216931403333333,0.98232852
ZNF106,6,5,0.8333333333333334,0.8039807052866667,0.96176365
ZNF507,6,5,0.8333333333333334,0.9228611783333333,0.990418555
ABI2,7,5,0.7142857142857143,0.7968356088857143,0.9507877
AL645922.1,7,5,0.7142857142857143,0.6586404135497144,0.8496945
ANGPT4,7,5,0.7142857142857143,0.8561088542857143,0.9619784
ARHGAP44,7,5,0.7142857142857143,0.7349834599999999,0.89687604
ARSD,7,5,0.7142857142857143,0.70304466,0.84190536
BTBD11,7,5,0.7142857142857143,0.7511599531428572,0.89667654
CARMIL1,7,5,0.7142857142857143,0.7302156834978143,0.9467856
CCDC146,7,5,0.7142857142857143,0.81580174,0.91609895
CCDC87,7,5,0.7142857142857143,0.6927918946042857,0.9410505
CDHR2,7,5,0.7142857142857143,0.8239871771428572,0.9312976
CHEK1,7,5,0.7142857142857143,0.7728770871428571,0.88050896
COG5,7,5,0.7142857142857143,0.8215413142857143,0.9771275
CRTAC1,7,5,0.7142857142857143,0.6922197130669492,0.95355225
DHX16,7,5,0.7142857142857143,0.6984651400828571,0.97694826
DMBT1,7,5,0.7142857142857143,0.7686737840108185,0.9372071
DNAAF1,7,5,0.7142857142857143,0.7549113109046643,0.976074
ELN,7,5,0.7142857142857143,0.6726628471452357,0.94806004
ENPP7,7,5,0.7142857142857143,0.7787047172138915,0.9727907
EPB41L2,7,5,0.7142857142857143,0.8592293371428571,0.9351224
EPB41L4B,7,5,0.7142857142857143,0.7134009989957428,0.9352181
EXOC8,7,5,0.7142857142857143,0.6849827566971428,0.98874
FAM193A,7,5,0.7142857142857143,0.7110641220314287,0.9833816
FOXP2,7,5,0.7142857142857143,0.7937169628571429,0.97662455
GFPT2,7,5,0.7142857142857143,0.6949997414285713,0.92639494
GGN,7,5,0.7142857142857143,0.6919328933852059,0.9576124
GIMAP7,7,5,0.7142857142857143,0.7290322745714286,0.96471477
HFM1,7,5,0.7142857142857143,0.7162668514285714,0.97765803
HTR5A,7,5,0.7142857142857143,0.7923364657142857,0.86698216
IGSF1,7,5,0.7142857142857143,0.6985632767335527,0.97505116
ITGA10,7,5,0.7142857142857143,0.7490880014285715,0.9579037
ITGB6,7,5,0.7142857142857143,0.7534004993085714,0.91150886
KHDRBS2,7,5,0.7142857142857143,0.7914393657142857,0.9283577
KIF5A,7,5,0.7142857142857143,0.7306830257142857,0.8151548
KRT34,7,5,0.7142857142857143,0.8434749428571429,0.9420974
LRRC32,7,5,0.7142857142857143,0.6717448423724394,0.8748047
MACC1,7,5,0.7142857142857143,0.7213974794285714,0.99012345
MAST2,7,5,0.7142857142857143,0.7343819635714286,0.98955834
MCTP1,7,5,0.7142857142857143,0.7086187151285716,0.93837416
MICAL3,7,5,0.7142857142857143,0.7273345811757144,0.94858944
MTMR11,7,5,0.7142857142857143,0.7871352685714286,0.9912197
NFX1,7,5,0.7142857142857143,0.7225193442857518,0.829047
NOBOX,7,5,0.7142857142857143,0.84122226,0.9793214
NRP1,7,5,0.7142857142857143,0.7870722647142857,0.9786354
OR2T3,7,5,0.7142857142857143,0.6710393421428572,0.8861081
OR4D10,7,5,0.7142857142857143,0.7416460894280771,0.98743945
OR51F1,7,5,0.7142857142857143,0.768426226,0.9780343
OR5H1,7,5,0.7142857142857143,0.8425288228571429,0.9772907
OR7G2,7,5,0.7142857142857143,0.7120972,0.9717846
PABPC1L,7,5,0.7142857142857143,0.7060807983874857,0.9851598
PGR,7,5,0.7142857142857143,0.760498409070313,0.92686987
PHIP,7,5,0.7142857142857143,0.7743533657142857,0.98602086
PLCG1,7,5,0.7142857142857143,0.86939918,0.98562497
PRAMEF2,7,5,0.7142857142857143,0.8258687028571429,0.90879375
PSG5,7,5,0.7142857142857143,0.8032414742857144,0.9913933
PSG6,7,5,0.7142857142857143,0.7805711471428571,0.8413313
PTK2B,7,5,0.7142857142857143,0.8958066128571429,0.97424793
RBP3,7,5,0.7142857142857143,0.7409392052191462,0.97751063
RUSC1,7,5,0.7142857142857143,0.7104036493594386,0.9719935
SH3D19,7,5,0.7142857142857143,0.7678742771428572,0.9426977
SLC17A7,7,5,0.7142857142857143,0.6945409285721761,0.9693062
SLC6A4,7,5,0.7142857142857143,0.6940525835198115,0.9485814
SLCO1B1,7,5,0.7142857142857143,0.6989461851277143,0.97082436
TCF20,7,5,0.7142857142857143,0.8108048642857143,0.98303074
TNFSF11,7,5,0.7142857142857143,0.7069503980171856,0.97249705
TNRC6A,7,5,0.7142857142857143,0.6649488792857143,0.83466667
TRIM51,7,5,0.7142857142857143,0.8489845899999999,0.978998
TSC1,7,5,0.7142857142857143,0.7676708300379289,0.98697495
TSPOAP1,7,5,0.7142857142857143,0.7829249428571429,0.9783558
TTC3,7,5,0.7142857142857143,0.7538419817715214,0.9844773
WASHC2C,7,5,0.7142857142857143,0.7769247571428571,0.9910206
ZBED9,7,5,0.7142857142857143,0.7509756015634041,0.97760516
ZEB2,7,5,0.7142857142857143,0.7795091516485714,0.96314514
ZFAT,7,5,0.7142857142857143,0.7609078757142856,0.97328895
ZNF140,7,5,0.7142857142857143,0.8343573271428572,0.9890704
ZNF492,7,5,0.7142857142857143,0.6998743964750972,0.9672145
ZNF776,7,5,0.7142857142857143,0.7519255695422856,0.7963355
ABCA12,8,5,0.625,0.6115226562988125,0.95504148
ACSM4,8,5,0.625,0.6446816924788374,0.92199052
ACTRT1,8,5,0.625,0.6239714890370001,0.95280005
ADCY9,8,5,0.625,0.6632442734829799,0.9186958199999999
AK7,8,5,0.625,0.7924932525,0.96763103
ALPK1,8,5,0.625,0.770922469625,0.9823952
ANKS1B,8,5,0.625,0.628456407625,0.894470575
AQP10,8,5,0.625,0.75887862875,0.8923967749999999
ATP12A,8,5,0.625,0.6094748726012029,0.89840925
BIN1,8,5,0.625,0.5735063051909125,0.827101965
BTAF1,8,5,0.625,0.5923415450315787,0.8575728250000001
CANX,8,5,0.625,0.73532817375,0.99073155
CCDC8,8,5,0.625,0.615221912954625,0.82971908
CCN4,8,5,0.625,0.662703132095,0.88922695
CD22,8,5,0.625,0.76536094625,0.95082272
CEP250,8,5,0.625,0.6018695209367513,0.9203023
COL6A1,8,5,0.625,0.6334548778881512,0.9066936999999999
CREB3L3,8,5,0.625,0.75130165,0.891299435
DNAAF5,8,5,0.625,0.5929685031097678,0.8661278
DNM2,8,5,0.625,0.6740267447480575,0.8683343299999999
EGR1,8,5,0.625,0.6978054819625,0.8561564850000001
EML2,8,5,0.625,0.6173366920414988,0.9755910999999999
EPHA5,8,5,0.625,0.73386286775,0.8791358300000001
FAM124A,8,5,0.625,0.6247364503763893,0.9036264
FIGN,8,5,0.625,0.64060617079,0.98268223
GABRA5,8,5,0.625,0.6715755262159542,0.8616173
IGFN1,8,5,0.625,0.7315164475,0.9040931
INPP4B,8,5,0.625,0.671107597155,0.9857972500000001
JAK2,8,5,0.625,0.68023350897756,0.94598445
KAT14,8,5,0.625,0.7657816975,0.9237886150000001
LAMB3,8,5,0.625,0.710009106067823,0.891483915
LCOR,8,5,0.625,0.6654386347606425,0.9800876000000001
LILRA2,8,5,0.625,0.714704705785,0.920088
LILRB5,8,5,0.625,0.7302696762499999,0.93837708
LMTK2,8,5,0.625,0.6479738495,0.9888117000000001
MCOLN3,8,5,0.625,0.587842445975,0.809504725
MYOM1,8,5,0.625,0.691025029551915,0.79800285
N4BP2,8,5,0.625,0.6684204484,0.87441024
OSBPL8,8,5,0.625,0.74991345,0.9105553150000001
PAPPA,8,5,0.625,0.78061153125,0.97367995
PATJ,8,5,0.625,0.62510116325,0.8835253999999999
PGAP4,8,5,0.625,0.67973572375,0.8699519
PHF20,8,5,0.625,0.692425909125,0.946931155
PRX,8,5,0.625,0.67104602625,0.896622935
PSG7,8,5,0.625,0.8159444575,0.870130625
RGS22,8,5,0.625,0.75266088875,0.925893335
SLC24A3,8,5,0.625,0.73324204375,0.94332668
SLFN11,8,5,0.625,0.7477151400000001,0.97981887
SPTAN1,8,5,0.625,0.83755121125,0.9211361650000001
SRRM4,8,5,0.625,0.76601283,0.869052625
ST18,8,5,0.625,0.6878731544622713,0.9230589
STARD13,8,5,0.625,0.6287688683211663,0.943251125
TEK,8,5,0.625,0.79695877125,0.9446892499999999
TRPM7,8,5,0.625,0.617391014825,0.7974852699999999
TSGA10,8,5,0.625,0.6639355301250001,0.8814127
ULK2,8,5,0.625,0.6379053691750001,0.8649957
UTP20,8,5,0.625,0.66132022624775,0.96060053
WNK1,8,5,0.625,0.730562105,0.933784245
A2M,9,5,0.5555555555555556,0.56858310596,0.86386603
ABCA5,9,5,0.5555555555555556,0.6067786177444445,0.8202884
ABCG2,9,5,0.5555555555555556,0.6484629475888889,0.9409073
ALMS1,9,5,0.5555555555555556,0.6274190945389222,0.933071
AP000769.3,9,5,0.5555555555555556,0.5334224281691156,0.8242537
ARHGAP28,9,5,0.5555555555555556,0.7207221255555556,0.7556508
ATP8A1,9,5,0.5555555555555556,0.5308561921131818,0.8221157
BCAR3,9,5,0.5555555555555556,0.6008803888888888,0.79609233
BCORL1,9,5,0.5555555555555556,0.5787682104646791,0.8051414
BTNL8,9,5,0.5555555555555556,0.7044086044444444,0.91158813
CCER1,9,5,0.5555555555555556,0.6434422950186667,0.8311605
CRB1,9,5,0.5555555555555556,0.5636778668333333,0.94674015
CTTNBP2,9,5,0.5555555555555556,0.6674662626344444,0.9613183
CYLC2,9,5,0.5555555555555556,0.5707994327261985,0.9771047
CYP4F3,9,5,0.5555555555555556,0.6409839557580062,0.83715945
FANCM,9,5,0.5555555555555556,0.6756638444445122,0.93517315
GABBR2,9,5,0.5555555555555556,0.6350557506266666,0.8990532
GCNA,9,5,0.5555555555555556,0.5250719344714311,0.8290347
GHSR,9,5,0.5555555555555556,0.6026841724188888,0.96276367
HIVEP3,9,5,0.5555555555555556,0.6644263466666667,0.84277797
IL5RA,9,5,0.5555555555555556,0.5552741055399105,0.90261143
IRF6,9,5,0.5555555555555556,0.6300424255555556,0.8680511
ITGAX,9,5,0.5555555555555556,0.5989412333888889,0.9215421
KIAA0100,9,5,0.5555555555555556,0.6671644154665889,0.93601036
MAP1A,9,5,0.5555555555555556,0.717683898888889,0.8896524
MBD1,9,5,0.5555555555555556,0.6968255078702222,0.84363157
MIB1,9,5,0.5555555555555556,0.6004302817805901,0.9285358
MOCS1,9,5,0.5555555555555556,0.5962780621111111,0.75355065
MTOR,9,5,0.5555555555555556,0.6469315624286099,0.8382341
NPY5R,9,5,0.5555555555555556,0.6369118303145556,0.90651804
NSD1,9,5,0.5555555555555556,0.624963011,0.7990588
NUP98,9,5,0.5555555555555556,0.7018617644444444,0.84763503
OR13C8,9,5,0.5555555555555556,0.6447168443111111,0.9263128
PCDHB9,9,5,0.5555555555555556,0.6247791509999999,0.8057329
PCDHGB1,9,5,0.5555555555555556,0.6169029494444445,0.9189985
PHEX,9,5,0.5555555555555556,0.5110861860217243,0.7710881
PSD4,9,5,0.5555555555555556,0.6637516084444445,0.911575
PTPN13,9,5,0.5555555555555556,0.65952314398,0.7967712
RAPGEF2,9,5,0.5555555555555556,0.6871828933333333,0.9472212
RB1CC1,9,5,0.5555555555555556,0.6753686823222222,0.83553904
RTL5,9,5,0.5555555555555556,0.5462034393113663,0.9736332
SHANK2,9,5,0.5555555555555556,0.5678978954149978,0.81336737
SLC4A10,9,5,0.5555555555555556,0.56103153880206,0.8809361
SLCO4C1,9,5,0.5555555555555556,0.6236389047333333,0.9203457
SLFN13,9,5,0.5555555555555556,0.6347694625999778,0.9362804
SULT1B1,9,5,0.5555555555555556,0.7054879988888889,0.85159904
SYCP1,9,5,0.5555555555555556,0.5964312489834778,0.8162054
TMPRSS6,9,5,0.5555555555555556,0.5461055578845363,0.9578638
TNS3,9,5,0.5555555555555556,0.7846325022222223,0.94142795
TRIM71,9,5,0.5555555555555556,0.592264272564591,0.8746136
TRPV2,9,5,0.5555555555555556,0.593339437673889,0.95911396
ZNF10,9,5,0.5555555555555556,0.6504369543824985,0.9430917
ZNF184,9,5,0.5555555555555556,0.6024991156666667,0.9024668
ZZEF1,9,5,0.5555555555555556,0.6883800377777778,0.8961688
ARID1A,10,5,0.5,0.553627915053754,0.66392489
CFH,10,5,0.5,0.5927335730000001,0.611790065
DBH,10,5,0.5,0.5364397264451451,0.5844238
DCAF12L1,10,5,0.5,0.511105538161294,0.5451142449999999
DOCK6,10,5,0.5,0.5114134664322986,0.69520198
DSC3,10,5,0.5,0.5585865415161618,0.681437
DYNC2H1,10,5,0.5,0.48146377182696226,0.496366225
GNPTAB,10,5,0.5,0.61610364067,0.7884275000000001
IARS1,10,5,0.5,0.6118505424956904,0.76063965
JARID2,10,5,0.5,0.5900210133177191,0.7418426
LRRC55,10,5,0.5,0.6607457821687,0.7736308249999999
LTBP4,10,5,0.5,0.45893072757026554,0.38311041199999996
MYBPC1,10,5,0.5,0.55446668848728,0.66503725
MYH15,10,5,0.5,0.58713899581,0.74835213
NFATC2,10,5,0.5,0.5771783779573623,0.72044706
OR2W3,10,5,0.5,0.52004323517,0.508886155
PLXNA2,10,5,0.5,0.5617038799662665,0.7550437999999999
RNF213,10,5,0.5,0.655994045,0.83205675
RREB1,10,5,0.5,0.5248226767677865,0.601662115
SCN11A,10,5,0.5,0.5861650582949307,0.676242515
SLC12A5,10,5,0.5,0.6758102806,0.7809749
SPTB,10,5,0.5,0.7197781778166,0.7799327
SUPT6H,10,5,0.5,0.6150377331078569,0.7912567
TNFRSF11A,10,5,0.5,0.6354116490212315,0.7734121199999999
TNIK,10,5,0.5,0.5655011538171362,0.76130751
TP63,10,5,0.5,0.5720223880502987,0.7904208
TUBB4A,10,5,0.5,0.5498619798663827,0.7365808
USP26,10,5,0.5,0.5607655576445574,0.7184816
ZNF804B,10,5,0.5,0.6369411405300001,0.837443835
ADAMTS20,11,5,0.45454545454545453,0.44199972875618465,0.07743427
ADCY5,11,5,0.45454545454545453,0.5505394923386558,0.5743385
ANKRD30A,11,5,0.45454545454545453,0.5062407881038069,0.3659888
ATP9B,11,5,0.45454545454545453,0.5156412714745309,0.62348235
CACNG3,11,5,0.45454545454545453,0.690135336,0.66019344
DNAH1,11,5,0.45454545454545453,0.4870676868578393,0.7476742
EP300,11,5,0.45454545454545453,0.6060990119545454,0.69217867
EPHB2,11,5,0.45454545454545453,0.5922040664363636,0.729669
EVPL,11,5,0.45454545454545453,0.5539764487990774,0.7383929
FRY,11,5,0.45454545454545453,0.5864516260220863,0.6105716
GAS2L2,11,5,0.45454545454545453,0.5048506318983048,0.5532748
GRIA3,11,5,0.45454545454545453,0.45813190983932817,0.3651397
IL12RB1,11,5,0.45454545454545453,0.4795870416622273,0.25871387
ITGB2,11,5,0.45454545454545453,0.5667406894156582,0.64114237
ITIH5,11,5,0.45454545454545453,0.5462999174686426,0.6689411
KCNB2,11,5,0.45454545454545453,0.614015745918,0.67304945
LAMB1,11,5,0.45454545454545453,0.6175664358867782,0.58360326
MATN4,11,5,0.45454545454545453,0.5754772283569364,0.6830074
PKP2,11,5,0.45454545454545453,0.6430282027272727,0.6320235
SPEF2,11,5,0.45454545454545453,0.5566847324988818,0.5181788
SPEN,11,5,0.45454545454545453,0.6024409228118182,0.68821496
TIAM2,11,5,0.45454545454545453,0.5009125895277272,0.5567594
TKTL2,11,5,0.45454545454545453,0.5826642885652138,0.73202497
TRPA1,11,5,0.45454545454545453,0.6121212868859601,0.64509296
ATP8A2,12,5,0.4166666666666667,0.5269961742833333,0.40958032
ATP8B4,12,5,0.4166666666666667,0.6040170725,0.57516547
CARMIL2,12,5,0.4166666666666667,0.511382861945955,0.602488385
CCDC60,12,5,0.4166666666666667,0.49929707338263335,0.39345224
CNTNAP5,12,5,0.4166666666666667,0.5241460609000992,0.47709152
IL4R,12,5,0.4166666666666667,0.5732556727312905,0.6822017499999999
TRPC7,12,5,0.4166666666666667,0.4818212852883333,0.311577
ADAMTS3,13,5,0.38461538461538464,0.557652209923077,0.58158404
CAD,13,5,0.38461538461538464,0.4498872393132846,0.25264668
DSG3,13,5,0.38461538461538464,0.5662070884638797,0.66010225
GPR179,13,5,0.38461538461538464,0.4743863425212559,0.31241965
MEGF8,13,5,0.38461538461538464,0.3682765410860274,0.0016652739
AFF2,14,5,0.35714285714285715,0.40840560178937496,0.134395878
CD163,14,5,0.35714285714285715,0.5583343371428572,0.471424695
DCC,14,5,0.35714285714285715,0.5100053063187372,0.5173590299999999
EPHA10,14,5,0.35714285714285715,0.46054511513794216,0.397107325
EPPK1,14,5,0.35714285714285715,0.44978210046112865,0.39093347
PCDHA2,14,5,0.35714285714285715,0.5062106783574681,0.539942325
STYXL2,14,5,0.35714285714285715,0.45139282378429113,0.4272358
ACACB,15,5,0.3333333333333333,0.5485485915975559,0.55827737
SLCO5A1,15,5,0.3333333333333333,0.45924888166666666,0.24416605
FBLN2,16,5,0.3125,0.3409786437835013,0.0724639197
LZTR1,16,5,0.3125,0.3799655544080168,0.084330937
CSMD2,17,5,0.29411764705882354,0.3527649963600379,0.061293237
UNC79,17,5,0.29411764705882354,0.44360669886275195,0.44867954
AASDH,4,4,1.0,0.9625409524999999,0.98154033
ACIN1,4,4,1.0,0.9499118025,0.98062642
ADAM20,4,4,1.0,0.9414107875,0.9508962750000001
ADAM30,4,4,1.0,0.9444118575,0.95204529
AGAP1,4,4,1.0,0.978478195,0.98491806
AGO2,4,4,1.0,0.8964692,0.88990675
AKR1B10,4,4,1.0,0.9856406600000001,0.98831417
AMMECR1L,4,4,1.0,0.9388694,0.95334555
AMY2A,4,4,1.0,0.9886065125,0.989352275
ANKFN1,4,4,1.0,0.9761516525,0.9753954300000001
AP4E1,4,4,1.0,0.945861245,0.94300294
ARHGAP10,4,4,1.0,0.9462378499999999,0.964495
ARHGEF15,4,4,1.0,0.9810007375,0.991401525
ARHGEF35,4,4,1.0,0.9895985375,0.9904721000000001
ATP2B2,4,4,1.0,0.9548454024999999,0.9765454
B3GNT2,4,4,1.0,0.919055115,0.91833847
BIN2,4,4,1.0,0.94908768,0.9517662499999999
BPIFB3,4,4,1.0,0.98436765,0.990638675
C8B,4,4,1.0,0.9677740425,0.966970215
CASP2,4,4,1.0,0.9222699,0.9752153
CCDC138,4,4,1.0,0.9831705675,0.984205
CCDC59,4,4,1.0,0.943790275,0.98142905
CCDC96,4,4,1.0,0.966299675,0.9675734
CCL24,4,4,1.0,0.9528633599999999,0.9550694
CEACAM18,4,4,1.0,0.977757585,0.9783063750000001
CEACAM5,4,4,1.0,0.950693335,0.97699652
CEBPZ,4,4,1.0,0.9279255425,0.929409215
CHAMP1,4,4,1.0,0.9762396,0.99044395
CKAP5,4,4,1.0,0.9191830625,0.910765075
CLEC4M,4,4,1.0,0.9583619575,0.975844715
CNTD1,4,4,1.0,0.947168125,0.9876338499999999
COPB2,4,4,1.0,0.9860928225,0.99055535
CPN1,4,4,1.0,0.9754682125,0.983081525
CRHR2,4,4,1.0,0.9333850324999999,0.9589212
CTR9,4,4,1.0,0.91351851,0.92574627
CYP2C9,4,4,1.0,0.9584538300000001,0.9765520000000001
CYP3A4,4,4,1.0,0.9764393,0.9846311000000001
DDX56,4,4,1.0,0.9875025675,0.989188255
DLGAP1,4,4,1.0,0.974345835,0.98226905
DMKN,4,4,1.0,0.9597215075000001,0.9771538
DOCK9,4,4,1.0,0.96683515,0.9673111999999999
DPYSL5,4,4,1.0,0.923548545,0.93337029
DRC1,4,4,1.0,0.9579359375000001,0.955239425
EIF2AK4,4,4,1.0,0.94816939,0.9448459499999999
ELP1,4,4,1.0,0.9329187074999999,0.945422165
ELP4,4,4,1.0,0.96896776,0.9693264699999999
EMB,4,4,1.0,0.948629875,0.9913814
EPYC,4,4,1.0,0.954359755,0.954872995
ERCC3,4,4,1.0,0.9325416799999999,0.93776178
ERMN,4,4,1.0,0.9637314025,0.980015335
ETFDH,4,4,1.0,0.9031300675,0.8908236700000001
F10,4,4,1.0,0.96593979,0.97600853
FABP5P3,4,4,1.0,0.9371542475,0.938179045
FAM13B,4,4,1.0,0.8664153649999999,0.86050028
FAM187B,4,4,1.0,0.9662658125,0.981072725
FBP1,4,4,1.0,0.9372399025,0.9662051700000001
FFAR3,4,4,1.0,0.9881842675,0.98914727
FGB,4,4,1.0,0.9003518375,0.9002262750000001
FRG2C,4,4,1.0,0.93012151,0.96
FXR2,4,4,1.0,0.96348935,0.96316165
GBX1,4,4,1.0,0.979062095,0.9856695499999999
GCSAML,4,4,1.0,0.91693563,0.9107930200000001
GRB10,4,4,1.0,0.990774185,0.9912619300000001
GRK4,4,4,1.0,0.9601644475,0.958644825
H2BC1,4,4,1.0,0.9749406325000001,0.976548265
HEATR4,4,4,1.0,0.9488635249999999,0.95714665
HEPACAM2,4,4,1.0,0.9754224025,0.977072985
HMGCR,4,4,1.0,0.9435004425,0.9698009350000001
HPS6,4,4,1.0,0.990067685,0.99087585
HSPH1,4,4,1.0,0.9532139525000001,0.95853277
IGHV1OR21-1,4,4,1.0,0.975601975,0.97633195
IGHV3-21,4,4,1.0,0.8915723325,0.90170718
IGKV1D-16,4,4,1.0,0.97615061,0.98322555
ING3,4,4,1.0,0.99139893,0.99141374
JAKMIP2,4,4,1.0,0.9454695,0.9878759
KATNIP,4,4,1.0,0.9283401175,0.9525694499999999
KBTBD2,4,4,1.0,0.9679371675,0.9912376350000001
KCNA1,4,4,1.0,0.9613590725000001,0.99139267
KCNA7,4,4,1.0,0.9221576675000001,0.955980065
KDM4C,4,4,1.0,0.9881424175,0.99129826
KLHL15,4,4,1.0,0.840015625,0.84058155
KRT222,4,4,1.0,0.9747273175,0.98699245
LBP,4,4,1.0,0.962002075,0.9812725
LDB3,4,4,1.0,0.99028402,0.991155055
LILRA1,4,4,1.0,0.9849841500000001,0.9891773500000001
LIPI,4,4,1.0,0.981839365,0.9853931300000001
LRCH4,4,4,1.0,0.97292579,0.9791854
LRRC37A3,4,4,1.0,0.97728454,0.9874962300000001
MAGEA4,4,4,1.0,0.9738607125,0.9772272
MAGEA6,4,4,1.0,0.985414035,0.9879005000000001
MARCO,4,4,1.0,0.9509264625,0.970945975
MCHR2,4,4,1.0,0.975213975,0.97234915
MCM8,4,4,1.0,0.9418833325,0.9900850349999999
MEPCE,4,4,1.0,0.9859478374999999,0.991456575
MKRN1,4,4,1.0,0.9617422,0.98829305
MOGS,4,4,1.0,0.8998744625,0.919075275
MPDZ,4,4,1.0,0.94491799,0.9570421849999999
MVP,4,4,1.0,0.946424195,0.990399665
NAALADL2,4,4,1.0,0.980640115,0.98911398
NBPF25P,4,4,1.0,0.9867688575,0.9911885
NDST3,4,4,1.0,0.9598258125,0.9563859
NES,4,4,1.0,0.990540745,0.991365125
NFE2L3,4,4,1.0,0.987228885,0.987708715
NLGN4X,4,4,1.0,0.939894385,0.94624867
NME7,4,4,1.0,0.929532485,0.9329429199999999
NPR3,4,4,1.0,0.9783711625,0.9884461250000001
NPRL2,4,4,1.0,0.949223875,0.97973125
NTF3,4,4,1.0,0.9588399575,0.98990524
OCIAD2,4,4,1.0,0.9852945325,0.98707604
OR10R2,4,4,1.0,0.91676768,0.89994526
OR10S1,4,4,1.0,0.977565045,0.987027915
OR2L13,4,4,1.0,0.92170966,0.95858977
OR51E1,4,4,1.0,0.9314149875,0.964752045
OTULIN,4,4,1.0,0.988996825,0.9911869
PALB2,4,4,1.0,0.95300852,0.99143467
PAPOLA,4,4,1.0,0.9188776725,0.928555545
PBXIP1,4,4,1.0,0.9822153325,0.98509333
PCDH12,4,4,1.0,0.9864195825,0.9890983250000001
PCDHA6,4,4,1.0,0.973439335,0.97089097
PCSK1,4,4,1.0,0.9789502425,0.98089395
PDYN,4,4,1.0,0.94616181,0.96969852
PEX5L,4,4,1.0,0.9208783125,0.954550625
PJA2,4,4,1.0,0.9035238,0.9201852500000001
PLAGL1,4,4,1.0,0.92532614,0.95743143
PLEKHA5,4,4,1.0,0.8973110449999999,0.868530925
PLK4,4,4,1.0,0.943455085,0.97120613
POGLUT3,4,4,1.0,0.94331365,0.9834130999999999
POLR3A,4,4,1.0,0.9389445975,0.945043595
POTEH,4,4,1.0,0.9536031725,0.987175115
PRKD1,4,4,1.0,0.92316693,0.92448033
PRKRA,4,4,1.0,0.94771216,0.9875506199999999
PRPS1L1,4,4,1.0,0.97325743,0.976615995
PSD2,4,4,1.0,0.956523375,0.990816
RAB11FIP5,4,4,1.0,0.98057459,0.98293935
RABEP2,4,4,1.0,0.986051735,0.9913920700000001
RBAK,4,4,1.0,0.9889219425,0.9899492000000001
RBL1,4,4,1.0,0.9710954425,0.9906965999999999
RECK,4,4,1.0,0.839721945,0.80996727
RERGL,4,4,1.0,0.9830233749999999,0.98702225
RFC2,4,4,1.0,0.902703185,0.9089977499999999
RGPD1,4,4,1.0,0.979462975,0.9906559500000001
RIPOR1,4,4,1.0,0.9422006475,0.9810006250000001
RRBP1,4,4,1.0,0.9673583699999999,0.98980892
RTN4,4,4,1.0,0.9602222499999999,0.9732217
RUFY3,4,4,1.0,0.9309515175,0.97987475
SART3,4,4,1.0,0.976999855,0.981663
SCN2A,4,4,1.0,0.9642433825000001,0.96959785
SEMA3A,4,4,1.0,0.9910984725,0.991390775
SIDT1,4,4,1.0,0.9907637075,0.991040735
SLC13A4,4,4,1.0,0.9639109275,0.98426495
SLC25A3,4,4,1.0,0.95638261,0.97240845
SLC28A3,4,4,1.0,0.9465669875,0.980051395
SLC37A3,4,4,1.0,0.9662622,0.9903551500000001
SMARCAD1,4,4,1.0,0.9393340025,0.973732055
SMR3B,4,4,1.0,0.96956521,0.9792286699999999
SND1,4,4,1.0,0.9774645475,0.97560085
SNX11,4,4,1.0,0.8717599075,0.85103992
SPATA17,4,4,1.0,0.9820333075000001,0.9865057500000001
SSC4D,4,4,1.0,0.9427575575,0.971263115
SSH2,4,4,1.0,0.93568685,0.974633335
STEAP1,4,4,1.0,0.9914709925,0.9914616
STIM1,4,4,1.0,0.9738799125,0.9806231249999999
STKLD1,4,4,1.0,0.97548689,0.9836052
STMN4,4,4,1.0,0.9727406599999999,0.97993427
STYK1,4,4,1.0,0.9091989025,0.928014975
SUGCT,4,4,1.0,0.9483020625,0.959569925
SUPT20H,4,4,1.0,0.9598626625,0.9796550749999999
TAF1B,4,4,1.0,0.9791448275,0.989404145
TAF4,4,4,1.0,0.9842235575,0.98947038
TBC1D31,4,4,1.0,0.928282445,0.92924888
TBCD,4,4,1.0,0.9452633275,0.94446553
TGM4,4,4,1.0,0.922132145,0.95052719
TKFC,4,4,1.0,0.9811957874999999,0.98469122
TKT,4,4,1.0,0.9819108225,0.98305335
TLE2,4,4,1.0,0.9867593,0.9906777499999999
TMEM130,4,4,1.0,0.9823317125,0.99067565
TMEM67,4,4,1.0,0.9863136675,0.99084912
TMEM74,4,4,1.0,0.971233575,0.9909281999999999
TNPO3,4,4,1.0,0.9803153225,0.98408728
TRAF3IP1,4,4,1.0,0.9298640325,0.928808665
TRIM25,4,4,1.0,0.9483933075,0.98209037
TRIP10,4,4,1.0,0.9137482275,0.9225332749999999
TRPC1,4,4,1.0,0.9786817525,0.984393955
TSGA13,4,4,1.0,0.9432591,0.98923518
TSHZ1,4,4,1.0,0.9830567525,0.9913457
TTC16,4,4,1.0,0.983600995,0.9836637500000001
TTC26,4,4,1.0,0.98856108,0.9909108
TUBB1,4,4,1.0,0.97991836,0.982969185
TUBG2,4,4,1.0,0.938198965,0.9584314549999999
UBN2,4,4,1.0,0.9801256625,0.9911013799999999
UNC5A,4,4,1.0,0.9802544975,0.99110555
USP42,4,4,1.0,0.9728196875,0.9788031
USP47,4,4,1.0,0.9609434375,0.960894125
WFDC8,4,4,1.0,0.96692053,0.967432375
ZBP1,4,4,1.0,0.87005631,0.86108797
ZBTB11,4,4,1.0,0.958673435,0.9686258000000001
ZC3HC1,4,4,1.0,0.989346265,0.99017718
ZDHHC4,4,4,1.0,0.975311975,0.9786815
ZFP30,4,4,1.0,0.900242715,0.91485915
ZKSCAN5,4,4,1.0,0.9882974099999999,0.9910935
ZMYND8,4,4,1.0,0.96841986,0.98534685
ZNF181,4,4,1.0,0.93341239,0.95427273
ZNF234,4,4,1.0,0.9913453525,0.991354175
ZNF274,4,4,1.0,0.975018685,0.98709725
ZNF418,4,4,1.0,0.97427466,0.980074985
ZNF44,4,4,1.0,0.9661189975,0.9852565200000001
ZNF491,4,4,1.0,0.95009969,0.96394932
ZNF556,4,4,1.0,0.9824397125,0.98877025
ZNF585A,4,4,1.0,0.9185600625,0.965956475
ZNF624,4,4,1.0,0.9705604375,0.9777655000000001
ZNF653,4,4,1.0,0.9643297125,0.9691883
ZNF721,4,4,1.0,0.9444482925,0.976292135
ZNF827,4,4,1.0,0.9451813250000001,0.985319575
ZP2,4,4,1.0,0.9430961125,0.95630575
ACADS,5,4,0.8,0.7929786336,0.98362154
ADAM23,5,4,0.8,0.786273014399586,0.97956663
ADAMTSL2,5,4,0.8,0.7921688394969966,0.99051744
ADCK1,5,4,0.8,0.7790439927999999,0.96468073
ADH1A,5,4,0.8,0.90391142,0.9677917
AGL,5,4,0.8,0.7934015906,0.9901518
AGXT2,5,4,0.8,0.92687618,0.9688863
AHCYL1,5,4,0.8,0.805287596,0.9508055
ALB,5,4,0.8,0.850130368,0.9771762
ALK,5,4,0.8,0.77761297314142,0.96392196
ANKS3,5,4,0.8,0.738994495,0.91159654
AOPEP,5,4,0.8,0.93621476,0.99015594
AREG,5,4,0.8,0.71795403454,0.8393219
ATG2B,5,4,0.8,0.783013058723827,0.97275937
ATP7B,5,4,0.8,0.758912527,0.9913236
ATXN7,5,4,0.8,0.7719784202200001,0.9475776
BMPR2,5,4,0.8,0.73605826742,0.9487953
CALD1,5,4,0.8,0.764724741588,0.96715564
CAMKV,5,4,0.8,0.918637078,0.9681302
CCDC171,5,4,0.8,0.88794843,0.94134283
CCR1,5,4,0.8,0.744393243832,0.9535566
CD5,5,4,0.8,0.751376443514,0.91158605
CENPU,5,4,0.8,0.859295674,0.94420975
CEP63,5,4,0.8,0.807334698,0.9889886
CERS6,5,4,0.8,0.7645197285,0.9407392
CHEK2,5,4,0.8,0.817775924,0.9214866
CHST9,5,4,0.8,0.8696478259999999,0.9625971
CKAP2L,5,4,0.8,0.78699452506,0.9838058
CLCN3,5,4,0.8,0.8979182720000001,0.9898761
CLIC5,5,4,0.8,0.743676604,0.82683676
CLINT1,5,4,0.8,0.79310630128558,0.99140364
CLSPN,5,4,0.8,0.8080258459999999,0.9902305
CNDP1,5,4,0.8,0.87709405,0.94956875
CNTNAP3,5,4,0.8,0.773549116292086,0.94815683
COL4A3,5,4,0.8,0.7486867940020989,0.97226137
CPLANE1,5,4,0.8,0.7904884208,0.9907002
CTC1,5,4,0.8,0.874828752,0.990829
CUL5,5,4,0.8,0.870391826,0.98782736
CX3CR1,5,4,0.8,0.77855746501024,0.96586454
DAGLB,5,4,0.8,0.885273726,0.98541576
DDB1,5,4,0.8,0.821240164,0.9814667
DDX17,5,4,0.8,0.790148108166,0.9909837
DENND1A,5,4,0.8,0.780733556,0.9279253
DENND2B,5,4,0.8,0.8118711160000001,0.97640604
DHX30,5,4,0.8,0.7365474269452,0.8864658
DHX8,5,4,0.8,0.7451113969441201,0.991314
DLK1,5,4,0.8,0.724978761,0.8806551
DNAI4,5,4,0.8,0.77122728,0.9114864
DNAJC28,5,4,0.8,0.784530909,0.9896197
DPH7,5,4,0.8,0.7747155859999999,0.9847995
EML4,5,4,0.8,0.787186229924,0.9791891
ENPP3,5,4,0.8,0.831738698,0.97748417
EPHA4,5,4,0.8,0.92207791,0.98056006
ESR1,5,4,0.8,0.772939856,0.9281911
ETNPPL,5,4,0.8,0.78396202,0.96177906
FASTKD1,5,4,0.8,0.7512025936008,0.9835084
FCRL1,5,4,0.8,0.8440237820000001,0.962777
FGFR4,5,4,0.8,0.849263908,0.9825843
FIG4,5,4,0.8,0.853166102,0.9657823
FKBP6,5,4,0.8,0.8679960120000001,0.89136565
FOXD4L5,5,4,0.8,0.8917635199999999,0.9775743
FOXN1,5,4,0.8,0.868798986,0.9655794
FSIP1,5,4,0.8,0.7671624888,0.95972675
FZD1,5,4,0.8,0.927041264,0.98132527
FZD9,5,4,0.8,0.844931864,0.8461664
GDF3,5,4,0.8,0.8332731819999999,0.9913852
GDF9,5,4,0.8,0.69631567796,0.766956
GFM2,5,4,0.8,0.806324092,0.9888072
GIMAP1,5,4,0.8,0.795853048,0.9826722
GIMAP4,5,4,0.8,0.7471009559999999,0.94966817
GPR15,5,4,0.8,0.849611754,0.9785226
GPR65,5,4,0.8,0.81961944,0.87382
GPR83,5,4,0.8,0.7256282140003293,0.8978693
GRAMD2B,5,4,0.8,0.9212309340000001,0.9739048
GSDMB,5,4,0.8,0.872932992,0.95750475
GSPT2,5,4,0.8,0.773200344097696,0.9789482
HAO1,5,4,0.8,0.87398267,0.93254006
HIF3A,5,4,0.8,0.790542803900544,0.9907528
HLTF,5,4,0.8,0.7756473784860323,0.9707081
HNRNPCL1,5,4,0.8,0.81179642,0.8341423
HRH2,5,4,0.8,0.85024755,0.94348973
IGHG3,5,4,0.8,0.7639461540040012,0.9615579
INPP5F,5,4,0.8,0.85643212,0.9913818
KBTBD4,5,4,0.8,0.840516146,0.97419286
KIRREL2,5,4,0.8,0.729686609608,0.89201
KLHDC7A,5,4,0.8,0.829647598,0.98168737
KLHL3,5,4,0.8,0.8659427279999999,0.9505473
KPNA5,5,4,0.8,0.860268872,0.9825279
KRT14,5,4,0.8,0.768956515849401,0.9768112
KRT15,5,4,0.8,0.7559494004483265,0.9518084
KRT4,5,4,0.8,0.7846336070600001,0.97528607
KRT7,5,4,0.8,0.7458123076,0.93465924
LGALS13,5,4,0.8,0.798773604,0.98241615
LILRA4,5,4,0.8,0.827553724,0.97075754
LMLN,5,4,0.8,0.73199676089308,0.88827235
LONP1,5,4,0.8,0.812201258,0.99039394
LOXL2,5,4,0.8,0.825752254,0.991356
LRIG1,5,4,0.8,0.7472204245306,0.9639093
MAP3K21,5,4,0.8,0.734876188566,0.87840945
MARCHF10,5,4,0.8,0.824848408,0.97438365
MCM6,5,4,0.8,0.902433516,0.9327997
ME1,5,4,0.8,0.758746337896,0.9342947
MEFV,5,4,0.8,0.786142146,0.96813005
MFAP1,5,4,0.8,0.7636308308,0.9848622
MPPE1,5,4,0.8,0.7153764589892,0.8364458
MS4A1,5,4,0.8,0.865776178,0.98827666
MS4A7,5,4,0.8,0.76854461,0.911525
MUSK,5,4,0.8,0.74128043906,0.88849187
MYLK4,5,4,0.8,0.831660566,0.97788244
MYO19,5,4,0.8,0.7547572841,0.98602515
MYO1G,5,4,0.8,0.7820432882199999,0.9908557
MYO5B,5,4,0.8,0.79270214055708,0.9908484
NIM1K,5,4,0.8,0.901345404,0.99049383
NOX5,5,4,0.8,0.79132947088671,0.9896311
NR4A3,5,4,0.8,0.756615685503634,0.9777058
NRAP,5,4,0.8,0.836691346,0.9889598
NRG3,5,4,0.8,0.7928998166000001,0.99077904
NUAK1,5,4,0.8,0.7651436252,0.90846264
OGT,5,4,0.8,0.8143517599999999,0.9314739
OR1G1,5,4,0.8,0.934593076,0.98571867
OR2A1,5,4,0.8,0.76367427782948,0.9480228
OR2G2,5,4,0.8,0.76954946,0.8286186
OR2M3,5,4,0.8,0.746242804,0.8307415
OR4C15,5,4,0.8,0.9038398860000001,0.9754648
OR4K5,5,4,0.8,0.8255457119999999,0.9489775
OR56A4,5,4,0.8,0.845875644,0.98443663
OR5B17,5,4,0.8,0.788125374,0.94272
OR5D14,5,4,0.8,0.8253423599999999,0.96078676
OR5L1,5,4,0.8,0.769398858,0.9874126
OSBPL3,5,4,0.8,0.8593022359999999,0.9913492
OSMR,5,4,0.8,0.871457994,0.8876118
PCDH1,5,4,0.8,0.77319696,0.9284119
PCDHA11,5,4,0.8,0.8505302020000001,0.9286076
PHF2,5,4,0.8,0.711176107622,0.854482
PIGK,5,4,0.8,0.893203386,0.97650653
PIGR,5,4,0.8,0.7606003151999999,0.90728456
PKD2,5,4,0.8,0.761286184,0.92371786
PKD2L2,5,4,0.8,0.8367463900000001,0.97277504
PKN1,5,4,0.8,0.724611726867491,0.88973194
PLCB4,5,4,0.8,0.77354984307,0.95069045
PLEKHG7,5,4,0.8,0.7737890926900001,0.9737143
PNMA8A,5,4,0.8,0.789904308,0.9471056
PPFIA3,5,4,0.8,0.777459545823646,0.9722583
PPP1R12C,5,4,0.8,0.7858956380137233,0.97874135
PRKAR1B,5,4,0.8,0.8948163960000001,0.91160685
PRTG,5,4,0.8,0.8479996679999999,0.97234476
PSG3,5,4,0.8,0.8477345279999999,0.986166
PTH2R,5,4,0.8,0.7826872460031034,0.98547864
PTPN6,5,4,0.8,0.854889496,0.96373934
PTPRJ,5,4,0.8,0.8095747369999999,0.9897193
RAB3GAP1,5,4,0.8,0.7576834396,0.94155467
RBM12,5,4,0.8,0.9095722759999999,0.9911067
RBPJL,5,4,0.8,0.7959747420000001,0.98498386
RHOBTB1,5,4,0.8,0.829064696,0.9913657
RPS6KA1,5,4,0.8,0.817745088,0.9627776
RRAD,5,4,0.8,0.8577075479999999,0.97372234
RTN3,5,4,0.8,0.7816675708,0.99075097
RTTN,5,4,0.8,0.89448606,0.9769719
SCFD1,5,4,0.8,0.894106122,0.9480009
SCG2,5,4,0.8,0.8618257079999999,0.90408474
SECISBP2L,5,4,0.8,0.7849076883999999,0.97677976
SERPINA5,5,4,0.8,0.7325565268125598,0.89065987
SERPINB2,5,4,0.8,0.787453162,0.9115067
SETDB1,5,4,0.8,0.7739214688,0.97510725
SH3KBP1,5,4,0.8,0.78168413192,0.9759951
SLC17A2,5,4,0.8,0.849903162,0.95775485
SLC29A2,5,4,0.8,0.7917062801954,0.99121124
SLC39A10,5,4,0.8,0.853449524,0.97687244
SLC39A9,5,4,0.8,0.806651882,0.93353975
SLC3A1,5,4,0.8,0.873111082,0.95340127
SLC6A20,5,4,0.8,0.744084000948,0.94356924
SLCO3A1,5,4,0.8,0.8296642280000001,0.9227679
SNTG1,5,4,0.8,0.866844216,0.99145156
SPAG9,5,4,0.8,0.7572243193706599,0.98092616
STK10,5,4,0.8,0.7463385988915647,0.89922476
SUN1,5,4,0.8,0.8379668779999999,0.9717989
TAOK3,5,4,0.8,0.833039752,0.98224753
TAS2R41,5,4,0.8,0.906536996,0.99126875
TBX22,5,4,0.8,0.862659874,0.9756994
TDRD1,5,4,0.8,0.8046831799999999,0.99006593
TDRD3,5,4,0.8,0.7635036561999999,0.96845466
TENT5C,5,4,0.8,0.861792776,0.97152674
TES,5,4,0.8,0.8603080139999999,0.991323
TREML2,5,4,0.8,0.781860074,0.93605494
TRIM36,5,4,0.8,0.7867084714000001,0.9835925
TSKS,5,4,0.8,0.790042470474699,0.98864883
TTF2,5,4,0.8,0.870171498,0.97982806
TYW1,5,4,0.8,0.74406951108,0.96298105
UBA7,5,4,0.8,0.9066394819999999,0.98699886
UBAP2L,5,4,0.8,0.7500388116075,0.9541105
UBQLN3,5,4,0.8,0.742331656,0.9138005
UPP1,5,4,0.8,0.803816256,0.96339875
USP17L2,5,4,0.8,0.78769952528,0.982897
USP49,5,4,0.8,0.7620339801196601,0.9605905
USP7,5,4,0.8,0.87695229,0.9913322
VIL1,5,4,0.8,0.7710716438333444,0.9617325
VPS52,5,4,0.8,0.7867084013700001,0.97984797
WASF4P,5,4,0.8,0.7906280000010107,0.9882647
WDR48,5,4,0.8,0.7341452315172,0.8624683
WNT9B,5,4,0.8,0.749124127,0.966407
XKR7,5,4,0.8,0.8828166639999999,0.97767043
XPOT,5,4,0.8,0.8564087199999999,0.9209175
XRN2,5,4,0.8,0.899097576,0.99145657
YTHDC1,5,4,0.8,0.764293619512,0.9396005
ZBTB22,5,4,0.8,0.8363277840000001,0.9681149
ZCCHC4,5,4,0.8,0.775516060607214,0.9667191
ZFPM2,5,4,0.8,0.789699622,0.91153455
ZFYVE16,5,4,0.8,0.760162096116,0.95276445
ZHX1,5,4,0.8,0.7638968842,0.98934853
ZNF136,5,4,0.8,0.7830846602652,0.9693067
ZNF169,5,4,0.8,0.7562819885374,0.9311488
ZNF215,5,4,0.8,0.7524850183508,0.95975107
ZNF595,5,4,0.8,0.932510564,0.97802037
ZNF646,5,4,0.8,0.8510371259999999,0.97709423
ZNF7,5,4,0.8,0.815762976,0.99045056
ZNF701,5,4,0.8,0.764772808,0.9302965
ZSCAN22,5,4,0.8,0.882519774,0.97486377
ABCC12,6,4,0.6666666666666666,0.7123411202333333,0.98821055
ABR,6,4,0.6666666666666666,0.655785728212621,0.9776679349999999
ADAMTS6,6,4,0.6666666666666666,0.7768307266666666,0.92572063
ADGRG7,6,4,0.6666666666666666,0.7995397949999999,0.9849084
AGMO,6,4,0.6666666666666666,0.6571686603018484,0.844971775
AMPD3,6,4,0.6666666666666666,0.7159314552878334,0.91198085
ANKRD12,6,4,0.6666666666666666,0.7258082416666666,0.93143405
ANKRD17,6,4,0.6666666666666666,0.7490114452332128,0.936630465
ANKRD50,6,4,0.6666666666666666,0.71237253744045,0.9168615200000001
AP3B1,6,4,0.6666666666666666,0.6506726946083333,0.93068453
AQR,6,4,0.6666666666666666,0.7893287316666666,0.88830009
ASAH2,6,4,0.6666666666666666,0.64994249032385,0.961119285
ATP2A1,6,4,0.6666666666666666,0.8074458550000001,0.8899267150000001
B4GALNT3,6,4,0.6666666666666666,0.757803854874104,0.93846294
BCLAF3,6,4,0.6666666666666666,0.764251726209,0.9559872
BPIFB2,6,4,0.6666666666666666,0.6595061220048616,0.973085345
CARD14,6,4,0.6666666666666666,0.66543513145,0.9730134500000001
CASP8AP2,6,4,0.6666666666666666,0.713004920362725,0.96191463
CBLB,6,4,0.6666666666666666,0.66424258437802,0.9522065
CCIN,6,4,0.6666666666666666,0.7635906316666666,0.8401348799999999
CCNB3,6,4,0.6666666666666666,0.662429841,0.8713933199999999
CD14,6,4,0.6666666666666666,0.7309509200000001,0.791757
CDH23,6,4,0.6666666666666666,0.6842280938547242,0.9504122
CDX4,6,4,0.6666666666666666,0.6490177032819333,0.966217975
CHP2,6,4,0.6666666666666666,0.7085159377856334,0.99137918
CIC,6,4,0.6666666666666666,0.6487624794085359,0.9551175000000001
CLSTN2,6,4,0.6666666666666666,0.7083573240000001,0.9880535500000001
CNNM2,6,4,0.6666666666666666,0.6519179529397502,0.9670556349999999
CNTN2,6,4,0.6666666666666666,0.6582126283698199,0.98315318
COL4A1,6,4,0.6666666666666666,0.6588576762195001,0.91378656
COL6A5,6,4,0.6666666666666666,0.6789374758068334,0.9881938
CUX1,6,4,0.6666666666666666,0.73247531,0.97671682
CYP3A7,6,4,0.6666666666666666,0.7255434166666667,0.9912947000000001
DGKB,6,4,0.6666666666666666,0.6667037835,0.8382441
DGKG,6,4,0.6666666666666666,0.6160294548666666,0.85952205
DISP1,6,4,0.6666666666666666,0.7119993133333334,0.93835683
DMBX1,6,4,0.6666666666666666,0.6611229951666666,0.7988168
DNAJC6,6,4,0.6666666666666666,0.7532107866666666,0.987922185
DNMT1,6,4,0.6666666666666666,0.8514451716666667,0.9823063599999999
DOCK11,6,4,0.6666666666666666,0.8289081166666666,0.98273
DSE,6,4,0.6666666666666666,0.791596155,0.9753769699999999
DYRK1A,6,4,0.6666666666666666,0.7132979750368621,0.9448685
EBF1,6,4,0.6666666666666666,0.83776708,0.9330061000000001
ELAPOR2,6,4,0.6666666666666666,0.7091986583033334,0.890922165
ELAVL2,6,4,0.6666666666666666,0.6345802929666667,0.82891125
EPHA7,6,4,0.6666666666666666,0.7779203483333333,0.96454425
ERBIN,6,4,0.6666666666666666,0.7211499786666667,0.9584355950000001
FAM120A,6,4,0.6666666666666666,0.6231949822336866,0.889345915
FBLN5,6,4,0.6666666666666666,0.6588046661566667,0.92092655
FGD1,6,4,0.6666666666666666,0.7283991947866667,0.94163247
FMN2,6,4,0.6666666666666666,0.7219483666666666,0.9339738500000001
FMNL1,6,4,0.6666666666666666,0.6715338616667074,0.89575377
FNIP1,6,4,0.6666666666666666,0.6493175951083333,0.9504102999999999
FSIP2,6,4,0.6666666666666666,0.6178179265463167,0.8667890300000001
GEM,6,4,0.6666666666666666,0.6578204183333333,0.9388920949999999
GEN1,6,4,0.6666666666666666,0.64616723064,0.9508679200000001
GGNBP2,6,4,0.6666666666666666,0.7272719100000001,0.91553532
GPLD1,6,4,0.6666666666666666,0.6304858220384644,0.90011475
GPR141,6,4,0.6666666666666666,0.6824087196666667,0.873631895
GRID1,6,4,0.6666666666666666,0.6965233655430266,0.974451175
GTPBP3,6,4,0.6666666666666666,0.7356874499999999,0.9238861249999999
GYS2,6,4,0.6666666666666666,0.7055524208333334,0.9735319250000001
HACE1,6,4,0.6666666666666666,0.7564647290000001,0.936929225
HDC,6,4,0.6666666666666666,0.737042025151,0.916310865
HERC5,6,4,0.6666666666666666,0.6468449810071583,0.951283235
HGF,6,4,0.6666666666666666,0.836621545,0.96759455
IBTK,6,4,0.6666666666666666,0.6488378295383334,0.9571965250000001
ITGA2,6,4,0.6666666666666666,0.6359147975621667,0.9162896700000001
JADE3,6,4,0.6666666666666666,0.6582608846253807,0.9846411049999999
JMY,6,4,0.6666666666666666,0.6492181424351542,0.891009135
KCNH6,6,4,0.6666666666666666,0.7115385400424618,0.86061528
KCNK5,6,4,0.6666666666666666,0.6766987502402416,0.88221715
KCNQ3,6,4,0.6666666666666666,0.8474285899999999,0.95684317
KDM3B,6,4,0.6666666666666666,0.7067164233333334,0.900927035
KDM5C,6,4,0.6666666666666666,0.5925743782493168,0.79729058
KIAA0232,6,4,0.6666666666666666,0.7251306980000001,0.961944275
KIAA1522,6,4,0.6666666666666666,0.6675743683333334,0.90243162
KIF14,6,4,0.6666666666666666,0.7511553430000001,0.9015531299999999
KLK4,6,4,0.6666666666666666,0.6064375384666667,0.81233535
KRT23,6,4,0.6666666666666666,0.7322425221666666,0.9135415
KRT31,6,4,0.6666666666666666,0.7379800799999999,0.94631732
LARP4B,6,4,0.6666666666666666,0.78534073,0.91177727
LEMD3,6,4,0.6666666666666666,0.6516207448470367,0.9661326
LEXM,6,4,0.6666666666666666,0.6725600357124907,0.983864675
LHCGR,6,4,0.6666666666666666,0.7044637915433333,0.9016911000000001
LILRB1,6,4,0.6666666666666666,0.6574115660000001,0.94787775
LRIF1,6,4,0.6666666666666666,0.7262953799999999,0.927183475
LRP12,6,4,0.6666666666666666,0.6921837399999999,0.9146209350000001
LRP4,6,4,0.6666666666666666,0.6298642685,0.81590003
MBNL1,6,4,0.6666666666666666,0.8704806983333334,0.96326588
MCM7,6,4,0.6666666666666666,0.7880674225000001,0.9809684249999999
MEGF6,6,4,0.6666666666666666,0.6470431213778373,0.949769495
MFSD6L,6,4,0.6666666666666666,0.6121619259482833,0.861246465
MOV10L1,6,4,0.6666666666666666,0.7567320206666667,0.987655935
MTM1,6,4,0.6666666666666666,0.6983491938334166,0.933729075
MTNR1B,6,4,0.6666666666666666,0.7933278733333333,0.8861407800000001
MYLK3,6,4,0.6666666666666666,0.7162952133333333,0.9444186
MYO1E,6,4,0.6666666666666666,0.7054626650000001,0.97076445
NCAN,6,4,0.6666666666666666,0.7303566520877615,0.964153
NCL,6,4,0.6666666666666666,0.7519581996666665,0.9252731
NCOA7,6,4,0.6666666666666666,0.6540574579283334,0.9699865750000001
NEDD4,6,4,0.6666666666666666,0.5987197610594267,0.83059031
NEGR1,6,4,0.6666666666666666,0.6721224668333333,0.9521883
NEURL4,6,4,0.6666666666666666,0.6332886841084403,0.91153
NFATC1,6,4,0.6666666666666666,0.6571043363449995,0.89065075
ONECUT2,6,4,0.6666666666666666,0.7001147052469263,0.951104175
OPRK1,6,4,0.6666666666666666,0.7733260103333333,0.97793617
OR10A3,6,4,0.6666666666666666,0.7262638579999999,0.88037911
OR13G1,6,4,0.6666666666666666,0.7796927016666667,0.9017032
OR2AG1,6,4,0.6666666666666666,0.7387577600000839,0.869704625
OR4A47,6,4,0.6666666666666666,0.7238765833333334,0.8631274250000001
OR51A2,6,4,0.6666666666666666,0.7777467133671933,0.98805097
OR52B6,6,4,0.6666666666666666,0.68026768,0.9330523900000001
OR5T3,6,4,0.6666666666666666,0.8449401016666668,0.9766379000000001
OR6C1,6,4,0.6666666666666666,0.70848793210255,0.85685535
OR6M1,6,4,0.6666666666666666,0.708806385,0.85365685
OR8H1,6,4,0.6666666666666666,0.7286975663,0.8904638
OR9G4,6,4,0.6666666666666666,0.73509842,0.852467265
OTUB2,6,4,0.6666666666666666,0.6265789783919574,0.88835865
P2RY10,6,4,0.6666666666666666,0.7126998994,0.9898492
P4HA2,6,4,0.6666666666666666,0.8345509249999999,0.8999754799999999
PCDHB10,6,4,0.6666666666666666,0.7507001322554333,0.99044773
PCDHGA3,6,4,0.6666666666666666,0.6984540625000001,0.9906875850000001
PDE3B,6,4,0.6666666666666666,0.7183765978333333,0.91720245
PGK2,6,4,0.6666666666666666,0.7470619800249999,0.9651073
PIK3AP1,6,4,0.6666666666666666,0.7519218080979768,0.96704298
PIK3R6,6,4,0.6666666666666666,0.7119251276305473,0.90293715
PIKFYVE,6,4,0.6666666666666666,0.682204025,0.87354315
PIWIL4,6,4,0.6666666666666666,0.7035757053333334,0.885776815
PKD2L1,6,4,0.6666666666666666,0.6761007625,0.86717923
PLEKHA7,6,4,0.6666666666666666,0.6604241638580947,0.989628495
PORCN,6,4,0.6666666666666666,0.7935537116666667,0.97079145
PPP2R1B,6,4,0.6666666666666666,0.7141706258833334,0.862666465
PTCH2,6,4,0.6666666666666666,0.6542051325542398,0.972243115
PTGFRN,6,4,0.6666666666666666,0.7225334916233334,0.864383575
PXDN,6,4,0.6666666666666666,0.649611678935305,0.9587518500000001
RBM27,6,4,0.6666666666666666,0.6541507625,0.94387398
RBM45,6,4,0.6666666666666666,0.65274662341412,0.97176045
REV1,6,4,0.6666666666666666,0.6462845561666667,0.90461591
RFC1,6,4,0.6666666666666666,0.759435875,0.8909771200000001
RFX4,6,4,0.6666666666666666,0.6898468603305,0.890413645
RHAG,6,4,0.6666666666666666,0.6998637259900001,0.8836453500000001
RHOBTB3,6,4,0.6666666666666666,0.72981571,0.894631765
RPS5,6,4,0.6666666666666666,0.7355731849166668,0.97597051
RSF1,6,4,0.6666666666666666,0.7735012800000001,0.979722915
RXRA,6,4,0.6666666666666666,0.7337958748444641,0.87104782
SCAF4,6,4,0.6666666666666666,0.7512143020833334,0.9562914
SCNN1B,6,4,0.6666666666666666,0.7082777566666666,0.97637465
SEMA3D,6,4,0.6666666666666666,0.6773140271666667,0.893301575
SEPTIN14,6,4,0.6666666666666666,0.636979773882913,0.9410543849999999
SERPINA4,6,4,0.6666666666666666,0.7014205761633333,0.938404145
SIPA1L1,6,4,0.6666666666666666,0.7341865133333334,0.9705501
SKIV2L,6,4,0.6666666666666666,0.7095046363458333,0.8733320200000001
SLC13A3,6,4,0.6666666666666666,0.6285009671914378,0.9014146249999999
SLC23A2,6,4,0.6666666666666666,0.74079086,0.9417062199999999
SLC46A2,6,4,0.6666666666666666,0.6577549308519283,0.980957825
SLC4A4,6,4,0.6666666666666666,0.7682742833333333,0.90086545
SLCO1B3,6,4,0.6666666666666666,0.7096966543333334,0.9431088000000001
SLU7,6,4,0.6666666666666666,0.6892981532349999,0.87064115
SMC1B,6,4,0.6666666666666666,0.7388317933336482,0.90728532
SNX18,6,4,0.6666666666666666,0.6762154303639166,0.962198825
SNX25,6,4,0.6666666666666666,0.79913139,0.83673575
SPATA16,6,4,0.6666666666666666,0.6339738369666666,0.90965677
SPTLC3,6,4,0.6666666666666666,0.7491426149999999,0.916508875
SUN3,6,4,0.6666666666666666,0.6781135445370833,0.9840852250000001
SV2A,6,4,0.6666666666666666,0.8211317600000001,0.988336
SYT13,6,4,0.6666666666666666,0.6335388926666666,0.839058725
TCN1,6,4,0.6666666666666666,0.8056811700000001,0.98023682
TEC,6,4,0.6666666666666666,0.7459047883333333,0.90484885
TLE1,6,4,0.6666666666666666,0.6562241159236114,0.976425925
TRAT1,6,4,0.6666666666666666,0.7307192533333334,0.8613668800000001
TSHZ3,6,4,0.6666666666666666,0.6247461228092571,0.885718165
TSR1,6,4,0.6666666666666666,0.6815093113333334,0.990822385
UGT2B7,6,4,0.6666666666666666,0.8245655350000001,0.86658138
USP5,6,4,0.6666666666666666,0.6644558833333334,0.89447209
WNK4,6,4,0.6666666666666666,0.6879896911666666,0.969323215
XPO1,6,4,0.6666666666666666,0.6479002107466666,0.95787813
ZFP57,6,4,0.6666666666666666,0.7174976900000001,0.8449086
ZHX2,6,4,0.6666666666666666,0.7762855916000001,0.971679725
ZHX3,6,4,0.6666666666666666,0.7100222300833333,0.94918115
ZNF197,6,4,0.6666666666666666,0.7109983575678617,0.956849335
ZNF445,6,4,0.6666666666666666,0.7348334583333332,0.9776106499999999
ZNF569,6,4,0.6666666666666666,0.6745553883333333,0.93860615
ZNF605,6,4,0.6666666666666666,0.7798062583333333,0.966790575
ZNF800,6,4,0.6666666666666666,0.62813091055,0.836073905
AC008397.2,7,4,0.5714285714285714,0.6226541470474114,0.7981632
ACSM2B,7,4,0.5714285714285714,0.7512903507142857,0.95523936
ADD2,7,4,0.5714285714285714,0.7404460485714285,0.85864943
ANKS6,7,4,0.5714285714285714,0.6450232581428572,0.800897
APLP2,7,4,0.5714285714285714,0.6246233215714286,0.77252483
ARMC3,7,4,0.5714285714285714,0.5693845492608571,0.8746388
ASIC2,7,4,0.5714285714285714,0.557179708842763,0.96555316
ATP2A3,7,4,0.5714285714285714,0.7523964271428571,0.8544812
C8A,7,4,0.5714285714285714,0.7069422157142858,0.921919
CAND1,7,4,0.5714285714285714,0.6392308883652144,0.77834326
CDHR1,7,4,0.5714285714285714,0.6862566371192858,0.83061284
CDRT1,7,4,0.5714285714285714,0.6677583868142857,0.8975979
CEP70,7,4,0.5714285714285714,0.6654265328571428,0.90389407
CFAP44,7,4,0.5714285714285714,0.6395626114285714,0.98098767
CHD7,7,4,0.5714285714285714,0.6663427125717492,0.9317328
CHSY3,7,4,0.5714285714285714,0.6487922742857143,0.9251845
CLIP1,7,4,0.5714285714285714,0.6977892892857144,0.99022305
CPD,7,4,0.5714285714285714,0.5586210381428571,0.75607485
CYP4F12,7,4,0.5714285714285714,0.6768648471428571,0.876775
EBF2,7,4,0.5714285714285714,0.7680049642857142,0.9016798
EFHB,7,4,0.5714285714285714,0.6675622812474286,0.96341074
FAM13A,7,4,0.5714285714285714,0.6794763682857143,0.9666266
FAM189A2,7,4,0.5714285714285714,0.5372861731210316,0.78689945
FCRL2,7,4,0.5714285714285714,0.6640594085714285,0.832288
FFAR2,7,4,0.5714285714285714,0.55185210648789,0.91164875
FOXJ3,7,4,0.5714285714285714,0.6958807717142858,0.8918932
FOXM1,7,4,0.5714285714285714,0.5643124157285715,0.8781229
GRHL3,7,4,0.5714285714285714,0.6107878042966475,0.770598
GRK7,7,4,0.5714285714285714,0.6056264727236387,0.8506908
GRM6,7,4,0.5714285714285714,0.5806606892171429,0.8801021
HCK,7,4,0.5714285714285714,0.6567051385714286,0.854052
HEATR1,7,4,0.5714285714285714,0.6482986085714285,0.9783286
HIPK1,7,4,0.5714285714285714,0.7211245185714285,0.82363236
HSPA2,7,4,0.5714285714285714,0.6656364663767629,0.9115581
ITGA6,7,4,0.5714285714285714,0.6152637051104506,0.8558791
KCND2,7,4,0.5714285714285714,0.5932608057142856,0.81659734
KCNH1,7,4,0.5714285714285714,0.6207357965588829,0.8709725
KCNH7,7,4,0.5714285714285714,0.6515352201908186,0.959493
KL,7,4,0.5714285714285714,0.6517544372886286,0.97381413
KNDC1,7,4,0.5714285714285714,0.5224234116295,0.78469104
LAMC2,7,4,0.5714285714285714,0.6880735779428572,0.8973163
LRRC8B,7,4,0.5714285714285714,0.6626179577857142,0.9568688
MAPK8IP3,7,4,0.5714285714285714,0.5072938735728665,0.7899543
MFSD2A,7,4,0.5714285714285714,0.528296983202211,0.8293851
MPO,7,4,0.5714285714285714,0.6095674645554757,0.8497474
MSH4,7,4,0.5714285714285714,0.7820979971428572,0.8745877
MYO18B,7,4,0.5714285714285714,0.5660159095252619,0.9812215
NCOA6,7,4,0.5714285714285714,0.6814508471428571,0.8517987
NHS,7,4,0.5714285714285714,0.5636144510740715,0.83296895
NOX4,7,4,0.5714285714285714,0.6061151862,0.8583635
NUMA1,7,4,0.5714285714285714,0.6285967270571428,0.76681024
OR2H1,7,4,0.5714285714285714,0.7065907810228572,0.9136339
OR5A1,7,4,0.5714285714285714,0.7135855785714286,0.84635603
PACS1,7,4,0.5714285714285714,0.6291854878333855,0.9753769
PCDHB14,7,4,0.5714285714285714,0.6823291476142856,0.94832814
PCDHB16,7,4,0.5714285714285714,0.5956911500000001,0.95552146
PDGFRB,7,4,0.5714285714285714,0.6020495502760028,0.7848051
PDILT,7,4,0.5714285714285714,0.7159854557142857,0.796043
PEAK1,7,4,0.5714285714285714,0.6701985542857143,0.84790534
PGM5,7,4,0.5714285714285714,0.7587847785714287,0.8729238
PIWIL3,7,4,0.5714285714285714,0.7314216457142857,0.83113414
POGZ,7,4,0.5714285714285714,0.6268241945327657,0.83978665
PRKCB,7,4,0.5714285714285714,0.5497755386142857,0.7881829
PRKCD,7,4,0.5714285714285714,0.8000026971428572,0.96460474
PRPF40B,7,4,0.5714285714285714,0.7248388578571429,0.8730176
PSD3,7,4,0.5714285714285714,0.6185390174285714,0.9234181
PTPRU,7,4,0.5714285714285714,0.6086349786744097,0.82912654
PZP,7,4,0.5714285714285714,0.6762948342857144,0.86523765
RALGAPA2,7,4,0.5714285714285714,0.5439021893162671,0.9115389
RANBP17,7,4,0.5714285714285714,0.6743440813285714,0.9052006
RBM44,7,4,0.5714285714285714,0.6468359404793974,0.9273575
RET,7,4,0.5714285714285714,0.6310729052857144,0.94759977
RGS12,7,4,0.5714285714285714,0.6472452017624002,0.9384977
RIPK4,7,4,0.5714285714285714,0.6586212096466543,0.89140266
RPTOR,7,4,0.5714285714285714,0.6622236203285782,0.96181524
RTL3,7,4,0.5714285714285714,0.508645957889439,0.786095
RUSC2,7,4,0.5714285714285714,0.5749543297441383,0.9556893
RUVBL2,7,4,0.5714285714285714,0.6505102785714286,0.9743046
RXFP1,7,4,0.5714285714285714,0.6083408145542857,0.9900641
SERPINA1,7,4,0.5714285714285714,0.5957195885325713,0.84314835
SH2B2,7,4,0.5714285714285714,0.5451109982059442,0.84973514
SIGLEC11,7,4,0.5714285714285714,0.5799429821618972,0.909666
SIGLEC8,7,4,0.5714285714285714,0.6277784114696654,0.878625
SIGLEC9,7,4,0.5714285714285714,0.5668570742857143,0.8037928
SLC4A2,7,4,0.5714285714285714,0.6762163272857143,0.96597487
SPAM1,7,4,0.5714285714285714,0.6354850731428572,0.81315875
SPATA31A3,7,4,0.5714285714285714,0.5450145770836,0.8663747
ST6GALNAC3,7,4,0.5714285714285714,0.5920882529278266,0.9900275
STK35,7,4,0.5714285714285714,0.5506848709092121,0.8441181
SV2B,7,4,0.5714285714285714,0.6158445114285714,0.9414715
TANC1,7,4,0.5714285714285714,0.619207362255,0.91154116
TESK1,7,4,0.5714285714285714,0.62918202889,0.7754221
TGFBR2,7,4,0.5714285714285714,0.6979031471428572,0.8875719
THBS1,7,4,0.5714285714285714,0.735206788,0.9273848
THBS2,7,4,0.5714285714285714,0.515767919616829,0.7845745
TLR2,7,4,0.5714285714285714,0.5958448664285714,0.8368263
TMC5,7,4,0.5714285714285714,0.6876223109294285,0.9776923
TMEM255A,7,4,0.5714285714285714,0.6324772257957143,0.955156
TRIM42,7,4,0.5714285714285714,0.7087858414285714,0.89341146
TTC7A,7,4,0.5714285714285714,0.6261269938755215,0.84690404
UBR1,7,4,0.5714285714285714,0.6132828569057143,0.8564658
UNC13C,7,4,0.5714285714285714,0.5495372590322163,0.92818236
VARS1,7,4,0.5714285714285714,0.5238366043840977,0.8158371
ZNF254,7,4,0.5714285714285714,0.679143122672,0.9881275
ZNF460,7,4,0.5714285714285714,0.7767970085714285,0.97758967
ZP4,7,4,0.5714285714285714,0.6285105874714285,0.8157211
ZSWIM5,7,4,0.5714285714285714,0.60440922444121,0.7521613
ABCC10,8,4,0.5,0.59941294125,0.597922215
ADAM28,8,4,0.5,0.6148561937541325,0.76061112
ADAMDEC1,8,4,0.5,0.6288463809434119,0.75246862
AKAP6,8,4,0.5,0.5894472576704924,0.71129692
ARHGAP32,8,4,0.5,0.5389898687694312,0.6378694
ARID4B,8,4,0.5,0.690642961625,0.82932385
ASTL,8,4,0.5,0.6701547583025,0.783155975
ATP2C1,8,4,0.5,0.73954454125,0.76305858
BRD4,8,4,0.5,0.5984533947062933,0.7346218
CASP1,8,4,0.5,0.549628450125,0.5989514499999999
CHD2,8,4,0.5,0.5169431505375001,0.50065598
CHD8,8,4,0.5,0.5294172537393562,0.63443603
CLCNKB,8,4,0.5,0.5851546234115838,0.71688855
CNTN3,8,4,0.5,0.5823885785,0.7172171199999999
COL19A1,8,4,0.5,0.6569956351,0.74810683
CTDP1,8,4,0.5,0.50269116638875,0.508663385
CYP4A11,8,4,0.5,0.588066067275,0.767521915
DCLK1,8,4,0.5,0.597062297353375,0.711009875
DDX60,8,4,0.5,0.668940289633375,0.7772320500000001
DIP2C,8,4,0.5,0.5483951614487758,0.6908302
DSC2,8,4,0.5,0.6364036723127787,0.786144175
DUOX2,8,4,0.5,0.5124231166198956,0.630301985
EHD3,8,4,0.5,0.6845767433750001,0.77690128
EPX,8,4,0.5,0.6922640875,0.75522835
ERG,8,4,0.5,0.5195140545116378,0.5712657800000001
EVC2,8,4,0.5,0.43970208584875003,0.3955135
FYB1,8,4,0.5,0.5280016368036737,0.525675205
GJA8,8,4,0.5,0.5190627362015175,0.58432409
GOLGA4,8,4,0.5,0.579625529125,0.734126975
GOLGB1,8,4,0.5,0.60690187375,0.69990865
HEPH,8,4,0.5,0.5304205482483708,0.65073079
HNF1B,8,4,0.5,0.6075712871575,0.77659922
IL1RAPL2,8,4,0.5,0.47836456135198147,0.448818505115415
INPP5K,8,4,0.5,0.5123691598220775,0.582468
INTS12,8,4,0.5,0.49963292711622376,0.510515378
KIF13B,8,4,0.5,0.4900808786868158,0.47319767040000005
KIF21A,8,4,0.5,0.74909349125,0.737037575
MAN2B2,8,4,0.5,0.5389872653150001,0.696855265
MAP7D2,8,4,0.5,0.5190737918713487,0.57248983
MAS1L,8,4,0.5,0.5920356123625,0.75970257
MTF1,8,4,0.5,0.6280234760125,0.7167079
MYH7B,8,4,0.5,0.6522979856773149,0.8606891249999999
MYO16,8,4,0.5,0.493858131659625,0.49080593135
MYO1A,8,4,0.5,0.6320115011125,0.824069145
MYO5C,8,4,0.5,0.5659421464547255,0.7659548
MYO7A,8,4,0.5,0.5538655106451871,0.7497746350000001
MYOM3,8,4,0.5,0.5513807307988338,0.67392338
NDN,8,4,0.5,0.5023991955648355,0.5610428700000001
NPAS4,8,4,0.5,0.72730509625,0.828421055
NRG1,8,4,0.5,0.5822374303911699,0.66203223
OTUD4,8,4,0.5,0.6732107797,0.7588064
PCDHGB2,8,4,0.5,0.55008252403483,0.615724875
PLB1,8,4,0.5,0.5338591702046018,0.7005428
POF1B,8,4,0.5,0.49225477083112323,0.590086
PROX1,8,4,0.5,0.4934389250326832,0.53121897
RABEP1,8,4,0.5,0.657007942998265,0.77889467
RAPGEF6,8,4,0.5,0.6024730929310533,0.7745634299999999
REPIN1,8,4,0.5,0.5919684901946782,0.737559525
RIF1,8,4,0.5,0.6039164293914,0.744330495
SCML2,8,4,0.5,0.62208441791875,0.784926365
SCN8A,8,4,0.5,0.5713495319125,0.65340954
SLC22A9,8,4,0.5,0.7157221,0.8135496
TEX11,8,4,0.5,0.5311177328750158,0.630660965
TEX2,8,4,0.5,0.658809724,0.781318525
TMEM131L,8,4,0.5,0.617332276805607,0.747481525
TMTC1,8,4,0.5,0.4955941094376164,0.48395767
TRIOBP,8,4,0.5,0.5974354737473437,0.80760468
UPF2,8,4,0.5,0.6701056505,0.739030225
VPS13C,8,4,0.5,0.6081270915375,0.6755921
WWC3,8,4,0.5,0.5132223038208094,0.6305972049999999
ZNF318,8,4,0.5,0.6145004038749999,0.8605942
APBA1,9,4,0.4444444444444444,0.48406485098025226,0.15909955
ARMC4,9,4,0.4444444444444444,0.4356434983457127,0.008001116
ARSF,9,4,0.4444444444444444,0.43864489326685274,0.18122225
ASCC3,9,4,0.4444444444444444,0.6326692042087778,0.7144532
ATP13A2,9,4,0.4444444444444444,0.5816910618444445,0.53058994
ATRNL1,9,4,0.4444444444444444,0.5114912374175778,0.3981045
B4GALNT1,9,4,0.4444444444444444,0.6577029529999999,0.69217193
BMP3,9,4,0.4444444444444444,0.5361287579551693,0.5074443
CACNA1I,9,4,0.4444444444444444,0.462804272082198,0.20932376
CEP104,9,4,0.4444444444444444,0.4914347655888889,0.58009344
CFAP57,9,4,0.4444444444444444,0.5816308003777778,0.6853866
CRYBG1,9,4,0.4444444444444444,0.6174976803159222,0.63486934
DCHS1,9,4,0.4444444444444444,0.44867656120706406,0.18421595
DGKD,9,4,0.4444444444444444,0.5541268077322267,0.46099743
DRC7,9,4,0.4444444444444444,0.5083265574902376,0.6234181
ECPAS,9,4,0.4444444444444444,0.515653163562348,0.516769
F13A1,9,4,0.4444444444444444,0.5267200085721997,0.3454767
GTF3C1,9,4,0.4444444444444444,0.6539705134287831,0.6778727
HNF4A,9,4,0.4444444444444444,0.6030102953333334,0.6949608
HTR2C,9,4,0.4444444444444444,0.5161604855721322,0.6739545
IL18RAP,9,4,0.4444444444444444,0.6425982133333333,0.7066264
JMJD1C,9,4,0.4444444444444444,0.4858899873934722,0.32531282
KCNH5,9,4,0.4444444444444444,0.4910035651527256,0.4437226
MAGEB1,9,4,0.4444444444444444,0.4473284472264576,0.094080225
NALCN,9,4,0.4444444444444444,0.5711407445884515,0.5992368
NETO1,9,4,0.4444444444444444,0.46902837047333334,0.23766428
NLRP1,9,4,0.4444444444444444,0.5387172835066667,0.4331257
NUTM1,9,4,0.4444444444444444,0.4930964894444444,0.32934812
PAX3,9,4,0.4444444444444444,0.5295987430675653,0.5074419
PLCL2,9,4,0.4444444444444444,0.5901624833111111,0.62301594
RBM19,9,4,0.4444444444444444,0.6598733633333334,0.5950633
SEC16A,9,4,0.4444444444444444,0.49526947696834217,0.47145975
SHCBP1L,9,4,0.4444444444444444,0.6739351669863773,0.6728518
SLC27A2,9,4,0.4444444444444444,0.6218083252217466,0.6837089
SLC9A2,9,4,0.4444444444444444,0.5167049942505345,0.642649
SLITRK6,9,4,0.4444444444444444,0.4870467407622275,0.47982052
SPTBN1,9,4,0.4444444444444444,0.6107650533057067,0.7476526
ST6GAL2,9,4,0.4444444444444444,0.42958806529865445,0.1447557
TBC1D8,9,4,0.4444444444444444,0.43552975947325767,0.09229918
TNRC6C,9,4,0.4444444444444444,0.5383836666666667,0.71061677
TTC17,9,4,0.4444444444444444,0.6349048264168137,0.73285264
UBR2,9,4,0.4444444444444444,0.7044108890888889,0.7298755
UNC45B,9,4,0.4444444444444444,0.5232685929013956,0.41981697
ZNF518B,9,4,0.4444444444444444,0.5255409480000001,0.59242225
ZNF618,9,4,0.4444444444444444,0.5186418236482501,0.48432708
ZNF644,9,4,0.4444444444444444,0.6816765977777778,0.6947536
AKAP9,10,4,0.4,0.4692881738813,0.262735265
CFAP43,10,4,0.4,0.46495045980201805,0.3422267
DOCK2,10,4,0.4,0.5777919488000001,0.610037515
FHOD3,10,4,0.4,0.434934216488554,0.245566433
INPP5D,10,4,0.4,0.43833717834586017,0.211590685
KAT6B,10,4,0.4,0.49108292855881797,0.569424
KRT13,10,4,0.4,0.5857120496600439,0.613437295
MKI67,10,4,0.4,0.503503602137,0.5641972
PCNT,10,4,0.4,0.39352101911285237,0.064186904
POLQ,10,4,0.4,0.5809869816,0.5990765
RBBP6,10,4,0.4,0.4461000454041405,0.26495279
SERPINA11,10,4,0.4,0.56838131728023,0.6423207
SPTBN2,10,4,0.4,0.5569915114999999,0.5692270349999999
TEX14,10,4,0.4,0.48909665455999995,0.35560933
TPR,10,4,0.4,0.479071286330794,0.402364335
WNK2,10,4,0.4,0.3691760194323773,0.00021289766800000002
ZNF423,10,4,0.4,0.5410525989671902,0.5253503150000001
ZNF658,10,4,0.4,0.62009493993027,0.61890705
BNC2,11,4,0.36363636363636365,0.39739657639746667,0.049914207
CCDC158,11,4,0.36363636363636365,0.6184883189272727,0.58565015
CEP350,11,4,0.36363636363636365,0.37906339644052983,0.15857792
DOCK4,11,4,0.36363636363636365,0.4363883272357278,0.3322056
FOXA1,11,4,0.36363636363636365,0.4150940400419023,0.114749186
GABRG2,11,4,0.36363636363636365,0.5282847268609999,0.6617936
HHIPL2,11,4,0.36363636363636365,0.5882936067272727,0.5625631
MAST1,11,4,0.36363636363636365,0.4051819278481011,0.0007265415
MORC1,11,4,0.36363636363636365,0.5584329608418183,0.5967136
MYOM2,11,4,0.36363636363636365,0.5858781172050751,0.5450538
PIWIL1,11,4,0.36363636363636365,0.40786094757636365,0.22136998
RAD51AP2,11,4,0.36363636363636365,0.3459443786720209,1.3869053e-05
SLCO1B3-SLCO1B7,11,4,0.36363636363636365,0.46845354451786514,0.5071141
STAB1,11,4,0.36363636363636365,0.4844135230866517,0.48869225
ACAN,12,4,0.3333333333333333,0.3612288071861746,0.127309226
CACNA1H,12,4,0.3333333333333333,0.3739819193041996,0.139358026635
CD209,12,4,0.3333333333333333,0.5365934723833333,0.63026995
COL2A1,12,4,0.3333333333333333,0.3330069066382529,0.009330558400000001
KMT2B,12,4,0.3333333333333333,0.4402178827941267,0.35026855
SLC14A2,12,4,0.3333333333333333,0.6298701895,0.617368825
DOCK10,13,4,0.3076923076923077,0.4048111438363,0.38756716
FRMPD3,13,4,0.3076923076923077,0.41094246087527825,0.50773495
GCN1,13,4,0.3076923076923077,0.5520733256874335,0.63154054
L1CAM,13,4,0.3076923076923077,0.3301918839464368,2.480394e-10
NYAP2,13,4,0.3076923076923077,0.3483347107840879,0.15962681
OTOGL,13,4,0.3076923076923077,0.3445516692746305,0.0005447317
ZNF292,13,4,0.3076923076923077,0.44108640374633856,0.5364013
KPRP,14,4,0.2857142857142857,0.4989401412499414,0.551174405
SLCO6A1,14,4,0.2857142857142857,0.4169034104162857,0.268031425
MED12,15,4,0.26666666666666666,0.31384224277630435,0.0038210603
NCKAP1L,15,4,0.26666666666666666,0.5196920547077333,0.57653624
AARS2,3,3,1.0,0.97902304,0.97279286
ABHD11,3,3,1.0,0.8863746533333333,0.90173376
ABI3BP,3,3,1.0,0.9196947766666667,0.98447603
ACOX2,3,3,1.0,0.8999003733333334,0.94519186
ACP5,3,3,1.0,0.9892886866666667,0.9893233
ACRV1,3,3,1.0,0.9407364166666667,0.9471133
ACSF2,3,3,1.0,0.9083800166666666,0.88667005
ACTG2,3,3,1.0,0.9757698,0.9755678
ADM,3,3,1.0,0.9874396000000001,0.9874418
ADPRM,3,3,1.0,0.9904300200000001,0.9913891
AFAP1,3,3,1.0,0.9742208533333333,0.97741926
AHCYL2,3,3,1.0,0.9875733333333333,0.9913441
AKR1B15,3,3,1.0,0.9645597,0.9839315
AL136982.4,3,3,1.0,0.9765945199999999,0.983827
ALDH1A1,3,3,1.0,0.9899048266666667,0.98987234
ALG10B,3,3,1.0,0.9678076999999999,0.991471
ALPP,3,3,1.0,0.8935284133333333,0.9566312
AMD1,3,3,1.0,0.9111230333333333,0.89498514
ANGPT2,3,3,1.0,0.8734329666666666,0.8900846
APCDD1L,3,3,1.0,0.9617954866666666,0.99145776
ARFGAP2,3,3,1.0,0.9907481233333334,0.99136364
ARHGDIB,3,3,1.0,0.9914471866666666,0.9914799
ARL13A,3,3,1.0,0.9885248133333334,0.9881875
ARMC10,3,3,1.0,0.9894946333333333,0.9900333
ASAP3,3,3,1.0,0.9717289,0.9860312
ASMT,3,3,1.0,0.9854369333333333,0.9895901
ATG101,3,3,1.0,0.93151894,0.97913206
ATG16L1,3,3,1.0,0.8774372333333332,0.8219876
ATL1,3,3,1.0,0.8779722099999999,0.8610147
ATOH1,3,3,1.0,0.9890934666666666,0.9896741
ATP1A1,3,3,1.0,0.9819816766666666,0.9833851
ATXN1,3,3,1.0,0.8747937333333334,0.8848679
AVL9,3,3,1.0,0.9909234333333333,0.9911273
BCAS3,3,3,1.0,0.9907835199999999,0.99145246
BEST2,3,3,1.0,0.9853840799999999,0.98802304
BPIFA1,3,3,1.0,0.98072175,0.9777584
BTN2A2,3,3,1.0,0.9680208366666667,0.9793117
C5,3,3,1.0,0.9647189666666667,0.9912054
C6orf89,3,3,1.0,0.8642297033333334,0.8266731
C7orf31,3,3,1.0,0.9752776566666667,0.9816688
C7orf66,3,3,1.0,0.9805498766666667,0.97700936
CA10,3,3,1.0,0.8512096833333334,0.8737444
CA3,3,3,1.0,0.9866462566666666,0.9913669
CAB39,3,3,1.0,0.9781462033333334,0.9810982
CBFA2T3,3,3,1.0,0.9644447166666666,0.96525294
CBLL1,3,3,1.0,0.9257683,0.9751287
CCDC112,3,3,1.0,0.9564761266666667,0.99140173
CCDC136,3,3,1.0,0.9697350466666667,0.97748405
CCDC170,3,3,1.0,0.9650214033333334,0.97731066
CCDC181,3,3,1.0,0.9913140333333333,0.9914381
CCNE1,3,3,1.0,0.91069537,0.96763813
CCNH,3,3,1.0,0.9913394833333333,0.9913173
CCNL2,3,3,1.0,0.9878935866666666,0.99144113
CCNYL1,3,3,1.0,0.960924,0.9595178
CCZ1,3,3,1.0,0.9812567766666667,0.97767943
CD300LG,3,3,1.0,0.9779064733333334,0.9905624
CD84,3,3,1.0,0.9501124966666668,0.98136055
CD8A,3,3,1.0,0.9238773666666665,0.9757142
CDC42BPG,3,3,1.0,0.8895291799999999,0.89279014
CDK17,3,3,1.0,0.99132095,0.9912764
CDK20,3,3,1.0,0.8517912133333333,0.83297837
CDON,3,3,1.0,0.9803138166666666,0.9799739
CDYL,3,3,1.0,0.9896560666666666,0.991435
CEP41,3,3,1.0,0.9817106666666667,0.9913487
CEP85,3,3,1.0,0.9805338533333333,0.9831518
CERS3,3,3,1.0,0.9786316533333334,0.97485435
CES1,3,3,1.0,0.9451080033333333,0.973403
CFAP161,3,3,1.0,0.9539350133333334,0.9465565
CFAP300,3,3,1.0,0.98860159,0.9896688
CHAF1B,3,3,1.0,0.9105271866666667,0.9727696
CHRNA3,3,3,1.0,0.9145606866666668,0.9562585
CLCA2,3,3,1.0,0.9913833333333333,0.9913463
CLEC3A,3,3,1.0,0.9580567499999999,0.9553421
CLIP3,3,3,1.0,0.9881146666666667,0.9913414
CLPTM1,3,3,1.0,0.9824411866666667,0.9867344
CLPTM1L,3,3,1.0,0.9896127966666667,0.98980623
CLVS2,3,3,1.0,0.9854427933333333,0.98634964
CNGB3,3,3,1.0,0.9170054,0.8926697
CNOT2,3,3,1.0,0.9914286566666667,0.9914198
COL13A1,3,3,1.0,0.99127694,0.9914419
CPA2,3,3,1.0,0.9910028133333334,0.9914209
CPA5,3,3,1.0,0.9301516766666666,0.97912174
CPEB2,3,3,1.0,0.9852078999999999,0.98260164
CRISPLD2,3,3,1.0,0.9885637633333334,0.99128914
CRTAM,3,3,1.0,0.9913633866666668,0.99136996
CRYGN,3,3,1.0,0.92719352,0.95474726
CSE1L,3,3,1.0,0.9736523,0.9775441
CSN2,3,3,1.0,0.9675288333333333,0.9658287
CTSL3P,3,3,1.0,0.9900255666666666,0.99141735
CTTN,3,3,1.0,0.9867642866666667,0.9900699
CXCL6,3,3,1.0,0.9812054666666666,0.9880251
CYP27C1,3,3,1.0,0.9889207,0.9913901
CYP2R1,3,3,1.0,0.96793618,0.9656677
CYP7A1,3,3,1.0,0.9678095133333334,0.9568244
CYRIA,3,3,1.0,0.97409809,0.9791149
CYSTM1,3,3,1.0,0.9906723633333333,0.99092966
DCUN1D4,3,3,1.0,0.9827457333333333,0.9897441
DENND1B,3,3,1.0,0.9746545666666666,0.9912423
DGAT2,3,3,1.0,0.9772852333333333,0.9749196
DIO3,3,3,1.0,0.9489629700000001,0.9512986
DIP2B,3,3,1.0,0.9558920733333333,0.99004877
DLD,3,3,1.0,0.9872465866666666,0.99041736
DNAJC3,3,3,1.0,0.9752631633333334,0.9763266
DNAJC5B,3,3,1.0,0.9604141533333334,0.9823318
DNTTIP1,3,3,1.0,0.8949306699999999,0.8738962
DTX3L,3,3,1.0,0.9899357666666667,0.9903763
DUS4L,3,3,1.0,0.9796294,0.97548485
DUSP11,3,3,1.0,0.9336890333333333,0.9258835
DUXA,3,3,1.0,0.9781802599999999,0.97830063
DYNC2LI1,3,3,1.0,0.93101128,0.9364192
EBPL,3,3,1.0,0.9731201,0.9741469
EEFSEC,3,3,1.0,0.9314124933333333,0.97920233
EIF2AK1,3,3,1.0,0.9905870066666665,0.9905946
EIF4A1,3,3,1.0,0.9360386233333333,0.98546773
EMILIN3,3,3,1.0,0.9890654066666666,0.9896763
ENGASE,3,3,1.0,0.9875219233333333,0.9898393
EPGN,3,3,1.0,0.9905917,0.9914836
ESRRG,3,3,1.0,0.9592551333333333,0.9848881
EXTL2,3,3,1.0,0.96123351,0.95170903
EZH1,3,3,1.0,0.9910393966666667,0.99100834
F13B,3,3,1.0,0.9914196333333333,0.9914197
FAM221A,3,3,1.0,0.9645783133333333,0.9908035
FBXO11,3,3,1.0,0.9604724666666667,0.9724019
FBXO34,3,3,1.0,0.9437985833333333,0.97278625
FCER2,3,3,1.0,0.9891937333333334,0.9913156
FETUB,3,3,1.0,0.9605645333333334,0.9915109
FGF14,3,3,1.0,0.9844116133333333,0.98916024
FGF23,3,3,1.0,0.9131546333333334,0.8995725
FGFBP1,3,3,1.0,0.9779147333333333,0.9851295
FLRT2,3,3,1.0,0.8606626766666666,0.8516296
FOSB,3,3,1.0,0.9116026533333333,0.88101196
FPGT,3,3,1.0,0.9642939666666667,0.9897754
GADL1,3,3,1.0,0.9787592666666667,0.9895176
GALC,3,3,1.0,0.9479888333333334,0.94822705
GALNT13,3,3,1.0,0.98366124,0.98601556
GALNTL5,3,3,1.0,0.9893138666666667,0.991301
GDF6,3,3,1.0,0.96353826,0.97761494
GDNF,3,3,1.0,0.9508184833333333,0.9697129
GLYATL1,3,3,1.0,0.9776769033333333,0.97891587
GNE,3,3,1.0,0.9824400366666666,0.9912417
GOLIM4,3,3,1.0,0.9364094666666666,0.9332051
GORAB,3,3,1.0,0.9740786333333333,0.9762622
GP2,3,3,1.0,0.92626818,0.93035376
GPAA1,3,3,1.0,0.9868471099999999,0.991411
GPCPD1,3,3,1.0,0.9903482666666666,0.9913795
GPD2,3,3,1.0,0.9913245166666668,0.99133545
GPN3,3,3,1.0,0.9510937300000001,0.99137664
GPR148,3,3,1.0,0.9839693833333333,0.9878684
GPR156,3,3,1.0,0.99086155,0.9909916
GPR161,3,3,1.0,0.9690687333333333,0.9694616
GPR85,3,3,1.0,0.9538826033333333,0.96551394
GREB1,3,3,1.0,0.9657516133333334,0.957604
GRIA2,3,3,1.0,0.9738157033333333,0.98602676
GSAP,3,3,1.0,0.9678033166666666,0.96509725
GTF2IRD2B,3,3,1.0,0.9827528333333334,0.9800929
H3C7,3,3,1.0,0.9855727233333335,0.9895885
H4-16,3,3,1.0,0.9690123533333334,0.9871788
HDAC3,3,3,1.0,0.9597119066666666,0.9762572
HDGFL2,3,3,1.0,0.9292981466666667,0.9692523
HINT1,3,3,1.0,0.9519433133333334,0.9726839
HLCS,3,3,1.0,0.9864591333333333,0.9901574
HLF,3,3,1.0,0.9748108133333333,0.97639924
HRG,3,3,1.0,0.9599565,0.9906399
IAH1,3,3,1.0,0.9189708833333333,0.9557721
ICAM4,3,3,1.0,0.9656426000000001,0.9719805
IFI44,3,3,1.0,0.8832776999999999,0.8298017
IFT22,3,3,1.0,0.9418215766666668,0.9779701
IGHV3-35,3,3,1.0,0.9264235333333333,0.9195578
IGHV3-43,3,3,1.0,0.95669592,0.98486716
IGHV3-48,3,3,1.0,0.93585499,0.9442744
IGHV3-7,3,3,1.0,0.9608917066666667,0.96808875
IGHV3-73,3,3,1.0,0.9426795,0.9692404
IGKV1-12,3,3,1.0,0.9775852,0.9823284
IGKV3D-20,3,3,1.0,0.9539965333333335,0.9630762
IGKV5-2,3,3,1.0,0.95821011,0.9420495
IL17RB,3,3,1.0,0.9123857566666667,0.99127847
IL3RA,3,3,1.0,0.9646247,0.972181
IL6R,3,3,1.0,0.98601905,0.9865819
ILDR2,3,3,1.0,0.9373124666666667,0.9786251
ING1,3,3,1.0,0.9413120666666667,0.9323308
IPPK,3,3,1.0,0.9806610533333333,0.98089474
IQGAP1,3,3,1.0,0.8934798700000001,0.87744254
ITGAL,3,3,1.0,0.9836905233333333,0.98905367
ITGB3,3,3,1.0,0.9899699466666667,0.9913049
JAML,3,3,1.0,0.9153749000000001,0.9715798
KCNA2,3,3,1.0,0.9400480666666667,0.9841743
KCNJ4,3,3,1.0,0.9810128333333333,0.9915138
KCNJ8,3,3,1.0,0.9723699333333333,0.9769882
KCNK3,3,3,1.0,0.9433344,0.9612883
KDELR1,3,3,1.0,0.9759299566666666,0.9823286
KDM3A,3,3,1.0,0.97001019,0.99135953
KIAA1841,3,3,1.0,0.9691421633333334,0.96636814
KIF3A,3,3,1.0,0.96565995,0.97903115
KIFC3,3,3,1.0,0.9453225533333333,0.98449194
KIR2DL1,3,3,1.0,0.9829930266666667,0.990551
KIR2DS4,3,3,1.0,0.9740247166666666,0.9741595
KIR3DL2,3,3,1.0,0.9583751066666667,0.96460277
KITLG,3,3,1.0,0.9827644233333334,0.98432577
KLC4,3,3,1.0,0.93965714,0.9384317
KLF11,3,3,1.0,0.9524785233333333,0.934638
KLHDC8A,3,3,1.0,0.9641383600000001,0.98487824
KLHL10,3,3,1.0,0.976111,0.9890247
KLHL7,3,3,1.0,0.8596588333333334,0.8418239
KLHL8,3,3,1.0,0.9764824466666667,0.98684084
KLRC2,3,3,1.0,0.9720884666666666,0.9717163
KRT39,3,3,1.0,0.9669841866666666,0.9650595
KRT6A,3,3,1.0,0.9623294000000001,0.95129365
KRT6B,3,3,1.0,0.8971905233333333,0.88545924
KRTAP10-4,3,3,1.0,0.9758307966666666,0.9913121
KRTAP10-9,3,3,1.0,0.9842251166666666,0.9888571
LAIR1,3,3,1.0,0.9877855166666666,0.99085134
LCE2C,3,3,1.0,0.9877715133333332,0.99134094
LCP1,3,3,1.0,0.9374644500000001,0.9405826
LCTL,3,3,1.0,0.9766623233333332,0.9824837
LINC02694,3,3,1.0,0.9198012366666667,0.9683404
LONRF1,3,3,1.0,0.9769459333333333,0.9913954
LPAR2,3,3,1.0,0.9108853199999999,0.9193669
LRCH3,3,3,1.0,0.94244758,0.9715063
LRRC14,3,3,1.0,0.9785197833333333,0.98940045
LSG1,3,3,1.0,0.9901343800000001,0.98958874
LSR,3,3,1.0,0.91246331,0.8887921
LY96,3,3,1.0,0.9476265666666667,0.9656632
MACO1,3,3,1.0,0.9913827333333334,0.9914426
MAN2A1,3,3,1.0,0.9721847866666667,0.98743653
MANBAL,3,3,1.0,0.9866966533333333,0.9867887
MAOB,3,3,1.0,0.91315278,0.9828147
MAP3K14,3,3,1.0,0.9665242666666667,0.97205466
MAP4,3,3,1.0,0.9857644233333334,0.9873949
MAPK13,3,3,1.0,0.9815749966666667,0.98076904
MARK1,3,3,1.0,0.9744309666666666,0.99087465
MARK4,3,3,1.0,0.9805415766666666,0.99135673
MB21D2,3,3,1.0,0.97576498,0.98492694
MECP2,3,3,1.0,0.9346745233333333,0.97878236
MED1,3,3,1.0,0.9341041833333333,0.9721876
MLXIP,3,3,1.0,0.9429930799999999,0.9265948
MMP20,3,3,1.0,0.9304532666666666,0.9911698
MNDA,3,3,1.0,0.97991039,0.98733413
MOCS3,3,3,1.0,0.9353782666666667,0.9416654
MON2,3,3,1.0,0.9886221433333334,0.99138993
MORN5,3,3,1.0,0.9854711066666667,0.98879343
MRPL32,3,3,1.0,0.9800577433333334,0.9856797
MRPS27,3,3,1.0,0.9847953866666667,0.9871317
MSH3,3,3,1.0,0.91334102,0.9913628
MSS51,3,3,1.0,0.9817358666666666,0.97804046
NAA15,3,3,1.0,0.96221937,0.960771
NAALADL1,3,3,1.0,0.9716681,0.9913011
NAGK,3,3,1.0,0.9124691,0.8809916
NAP1L3,3,3,1.0,0.9361349200000001,0.9727781
NDNF,3,3,1.0,0.94049438,0.9845366
NDUFS7,3,3,1.0,0.8940681,0.9116199
NKIRAS1,3,3,1.0,0.9747418533333333,0.98127776
NLRP10,3,3,1.0,0.9914168233333333,0.99142027
NOLC1,3,3,1.0,0.9879535366666667,0.98963565
NOX1,3,3,1.0,0.9768396433333333,0.98013043
NPBWR2,3,3,1.0,0.8991907333333332,0.9506543
NPY4R,3,3,1.0,0.8997003133333333,0.95721674
NR1I3,3,3,1.0,0.95887652,0.9912723
NUCB1,3,3,1.0,0.9175968733333333,0.94025403
NUP62,3,3,1.0,0.9088100200000001,0.94794273
OASL,3,3,1.0,0.9867259033333333,0.9898337
OCM2,3,3,1.0,0.9418696166666667,0.93164426
ODF2,3,3,1.0,0.97868677,0.9826932
ODF3,3,3,1.0,0.8916979333333334,0.89903915
OIT3,3,3,1.0,0.9623335166666666,0.9903289
OR11H12,3,3,1.0,0.9838785533333333,0.9901793
OR13D1,3,3,1.0,0.9860097,0.9892447
OR1D5,3,3,1.0,0.9830709666666667,0.9829411
OR1E2,3,3,1.0,0.97098531,0.99137306
OR2A2,3,3,1.0,0.9895297099999999,0.99042773
OR2D2,3,3,1.0,0.9590985,0.9798941
OR2L2,3,3,1.0,0.93565839,0.99032307
OR2L3,3,3,1.0,0.9742063766666668,0.9872831
OR4C3,3,3,1.0,0.9063361899999999,0.93472123
OR51A4,3,3,1.0,0.9738564333333333,0.9751297
OR52I2,3,3,1.0,0.9400022333333333,0.9650382
OR5F1,3,3,1.0,0.94853672,0.977918
OR6C75,3,3,1.0,0.96987179,0.9680981
OR6Q1,3,3,1.0,0.9557501133333334,0.97139704
OR6V1,3,3,1.0,0.9753279666666667,0.9755171
OR7D2,3,3,1.0,0.9831853166666668,0.9913579
OR8B3,3,3,1.0,0.9866250466666666,0.99130577
OR8U1,3,3,1.0,0.9904766333333334,0.9904579
ORC5,3,3,1.0,0.9416693899999999,0.9478266
OSER1,3,3,1.0,0.9863542233333334,0.98992807
OSGIN2,3,3,1.0,0.9884204366666666,0.98892236
OSR1,3,3,1.0,0.8621000333333333,0.9116124
OVOL2,3,3,1.0,0.9659792366666666,0.97050583
OXA1L,3,3,1.0,0.9822473966666667,0.97888345
P2RX7,3,3,1.0,0.9838672866666668,0.9914374
PARD6B,3,3,1.0,0.98901965,0.99145025
PARP14,3,3,1.0,0.9824304033333333,0.99007165
PARP2,3,3,1.0,0.9282175533333333,0.9491043
PAX4,3,3,1.0,0.9733633233333333,0.9789817
PCDHB8,3,3,1.0,0.9670448533333333,0.98220706
PCDHGC4,3,3,1.0,0.9433146466666668,0.9826659
PCYOX1L,3,3,1.0,0.9257195,0.9909882
PDE5A,3,3,1.0,0.9640674233333333,0.9840726
PDGFRL,3,3,1.0,0.88922595,0.8934166
PDHA1,3,3,1.0,0.9149662333333333,0.9683906
PELI2,3,3,1.0,0.8786943799999999,0.89070624
PFKP,3,3,1.0,0.9914109666666667,0.9914472
PGM3,3,3,1.0,0.8954962033333334,0.9259554
PGPEP1,3,3,1.0,0.98036538,0.9783077
PHACTR2,3,3,1.0,0.9615722466666666,0.98879004
PHLDB1,3,3,1.0,0.9895614199999999,0.98967546
PLCXD1,3,3,1.0,0.9164877166666666,0.9739649
PLPPR2,3,3,1.0,0.9877994666666666,0.98716277
POLR1B,3,3,1.0,0.9228262666666667,0.981061
PPEF1,3,3,1.0,0.9201494333333334,0.929919
PPM1J,3,3,1.0,0.98223136,0.98386335
PRAMEF1,3,3,1.0,0.99086098,0.99147874
PRCP,3,3,1.0,0.94944792,0.967226
PREP,3,3,1.0,0.8709359866666667,0.8371934
PREPL,3,3,1.0,0.96649251,0.96624047
PRKAA2,3,3,1.0,0.9897321,0.990462
PRKG1,3,3,1.0,0.9447712199999999,0.9658694
PRODH2,3,3,1.0,0.9686955300000001,0.9779025
PSMD12,3,3,1.0,0.9439158066666667,0.98444647
PSPH,3,3,1.0,0.9843934166666667,0.99138075
PTCD1,3,3,1.0,0.9895255500000001,0.99119955
PTGS2,3,3,1.0,0.93468631,0.99145716
PTPN12,3,3,1.0,0.9818540233333334,0.98085177
PVR,3,3,1.0,0.9099145233333333,0.9783116
PYGL,3,3,1.0,0.8911360466666668,0.8989144
QARS1,3,3,1.0,0.9911108033333335,0.99147534
RAB3C,3,3,1.0,0.9455302,0.9693634
RAD23B,3,3,1.0,0.9394134366666668,0.93670696
RAE1,3,3,1.0,0.9913486499999999,0.99134845
RALGAPB,3,3,1.0,0.9274605666666668,0.9256249
RAMP3,3,3,1.0,0.9886112566666666,0.99104357
RAPGEF3,3,3,1.0,0.9897086333333333,0.9902856
RAPGEF4,3,3,1.0,0.9242145533333334,0.98019356
RBBP5,3,3,1.0,0.9691607466666667,0.9765559
RBM28,3,3,1.0,0.9274865666666666,0.9606259
RGL3,3,3,1.0,0.9913812133333333,0.99137384
RINT1,3,3,1.0,0.9825125866666666,0.9790299
RNASE10,3,3,1.0,0.9619524466666666,0.97447544
RND3,3,3,1.0,0.9368866666666666,0.9539361
RNF128,3,3,1.0,0.9391653433333333,0.92296153
RNF144A,3,3,1.0,0.9475697200000001,0.99150276
RNF214,3,3,1.0,0.99144651,0.9914308
RPL30,3,3,1.0,0.9686684099999999,0.9671581
RRAGD,3,3,1.0,0.97248119,0.9856248
RSPRY1,3,3,1.0,0.99071115,0.9912641
RTBDN,3,3,1.0,0.9785299666666667,0.9787839
RTN4IP1,3,3,1.0,0.9649195,0.9823261
RTRAF,3,3,1.0,0.9868193399999999,0.98733807
RUNX1,3,3,1.0,0.9213469366666667,0.98571277
RYBP,3,3,1.0,0.9649518533333333,0.97550064
SASS6,3,3,1.0,0.9913260199999999,0.9914001
SDAD1,3,3,1.0,0.9896191,0.9913441
SEC24D,3,3,1.0,0.9780440133333332,0.9741425
SEC61A2,3,3,1.0,0.9812801133333333,0.9789488
SENP6,3,3,1.0,0.9544538,0.955745
SEPTIN10,3,3,1.0,0.9609757800000001,0.960257
SEPTIN12,3,3,1.0,0.9629043066666666,0.97550255
SESN1,3,3,1.0,0.9199261333333334,0.9699847
SFMBT2,3,3,1.0,0.9890518666666667,0.9904963
SHLD1,3,3,1.0,0.9597104200000001,0.9717932
SIGLEC1,3,3,1.0,0.9359483000000001,0.9425577
SIK3,3,3,1.0,0.90687391,0.9006673
SIL1,3,3,1.0,0.9865724833333332,0.99127823
SLC12A9,3,3,1.0,0.9869517999999999,0.9899038
SLC13A1,3,3,1.0,0.9813959666666667,0.9845953
SLC1A1,3,3,1.0,0.9434311666666666,0.9763991
SLC25A14,3,3,1.0,0.9790570000000001,0.9914307
SLC2A12,3,3,1.0,0.96060662,0.97343916
SLC2A13,3,3,1.0,0.9567840066666666,0.99038833
SLC36A3,3,3,1.0,0.9232027166666666,0.93844545
SLC38A10,3,3,1.0,0.9453322000000001,0.9650814
SLC39A8,3,3,1.0,0.95591018,0.99127114
SLC5A3,3,3,1.0,0.98641998,0.9909898
SLC7A10,3,3,1.0,0.98635164,0.9910734
SLC8A1,3,3,1.0,0.9592102733333334,0.96980697
SLX4IP,3,3,1.0,0.98794234,0.98965317
SMC4,3,3,1.0,0.96515659,0.98986197
SMG5,3,3,1.0,0.9816787166666666,0.98084795
SMPDL3B,3,3,1.0,0.9912512000000001,0.9914683
SNX19,3,3,1.0,0.9912109466666666,0.991512
SNX27,3,3,1.0,0.9891389866666667,0.9912902
SOAT1,3,3,1.0,0.9799878,0.9907494
SPDL1,3,3,1.0,0.981834,0.9914511
SPDYE1,3,3,1.0,0.9520049199999999,0.97010136
SPRYD4,3,3,1.0,0.9108150533333333,0.9208648
SPTLC1,3,3,1.0,0.9914654766666667,0.9914717
SSRP1,3,3,1.0,0.9176903,0.9637356
STAP1,3,3,1.0,0.9809671433333333,0.9860211
STARD3NL,3,3,1.0,0.9868519433333334,0.9913851
STAU2,3,3,1.0,0.9533838233333333,0.97682095
STIL,3,3,1.0,0.9095691333333334,0.9838207
STK39,3,3,1.0,0.9208404,0.9173513
SUPT20HL1,3,3,1.0,0.91229248,0.899482
TBC1D3B,3,3,1.0,0.9894776200000001,0.99121666
TBP,3,3,1.0,0.9731826566666667,0.98864263
TBX6,3,3,1.0,0.9861024333333334,0.9886475
TCAF1,3,3,1.0,0.9900439666666667,0.99069095
TCEAL5,3,3,1.0,0.9749345333333334,0.99127734
TCEAL6,3,3,1.0,0.9426217966666667,0.92847353
TCERG1,3,3,1.0,0.9697881333333332,0.9912726
TDO2,3,3,1.0,0.9639281233333333,0.97311574
TERB2,3,3,1.0,0.9458255966666668,0.95803916
TEX10,3,3,1.0,0.92423442,0.9239576
TEX101,3,3,1.0,0.97904407,0.98342127
TEX29,3,3,1.0,0.9884608,0.988069
TEX55,3,3,1.0,0.9795298766666667,0.99141043
TFAP2B,3,3,1.0,0.9194318066666667,0.98776025
TIMM44,3,3,1.0,0.9555424333333334,0.9558144
TJAP1,3,3,1.0,0.9000149333333334,0.8785925
TM4SF20,3,3,1.0,0.9587696333333332,0.9715694
TM7SF2,3,3,1.0,0.9802728366666668,0.97983974
TMEM144,3,3,1.0,0.9591621433333334,0.99025947
TMEM181,3,3,1.0,0.97422705,0.97339004
TMEM200C,3,3,1.0,0.9903014233333334,0.991318
TMEM38A,3,3,1.0,0.9544753666666667,0.9789265
TMEM45B,3,3,1.0,0.9878741666666667,0.99127674
TMPRSS11E,3,3,1.0,0.9707167999999999,0.970192
TMTC4,3,3,1.0,0.93283996,0.9188082
TNFAIP8L3,3,3,1.0,0.9596328500000001,0.9645493
TPH1,3,3,1.0,0.9894706333333333,0.9914791
TPST1,3,3,1.0,0.9645593166666666,0.96170926
TRAM1L1,3,3,1.0,0.8853767866666667,0.9186636
TRBV3-1,3,3,1.0,0.9842504433333333,0.99056774
TRBV4-1,3,3,1.0,0.9840468566666667,0.9913966
TRHR,3,3,1.0,0.9728696566666667,0.991098
TRIM27,3,3,1.0,0.9194081533333334,0.9886457
TRIM65,3,3,1.0,0.9753167733333333,0.98408276
TRMT10B,3,3,1.0,0.9713119866666666,0.9742654
TRO,3,3,1.0,0.9912110033333333,0.99146336
TSPAN12,3,3,1.0,0.9763506666666667,0.9898807
TTPAL,3,3,1.0,0.9689904666666666,0.9621005
TUBA1C,3,3,1.0,0.9750132366666667,0.9709456
TUBA4A,3,3,1.0,0.9683043233333333,0.98874193
TULP1,3,3,1.0,0.9576737233333333,0.9895237
TUT7,3,3,1.0,0.9906623333333333,0.9904351
TXNIP,3,3,1.0,0.9803290666666666,0.97606885
UBE3D,3,3,1.0,0.9710380533333334,0.971754
UBQLNL,3,3,1.0,0.9241142466666666,0.9649324
UBR3,3,3,1.0,0.9233148733333333,0.90822387
UGT2A2,3,3,1.0,0.98385698,0.9890983
USP14,3,3,1.0,0.9493245433333334,0.9913361
VAV3,3,3,1.0,0.9305469333333334,0.97394377
VEPH1,3,3,1.0,0.9883904333333332,0.9872343
VN1R4,3,3,1.0,0.9765951333333334,0.97316426
VWC2,3,3,1.0,0.9178327233333333,0.9912443
WAPL,3,3,1.0,0.9893412766666666,0.9913681
WASF3,3,3,1.0,0.9702048799999999,0.97331774
WDR35,3,3,1.0,0.9825091133333334,0.9788578
WDR92,3,3,1.0,0.9673312800000001,0.96028864
WNT4,3,3,1.0,0.95338081,0.9869524
YTHDF2,3,3,1.0,0.9395933166666666,0.9550698
ZBBX,3,3,1.0,0.9868556633333334,0.98645324
ZC3H7A,3,3,1.0,0.9481075333333333,0.9901724
ZKSCAN1,3,3,1.0,0.9905598966666668,0.9911412
ZKSCAN3,3,3,1.0,0.9724197766666668,0.98602015
ZNF112,3,3,1.0,0.9799622666666666,0.9796708
ZNF14,3,3,1.0,0.9898261466666667,0.9909897
ZNF205,3,3,1.0,0.9731439000000001,0.9737178
ZNF3,3,3,1.0,0.99059119,0.99081135
ZNF347,3,3,1.0,0.98958132,0.99074286
ZNF366,3,3,1.0,0.9602039666666666,0.9728027
ZNF417,3,3,1.0,0.9847783666666667,0.9853566
ZNF473,3,3,1.0,0.9667505533333333,0.9909011
ZNF578,3,3,1.0,0.9872880566666667,0.9879992
ZNF630,3,3,1.0,0.9663149333333333,0.9602885
ZNF662,3,3,1.0,0.9362450833333332,0.9658361
ZNF700,3,3,1.0,0.9217448199999999,0.89385706
ZNF768,3,3,1.0,0.99080177,0.99145013
ZNF77,3,3,1.0,0.9613366999999999,0.9651409
ZNF875,3,3,1.0,0.9867678266666667,0.9911412
ZPBP2,3,3,1.0,0.9770048533333333,0.9885428
ZYX,3,3,1.0,0.9595750833333333,0.9727825
ACP3,4,3,0.75,0.8206347549999999,0.9587405
ACTBL2,4,3,0.75,0.8175641325,0.91000188
ACVR1C,4,3,0.75,0.7173822759,0.93821965
ADAM9,4,3,0.75,0.898682565,0.95237935
ADCY2,4,3,0.75,0.7362095005,0.96552175
AGFG1,4,3,0.75,0.71290465175,0.9203339
AGPAT4,4,3,0.75,0.7126959100000917,0.92971227
AGTPBP1,4,3,0.75,0.8262882675,0.97291752
AKAP17A,4,3,0.75,0.8114305375,0.951111165
ALDH3B2,4,3,0.75,0.81215679,0.893006655
ANGEL2,4,3,0.75,0.70721717231,0.918734075
ANO9,4,3,0.75,0.75166882125,0.9865616
AQP9,4,3,0.75,0.8518555675,0.98345637
ARHGAP18,4,3,0.75,0.7386298304422501,0.981518085
ARHGAP29,4,3,0.75,0.75100252175,0.99101642
ARHGAP5,4,3,0.75,0.8338350675,0.88256975
ARHGEF19,4,3,0.75,0.879487445,0.960392015
ARHGEF40,4,3,0.75,0.83263051,0.898835975
ARMC6,4,3,0.75,0.8021286625,0.94149935
ART4,4,3,0.75,0.7468940525,0.88474095
ASB15,4,3,0.75,0.8980179675,0.9887529349999999
ATP13A5,4,3,0.75,0.734423406925,0.9743126049999999
ATP1A4,4,3,0.75,0.7808144425,0.9725783800000001
ATP2B4,4,3,0.75,0.9119090249999999,0.9867239999999999
ATP6V0A1,4,3,0.75,0.7514644675,0.972798
BCL6B,4,3,0.75,0.74284339,0.814709915
BCL9,4,3,0.75,0.665091661885,0.834877935
BEST3,4,3,0.75,0.886694925,0.98755585
BICC1,4,3,0.75,0.787195065,0.988225045
BTBD9,4,3,0.75,0.760599465,0.9131159
BTK,4,3,0.75,0.6971891904,0.90078152
BUB1,4,3,0.75,0.67770441925,0.8608682249999999
C10orf90,4,3,0.75,0.7196241288,0.941941055
CA8,4,3,0.75,0.6788729200034802,0.8685955249999999
CARM1,4,3,0.75,0.742753599396878,0.98988018
CASD1,4,3,0.75,0.808584135,0.98613035
CCAR2,4,3,0.75,0.68846101225,0.8813434149999999
CCDC173,4,3,0.75,0.8134877425,0.97137235
CCDC27,4,3,0.75,0.7750020125,0.9792272
CCDC6,4,3,0.75,0.8832266424999999,0.990172435
CCDC66,4,3,0.75,0.6961039237973,0.8964682500000001
CCDC7,4,3,0.75,0.738335597659925,0.9810487999999999
CCL14,4,3,0.75,0.86963154,0.9501228049999999
CCT6B,4,3,0.75,0.8260145050000001,0.99103467
CDC42BPB,4,3,0.75,0.7290370319804,0.962346495
CDH13,4,3,0.75,0.6985573160945066,0.90141318
CDH16,4,3,0.75,0.860178225,0.9800191
CDKAL1,4,3,0.75,0.6777076882824999,0.859386625
CELF5,4,3,0.75,0.7151360459475,0.9435725
CEP135,4,3,0.75,0.9117031175,0.9764781
CEP164,4,3,0.75,0.7434001077692239,0.9910663
CEP290,4,3,0.75,0.7248880820374,0.9540232
CHST1,4,3,0.75,0.7324409381571,0.9692209199999999
CKAP2,4,3,0.75,0.8111119575,0.9506258999999999
CKMT1B,4,3,0.75,0.852869275,0.8426488999999999
CLU,4,3,0.75,0.77926945,0.98602043
CNTRL,4,3,0.75,0.9135434025,0.98652292
COL10A1,4,3,0.75,0.79164342,0.93301205
COLGALT2,4,3,0.75,0.7507130875,0.9898616950000001
COPG1,4,3,0.75,0.8555623474999999,0.9731460999999999
COPG2,4,3,0.75,0.8402879050000001,0.9593978000000001
CPNE4,4,3,0.75,0.7891295549999999,0.90781868
CPXCR1,4,3,0.75,0.7210114925000142,0.9536374350000001
CSPP1,4,3,0.75,0.7366672317306,0.97758225
CXADR,4,3,0.75,0.7148626075,0.833204775
CXXC1,4,3,0.75,0.7492334925,0.85344417
CYP11B1,4,3,0.75,0.8678237575000001,0.907547865
CYP1A2,4,3,0.75,0.867660875,0.9004238
CYP2D6,4,3,0.75,0.70087451165,0.91068473
DAB2IP,4,3,0.75,0.7426731005030265,0.9897508500000001
DAGLA,4,3,0.75,0.87670077,0.97854084
DDX10,4,3,0.75,0.8054745075,0.9834808
DDX54,4,3,0.75,0.742444525000935,0.9891664499999999
DGCR2,4,3,0.75,0.7226450500009853,0.949654085
DHX40,4,3,0.75,0.7728411225,0.9893772000000001
DIABLO,4,3,0.75,0.8129444375,0.9308643999999999
DMTF1,4,3,0.75,0.7737842925,0.9344737750000001
DNAJB8,4,3,0.75,0.8348245875,0.9776804450000001
DNAJC1,4,3,0.75,0.899974575,0.9775422149999999
DNAJC2,4,3,0.75,0.73982236344325,0.98394002
DNM1,4,3,0.75,0.6845522760965668,0.8733667
DNMT3B,4,3,0.75,0.6798804105,0.8536551
DRD2,4,3,0.75,0.8250483975,0.982008
DYRK4,4,3,0.75,0.7497611525,0.985245495
DZANK1,4,3,0.75,0.779637385,0.9913512
EBF3,4,3,0.75,0.8833471825,0.97984005
EEF1AKMT4-ECE2,4,3,0.75,0.7437153815399999,0.99142925
EEF2K,4,3,0.75,0.709187049125,0.92241045
EIF3M,4,3,0.75,0.8463351875,0.973137
ELOVL2,4,3,0.75,0.8186808999999999,0.99068438
ELOVL4,4,3,0.75,0.871475475,0.94471768
ENC1,4,3,0.75,0.7022991675,0.7775682500000001
ERAP2,4,3,0.75,0.7337405003874999,0.97126019
ESCO1,4,3,0.75,0.8732807225,0.9870578299999999
ETAA1,4,3,0.75,0.8241136824999999,0.9653212449999999
ETS1,4,3,0.75,0.806578795,0.98182068
EVC,4,3,0.75,0.738653532595526,0.9815541999999999
FARSA,4,3,0.75,0.7411783386025,0.98682922
FASTKD5,4,3,0.75,0.766083555,0.90963538
FBP2,4,3,0.75,0.740565375,0.97159105
FEZ2,4,3,0.75,0.72749960985,0.96002528
FGFR3,4,3,0.75,0.707628772593716,0.91953163
FGG,4,3,0.75,0.863086885,0.9187916700000001
FGL1,4,3,0.75,0.7778906050000001,0.90483605
FOLH1,4,3,0.75,0.8570773975,0.93325715
G3BP2,4,3,0.75,0.73809207325,0.976461
GARRE1,4,3,0.75,0.8947847175,0.990499135
GBP1,4,3,0.75,0.7491691225,0.826338535
GCK,4,3,0.75,0.779618225,0.9882901
GIGYF2,4,3,0.75,0.7103885112299999,0.9337750199999999
GIMAP8,4,3,0.75,0.90293973,0.98654582
GIPC1,4,3,0.75,0.759049055,0.98372215
GK2,4,3,0.75,0.7241158597,0.95238115
GLIPR1,4,3,0.75,0.7538693599999999,0.9270372499999999
GLP1R,4,3,0.75,0.6889546107597855,0.89230777
GLYCTK,4,3,0.75,0.74477287675,0.967232035
GNGT2,4,3,0.75,0.8017889575,0.964830815
GOLM1,4,3,0.75,0.7343415705758249,0.9729535
GPR45,4,3,0.75,0.7178391752002871,0.9480685
GPR50,4,3,0.75,0.70554681608225,0.91771615
GPR61,4,3,0.75,0.7841395250000001,0.96170588
GPRIN2,4,3,0.75,0.8362695250000001,0.9759826
GPS1,4,3,0.75,0.7801999875,0.97257493
GRK2,4,3,0.75,0.772437225,0.9474315499999999
GSDMA,4,3,0.75,0.816742065,0.958114515
GTF2IRD1,4,3,0.75,0.747858505,0.955722095
HAS2,4,3,0.75,0.90040956,0.94751378
HASPIN,4,3,0.75,0.8762423075,0.9360492650000001
HCN2,4,3,0.75,0.741030686180575,0.98631135
HCRTR1,4,3,0.75,0.89281303,0.92658157
HDAC1,4,3,0.75,0.8396595225,0.87747135
HERPUD2,4,3,0.75,0.740752956625,0.9852352449999999
HMBOX1,4,3,0.75,0.7678711075,0.99132037
HNF1A,4,3,0.75,0.84827349,0.97733331
HPN,4,3,0.75,0.879509635,0.98992375
HR,4,3,0.75,0.726483401475,0.9568951
HS3ST3A1,4,3,0.75,0.8414906375,0.9147244999999999
HSF2,4,3,0.75,0.893824725,0.978655
HTR1F,4,3,0.75,0.805486505,0.933911575
IFIT5,4,3,0.75,0.81718782,0.95918581
IGF2BP3,4,3,0.75,0.72318415875,0.9450852350000001
IL1RL1,4,3,0.75,0.744506295,0.89102565
IL2RA,4,3,0.75,0.7276729925,0.8989779
IL4I1,4,3,0.75,0.7231650477693621,0.950607565
IL7R,4,3,0.75,0.7550619412499999,0.991416765
INTS10,4,3,0.75,0.830818715,0.8956933300000001
IPP,4,3,0.75,0.7360452237499999,0.9610685699999999
IQUB,4,3,0.75,0.8060041600000001,0.888259295
IRAK4,4,3,0.75,0.8758969050000001,0.9839989650000001
ISLR,4,3,0.75,0.7980061925,0.8412304500000001
KCNC4,4,3,0.75,0.7519644725,0.9509249500000001
KCNH2,4,3,0.75,0.8086651825,0.90988035
KCNS3,4,3,0.75,0.8387763175,0.84870965
KCTD19,4,3,0.75,0.7469400325,0.906305965
KIF13A,4,3,0.75,0.742443788279266,0.989189875
KIF21B,4,3,0.75,0.7275088276850715,0.95962605
KLHL38,4,3,0.75,0.7850995475,0.990664225
KRT12,4,3,0.75,0.7010411467425,0.9123458799999999
KRT33B,4,3,0.75,0.899288125,0.9782936
LAMP3,4,3,0.75,0.87632551,0.98034537
LEO1,4,3,0.75,0.8797661125,0.924841575
LGALS14,4,3,0.75,0.8812547375,0.96514045
LHFPL1,4,3,0.75,0.7204613100290713,0.94958985
LPP,4,3,0.75,0.6874578075,0.871254505
LYN,4,3,0.75,0.75664971,0.977052325
MALT1,4,3,0.75,0.7916690875,0.9882662
MAMDC2,4,3,0.75,0.7331784779,0.96993605
MAP6,4,3,0.75,0.7853092475,0.90507308
MAP9,4,3,0.75,0.73421679245,0.97324255
MAPK9,4,3,0.75,0.806952215,0.8961153049999999
MARCHF6,4,3,0.75,0.8812948475,0.985004125
MC2R,4,3,0.75,0.8116613500000001,0.8376571
MCCC1,4,3,0.75,0.748286695,0.988162025
MCOLN1,4,3,0.75,0.6997479175,0.9035545
MEIS3,4,3,0.75,0.785369365,0.9624908750000001
MEST,4,3,0.75,0.7979500549999999,0.9913437949999999
MFN1,4,3,0.75,0.72931168625,0.9445896149999999
MIDEAS,4,3,0.75,0.7237923738755501,0.95473955
MIER3,4,3,0.75,0.737441061044225,0.9792281
MINDY4,4,3,0.75,0.90069005,0.9448175999999999
MLH3,4,3,0.75,0.69436901,0.85363195
MMP9,4,3,0.75,0.73485117182,0.973879275
MMS22L,4,3,0.75,0.8873748850000001,0.942077475
MROH7,4,3,0.75,0.8192061150000001,0.856566845
MS4A6A,4,3,0.75,0.8291915225000001,0.9071475200000001
MTMR2,4,3,0.75,0.7827677525,0.988156525
MX1,4,3,0.75,0.8162071500000001,0.93668775
MYCBPAP,4,3,0.75,0.9017518025,0.98634285
MYF5,4,3,0.75,0.867446225,0.924244175
MYRF,4,3,0.75,0.6979606569,0.89969346
NBEAL1,4,3,0.75,0.6673252519325,0.84549898
NCR1,4,3,0.75,0.6711383791625,0.874043585
NECAB1,4,3,0.75,0.7326419750026273,0.9699765499999999
NFXL1,4,3,0.75,0.7709257925,0.8694489000000001
NINL,4,3,0.75,0.79314778,0.8798925
NSUN5,4,3,0.75,0.8630849924999999,0.945577385
NUP107,4,3,0.75,0.75966031,0.9459408499999999
NXPH1,4,3,0.75,0.89540152,0.9596247149999999
OPCML,4,3,0.75,0.8318669925,0.89530387
OPRL1,4,3,0.75,0.7391871955,0.972241915
OR10H1,4,3,0.75,0.8703878625,0.99123042
OR10V1,4,3,0.75,0.8908640800000001,0.9757135299999999
OR2F2,4,3,0.75,0.806715705,0.9692240249999999
OR2L8,4,3,0.75,0.85767577,0.890045765
OR2T1,4,3,0.75,0.8225265900000001,0.98967978
OR2T27,4,3,0.75,0.722868015609,0.9573083499999999
OR4N2,4,3,0.75,0.69996808054375,0.9048637150000001
OR4Q3,4,3,0.75,0.7216681363080752,0.9573474200000001
OR52E8,4,3,0.75,0.8704127675,0.99140675
OR52H1,4,3,0.75,0.7147458,0.8410275
OR5K2,4,3,0.75,0.8210492724999999,0.98918353
OR5L2,4,3,0.75,0.7061061985,0.889573125
OR5M8,4,3,0.75,0.70102080329425,0.90630835
OR6C3,4,3,0.75,0.841453545,0.9839675400000001
OR8A1,4,3,0.75,0.90565531,0.97563382
OR8G2P,4,3,0.75,0.73711271665,0.97553405
OR9A4,4,3,0.75,0.7342815391499999,0.9723943349999999
OSBP,4,3,0.75,0.79274688,0.9359919
OSBPL6,4,3,0.75,0.70652467325,0.905643535
P3H2,4,3,0.75,0.71892053975,0.94034515
PCDHB2,4,3,0.75,0.692537495,0.866991525
PCIF1,4,3,0.75,0.7331603600000001,0.914379635
PCYT1A,4,3,0.75,0.808565375,0.990636625
PFKL,4,3,0.75,0.674776690004686,0.85393988
PGGHG,4,3,0.75,0.75473983,0.9077985749999999
PHF21A,4,3,0.75,0.827463605,0.9135234
PHKB,4,3,0.75,0.7974255175,0.949119575
PIAS3,4,3,0.75,0.7971684225,0.98021637
PIK3CD,4,3,0.75,0.77460186,0.95677935
PIP5K1B,4,3,0.75,0.7778952975,0.97628135
PLIN2,4,3,0.75,0.79429796,0.91881802
PNLDC1,4,3,0.75,0.7524105175,0.9279803799999999
PON3,4,3,0.75,0.740561703,0.961319275
PPAN-P2RY11,4,3,0.75,0.7239745875,0.9081935
PPARGC1A,4,3,0.75,0.7922842175,0.9761134499999999
PPFIA1,4,3,0.75,0.7923247675,0.84532407
PPIP5K2,4,3,0.75,0.714160052365,0.93223905
PRDM1,4,3,0.75,0.71530046559125,0.93810955
PRICKLE2,4,3,0.75,0.6815907775,0.84954832
PRKAR2B,4,3,0.75,0.7443790325,0.98140107
PROC,4,3,0.75,0.749687225,0.93344575
PSG9,4,3,0.75,0.7890323375,0.828591195
PSME4,4,3,0.75,0.74804056,0.96761355
PTGER3,4,3,0.75,0.7804572775,0.9127403000000001
PTPDC1,4,3,0.75,0.8329078,0.84678175
QKI,4,3,0.75,0.772567305,0.8408026
RAB40A,4,3,0.75,0.72963934905,0.9610034700000001
RAB4B,4,3,0.75,0.8538114,0.9643867
RAD51C,4,3,0.75,0.73731667635,0.98034712
RAD54B,4,3,0.75,0.7458271735,0.9664366200000001
RASGRP2,4,3,0.75,0.7342701325671528,0.972839165
RASSF6,4,3,0.75,0.7389364600367979,0.982131665
RBM15,4,3,0.75,0.8212000150000001,0.9633007650000001
RBM33,4,3,0.75,0.700740316025675,0.91069193
RDH8,4,3,0.75,0.8068647499999999,0.899786
RFPL1,4,3,0.75,0.726326545,0.86322805
RFWD3,4,3,0.75,0.7989443725,0.89521552
RGS3,4,3,0.75,0.7249727127465082,0.9543782199999999
RIPK2,4,3,0.75,0.74394791135,0.99135029
RNF20,4,3,0.75,0.85354958,0.97987618
RP2,4,3,0.75,0.7347979175,0.86191535
RPAP1,4,3,0.75,0.7300904590749999,0.9624661999999999
RPS6KB1,4,3,0.75,0.7372487525,0.8133849200000001
RTEL1,4,3,0.75,0.8422673350000001,0.98575108
SAP130,4,3,0.75,0.8678907525,0.97825363
SATB1,4,3,0.75,0.715146484975,0.93738223
SCNN1D,4,3,0.75,0.764957745,0.97400972
SEC16B,4,3,0.75,0.7947678075,0.866947115
SEC31B,4,3,0.75,0.786481335,0.9712799
SEMA5B,4,3,0.75,0.770945395,0.9658698
SERPINB8,4,3,0.75,0.68724394921225,0.878735175
SERPINE1,4,3,0.75,0.776961505,0.98230593
SETD3,4,3,0.75,0.840865875,0.91149322
SETD7,4,3,0.75,0.7649209375,0.845228375
SFXN1,4,3,0.75,0.8279110974999999,0.957515125
SGCZ,4,3,0.75,0.805887625,0.98989662
SGK1,4,3,0.75,0.6832992927725,0.880607755
SGSM3,4,3,0.75,0.6888484816118174,0.88196792
SH3PXD2B,4,3,0.75,0.66115130125,0.842114175
SH3RF2,4,3,0.75,0.81320029,0.8814596
SH3YL1,4,3,0.75,0.8644531,0.9280421999999999
SIGLEC5,4,3,0.75,0.8136936925,0.983156015
SIMC1,4,3,0.75,0.7864900425,0.928935555
SIRT3,4,3,0.75,0.75567704,0.897744485
SKA2,4,3,0.75,0.6900677408224193,0.90248578
SLC10A4,4,3,0.75,0.8584826325,0.89982149
SLC15A2,4,3,0.75,0.8337587900000001,0.8612234000000001
SLC17A5,4,3,0.75,0.7380160931499999,0.98053211
SLC18A3,4,3,0.75,0.7263470551571691,0.95703676
SLC20A2,4,3,0.75,0.727674629575,0.95768695
SLC26A2,4,3,0.75,0.7491439825,0.990224525
SLC26A8,4,3,0.75,0.7727866375,0.8726103000000001
SLC27A1,4,3,0.75,0.7121577922440567,0.9285593249999999
SLC28A1,4,3,0.75,0.7876940425000001,0.861311915
SLC2A4,4,3,0.75,0.8021007275,0.921663125
SLC44A1,4,3,0.75,0.7189673411249999,0.94175723
SLC44A3,4,3,0.75,0.7477119249999999,0.97821525
SLC5A4,4,3,0.75,0.6995051727880625,0.903253
SLC6A1,4,3,0.75,0.7401238932837937,0.98450543
SLC7A13,4,3,0.75,0.7088239902333024,0.92199685
SLC9A1,4,3,0.75,0.737478375,0.95957302
SLCO4A1,4,3,0.75,0.6752232224106864,0.85470486
SLMAP,4,3,0.75,0.7361748114875,0.9770376
SLTM,4,3,0.75,0.7758114575,0.9363372
SMC2,4,3,0.75,0.756238889,0.95677703
SNCAIP,4,3,0.75,0.701000907392465,0.906315975
SNX9,4,3,0.75,0.7995526425,0.94660922
SOGA3,4,3,0.75,0.90512435,0.97453048
SP3,4,3,0.75,0.857972795,0.9239421649999999
SPATA22,4,3,0.75,0.7281998775,0.911366105
SPECC1,4,3,0.75,0.851109475,0.9759595
SPIC,4,3,0.75,0.8359200099999999,0.9881469
SPINT1,4,3,0.75,0.8547487675000001,0.919908485
SPOCK1,4,3,0.75,0.7353506224999999,0.93101317
SPRY3,4,3,0.75,0.6951649,0.87457355
SRPRA,4,3,0.75,0.6842402006871479,0.87910355
SRRT,4,3,0.75,0.70736327,0.7893591799999999
STAT1,4,3,0.75,0.811587805,0.94879625
STXBP2,4,3,0.75,0.801386725,0.91313998
SUV39H2,4,3,0.75,0.72802166,0.926691825
SYT12,4,3,0.75,0.8297238025,0.9792323199999999
SYT6,4,3,0.75,0.826096855,0.9884875
TAF7L,4,3,0.75,0.67578521373,0.86751567
TAOK1,4,3,0.75,0.9289114375,0.9902046600000001
TAPT1,4,3,0.75,0.7572864475,0.991265725
TAS2R9,4,3,0.75,0.7803350075,0.98690739
TET2,4,3,0.75,0.90937156,0.95416227
THRAP3,4,3,0.75,0.89533842,0.9914183649999999
TINAG,4,3,0.75,0.83983132,0.960015575
TINF2,4,3,0.75,0.6988189277675,0.90917315
TJP2,4,3,0.75,0.743220330575,0.99008535
TKTL1,4,3,0.75,0.73760084675,0.96136365
TLR3,4,3,0.75,0.8216630675,0.8996902
TMEM104,4,3,0.75,0.793117245,0.9618929700000001
TMEM215,4,3,0.75,0.9192136125,0.9789761
TMEM94,4,3,0.75,0.82520013,0.93639905
TNKS1BP1,4,3,0.75,0.7431830925,0.90530128
TOP1MT,4,3,0.75,0.74329258660826,0.99085433
TOP2A,4,3,0.75,0.737103370734,0.9784929
TOPBP1,4,3,0.75,0.7548515425,0.92461383
TOX,4,3,0.75,0.7384984665,0.939490085
TOX3,4,3,0.75,0.91904913,0.987960875
TPCN1,4,3,0.75,0.8645096999999999,0.9550850799999999
TPSD1,4,3,0.75,0.8712444725,0.904638555
TRA2A,4,3,0.75,0.8504038525,0.9904671
TRA2B,4,3,0.75,0.765395195,0.879685135
TRAF1,4,3,0.75,0.7131484601892906,0.93510914
TRAF3,4,3,0.75,0.7428772475000001,0.8193569700000001
TRAPPC9,4,3,0.75,0.74472929645,0.99125297
TREML1,4,3,0.75,0.8095107075,0.9441233250000001
TRIM23,4,3,0.75,0.8278791375,0.838048825
TRIM3,4,3,0.75,0.8516492625000001,0.94999185
TRIM46,4,3,0.75,0.81690907,0.9296374700000001
TRIP13,4,3,0.75,0.7066274375,0.90744652
TSSK1B,4,3,0.75,0.9004520425,0.9676883700000001
TTC6,4,3,0.75,0.830658435,0.917692245
TTLL12,4,3,0.75,0.7240102286654122,0.9590496
TXNRD1,4,3,0.75,0.83021409,0.91244468
TYRO3,4,3,0.75,0.694284921784675,0.89290771
TYRP1,4,3,0.75,0.851534035,0.98088592
UBA6,4,3,0.75,0.791659895,0.9570599
UGT8,4,3,0.75,0.73539226,0.9610399000000001
USP22,4,3,0.75,0.8720744874999999,0.965009455
USP33,4,3,0.75,0.8329095625,0.991279605
USP37,4,3,0.75,0.730247099225,0.9700104
USP54,4,3,0.75,0.80390054,0.97830114
USPL1,4,3,0.75,0.9103801775,0.98102837
VCL,4,3,0.75,0.8463477375,0.982943925
VCPIP1,4,3,0.75,0.822432875,0.9826755549999999
VPS18,4,3,0.75,0.848984825,0.88586835
VPS53,4,3,0.75,0.8572371725,0.964952765
VWA8,4,3,0.75,0.74008198375,0.9788565
WDPCP,4,3,0.75,0.73857832125,0.981375545
WIF1,4,3,0.75,0.721741849661975,0.947729
WSCD1,4,3,0.75,0.728252119,0.96289227
WT1,4,3,0.75,0.6593718846675,0.84800513
XYLT1,4,3,0.75,0.7951771825,0.97387493
YIPF6,4,3,0.75,0.891589225,0.92699888
ZBED1,4,3,0.75,0.7909702825,0.9867456649999999
ZFP64,4,3,0.75,0.7342471225,0.9601084
ZNF100,4,3,0.75,0.70380037762,0.91912445
ZNF135,4,3,0.75,0.7703335875,0.85208416
ZNF182,4,3,0.75,0.7409056235,0.9729843499999999
ZNF207,4,3,0.75,0.872593705,0.9902786800000001
ZNF257,4,3,0.75,0.718087093546925,0.940426835
ZNF267,4,3,0.75,0.8664861275,0.9914047500000001
ZNF285,4,3,0.75,0.8218173799999999,0.9567559299999999
ZNF302,4,3,0.75,0.7151344982438462,0.935138785
ZNF468,4,3,0.75,0.8483914825,0.89664535
ZNF483,4,3,0.75,0.6990215940560001,0.902303725
ZNF496,4,3,0.75,0.69178989,0.80218385
ZNF540,4,3,0.75,0.8950583,0.98057145
ZNF544,4,3,0.75,0.7334272150004267,0.97120348
ZNF599,4,3,0.75,0.77549611,0.96745178
ZNF623,4,3,0.75,0.736001413432633,0.976912985
ZNF664,4,3,0.75,0.7390165139926,0.983458015
ZNF674,4,3,0.75,0.83238934,0.84941968
ZNF862,4,3,0.75,0.7080342127478549,0.92042397
ZNF878,4,3,0.75,0.64706248522975,0.80772685
ZSCAN29,4,3,0.75,0.7813293349999999,0.86721025
AACS,5,3,0.6,0.69156681404,0.9116225
AC092718.9,5,3,0.6,0.5574652892829394,0.83023524
ACSM1,5,3,0.6,0.678391486,0.96587956
ACSM2A,5,3,0.6,0.78035454,0.94340646
ACTL9,5,3,0.6,0.8007482939999999,0.95179045
ACTR8,5,3,0.6,0.6845735964,0.9577493
ADGRG6,5,3,0.6,0.705941476,0.85702264
ADNP2,5,3,0.6,0.7358144959999999,0.9699551
AFP,5,3,0.6,0.6435065796,0.89108574
AHSA1,5,3,0.6,0.5698927745500459,0.9115486
AL353804.6,5,3,0.6,0.5627397422991824,0.8528531
ALDH1A2,5,3,0.6,0.70248006348,0.85705423
ANKAR,5,3,0.6,0.729745956,0.8458427
ANO6,5,3,0.6,0.7060096616,0.8722406
ARMCX2,5,3,0.6,0.811431672,0.81903756
ARSL,5,3,0.6,0.61033916724,0.9166405
ART1,5,3,0.6,0.7063008532376001,0.8995585
ASB10,5,3,0.6,0.59201423752,0.87785393
ATAD2,5,3,0.6,0.656035646685452,0.8746254
ATF7IP2,5,3,0.6,0.830790626,0.966714
ATP11B,5,3,0.6,0.58717573844,0.89265317
ATP6V1C1,5,3,0.6,0.6817549061160115,0.958958
ATXN2L,5,3,0.6,0.7017549707899999,0.8597053
BICD1,5,3,0.6,0.677397928,0.97240573
BRINP3,5,3,0.6,0.715863305,0.9481219
BRPF3,5,3,0.6,0.6366751458717758,0.96872395
BRS3,5,3,0.6,0.68038174,0.7796282
C18orf54,5,3,0.6,0.6386817628,0.88830847
CAMKK2,5,3,0.6,0.5556739364426655,0.872046
CAND2,5,3,0.6,0.57577043263472,0.93312573
CARMIL3,5,3,0.6,0.580110934386,0.93229526
CBLIF,5,3,0.6,0.5885791226462168,0.97519964
CCDC125,5,3,0.6,0.64237670872,0.97843367
CCDC141,5,3,0.6,0.54376450664958,0.80032814
CCDC33,5,3,0.6,0.66647015276,0.7693025
CD86,5,3,0.6,0.736267256,0.9790333
CDH11,5,3,0.6,0.656660818,0.8745093
CDH17,5,3,0.6,0.6190583438,0.9813965
CDHR5,5,3,0.6,0.6978818411232,0.96031994
CEACAM20,5,3,0.6,0.5870528542539559,0.9575817
CEP95,5,3,0.6,0.846696436,0.96499366
CFAP61,5,3,0.6,0.70733180087702,0.9487462
CHRND,5,3,0.6,0.726409006,0.97554296
CILP,5,3,0.6,0.7261128699999999,0.7997688
CIP2A,5,3,0.6,0.66913938970242,0.9737023
CNR1,5,3,0.6,0.68863847446,0.89891094
COL7A1,5,3,0.6,0.6505528960011466,0.8879572
CRACD,5,3,0.6,0.683848628858,0.97062474
CRISP3,5,3,0.6,0.6988499015018526,0.9427929
CSF2RB,5,3,0.6,0.617427379799,0.87366134
CWF19L2,5,3,0.6,0.6644541709231384,0.9472041
CYP2C18,5,3,0.6,0.5606039349710384,0.83398175
DCST1,5,3,0.6,0.681273262,0.99109274
DCSTAMP,5,3,0.6,0.652160003,0.8317955
DENND2A,5,3,0.6,0.5984477509999999,0.81593734
DENND4A,5,3,0.6,0.557451958035589,0.7843627
DGKE,5,3,0.6,0.708035734329774,0.96183
DHX36,5,3,0.6,0.6198679472,0.94024074
DMGDH,5,3,0.6,0.720672576,0.94951016
DNAJC10,5,3,0.6,0.66007203708,0.8799872
DNMT3A,5,3,0.6,0.5896024394136,0.840183
DOP1B,5,3,0.6,0.5894273760123989,0.8186748
DPPA4,5,3,0.6,0.740688338,0.9621828
DRP2,5,3,0.6,0.5365628721955928,0.8406944
DVL1,5,3,0.6,0.5534029103016211,0.8745452
EEF1A2,5,3,0.6,0.609549052940158,0.9005691
EHBP1L1,5,3,0.6,0.5540507420784302,0.8009253
EIF2S3,5,3,0.6,0.5736284100198326,0.93450195
EIF4G2,5,3,0.6,0.7497732939999999,0.97639376
ELAPOR1,5,3,0.6,0.66973616,0.96587354
ELF2,5,3,0.6,0.6183143048599999,0.9639185
ELOVL7,5,3,0.6,0.650829488,0.8755086
ELSPBP1,5,3,0.6,0.6163926586020001,0.8520685
EXD1,5,3,0.6,0.7211537189999999,0.973449
EXT2,5,3,0.6,0.63746709,0.9883377
FAM74A3,5,3,0.6,0.6170811074426216,0.97693163
FAM9A,5,3,0.6,0.5909839563690968,0.97196084
FANCA,5,3,0.6,0.704559705234,0.98862594
FBXO24,5,3,0.6,0.733181678,0.7714711
FECH,5,3,0.6,0.8347759760000001,0.9703264
FGFR1,5,3,0.6,0.59539206951,0.9803223
FGFR2,5,3,0.6,0.6562378499999999,0.8400622
FIZ1,5,3,0.6,0.60189529446,0.89676934
FMR1NB,5,3,0.6,0.5611326182300217,0.879113
FOXI1,5,3,0.6,0.6098695242561327,0.89203423
FYCO1,5,3,0.6,0.6812978980000001,0.88533413
GABRA2,5,3,0.6,0.64345461,0.9364909
GABRB1,5,3,0.6,0.8059251679999999,0.85785544
GABRD,5,3,0.6,0.7821496160000001,0.9331439
GALM,5,3,0.6,0.5885986684734372,0.979658
GALNT10,5,3,0.6,0.68013456828,0.9232625
GALNT14,5,3,0.6,0.788649318,0.95049083
GANAB,5,3,0.6,0.6245701626,0.9375704
GATA3,5,3,0.6,0.5097216806458086,0.76625884
GBA3,5,3,0.6,0.567068890061188,0.76990837
GBP3,5,3,0.6,0.6052984137052,0.8689175
GDF5,5,3,0.6,0.716478193,0.97859704
GLG1,5,3,0.6,0.5588237133020966,0.8804188
GLIS1,5,3,0.6,0.5445174513662903,0.8203674
GLYR1,5,3,0.6,0.6244442880000001,0.8397466
GML,5,3,0.6,0.7264874100000001,0.98879284
GNB1L,5,3,0.6,0.5947563581210795,0.9909717
GPI,5,3,0.6,0.6505125620800001,0.96289706
GPR142,5,3,0.6,0.5915358962945401,0.7930768
GPRASP2,5,3,0.6,0.578194982772,0.90693146
GRID2,5,3,0.6,0.574102120588,0.8860986
GRIK4,5,3,0.6,0.7388269279999999,0.99112064
HCAR3,5,3,0.6,0.6631332899,0.9901827
HKDC1,5,3,0.6,0.6126611658644029,0.9908398
HOXB1,5,3,0.6,0.611365936,0.9372032
HOXC11,5,3,0.6,0.638539372,0.7929497
HPS5,5,3,0.6,0.744983164,0.9460703
HS3ST1,5,3,0.6,0.726687626,0.8647998
HS6ST2,5,3,0.6,0.6109278472844311,0.8497847
IFT122,5,3,0.6,0.6815395661118,0.85867596
IGSF9B,5,3,0.6,0.5448337365187921,0.77542156
IMPDH1,5,3,0.6,0.63502177438,0.8157806
INTS1,5,3,0.6,0.6937962634,0.9745257
IQCA1,5,3,0.6,0.586509183235874,0.9727587
IRAG2,5,3,0.6,0.6674739040000001,0.9832466
IRS4,5,3,0.6,0.5917879846013765,0.94876766
ITGA1,5,3,0.6,0.8197859080000001,0.86098874
JAG1,5,3,0.6,0.588891664194524,0.80076647
KBTBD3,5,3,0.6,0.63597156948,0.991323
KCNA5,5,3,0.6,0.5687626888999999,0.87600875
KDM4B,5,3,0.6,0.5900459225800001,0.88096863
KIF1C,5,3,0.6,0.6151163273364559,0.95638436
KLKB1,5,3,0.6,0.628512088,0.9213488
KRT25,5,3,0.6,0.65818334734,0.98278046
KRT27,5,3,0.6,0.732992913,0.96589434
KRT73,5,3,0.6,0.762201772,0.9764781
KRT8,5,3,0.6,0.61054491662,0.95004225
KRTAP10-7,5,3,0.6,0.6701015619999999,0.9849414
KRTAP13-1,5,3,0.6,0.63085879,0.86962754
LATS1,5,3,0.6,0.850305544,0.9692078
LIG3,5,3,0.6,0.8587739620000001,0.9700034
LINGO4,5,3,0.6,0.5857895400013704,0.9517942
LMBRD1,5,3,0.6,0.62096394282,0.97041434
LNX1,5,3,0.6,0.826792466,0.97184515
LRRC30,5,3,0.6,0.7724962040000001,0.94078505
LRRC31,5,3,0.6,0.675495647,0.87553346
LRRIQ3,5,3,0.6,0.6298723940000001,0.77975464
LSMEM1,5,3,0.6,0.684542192,0.9856442
LZTS1,5,3,0.6,0.5845031183972,0.95259166
MACROD2,5,3,0.6,0.52255093654868,0.7881255
MAGEA10,5,3,0.6,0.5859826180193564,0.95649606
MAN2B1,5,3,0.6,0.5528523354007999,0.8181321
MAPK3,5,3,0.6,0.5945230290754,0.9897537
MASP1,5,3,0.6,0.663810914,0.85990757
MECR,5,3,0.6,0.6798034414534,0.83704925
MELTF,5,3,0.6,0.676793642,0.9561572
MEN1,5,3,0.6,0.6113896621887172,0.9523426
MGRN1,5,3,0.6,0.7052438708612732,0.90098643
MIA3,5,3,0.6,0.6813317019999999,0.9651991
MICAL1,5,3,0.6,0.7324175719999999,0.97675085
MMEL1,5,3,0.6,0.6919788852,0.9893757
MRGPRX4,5,3,0.6,0.5898965725322,0.8600989
MS4A3,5,3,0.6,0.815292372,0.8403383
MSH5,5,3,0.6,0.53415225753408,0.8164779
MTA2,5,3,0.6,0.64688508,0.9257816
MTHFD1L,5,3,0.6,0.5414428789338449,0.8189095
MTMR3,5,3,0.6,0.862399502,0.96290576
MTTP,5,3,0.6,0.62720859502,0.83295
MYO1F,5,3,0.6,0.73092316898,0.9536055
NAGA,5,3,0.6,0.609382026207119,0.8384272
NCOA5,5,3,0.6,0.785701638,0.92816347
NDST1,5,3,0.6,0.7871054040000001,0.8677065
NECTIN4,5,3,0.6,0.5474001079999999,0.775362
NEK6,5,3,0.6,0.605047802934256,0.9497448
NELL2,5,3,0.6,0.5293519962454429,0.7879437
NEU2,5,3,0.6,0.6186279756359999,0.9360452
NEXMIF,5,3,0.6,0.5696789829871282,0.8826678
NIPAL4,5,3,0.6,0.60067564352,0.97278273
NLRC5,5,3,0.6,0.747038576,0.80806434
NPR2,5,3,0.6,0.55867303764,0.8724857
NTAQ1,5,3,0.6,0.569541570334632,0.92653245
NUP133,5,3,0.6,0.6810055290996,0.9214319
NUP155,5,3,0.6,0.709676006,0.97604793
OCRL,5,3,0.6,0.5811053880012175,0.9041213
OFD1,5,3,0.6,0.5705034424166799,0.8876121
OOEP,5,3,0.6,0.587784472972974,0.96933395
OR13C9,5,3,0.6,0.8434466799999999,0.951263
OR51D1,5,3,0.6,0.728855542,0.9610126
OR52D1,5,3,0.6,0.6930934341999999,0.95944303
OR7G3,5,3,0.6,0.67262098068748,0.859933
OR8H3,5,3,0.6,0.705249258,0.7565691
OSBPL1A,5,3,0.6,0.62614802914,0.94512147
OTUD7B,5,3,0.6,0.6847162014,0.95499647
P3H1,5,3,0.6,0.757540894,0.9389258
PALLD,5,3,0.6,0.63393145693,0.9257255
PCDHGA7,5,3,0.6,0.6051826128,0.88416183
PDE11A,5,3,0.6,0.62490071332595,0.77671224
PDE3A,5,3,0.6,0.8652004400000001,0.9738425
PDE6C,5,3,0.6,0.6420525862816,0.75198895
PDIA4,5,3,0.6,0.670006640152312,0.98183537
PEAR1,5,3,0.6,0.6816912312,0.82791233
PGBD2,5,3,0.6,0.64312985944,0.925017
PHRF1,5,3,0.6,0.54709173204552,0.7609089
PIEZO2,5,3,0.6,0.6053959156,0.98399043
PIK3C2A,5,3,0.6,0.6681597459999999,0.9911877
PLCH2,5,3,0.6,0.5501501877450276,0.83598435
PLD1,5,3,0.6,0.695459532,0.91152316
PLEKHG4,5,3,0.6,0.6014689109026,0.9755105
PLEKHM3,5,3,0.6,0.8116601720000001,0.97121847
PLG,5,3,0.6,0.677164838,0.80667233
PLK3,5,3,0.6,0.6230323712359159,0.9825151
POC1B,5,3,0.6,0.57277708476459,0.84306914
POLR3C,5,3,0.6,0.587163938,0.7602513
POTED,5,3,0.6,0.5773270747294,0.9429441
PPP2R3A,5,3,0.6,0.72695018,0.95122564
PPP6R3,5,3,0.6,0.690545972,0.8750253
PRDM2,5,3,0.6,0.6024228041762429,0.87957567
PRMT7,5,3,0.6,0.5948614680077567,0.99129105
PRPF6,5,3,0.6,0.6772953240027839,0.91655576
PSMB11,5,3,0.6,0.6272310584,0.962448
PSMC4,5,3,0.6,0.750317146,0.99133587
PTCD2,5,3,0.6,0.796793654,0.8079049
PTPRK,5,3,0.6,0.6373815826318721,0.931704
QTRT1,5,3,0.6,0.5952934343120548,0.9782493
RABGEF1,5,3,0.6,0.718832336,0.97872865
RAD50,5,3,0.6,0.726148596,0.828833
RAD54L2,5,3,0.6,0.59008372845984,0.9694602
RAG2,5,3,0.6,0.5219299002,0.7647225
RAPGEF1,5,3,0.6,0.718066914,0.96142596
RBM10,5,3,0.6,0.573181717484193,0.90134823
RBM48,5,3,0.6,0.6032796303551999,0.89527255
REM1,5,3,0.6,0.7128988342221376,0.92788845
RGR,5,3,0.6,0.55396924894592,0.78766936
RHOH,5,3,0.6,0.5872956535085175,0.9616596
RICTOR,5,3,0.6,0.7800643620000001,0.9823093
RNF34,5,3,0.6,0.5856428117182515,0.94922274
ROR1,5,3,0.6,0.695440174,0.83524
RPH3A,5,3,0.6,0.7229960401512442,0.9833055
RRM1,5,3,0.6,0.70367018948,0.9783149
RRP8,5,3,0.6,0.653802404,0.9404872
RUNX2,5,3,0.6,0.6022714279,0.9436121
RXFP2,5,3,0.6,0.718781772,0.84409463
SCYL2,5,3,0.6,0.71057503484,0.96695966
SEMA6D,5,3,0.6,0.7235441435028,0.9699528
SERPINA6,5,3,0.6,0.724855644,0.78161615
SERPINB3,5,3,0.6,0.59281860050082,0.985537
SETX,5,3,0.6,0.5948668661276444,0.99141073
SFI1,5,3,0.6,0.72874413356,0.98171705
SH3TC2,5,3,0.6,0.8315336739999999,0.98273647
SIRPG,5,3,0.6,0.785322462,0.7765951
SLC1A2,5,3,0.6,0.6427462531,0.88402224
SLC22A11,5,3,0.6,0.55955150454,0.85927486
SLC5A12,5,3,0.6,0.778586084,0.95992666
SOS1,5,3,0.6,0.56210710042,0.84756625
SP4,5,3,0.6,0.700281166,0.9835533
SPATA5,5,3,0.6,0.60564421778,0.83819187
SPATC1,5,3,0.6,0.7159576000000001,0.8046198
SRBD1,5,3,0.6,0.782570006,0.97801745
SRPK2,5,3,0.6,0.6206645803999999,0.97217935
SRPK3,5,3,0.6,0.83950806,0.9781754
SSTR2,5,3,0.6,0.7192178639102,0.96210104
STAR,5,3,0.6,0.709324378434,0.9557974
STAT4,5,3,0.6,0.65345886752,0.92571294
SUFU,5,3,0.6,0.675721954834,0.9801083
SYK,5,3,0.6,0.594386601736414,0.9891788
SYNGAP1,5,3,0.6,0.5595863701392261,0.82095706
TBC1D4,5,3,0.6,0.6962598339999999,0.9647525
TBC1D9B,5,3,0.6,0.583151218320587,0.93682206
TBPL2,5,3,0.6,0.638692415926,0.9484432
TFAP2A,5,3,0.6,0.59764524704,0.9814193
THBS4,5,3,0.6,0.736729842,0.93369156
TLR5,5,3,0.6,0.736640242,0.97536564
TM7SF3,5,3,0.6,0.7036035788799999,0.8580935
TM9SF4,5,3,0.6,0.5936425705429699,0.9886031
TMC3,5,3,0.6,0.63889262074,0.8168368
TMEM214,5,3,0.6,0.56886817306056,0.9181602
TNS4,5,3,0.6,0.672469746272,0.93812305
TRPV4,5,3,0.6,0.747615509,0.96270514
TTC13,5,3,0.6,0.663397014,0.84244084
TTC14,5,3,0.6,0.6064884754740001,0.8607102
TTC21B,5,3,0.6,0.6689458501402055,0.80012995
TTC22,5,3,0.6,0.5802760747728339,0.9379233
TUSC3,5,3,0.6,0.821267396,0.9253435
TWNK,5,3,0.6,0.7164796165231999,0.92327154
UBE3B,5,3,0.6,0.6422862840000001,0.82698137
UBQLN2,5,3,0.6,0.579239208,0.8185001
UGT2B10,5,3,0.6,0.71270877,0.8124757
ULK4,5,3,0.6,0.5905257983459692,0.9827512
UNC45A,5,3,0.6,0.720675956,0.8330239
UTP14C,5,3,0.6,0.588249374,0.81653875
VANGL1,5,3,0.6,0.5349790891972892,0.7525991
VEGFA,5,3,0.6,0.8364362200000001,0.911603
WDR11,5,3,0.6,0.661338556,0.92497283
WSCD2,5,3,0.6,0.6492363320153467,0.9115756
WWC2,5,3,0.6,0.6059115288754149,0.92256004
XCL1,5,3,0.6,0.6581787316,0.9666113
YTHDC2,5,3,0.6,0.59872743848,0.99050003
YY2,5,3,0.6,0.627719954648,0.9230315
ZBTB21,5,3,0.6,0.7412014060000001,0.9758232
ZBTB40,5,3,0.6,0.6217184183406,0.95314306
ZBTB7C,5,3,0.6,0.565032280311733,0.8711779
ZCCHC14,5,3,0.6,0.7436864400000001,0.93161356
ZCWPW1,5,3,0.6,0.5504413692,0.75498796
ZMIZ2,5,3,0.6,0.732342208,0.9776308
ZMYND15,5,3,0.6,0.646825274,0.95179695
ZNF107,5,3,0.6,0.6726921711,0.9825449
ZNF217,5,3,0.6,0.6762897741,0.9913884
ZNF23,5,3,0.6,0.694639808312,0.94041944
ZNF26,5,3,0.6,0.5891185264,0.88466614
ZNF337,5,3,0.6,0.657421230882028,0.81996465
ZNF543,5,3,0.6,0.5904425238,0.9716664
ZNF572,5,3,0.6,0.7272526498,0.99125504
ZNF609,5,3,0.6,0.7125911415206,0.9408024
ZNF665,5,3,0.6,0.760017102,0.8388769
ZNF681,5,3,0.6,0.5662794018780001,0.9305932
ZNF84,5,3,0.6,0.512666325696,0.77605397
AADACL4,6,3,0.5,0.498925781812164,0.510002295
ABCD2,6,3,0.5,0.5756985638333333,0.61800815
ABCG1,6,3,0.5,0.48912826129236664,0.487121515
AC126283.2,6,3,0.5,0.6932991016666666,0.7627619
ACSL4,6,3,0.5,0.6028098431866667,0.733631725
ACSS3,6,3,0.5,0.6100496400000001,0.7288616
ACTN1,6,3,0.5,0.4916059417920391,0.487359904025
ADCY7,6,3,0.5,0.6490360026666667,0.81052085
ADGRB3,6,3,0.5,0.4872137417045533,0.483089846
AHI1,6,3,0.5,0.48290141996553904,0.47040777435000003
AL353804.4,6,3,0.5,0.5712959067272,0.638859555
ALLC,6,3,0.5,0.6806373733333334,0.7783612
ALOX12B,6,3,0.5,0.693684775,0.77158837
ALOX15,6,3,0.5,0.78607189,0.8308567
ANKEF1,6,3,0.5,0.5483042566666666,0.567127755
ANKRD33,6,3,0.5,0.5863961583333334,0.69749664
ANKRD52,6,3,0.5,0.5804670949766667,0.63175985
APBB1,6,3,0.5,0.6446483829001667,0.8334624850000001
ARHGAP45,6,3,0.5,0.49118201601850936,0.4855133019862
ASXL2,6,3,0.5,0.486168462062029,0.4840775865
ATP9A,6,3,0.5,0.5304156707433333,0.611962605
BAHD1,6,3,0.5,0.5808170980016417,0.743285575
BMX,6,3,0.5,0.5226390588296772,0.6236436750000001
BRIP1,6,3,0.5,0.49072951699999995,0.451956215
C2CD6,6,3,0.5,0.5423773062047167,0.637108225
C4BPA,6,3,0.5,0.5380210086666667,0.594590865
CABS1,6,3,0.5,0.5742038218483333,0.65939806
CCAR1,6,3,0.5,0.4926441769007805,0.4868999805293605
CCDC110,6,3,0.5,0.6426902687292967,0.80413705
CCDC144A,6,3,0.5,0.5510081406688899,0.661646375
CCDC63,6,3,0.5,0.6262174274166666,0.811129065
CD96,6,3,0.5,0.5877988883956456,0.723525125
CDH5,6,3,0.5,0.5131636052091667,0.607363205
CDYL2,6,3,0.5,0.6306561966550001,0.75517532
CLCA1,6,3,0.5,0.5693046461666667,0.63489913
CLYBL,6,3,0.5,0.5033119866156667,0.529754275
COG6,6,3,0.5,0.5271152416666667,0.5418662599999999
COL5A3,6,3,0.5,0.6427277885666667,0.7796541
CPA6,6,3,0.5,0.5640475308333334,0.6368170049999999
CPT1A,6,3,0.5,0.5330802745669999,0.561075675
CRB2,6,3,0.5,0.58922839665524,0.7614332
CSDE1,6,3,0.5,0.5560281038166667,0.63213345
CSF1R,6,3,0.5,0.6760601121311116,0.79533488
CYP11B2,6,3,0.5,0.6112339518610265,0.736419375
CYP4B1,6,3,0.5,0.5438031041729456,0.6626655100000001
DCDC1,6,3,0.5,0.58104221950041,0.763669315
DCTN1,6,3,0.5,0.6353062666166667,0.69870015
DENND1C,6,3,0.5,0.5282549683726204,0.593342505
DHCR24,6,3,0.5,0.5373798068,0.59186966
DHX38,6,3,0.5,0.6071191850000001,0.60225855
E2F2,6,3,0.5,0.5793012255290463,0.67317154
EHMT2,6,3,0.5,0.5990307319,0.66723966
ELOA2,6,3,0.5,0.7009751783333332,0.71030095
EPHA3,6,3,0.5,0.6893250216666665,0.77763098
EXOSC10,6,3,0.5,0.77612212,0.83519265
FADS6,6,3,0.5,0.5432209128456834,0.638183215
FBH1,6,3,0.5,0.579274355,0.58415936
FNIP2,6,3,0.5,0.7035120283333334,0.792572865
FOXP1,6,3,0.5,0.4949272248151623,0.50224442
FRMPD2,6,3,0.5,0.5829710879165114,0.7570804950000001
GABRQ,6,3,0.5,0.430915188500223,0.38908488550000003
GCNT2,6,3,0.5,0.6155062461833333,0.76921647
GLUD2,6,3,0.5,0.6208492550000331,0.81696767
GMEB2,6,3,0.5,0.46857292377863097,0.41769352649999997
GPATCH1,6,3,0.5,0.6818770388605734,0.77264
GPR132,6,3,0.5,0.5797039251262743,0.75738653
HIPK2,6,3,0.5,0.650249195,0.615664165
HTR3E,6,3,0.5,0.5546386983333333,0.5233593
IMPDH2,6,3,0.5,0.4609616601692543,0.4359933235
IMPG2,6,3,0.5,0.71304793,0.7484853499999999
INSR,6,3,0.5,0.6331842086666667,0.67119413
JPH3,6,3,0.5,0.48419757732055,0.46182798
KAT6A,6,3,0.5,0.6366787066666667,0.76740708
KCNA4,6,3,0.5,0.5951283245,0.7645352750000001
KCNB1,6,3,0.5,0.4863177375026751,0.4912829535
KIF20A,6,3,0.5,0.4878738099789084,0.47596933950000003
KLHL1,6,3,0.5,0.6325956757100001,0.7149117300000001
KLHL20,6,3,0.5,0.76436584,0.79298853
KLHL32,6,3,0.5,0.5686748936666667,0.67064038
KLHL34,6,3,0.5,0.5701231951576,0.7502147
KRT18,6,3,0.5,0.63823953275,0.79773332
LARS1,6,3,0.5,0.5791478469170367,0.747657655
LILRB3,6,3,0.5,0.5073264122301179,0.531527322
LLGL2,6,3,0.5,0.5370153178666767,0.619054625
LPAR4,6,3,0.5,0.438341675789745,0.412707082
LRRC8E,6,3,0.5,0.4942479223033833,0.4904063415
MAGEB6B,6,3,0.5,0.5090967366689491,0.5380241099999999
MAP4K2,6,3,0.5,0.46958822157801006,0.4332805755
MAPK15,6,3,0.5,0.4608885068489554,0.3927467203965
MED14,6,3,0.5,0.49231104317577046,0.4897127793445
MID1,6,3,0.5,0.4928055016842054,0.4883418188015
MIOS,6,3,0.5,0.6770117706000001,0.78737375
MLXIPL,6,3,0.5,0.4959888970025073,0.4965703231
MMP14,6,3,0.5,0.4456834311653508,0.48451004499999994
MSL2,6,3,0.5,0.5345057853333334,0.5938230600000001
MSR1,6,3,0.5,0.6786695766666667,0.72768312
MTREX,6,3,0.5,0.5780548148916667,0.585921815
MYT1L,6,3,0.5,0.5653677193333334,0.6151594
NBPF26,6,3,0.5,0.5946422766666667,0.68590128
NKTR,6,3,0.5,0.5980166707666666,0.7303732700000001
NLRC4,6,3,0.5,0.4767977026216667,0.44675673385
NRIP1,6,3,0.5,0.5751350562078,0.7339612
NTN4,6,3,0.5,0.6458418731666666,0.7443143649999999
NTNG2,6,3,0.5,0.46583198975393203,0.40997256800825005
OR14J1,6,3,0.5,0.6956721711666667,0.79834805
OR2G6,6,3,0.5,0.6758589445,0.8096137050000001
OR2M4,6,3,0.5,0.5863402745433334,0.678401625
OR2Z1,6,3,0.5,0.5223590601033333,0.623479395
OR4P4,6,3,0.5,0.6896899583485,0.81448871
OR51S1,6,3,0.5,0.5736614524651633,0.725658735
OR5D16,6,3,0.5,0.5904033708333333,0.6433054300000001
OR5P2,6,3,0.5,0.598822635,0.5957969
OR9K2,6,3,0.5,0.5287915047333334,0.5476091200000001
PACS2,6,3,0.5,0.48725184381007364,0.481165165
PARP9,6,3,0.5,0.50528790775,0.52621501
PASD1,6,3,0.5,0.5987869866681914,0.82249421
PCSK6,6,3,0.5,0.6227882769833334,0.680889385
PDE2A,6,3,0.5,0.6371571066666667,0.79799241
PEX14,6,3,0.5,0.483041029991306,0.46598610389
PFKFB4,6,3,0.5,0.6343910517933333,0.78420775
PINK1,6,3,0.5,0.48811524231667064,0.474130544
PLXNC1,6,3,0.5,0.5501395318,0.68040113
PMPCB,6,3,0.5,0.6710106173333333,0.79422142
POLR1A,6,3,0.5,0.6075035491266667,0.8309521
PPP1R3F,6,3,0.5,0.44867761243374343,0.39416924725
PRAMEF12,6,3,0.5,0.49330666684499996,0.4921967
PRAMEF19,6,3,0.5,0.509615506798058,0.53740932
PRRC2B,6,3,0.5,0.7101756216666666,0.722875385
RADX,6,3,0.5,0.4909240758910764,0.4831578576608
RAI1,6,3,0.5,0.6174736604281067,0.666407425
RANBP6,6,3,0.5,0.5282377970733333,0.60529006
RPS6KC1,6,3,0.5,0.661985615,0.71029272
RPTN,6,3,0.5,0.7144116233333334,0.8287114
RUNX1T1,6,3,0.5,0.5028776074436166,0.592175575
SAMD7,6,3,0.5,0.5946653404316667,0.70772602
SATL1,6,3,0.5,0.59359236,0.6179394
SDK2,6,3,0.5,0.5172253503287667,0.529378445
SEMA3G,6,3,0.5,0.6625409811666666,0.791456535
SERPING1,6,3,0.5,0.6993380645833334,0.8233431
SESTD1,6,3,0.5,0.6702164140439,0.8060058
SETDB2,6,3,0.5,0.547030554831,0.66654055
SLC17A6,6,3,0.5,0.52565092015,0.59853778
SLC27A6,6,3,0.5,0.6666270929790813,0.8061525199999999
SLC2A2,6,3,0.5,0.54913049885,0.6519869
SLC7A14,6,3,0.5,0.5691693971916667,0.63251195
SLFN5,6,3,0.5,0.634449808,0.7132113999999999
SMCHD1,6,3,0.5,0.5027511098276667,0.51765905
SMG7,6,3,0.5,0.6508796816674641,0.702464075
SPOCK3,6,3,0.5,0.652312145,0.8081199349999999
SPTBN5,6,3,0.5,0.4725042346357679,0.450282728897919
ST6GAL1,6,3,0.5,0.573161393655,0.7687539999999999
SULF1,6,3,0.5,0.644330883,0.7150697850000001
SYTL5,6,3,0.5,0.654252591721467,0.78212643
TAOK2,6,3,0.5,0.6403919991666667,0.801198415
TBXT,6,3,0.5,0.4938025381838295,0.51104928
TGM1,6,3,0.5,0.49458148897572496,0.52560641
TGM2,6,3,0.5,0.6224282544,0.7312093
TJP1,6,3,0.5,0.5971495754166666,0.80496455
TLR8,6,3,0.5,0.41822574347242564,0.3787461425
TSPAN9,6,3,0.5,0.56494163556276,0.58858135
UACA,6,3,0.5,0.6245521321999999,0.79998478
UBE4B,6,3,0.5,0.6047954699,0.801137815
UGT2A1,6,3,0.5,0.6381557302300264,0.775132825
UHRF2,6,3,0.5,0.7150558466666667,0.8193634249999999
USP35,6,3,0.5,0.4787446518361917,0.44709055600000003
VPS16,6,3,0.5,0.6711066306950001,0.80607772
VPS41,6,3,0.5,0.5207408840216666,0.57053213
VRTN,6,3,0.5,0.6370229361383064,0.866074225
WDR17,6,3,0.5,0.5691426879281006,0.714462885
XYLB,6,3,0.5,0.49162745139333336,0.4834253956
ZGRF1,6,3,0.5,0.5776208338566667,0.62149319
ZMYM2,6,3,0.5,0.5582809485210145,0.7047517649999999
ZNF117,6,3,0.5,0.6338602799411667,0.83453042
ZNF271P,6,3,0.5,0.6574358025,0.75178006
ZNF451,6,3,0.5,0.6996461221666667,0.8002207299999999
ZNF551,6,3,0.5,0.603241707354466,0.8224185150000001
ABCA6,7,3,0.42857142857142855,0.5631217071428571,0.4286994
ADAM2,7,3,0.42857142857142855,0.5233086312622948,0.6401348
AKAP10,7,3,0.42857142857142855,0.4887226515714285,0.29265136
ANKRD13B,7,3,0.42857142857142855,0.4243271772160028,0.10149609
ANLN,7,3,0.42857142857142855,0.5146772511642043,0.62313014
ARHGEF11,7,3,0.42857142857142855,0.5176645968932989,0.68852746
ASB5,7,3,0.42857142857142855,0.5306613768,0.57392746
ATF7IP,7,3,0.42857142857142855,0.7171970671428571,0.6883496
ATP6V0D1,7,3,0.42857142857142855,0.70458,0.7400075
ATXN2,7,3,0.42857142857142855,0.5166638562857143,0.5041883
BAZ2A,7,3,0.42857142857142855,0.4244134999089231,1.0965182e-06
BFSP1,7,3,0.42857142857142855,0.4860988482797969,0.4521135
CAPN6,7,3,0.42857142857142855,0.39983965594742343,0.0014389567
CARF,7,3,0.42857142857142855,0.42112151942491755,0.0027842273
CCDC85A,7,3,0.42857142857142855,0.4799875172607471,0.390077
CD101,7,3,0.42857142857142855,0.5696492081714286,0.46903557
CEP128,7,3,0.42857142857142855,0.4760107927621429,0.65735775
CFAP58,7,3,0.42857142857142855,0.4217195083675613,0.057499535
CLDN14,7,3,0.42857142857142855,0.4742132178803714,0.19803756
CNTN5,7,3,0.42857142857142855,0.48931140410801366,0.2926412
COL16A1,7,3,0.42857142857142855,0.42067742650977696,0.053193294
CPPED1,7,3,0.42857142857142855,0.5449010234285715,0.5773352
CPXM2,7,3,0.42857142857142855,0.5082615023651524,0.3234176
CRNN,7,3,0.42857142857142855,0.4592193004714286,0.43038216
CYP4F8,7,3,0.42857142857142855,0.5281289081015714,0.4070894
CYP7B1,7,3,0.42857142857142855,0.46718947853378573,0.27356595
DAO,7,3,0.42857142857142855,0.6071265114285714,0.6827803
DKC1,7,3,0.42857142857142855,0.5487779498090152,0.7061113
EFCAB6,7,3,0.42857142857142855,0.4278567578900937,0.06330227
EHD4,7,3,0.42857142857142855,0.4749136166036857,0.40044913
ELK3,7,3,0.42857142857142855,0.5114491740485428,0.5806304
EPAS1,7,3,0.42857142857142855,0.4833796685476286,0.24128763
EXOC1,7,3,0.42857142857142855,0.5088660869936386,0.38935968
EXTL3,7,3,0.42857142857142855,0.5503281776,0.6760356
FBXW11,7,3,0.42857142857142855,0.4963403512571429,0.25995573
G6PD,7,3,0.42857142857142855,0.58765646349198,0.7068442
GALNT1,7,3,0.42857142857142855,0.7573178799999999,0.68083036
GLT8D2,7,3,0.42857142857142855,0.6701463028359429,0.74981326
GOLGA3,7,3,0.42857142857142855,0.5582030617257143,0.6839599
HEATR5A,7,3,0.42857142857142855,0.477224342087779,0.40628797
HNRNPU,7,3,0.42857142857142855,0.5736638842857144,0.5390481
IFNW1,7,3,0.42857142857142855,0.39563892937557715,0.0017782426
IL31RA,7,3,0.42857142857142855,0.6157027411529142,0.7476222
IMPG1,7,3,0.42857142857142855,0.5698996428725712,0.66846555
INTS13,7,3,0.42857142857142855,0.6465146752285714,0.6522896
IPO9,7,3,0.42857142857142855,0.6212531771428572,0.6579616
ITGAE,7,3,0.42857142857142855,0.49109412902157856,0.44778523
ITSN2,7,3,0.42857142857142855,0.46486709362457146,0.40166792
KCNT1,7,3,0.42857142857142855,0.44447108896325427,0.2150286
KDM5B,7,3,0.42857142857142855,0.6278619285714286,0.731673
KHDC3L,7,3,0.42857142857142855,0.5126972204285715,0.37158138
KRT9,7,3,0.42857142857142855,0.46344158511882927,0.26373148
LPAR1,7,3,0.42857142857142855,0.6163124435028572,0.7005265
LPCAT1,7,3,0.42857142857142855,0.5384247681873828,0.65987325
LRFN2,7,3,0.42857142857142855,0.49829095659149253,0.53917044
MAML1,7,3,0.42857142857142855,0.49526335937571425,0.51529217
MAP4K4,7,3,0.42857142857142855,0.5787751144987402,0.7425117
MCM3AP,7,3,0.42857142857142855,0.42175344229729284,0.14936717
MID2,7,3,0.42857142857142855,0.4913340721802943,0.5159048
MROH5,7,3,0.42857142857142855,0.6234620760928572,0.57449114
MST1R,7,3,0.42857142857142855,0.5159717584228571,0.6450879
NCOA3,7,3,0.42857142857142855,0.5940537600000001,0.6883249
NFIB,7,3,0.42857142857142855,0.3981268709085235,0.108827755
NSD2,7,3,0.42857142857142855,0.48353835578945875,0.35695496
NXF3,7,3,0.42857142857142855,0.5102572683101071,0.48424584
OCA2,7,3,0.42857142857142855,0.45903136141469275,0.51629186
OR10W1,7,3,0.42857142857142855,0.5370703955428572,0.47864485
OR52J3,7,3,0.42857142857142855,0.6906004885714285,0.68856716
OR5K1,7,3,0.42857142857142855,0.511582305,0.71462715
OSBP2,7,3,0.42857142857142855,0.5449131802857143,0.38970864
PABPC4,7,3,0.42857142857142855,0.7616276385714286,0.70663786
PCDH17,7,3,0.42857142857142855,0.43491845355836883,0.3923268
PCDHGB6,7,3,0.42857142857142855,0.4767332492142925,0.2645882
PCF11,7,3,0.42857142857142855,0.5783120636506858,0.64169985
PHF8,7,3,0.42857142857142855,0.4829090057857143,0.5805
PKD1,7,3,0.42857142857142855,0.5863555237300322,0.7108679
PLEKHG2,7,3,0.42857142857142855,0.38601174666981164,0.0072415206
PLIN4,7,3,0.42857142857142855,0.5187863837142858,0.6885434
PLXNA3,7,3,0.42857142857142855,0.4877069648429135,0.4834241
PMFBP1,7,3,0.42857142857142855,0.5373330506142857,0.5328785
POLRMT,7,3,0.42857142857142855,0.5414547493296027,0.4737163
ROBO1,7,3,0.42857142857142855,0.44066635030646456,0.34567678
SEMA5A,7,3,0.42857142857142855,0.484632553133064,0.3347221
SERPINB10,7,3,0.42857142857142855,0.4960643368144037,0.5169437
SLCO2B1,7,3,0.42857142857142855,0.5300419537142925,0.69212323
SMC3,7,3,0.42857142857142855,0.4250377863388736,0.006925108
SP110,7,3,0.42857142857142855,0.45079169058852286,0.33343235
SREBF2,7,3,0.42857142857142855,0.40780142076049664,0.056957267
ST8SIA2,7,3,0.42857142857142855,0.5736624128571428,0.59621185
STARD8,7,3,0.42857142857142855,0.41843621995256325,0.002954073
SULF2,7,3,0.42857142857142855,0.5354976151245905,0.59867835
SYMPK,7,3,0.42857142857142855,0.4229573899361224,0.0010073814
TACR3,7,3,0.42857142857142855,0.5124324580042857,0.6360629
TMPRSS7,7,3,0.42857142857142855,0.4777554741,0.47307125
TONSL,7,3,0.42857142857142855,0.50326080117452,0.39896792
TRAPPC10,7,3,0.42857142857142855,0.5912598289642857,0.62023413
TRPC5,7,3,0.42857142857142855,0.42260163808084583,3.6655442e-06
VARS2,7,3,0.42857142857142855,0.4065982851549862,0.040146925
ZC3H12B,7,3,0.42857142857142855,0.5004731787266142,0.5035917
ZNF160,7,3,0.42857142857142855,0.6135043082857142,0.6184639
ZNF226,7,3,0.42857142857142855,0.48800125111059234,0.6839439
ZNF560,7,3,0.42857142857142855,0.4363567195285714,0.16444513
ZNF813,7,3,0.42857142857142855,0.49214524476436605,0.48307484
ABCC4,8,3,0.375,0.3545760258950965,0.00011967603450000001
ADCY8,8,3,0.375,0.504118218375,0.42864736
ALG13,8,3,0.375,0.43171695224673606,0.34554561260399996
AP002512.3,8,3,0.375,0.5376491492125,0.43075999
ARHGAP35,8,3,0.375,0.4318866519086463,0.210077695
CCDC178,8,3,0.375,0.5702185180750085,0.594903945
CD109,8,3,0.375,0.43255453186875,0.18856911999999998
CHAT,8,3,0.375,0.4125668597477457,0.189134056680665
CLNK,8,3,0.375,0.5099346800657436,0.55648349
CROCC,8,3,0.375,0.523441701477179,0.605367125
DAB1,8,3,0.375,0.511678136175399,0.5883041
DCAF12L2,8,3,0.375,0.40038657833341373,0.128917692905435
DIAPH2,8,3,0.375,0.4708702386254959,0.43072958000000006
FRMPD1,8,3,0.375,0.4235350281,0.256954195
IKZF1,8,3,0.375,0.48783815530336117,0.49818087
KDM1B,8,3,0.375,0.464928176914084,0.40423608
KIF4A,8,3,0.375,0.4873930344383887,0.505042835
KIR3DX1,8,3,0.375,0.5087576510321563,0.3814086
LRP5,8,3,0.375,0.5136065325677441,0.47781143
MCTP2,8,3,0.375,0.49065086625,0.2677462
MYO18A,8,3,0.375,0.4212353927498643,0.265526365
OGDHL,8,3,0.375,0.43052909409882184,0.24401960499999997
OR52R1,8,3,0.375,0.5235630190527875,0.507420075
OTUD6A,8,3,0.375,0.41002976937486063,0.30584325732440953
PARD3B,8,3,0.375,0.579511530514175,0.58538884
PARP8,8,3,0.375,0.4652925708,0.220848575
PCDHGA11,8,3,0.375,0.49420764879304624,0.4389944
PCNX2,8,3,0.375,0.6060576415214588,0.648661175
PDE6A,8,3,0.375,0.60196457625,0.65066901
PDZRN4,8,3,0.375,0.452958989375,0.3226212525
POLR2B,8,3,0.375,0.372875902174325,0.084383165
RPRD2,8,3,0.375,0.4041029172525315,0.1584162625
SMARCAL1,8,3,0.375,0.36848897306392076,0.001905875215
SOCS6,8,3,0.375,0.5095867985652042,0.52642897
TBC1D9,8,3,0.375,0.5030384716161146,0.514615355
TCHHL1,8,3,0.375,0.574179660960625,0.56777784
THEG,8,3,0.375,0.5555095500067238,0.6178792
TLN2,8,3,0.375,0.6001859420769174,0.626385615
TLR1,8,3,0.375,0.5045863341068,0.47719963
TMC4,8,3,0.375,0.45457675430132377,0.27766205
TRIM10,8,3,0.375,0.5119201763851615,0.52129948
USP28,8,3,0.375,0.60022205910875,0.69466068
ZMYM3,8,3,0.375,0.478175828312192,0.57471186
ZNF638,8,3,0.375,0.41387918666824997,0.163989562
ABCA8,9,3,0.3333333333333333,0.547323896683092,0.60400033
ADAMTSL1,9,3,0.3333333333333333,0.4356860377959997,0.46624783
ARHGEF28,9,3,0.3333333333333333,0.37633219848801347,0.21356821
BCL11A,9,3,0.3333333333333333,0.5298893786399366,0.683084
BLM,9,3,0.3333333333333333,0.5731553594111111,0.63640267
CACNA1C,9,3,0.3333333333333333,0.3402269889712172,0.035725772
CHRNA10,9,3,0.3333333333333333,0.4183892240375222,0.1979682
COL4A5,9,3,0.3333333333333333,0.4766073090833333,0.5071365
CRACDL,9,3,0.3333333333333333,0.3357635197670852,0.08506427
DSCAML1,9,3,0.3333333333333333,0.5544671715555556,0.5153376
ECEL1,9,3,0.3333333333333333,0.4672131780988622,0.43722528
EDC4,9,3,0.3333333333333333,0.46310791052333333,0.35772902
GABRE,9,3,0.3333333333333333,0.37937757428516833,0.0004539086
GRIK5,9,3,0.3333333333333333,0.3969715074425267,0.075368114
HCLS1,9,3,0.3333333333333333,0.3778595869076988,0.0047201407
HOOK1,9,3,0.3333333333333333,0.44468272578110635,0.26137948
IL16,9,3,0.3333333333333333,0.4708847580225778,0.43316644
KIAA1549L,9,3,0.3333333333333333,0.4893623383466667,0.53886366
NBEA,9,3,0.3333333333333333,0.43541804321436667,0.29833248
NLRP9,9,3,0.3333333333333333,0.46781691565025557,0.34111392
OR4C16,9,3,0.3333333333333333,0.42753137676671754,0.35820073
OR5K4,9,3,0.3333333333333333,0.386181076494833,0.22551629
PARP4,9,3,0.3333333333333333,0.4009193657340759,0.19774458
PPM1D,9,3,0.3333333333333333,0.3309704477515369,0.0026146004
RAG1,9,3,0.3333333333333333,0.5701009111111112,0.5900393
SEC14L5,9,3,0.3333333333333333,0.38307944350926654,0.1803092
SLC13A2,9,3,0.3333333333333333,0.514405766,0.39035848
SLC6A3,9,3,0.3333333333333333,0.4923380055555632,0.49155158
SLC9A3,9,3,0.3333333333333333,0.355144411552255,0.004315671
TASOR2,9,3,0.3333333333333333,0.5066682882666667,0.517961
WDR36,9,3,0.3333333333333333,0.3752266026008889,0.00294887
ZNF608,9,3,0.3333333333333333,0.4642289673555556,0.46524793
ANPEP,10,3,0.3,0.456682588224903,0.32129642
C10orf71,10,3,0.3,0.397301026210401,0.17056058249999997
C7,10,3,0.3,0.47634451445400006,0.46208534999999995
CILP2,10,3,0.3,0.42588752233330196,0.35466529999999996
CNGB1,10,3,0.3,0.4899992939884529,0.51041326
DIS3L2,10,3,0.3,0.3295454950588981,0.00907526675
HEPHL1,10,3,0.3,0.40860603577508403,0.147539865
IGHMBP2,10,3,0.3,0.49095687200745913,0.5825060799999999
IQGAP2,10,3,0.3,0.47948125678700004,0.50037445
ITGA8,10,3,0.3,0.3911521077853196,0.149769126725
MYH9,10,3,0.3,0.3977078664884617,0.202998185
PPP1R12B,10,3,0.3,0.430003969720392,0.333187505
PXDNL,10,3,0.3,0.416849456095607,0.22036186000000002
SORBS1,10,3,0.3,0.3873200902835,0.2082558
UBE2NL,10,3,0.3,0.4260663960061777,0.33415005002745596
USP6,10,3,0.3,0.41531041665896734,0.25435479
WNK3,10,3,0.3,0.2673032759433903,0.00129023375
ASIC5,11,3,0.2727272727272727,0.3277892898577723,0.00032363602
COL17A1,11,3,0.2727272727272727,0.3542385678739954,0.20411387
FAM47C,11,3,0.2727272727272727,0.3677590840838025,0.12826811
IQSEC3,11,3,0.2727272727272727,0.3364982307332721,4.396096e-06
MAP3K1,11,3,0.2727272727272727,0.4483321624545455,0.4675919
SHPRH,11,3,0.2727272727272727,0.2894018276183143,0.00048910896
SVIL,11,3,0.2727272727272727,0.2966348472160067,0.0021255366
WDR72,11,3,0.2727272727272727,0.4156212759440498,0.17556357
HELZ,12,3,0.25,0.4092107027330747,0.26949785000000004
LRFN5,12,3,0.25,0.479653847529433,0.5480348150000001
MUC5AC,12,3,0.25,0.30883158075801,0.0380463257
THSD7B,12,3,0.25,0.26350631527689017,0.01035329865
TRPM1,13,3,0.23076923076923078,0.3925571612368266,0.37794173
CABIN1,14,3,0.21428571428571427,0.28524866041771785,0.102731305
JCAD,14,3,0.21428571428571427,0.32179409279565657,0.09166914649999999
BCOR,15,3,0.2,0.29810980638951085,0.0023228466
DOCK1,15,3,0.2,0.2907502149689904,0.05969437
FREM1,15,3,0.2,0.28166518763468257,0.004403952
TACC2,15,3,0.2,0.3110277565898659,0.053199627
A4GNT,2,2,1.0,0.99137351,0.99137351
AADAT,2,2,1.0,0.9564288000000001,0.9564288000000001
AASDHPPT,2,2,1.0,0.9879930050000001,0.9879930050000001
ABAT,2,2,1.0,0.9807880250000001,0.9807880250000001
ABHD12,2,2,1.0,0.9848155999999999,0.9848155999999999
AC004922.1,2,2,1.0,0.90379583,0.90379583
AC092143.1,2,2,1.0,0.989419625,0.989419625
AC093525.2,2,2,1.0,0.990987895,0.990987895
AC127029.3,2,2,1.0,0.9711575,0.9711575
ACADL,2,2,1.0,0.944660455,0.944660455
ACBD3,2,2,1.0,0.97127368,0.97127368
ACCSL,2,2,1.0,0.99150275,0.99150275
ACER1,2,2,1.0,0.9913584,0.9913584
ACHE,2,2,1.0,0.9892548649999999,0.9892548649999999
ACMSD,2,2,1.0,0.9406378,0.9406378
ACOT8,2,2,1.0,0.99046185,0.99046185
ACOX1,2,2,1.0,0.9525969000000001,0.9525969000000001
ACP6,2,2,1.0,0.98497894,0.98497894
ACSBG2,2,2,1.0,0.9508298,0.9508298
ACSL5,2,2,1.0,0.98936063,0.98936063
ACTR10,2,2,1.0,0.9671451,0.9671451
ADAMTS4,2,2,1.0,0.901739675,0.901739675
ADAT1,2,2,1.0,0.9788679499999999,0.9788679499999999
ADGRG2,2,2,1.0,0.9820250349999999,0.9820250349999999
ADGRG5,2,2,1.0,0.837344415,0.837344415
AFAP1L1,2,2,1.0,0.973402715,0.973402715
AFG3L2,2,2,1.0,0.8487732100000001,0.8487732100000001
AGAP6,2,2,1.0,0.98695278,0.98695278
AGFG2,2,2,1.0,0.9514969900000001,0.9514969900000001
AIFM1,2,2,1.0,0.905169845,0.905169845
AJM1,2,2,1.0,0.9909855,0.9909855
AK9,2,2,1.0,0.90733065,0.90733065
AKAP12,2,2,1.0,0.97846272,0.97846272
AKAP7,2,2,1.0,0.8845315300000001,0.8845315300000001
AKAP8L,2,2,1.0,0.97885968,0.97885968
AKR1C2,2,2,1.0,0.90068293,0.90068293
AKT1,2,2,1.0,0.98180771,0.98180771
AL035461.3,2,2,1.0,0.99130205,0.99130205
ALDH1B1,2,2,1.0,0.99148523,0.99148523
ALG1,2,2,1.0,0.98062827,0.98062827
ALMS1P1,2,2,1.0,0.948691285,0.948691285
AMDHD2,2,2,1.0,0.9837963999999999,0.9837963999999999
ANAPC5,2,2,1.0,0.920704665,0.920704665
ANKRA2,2,2,1.0,0.99086729,0.99086729
ANKRD10,2,2,1.0,0.948008805,0.948008805
ANKRD20A4P,2,2,1.0,0.9823216,0.9823216
ANKRD29,2,2,1.0,0.894130485,0.894130485
ANO10,2,2,1.0,0.971558975,0.971558975
ANXA1,2,2,1.0,0.9294181,0.9294181
ANXA11,2,2,1.0,0.95663718,0.95663718
ANXA2R,2,2,1.0,0.91128863,0.91128863
AP1AR,2,2,1.0,0.969539615,0.969539615
AP1G1,2,2,1.0,0.9456697700000001,0.9456697700000001
AP3D1,2,2,1.0,0.9504385500000001,0.9504385500000001
APCS,2,2,1.0,0.984715115,0.984715115
APOL1,2,2,1.0,0.99132535,0.99132535
APPL1,2,2,1.0,0.98417875,0.98417875
APPL2,2,2,1.0,0.869943385,0.869943385
AQP3,2,2,1.0,0.9709890299999999,0.9709890299999999
ARF4,2,2,1.0,0.9743701300000001,0.9743701300000001
ARHGAP17,2,2,1.0,0.9872038700000001,0.9872038700000001
ARHGAP36,2,2,1.0,0.9659595350000001,0.9659595350000001
ARHGEF6,2,2,1.0,0.968377375,0.968377375
ARL1,2,2,1.0,0.9599221,0.9599221
ARL4D,2,2,1.0,0.87831898,0.87831898
ARMC1,2,2,1.0,0.877234835,0.877234835
ARMC9,2,2,1.0,0.99087665,0.99087665
ARMCX3,2,2,1.0,0.98778515,0.98778515
ARMH4,2,2,1.0,0.9678573,0.9678573
ARPP21,2,2,1.0,0.973502675,0.973502675
ARSG,2,2,1.0,0.9882879,0.9882879
ASB11,2,2,1.0,0.9914035,0.9914035
ASB3,2,2,1.0,0.979470675,0.979470675
ASCC2,2,2,1.0,0.987100545,0.987100545
ASIC4,2,2,1.0,0.94590222,0.94590222
ASL,2,2,1.0,0.97673795,0.97673795
ATE1,2,2,1.0,0.976837975,0.976837975
ATG13,2,2,1.0,0.98031237,0.98031237
ATG2A,2,2,1.0,0.946751865,0.946751865
ATG5,2,2,1.0,0.94161105,0.94161105
ATP13A3,2,2,1.0,0.81469196,0.81469196
ATP4B,2,2,1.0,0.9914152300000001,0.9914152300000001
ATP5PB,2,2,1.0,0.98414605,0.98414605
ATP6V1H,2,2,1.0,0.99114575,0.99114575
AUNIP,2,2,1.0,0.991411115,0.991411115
AURKA,2,2,1.0,0.971997765,0.971997765
AURKC,2,2,1.0,0.9908396500000001,0.9908396500000001
AZI2,2,2,1.0,0.98129758,0.98129758
BANP,2,2,1.0,0.969948115,0.969948115
BARD1,2,2,1.0,0.9267811699999999,0.9267811699999999
BBS7,2,2,1.0,0.9913691849999999,0.9913691849999999
BCAN,2,2,1.0,0.991363915,0.991363915
BCL3,2,2,1.0,0.9679057600000001,0.9679057600000001
BHLHE40,2,2,1.0,0.92570663,0.92570663
BHMT,2,2,1.0,0.95277178,0.95277178
BIRC3,2,2,1.0,0.97292775,0.97292775
BNIP3L,2,2,1.0,0.9281328,0.9281328
BORA,2,2,1.0,0.968519315,0.968519315
BPGM,2,2,1.0,0.98729515,0.98729515
BPIFA3,2,2,1.0,0.984671665,0.984671665
BRD7,2,2,1.0,0.9913882,0.9913882
BRSK2,2,2,1.0,0.9137121800000001,0.9137121800000001
BTN2A3P,2,2,1.0,0.98807635,0.98807635
BTN3A2,2,2,1.0,0.9913620999999999,0.9913620999999999
BTNL2,2,2,1.0,0.984416425,0.984416425
C10orf120,2,2,1.0,0.82524387,0.82524387
C12orf60,2,2,1.0,0.983993135,0.983993135
C14orf93,2,2,1.0,0.979677935,0.979677935
C15orf48,2,2,1.0,0.97362888,0.97362888
C16orf46,2,2,1.0,0.9381807,0.9381807
C16orf91,2,2,1.0,0.99079865,0.99079865
C1QB,2,2,1.0,0.87105245,0.87105245
C1QC,2,2,1.0,0.979622685,0.979622685
C1QTNF7,2,2,1.0,0.9352774699999999,0.9352774699999999
C1orf54,2,2,1.0,0.9045736,0.9045736
C2orf83,2,2,1.0,0.96695263,0.96695263
C3orf22,2,2,1.0,0.9876511,0.9876511
C3orf33,2,2,1.0,0.977995275,0.977995275
C3orf35,2,2,1.0,0.90671815,0.90671815
C4B,2,2,1.0,0.9465394899999999,0.9465394899999999
C5orf34,2,2,1.0,0.970880235,0.970880235
C7orf33,2,2,1.0,0.9030532250000001,0.9030532250000001
CA11,2,2,1.0,0.9744179500000001,0.9744179500000001
CA7,2,2,1.0,0.92733355,0.92733355
CADPS2,2,2,1.0,0.991027265,0.991027265
CAMK1,2,2,1.0,0.9702113699999999,0.9702113699999999
CAMK1G,2,2,1.0,0.9218915,0.9218915
CAMKMT,2,2,1.0,0.98418607,0.98418607
CAPN2,2,2,1.0,0.99065087,0.99065087
CASKIN1,2,2,1.0,0.960061465,0.960061465
CAT,2,2,1.0,0.98981425,0.98981425
CATSPER4,2,2,1.0,0.9204331299999999,0.9204331299999999
CATSPERG,2,2,1.0,0.99081873,0.99081873
CBLC,2,2,1.0,0.990915075,0.990915075
CCDC121,2,2,1.0,0.97386572,0.97386572
CCDC124,2,2,1.0,0.9772648850000001,0.9772648850000001
CCDC144B,2,2,1.0,0.987715375,0.987715375
CCDC32,2,2,1.0,0.986587315,0.986587315
CCDC38,2,2,1.0,0.94540367,0.94540367
CCDC50,2,2,1.0,0.956395625,0.956395625
CCDC69,2,2,1.0,0.879814375,0.879814375
CCL26,2,2,1.0,0.991025,0.991025
CCM2,2,2,1.0,0.9869085,0.9869085
CCN6,2,2,1.0,0.93489245,0.93489245
CCNI,2,2,1.0,0.99137732,0.99137732
CCNQP1,2,2,1.0,0.978895675,0.978895675
CCR5,2,2,1.0,0.9900032,0.9900032
CCT4,2,2,1.0,0.9834724,0.9834724
CD1C,2,2,1.0,0.99066388,0.99066388
CD200,2,2,1.0,0.9844186749999999,0.9844186749999999
CD2AP,2,2,1.0,0.9500379999999999,0.9500379999999999
CD37,2,2,1.0,0.9914035999999999,0.9914035999999999
CD72,2,2,1.0,0.9908821699999999,0.9908821699999999
CDC23,2,2,1.0,0.991314225,0.991314225
CDC25C,2,2,1.0,0.94732345,0.94732345
CDC42EP3,2,2,1.0,0.9168851,0.9168851
CDC42SE2,2,2,1.0,0.97505608,0.97505608
CDCA3,2,2,1.0,0.958246945,0.958246945
CDCA7,2,2,1.0,0.9783511300000001,0.9783511300000001
CDK11A,2,2,1.0,0.99143314,0.99143314
CDR1,2,2,1.0,0.9913990500000001,0.9913990500000001
CDRT15,2,2,1.0,0.98609347,0.98609347
CDS2,2,2,1.0,0.9722961,0.9722961
CDX1,2,2,1.0,0.96826018,0.96826018
CELA1,2,2,1.0,0.906865885,0.906865885
CENPK,2,2,1.0,0.9795765999999999,0.9795765999999999
CEP170,2,2,1.0,0.9523241650000001,0.9523241650000001
CEP76,2,2,1.0,0.937580525,0.937580525
CEP89,2,2,1.0,0.986657415,0.986657415
CERS5,2,2,1.0,0.974916325,0.974916325
CES5A,2,2,1.0,0.8220212499999999,0.8220212499999999
CFAP53,2,2,1.0,0.972558035,0.972558035
CFL2,2,2,1.0,0.941519,0.941519
CHAF1A,2,2,1.0,0.9515141,0.9515141
CHDH,2,2,1.0,0.991330745,0.991330745
CHRD,2,2,1.0,0.86009154,0.86009154
CHRFAM7A,2,2,1.0,0.94314098,0.94314098
CHRM5,2,2,1.0,0.9601656,0.9601656
CHRNA7,2,2,1.0,0.98990328,0.98990328
CHRNB1,2,2,1.0,0.912211085,0.912211085
CHRNB3,2,2,1.0,0.93827802,0.93827802
CKMT2,2,2,1.0,0.989708625,0.989708625
CLASP1,2,2,1.0,0.9194239150000001,0.9194239150000001
CLCNKA,2,2,1.0,0.9911857799999999,0.9911857799999999
CLDN2,2,2,1.0,0.98934228,0.98934228
CLEC18B,2,2,1.0,0.9718812800000001,0.9718812800000001
CLEC7A,2,2,1.0,0.9692134649999999,0.9692134649999999
CLIC4,2,2,1.0,0.9864395850000001,0.9864395850000001
CLP1,2,2,1.0,0.8945526500000001,0.8945526500000001
CLRN3,2,2,1.0,0.946811775,0.946811775
CMTM6,2,2,1.0,0.95455655,0.95455655
CNN2,2,2,1.0,0.9553035249999999,0.9553035249999999
CNNM4,2,2,1.0,0.887757745,0.887757745
CNOT4,2,2,1.0,0.990408225,0.990408225
COA7,2,2,1.0,0.96589583,0.96589583
COG2,2,2,1.0,0.9857115750000001,0.9857115750000001
COL23A1,2,2,1.0,0.974894825,0.974894825
COL26A1,2,2,1.0,0.9135742,0.9135742
COPS4,2,2,1.0,0.932564795,0.932564795
CPB2,2,2,1.0,0.9861580700000001,0.9861580700000001
CPE,2,2,1.0,0.9860887,0.9860887
CPT1C,2,2,1.0,0.98608925,0.98608925
CPT2,2,2,1.0,0.883296015,0.883296015
CR1L,2,2,1.0,0.9908668700000001,0.9908668700000001
CREB3L4,2,2,1.0,0.88991012,0.88991012
CREB5,2,2,1.0,0.987779375,0.987779375
CRISP1,2,2,1.0,0.98360885,0.98360885
CRP,2,2,1.0,0.9675647,0.9675647
CRYGA,2,2,1.0,0.967535915,0.967535915
CRYZL1,2,2,1.0,0.9523161,0.9523161
CSAG1,2,2,1.0,0.9783734150000001,0.9783734150000001
CST1,2,2,1.0,0.987963645,0.987963645
CT83,2,2,1.0,0.9855517300000001,0.9855517300000001
CTAGE15,2,2,1.0,0.9163652499999999,0.9163652499999999
CTDSPL2,2,2,1.0,0.91170655,0.91170655
CTNNA1,2,2,1.0,0.91233315,0.91233315
CUTA,2,2,1.0,0.97972053,0.97972053
CXCR2,2,2,1.0,0.887273965,0.887273965
CXCR3,2,2,1.0,0.9426580499999999,0.9426580499999999
CXorf21,2,2,1.0,0.9796710900000001,0.9796710900000001
CYB561,2,2,1.0,0.91513055,0.91513055
CYP1A1,2,2,1.0,0.916758615,0.916758615
CYP3A5,2,2,1.0,0.92506455,0.92506455
DAG1,2,2,1.0,0.9725995000000001,0.9725995000000001
DAW1,2,2,1.0,0.9677785050000001,0.9677785050000001
DAZAP2,2,2,1.0,0.931750745,0.931750745
DCAF16,2,2,1.0,0.91784355,0.91784355
DCP2,2,2,1.0,0.99035075,0.99035075
DCTN5,2,2,1.0,0.983212765,0.983212765
DCUN1D2,2,2,1.0,0.980082625,0.980082625
DDIT3,2,2,1.0,0.9633303,0.9633303
DDX39B,2,2,1.0,0.990694925,0.990694925
DDX43,2,2,1.0,0.9807055,0.9807055
DDX50,2,2,1.0,0.9749460000000001,0.9749460000000001
DDX53,2,2,1.0,0.97979697,0.97979697
DECR1,2,2,1.0,0.9907402999999999,0.9907402999999999
DEFB104A,2,2,1.0,0.990941615,0.990941615
DEFB119,2,2,1.0,0.99052355,0.99052355
DELEC1,2,2,1.0,0.93220272,0.93220272
DENND10P1,2,2,1.0,0.991144155,0.991144155
DENND5A,2,2,1.0,0.9907609500000001,0.9907609500000001
DEPDC4,2,2,1.0,0.9715798,0.9715798
DEPTOR,2,2,1.0,0.94880165,0.94880165
DFFA,2,2,1.0,0.9448018,0.9448018
DHFR,2,2,1.0,0.89032433,0.89032433
DHRS1,2,2,1.0,0.952572685,0.952572685
DHRS12,2,2,1.0,0.983248475,0.983248475
DHX33,2,2,1.0,0.98298975,0.98298975
DHX9,2,2,1.0,0.9913795000000001,0.9913795000000001
DISP2,2,2,1.0,0.896276565,0.896276565
DKKL1,2,2,1.0,0.9859332000000001,0.9859332000000001
DLGAP3,2,2,1.0,0.989211275,0.989211275
DLK2,2,2,1.0,0.92629133,0.92629133
DNAAF4,2,2,1.0,0.9766728,0.9766728
DNAI1,2,2,1.0,0.9557502,0.9557502
DNAJA4,2,2,1.0,0.87048535,0.87048535
DNAJB4,2,2,1.0,0.99140737,0.99140737
DNAJB9,2,2,1.0,0.991483745,0.991483745
DNAJC22,2,2,1.0,0.98278712,0.98278712
DNASE1L1,2,2,1.0,0.97860768,0.97860768
DOLPP1,2,2,1.0,0.9909357400000001,0.9909357400000001
DPYSL3,2,2,1.0,0.8906047500000001,0.8906047500000001
DR1,2,2,1.0,0.97802145,0.97802145
DSTYK,2,2,1.0,0.8625393800000001,0.8625393800000001
DTD1,2,2,1.0,0.99106798,0.99106798
DTX2,2,2,1.0,0.983860215,0.983860215
DUSP10,2,2,1.0,0.8771529499999999,0.8771529499999999
DUSP22,2,2,1.0,0.989291375,0.989291375
DYNLRB1,2,2,1.0,0.96883867,0.96883867
DZIP1,2,2,1.0,0.98807837,0.98807837
E4F1,2,2,1.0,0.98105005,0.98105005
EAPP,2,2,1.0,0.82652335,0.82652335
EBAG9,2,2,1.0,0.9710531,0.9710531
ECT2,2,2,1.0,0.9777591649999999,0.9777591649999999
EDNRA,2,2,1.0,0.99135423,0.99135423
EED,2,2,1.0,0.9912986500000001,0.9912986500000001
EEF1AKMT1,2,2,1.0,0.99059305,0.99059305
EFNB3,2,2,1.0,0.93317185,0.93317185
EIF2AK2,2,2,1.0,0.9835944350000001,0.9835944350000001
EIF2B3,2,2,1.0,0.991470335,0.991470335
EIF4B,2,2,1.0,0.976671285,0.976671285
EIPR1,2,2,1.0,0.940920295,0.940920295
ELAVL1,2,2,1.0,0.978012025,0.978012025
ELAVL4,2,2,1.0,0.9829597999999999,0.9829597999999999
ELP2,2,2,1.0,0.98061332,0.98061332
ENO1,2,2,1.0,0.98885238,0.98885238
ENOSF1,2,2,1.0,0.8616569199999999,0.8616569199999999
ENPP4,2,2,1.0,0.9783917,0.9783917
EPN1,2,2,1.0,0.9722326800000001,0.9722326800000001
EPO,2,2,1.0,0.9829646949999999,0.9829646949999999
ERGIC1,2,2,1.0,0.980622425,0.980622425
ERMP1,2,2,1.0,0.991301915,0.991301915
ERV3-1,2,2,1.0,0.97885027,0.97885027
ESR2,2,2,1.0,0.9801287999999999,0.9801287999999999
ETHE1,2,2,1.0,0.99067718,0.99067718
EXOC3L1,2,2,1.0,0.98457515,0.98457515
EXOC6,2,2,1.0,0.98791908,0.98791908
FA2H,2,2,1.0,0.979224735,0.979224735
FABP6,2,2,1.0,0.96895407,0.96895407
FADS2,2,2,1.0,0.89978985,0.89978985
FAH,2,2,1.0,0.90282339,0.90282339
FAHD2A,2,2,1.0,0.99009625,0.99009625
FAM102A,2,2,1.0,0.8568472,0.8568472
FAM170A,2,2,1.0,0.96783263,0.96783263
FAM200A,2,2,1.0,0.971588165,0.971588165
FAM32A,2,2,1.0,0.9588938,0.9588938
FAM3B,2,2,1.0,0.97788393,0.97788393
FAM50B,2,2,1.0,0.96368945,0.96368945
FAM71C,2,2,1.0,0.982882205,0.982882205
FANCB,2,2,1.0,0.957945265,0.957945265
FANCD2OS,2,2,1.0,0.9171117200000001,0.9171117200000001
FAR2,2,2,1.0,0.991418025,0.991418025
FARSB,2,2,1.0,0.932709575,0.932709575
FBXL20,2,2,1.0,0.8935174699999999,0.8935174699999999
FBXL21P,2,2,1.0,0.990739225,0.990739225
FBXL4,2,2,1.0,0.98389518,0.98389518
FBXL7,2,2,1.0,0.82589933,0.82589933
FBXO8,2,2,1.0,0.984964775,0.984964775
FBXW12,2,2,1.0,0.8992091099999999,0.8992091099999999
FBXW8,2,2,1.0,0.97334203,0.97334203
FCHO1,2,2,1.0,0.98918745,0.98918745
FCN1,2,2,1.0,0.99136925,0.99136925
FCN2,2,2,1.0,0.991424125,0.991424125
FCRL6,2,2,1.0,0.9907035,0.9907035
FDFT1,2,2,1.0,0.99052217,0.99052217
FERMT1,2,2,1.0,0.9867032,0.9867032
FFAR4,2,2,1.0,0.901141,0.901141
FGF16,2,2,1.0,0.96281838,0.96281838
FGF9,2,2,1.0,0.967077765,0.967077765
FGFBP2,2,2,1.0,0.9508151,0.9508151
FHL3,2,2,1.0,0.9789683,0.9789683
FKBP9,2,2,1.0,0.9829195,0.9829195
FLCN,2,2,1.0,0.897407675,0.897407675
FLRT1,2,2,1.0,0.95314772,0.95314772
FMO1,2,2,1.0,0.975176015,0.975176015
FMO4,2,2,1.0,0.94581055,0.94581055
FNDC4,2,2,1.0,0.97923625,0.97923625
FNTA,2,2,1.0,0.981277635,0.981277635
FOCAD,2,2,1.0,0.98848313,0.98848313
FOXK1,2,2,1.0,0.95743893,0.95743893
FOXO1,2,2,1.0,0.9703943,0.9703943
FRA10AC1,2,2,1.0,0.95793193,0.95793193
FRG2B,2,2,1.0,0.98359595,0.98359595
FUT3,2,2,1.0,0.9807842,0.9807842
FUT7,2,2,1.0,0.98197068,0.98197068
FUT8,2,2,1.0,0.9317795,0.9317795
FXN,2,2,1.0,0.99053925,0.99053925
G6PC3,2,2,1.0,0.93374232,0.93374232
GALR1,2,2,1.0,0.9416563250000001,0.9416563250000001
GATAD2B,2,2,1.0,0.98453423,0.98453423
GBP2,2,2,1.0,0.9913843,0.9913843
GBP6,2,2,1.0,0.99145755,0.99145755
GCAT,2,2,1.0,0.9821698999999999,0.9821698999999999
GCDH,2,2,1.0,0.9818782349999999,0.9818782349999999
GCM2,2,2,1.0,0.9862255,0.9862255
GCNT1,2,2,1.0,0.89769539,0.89769539
GEMIN4,2,2,1.0,0.94522965,0.94522965
GFI1B,2,2,1.0,0.96490212,0.96490212
GFM1,2,2,1.0,0.9477428450000001,0.9477428450000001
GFOD1,2,2,1.0,0.986780735,0.986780735
GGA1,2,2,1.0,0.9295900699999999,0.9295900699999999
GGTLC2,2,2,1.0,0.938378615,0.938378615
GHR,2,2,1.0,0.932625915,0.932625915
GIMAP2,2,2,1.0,0.9542554750000001,0.9542554750000001
GIMAP5,2,2,1.0,0.9657764449999999,0.9657764449999999
GIMAP6,2,2,1.0,0.984176575,0.984176575
GJB3,2,2,1.0,0.98965855,0.98965855
GJD2,2,2,1.0,0.91278927,0.91278927
GLMN,2,2,1.0,0.972471825,0.972471825
GLP2R,2,2,1.0,0.9747140400000001,0.9747140400000001
GOLGA1,2,2,1.0,0.9214361799999999,0.9214361799999999
GOLGA2,2,2,1.0,0.9914102499999999,0.9914102499999999
GPAT4,2,2,1.0,0.924521285,0.924521285
GPATCH3,2,2,1.0,0.98809378,0.98809378
GPM6A,2,2,1.0,0.957637165,0.957637165
GPR143,2,2,1.0,0.9862174,0.9862174
GPR19,2,2,1.0,0.9640598899999999,0.9640598899999999
GPR25,2,2,1.0,0.903008075,0.903008075
GPR37L1,2,2,1.0,0.960036785,0.960036785
GPRIN3,2,2,1.0,0.98868758,0.98868758
GPX2,2,2,1.0,0.9019156500000001,0.9019156500000001
GRIA4,2,2,1.0,0.9724485,0.9724485
GSDME,2,2,1.0,0.9724790999999999,0.9724790999999999
GSG1,2,2,1.0,0.986182975,0.986182975
GSN,2,2,1.0,0.96056868,0.96056868
GSS,2,2,1.0,0.92498573,0.92498573
GSTO1,2,2,1.0,0.9913790849999999,0.9913790849999999
GTDC1,2,2,1.0,0.9646633,0.9646633
GTF3C2,2,2,1.0,0.9804849,0.9804849
GUCA2B,2,2,1.0,0.99121115,0.99121115
GUCY1A2,2,2,1.0,0.9893964550000001,0.9893964550000001
GZMK,2,2,1.0,0.9811781049999999,0.9811781049999999
HADHA,2,2,1.0,0.9747721300000001,0.9747721300000001
HADHB,2,2,1.0,0.966257535,0.966257535
HARS1,2,2,1.0,0.96265515,0.96265515
HAUS6,2,2,1.0,0.9073644700000001,0.9073644700000001
HAVCR1,2,2,1.0,0.9883211,0.9883211
HBS1L,2,2,1.0,0.9797087600000001,0.9797087600000001
HCAR2,2,2,1.0,0.9865359650000001,0.9865359650000001
HDAC7,2,2,1.0,0.9573166500000001,0.9573166500000001
HEPACAM,2,2,1.0,0.9584733750000001,0.9584733750000001
HIBCH,2,2,1.0,0.9852740499999999,0.9852740499999999
HIPK4,2,2,1.0,0.9557031,0.9557031
HJURP,2,2,1.0,0.9905207300000001,0.9905207300000001
HLA-DRB5,2,2,1.0,0.966664425,0.966664425
HM13,2,2,1.0,0.9791484699999999,0.9791484699999999
HMGN4,2,2,1.0,0.90302583,0.90302583
HOXA10,2,2,1.0,0.9849631000000001,0.9849631000000001
HOXA13,2,2,1.0,0.9913799249999999,0.9913799249999999
HOXB13,2,2,1.0,0.9908726,0.9908726
HOXB2,2,2,1.0,0.985794245,0.985794245
HS1BP3,2,2,1.0,0.955899125,0.955899125
HS2ST1,2,2,1.0,0.99109835,0.99109835
HS3ST2,2,2,1.0,0.991387035,0.991387035
HSD17B8,2,2,1.0,0.9795053,0.9795053
HSDL2,2,2,1.0,0.99146338,0.99146338
HSPBP1,2,2,1.0,0.97015608,0.97015608
HTR2A,2,2,1.0,0.884534265,0.884534265
HTRA4,2,2,1.0,0.991214875,0.991214875
HUNK,2,2,1.0,0.9815678,0.9815678
HYI,2,2,1.0,0.9878822,0.9878822
ICAM1,2,2,1.0,0.9693375200000001,0.9693375200000001
IFIT1B,2,2,1.0,0.9514768499999999,0.9514768499999999
IFNA7,2,2,1.0,0.9910673,0.9910673
IFNAR1,2,2,1.0,0.97757383,0.97757383
IFNGR2,2,2,1.0,0.98636615,0.98636615
IFNL1,2,2,1.0,0.991355115,0.991355115
IFT57,2,2,1.0,0.982316915,0.982316915
IGFBP3,2,2,1.0,0.9678444500000001,0.9678444500000001
IGFL1,2,2,1.0,0.92815695,0.92815695
IGFLR1,2,2,1.0,0.9723909,0.9723909
IGHA1,2,2,1.0,0.900673585,0.900673585
IGHV1-12,2,2,1.0,0.97737935,0.97737935
IGHV1-58,2,2,1.0,0.9301283300000001,0.9301283300000001
IGHV3-49,2,2,1.0,0.947445605,0.947445605
IGHV4-28,2,2,1.0,0.991433335,0.991433335
IGHV6-1,2,2,1.0,0.9488887,0.9488887
IGKV1-17,2,2,1.0,0.9627124300000001,0.9627124300000001
IGKV1D-17,2,2,1.0,0.96663115,0.96663115
IGKV2-30,2,2,1.0,0.938431365,0.938431365
IGKV2D-24,2,2,1.0,0.96433452,0.96433452
IGKV3D-11,2,2,1.0,0.9845206849999999,0.9845206849999999
IGKV6-21,2,2,1.0,0.97285825,0.97285825
IGLV3-9,2,2,1.0,0.897874265,0.897874265
IGSF8,2,2,1.0,0.97311123,0.97311123
IHO1,2,2,1.0,0.9695183,0.9695183
IL11RA,2,2,1.0,0.988581955,0.988581955
IL13RA1,2,2,1.0,0.9820348999999999,0.9820348999999999
IL17F,2,2,1.0,0.967760775,0.967760775
IL1RN,2,2,1.0,0.9510258149999999,0.9510258149999999
IL22RA1,2,2,1.0,0.96046638,0.96046638
IL27,2,2,1.0,0.973533415,0.973533415
ILK,2,2,1.0,0.99124278,0.99124278
IMPA2,2,2,1.0,0.88567365,0.88567365
INTS4,2,2,1.0,0.9865785,0.9865785
INTS6,2,2,1.0,0.97889567,0.97889567
IP6K2,2,2,1.0,0.89724005,0.89724005
IRAK1,2,2,1.0,0.9819564000000001,0.9819564000000001
ISG20L2,2,2,1.0,0.922729185,0.922729185
JAM2,2,2,1.0,0.9897796000000001,0.9897796000000001
JSRP1,2,2,1.0,0.9593517,0.9593517
KANK3,2,2,1.0,0.89343692,0.89343692
KAT2B,2,2,1.0,0.97415295,0.97415295
KCNF1,2,2,1.0,0.9432726,0.9432726
KCNH3,2,2,1.0,0.950412175,0.950412175
KCNJ16,2,2,1.0,0.90013502,0.90013502
KCNK16,2,2,1.0,0.982817925,0.982817925
KCNK17,2,2,1.0,0.989868365,0.989868365
KCTD10,2,2,1.0,0.977703765,0.977703765
KCTD15,2,2,1.0,0.984737365,0.984737365
KCTD3,2,2,1.0,0.984271535,0.984271535
KCTD6,2,2,1.0,0.9914852949999999,0.9914852949999999
KCTD7,2,2,1.0,0.9867569700000001,0.9867569700000001
KDM8,2,2,1.0,0.97903215,0.97903215
KHNYN,2,2,1.0,0.90482112,0.90482112
KIAA0825,2,2,1.0,0.9601862,0.9601862
KIF18B,2,2,1.0,0.9557489299999999,0.9557489299999999
KIF3C,2,2,1.0,0.92439578,0.92439578
KIRREL1,2,2,1.0,0.9570625749999999,0.9570625749999999
KLHL18,2,2,1.0,0.982790915,0.982790915
KRBA2,2,2,1.0,0.9912913649999999,0.9912913649999999
KRT17,2,2,1.0,0.9389796749999999,0.9389796749999999
KRT2,2,2,1.0,0.9905468,0.9905468
KRT24,2,2,1.0,0.9749984199999999,0.9749984199999999
KRT26,2,2,1.0,0.829484125,0.829484125
KRT28,2,2,1.0,0.9860526300000001,0.9860526300000001
KRT35,2,2,1.0,0.9809516300000001,0.9809516300000001
KRT75,2,2,1.0,0.91217667,0.91217667
KRT76,2,2,1.0,0.95648475,0.95648475
KRT78,2,2,1.0,0.98427618,0.98427618
KRTAP10-1,2,2,1.0,0.91169715,0.91169715
KRTAP4-4,2,2,1.0,0.9879501749999999,0.9879501749999999
KRTAP6-1,2,2,1.0,0.9913616300000001,0.9913616300000001
KYAT3,2,2,1.0,0.845818925,0.845818925
LACRT,2,2,1.0,0.880034875,0.880034875
LARP1B,2,2,1.0,0.9845053500000001,0.9845053500000001
LARP4,2,2,1.0,0.9615867,0.9615867
LAX1,2,2,1.0,0.9583206200000001,0.9583206200000001
LCA5,2,2,1.0,0.9827908999999999,0.9827908999999999
LDLRAD4,2,2,1.0,0.990865945,0.990865945
LGR6,2,2,1.0,0.96006927,0.96006927
LHFPL3,2,2,1.0,0.987316215,0.987316215
LHFPL6,2,2,1.0,0.98151178,0.98151178
LILRA5,2,2,1.0,0.98982142,0.98982142
LIPE,2,2,1.0,0.9857535,0.9857535
LIPF,2,2,1.0,0.97561243,0.97561243
LLCFC1,2,2,1.0,0.9914820799999999,0.9914820799999999
LMF1,2,2,1.0,0.953670825,0.953670825
LPL,2,2,1.0,0.991182175,0.991182175
LRRC2,2,2,1.0,0.98294926,0.98294926
LRRC37A2,2,2,1.0,0.88898913,0.88898913
LRRC49,2,2,1.0,0.8703191,0.8703191
LRRC74A,2,2,1.0,0.86833735,0.86833735
LRRTM3,2,2,1.0,0.987175465,0.987175465
LUC7L,2,2,1.0,0.89554238,0.89554238
LYPD4,2,2,1.0,0.98279998,0.98279998
LZTFL1,2,2,1.0,0.976706015,0.976706015
MAGEB2,2,2,1.0,0.9618420750000001,0.9618420750000001
MAGEE2,2,2,1.0,0.89458525,0.89458525
MAP2,2,2,1.0,0.90344992,0.90344992
MAP2K3,2,2,1.0,0.98416525,0.98416525
MAP2K7,2,2,1.0,0.9493075799999999,0.9493075799999999
MAP3K13,2,2,1.0,0.9418442300000001,0.9418442300000001
MAP3K9,2,2,1.0,0.8804826,0.8804826
MAP4K1,2,2,1.0,0.95636315,0.95636315
MAPK6,2,2,1.0,0.87788125,0.87788125
MARCHF2,2,2,1.0,0.98357105,0.98357105
MARCHF8,2,2,1.0,0.98455781,0.98455781
MAVS,2,2,1.0,0.93266078,0.93266078
MBNL2,2,2,1.0,0.9764635850000001,0.9764635850000001
MCAM,2,2,1.0,0.9906712449999999,0.9906712449999999
ME2,2,2,1.0,0.9848831,0.9848831
MED21,2,2,1.0,0.9914079499999999,0.9914079499999999
MED4,2,2,1.0,0.9598187199999999,0.9598187199999999
MEGF9,2,2,1.0,0.98737455,0.98737455
MEPE,2,2,1.0,0.986194665,0.986194665
METTL14,2,2,1.0,0.94857284,0.94857284
METTL15,2,2,1.0,0.9828277999999999,0.9828277999999999
METTL17,2,2,1.0,0.99076622,0.99076622
METTL2A,2,2,1.0,0.91724615,0.91724615
MEX3C,2,2,1.0,0.9848944749999999,0.9848944749999999
MGAT4A,2,2,1.0,0.98349977,0.98349977
MIR551B,2,2,1.0,0.9171924499999999,0.9171924499999999
MKLN1,2,2,1.0,0.9890566999999999,0.9890566999999999
MLLT3,2,2,1.0,0.9010904200000001,0.9010904200000001
MMD,2,2,1.0,0.9341134,0.9341134
MMP16,2,2,1.0,0.9022665750000001,0.9022665750000001
MMP2,2,2,1.0,0.9903918,0.9903918
MNS1,2,2,1.0,0.951536895,0.951536895
MOB3C,2,2,1.0,0.99139855,0.99139855
MOSPD2,2,2,1.0,0.962877565,0.962877565
MPL,2,2,1.0,0.9866024849999999,0.9866024849999999
MPP5,2,2,1.0,0.9915055049999999,0.9915055049999999
MPP6,2,2,1.0,0.9879556,0.9879556
MRGBP,2,2,1.0,0.91429412,0.91429412
MRGPRD,2,2,1.0,0.95085885,0.95085885
MRGPRX2,2,2,1.0,0.991123645,0.991123645
MRPL54,2,2,1.0,0.975495845,0.975495845
MRPS22,2,2,1.0,0.959590275,0.959590275
MRPS7,2,2,1.0,0.7752781,0.7752781
MSANTD2,2,2,1.0,0.98458763,0.98458763
MT1A,2,2,1.0,0.959228985,0.959228985
MTARC1,2,2,1.0,0.9806051,0.9806051
MTERF3,2,2,1.0,0.908257365,0.908257365
MTMR4,2,2,1.0,0.9825726450000001,0.9825726450000001
MTSS1,2,2,1.0,0.91498672,0.91498672
MUC20,2,2,1.0,0.98076107,0.98076107
MUC7,2,2,1.0,0.99029232,0.99029232
MYBL2,2,2,1.0,0.98304266,0.98304266
MYOZ3,2,2,1.0,0.97276601,0.97276601
NAB1,2,2,1.0,0.987243205,0.987243205
NANP,2,2,1.0,0.9676738149999999,0.9676738149999999
NAP1L2,2,2,1.0,0.960665,0.960665
NBPF10,2,2,1.0,0.90558583,0.90558583
NBPF15,2,2,1.0,0.96403255,0.96403255
NCAPH,2,2,1.0,0.988873375,0.988873375
NCBP2,2,2,1.0,0.9548862,0.9548862
NDUFA4,2,2,1.0,0.99139753,0.99139753
NDUFS2,2,2,1.0,0.977007325,0.977007325
NECAP1,2,2,1.0,0.987688005,0.987688005
NECTIN1,2,2,1.0,0.932452125,0.932452125
NEDD9,2,2,1.0,0.96506235,0.96506235
NEK4,2,2,1.0,0.98729405,0.98729405
NEK9,2,2,1.0,0.91050705,0.91050705
NELFA,2,2,1.0,0.96744802,0.96744802
NELFCD,2,2,1.0,0.983875455,0.983875455
NFATC3,2,2,1.0,0.991355575,0.991355575
NFE2L2,2,2,1.0,0.934019215,0.934019215
NFIA,2,2,1.0,0.9047315499999999,0.9047315499999999
NFIC,2,2,1.0,0.99100045,0.99100045
NFKB1,2,2,1.0,0.99137075,0.99137075
NFKBIA,2,2,1.0,0.882852645,0.882852645
NICN1,2,2,1.0,0.9768495749999999,0.9768495749999999
NIF3L1,2,2,1.0,0.939530975,0.939530975
NIPSNAP2,2,2,1.0,0.99064515,0.99064515
NMD3,2,2,1.0,0.98554773,0.98554773
NMS,2,2,1.0,0.95118585,0.95118585
NMUR1,2,2,1.0,0.851508975,0.851508975
NPNT,2,2,1.0,0.82489418,0.82489418
NPSR1,2,2,1.0,0.971548225,0.971548225
NQO2,2,2,1.0,0.8716016799999999,0.8716016799999999
NR1D1,2,2,1.0,0.86254913,0.86254913
NR2F6,2,2,1.0,0.96903118,0.96903118
NUCB2,2,2,1.0,0.938108385,0.938108385
NUDCD1,2,2,1.0,0.9329002,0.9329002
NUDT12,2,2,1.0,0.91772195,0.91772195
NUDT9,2,2,1.0,0.9741554,0.9741554
NUP188,2,2,1.0,0.9911697349999999,0.9911697349999999
NUP35,2,2,1.0,0.94983637,0.94983637
NUP42,2,2,1.0,0.987144025,0.987144025
NUP58,2,2,1.0,0.979359685,0.979359685
NXNL1,2,2,1.0,0.880422375,0.880422375
OAF,2,2,1.0,0.96095865,0.96095865
OBI1,2,2,1.0,0.866253385,0.866253385
OCEL1,2,2,1.0,0.9913845,0.9913845
OFCC1,2,2,1.0,0.946653,0.946653
OGFOD1,2,2,1.0,0.93097823,0.93097823
OMA1,2,2,1.0,0.989430415,0.989430415
OR10A4,2,2,1.0,0.92439898,0.92439898
OR10X1,2,2,1.0,0.90681285,0.90681285
OR14C36,2,2,1.0,0.956175725,0.956175725
OR14K1,2,2,1.0,0.9880521499999999,0.9880521499999999
OR1C1,2,2,1.0,0.9285076,0.9285076
OR1L3,2,2,1.0,0.8768679,0.8768679
OR1L4,2,2,1.0,0.9914377,0.9914377
OR2AG2,2,2,1.0,0.9842576000000001,0.9842576000000001
OR2V2,2,2,1.0,0.9792423800000001,0.9792423800000001
OR3A2,2,2,1.0,0.9913466,0.9913466
OR4E2,2,2,1.0,0.9589213999999999,0.9589213999999999
OR4F5,2,2,1.0,0.98696115,0.98696115
OR4F6,2,2,1.0,0.9329338,0.9329338
OR4K1,2,2,1.0,0.972010255,0.972010255
OR4K14,2,2,1.0,0.979325285,0.979325285
OR51B5,2,2,1.0,0.9688602,0.9688602
OR51B6,2,2,1.0,0.90273825,0.90273825
OR56A1,2,2,1.0,0.9842886200000001,0.9842886200000001
OR5B12,2,2,1.0,0.881611315,0.881611315
OR5B3,2,2,1.0,0.9562726800000001,0.9562726800000001
OR5P3,2,2,1.0,0.9054385300000001,0.9054385300000001
OR5T1,2,2,1.0,0.9782839249999999,0.9782839249999999
OR6B2,2,2,1.0,0.9642074300000001,0.9642074300000001
OR6K3,2,2,1.0,0.991446125,0.991446125
OR7A5,2,2,1.0,0.98679935,0.98679935
OR7D4,2,2,1.0,0.99088505,0.99088505
OR9I1,2,2,1.0,0.97221515,0.97221515
ORM1,2,2,1.0,0.9676445499999999,0.9676445499999999
OSGEP,2,2,1.0,0.8976413,0.8976413
OSTF1,2,2,1.0,0.929223895,0.929223895
OTULINL,2,2,1.0,0.9332159449999999,0.9332159449999999
OTX1,2,2,1.0,0.97938165,0.97938165
OVGP1,2,2,1.0,0.989358135,0.989358135
P2RX1,2,2,1.0,0.98207908,0.98207908
P2RX5,2,2,1.0,0.978538565,0.978538565
P2RY1,2,2,1.0,0.9898490200000001,0.9898490200000001
P2RY14,2,2,1.0,0.98330458,0.98330458
PACSIN1,2,2,1.0,0.9823537250000001,0.9823537250000001
PAK1,2,2,1.0,0.99139815,0.99139815
PANK4,2,2,1.0,0.970221715,0.970221715
PATL1,2,2,1.0,0.974992325,0.974992325
PAX1,2,2,1.0,0.991077725,0.991077725
PAX7,2,2,1.0,0.9914460249999999,0.9914460249999999
PBRM1,2,2,1.0,0.92255025,0.92255025
PBX4,2,2,1.0,0.9802164,0.9802164
PCGF3,2,2,1.0,0.95514265,0.95514265
PCGF5,2,2,1.0,0.945112475,0.945112475
PCNX3,2,2,1.0,0.941393215,0.941393215
PCNX4,2,2,1.0,0.97737843,0.97737843
PCYOX1,2,2,1.0,0.912477525,0.912477525
PCYT2,2,2,1.0,0.968787525,0.968787525
PDCL,2,2,1.0,0.9859603,0.9859603
PDE12,2,2,1.0,0.92769778,0.92769778
PDIK1L,2,2,1.0,0.9844650850000001,0.9844650850000001
PDLIM1,2,2,1.0,0.9909062500000001,0.9909062500000001
PDPR,2,2,1.0,0.983690215,0.983690215
PELI1,2,2,1.0,0.8964359749999999,0.8964359749999999
PGA5,2,2,1.0,0.979376215,0.979376215
PGS1,2,2,1.0,0.94237921,0.94237921
PHC3,2,2,1.0,0.99047795,0.99047795
PHGDH,2,2,1.0,0.915936415,0.915936415
PHKG1,2,2,1.0,0.863518205,0.863518205
PI4K2B,2,2,1.0,0.9913927499999999,0.9913927499999999
PIBF1,2,2,1.0,0.96072435,0.96072435
PID1,2,2,1.0,0.98869375,0.98869375
PIF1,2,2,1.0,0.89464337,0.89464337
PIK3C3,2,2,1.0,0.99136242,0.99136242
PILRA,2,2,1.0,0.9913230550000001,0.9913230550000001
PIP4P1,2,2,1.0,0.9912768700000001,0.9912768700000001
PITX2,2,2,1.0,0.9277454350000001,0.9277454350000001
PKMYT1,2,2,1.0,0.976919885,0.976919885
PLA2R1,2,2,1.0,0.97868055,0.97868055
PLD2,2,2,1.0,0.973283125,0.973283125
PLEKHA3,2,2,1.0,0.97613272,0.97613272
PLEKHA8,2,2,1.0,0.950739445,0.950739445
PLEKHB2,2,2,1.0,0.92836085,0.92836085
PLXDC2,2,2,1.0,0.9364063149999999,0.9364063149999999
PNPLA8,2,2,1.0,0.98443565,0.98443565
POC1A,2,2,1.0,0.9914486,0.9914486
POLD4,2,2,1.0,0.9685611199999999,0.9685611199999999
POLN,2,2,1.0,0.88753955,0.88753955
POM121,2,2,1.0,0.9773387,0.9773387
POMGNT2,2,2,1.0,0.93718418,0.93718418
POU2F1,2,2,1.0,0.89566955,0.89566955
PPARA,2,2,1.0,0.853254975,0.853254975
PPFIBP2,2,2,1.0,0.8882640500000001,0.8882640500000001
PPIAL4G,2,2,1.0,0.9427914500000001,0.9427914500000001
PPID,2,2,1.0,0.98355427,0.98355427
PPIH,2,2,1.0,0.9856172249999999,0.9856172249999999
PPIL6,2,2,1.0,0.8757373749999999,0.8757373749999999
PPP1R17,2,2,1.0,0.9862192000000001,0.9862192000000001
PPP1R21,2,2,1.0,0.9108293000000001,0.9108293000000001
PPP1R3B,2,2,1.0,0.91082005,0.91082005
PPP1R7,2,2,1.0,0.8806394200000001,0.8806394200000001
PPP3R2,2,2,1.0,0.925592285,0.925592285
PQBP1,2,2,1.0,0.9702918,0.9702918
PRAMEF7,2,2,1.0,0.98492042,0.98492042
PRB1,2,2,1.0,0.9679791,0.9679791
PRDM7,2,2,1.0,0.9402514,0.9402514
PRIMA1,2,2,1.0,0.9441545,0.9441545
PRKCG,2,2,1.0,0.97523465,0.97523465
PROKR1,2,2,1.0,0.98161937,0.98161937
PRPF38A,2,2,1.0,0.9180359,0.9180359
PRSS22,2,2,1.0,0.9174127350000001,0.9174127350000001
PRSS37,2,2,1.0,0.9353987500000001,0.9353987500000001
PSMC2,2,2,1.0,0.991342395,0.991342395
PSMD1,2,2,1.0,0.98161183,0.98161183
PSMD9,2,2,1.0,0.80418295,0.80418295
PSMG2,2,2,1.0,0.974634875,0.974634875
PTGER2,2,2,1.0,0.936862115,0.936862115
PTGS1,2,2,1.0,0.8879919000000001,0.8879919000000001
PTPN1,2,2,1.0,0.99043213,0.99043213
QRICH2,2,2,1.0,0.9867504300000001,0.9867504300000001
R3HDM4,2,2,1.0,0.94927155,0.94927155
RAB10,2,2,1.0,0.9846223199999999,0.9846223199999999
RAB39A,2,2,1.0,0.9912974699999999,0.9912974699999999
RAB3D,2,2,1.0,0.964623,0.964623
RABGAP1,2,2,1.0,0.98742324,0.98742324
RAET1E,2,2,1.0,0.959478435,0.959478435
RAET1L,2,2,1.0,0.9807490249999999,0.9807490249999999
RANBP3,2,2,1.0,0.9910517249999999,0.9910517249999999
RAPGEF5,2,2,1.0,0.9782769,0.9782769
RASSF8,2,2,1.0,0.899818,0.899818
RBL2,2,2,1.0,0.991487,0.991487
RBPJ,2,2,1.0,0.9333698500000001,0.9333698500000001
RCAN3,2,2,1.0,0.8992906,0.8992906
RECQL5,2,2,1.0,0.97632165,0.97632165
REEP5,2,2,1.0,0.960449715,0.960449715
REL,2,2,1.0,0.910236375,0.910236375
RENBP,2,2,1.0,0.98532155,0.98532155
RETREG2,2,2,1.0,0.946174335,0.946174335
RETSAT,2,2,1.0,0.9874899500000001,0.9874899500000001
RFX1,2,2,1.0,0.971476475,0.971476475
RGS2,2,2,1.0,0.991375915,0.991375915
RHBDD2,2,2,1.0,0.927138575,0.927138575
RIN2,2,2,1.0,0.9617290999999999,0.9617290999999999
RIOK3,2,2,1.0,0.848005,0.848005
RIPK1,2,2,1.0,0.9907898749999999,0.9907898749999999
RMI1,2,2,1.0,0.974319965,0.974319965
RNASE4,2,2,1.0,0.99137315,0.99137315
RNF10,2,2,1.0,0.9913196,0.9913196
RNF133,2,2,1.0,0.8624594999999999,0.8624594999999999
RNF149,2,2,1.0,0.91055187,0.91055187
RNF150,2,2,1.0,0.9905619,0.9905619
RNF157,2,2,1.0,0.9573004350000001,0.9573004350000001
RNGTT,2,2,1.0,0.9800333999999999,0.9800333999999999
RNMT,2,2,1.0,0.881099225,0.881099225
RP9,2,2,1.0,0.990320925,0.990320925
RPE,2,2,1.0,0.98953815,0.98953815
RPL13A,2,2,1.0,0.92513255,0.92513255
RPL15,2,2,1.0,0.8754986849999999,0.8754986849999999
RPL36A,2,2,1.0,0.98228866,0.98228866
RPP14,2,2,1.0,0.9851942,0.9851942
RPS6KA5,2,2,1.0,0.9846367549999999,0.9846367549999999
RSL1D1,2,2,1.0,0.9244503749999999,0.9244503749999999
RSPH3,2,2,1.0,0.9773480649999999,0.9773480649999999
RSPO2,2,2,1.0,0.97607705,0.97607705
RSPO4,2,2,1.0,0.9436526000000001,0.9436526000000001
RTF1,2,2,1.0,0.9474718,0.9474718
RUNDC3B,2,2,1.0,0.90656375,0.90656375
SAMHD1,2,2,1.0,0.909507375,0.909507375
SBSN,2,2,1.0,0.88462048,0.88462048
SCMH1,2,2,1.0,0.97969556,0.97969556
SDCBP,2,2,1.0,0.88982582,0.88982582
SDR42E1,2,2,1.0,0.986536375,0.986536375
SELP,2,2,1.0,0.989842675,0.989842675
SEMA3F,2,2,1.0,0.9687621,0.9687621
SENP8,2,2,1.0,0.9869944799999999,0.9869944799999999
SETD6,2,2,1.0,0.94002348,0.94002348
SFMBT1,2,2,1.0,0.9717218750000001,0.9717218750000001
SFTPA2,2,2,1.0,0.96064995,0.96064995
SGCE,2,2,1.0,0.9326199,0.9326199
SH2B1,2,2,1.0,0.93250325,0.93250325
SHARPIN,2,2,1.0,0.991472025,0.991472025
SHISA2,2,2,1.0,0.9514247650000001,0.9514247650000001
SHMT2,2,2,1.0,0.914443965,0.914443965
SIAH2,2,2,1.0,0.97494565,0.97494565
SIGLEC14,2,2,1.0,0.969729215,0.969729215
SIGLEC6,2,2,1.0,0.98393115,0.98393115
SIGLECL1,2,2,1.0,0.97740377,0.97740377
SIRPD,2,2,1.0,0.925724475,0.925724475
SIRT2,2,2,1.0,0.9329651,0.9329651
SIRT7,2,2,1.0,0.98199345,0.98199345
SKA1,2,2,1.0,0.96437975,0.96437975
SKP1,2,2,1.0,0.96870155,0.96870155
SLC14A1,2,2,1.0,0.9289391199999999,0.9289391199999999
SLC16A12,2,2,1.0,0.8243486,0.8243486
SLC19A3,2,2,1.0,0.97071975,0.97071975
SLC1A3,2,2,1.0,0.9630145299999999,0.9630145299999999
SLC20A1,2,2,1.0,0.94770307,0.94770307
SLC22A1,2,2,1.0,0.9842065799999999,0.9842065799999999
SLC22A17,2,2,1.0,0.957183685,0.957183685
SLC25A13,2,2,1.0,0.98440835,0.98440835
SLC25A40,2,2,1.0,0.9904238000000001,0.9904238000000001
SLC25A41,2,2,1.0,0.960695445,0.960695445
SLC25A53,2,2,1.0,0.98519265,0.98519265
SLC26A7,2,2,1.0,0.90360375,0.90360375
SLC2A3,2,2,1.0,0.98665613,0.98665613
SLC30A7,2,2,1.0,0.98018217,0.98018217
SLC33A1,2,2,1.0,0.8679967550000001,0.8679967550000001
SLC34A1,2,2,1.0,0.91709575,0.91709575
SLC35B4,2,2,1.0,0.878978935,0.878978935
SLC37A1,2,2,1.0,0.9849239,0.9849239
SLC39A2,2,2,1.0,0.97445479,0.97445479
SLC39A3,2,2,1.0,0.9769766950000001,0.9769766950000001
SLC44A2,2,2,1.0,0.98423008,0.98423008
SLC7A1,2,2,1.0,0.985142425,0.985142425
SLC8A2,2,2,1.0,0.991378415,0.991378415
SLCO1A2,2,2,1.0,0.986018955,0.986018955
SMARCD1,2,2,1.0,0.98402035,0.98402035
SNORD115-21,2,2,1.0,0.79995935,0.79995935
SNORD115-22,2,2,1.0,0.98878113,0.98878113
SNPH,2,2,1.0,0.984015775,0.984015775
SP140,2,2,1.0,0.97785535,0.97785535
SPAG8,2,2,1.0,0.975281835,0.975281835
SPANXN2,2,2,1.0,0.965646785,0.965646785
SPANXN3,2,2,1.0,0.974098515,0.974098515
SPATA5L1,2,2,1.0,0.9887639800000001,0.9887639800000001
SPATA7,2,2,1.0,0.98281095,0.98281095
SPDYE3,2,2,1.0,0.9906631699999999,0.9906631699999999
SPNS1,2,2,1.0,0.97116328,0.97116328
SPP1,2,2,1.0,0.9824187449999999,0.9824187449999999
SPPL2C,2,2,1.0,0.982527135,0.982527135
SPRR1A,2,2,1.0,0.80449433,0.80449433
SQSTM1,2,2,1.0,0.989959435,0.989959435
SRPX,2,2,1.0,0.967934545,0.967934545
SS18,2,2,1.0,0.917529115,0.917529115
SS18L1,2,2,1.0,0.97359215,0.97359215
SSH3,2,2,1.0,0.99086812,0.99086812
SSR1,2,2,1.0,0.914828885,0.914828885
SSR4,2,2,1.0,0.98183259,0.98183259
SSU72P8,2,2,1.0,0.98493048,0.98493048
STAC3,2,2,1.0,0.9386308,0.9386308
STAT3,2,2,1.0,0.981484205,0.981484205
STEAP2,2,2,1.0,0.95045852,0.95045852
STK32A,2,2,1.0,0.97903798,0.97903798
STRIP1,2,2,1.0,0.9909222799999999,0.9909222799999999
STYX,2,2,1.0,0.91983855,0.91983855
SULT6B1,2,2,1.0,0.980031605,0.980031605
SUPT5H,2,2,1.0,0.90137965,0.90137965
SUPV3L1,2,2,1.0,0.984519245,0.984519245
SVOP,2,2,1.0,0.9568211,0.9568211
SYCP3,2,2,1.0,0.910403995,0.910403995
SYDE1,2,2,1.0,0.8147340000000001,0.8147340000000001
SYTL3,2,2,1.0,0.982539115,0.982539115
SYVN1,2,2,1.0,0.9584876250000001,0.9584876250000001
TACO1,2,2,1.0,0.92272523,0.92272523
TAF1A,2,2,1.0,0.9678523,0.9678523
TAF6,2,2,1.0,0.98297863,0.98297863
TAF7,2,2,1.0,0.98992055,0.98992055
TAFA1,2,2,1.0,0.984036385,0.984036385
TARDBP,2,2,1.0,0.9545675499999999,0.9545675499999999
TARS2,2,2,1.0,0.9788259,0.9788259
TAS1R1,2,2,1.0,0.9820792,0.9820792
TAS2R10,2,2,1.0,0.986035795,0.986035795
TAS2R38,2,2,1.0,0.9690270750000001,0.9690270750000001
TBC1D29P,2,2,1.0,0.98603107,0.98603107
TBC1D5,2,2,1.0,0.971841905,0.971841905
TBRG4,2,2,1.0,0.98704222,0.98704222
TCAIM,2,2,1.0,0.97207995,0.97207995
TCF19,2,2,1.0,0.94224953,0.94224953
TCF3,2,2,1.0,0.9857470749999999,0.9857470749999999
TCTE1,2,2,1.0,0.92233988,0.92233988
TDG,2,2,1.0,0.9887525,0.9887525
TERF2,2,2,1.0,0.89976415,0.89976415
TERF2IP,2,2,1.0,0.98917083,0.98917083
TESK2,2,2,1.0,0.9844171100000001,0.9844171100000001
TEX26,2,2,1.0,0.9840109699999999,0.9840109699999999
TEX37,2,2,1.0,0.940465015,0.940465015
TEX44,2,2,1.0,0.96714795,0.96714795
TFDP2,2,2,1.0,0.974422165,0.974422165
TGFB1I1,2,2,1.0,0.9056041,0.9056041
THAP4,2,2,1.0,0.985393225,0.985393225
THPO,2,2,1.0,0.9526896499999999,0.9526896499999999
THRB,2,2,1.0,0.98126885,0.98126885
TIGD6,2,2,1.0,0.9774666999999999,0.9774666999999999
TLCD3A,2,2,1.0,0.97209637,0.97209637
TLCD5,2,2,1.0,0.87835673,0.87835673
TLK2,2,2,1.0,0.98918825,0.98918825
TLR4,2,2,1.0,0.878709475,0.878709475
TM4SF4,2,2,1.0,0.93951725,0.93951725
TMCO3,2,2,1.0,0.97201768,0.97201768
TMEM120B,2,2,1.0,0.895331655,0.895331655
TMEM150C,2,2,1.0,0.9690954,0.9690954
TMEM161B,2,2,1.0,0.98741318,0.98741318
TMEM163,2,2,1.0,0.9907376649999999,0.9907376649999999
TMEM171,2,2,1.0,0.9856027350000001,0.9856027350000001
TMEM177,2,2,1.0,0.909812765,0.909812765
TMEM196,2,2,1.0,0.9912354,0.9912354
TMEM219,2,2,1.0,0.98948843,0.98948843
TMEM39A,2,2,1.0,0.9863807200000001,0.9863807200000001
TMEM59L,2,2,1.0,0.909038,0.909038
TMEM72,2,2,1.0,0.983113235,0.983113235
TMPRSS11A,2,2,1.0,0.99020397,0.99020397
TMPRSS11B,2,2,1.0,0.882462665,0.882462665
TNFRSF9,2,2,1.0,0.87719872,0.87719872
TNRC18,2,2,1.0,0.9817979299999999,0.9817979299999999
TNS2,2,2,1.0,0.9913699250000001,0.9913699250000001
TOP1,2,2,1.0,0.98711102,0.98711102
TPSAB1,2,2,1.0,0.9552159,0.9552159
TRAFD1,2,2,1.0,0.982608425,0.982608425
TRAJ38,2,2,1.0,0.8834501,0.8834501
TRBC2,2,2,1.0,0.98699674,0.98699674
TRBV2,2,2,1.0,0.9735412,0.9735412
TRGC1,2,2,1.0,0.86538574,0.86538574
TRIB3,2,2,1.0,0.9894856,0.9894856
TRIM5,2,2,1.0,0.9914954199999999,0.9914954199999999
TRMT1,2,2,1.0,0.98571155,0.98571155
TRMT2B,2,2,1.0,0.9893543,0.9893543
TSC22D1,2,2,1.0,0.9803576350000001,0.9803576350000001
TSEN34,2,2,1.0,0.988411575,0.988411575
TSPYL6,2,2,1.0,0.90095623,0.90095623
TTBK1,2,2,1.0,0.920466455,0.920466455
TTC29,2,2,1.0,0.9826313499999999,0.9826313499999999
TTC39B,2,2,1.0,0.95403195,0.95403195
TTC5,2,2,1.0,0.989018035,0.989018035
TTC9C,2,2,1.0,0.99145113,0.99145113
TTLL11,2,2,1.0,0.9541840500000001,0.9541840500000001
TUBGCP2,2,2,1.0,0.99138675,0.99138675
TWSG1,2,2,1.0,0.991406165,0.991406165
TXLNG,2,2,1.0,0.9737912200000001,0.9737912200000001
TYMP,2,2,1.0,0.9350893499999999,0.9350893499999999
UCHL3,2,2,1.0,0.991430405,0.991430405
UGDH,2,2,1.0,0.915660935,0.915660935
UGT1A3,2,2,1.0,0.97456945,0.97456945
UHMK1,2,2,1.0,0.99000793,0.99000793
UPF3B,2,2,1.0,0.9848056199999999,0.9848056199999999
UPK1A,2,2,1.0,0.9358149499999999,0.9358149499999999
USH1G,2,2,1.0,0.99145105,0.99145105
USP25,2,2,1.0,0.98122865,0.98122865
USP4,2,2,1.0,0.9879338,0.9879338
USP50,2,2,1.0,0.92156685,0.92156685
UTP6,2,2,1.0,0.92313808,0.92313808
VAPB,2,2,1.0,0.981021045,0.981021045
VAT1L,2,2,1.0,0.991211745,0.991211745
VCX3A,2,2,1.0,0.9787330999999999,0.9787330999999999
VCX3B,2,2,1.0,0.9113549,0.9113549
VEZT,2,2,1.0,0.963121215,0.963121215
VIPR1,2,2,1.0,0.95447082,0.95447082
VKORC1L1,2,2,1.0,0.99141545,0.99141545
VPREB1,2,2,1.0,0.9192770699999999,0.9192770699999999
VPS26A,2,2,1.0,0.99091525,0.99091525
VPS4B,2,2,1.0,0.991313845,0.991313845
WAC,2,2,1.0,0.99143027,0.99143027
WDR43,2,2,1.0,0.98962353,0.98962353
WDR83,2,2,1.0,0.8937541,0.8937541
WDR89,2,2,1.0,0.9202914799999999,0.9202914799999999
WNT10B,2,2,1.0,0.8945919,0.8945919
WNT8B,2,2,1.0,0.987171,0.987171
XPNPEP3,2,2,1.0,0.9914516499999999,0.9914516499999999
XRCC1,2,2,1.0,0.95016747,0.95016747
YIPF5,2,2,1.0,0.9913328699999999,0.9913328699999999
ZBTB37,2,2,1.0,0.8997101000000001,0.8997101000000001
ZBTB46,2,2,1.0,0.9913425650000001,0.9913425650000001
ZBTB9,2,2,1.0,0.92231173,0.92231173
ZC3HAV1,2,2,1.0,0.991382875,0.991382875
ZDHHC14,2,2,1.0,0.974317385,0.974317385
ZFP2,2,2,1.0,0.988140025,0.988140025
ZFYVE28,2,2,1.0,0.9611404299999999,0.9611404299999999
ZIC5,2,2,1.0,0.9099239,0.9099239
ZIK1,2,2,1.0,0.96404195,0.96404195
ZMYND19,2,2,1.0,0.99071407,0.99071407
ZNF143,2,2,1.0,0.8998089,0.8998089
ZNF16,2,2,1.0,0.99014342,0.99014342
ZNF165,2,2,1.0,0.96668435,0.96668435
ZNF175,2,2,1.0,0.986125725,0.986125725
ZNF2,2,2,1.0,0.95618685,0.95618685
ZNF20,2,2,1.0,0.9898309000000001,0.9898309000000001
ZNF221,2,2,1.0,0.9907973299999999,0.9907973299999999
ZNF222,2,2,1.0,0.98760693,0.98760693
ZNF223,2,2,1.0,0.991030395,0.991030395
ZNF225,2,2,1.0,0.991379945,0.991379945
ZNF230,2,2,1.0,0.8727528449999999,0.8727528449999999
ZNF260,2,2,1.0,0.991408835,0.991408835
ZNF277,2,2,1.0,0.9878865,0.9878865
ZNF320,2,2,1.0,0.8018695,0.8018695
ZNF345,2,2,1.0,0.89251652,0.89251652
ZNF382,2,2,1.0,0.99098982,0.99098982
ZNF394,2,2,1.0,0.8658651150000001,0.8658651150000001
ZNF396,2,2,1.0,0.9885995000000001,0.9885995000000001
ZNF429,2,2,1.0,0.96411855,0.96411855
ZNF441,2,2,1.0,0.990935295,0.990935295
ZNF449,2,2,1.0,0.9651248450000001,0.9651248450000001
ZNF490,2,2,1.0,0.9504866000000001,0.9504866000000001
ZNF511-PRAP1,2,2,1.0,0.9735707250000001,0.9735707250000001
ZNF512,2,2,1.0,0.92719483,0.92719483
ZNF514,2,2,1.0,0.901883985,0.901883985
ZNF559,2,2,1.0,0.95142942,0.95142942
ZNF561,2,2,1.0,0.9314912,0.9314912
ZNF571,2,2,1.0,0.99123933,0.99123933
ZNF610,2,2,1.0,0.89616177,0.89616177
ZNF614,2,2,1.0,0.99121499,0.99121499
ZNF655,2,2,1.0,0.9871089150000001,0.9871089150000001
ZNF670,2,2,1.0,0.991422465,0.991422465
ZNF677,2,2,1.0,0.9779553400000001,0.9779553400000001
ZNF695,2,2,1.0,0.9834231,0.9834231
ZNF749,2,2,1.0,0.9845472,0.9845472
ZNF763,2,2,1.0,0.9280825500000001,0.9280825500000001
ZNF772,2,2,1.0,0.991283295,0.991283295
ZNF780A,2,2,1.0,0.98175083,0.98175083
ZNF8,2,2,1.0,0.97363742,0.97363742
ZNF829,2,2,1.0,0.95347115,0.95347115
ZNF888,2,2,1.0,0.977515905,0.977515905
ZP1,2,2,1.0,0.982850425,0.982850425
ZSCAN5B,2,2,1.0,0.9908205800000001,0.9908205800000001
ZSCAN9,2,2,1.0,0.89846435,0.89846435
ZSWIM1,2,2,1.0,0.99113495,0.99113495
ZYG11B,2,2,1.0,0.990953805,0.990953805
ABCB10,3,2,0.6666666666666666,0.7463220566666667,0.94974977
ABHD10,3,2,0.6666666666666666,0.6840971583333334,0.939439
ABHD16A,3,2,0.6666666666666666,0.6161434092666667,0.86096185
ABHD8,3,2,0.6666666666666666,0.6401325598714867,0.93721044
ABL1,3,2,0.6666666666666666,0.8181290733333334,0.99135196
ACAD11,3,2,0.6666666666666666,0.8973718133333333,0.972765
ACADVL,3,2,0.6666666666666666,0.6138445988533333,0.84971154
ACSBG1,3,2,0.6666666666666666,0.80565294,0.85448486
ACSL3,3,2,0.6666666666666666,0.67521551,0.87096757
ACTR3,3,2,0.6666666666666666,0.6445880687666666,0.9602695
ACTRT2,3,2,0.6666666666666666,0.7516474233333333,0.92155975
ACVR2A,3,2,0.6666666666666666,0.6178459787614,0.87121165
ADAM17,3,2,0.6666666666666666,0.6597992877923333,0.98863864
ADARB1,3,2,0.6666666666666666,0.76773609,0.8967142
ADCYAP1,3,2,0.6666666666666666,0.6320031666427134,0.90592986
ADCYAP1R1,3,2,0.6666666666666666,0.7430430333333334,0.9336659
ADGRB1,3,2,0.6666666666666666,0.612732266667154,0.8468316
ADH1C,3,2,0.6666666666666666,0.643968571400615,0.9405469
ADH7,3,2,0.6666666666666666,0.7075610800000001,0.95176214
AFMID,3,2,0.6666666666666666,0.6595999622466667,0.9870509
AGPAT1,3,2,0.6666666666666666,0.8006943733333333,0.86289155
AGTR1,3,2,0.6666666666666666,0.7045059866666668,0.99143386
AHCY,3,2,0.6666666666666666,0.7777449666666666,0.9872149
AIMP2,3,2,0.6666666666666666,0.6625909746666667,0.9892758
AIRE,3,2,0.6666666666666666,0.6583774430966667,0.9836394
AK5,3,2,0.6666666666666666,0.8391298433333333,0.94213575
AKNA,3,2,0.6666666666666666,0.6026521914333334,0.81258637
AKR1C1,3,2,0.6666666666666666,0.7488848866666666,0.990998
AL109984.1,3,2,0.6666666666666666,0.6599304501152,0.98898965
ALAS1,3,2,0.6666666666666666,0.6056304368666666,0.82429266
ALDH1L2,3,2,0.6666666666666666,0.70901551,0.9542566
ALDH9A1,3,2,0.6666666666666666,0.7538526066666668,0.95624954
ALDOC,3,2,0.6666666666666666,0.8105283666666666,0.9905695
ALKBH2,3,2,0.6666666666666666,0.67063464,0.8813831
ALS2,3,2,0.6666666666666666,0.5433167550866667,0.7585375
AMELX,3,2,0.6666666666666666,0.6361710503177849,0.91786915
ANGPTL1,3,2,0.6666666666666666,0.6386692973333333,0.9055058
ANKRD20A5P,3,2,0.6666666666666666,0.66644902,0.97096294
ANKRD34B,3,2,0.6666666666666666,0.8505283,0.97633743
ANKRD53,3,2,0.6666666666666666,0.88444083,0.94831395
ANO7,3,2,0.6666666666666666,0.7522104233333332,0.97847843
ANO8,3,2,0.6666666666666666,0.6364505704333333,0.9139278
ANXA13,3,2,0.6666666666666666,0.6611716511,0.9903876
AP002748.5,3,2,0.6666666666666666,0.6534578169042198,0.9689868
APBB1IP,3,2,0.6666666666666666,0.81070938,0.9902412
APH1A,3,2,0.6666666666666666,0.6382752667833484,0.9235044
APMAP,3,2,0.6666666666666666,0.6800491750000001,0.986024
AQP7,3,2,0.6666666666666666,0.7878149200000001,0.97818863
ARHGAP26,3,2,0.6666666666666666,0.6610295172533333,0.9910528
ARHGEF12,3,2,0.6666666666666666,0.6482130952333334,0.9555299
ARHGEF16,3,2,0.6666666666666666,0.7542521133333334,0.9116166
ARHGEF18,3,2,0.6666666666666666,0.6641367653333333,0.93621594
ARHGEF37,3,2,0.6666666666666666,0.6606168514133334,0.9902598
ARIH2,3,2,0.6666666666666666,0.81716707,0.95285994
ARL14,3,2,0.6666666666666666,0.6592257423333333,0.96162516
ARMC8,3,2,0.6666666666666666,0.7392635266666666,0.9906489
ARMT1,3,2,0.6666666666666666,0.6570711172206667,0.9813534
ARPP19P2,3,2,0.6666666666666666,0.6635664,0.9384042
ARRB1,3,2,0.6666666666666666,0.7340951466666666,0.85403174
ARRDC3,3,2,0.6666666666666666,0.6971305633333333,0.9611355
ARSJ,3,2,0.6666666666666666,0.7140605666666667,0.9728022
ASNS,3,2,0.6666666666666666,0.6583510823333333,0.97578114
ASNSD1,3,2,0.6666666666666666,0.6492885283666666,0.9684759
ASPHD1,3,2,0.6666666666666666,0.79151227,0.93465364
ATP2A2,3,2,0.6666666666666666,0.6635537043333333,0.99132794
ATP6V0D2,3,2,0.6666666666666666,0.6629060042333333,0.9914725
ATP8B2,3,2,0.6666666666666666,0.78471387,0.75272787
ATXN10,3,2,0.6666666666666666,0.7221026266666666,0.9727774
ATXN3L,3,2,0.6666666666666666,0.8058832499999999,0.9823369
B3GALT5,3,2,0.6666666666666666,0.7348921533333334,0.898334
B4GALT2,3,2,0.6666666666666666,0.8672511033333334,0.9765019
BACH2,3,2,0.6666666666666666,0.6360596129223334,0.9171078
BAG6,3,2,0.6666666666666666,0.8320344666666667,0.9537316
BAHCC1,3,2,0.6666666666666666,0.5870373841908829,0.78552985
BAIAP2L1,3,2,0.6666666666666666,0.8536661866666666,0.9767174
BBS12,3,2,0.6666666666666666,0.6653394293333333,0.97235435
BBX,3,2,0.6666666666666666,0.8393348866666667,0.9846005
BCAT1,3,2,0.6666666666666666,0.6494222945233333,0.9568201
BCL11B,3,2,0.6666666666666666,0.607107350049444,0.84069645
BLK,3,2,0.6666666666666666,0.8394376333333332,0.9914541
BLMH,3,2,0.6666666666666666,0.6820947766666666,0.9913264
BMPR1B,3,2,0.6666666666666666,0.5861361880592333,0.77092135
BORCS5,3,2,0.6666666666666666,0.653378218498,0.96872383
BRAT1,3,2,0.6666666666666666,0.6455756851430984,0.9498948
BRD3,3,2,0.6666666666666666,0.82769731,0.9910876
BRIX1,3,2,0.6666666666666666,0.6034142633416667,0.83504987
BSDC1,3,2,0.6666666666666666,0.7724293033333334,0.98603046
BTG3,3,2,0.6666666666666666,0.6842539346666666,0.9912388
BTG4,3,2,0.6666666666666666,0.6571305709333334,0.97911364
BUB1B,3,2,0.6666666666666666,0.6807545899999999,0.81251144
C11orf65,3,2,0.6666666666666666,0.8624432333333334,0.8746228
C12orf71,3,2,0.6666666666666666,0.608108368394,0.83299303
C16orf71,3,2,0.6666666666666666,0.8993415833333334,0.9619054
C17orf80,3,2,0.6666666666666666,0.6847168333333333,0.9115694
C20orf194,3,2,0.6666666666666666,0.6693667233333334,0.9912305
C20orf85,3,2,0.6666666666666666,0.7616426666666666,0.9168036
C2CD2,3,2,0.6666666666666666,0.5514829352507666,0.8097429
C2orf42,3,2,0.6666666666666666,0.5906292942256667,0.87997407
C3AR1,3,2,0.6666666666666666,0.5872845686666667,0.77880895
C4orf17,3,2,0.6666666666666666,0.71155341,0.9638915
C7orf65,3,2,0.6666666666666666,0.7149594266666667,0.9912894
CACNB3,3,2,0.6666666666666666,0.6467021233333333,0.89670086
CADM1,3,2,0.6666666666666666,0.8903782800000001,0.96994734
CAPS,3,2,0.6666666666666666,0.5900746968,0.8242945
CAPSL,3,2,0.6666666666666666,0.8194748033333333,0.9900096
CARS2,3,2,0.6666666666666666,0.8699022333333333,0.98099613
CAVIN3,3,2,0.6666666666666666,0.6724406556666667,0.9901682
CBX2,3,2,0.6666666666666666,0.8879904666666666,0.9914322
CC2D1A,3,2,0.6666666666666666,0.6568559891871667,0.97912323
CC2D2A,3,2,0.6666666666666666,0.6413655802516333,0.9431098
CCDC190,3,2,0.6666666666666666,0.5969138456666666,0.78543264
CCDC30,3,2,0.6666666666666666,0.6954061333333333,0.9365108
CCDC40,3,2,0.6666666666666666,0.7865883933333334,0.77959913
CCDC62,3,2,0.6666666666666666,0.7992241333333333,0.9860205
CCHCR1,3,2,0.6666666666666666,0.7195259533333332,0.9492782
CCNE2,3,2,0.6666666666666666,0.77083877,0.9638671
CCR2,3,2,0.6666666666666666,0.8105232933333334,0.95550865
CCR6,3,2,0.6666666666666666,0.6705478233333334,0.96605575
CCT5,3,2,0.6666666666666666,0.6475163153333333,0.8329077
CD226,3,2,0.6666666666666666,0.7825345499999999,0.9780398
CD3E,3,2,0.6666666666666666,0.70482589,0.9183757
CD8B,3,2,0.6666666666666666,0.6259904513333333,0.88641125
CDC20,3,2,0.6666666666666666,0.7130971233333333,0.9813495
CDC73,3,2,0.6666666666666666,0.7789060566666667,0.918951
CDCA2,3,2,0.6666666666666666,0.6398554994244433,0.9294536
CDCP2,3,2,0.6666666666666666,0.6142383100000001,0.76752454
CDHR3,3,2,0.6666666666666666,0.631401206942,0.9379249
CDIP1,3,2,0.6666666666666666,0.6664872056666667,0.96466684
CDK3,3,2,0.6666666666666666,0.80005622,0.9898661
CDKL3,3,2,0.6666666666666666,0.6197266553333333,0.78772
CELA3B,3,2,0.6666666666666666,0.5713161197333333,0.8263093
CELF6,3,2,0.6666666666666666,0.6141888510970109,0.8584848
CFAP251,3,2,0.6666666666666666,0.75993968,0.991269
CFAP45,3,2,0.6666666666666666,0.8880974666666667,0.99040765
CFAP70,3,2,0.6666666666666666,0.6570157389345234,0.98075575
CGN,3,2,0.6666666666666666,0.6738485066666667,0.85971594
CHD1L,3,2,0.6666666666666666,0.8036298433333333,0.78552586
CHST6,3,2,0.6666666666666666,0.7875272633333333,0.82065856
CHSY1,3,2,0.6666666666666666,0.84508986,0.9893656
CHUK,3,2,0.6666666666666666,0.6598629666705179,0.9881811
CITED2,3,2,0.6666666666666666,0.565088866,0.80815446
CLASRP,3,2,0.6666666666666666,0.6609524865790816,0.9914255
CLEC10A,3,2,0.6666666666666666,0.7179980233333333,0.9626117
CLEC4D,3,2,0.6666666666666666,0.8403054433333333,0.9815283
CLK3,3,2,0.6666666666666666,0.6199525230818234,0.88362426
CLK4,3,2,0.6666666666666666,0.8904839566666668,0.94718647
CLMN,3,2,0.6666666666666666,0.6163777266666667,0.79296494
CLN5,3,2,0.6666666666666666,0.658016556,0.97186756
CLTC,3,2,0.6666666666666666,0.7654452933333333,0.98994094
CMTR1,3,2,0.6666666666666666,0.631774282237,0.9060152
CNPY4,3,2,0.6666666666666666,0.81512204,0.82535577
CNTF,3,2,0.6666666666666666,0.6522051602286667,0.9652433
COIL,3,2,0.6666666666666666,0.7781585766666668,0.90096784
COL25A1,3,2,0.6666666666666666,0.8908907666666667,0.9646091
COLEC10,3,2,0.6666666666666666,0.8382214666666666,0.9525164
COLGALT1,3,2,0.6666666666666666,0.8779960966666667,0.97172683
CORO2A,3,2,0.6666666666666666,0.8332007666666666,0.9561647
COX10,3,2,0.6666666666666666,0.8286291333333334,0.9384848
CPNE2,3,2,0.6666666666666666,0.63733497833737,0.9372056
CPSF3,3,2,0.6666666666666666,0.6535921843333333,0.9681078
CREB3,3,2,0.6666666666666666,0.6152248883333333,0.83482176
CRIM1,3,2,0.6666666666666666,0.81830837,0.9502856
CROT,3,2,0.6666666666666666,0.7633786166666666,0.99026185
CRTC2,3,2,0.6666666666666666,0.5779610803633334,0.768297
CRY2,3,2,0.6666666666666666,0.72338716,0.96657526
CSH1,3,2,0.6666666666666666,0.7225590033333332,0.9718399
CSPG5,3,2,0.6666666666666666,0.8033272333333333,0.8940682
CTSC,3,2,0.6666666666666666,0.6760565166666667,0.99105495
CTSW,3,2,0.6666666666666666,0.7496595933333333,0.8083361
CWF19L1,3,2,0.6666666666666666,0.8836735666666667,0.9868613
CYP4Z1,3,2,0.6666666666666666,0.7229801933333334,0.9755685
CYTH1,3,2,0.6666666666666666,0.7247555866666667,0.7592853
DAAM1,3,2,0.6666666666666666,0.6519004462366667,0.9696414
DCAF6,3,2,0.6666666666666666,0.7781566566666666,0.94207627
DCBLD1,3,2,0.6666666666666666,0.6729520233333334,0.94970196
DCTN2,3,2,0.6666666666666666,0.6314167966698334,0.90293455
DDX42,3,2,0.6666666666666666,0.6665730376666666,0.9883781
DDX46,3,2,0.6666666666666666,0.8296168666666667,0.9115075
DDX58,3,2,0.6666666666666666,0.8555289666666667,0.991271
DEAF1,3,2,0.6666666666666666,0.8397769333333334,0.91155237
DECR2,3,2,0.6666666666666666,0.6850940166666666,0.831927
DELE1,3,2,0.6666666666666666,0.71545931,0.94314945
DENND3,3,2,0.6666666666666666,0.8046633333333334,0.98644614
DENND5B,3,2,0.6666666666666666,0.5728183666935197,0.8450962
DERA,3,2,0.6666666666666666,0.6430555966675856,0.93775606
DGAT2L6,3,2,0.6666666666666666,0.73106806,0.97900873
DHCR7,3,2,0.6666666666666666,0.8191789466666667,0.98117214
DISC1,3,2,0.6666666666666666,0.6696562766666667,0.84008634
DKK1,3,2,0.6666666666666666,0.6450941738735266,0.9438767
DLX4,3,2,0.6666666666666666,0.600870499,0.8089815
DNAH12,3,2,0.6666666666666666,0.8041884533333334,0.9910614
DNAJC14,3,2,0.6666666666666666,0.7763317666666666,0.9865072
DNAJC21,3,2,0.6666666666666666,0.8827972666666667,0.9887456
DOK1,3,2,0.6666666666666666,0.8066868733333333,0.9331391
DOK6,3,2,0.6666666666666666,0.7335348466666667,0.95155376
DPF3,3,2,0.6666666666666666,0.6464762880533333,0.96568686
DPYD,3,2,0.6666666666666666,0.8280908,0.9751731
DRG2,3,2,0.6666666666666666,0.74100002,0.9788753
DSG2,3,2,0.6666666666666666,0.8063871566666667,0.98500407
DUS1L,3,2,0.6666666666666666,0.6569152867280236,0.97938305
DUSP16,3,2,0.6666666666666666,0.8106211166666667,0.9138423
DVL2,3,2,0.6666666666666666,0.67223108,0.920268
E2F3,3,2,0.6666666666666666,0.6515796537266667,0.96449417
E2F6,3,2,0.6666666666666666,0.6533429929333333,0.9684759
EDARADD,3,2,0.6666666666666666,0.79534523,0.95085585
EDC3,3,2,0.6666666666666666,0.7966363900000001,0.8270414
EDEM1,3,2,0.6666666666666666,0.6262587764333333,0.8840757
EDRF1,3,2,0.6666666666666666,0.73879624,0.9731469
EI24P4,3,2,0.6666666666666666,0.8406807666666666,0.95655
EIF2D,3,2,0.6666666666666666,0.6238089906680567,0.9325127
EIF3B,3,2,0.6666666666666666,0.8646207333333334,0.9435105
EIF3D,3,2,0.6666666666666666,0.80088034,0.90896636
EIF4G3,3,2,0.6666666666666666,0.6390000466666667,0.8677771
EIF4H,3,2,0.6666666666666666,0.8848857866666666,0.97969556
ELK4,3,2,0.6666666666666666,0.7666360466666666,0.9367785
ELP3,3,2,0.6666666666666666,0.8733236,0.91700613
ENOX2,3,2,0.6666666666666666,0.83944527,0.85116404
ENTPD1,3,2,0.6666666666666666,0.576154147,0.81427264
ENTPD3,3,2,0.6666666666666666,0.8854861866666667,0.9831849
ENTR1,3,2,0.6666666666666666,0.8714568233333333,0.98552656
EPB41L1,3,2,0.6666666666666666,0.83063052,0.84009176
EPHX2,3,2,0.6666666666666666,0.7380076366666666,0.95254546
EPM2A,3,2,0.6666666666666666,0.651346641,0.95773584
ERCC2,3,2,0.6666666666666666,0.8098668133333334,0.89763504
ERVW-1,3,2,0.6666666666666666,0.8742090833333332,0.9722012
ETS2,3,2,0.6666666666666666,0.6591815667493061,0.9860293
EXO1,3,2,0.6666666666666666,0.7634628,0.9913345
EXO5,3,2,0.6666666666666666,0.7891201666666667,0.8683181
EXOC3,3,2,0.6666666666666666,0.6609827606741466,0.9914471
EXOC3L2,3,2,0.6666666666666666,0.6242637923333333,0.86618906
EZR,3,2,0.6666666666666666,0.8311067833333334,0.96568245
FAIM,3,2,0.6666666666666666,0.74515771,0.99034053
FAM118A,3,2,0.6666666666666666,0.7718699733333333,0.83973926
FAM118B,3,2,0.6666666666666666,0.6144463231,0.84795153
FAM153B,3,2,0.6666666666666666,0.5997726353602334,0.8078054
FAM169A,3,2,0.6666666666666666,0.63443486,0.8466398
FAM228A,3,2,0.6666666666666666,0.6271725994,0.8892336
FAM71F1,3,2,0.6666666666666666,0.6539754409999999,0.94466615
FBXO40,3,2,0.6666666666666666,0.67488168,0.8185438
FBXO47,3,2,0.6666666666666666,0.7849051166666667,0.97757727
FCGR3B,3,2,0.6666666666666666,0.70577703,0.94843745
FCRLA,3,2,0.6666666666666666,0.8324746833333334,0.94276065
FGGY,3,2,0.6666666666666666,0.6372814566666667,0.7701793
FKBP10,3,2,0.6666666666666666,0.7728729966666666,0.95293945
FMNL2,3,2,0.6666666666666666,0.634949136,0.93225235
FMO5,3,2,0.6666666666666666,0.74663526,0.98850316
FNDC3A,3,2,0.6666666666666666,0.6469396203333333,0.94803995
FOLR3,3,2,0.6666666666666666,0.6460642950666666,0.9485646
FOXD4L6,3,2,0.6666666666666666,0.6219074852633334,0.87452805
FOXN4,3,2,0.6666666666666666,0.6522206222666667,0.9760884
FOXS1,3,2,0.6666666666666666,0.7597208833333333,0.9832308
FRK,3,2,0.6666666666666666,0.6445819966666667,0.91151285
FRMD3,3,2,0.6666666666666666,0.8905945533333334,0.97605956
FRMD4B,3,2,0.6666666666666666,0.6524331835846423,0.9727759
FRRS1,3,2,0.6666666666666666,0.8002802633333334,0.97452444
FTO,3,2,0.6666666666666666,0.7629293,0.990568
G6PC,3,2,0.6666666666666666,0.7655930166666667,0.9830866
GAB1,3,2,0.6666666666666666,0.6363953443086666,0.95443666
GABRA3,3,2,0.6666666666666666,0.6432196668959295,0.9505321
GAL3ST4,3,2,0.6666666666666666,0.6818502066666666,0.78543305
GALNTL6,3,2,0.6666666666666666,0.6318236284666666,0.9023316
GALT,3,2,0.6666666666666666,0.62950346108,0.90747106
GATA4,3,2,0.6666666666666666,0.8373020966666666,0.9913713
GCC2,3,2,0.6666666666666666,0.6089877307333333,0.84551114
GCSAM,3,2,0.6666666666666666,0.6449142648814533,0.953709
GDAP2,3,2,0.6666666666666666,0.7929047100000001,0.9359712
GJA10,3,2,0.6666666666666666,0.7955483033333334,0.95873487
GJB4,3,2,0.6666666666666666,0.7930547633333335,0.984082
GJB5,3,2,0.6666666666666666,0.9069223666666666,0.98417956
GLT6D1,3,2,0.6666666666666666,0.7932175999999999,0.8329681
GOLGA6B,3,2,0.6666666666666666,0.6648653016666667,0.9842135
GPBP1,3,2,0.6666666666666666,0.6420599186666667,0.9303051
GPC4,3,2,0.6666666666666666,0.62846862538,0.8939042
GPNMB,3,2,0.6666666666666666,0.7425817466666667,0.92812705
GPR107,3,2,0.6666666666666666,0.6501407121025767,0.9610789
GPR182,3,2,0.6666666666666666,0.81813189,0.9913628
GPR34,3,2,0.6666666666666666,0.6261197817081396,0.89595354
GPR52,3,2,0.6666666666666666,0.6078484681999999,0.9115808
GPSM2,3,2,0.6666666666666666,0.7581099366666666,0.96009564
GRAMD2A,3,2,0.6666666666666666,0.8567357033333334,0.84572405
GRB7,3,2,0.6666666666666666,0.8978697666666666,0.9860125
GRK1,3,2,0.6666666666666666,0.6433270265802643,0.9384761
GRM5,3,2,0.6666666666666666,0.6764935786666667,0.97139764
GRWD1,3,2,0.6666666666666666,0.6592673345197001,0.986668
GTF3C3,3,2,0.6666666666666666,0.6610778248666667,0.98852354
H2AC4,3,2,0.6666666666666666,0.7502335433333333,0.98657703
H3-5,3,2,0.6666666666666666,0.6919914566666666,0.97871006
HAUS7,3,2,0.6666666666666666,0.7474587033333333,0.8745318
HCCS,3,2,0.6666666666666666,0.6183311613533333,0.9218972
HDAC6,3,2,0.6666666666666666,0.61901089337388,0.8966748
HDLBP,3,2,0.6666666666666666,0.60411500002954,0.8209236
HEATR6,3,2,0.6666666666666666,0.77816035,0.98863727
HEATR9,3,2,0.6666666666666666,0.7710717733333333,0.99130744
HELT,3,2,0.6666666666666666,0.7622022633333333,0.9814176
HEXA,3,2,0.6666666666666666,0.6609750562433333,0.99132675
HEXD,3,2,0.6666666666666666,0.6416143490864249,0.93379974
HEYL,3,2,0.6666666666666666,0.6609663000082807,0.99143434
HGFAC,3,2,0.6666666666666666,0.62536468506198,0.92258805
HID1,3,2,0.6666666666666666,0.7319323999999999,0.97859085
HIPK3,3,2,0.6666666666666666,0.8941473633333333,0.9693391
HJV,3,2,0.6666666666666666,0.6354886451666667,0.9062225
HK1,3,2,0.6666666666666666,0.69923268,0.9912458
HNRNPR,3,2,0.6666666666666666,0.66734138,0.89049774
HNRNPUL1,3,2,0.6666666666666666,0.8572983266666666,0.99128085
HOOK2,3,2,0.6666666666666666,0.8582405,0.9497404
HOXB3,3,2,0.6666666666666666,0.7209011799999999,0.9909513
HOXC9,3,2,0.6666666666666666,0.6245736715489639,0.8825541
HPCAL4,3,2,0.6666666666666666,0.7795643999999999,0.877132
HPGD,3,2,0.6666666666666666,0.6854707800000001,0.93841374
HPR,3,2,0.6666666666666666,0.7825419933333334,0.9887736
HPX,3,2,0.6666666666666666,0.6509250968474799,0.96337557
HSD3B1,3,2,0.6666666666666666,0.8825308533333334,0.9627599
HSPA1L,3,2,0.6666666666666666,0.74312838,0.98785526
IARS2,3,2,0.6666666666666666,0.8108207933333333,0.9904051
ICA1L,3,2,0.6666666666666666,0.6579520973333334,0.9701545
ICAM5,3,2,0.6666666666666666,0.6609711200802949,0.99144346
ICE2,3,2,0.6666666666666666,0.5978807334797667,0.8245098
IFI44L,3,2,0.6666666666666666,0.7458021733333333,0.97275484
IFIT3,3,2,0.6666666666666666,0.7859659133333333,0.9467202
IFT46,3,2,0.6666666666666666,0.6094340407166667,0.836539
IGBP1P2,3,2,0.6666666666666666,0.6617253666666666,0.83729154
IGFBP7,3,2,0.6666666666666666,0.7016833566666666,0.9776599
IGHG4,3,2,0.6666666666666666,0.8384707800000001,0.793523
IGHV3-64,3,2,0.6666666666666666,0.67027381,0.83294994
IGKV1D-42,3,2,0.6666666666666666,0.7934321066666666,0.87299407
IGSF21,3,2,0.6666666666666666,0.660872472955,0.991273
IL2RB,3,2,0.6666666666666666,0.6774185933333333,0.844756
IMMT,3,2,0.6666666666666666,0.6064698230866666,0.82785946
ING2,3,2,0.6666666666666666,0.6422721801666667,0.93457067
INIP,3,2,0.6666666666666666,0.8633872133333332,0.98521924
INO80,3,2,0.6666666666666666,0.8537423866666667,0.9620612
INTS11,3,2,0.6666666666666666,0.6405840255103333,0.9302873
IQCB1,3,2,0.6666666666666666,0.7052050066666666,0.9873352
IQCG,3,2,0.6666666666666666,0.8868021233333333,0.9305835
IRF9,3,2,0.6666666666666666,0.7877147533333333,0.9350295
ISM2,3,2,0.6666666666666666,0.6492945433338569,0.97318333
ITGA7,3,2,0.6666666666666666,0.6420622639533333,0.93461895
ITK,3,2,0.6666666666666666,0.6955419366666667,0.98858726
JADE2,3,2,0.6666666666666666,0.8197082766666667,0.83498263
JAK1,3,2,0.6666666666666666,0.7171986733333333,0.9028584
JAK3,3,2,0.6666666666666666,0.68303505,0.854334
JUN,3,2,0.6666666666666666,0.6936862333333332,0.96835
KANK2,3,2,0.6666666666666666,0.706819,0.8860745
KATNA1,3,2,0.6666666666666666,0.6730476799999999,0.96257764
KAZN,3,2,0.6666666666666666,0.6609945333350834,0.9914689
KCND3,3,2,0.6666666666666666,0.8139694966666666,0.9431162
KCNMB1,3,2,0.6666666666666666,0.6571281362666667,0.9778106
KERA,3,2,0.6666666666666666,0.8903478833333334,0.9914547
KIF7,3,2,0.6666666666666666,0.6162308750334333,0.87245756
KIFAP3,3,2,0.6666666666666666,0.8085737900000001,0.8424154
KLF1,3,2,0.6666666666666666,0.6595536717336467,0.98753846
KLF12,3,2,0.6666666666666666,0.6421179850000001,0.9424168
KLHL12,3,2,0.6666666666666666,0.7114013133333333,0.8738052
KLHL5,3,2,0.6666666666666666,0.8493633333333334,0.9910341
KLK9,3,2,0.6666666666666666,0.7238058966666667,0.90252274
KLRC1,3,2,0.6666666666666666,0.6603852,0.9860248
KLRC3,3,2,0.6666666666666666,0.6951647666666667,0.8423498
KLRK1,3,2,0.6666666666666666,0.644038811314,0.9602937
KRT10,3,2,0.6666666666666666,0.78393522,0.9874615
KRT40,3,2,0.6666666666666666,0.7056732599999999,0.87875783
KRTAP20-2,3,2,0.6666666666666666,0.7939971199999999,0.8543775
KRTAP24-1,3,2,0.6666666666666666,0.6503112638666666,0.9602272
KTN1,3,2,0.6666666666666666,0.7922391699999999,0.91989386
KYNU,3,2,0.6666666666666666,0.7156707133333334,0.80784017
LAMP5,3,2,0.6666666666666666,0.8204762733333334,0.96298903
LARGE1,3,2,0.6666666666666666,0.5824653666675103,0.7799174
LCE1F,3,2,0.6666666666666666,0.7764407499999999,0.97664213
LCMT1,3,2,0.6666666666666666,0.6853829766666667,0.94142324
LDHD,3,2,0.6666666666666666,0.6915320516666666,0.9752049
LETMD1,3,2,0.6666666666666666,0.7620355999999999,0.9900035
LHFPL2,3,2,0.6666666666666666,0.7135225966666666,0.93730813
LHX8,3,2,0.6666666666666666,0.82031053,0.86321753
LHX9,3,2,0.6666666666666666,0.78550207,0.75930935
LIN9,3,2,0.6666666666666666,0.663895054,0.99064004
LLGL1,3,2,0.6666666666666666,0.75865077,0.92264354
LMAN2L,3,2,0.6666666666666666,0.625768932,0.8476801
LMBR1,3,2,0.6666666666666666,0.6550269840333333,0.9727596
LMNTD1,3,2,0.6666666666666666,0.6578467700857867,0.9821232
LMOD3,3,2,0.6666666666666666,0.7783140999999999,0.9735444
LPAL2,3,2,0.6666666666666666,0.90062553,0.97547126
LRIT1,3,2,0.6666666666666666,0.8717436433333333,0.99131143
LRIT3,3,2,0.6666666666666666,0.6515097918553333,0.9664765
LRRC37B,3,2,0.6666666666666666,0.7783587666666666,0.9913258
LRRC8D,3,2,0.6666666666666666,0.66099340657,0.99130815
LRRCC1,3,2,0.6666666666666666,0.5957747423333334,0.784999
LRRN4,3,2,0.6666666666666666,0.7927422000000001,0.9865044
LRTM2,3,2,0.6666666666666666,0.6031339796333334,0.8291279
MAB21L2,3,2,0.6666666666666666,0.6519105607500001,0.9652268
MAB21L4,3,2,0.6666666666666666,0.7817683133333334,0.97592634
MAGEB10,3,2,0.6666666666666666,0.6595737800013252,0.9873388
MAGEB3,3,2,0.6666666666666666,0.6054283078353667,0.82611126
MAGEF1,3,2,0.6666666666666666,0.7258749333333334,0.9405519
MAMDC4,3,2,0.6666666666666666,0.7848926133333333,0.90158904
MAN1A2,3,2,0.6666666666666666,0.6702488126666667,0.9912862
MAN1B1,3,2,0.6666666666666666,0.6605548935400767,0.9903639
MAN2C1,3,2,0.6666666666666666,0.8275744500000001,0.8372608
MAP3K10,3,2,0.6666666666666666,0.5973937738517617,0.80087215
MAP7D3,3,2,0.6666666666666666,0.6520579666672448,0.96475095
MAPT,3,2,0.6666666666666666,0.8027857666666667,0.8857072
MARVELD2,3,2,0.6666666666666666,0.6813385833333333,0.95819324
MAT1A,3,2,0.6666666666666666,0.6596496053788466,0.9876329
MAT2A,3,2,0.6666666666666666,0.7186908066666667,0.8999788
MATR3,3,2,0.6666666666666666,0.6055312148875,0.8410359
MAX,3,2,0.6666666666666666,0.6389774333338455,0.9256201
MBOAT1,3,2,0.6666666666666666,0.6292036397666666,0.9164774
MCF2L,3,2,0.6666666666666666,0.5649621376666666,0.8181864
MCHR1,3,2,0.6666666666666666,0.6930634633333334,0.99105585
MCM5,3,2,0.6666666666666666,0.6583176336266999,0.9846578
MCOLN2,3,2,0.6666666666666666,0.7522622666666666,0.8864088
MCTS1,3,2,0.6666666666666666,0.6508082710433333,0.9738394
MDGA1,3,2,0.6666666666666666,0.65370088108491,0.979517
MEAK7,3,2,0.6666666666666666,0.70691782,0.9759376
METTL16,3,2,0.6666666666666666,0.7892295133333334,0.99097884
MEX3B,3,2,0.6666666666666666,0.8077781133333333,0.81435627
MFSD5,3,2,0.6666666666666666,0.7250730533333334,0.9258231
MFSD6,3,2,0.6666666666666666,0.6898307466666665,0.95314044
MIPEP,3,2,0.6666666666666666,0.7964516466666667,0.8505544
MLPH,3,2,0.6666666666666666,0.62639339573134,0.9390272
MMP7,3,2,0.6666666666666666,0.76723956,0.9712496
MOB1B,3,2,0.6666666666666666,0.8557929533333333,0.9777344
MPHOSPH8,3,2,0.6666666666666666,0.78089064,0.9832306
MR1,3,2,0.6666666666666666,0.7976026933333333,0.98666465
MRO,3,2,0.6666666666666666,0.9037126466666666,0.9781603
MRPL30,3,2,0.6666666666666666,0.6542425668307329,0.9797948
MRPS35,3,2,0.6666666666666666,0.6225864633333333,0.8284181
MRPS5,3,2,0.6666666666666666,0.85791622,0.9316472
MRPS9,3,2,0.6666666666666666,0.6247041943333334,0.92872846
MS4A12,3,2,0.6666666666666666,0.8822419433333334,0.97767866
MSX1,3,2,0.6666666666666666,0.6407389672333333,0.93231046
MTA3,3,2,0.6666666666666666,0.5989475653832667,0.81108284
MTDH,3,2,0.6666666666666666,0.633454704999308,0.9115164
MTMR8,3,2,0.6666666666666666,0.6609704714966668,0.9913009
MTR,3,2,0.6666666666666666,0.6633401193333334,0.9905595
MTUS1,3,2,0.6666666666666666,0.8784358766666666,0.9877752
MYBPC2,3,2,0.6666666666666666,0.6211796292628,0.87202847
MYLK2,3,2,0.6666666666666666,0.6530770966666667,0.96190226
MYO1C,3,2,0.6666666666666666,0.656567766,0.97410303
MYSM1,3,2,0.6666666666666666,0.6609933099266666,0.9913982
MYT1,3,2,0.6666666666666666,0.6734378966666666,0.9274248
NAT16,3,2,0.6666666666666666,0.6612201209333334,0.9910745
NCAPG,3,2,0.6666666666666666,0.6527279525333333,0.96665967
NCAPH2,3,2,0.6666666666666666,0.6552365200024203,0.97521156
NCEH1,3,2,0.6666666666666666,0.7454751333333333,0.8197785
NCF1,3,2,0.6666666666666666,0.8468556,0.9748047
NCKAP1,3,2,0.6666666666666666,0.78761539,0.8244135
NDUFA3,3,2,0.6666666666666666,0.8935490333333332,0.9860306
NECAB2,3,2,0.6666666666666666,0.6313720750999999,0.90004283
NEIL3,3,2,0.6666666666666666,0.6305730103833334,0.9020132
NEO1,3,2,0.6666666666666666,0.70753625,0.93845665
NEPRO,3,2,0.6666666666666666,0.7855494666666667,0.809822
NFIL3,3,2,0.6666666666666666,0.7991098500000001,0.9878814
NFIX,3,2,0.6666666666666666,0.6274348836838962,0.8909636
NFRKB,3,2,0.6666666666666666,0.62072676,0.7723881
NGLY1,3,2,0.6666666666666666,0.7911635,0.8411526
NID2,3,2,0.6666666666666666,0.6344358120233333,0.9491944
NIPAL2,3,2,0.6666666666666666,0.78156784,0.83432317
NKAIN2,3,2,0.6666666666666666,0.7707135433333333,0.8809443
NKD2,3,2,0.6666666666666666,0.654625747721925,0.97316223
NLGN2,3,2,0.6666666666666666,0.6567862001122333,0.97898567
NOD2,3,2,0.6666666666666666,0.6365895687480433,0.9183366
NOP56,3,2,0.6666666666666666,0.6774641066666667,0.9026509
NPDC1,3,2,0.6666666666666666,0.6246676132354333,0.88271284
NPHP3,3,2,0.6666666666666666,0.8271204233333332,0.98601866
NPHS2,3,2,0.6666666666666666,0.6604151171589686,0.99038225
NR2F2,3,2,0.6666666666666666,0.9004954399999999,0.989472
NRF1,3,2,0.6666666666666666,0.81914803,0.9885916
NRROS,3,2,0.6666666666666666,0.8052145133333334,0.9509156
NSRP1,3,2,0.6666666666666666,0.7132195233333333,0.9755789
NUP54,3,2,0.6666666666666666,0.6575148971785513,0.9810348
NUP88,3,2,0.6666666666666666,0.6609202666671715,0.9913463
NYAP1,3,2,0.6666666666666666,0.6607985019086121,0.9910815
OBSL1,3,2,0.6666666666666666,0.6167819311333333,0.86621815
OLFML1,3,2,0.6666666666666666,0.6945941866666666,0.7879796
OR10H3,3,2,0.6666666666666666,0.70780311,0.9506182
OR10H4,3,2,0.6666666666666666,0.6854869466666665,0.9116118
OR10J3,3,2,0.6666666666666666,0.6959119266666667,0.7713958
OR10Z1,3,2,0.6666666666666666,0.8671181566666667,0.86062294
OR12D2,3,2,0.6666666666666666,0.7963128333333334,0.9874308
OR2AT4,3,2,0.6666666666666666,0.7639578233333334,0.9906561
OR2D3,3,2,0.6666666666666666,0.6435284533333333,0.8926636
OR2F1,3,2,0.6666666666666666,0.9016878433333333,0.9903351
OR2T34,3,2,0.6666666666666666,0.7663737766666667,0.9454129
OR4A5,3,2,0.6666666666666666,0.6608010885066666,0.9906192
OR4K2,3,2,0.6666666666666666,0.8687582699999999,0.99132675
OR4N5,3,2,0.6666666666666666,0.7832542166666667,0.9437371
OR4S2,3,2,0.6666666666666666,0.6793225746666667,0.97642106
OR52K1,3,2,0.6666666666666666,0.6596518228,0.9850064
OR52L1,3,2,0.6666666666666666,0.85389725,0.9881048
OR5C1,3,2,0.6666666666666666,0.6445753671570634,0.9429142
OR6C4,3,2,0.6666666666666666,0.7650034266666667,0.8622357
OR6C6,3,2,0.6666666666666666,0.71083433,0.99121827
OR6C70,3,2,0.6666666666666666,0.8110976666666666,0.9699384
OR6N1,3,2,0.6666666666666666,0.7833406133333334,0.8646899
OR6N2,3,2,0.6666666666666666,0.7125091466666666,0.966166
OR6Y1,3,2,0.6666666666666666,0.66010928,0.9835872
OR8D4,3,2,0.6666666666666666,0.6770153433333332,0.8856198
OR8G5,3,2,0.6666666666666666,0.6649364320000001,0.9901107
OSCP1,3,2,0.6666666666666666,0.7192692666666667,0.9285275
OSTM1,3,2,0.6666666666666666,0.6240117036620457,0.9201405
OTC,3,2,0.6666666666666666,0.65623499115621,0.981532
OTOP2,3,2,0.6666666666666666,0.6602978338066666,0.99010885
OTOP3,3,2,0.6666666666666666,0.6330089600000001,0.86339074
OVOL1,3,2,0.6666666666666666,0.7944137166666666,0.86727345
P2RX4,3,2,0.6666666666666666,0.7316722633333334,0.98853123
P3H3,3,2,0.6666666666666666,0.6536172266666668,0.8817464
PADI4,3,2,0.6666666666666666,0.7661341233333333,0.9578302
PADI6,3,2,0.6666666666666666,0.7604612133333334,0.80893177
PAH,3,2,0.6666666666666666,0.6833755866666666,0.8833114
PARPBP,3,2,0.6666666666666666,0.7921432333333334,0.8988906
PARS2,3,2,0.6666666666666666,0.5872586156666667,0.7651061
PAX5,3,2,0.6666666666666666,0.6343112717303333,0.9115468
PCDH10,3,2,0.6666666666666666,0.6471534166666667,0.9164342
PCDHGA12,3,2,0.6666666666666666,0.5799327863333333,0.83445096
PCDHGC3,3,2,0.6666666666666666,0.636272047421,0.9213996
PCED1A,3,2,0.6666666666666666,0.70376435,0.9913912
PCK2,3,2,0.6666666666666666,0.7314885200000001,0.9589716
PDE8A,3,2,0.6666666666666666,0.8230813,0.8351018
PDGFC,3,2,0.6666666666666666,0.78411665,0.9425068
PDP2,3,2,0.6666666666666666,0.7778653866666666,0.9365943
PDZD7,3,2,0.6666666666666666,0.6773135566666667,0.8540859
PEX19,3,2,0.6666666666666666,0.7816535266666667,0.96637315
PEX2,3,2,0.6666666666666666,0.7610317133333333,0.9771811
PEX3,3,2,0.6666666666666666,0.64309553,0.94343096
PFAS,3,2,0.6666666666666666,0.74771162,0.98603016
PFKFB1,3,2,0.6666666666666666,0.6265048852066667,0.9199188
PGAP1,3,2,0.6666666666666666,0.6515662685566667,0.9734282
PHF12,3,2,0.6666666666666666,0.6542707333333334,0.82338697
PHF21B,3,2,0.6666666666666666,0.81378078,0.9346603
PHF7,3,2,0.6666666666666666,0.6994039066666667,0.97652984
PHOX2B,3,2,0.6666666666666666,0.8034407733333332,0.93795365
PHYH,3,2,0.6666666666666666,0.6530993733333333,0.8528729
PI4KB,3,2,0.6666666666666666,0.6767569866666667,0.8188879
PICALM,3,2,0.6666666666666666,0.6421391063333334,0.9406701
PIGT,3,2,0.6666666666666666,0.8121408866666666,0.9568035
PIP4K2B,3,2,0.6666666666666666,0.6284171769151421,0.90730596
PIPOX,3,2,0.6666666666666666,0.8809491633333334,0.9673372
PITPNA,3,2,0.6666666666666666,0.6608902693746667,0.99126655
PITPNB,3,2,0.6666666666666666,0.8524251700000001,0.97393835
PITPNC1,3,2,0.6666666666666666,0.6295676661333333,0.89671344
PKN3,3,2,0.6666666666666666,0.6556103035428181,0.97545165
PLA2G2F,3,2,0.6666666666666666,0.6351985072666667,0.94847697
PLA2G7,3,2,0.6666666666666666,0.58678517356,0.7792719
PLAA,3,2,0.6666666666666666,0.6579331476024,0.9831524
PLD4,3,2,0.6666666666666666,0.6041599285722133,0.82096887
PLK1,3,2,0.6666666666666666,0.5593495521669333,0.78733283
PLVAP,3,2,0.6666666666666666,0.7383931966666667,0.98593265
PLXNB2,3,2,0.6666666666666666,0.89807982,0.9779081
PMS1,3,2,0.6666666666666666,0.6070497687633333,0.8370562
PMS2,3,2,0.6666666666666666,0.77641904,0.8971777
PNLIP,3,2,0.6666666666666666,0.8361223666666667,0.978327
POFUT2,3,2,0.6666666666666666,0.6436103928333333,0.962514
POGLUT1,3,2,0.6666666666666666,0.6937052,0.9906447
POLA2,3,2,0.6666666666666666,0.8439722333333334,0.9830899
POLG,3,2,0.6666666666666666,0.6379196165806177,0.95254654
POLM,3,2,0.6666666666666666,0.6535692920666667,0.9687575
POLR1C,3,2,0.6666666666666666,0.7779192699999999,0.89039415
POLR3D,3,2,0.6666666666666666,0.7132184966666667,0.991106
POLR3G,3,2,0.6666666666666666,0.8182575033333334,0.9734346
POM121C,3,2,0.6666666666666666,0.7341988766666666,0.9768098
POMT1,3,2,0.6666666666666666,0.646253296753,0.9482982
PPA2,3,2,0.6666666666666666,0.7204803333333333,0.850636
PPBP,3,2,0.6666666666666666,0.6553555643133334,0.97461367
PPM1E,3,2,0.6666666666666666,0.7077185033333334,0.9753278
PPM1F,3,2,0.6666666666666666,0.6955442233333334,0.91771007
PPME1,3,2,0.6666666666666666,0.6564256533333334,0.8540634
PPP1R10,3,2,0.6666666666666666,0.8777946866666667,0.9869517
PPP1R12A,3,2,0.6666666666666666,0.6040092573389054,0.90047926
PPP4R2,3,2,0.6666666666666666,0.85595562,0.9490289
PPP4R3B,3,2,0.6666666666666666,0.6242163775333333,0.931696
PRAME,3,2,0.6666666666666666,0.6201468800007842,0.86897594
PRAMEF4,3,2,0.6666666666666666,0.6608775146461232,0.9912956
PRDM11,3,2,0.6666666666666666,0.62799403,0.79380566
PRKAG1,3,2,0.6666666666666666,0.87828432,0.98948306
PRKAG2,3,2,0.6666666666666666,0.7249530866666666,0.95628333
PRKCH,3,2,0.6666666666666666,0.6376620546099999,0.9315427
PRL,3,2,0.6666666666666666,0.7630966866666666,0.97277045
PRMT9,3,2,0.6666666666666666,0.8566051133333333,0.961654
PRPF19,3,2,0.6666666666666666,0.7547826666666667,0.8966923
PRPF38B,3,2,0.6666666666666666,0.7499024066666666,0.9778535
PRRC2C,3,2,0.6666666666666666,0.6232161675724334,0.8965946
PRSS48,3,2,0.6666666666666666,0.7614480633333333,0.93804395
PSMD3,3,2,0.6666666666666666,0.7668504533333333,0.97776
PSMG1,3,2,0.6666666666666666,0.6606961791113347,0.99072194
PTPN20,3,2,0.6666666666666666,0.5837847041356666,0.78428215
PTPRE,3,2,0.6666666666666666,0.5990218760946667,0.80561846
PUS3,3,2,0.6666666666666666,0.8082517066666667,0.9862256
PWWP3A,3,2,0.6666666666666666,0.71277839,0.989493
PYGB,3,2,0.6666666666666666,0.7077840433333332,0.9784526
QPCT,3,2,0.6666666666666666,0.659238778135,0.9874977
R3HDML,3,2,0.6666666666666666,0.7518981066666667,0.860509
RAD21,3,2,0.6666666666666666,0.71151745,0.7629161
RADIL,3,2,0.6666666666666666,0.6601742266666667,0.9617636
RAI14,3,2,0.6666666666666666,0.7344184966666667,0.98520815
RALGDS,3,2,0.6666666666666666,0.8981451100000001,0.9795786
RASSF5,3,2,0.6666666666666666,0.6609371910978252,0.9913975
RBFA,3,2,0.6666666666666666,0.6219041183333333,0.8878321
RBM6,3,2,0.6666666666666666,0.5946673641666667,0.82831854
RDH16,3,2,0.6666666666666666,0.79456521,0.9892502
REC8,3,2,0.6666666666666666,0.6532216000001527,0.9746635
RECQL,3,2,0.6666666666666666,0.6750739253333333,0.9546407
RFC4,3,2,0.6666666666666666,0.6314750147866667,0.9114982
RFTN1,3,2,0.6666666666666666,0.6611100891433334,0.99138254
RGL1,3,2,0.6666666666666666,0.6385582233333333,0.9066186
RGS7,3,2,0.6666666666666666,0.76052218,0.87120914
RHBDL1,3,2,0.6666666666666666,0.53306541419465,0.7877973
RHNO1,3,2,0.6666666666666666,0.8086941633333332,0.89127064
RHOQ,3,2,0.6666666666666666,0.7556017933333333,0.871955
RNF168,3,2,0.6666666666666666,0.6297116447733333,0.9115584
RNF19A,3,2,0.6666666666666666,0.80248851,0.95983636
RNF216,3,2,0.6666666666666666,0.6606325408,0.9900192
RNF40,3,2,0.6666666666666666,0.6943562833333333,0.9902497
RNF5,3,2,0.6666666666666666,0.6319396003000001,0.93040484
RPA4,3,2,0.6666666666666666,0.9035590066666667,0.97686327
RPRD1B,3,2,0.6666666666666666,0.6503660706666666,0.95855
RRAS2,3,2,0.6666666666666666,0.6874301433333333,0.9063482
RSPH4A,3,2,0.6666666666666666,0.6387562759533333,0.92890483
RTCA,3,2,0.6666666666666666,0.8684489666666666,0.9517517
RUBCNL,3,2,0.6666666666666666,0.6421298957979213,0.9546028
S100A7A,3,2,0.6666666666666666,0.73459808,0.9889326
SAFB,3,2,0.6666666666666666,0.6497571600000001,0.9410441
SAFB2,3,2,0.6666666666666666,0.6374751672,0.9215443
SAG,3,2,0.6666666666666666,0.6503371101098924,0.97413343
SALL2,3,2,0.6666666666666666,0.6533603070999999,0.969662
SAMD3,3,2,0.6666666666666666,0.73763734,0.97208554
SAMD4A,3,2,0.6666666666666666,0.9010428933333333,0.96737623
SCAF8,3,2,0.6666666666666666,0.6500687031676666,0.9734858
SEC14L4,3,2,0.6666666666666666,0.661968113,0.98660463
SEPSECS,3,2,0.6666666666666666,0.80784296,0.97168714
SERPINB6,3,2,0.6666666666666666,0.6582404298333333,0.98159456
SEZ6L2,3,2,0.6666666666666666,0.6924421333333334,0.9646771
SGCA,3,2,0.6666666666666666,0.6049689060424867,0.89209867
SGCD,3,2,0.6666666666666666,0.8063016566666666,0.86959416
SH2D3C,3,2,0.6666666666666666,0.7621265733333334,0.96393657
SH3GL3,3,2,0.6666666666666666,0.8806082866666666,0.9833725
SH3PXD2A,3,2,0.6666666666666666,0.7557817833333335,0.95504487
SH3RF1,3,2,0.6666666666666666,0.6205270066666667,0.7607622
SHPK,3,2,0.6666666666666666,0.6600850800251422,0.98878634
SIGLEC10,3,2,0.6666666666666666,0.85918051,0.99132216
SIPA1,3,2,0.6666666666666666,0.7155688433333335,0.9429444
SKIL,3,2,0.6666666666666666,0.63087919718,0.9012133
SLA,3,2,0.6666666666666666,0.75509327,0.99133635
SLAMF7,3,2,0.6666666666666666,0.587746793,0.7673576
SLC17A9,3,2,0.6666666666666666,0.83536781,0.9546737
SLC22A10,3,2,0.6666666666666666,0.6971451266666667,0.9641145
SLC22A4,3,2,0.6666666666666666,0.6559393356,0.97468805
SLC25A23,3,2,0.6666666666666666,0.68659743,0.97680557
SLC29A4,3,2,0.6666666666666666,0.6596906413293333,0.9875651
SLC2A9,3,2,0.6666666666666666,0.75693982,0.98528534
SLC30A8,3,2,0.6666666666666666,0.6523683166666666,0.79810363
SLC38A1,3,2,0.6666666666666666,0.8691798199999999,0.9832086
SLC38A11,3,2,0.6666666666666666,0.7450389266666667,0.98058873
SLC38A3,3,2,0.6666666666666666,0.6456351438455666,0.9611723
SLC38A5,3,2,0.6666666666666666,0.8781969033333333,0.97479814
SLC45A1,3,2,0.6666666666666666,0.68378707,0.9895056
SLC6A12,3,2,0.6666666666666666,0.655766011482,0.97576636
SLC7A8,3,2,0.6666666666666666,0.6663507016666667,0.9683535
SLC9B1,3,2,0.6666666666666666,0.8300375433333333,0.77427703
SMARCA5,3,2,0.6666666666666666,0.8387498433333334,0.978966
SMARCC1,3,2,0.6666666666666666,0.6386594597298333,0.9244935
SMARCC2,3,2,0.6666666666666666,0.8784719633333333,0.95553875
SMOC1,3,2,0.6666666666666666,0.7505468233333333,0.97858995
SMR3A,3,2,0.6666666666666666,0.665049244,0.98991054
SMYD2,3,2,0.6666666666666666,0.69764128,0.8826518
SNRK,3,2,0.6666666666666666,0.8001432633333333,0.7964533
SNX29,3,2,0.6666666666666666,0.6598133951684334,0.98803353
SOWAHB,3,2,0.6666666666666666,0.7898038333333334,0.9632143
SOX6,3,2,0.6666666666666666,0.660938713742026,0.99137574
SPAG1,3,2,0.6666666666666666,0.8299480566666667,0.9912981
SPANXB1,3,2,0.6666666666666666,0.8666939466666665,0.96534824
SPATS2L,3,2,0.6666666666666666,0.67638775,0.96621656
SPINT2,3,2,0.6666666666666666,0.6603977077,0.9895244
SRP72,3,2,0.6666666666666666,0.6309383066666666,0.849621
SSH1,3,2,0.6666666666666666,0.7434721400000001,0.9605547
SSTR3,3,2,0.6666666666666666,0.6813669786666666,0.99126136
SSX1,3,2,0.6666666666666666,0.5907755300002001,0.86286795
SSX6P,3,2,0.6666666666666666,0.654731333360198,0.97277033
ST3GAL1,3,2,0.6666666666666666,0.6992900933333334,0.9803638
STAM2,3,2,0.6666666666666666,0.6612110878666667,0.98949695
STAU1,3,2,0.6666666666666666,0.7073872566666667,0.8864273
STK40,3,2,0.6666666666666666,0.7437858,0.9901663
STON1,3,2,0.6666666666666666,0.6128579888,0.8610426
STON1-GTF2A1L,3,2,0.6666666666666666,0.8731977566666668,0.9692908
STS,3,2,0.6666666666666666,0.579264314085,0.8067222
STX2,3,2,0.6666666666666666,0.8348778033333334,0.83809227
STX3,3,2,0.6666666666666666,0.8660298700000001,0.9908965
SUCLA2,3,2,0.6666666666666666,0.74281949,0.9864494
SULT1C3,3,2,0.6666666666666666,0.8522422833333333,0.9429259
SULT2B1,3,2,0.6666666666666666,0.6522129343873169,0.9658759
SUPT16H,3,2,0.6666666666666666,0.68834871,0.83284366
SURF4,3,2,0.6666666666666666,0.89560358,0.9703968
SWT1,3,2,0.6666666666666666,0.79225325,0.90271235
SYNGR4,3,2,0.6666666666666666,0.7497687866666666,0.99141556
SYT10,3,2,0.6666666666666666,0.7046638866666667,0.9913624
SYT11,3,2,0.6666666666666666,0.7572865766666667,0.9750371
TADA2A,3,2,0.6666666666666666,0.6864716133333334,0.9782
TAGLN2,3,2,0.6666666666666666,0.72870778,0.98426706
TAL1,3,2,0.6666666666666666,0.6748450366666666,0.9837204
TAP1,3,2,0.6666666666666666,0.5960126671083333,0.84355605
TAS2R60,3,2,0.6666666666666666,0.6788743300000001,0.98789006
TBC1D3F,3,2,0.6666666666666666,0.8235807966666666,0.98920804
TBL3,3,2,0.6666666666666666,0.7259909633333334,0.86730415
TBXA2R,3,2,0.6666666666666666,0.7986122833333335,0.9767419
TDRD10,3,2,0.6666666666666666,0.66528198,0.88479596
TECR,3,2,0.6666666666666666,0.6345768686666667,0.8544736
TEKT1,3,2,0.6666666666666666,0.7017742266666667,0.97131574
TENT4A,3,2,0.6666666666666666,0.8398988800000001,0.99139094
TESPA1,3,2,0.6666666666666666,0.6168783433333332,0.79588026
TFCP2,3,2,0.6666666666666666,0.8687996533333333,0.9437633
TGM6,3,2,0.6666666666666666,0.6258032952333333,0.8826502
TGM7,3,2,0.6666666666666666,0.6270682542402167,0.8939512
THEM5,3,2,0.6666666666666666,0.6617572013333334,0.8854308
TICAM1,3,2,0.6666666666666666,0.7646216133333333,0.98541313
TIMELESS,3,2,0.6666666666666666,0.69749821,0.9767045
TM4SF5,3,2,0.6666666666666666,0.7503117066666666,0.98975956
TMBIM6,3,2,0.6666666666666666,0.6635524030000001,0.9913031
TMEFF2,3,2,0.6666666666666666,0.6599726889550493,0.9886413
TMEM102,3,2,0.6666666666666666,0.66859219,0.8654341
TMEM150A,3,2,0.6666666666666666,0.6576854922853933,0.9860286
TMEM156,3,2,0.6666666666666666,0.6064098824422667,0.85687846
TMEM245,3,2,0.6666666666666666,0.5874245451,0.81792367
TMEM63A,3,2,0.6666666666666666,0.6561888349776667,0.981415
TMEM63B,3,2,0.6666666666666666,0.6066772433333333,0.77535367
TMOD3,3,2,0.6666666666666666,0.6555738433333334,0.79446083
TMPO,3,2,0.6666666666666666,0.8023738466666668,0.98649746
TNFRSF21,3,2,0.6666666666666666,0.6070992050666667,0.8305744
TNKS,3,2,0.6666666666666666,0.8197449966666667,0.97435534
TNNI1,3,2,0.6666666666666666,0.6550917433381792,0.9779684
TNNI3K,3,2,0.6666666666666666,0.7230587700000001,0.98947716
TOPORS,3,2,0.6666666666666666,0.7168202933333334,0.9904393
TOR3A,3,2,0.6666666666666666,0.6543697296400001,0.9728035
TPM1,3,2,0.6666666666666666,0.7763871733333333,0.86818945
TPP1,3,2,0.6666666666666666,0.7065499866666666,0.9896735
TRAF3IP2,3,2,0.6666666666666666,0.636192276,0.8976493
TRAF3IP3,3,2,0.6666666666666666,0.7208932333333333,0.986741
TRAM1,3,2,0.6666666666666666,0.6053427527046333,0.8309006
TRAP1,3,2,0.6666666666666666,0.6935160633333334,0.9398874
TRAPPC5,3,2,0.6666666666666666,0.5673214603253807,0.8352956
TRAV20,3,2,0.6666666666666666,0.7992123366666667,0.8630836
TRBV20-1,3,2,0.6666666666666666,0.71119115,0.9518843
TRDN,3,2,0.6666666666666666,0.6402676000000157,0.9292976
TRIM4,3,2,0.6666666666666666,0.6574550249714334,0.9809018
TRIM50,3,2,0.6666666666666666,0.6589542001169777,0.9873355
TRIM59,3,2,0.6666666666666666,0.8162925433333333,0.9765231
TRMT44,3,2,0.6666666666666666,0.6185118922333334,0.9186001
TRPV3,3,2,0.6666666666666666,0.7203261266666666,0.97790456
TSBP1,3,2,0.6666666666666666,0.6767144866666667,0.975583
TSC2,3,2,0.6666666666666666,0.6056744122857683,0.8731693
TSPAN14,3,2,0.6666666666666666,0.6609880349718333,0.99147934
TSPAN16,3,2,0.6666666666666666,0.7932790666666666,0.816042
TTBK2,3,2,0.6666666666666666,0.8202477766666667,0.9330842
TTC31,3,2,0.6666666666666666,0.6540458589018643,0.97278804
TTC39A,3,2,0.6666666666666666,0.644057137828372,0.9590251
TTC8,3,2,0.6666666666666666,0.7352826633333333,0.87765867
TTI1,3,2,0.6666666666666666,0.8168642933333334,0.89121985
TTK,3,2,0.6666666666666666,0.77174417,0.83430094
TTYH1,3,2,0.6666666666666666,0.6547547969191908,0.97279763
TTYH2,3,2,0.6666666666666666,0.7128109,0.9906792
TUBA3D,3,2,0.6666666666666666,0.6196944521833333,0.8744225
TULP2,3,2,0.6666666666666666,0.7578260133333333,0.9573322
TXK,3,2,0.6666666666666666,0.7154565233333333,0.9406625
TXLNA,3,2,0.6666666666666666,0.6643544233333333,0.8942249
TXNDC16,3,2,0.6666666666666666,0.6611575726,0.99144053
UBA3,3,2,0.6666666666666666,0.6218323987833333,0.89486885
UBE2Q2,3,2,0.6666666666666666,0.6443114110333333,0.94071555
UBIAD1,3,2,0.6666666666666666,0.6595239195,0.97470516
UGT1A10,3,2,0.6666666666666666,0.7954317866666667,0.9334021
ULBP1,3,2,0.6666666666666666,0.8522134066666668,0.96939015
UNC93A,3,2,0.6666666666666666,0.6354809832893333,0.91708434
USP38,3,2,0.6666666666666666,0.83674999,0.99033797
UST,3,2,0.6666666666666666,0.6503492616700667,0.9730112
UVSSA,3,2,0.6666666666666666,0.6859509366666666,0.8611072
VCAM1,3,2,0.6666666666666666,0.7475115,0.9859491
VGLL1,3,2,0.6666666666666666,0.7289554066666666,0.9840963
VILL,3,2,0.6666666666666666,0.8135978333333332,0.9815839
VPS11,3,2,0.6666666666666666,0.8195369666666666,0.8045505
VRK2,3,2,0.6666666666666666,0.6256383413333334,0.93144834
VRK3,3,2,0.6666666666666666,0.6731798266666665,0.9626132
VSIG8,3,2,0.6666666666666666,0.7388421366666668,0.9321739
VSTM2A,3,2,0.6666666666666666,0.6521936866667443,0.976919
VTCN1,3,2,0.6666666666666666,0.6619653848,0.9911957
WDFY2,3,2,0.6666666666666666,0.6781020733333333,0.9806255
WDR38,3,2,0.6666666666666666,0.8584309,0.9912607
WDR41,3,2,0.6666666666666666,0.7121786533333333,0.9913101
WDR45,3,2,0.6666666666666666,0.6596192533333358,0.9875623
WDR47,3,2,0.6666666666666666,0.8758222833333335,0.9384544
WDR5,3,2,0.6666666666666666,0.6607413899719999,0.99088085
WDR59,3,2,0.6666666666666666,0.6535336865,0.9567879
WDR62,3,2,0.6666666666666666,0.6819450686666667,0.9882386
WDR64,3,2,0.6666666666666666,0.6583477993079384,0.98355526
WDR7,3,2,0.6666666666666666,0.7059175166666667,0.99145037
WDR70,3,2,0.6666666666666666,0.7245538966666666,0.9850941
WDSUB1,3,2,0.6666666666666666,0.6594380703333333,0.9605089
WFDC3,3,2,0.6666666666666666,0.6084984363333333,0.8422683
WFS1,3,2,0.6666666666666666,0.6441336431,0.9468377
WIPF3,3,2,0.6666666666666666,0.8503466333333334,0.9675657
WNT8A,3,2,0.6666666666666666,0.5721251803133334,0.79358697
XCR1,3,2,0.6666666666666666,0.658473891901,0.98391706
XK,3,2,0.6666666666666666,0.90054695,0.9739699
XPA,3,2,0.6666666666666666,0.6609649973335333,0.99140465
XRCC5,3,2,0.6666666666666666,0.6477203580666666,0.95422626
YBX2,3,2,0.6666666666666666,0.7267235133333334,0.9879166
ZBED2,3,2,0.6666666666666666,0.8509032799999999,0.981011
ZBTB24,3,2,0.6666666666666666,0.68124336,0.9685333
ZC3H12A,3,2,0.6666666666666666,0.649442338816,0.95690376
ZFP37,3,2,0.6666666666666666,0.66094090984272,0.99138415
ZFP90,3,2,0.6666666666666666,0.7216513933333334,0.9913946
ZIC1,3,2,0.6666666666666666,0.6602780895666667,0.9877511
ZIC2,3,2,0.6666666666666666,0.6557105668222011,0.9795945
ZMYM4,3,2,0.6666666666666666,0.8354165533333333,0.99077296
ZNF101,3,2,0.6666666666666666,0.6857523666666667,0.9774631
ZNF12,3,2,0.6666666666666666,0.7071604166666666,0.9900653
ZNF124,3,2,0.6666666666666666,0.68152142,0.93327904
ZNF174,3,2,0.6666666666666666,0.6051194176666667,0.81313396
ZNF19,3,2,0.6666666666666666,0.6662525356666666,0.9913606
ZNF227,3,2,0.6666666666666666,0.6752683300000001,0.9906961
ZNF251,3,2,0.6666666666666666,0.6861214766666667,0.86359257
ZNF362,3,2,0.6666666666666666,0.8334312833333334,0.8389519
ZNF385B,3,2,0.6666666666666666,0.6557531466666667,0.87062943
ZNF385D,3,2,0.6666666666666666,0.6342152387666666,0.9226815
ZNF414,3,2,0.6666666666666666,0.6507561382055667,0.9637365
ZNF471,3,2,0.6666666666666666,0.687136025,0.99126434
ZNF526,3,2,0.6666666666666666,0.89169672,0.9829487
ZNF546,3,2,0.6666666666666666,0.6524507007561615,0.9659204
ZNF567,3,2,0.6666666666666666,0.65690776456,0.9789259
ZNF570,3,2,0.6666666666666666,0.7429539099999999,0.9912479
ZNF654,3,2,0.6666666666666666,0.7748496766666667,0.97416115
ZNF683,3,2,0.6666666666666666,0.8069004866666667,0.976533
ZNF691,3,2,0.6666666666666666,0.6586107206666667,0.9828917
ZNF692,3,2,0.6666666666666666,0.8577407333333333,0.9701349
ZNF709,3,2,0.6666666666666666,0.90786497,0.99121207
ZNF765,3,2,0.6666666666666666,0.661652172,0.9912258
ZNF79,3,2,0.6666666666666666,0.78610252,0.97920024
ZNF799,3,2,0.6666666666666666,0.8751361133333333,0.9912457
ZNF833P,3,2,0.6666666666666666,0.6356001455,0.94778156
ZSCAN18,3,2,0.6666666666666666,0.6609159644070001,0.99136907
ZSWIM3,3,2,0.6666666666666666,0.67635435,0.9623913
A2ML1,4,2,0.5,0.574802824,0.64022576
AADACL3,4,2,0.5,0.4843127585579375,0.472933198183
ABCC6,4,2,0.5,0.64441321475,0.79303005
ABI3,4,2,0.5,0.6049398156948524,0.714121935
ACOT4,4,2,0.5,0.6591036179828736,0.82891512
ACOX3,4,2,0.5,0.4966248146568364,0.497574244
ACTL7A,4,2,0.5,0.4879008103854,0.4801598575621
ACTN2,4,2,0.5,0.61424405672747,0.7362467699999999
ACTR5,4,2,0.5,0.471845160642775,0.44808516661
ADAD1,4,2,0.5,0.641027031925,0.79022355
ADAM10,4,2,0.5,0.587393352275,0.68032753
ADAM32,4,2,0.5,0.4690332451984,0.44262813397
ADAM8,4,2,0.5,0.49432952513711603,0.493015160587218
ADAMTS1,4,2,0.5,0.58313344,0.594087005
ADCY3,4,2,0.5,0.4595480069407234,0.42404800935
ADCY6,4,2,0.5,0.4882334374816987,0.4892831547
ADGRE3,4,2,0.5,0.6131668669,0.733929815
ADGRF3,4,2,0.5,0.617405269593,0.7750165
ADH1B,4,2,0.5,0.6454194525,0.7568594200000001
ADH6,4,2,0.5,0.645962015,0.71493775
ADRA1B,4,2,0.5,0.6416138375,0.70444785
AGT,4,2,0.5,0.6973922475,0.7563823000000001
AHRR,4,2,0.5,0.74053413,0.80558723
AJUBA,4,2,0.5,0.4826304175939512,0.47024855018491857
AKAP8,4,2,0.5,0.5908099685,0.6626778799999999
AKR1C4,4,2,0.5,0.6122266036,0.73375872
AKTIP,4,2,0.5,0.66747493425,0.81294117
ALDOA,4,2,0.5,0.6212558402387431,0.77047423
AMIGO3,4,2,0.5,0.66265145675,0.82944925
ANAPC2,4,2,0.5,0.562673301925,0.62939315
ANGPTL5,4,2,0.5,0.6086857674999999,0.67519562
ANKMY1,4,2,0.5,0.62428157897875,0.7535672200000001
ANO1,4,2,0.5,0.7460912325,0.8032639500000001
ANP32D,4,2,0.5,0.6430666525,0.73883043
AP2B1,4,2,0.5,0.8106744725,0.8298828149999999
ARHGAP11A,4,2,0.5,0.4372832879626,0.38333122436
ARHGEF10L,4,2,0.5,0.49975383109724997,0.507460565
ARHGEF25,4,2,0.5,0.5956555425,0.6040692950000001
ARHGEF9,4,2,0.5,0.7799016775,0.786353055
ARID2,4,2,0.5,0.5870908585,0.67525242
ARMCX5-GPRASP2,4,2,0.5,0.44621750029287816,0.425452650585
ARNTL2,4,2,0.5,0.6302018525,0.7200362250000001
ASAP1,4,2,0.5,0.60202329175,0.6985236850000001
ATAD2B,4,2,0.5,0.662121528325,0.82665015
ATG4D,4,2,0.5,0.742120385,0.80931452
ATP13A1,4,2,0.5,0.53274688345,0.569276785
ATP2B1,4,2,0.5,0.65884029825,0.803081245
ATP2C2,4,2,0.5,0.52074639325,0.53270155
ATP6V0A2,4,2,0.5,0.5803301974999999,0.684470535
ATP6V1A,4,2,0.5,0.4716674715,0.4429380665
AUTS2,4,2,0.5,0.488540264825,0.4900877225
AXIN1,4,2,0.5,0.5501566411500001,0.63022931
BACE2,4,2,0.5,0.593397113277575,0.6911042000000001
BASP1,4,2,0.5,0.6396518770174999,0.785215185
BEND2,4,2,0.5,0.48230758351331593,0.468907917
BEND3,4,2,0.5,0.534787548,0.6001430249999999
BEST1,4,2,0.5,0.59086483,0.599635625
BLNK,4,2,0.5,0.4795897660150738,0.46665740965
BNIP1,4,2,0.5,0.49518197602277503,0.4947071780645
BPIFB6,4,2,0.5,0.47764395726908676,0.45961655725
BRAP,4,2,0.5,0.6997684475,0.7133469
BRINP2,4,2,0.5,0.52833244125,0.5231349925
BRPF1,4,2,0.5,0.5004022883762,0.5245186
BTBD7,4,2,0.5,0.46534287094668303,0.43506634144906
C2CD3,4,2,0.5,0.597091194,0.6908114000000001
C3orf20,4,2,0.5,0.566948555,0.571974035
C8orf34,4,2,0.5,0.47158012209426753,0.47898823
C9,4,2,0.5,0.52669808698933,0.5576473550000001
C9orf64,4,2,0.5,0.583704899175,0.6897120999999999
CA12,4,2,0.5,0.5371076625,0.55768341
CABP4,4,2,0.5,0.5393998482187274,0.5830565799999999
CABYR,4,2,0.5,0.638222852959375,0.780804415
CACHD1,4,2,0.5,0.66290801,0.681266665
CACNA2D4,4,2,0.5,0.4466985422838643,0.3976761313
CALB2,4,2,0.5,0.656098755,0.8060604
CAMK1D,4,2,0.5,0.4996452575001958,0.503628615
CAMSAP1,4,2,0.5,0.5233108652855,0.5508773
CCDC142,4,2,0.5,0.8072750925,0.8653334699999999
CCDC149,4,2,0.5,0.66968067,0.647129105
CCDC22,4,2,0.5,0.5319864278202154,0.58459007
CCDC80,4,2,0.5,0.7169604925,0.75311
CD44,4,2,0.5,0.6634441425,0.704999935
CDH10,4,2,0.5,0.844552285,0.84925642
CDK8,4,2,0.5,0.66126549964375,0.82845375
CEACAM7,4,2,0.5,0.6947858375,0.804895675
CEL,4,2,0.5,0.48251536292342123,0.48140222467885
CEP72,4,2,0.5,0.49307345009301995,0.49047474852
CEP83,4,2,0.5,0.5756268354,0.6546997649999999
CEP97,4,2,0.5,0.6695681109325,0.8432153
CES3,4,2,0.5,0.4690672425022535,0.4427211500044824
CES4A,4,2,0.5,0.6448808175,0.6685572
CHIA,4,2,0.5,0.562373392502628,0.641115385
CHMP4C,4,2,0.5,0.4840313521172282,0.4792273692292
CHRNA2,4,2,0.5,0.518704843700778,0.541724455
CHRNA4,4,2,0.5,0.55909544441,0.62245363
CHRNA6,4,2,0.5,0.509186285225,0.52212456
CHRNG,4,2,0.5,0.586958852425,0.68045939
CHST2,4,2,0.5,0.49558150037861687,0.4955367007409175
CHST5,4,2,0.5,0.54243977667175,0.5892327549999999
CLCN4,4,2,0.5,0.727056835,0.732013435
CLDN18,4,2,0.5,0.64783073825,0.7959791
CLIP4,4,2,0.5,0.5853021935,0.663316905
CLRN2,4,2,0.5,0.468046283910575,0.44954081819
CLSTN3,4,2,0.5,0.5164875031425,0.54217042
CNBD2,4,2,0.5,0.6290629505074864,0.76241685
CNGA1,4,2,0.5,0.7047077775,0.8555899499999999
CNGA3,4,2,0.5,0.575519952876,0.6620682099999999
CNKSR3,4,2,0.5,0.7827827425,0.76141557
CNTROB,4,2,0.5,0.54780990575,0.589889675
COL20A1,4,2,0.5,0.4765517214662175,0.4747902855911575
COL9A3,4,2,0.5,0.4929032909120906,0.490109480685
COP1,4,2,0.5,0.548798485,0.564762755
CSNK2A1,4,2,0.5,0.6254014725,0.72423209
CSTF2,4,2,0.5,0.6022439110274919,0.70878097
CSTF2T,4,2,0.5,0.5927358676780293,0.689814335
CTCF,4,2,0.5,0.64681942425,0.7974292949999999
CTHRC1,4,2,0.5,0.56349893,0.524676205
CTIF,4,2,0.5,0.63518717,0.6473207249999999
CUL7,4,2,0.5,0.625271042075,0.764689355
CYP19A1,4,2,0.5,0.515241163,0.544846695
CYP2E1,4,2,0.5,0.58131275175,0.66643157
CYP2F1,4,2,0.5,0.46898524984325,0.46062222140000003
CYP3A43,4,2,0.5,0.656254464825,0.8134557
CYP4F2,4,2,0.5,0.7697049,0.81890245
CYYR1,4,2,0.5,0.629821465,0.68441379
DACH1,4,2,0.5,0.68452041,0.78277815
DCAF11,4,2,0.5,0.5281459724272,0.581978925
DCAF4L1,4,2,0.5,0.5764033775,0.5708626649999999
DCLK2,4,2,0.5,0.6387838101568468,0.7820362999999999
DDX59,4,2,0.5,0.55993531,0.55156147
DEFB114,4,2,0.5,0.655693097520111,0.82470247
DHX34,4,2,0.5,0.45089584013,0.409914983425
DHX37,4,2,0.5,0.51189218625,0.5399977650000001
DLAT,4,2,0.5,0.5038924875,0.4847108
DMPK,4,2,0.5,0.7911474350000001,0.79880667
DNA2,4,2,0.5,0.49100801865549326,0.48636243575000004
DNHD1,4,2,0.5,0.6445970883475,0.793518275
DOK5,4,2,0.5,0.68609607,0.7859157
DPEP1,4,2,0.5,0.486015965991404,0.48306015732948254
DPYSL2,4,2,0.5,0.52146486175,0.535108445
DUS3L,4,2,0.5,0.5940135988131,0.7182771299999999
E2F8,4,2,0.5,0.629658546925,0.768340475
EEA1,4,2,0.5,0.7274290425000001,0.6960937700000001
EFCAB13,4,2,0.5,0.62140995,0.623341065
EFCAB5,4,2,0.5,0.535703694,0.57281055
EFHC2,4,2,0.5,0.5140971550000494,0.53246196
EHBP1,4,2,0.5,0.5555554385282,0.6154137199999999
ELAVL3,4,2,0.5,0.6357989857999999,0.776026545
ELF4,4,2,0.5,0.4926326304533375,0.4905907392085
EMILIN1,4,2,0.5,0.5417649619105332,0.587906715
ENPP5,4,2,0.5,0.6467865689359,0.80241148
EPS8L3,4,2,0.5,0.5211163171500144,0.55483193
ERN1,4,2,0.5,0.82817835,0.8288771500000001
ESYT2,4,2,0.5,0.56635534,0.5679593000000001
ETFBKMT,4,2,0.5,0.4942800301875,0.4936209445
EXOC2,4,2,0.5,0.5733880779505001,0.65103373
EXOC7,4,2,0.5,0.50441085525,0.538396275
EXOSC9,4,2,0.5,0.663045295,0.7536736500000001
EYA3,4,2,0.5,0.5265944575,0.554681325
F2R,4,2,0.5,0.48787647314791305,0.48758548896184
FAIM2,4,2,0.5,0.58514249625,0.66503707
FAM153CP,4,2,0.5,0.60254959,0.6853746000000001
FAM214A,4,2,0.5,0.6711213625,0.768950425
FAM214B,4,2,0.5,0.57072692,0.60332136
FAM83A,4,2,0.5,0.5630246000876727,0.6462661000000001
FATE1,4,2,0.5,0.484793090125,0.471028243
FBXW5,4,2,0.5,0.467204643404025,0.43866375676499997
FCGR3A,4,2,0.5,0.4528845504020935,0.41099865080221765
FDPS,4,2,0.5,0.741314035,0.74099477
FLI1,4,2,0.5,0.583546776210275,0.671353425
FLOT1,4,2,0.5,0.5687058475,0.56825557
FNBP4,4,2,0.5,0.5605384025,0.5541324400000001
FOXG1,4,2,0.5,0.738689605,0.8252542300000001
FOXK2,4,2,0.5,0.6359528251402568,0.786149
FOXO3,4,2,0.5,0.6013576425,0.6911645200000001
FPR3,4,2,0.5,0.592239976875,0.681502925
FUCA1,4,2,0.5,0.495896214538,0.49605253722
FZD3,4,2,0.5,0.599027255,0.60344061
FZD6,4,2,0.5,0.4960900519843666,0.4965902785
GAB4,4,2,0.5,0.6180696766283793,0.74040035
GALK2,4,2,0.5,0.70391647,0.82654033
GALNT5,4,2,0.5,0.5673704955,0.63573907
GBGT1,4,2,0.5,0.49522817234333055,0.494797294024
GBP4,4,2,0.5,0.7835372375,0.756362675
GCKR,4,2,0.5,0.49191337913266747,0.48927460063365
GFI1,4,2,0.5,0.506402069325365,0.523202077
GGT1,4,2,0.5,0.5402638776035681,0.585491985
GIPC2,4,2,0.5,0.6858506600000001,0.786333415
GIT2,4,2,0.5,0.7600526525,0.79660994
GLRB,4,2,0.5,0.715250905,0.7356434199999999
GNPAT,4,2,0.5,0.5861471091141333,0.67663564
GOSR2,4,2,0.5,0.494540828444869,0.4933508403943905
GPR158,4,2,0.5,0.7038298125,0.688601725
GPR20,4,2,0.5,0.49410749895467987,0.4937619979
GPR87,4,2,0.5,0.49677221666750004,0.4978037638
GPX5,4,2,0.5,0.77814163,0.798928495
GRAMD1A,4,2,0.5,0.748872285,0.77712413
GRAMD4,4,2,0.5,0.5052233865003894,0.514770048
GRIN1,4,2,0.5,0.4499327898389265,0.4329566466595
GSTA4,4,2,0.5,0.744920095,0.8303125
GTF2IRD2,4,2,0.5,0.5474521755,0.59931377
GTPBP6,4,2,0.5,0.60937116667003,0.733750465
GUCY1A1,4,2,0.5,0.5087380810009,0.521877662
H2AC1,4,2,0.5,0.5979090510282212,0.7214664
HCAR1,4,2,0.5,0.6233315119249999,0.7504331
HDAC8,4,2,0.5,0.66632740269587,0.83771442
HK3,4,2,0.5,0.5280502607500001,0.53848468
HMGCS2,4,2,0.5,0.50229249337,0.52030036
HNRNPDL,4,2,0.5,0.5637832861867315,0.6407159099999999
HNRNPM,4,2,0.5,0.490681573225,0.4901173986
HTR3B,4,2,0.5,0.71293275,0.69392463
IDH2,4,2,0.5,0.47708630744271924,0.4719482614385425
IFNG,4,2,0.5,0.588157498322573,0.6931155950000001
IKBKB,4,2,0.5,0.5107212775000001,0.5095525215000001
IL10RA,4,2,0.5,0.45212732945427503,0.4190811769
IL12B,4,2,0.5,0.58518243684175,0.68490943
IL13RA2,4,2,0.5,0.4941727298511238,0.4926182093220935
IL18R1,4,2,0.5,0.6340289963406,0.775535585
IL1RL2,4,2,0.5,0.6299546385,0.761019815
IL23R,4,2,0.5,0.646147815,0.7318251
IL32,4,2,0.5,0.4598964907971899,0.43137232838155004
ILKAP,4,2,0.5,0.5204243107884908,0.54969707
INTS7,4,2,0.5,0.6770499799999999,0.82684167
IPO8,4,2,0.5,0.6045705203682592,0.71664756
IQCE,4,2,0.5,0.480187193195875,0.46468724658
IRAK3,4,2,0.5,0.441244874925,0.467927145
IRF2,4,2,0.5,0.6960112325,0.75922335
IRF8,4,2,0.5,0.46487711733750003,0.4345444786
ITCH,4,2,0.5,0.669806117,0.839972975
ITGAV,4,2,0.5,0.46462601860241176,0.44654301027000004
ITGB7,4,2,0.5,0.607751294593,0.7197689
IVL,4,2,0.5,0.59870078,0.6192455649999999
KASH5,4,2,0.5,0.6559713000003652,0.81623025
KAT5,4,2,0.5,0.683783975,0.69062263
KAT8,4,2,0.5,0.5614279168918925,0.6521422649999999
KCNJ1,4,2,0.5,0.6073216175,0.625499135
KCNK9,4,2,0.5,0.6651922985000001,0.8004819000000001
KCNN3,4,2,0.5,0.5652883599999999,0.60314219
KCNRG,4,2,0.5,0.5448516613825,0.59593268
KCNV2,4,2,0.5,0.44255626405202503,0.3894387535
KCTD13,4,2,0.5,0.4977386057291425,0.4997574
KIZ,4,2,0.5,0.61893358425,0.71439679
KLF3,4,2,0.5,0.6661713825,0.771884215
KLHL6,4,2,0.5,0.5977452225,0.62281695
KLK8,4,2,0.5,0.4970576470365,0.49834468049999997
KRT3,4,2,0.5,0.6568948021486367,0.8180762500000001
KRT36,4,2,0.5,0.7261896999999999,0.776358565
KRT74,4,2,0.5,0.5975156211672727,0.706252735
KRTAP10-3,4,2,0.5,0.48889344440665,0.482186520559
KRTAP5-9,4,2,0.5,0.70172373,0.82354517
L3MBTL4,4,2,0.5,0.4695307235,0.464531875
LARGE2,4,2,0.5,0.47820195332396,0.4607882346337
LGALS9,4,2,0.5,0.49539473034799997,0.495080150307
LGR4,4,2,0.5,0.7523858125,0.7461744
LIN54,4,2,0.5,0.4961300628376625,0.49658093
LPO,4,2,0.5,0.48574001720500004,0.47933842870000004
LRRC15,4,2,0.5,0.6474563975,0.709602515
LRRC41,4,2,0.5,0.6170463121075,0.73832041
LRRC43,4,2,0.5,0.73819742,0.83419047
LRRC4B,4,2,0.5,0.69750387,0.71418252
LRRC6,4,2,0.5,0.56770024,0.608833035
LSM11,4,2,0.5,0.6244331885,0.73172702
LTBP1,4,2,0.5,0.6339232975,0.659782
LTBR,4,2,0.5,0.48954137004094866,0.49023929
MAEL,4,2,0.5,0.6367679800758484,0.777797045
MAGEA11,4,2,0.5,0.5630405670547612,0.63794481
MAML2,4,2,0.5,0.45711212477534746,0.41955285118499996
MAN1C1,4,2,0.5,0.6541062875876877,0.814493875
MAP3K5,4,2,0.5,0.46705322054075,0.4383728387
MAP3K6,4,2,0.5,0.494607024931349,0.49388999971014996
MAPK1,4,2,0.5,0.640866281,0.7354741650000001
MARCHF1,4,2,0.5,0.6959644875,0.754379575
MBD5,4,2,0.5,0.767085705,0.7899045
MCC,4,2,0.5,0.7923449425,0.80770455
MEP1A,4,2,0.5,0.72364234,0.8050495
MIA2,4,2,0.5,0.6162757590825,0.736817005
MICB,4,2,0.5,0.7541106625,0.788269365
MKS1,4,2,0.5,0.6070917132089325,0.719328865
MMAA,4,2,0.5,0.580146459775,0.6827536750000001
MMP27,4,2,0.5,0.5024322300191078,0.513835435
MOB3B,4,2,0.5,0.5491448114514057,0.60263473
MPHOSPH9,4,2,0.5,0.63698023,0.67087848
MRE11,4,2,0.5,0.5471132,0.55280633
MRGPRX1,4,2,0.5,0.7481668125,0.779984025
MROH8,4,2,0.5,0.76524416,0.74837725
MRPL47,4,2,0.5,0.6195698325000001,0.6766193
MS4A5,4,2,0.5,0.71250863,0.7560583000000001
MTMR12,4,2,0.5,0.558490155075,0.61881225
MUS81,4,2,0.5,0.519411068720065,0.543105085
MYOC,4,2,0.5,0.662553955,0.741506135
NAP1L1,4,2,0.5,0.54188594625,0.58655558
NARS1,4,2,0.5,0.6888284975,0.792257575
NCKIPSD,4,2,0.5,0.4945796567144863,0.49344355475769003
NDRG1,4,2,0.5,0.528402764525,0.5604298750000001
NDST2,4,2,0.5,0.64104926075,0.7651245
NEFM,4,2,0.5,0.61869198825,0.7397320000000001
NEUROG2,4,2,0.5,0.6376194152,0.779212885
NLRX1,4,2,0.5,0.6208964,0.678834635
NPLOC4,4,2,0.5,0.5537043220588506,0.614397375
NPR1,4,2,0.5,0.5439994874825,0.59218755
NPTX1,4,2,0.5,0.47749980210022547,0.471115269199525
NTRK1,4,2,0.5,0.6150345875000001,0.666789065
NUDC,4,2,0.5,0.5404722875042361,0.586084775
NUP214,4,2,0.5,0.6422060975,0.68976404
NVL,4,2,0.5,0.6675285625,0.75597353
NXPH4,4,2,0.5,0.6247731675687351,0.753895135
OLFM4,4,2,0.5,0.4796076893014385,0.4644429684378
OLFML2A,4,2,0.5,0.492796374875,0.4906287635
OPLAH,4,2,0.5,0.4757548628822675,0.45915501645
OR10AD1,4,2,0.5,0.64549375447585,0.7953481
OR10G9,4,2,0.5,0.6818683325,0.750525015
OR11H6,4,2,0.5,0.48482106877000003,0.48257132838
OR14A16,4,2,0.5,0.571344175,0.6247505099999999
OR1L1,4,2,0.5,0.5497835475,0.574991645
OR2J3,4,2,0.5,0.631098198240727,0.768472975
OR2M5,4,2,0.5,0.6901550975,0.7736030300000001
OR4C6,4,2,0.5,0.508202585,0.47313068
OR51L1,4,2,0.5,0.6986641075,0.71752335
OR52M1,4,2,0.5,0.6262384285931,0.756785175
OR52N1,4,2,0.5,0.49894210699518926,0.502203419
OR52N4,4,2,0.5,0.5310947045,0.57569966
OR5AC2,4,2,0.5,0.706103615,0.743061425
OR5H6,4,2,0.5,0.59925341125,0.691123695
OR5K3,4,2,0.5,0.5151974911675,0.560532275
OR6B1,4,2,0.5,0.5034668499,0.510437869
OR8J3,4,2,0.5,0.70852939,0.81256653
P2RY13,4,2,0.5,0.5912787425,0.6450577150000001
PABPC3,4,2,0.5,0.612555789363417,0.7294592550000001
PACRG,4,2,0.5,0.50122170535,0.5213915499999999
PAFAH2,4,2,0.5,0.694787116,0.85209968
PCDHB11,4,2,0.5,0.6694318575,0.7596846500000001
PCDHGA10,4,2,0.5,0.63627574026,0.77713218
PCDHGB5,4,2,0.5,0.4966591875,0.47689618500000003
PCDHGB7,4,2,0.5,0.617011167343,0.7382956
PCMTD1,4,2,0.5,0.7473088225000001,0.8298557150000001
PCOLCE2,4,2,0.5,0.6849130925,0.79489085
PDE6B,4,2,0.5,0.43893941910118456,0.383197686555
PDE9A,4,2,0.5,0.6489408716,0.80176123
PEX11A,4,2,0.5,0.713884445,0.73632668
PEX5,4,2,0.5,0.5013373945,0.535976215
PEX6,4,2,0.5,0.5381496179075,0.58128575
PFKM,4,2,0.5,0.5702567075,0.58297875
PHAX,4,2,0.5,0.643184104,0.7562784300000001
PHC1,4,2,0.5,0.585771732725,0.677012925
PIAS1,4,2,0.5,0.4417228050588203,0.39641790391231
PIP5K1C,4,2,0.5,0.7001069,0.805339
PITPNM1,4,2,0.5,0.5787120035,0.662269655
PJVK,4,2,0.5,0.6409180875,0.67194284
PKLR,4,2,0.5,0.6519221025,0.7273891800000001
PLA2G12A,4,2,0.5,0.49712431696000003,0.500757024
PLA2G15,4,2,0.5,0.44362224868108147,0.4040279719411122
PLEKHG6,4,2,0.5,0.5564103655987686,0.624681965
PML,4,2,0.5,0.5969294164201217,0.70216265
PNCK,4,2,0.5,0.494730794385,0.4975288135
PNISR,4,2,0.5,0.509030632552825,0.5345660775
PNPLA5,4,2,0.5,0.5063904353575,0.538461135
POLR3B,4,2,0.5,0.61115186,0.631383215
POPDC3,4,2,0.5,0.49908305771592504,0.504699781
POT1,4,2,0.5,0.692714335,0.79786305
PPFIA2,4,2,0.5,0.7481668674999999,0.817136345
PPP4R1,4,2,0.5,0.54477737741375,0.59379545
PRKD3,4,2,0.5,0.6660097325000001,0.772176625
PRMT8,4,2,0.5,0.652060190032149,0.81018723
PRPF40A,4,2,0.5,0.4918265711186746,0.488776072225
PRR16,4,2,0.5,0.654443895,0.7640149700000001
PRSS12,4,2,0.5,0.8080741525,0.860031605
PSD,4,2,0.5,0.48359592253223094,0.4715613700348043
PSEN2,4,2,0.5,0.5904867135,0.676619265
PTCD3,4,2,0.5,0.65360937761,0.8134997500000001
PTCHD4,4,2,0.5,0.471965280825,0.4798202625
PTGIS,4,2,0.5,0.61788560325,0.751578095
PTPN4,4,2,0.5,0.4601463490825,0.4244611289
PTPRG,4,2,0.5,0.496904512493975,0.4980576863
PXK,4,2,0.5,0.528208313745005,0.560693935
PYROXD2,4,2,0.5,0.6815543399999999,0.73211813
QRFPR,4,2,0.5,0.83782859,0.8403384300000001
QSOX1,4,2,0.5,0.49217396619554693,0.4886141822242485
RALGAPA1,4,2,0.5,0.6063183732175,0.71787033
RASA3,4,2,0.5,0.5083259839000001,0.521020495
RASAL3,4,2,0.5,0.59014438925525,0.68456483
RASGRP3,4,2,0.5,0.4851271402009675,0.48368662518
RASGRP4,4,2,0.5,0.4856573608011079,0.47627940158713566
RBCK1,4,2,0.5,0.4709876721134464,0.45637841875
RBM39,4,2,0.5,0.5046185651,0.51075843
RC3H1,4,2,0.5,0.602639315,0.6591440399999999
RC3H2,4,2,0.5,0.6090808651718838,0.72338383
RFTN2,4,2,0.5,0.5139077035075191,0.532073407
RFX2,4,2,0.5,0.6611131827745,0.8266458699999999
RGS6,4,2,0.5,0.49685747026025,0.5056717425
RGS9,4,2,0.5,0.61155183095,0.727915775
RHBDF2,4,2,0.5,0.614453904712625,0.733222885
RHBDL3,4,2,0.5,0.571081935,0.62888765
RHO,4,2,0.5,0.60001598425,0.686140365
RIC8A,4,2,0.5,0.7152479125,0.8357530799999999
RNF220,4,2,0.5,0.64952624,0.6364267100000001
RNF32,4,2,0.5,0.505128783875,0.51698281
RORB,4,2,0.5,0.6715316129376274,0.847326325
RPAP2,4,2,0.5,0.66532,0.777068375
RPN2,4,2,0.5,0.657931095,0.77972437
RPS6KA2,4,2,0.5,0.6039844341327958,0.716937715
RSBN1,4,2,0.5,0.6000683450000001,0.6339653700000001
S100A7,4,2,0.5,0.727656415,0.78621925
SAMSN1,4,2,0.5,0.6664532974999999,0.64082535
SBF2,4,2,0.5,0.62942359325,0.75917293
SCAP,4,2,0.5,0.468777865427775,0.464239514405
SDR16C5,4,2,0.5,0.67004326,0.67445506
SEC14L1,4,2,0.5,0.471789231625,0.44759747
SEMA4F,4,2,0.5,0.597599606385,0.7075661
SEMA4G,4,2,0.5,0.46374116174809316,0.431730322
SENP3,4,2,0.5,0.49864326370385,0.50192936825
SERPINB11,4,2,0.5,0.6351324285,0.734836225
SEZ6,4,2,0.5,0.5585410702451519,0.631760935
SF3B2,4,2,0.5,0.44747548379924995,0.42953375425
SGIP1,4,2,0.5,0.8263575375000001,0.8453708
SGSH,4,2,0.5,0.44990369186392004,0.404051263646
SHOC1,4,2,0.5,0.63347786775,0.7703956700000001
SHROOM2,4,2,0.5,0.46324728500837353,0.43532761515
SHTN1,4,2,0.5,0.4953569900824455,0.495077307311638
SLC12A3,4,2,0.5,0.7087623425,0.8325076499999999
SLC12A4,4,2,0.5,0.47875505725,0.46244837499999997
SLC12A8,4,2,0.5,0.7005372475,0.8224398150000001
SLC17A8,4,2,0.5,0.6264547475,0.691477
SLC18A1,4,2,0.5,0.62261648,0.62318933
SLC22A3,4,2,0.5,0.7021254525,0.80082002
SLC24A2,4,2,0.5,0.4889509700001628,0.48317644
SLC25A11,4,2,0.5,0.7061265,0.76812855
SLC28A2,4,2,0.5,0.5649925100000001,0.66333586
SLC35F4,4,2,0.5,0.604344825,0.63638377
SLC44A4,4,2,0.5,0.673226415,0.75543067
SLC4A3,4,2,0.5,0.448990818245,0.408188698635
SLC5A8,4,2,0.5,0.72493261,0.80802302
SLC6A13,4,2,0.5,0.536734773325,0.574656475
SLC8A3,4,2,0.5,0.3821292613731866,0.3782891209418
SLC8B1,4,2,0.5,0.6727192949999999,0.78791225
SLCO2A1,4,2,0.5,0.71445336,0.74575048
SOAT2,4,2,0.5,0.6366492250522349,0.7822630500000001
SORBS2,4,2,0.5,0.6560963575,0.72629458
SOX3,4,2,0.5,0.5486999457823383,0.61276799
SP100,4,2,0.5,0.82690805,0.8287608500000001
SPATA31E1,4,2,0.5,0.4900978033775,0.486968737315
SPG11,4,2,0.5,0.595966712890461,0.696509705
SPICE1,4,2,0.5,0.5378902864999999,0.546316435
SPPL2B,4,2,0.5,0.53248832975,0.57786874
SRC,4,2,0.5,0.63494953719,0.77441738
SRMS,4,2,0.5,0.51683934008835,0.538075938
SRP54,4,2,0.5,0.5702273928,0.6491940700000001
SRPX2,4,2,0.5,0.623630518015,0.7577369
SSX5,4,2,0.5,0.6524544104000001,0.81126045
ST6GALNAC1,4,2,0.5,0.598962759765464,0.702213565
STAT5A,4,2,0.5,0.704626615,0.795416
STON2,4,2,0.5,0.60545666625,0.698945375
STRC,4,2,0.5,0.607314719558165,0.72021934
STRIP2,4,2,0.5,0.608922855295,0.722665565
SUGP1,4,2,0.5,0.8416232849999999,0.85510762
SULT1C2,4,2,0.5,0.459000887362,0.42231448109999997
SYNJ1,4,2,0.5,0.53133942,0.548050195
SYT4,4,2,0.5,0.6224542725,0.629914835
TAF15,4,2,0.5,0.5275963798537425,0.55946623
TAS1R2,4,2,0.5,0.52163820865,0.56057887
TAS2R1,4,2,0.5,0.683757485,0.7804392
TCF12,4,2,0.5,0.73921552,0.791788615
TCP11L2,4,2,0.5,0.68808046,0.745827585
TEAD1,4,2,0.5,0.7767656000000001,0.7978923
THAP12,4,2,0.5,0.71900711,0.79721752
THNSL2,4,2,0.5,0.49526444731249997,0.49456008315
TIGD3,4,2,0.5,0.57445104,0.577890835
TLE4,4,2,0.5,0.6307793819115,0.765800685
TMEM217,4,2,0.5,0.63564597,0.67069564
TNFAIP3,4,2,0.5,0.48967814015,0.4886211363
TNIP1,4,2,0.5,0.49289627155,0.4908260719
TNIP3,4,2,0.5,0.57554175,0.568579225
TNNT1,4,2,0.5,0.49190140288832573,0.4880646825685
TNR,4,2,0.5,0.61113393,0.69063696
TOGARAM2,4,2,0.5,0.4377795598925,0.3807915585
TOMM70,4,2,0.5,0.5184456005,0.520151045
TP53BP2,4,2,0.5,0.529244288075,0.5605868700000001
TPRN,4,2,0.5,0.4898369402750014,0.4886167505447398
TRIM15,4,2,0.5,0.5181422300194191,0.547313495
TRIM24,4,2,0.5,0.7213557475000001,0.803849475
TRIM28,4,2,0.5,0.7362195675000001,0.8659477
TSSK4,4,2,0.5,0.643261725,0.7058955149999999
TTLL7,4,2,0.5,0.59642668625,0.695144595
TUBA8,4,2,0.5,0.671709785,0.7722014500000001
UBASH3B,4,2,0.5,0.6682262425000001,0.68414171
UBE4A,4,2,0.5,0.674078445,0.74941133
UBN1,4,2,0.5,0.547684619,0.586526865
UGT1A6,4,2,0.5,0.83855465,0.84860872
UNC5D,4,2,0.5,0.537933207795175,0.580125235
UROC1,4,2,0.5,0.5234833635,0.55951412
USF1,4,2,0.5,0.6472246025,0.6603371
USP12,4,2,0.5,0.63585996753375,0.79579782
VEGFC,4,2,0.5,0.569250735,0.55847642
WASHC2A,4,2,0.5,0.5318434712921652,0.56803329
WDR86,4,2,0.5,0.49250127729676074,0.4893125295
WDR88,4,2,0.5,0.626154193,0.7350606799999999
WIZ,4,2,0.5,0.47181030514932754,0.44787554257503
XAB2,4,2,0.5,0.5534957309738128,0.611348525
ZBTB25,4,2,0.5,0.46754253262632506,0.44162950015
ZFP69,4,2,0.5,0.5659591555,0.634746065
ZFYVE1,4,2,0.5,0.4697441117149479,0.4619009229599325
ZNF157,4,2,0.5,0.5204303167825,0.57179744
ZNF266,4,2,0.5,0.436156572246275,0.37665572174514
ZNF275,4,2,0.5,0.49391844370260246,0.49211095715590003
ZNF280A,4,2,0.5,0.6153257897500001,0.731758895
ZNF280C,4,2,0.5,0.5944132975,0.63721845
ZNF330,4,2,0.5,0.796958955,0.83426468
ZNF33B,4,2,0.5,0.67465443925,0.84271205
ZNF425,4,2,0.5,0.623793925,0.654398815
ZNF554,4,2,0.5,0.5354415538275,0.575933865
ZNF555,4,2,0.5,0.6158744610545,0.7367405
ZNF585B,4,2,0.5,0.645738565,0.69091185
ZNF668,4,2,0.5,0.4868021895502435,0.47787026395035004
ZNF680,4,2,0.5,0.681483521625,0.8632128800000001
ZNF74,4,2,0.5,0.49004734251643994,0.4924891615
ZNF786,4,2,0.5,0.66160509286995,0.8458246899999999
ZNF835,4,2,0.5,0.5704277142199999,0.6450545649999999
ZRSR2,4,2,0.5,0.464185871521378,0.434522393
ZSCAN2,4,2,0.5,0.7440208875000001,0.8079291749999999
AASS,5,2,0.4,0.658048972,0.62100655
ABCD1,5,2,0.4,0.38790987292719314,0.059764512
ABL2,5,2,0.4,0.58861091,0.72948164
AC006059.2,5,2,0.4,0.4264953056258,0.15191302
ACADM,5,2,0.4,0.666541064,0.5783429
ACCS,5,2,0.4,0.54886788470944,0.6262028
ACKR2,5,2,0.4,0.418680683108,0.11878816
ACP4,5,2,0.4,0.51425059179125,0.3387256
ACTA2,5,2,0.4,0.5778554667539401,0.6626082
ACTN4,5,2,0.4,0.5058199580616992,0.6536993
ADAMTS13,5,2,0.4,0.513658190038466,0.32292074
ADAMTS15,5,2,0.4,0.43899079809503394,0.12780185
ADAMTS17,5,2,0.4,0.44534676915340005,0.42667812
AFF3,5,2,0.4,0.5298908117492,0.67689806
AIDA,5,2,0.4,0.5287307563402095,0.6620996
ALDH1L1,5,2,0.4,0.45313287017989595,0.34571615
ALOX15B,5,2,0.4,0.683813456,0.67468333
AMBRA1,5,2,0.4,0.5624325105154482,0.44981495
AMER3,5,2,0.4,0.520608584,0.635039
ANKRD26,5,2,0.4,0.5166583267964354,0.6160842
ATCAY,5,2,0.4,0.4187216961,0.09769438
ATF6B,5,2,0.4,0.43085478278834594,0.18252988
ATP1A2,5,2,0.4,0.471070376,0.2696107
BCL2L13,5,2,0.4,0.5359066580808001,0.6948809
BMP2K,5,2,0.4,0.39101357322212,0.000669868
BPIFC,5,2,0.4,0.3951962412446236,0.0020974004
BRF2,5,2,0.4,0.3904166383330871,9.149097e-08
BRSK1,5,2,0.4,0.5051279218120001,0.5171944
C1orf116,5,2,0.4,0.3810848065468,0.0312977
CACNA2D2,5,2,0.4,0.3959119310655184,0.0007072176
CALR3,5,2,0.4,0.412927178,0.17120165
CAVIN2,5,2,0.4,0.53458649156,0.7101911
CCDC180,5,2,0.4,0.43120540441732,0.1881997
CCDC93,5,2,0.4,0.618101376,0.716888
CCT2,5,2,0.4,0.6705849704,0.7386136
CD36,5,2,0.4,0.5578409174,0.6197212
CD6,5,2,0.4,0.4197551568820904,0.19535595
CDADC1,5,2,0.4,0.70979672,0.6295323
CDH26,5,2,0.4,0.532992091,0.46046594
CDKL1,5,2,0.4,0.3869454812841302,0.003411767
CENPJ,5,2,0.4,0.503787818044,0.5233844
CEP131,5,2,0.4,0.39000715530918584,5.823506e-07
CEP295,5,2,0.4,0.3951121384589046,1.6887439e-06
CFAP100,5,2,0.4,0.76635417,0.671959
CFAP206,5,2,0.4,0.5757513560003424,0.5666178
CFAP65,5,2,0.4,0.722681962,0.70880514
CFAP91,5,2,0.4,0.53080371752,0.42722538
CHD4,5,2,0.4,0.6218321829200001,0.7307126
CIDEA,5,2,0.4,0.4748747556,0.35602084
CLOCK,5,2,0.4,0.5838311774,0.65153146
CNGA2,5,2,0.4,0.5462924923454,0.66709614
CPA1,5,2,0.4,0.612548325702,0.6441963
CPN2,5,2,0.4,0.40729493308548925,0.18029158
CPO,5,2,0.4,0.384786902767439,0.004051589
CPSF6,5,2,0.4,0.45176621061199995,0.33304203
CYP17A1,5,2,0.4,0.4869256694,0.23868926
CYP27B1,5,2,0.4,0.6995142320000001,0.5980899
CYP8B1,5,2,0.4,0.5807578122,0.5507319
DAXX,5,2,0.4,0.43904816699,0.2230171
DCAF1,5,2,0.4,0.41870707838294063,0.18659836
DCLK3,5,2,0.4,0.729176664,0.7452193
DDX4,5,2,0.4,0.5308151482725547,0.39291555
DGKZ,5,2,0.4,0.5183600966014953,0.60879916
DHX35,5,2,0.4,0.542501804,0.64594215
DIAPH3,5,2,0.4,0.52065775362819,0.629984
DKK2,5,2,0.4,0.411741527842,0.08837655
DMRTB1,5,2,0.4,0.432712523834463,0.19814025
EDEM3,5,2,0.4,0.7687801679999999,0.7247854
EPB42,5,2,0.4,0.49640740066378,0.59232277
EPHA6,5,2,0.4,0.4838164414,0.35099483
ERC2,5,2,0.4,0.6403071060000001,0.6657263
ESRP2,5,2,0.4,0.39431419582901855,7.24217e-07
FAN1,5,2,0.4,0.6547064631199999,0.74394816
FBXO22,5,2,0.4,0.49911109128,0.67885983
FBXW7,5,2,0.4,0.607881482,0.7250738
FCHO2,5,2,0.4,0.48921391123931296,0.53428227
FOXJ2,5,2,0.4,0.64627214,0.5624056
G3BP1,5,2,0.4,0.632266584,0.5073402
GALNT15,5,2,0.4,0.5897619439999999,0.69774586
GALNT6,5,2,0.4,0.5660438902810602,0.6580746
GATM,5,2,0.4,0.40228903726140003,0.18674155
GCNT3,5,2,0.4,0.4999564685353796,0.6012221
GJA1,5,2,0.4,0.5088959710000001,0.3865141
GLDC,5,2,0.4,0.3569791997114426,0.20560032
GLUL,5,2,0.4,0.6421763460000001,0.5921768
GRPR,5,2,0.4,0.40924485232692964,0.07329486
HCN3,5,2,0.4,0.5150379345328455,0.6056028
HEATR3,5,2,0.4,0.406192347767844,0.056490697
HGSNAT,5,2,0.4,0.5053118636988,0.43238392
HHIPL1,5,2,0.4,0.387828115732,0.06778681
HK2,5,2,0.4,0.520495863299,0.6575725
HPS3,5,2,0.4,0.62882348,0.7433549
HPSE,5,2,0.4,0.49644067620000004,0.48629737
HSP90AB1,5,2,0.4,0.708877074,0.647531
HSPA6,5,2,0.4,0.397241962706,0.08247054
HTR1D,5,2,0.4,0.4634736381732475,0.36149552
HYAL4,5,2,0.4,0.56899318,0.49652606
IDE,5,2,0.4,0.63672883912,0.7418527
IFT80,5,2,0.4,0.57521043786167,0.69074166
IL1R2,5,2,0.4,0.78201404,0.68206793
IL26,5,2,0.4,0.6013547778439999,0.70122594
IWS1,5,2,0.4,0.5313539766727,0.56529635
JAKMIP3,5,2,0.4,0.41257648708475586,0.10434026
JPH2,5,2,0.4,0.5374891495603368,0.69523996
KCNH8,5,2,0.4,0.625296578,0.56940883
KCNJ3,5,2,0.4,0.5779291195167999,0.72846675
KCTD9,5,2,0.4,0.5266781113400001,0.47773418
KIF15,5,2,0.4,0.49887608774,0.53524274
KIF19,5,2,0.4,0.43077994305554357,0.17097075
KIF1A,5,2,0.4,0.3627515524212585,0.00043853628
KIF9,5,2,0.4,0.5746694821213201,0.7147985
KLK6,5,2,0.4,0.3931545721178654,2.8606737e-05
KNL1,5,2,0.4,0.50865868,0.3324251
KRT72,5,2,0.4,0.4167324292222448,0.09922512
KRT82,5,2,0.4,0.573420298,0.3880289
LGI2,5,2,0.4,0.387580442258,0.016722908
LMO7,5,2,0.4,0.3905571666801348,0.009776746
LNPEP,5,2,0.4,0.649778968,0.64601886
LONRF3,5,2,0.4,0.3793335407239406,0.0009873976
LOXL3,5,2,0.4,0.4028073034460208,0.05657909
LY9,5,2,0.4,0.48510507599999997,0.36134866
MAB21L3,5,2,0.4,0.58232604566,0.6958474
MAN2A2,5,2,0.4,0.645700492,0.48528323
MAP1S,5,2,0.4,0.3670610333836538,1.592673e-08
MAP4K3,5,2,0.4,0.51539529978735,0.3709927
MCF2,5,2,0.4,0.37770339601860636,0.0010346017
MEGF10,5,2,0.4,0.56079990062,0.72423756
MERTK,5,2,0.4,0.595128683178,0.6445131
MFRP,5,2,0.4,0.5946806574410706,0.62351567
MINAR1,5,2,0.4,0.5460113339999999,0.592126
MORC4,5,2,0.4,0.46065142640024453,0.30122522
MOV10,5,2,0.4,0.5293981420220372,0.54242206
MOXD1,5,2,0.4,0.39505285062,0.17847405
MRGPRE,5,2,0.4,0.36027174227915715,8.223123e-09
MUC6,5,2,0.4,0.573797332070144,0.5746066
MYLIP,5,2,0.4,0.4682854334682374,0.4057645
MYO1H,5,2,0.4,0.53659337286202,0.6216908
MYPN,5,2,0.4,0.5707346337382,0.6881923
NAA25,5,2,0.4,0.5325834443399999,0.56205463
NCOR2,5,2,0.4,0.44144301904872485,0.23985554
NEK1,5,2,0.4,0.3927174381,0.007993762
NHLRC2,5,2,0.4,0.530890609545136,0.6661922
NLRP14,5,2,0.4,0.47799981220000004,0.18752603
NMT2,5,2,0.4,0.435199598648358,0.40458918
NPC1,5,2,0.4,0.550290246,0.3957441
NRCAM,5,2,0.4,0.50962714496,0.5378286
NRDE2,5,2,0.4,0.37218185413858457,0.012829546
NSUN2,5,2,0.4,0.5324539692,0.37277833
NT5C1B,5,2,0.4,0.3609904383717401,8.1781866e-07
NUP160,5,2,0.4,0.530319074,0.52124745
OR10AG1,5,2,0.4,0.47399526382,0.34065357
OR1J1,5,2,0.4,0.4820357001914114,0.50732654
OR51M1,5,2,0.4,0.671099052,0.7496013
OR52E4,5,2,0.4,0.646695704,0.66988593
OR6K2,5,2,0.4,0.513787174,0.54054356
OR8K1,5,2,0.4,0.59358560042,0.7278198
OTOP1,5,2,0.4,0.3919685237174,0.0019044707
PADI3,5,2,0.4,0.41615257908128045,0.15515561
PDE8B,5,2,0.4,0.5516814412748774,0.47122252
PDP1,5,2,0.4,0.534993164033822,0.69396347
PERP,5,2,0.4,0.5188939924913614,0.7474338
PHF20L1,5,2,0.4,0.588180484,0.53836036
PHLPP2,5,2,0.4,0.5824491044,0.6757375
PHYHIP,5,2,0.4,0.53046365153326,0.67038697
PIR,5,2,0.4,0.5593293,0.656188
PLA2G4D,5,2,0.4,0.49768159506054194,0.59235936
PLBD2,5,2,0.4,0.5723695207766804,0.6245298
PLEKHG5,5,2,0.4,0.5476664120497595,0.6366054
PLS1,5,2,0.4,0.673592586,0.61902475
PPP2R5B,5,2,0.4,0.5856758032,0.6723959
PPP4R3A,5,2,0.4,0.5053673153259235,0.58908427
PRKCA,5,2,0.4,0.3688514736200946,0.023567265
PRPF4,5,2,0.4,0.430434803344,0.17006958
PTER,5,2,0.4,0.36676668689999997,0.051053785
PUS7,5,2,0.4,0.47038400659999996,0.24766968
RASAL2,5,2,0.4,0.535205994,0.5303218
RBBP8,5,2,0.4,0.675099378,0.7450922
RFPL2,5,2,0.4,0.4397643887243576,0.21658663
RGL4,5,2,0.4,0.3906525871327424,0.045656297
RPS6KA3,5,2,0.4,0.523064262,0.32960546
RRP1B,5,2,0.4,0.5610828201081853,0.530356
RSPH6A,5,2,0.4,0.49153858819999996,0.6516167
RUBCN,5,2,0.4,0.5223579444317601,0.6626514
SALL3,5,2,0.4,0.37323085907776954,6.0356257e-07
SAMD4B,5,2,0.4,0.648710982,0.73429775
SCAPER,5,2,0.4,0.49466334126,0.31227523
SCNN1A,5,2,0.4,0.60783397,0.47759366
SCUBE1,5,2,0.4,0.6364387579999999,0.70689446
SCYL1,5,2,0.4,0.546653565085508,0.4998166
SEC24A,5,2,0.4,0.4650758752,0.24981971
SELE,5,2,0.4,0.6312986,0.62015337
SENP1,5,2,0.4,0.4328303500443621,0.20279364
SENP5,5,2,0.4,0.64023792566454,0.6258026
SERPINB7,5,2,0.4,0.5744166159999999,0.5791564
SETD1A,5,2,0.4,0.438893035696419,0.26487368
SGSM1,5,2,0.4,0.41261231597328807,0.19796123
SH2D4A,5,2,0.4,0.5737999699999999,0.6265716
SIN3A,5,2,0.4,0.344597736895,0.0080005
SLC12A6,5,2,0.4,0.5991112729717815,0.74436855
SLC26A9,5,2,0.4,0.49639777008506,0.38541964
SLC45A4,5,2,0.4,0.452425063401748,0.29525715
SLC46A3,5,2,0.4,0.42867330201216003,0.18660088
SLF2,5,2,0.4,0.3967100467343557,0.00060942984
SNX1,5,2,0.4,0.705380012,0.6962176
SNX14,5,2,0.4,0.5119668449418165,0.51778316
SNX8,5,2,0.4,0.4193771373504,0.17106475
SPATA8,5,2,0.4,0.6311709139999999,0.5185564
SPECC1L,5,2,0.4,0.4825809188201178,0.47000727
SPNS3,5,2,0.4,0.593732564,0.44912905
SRSF5,5,2,0.4,0.39260554725939245,0.0047088414
STAT2,5,2,0.4,0.49168359400000006,0.24051574
STPG1,5,2,0.4,0.6550337041400001,0.7340931
SUSD1,5,2,0.4,0.48613681432,0.2826425
SUSD5,5,2,0.4,0.63529548,0.63250047
TAB2,5,2,0.4,0.5280265900861908,0.7300499
TADA3,5,2,0.4,0.378776894284452,0.091508284
TAF4B,5,2,0.4,0.5231961061,0.5577598
TBC1D19,5,2,0.4,0.42771760931265945,0.16585858
TBC1D8B,5,2,0.4,0.4354135168253892,0.23081908
TBX19,5,2,0.4,0.49872263199999994,0.29894125
TDP2,5,2,0.4,0.5537484642083313,0.6388111
TELO2,5,2,0.4,0.5670977010565168,0.5313818
THADA,5,2,0.4,0.4409539170866646,0.417429
THNSL1,5,2,0.4,0.3964369778653742,8.931978e-08
THRA,5,2,0.4,0.59071368843962,0.53999466
TIGD2,5,2,0.4,0.513332821996,0.61334014
TNFSF10,5,2,0.4,0.47665369613999997,0.3835131
TNFSF9,5,2,0.4,0.3707855598982128,0.029669939
TRABD2A,5,2,0.4,0.5630342673376479,0.5807979
TRAPPC12,5,2,0.4,0.4887482558387001,0.6167993
TRERF1,5,2,0.4,0.49534555790632,0.35099626
TRIM2,5,2,0.4,0.434412617975252,0.2525787
TRIM29,5,2,0.4,0.609973846,0.5078274
TRIM62,5,2,0.4,0.48662719751093597,0.59739137
TRIM7,5,2,0.4,0.4790455396326895,0.41612202
TSHR,5,2,0.4,0.46454991646887994,0.36059594
TUT4,5,2,0.4,0.523394724,0.590775
UBXN11,5,2,0.4,0.518640372313556,0.6077988
UGGT2,5,2,0.4,0.493886201333192,0.49311465
UGT1A1,5,2,0.4,0.4896649668824568,0.48016268
VPS8,5,2,0.4,0.3789988552068,0.13317704
WASHC5,5,2,0.4,0.3701352869752741,5.4024525e-08
ZAP70,5,2,0.4,0.39158220635450397,0.0029915443
ZBTB20,5,2,0.4,0.47889499252,0.48343396
ZC3H4,5,2,0.4,0.5334868254,0.46126693
ZDHHC18,5,2,0.4,0.52870189753687,0.6719796
ZFP28,5,2,0.4,0.44758063255999997,0.25948733
ZIM3,5,2,0.4,0.41327901321532,0.08889499
ZNF142,5,2,0.4,0.4401986425304,0.21113594
ZNF248,5,2,0.4,0.42264635629722197,0.10499544
ZNF263,5,2,0.4,0.5479117620049607,0.52189964
ZNF317,5,2,0.4,0.640149276,0.48307428
ZNF48,5,2,0.4,0.49017911066035075,0.4873626
ZNF528,5,2,0.4,0.683799866,0.7252432
ZNF586,5,2,0.4,0.699451964,0.6334108
ZNF71,5,2,0.4,0.39186486007967003,0.0011352267
ZNF713,5,2,0.4,0.5589816387401401,0.6962749
ABCC3,6,2,0.3333333333333333,0.552622261,0.500957315
ACAP2,6,2,0.3333333333333333,0.45453891553711384,0.37434319000000005
ADGRF4,6,2,0.3333333333333333,0.611758292,0.69014117
ADGRL4,6,2,0.3333333333333333,0.4453510388349333,0.37573314999999996
AMDHD1,6,2,0.3333333333333333,0.376700666681889,0.14213061999999999
AMFR,6,2,0.3333333333333333,0.5270637736508833,0.460667735
ARAP3,6,2,0.3333333333333333,0.39783640386924995,0.24389821447
ARHGAP9,6,2,0.3333333333333333,0.48156430125,0.46396277
ATP11C,6,2,0.3333333333333333,0.4198342459668214,0.2856005102425
BAZ1B,6,2,0.3333333333333333,0.3629060644666667,0.10266649149999998
BRD1,6,2,0.3333333333333333,0.4798954041665826,0.448398285
C2orf78,6,2,0.3333333333333333,0.31597120451883337,0.0033839978
CAPN3,6,2,0.3333333333333333,0.34013940596787995,0.029838837324384998
CBY2,6,2,0.3333333333333333,0.39360747226633336,0.2632250405
CCR9,6,2,0.3333333333333333,0.39376709231163326,0.295291405
CD19,6,2,0.3333333333333333,0.36849999864092003,0.16156796880000002
CD248,6,2,0.3333333333333333,0.32280456158651727,0.0489164512
CDH8,6,2,0.3333333333333333,0.3738488191517113,0.255497595
CDKN2A,6,2,0.3333333333333333,0.3868862380731221,0.16931980998945
CECR2,6,2,0.3333333333333333,0.32017154811925,0.008611583669999999
CFAP221,6,2,0.3333333333333333,0.4847136788384205,0.5972673
CLASP2,6,2,0.3333333333333333,0.38397282417954876,0.15643828
CRLF2,6,2,0.3333333333333333,0.4026254409028116,0.3625584219271
CSPG4,6,2,0.3333333333333333,0.34396435867100417,0.0594646735
DCN,6,2,0.3333333333333333,0.43017108433333334,0.24063075
DCX,6,2,0.3333333333333333,0.5748407183333334,0.47527027
DENND6A,6,2,0.3333333333333333,0.4536775645583333,0.37381398499999996
DSG1,6,2,0.3333333333333333,0.5860526983333333,0.51719865
DYRK2,6,2,0.3333333333333333,0.6464792678689361,0.63991305
EGFL6,6,2,0.3333333333333333,0.3315549501763111,0.021305485511000002
ELL2,6,2,0.3333333333333333,0.5453544625,0.57299112
FAM90A1,6,2,0.3333333333333333,0.36291423248345,0.16815463
FAM91A1,6,2,0.3333333333333333,0.4384995406670525,0.3252196945
FILIP1L,6,2,0.3333333333333333,0.34043649904333334,0.14159881
FPR2,6,2,0.3333333333333333,0.6574044666666666,0.595279935
FST,6,2,0.3333333333333333,0.5035285826163133,0.48641915999999996
FUT1,6,2,0.3333333333333333,0.3839978862610836,0.16362714145
GALNT2,6,2,0.3333333333333333,0.6848051633333333,0.692819665
GBF1,6,2,0.3333333333333333,0.46127662345000003,0.440480985
GPR4,6,2,0.3333333333333333,0.6265744158381433,0.6454248
GRIP2,6,2,0.3333333333333333,0.40611581091189497,0.300341035
HAL,6,2,0.3333333333333333,0.5344911711333333,0.58017269
HCRTR2,6,2,0.3333333333333333,0.6568767497166667,0.685029655
HIP1,6,2,0.3333333333333333,0.602116505,0.630787415
HTR7,6,2,0.3333333333333333,0.41128187003685707,0.24361236091862
IGSF11,6,2,0.3333333333333333,0.39098116368999997,0.34778200000000004
INTS2,6,2,0.3333333333333333,0.3353163156492367,0.04589743225
ISLR2,6,2,0.3333333333333333,0.4229476918323201,0.33110028211893
ITGA3,6,2,0.3333333333333333,0.4128214252026667,0.28835049150000003
ITIH4,6,2,0.3333333333333333,0.45466611333518175,0.37268264500000003
KCNQ2,6,2,0.3333333333333333,0.42694084546497296,0.3013811655173
KDM6A,6,2,0.3333333333333333,0.32507811214235854,2.2014252841475002e-06
KRT19,6,2,0.3333333333333333,0.5035553244040738,0.556227135
KRT38,6,2,0.3333333333333333,0.3863502815346474,0.18819252
KRTAP10-8,6,2,0.3333333333333333,0.4762277768975,0.426895645
L1TD1,6,2,0.3333333333333333,0.43529742722727766,0.323618515
LAMC3,6,2,0.3333333333333333,0.4994930389159013,0.470549025
LEKR1,6,2,0.3333333333333333,0.35988202103361666,0.17997393325
LMOD2,6,2,0.3333333333333333,0.4216874289547525,0.2773704325
MAP3K12,6,2,0.3333333333333333,0.37301867595000004,0.14809818
MAP3K15,6,2,0.3333333333333333,0.31547754402855827,0.006284129124295
MAP3K3,6,2,0.3333333333333333,0.543167643,0.54593199
MAP3K7,6,2,0.3333333333333333,0.61709158711,0.7016032750000001
MAST3,6,2,0.3333333333333333,0.5648971952466667,0.6163396999999999
MMP13,6,2,0.3333333333333333,0.6228615350000001,0.52058518
MRGPRX3,6,2,0.3333333333333333,0.48952335336062275,0.39120617
NAALAD2,6,2,0.3333333333333333,0.47025425583333336,0.41479881500000004
NBEAL2,6,2,0.3333333333333333,0.3116774438653915,0.00037642832586
NCAPD3,6,2,0.3333333333333333,0.5613293485,0.6361926250000001
NFATC4,6,2,0.3333333333333333,0.4155194941459186,0.29124090612935
NOS3,6,2,0.3333333333333333,0.396487222397987,0.21990388
ODF2L,6,2,0.3333333333333333,0.3787834085,0.236826475
OGG1,6,2,0.3333333333333333,0.4213096691796452,0.334364977
OPHN1,6,2,0.3333333333333333,0.42532918933333336,0.24931132
OR51G1,6,2,0.3333333333333333,0.4422680737983333,0.43738089
OR8I2,6,2,0.3333333333333333,0.5886386917499999,0.608929075
P2RY8,6,2,0.3333333333333333,0.5359868616666666,0.46476855000000006
PARP1,6,2,0.3333333333333333,0.47123249608,0.437213725
PCDHGA4,6,2,0.3333333333333333,0.4592692763187925,0.312203495
PCM1,6,2,0.3333333333333333,0.4091850655818268,0.26859141098927497
PGBD1,6,2,0.3333333333333333,0.5689410824863333,0.491459835
PHKA1,6,2,0.3333333333333333,0.3264614098762167,0.000256546985
PITPNM3,6,2,0.3333333333333333,0.42647034889616275,0.3664034815
PLEKHH2,6,2,0.3333333333333333,0.32999278962117173,0.00061418535
PLXNB1,6,2,0.3333333333333333,0.3581394165436557,0.0913132995
PRICKLE3,6,2,0.3333333333333333,0.3794457323931096,0.165050771775
PRKAG3,6,2,0.3333333333333333,0.3294588709633333,0.00578986915
PWWP3B,6,2,0.3333333333333333,0.31411955245576667,0.003423000285
ROR2,6,2,0.3333333333333333,0.46496872977369036,0.40347142999999996
RTKN2,6,2,0.3333333333333333,0.3137012390835383,0.00271335185
SBF1,6,2,0.3333333333333333,0.35883156420681533,0.09325030449999999
SDS,6,2,0.3333333333333333,0.54690541,0.5012518499999999
SLC11A1,6,2,0.3333333333333333,0.42630357811883335,0.360448865
SLC16A5,6,2,0.3333333333333333,0.635890301,0.6338601500000001
SLC6A17,6,2,0.3333333333333333,0.43294007378118,0.32999459
SMAD1,6,2,0.3333333333333333,0.4252894583310298,0.28453291195
SMYD3,6,2,0.3333333333333333,0.3985734290833333,0.22182235
SNX13,6,2,0.3333333333333333,0.5002752679825734,0.51173691
SOX9,6,2,0.3333333333333333,0.444063676719048,0.407921015
SPAG4,6,2,0.3333333333333333,0.40952995095743794,0.204945075
SYTL2,6,2,0.3333333333333333,0.542817295,0.37969915
TANC2,6,2,0.3333333333333333,0.55786751605,0.53285306
TAT,6,2,0.3333333333333333,0.45841419619999996,0.32627167
TCF7L2,6,2,0.3333333333333333,0.4176928585988073,0.34997641999999995
TGM5,6,2,0.3333333333333333,0.542810444764,0.6605171000000001
UNC5C,6,2,0.3333333333333333,0.5783628521666667,0.57068485
USP20,6,2,0.3333333333333333,0.3682364280573358,0.14435511650000002
USP32,6,2,0.3333333333333333,0.4407319983333333,0.2853613
VWA3A,6,2,0.3333333333333333,0.3831213279343833,0.206483875
WDR13,6,2,0.3333333333333333,0.42582902473100925,0.3033588091746
WDR90,6,2,0.3333333333333333,0.49026712362723335,0.54468993
YLPM1,6,2,0.3333333333333333,0.32589072573544664,0.00143883853
ZMAT4,6,2,0.3333333333333333,0.4003972028416261,0.2129917915
ZNF626,6,2,0.3333333333333333,0.35869669542816524,0.155184305
ZSCAN1,6,2,0.3333333333333333,0.5742055966666667,0.51834495
ZSCAN5A,6,2,0.3333333333333333,0.5272101151511954,0.514269285
ABCA2,7,2,0.2857142857142857,0.37579762236487557,0.06779085
ADAMTSL3,7,2,0.2857142857142857,0.49480584714285714,0.39517644
BCAM,7,2,0.2857142857142857,0.3413978064618929,0.0007645575
CHRM3,7,2,0.2857142857142857,0.3627970493628571,0.0774746
CPSF1,7,2,0.2857142857142857,0.33355481393740044,8.477765e-05
CUL2,7,2,0.2857142857142857,0.4078701397271428,0.2523895
CYP2A13,7,2,0.2857142857142857,0.4368459557227532,0.26978892
EGR2,7,2,0.2857142857142857,0.35568864935725714,0.33516026
EMC1,7,2,0.2857142857142857,0.4473563045714286,0.36754477
EMSY,7,2,0.2857142857142857,0.4083008071428571,0.19767714
FOXR2,7,2,0.2857142857142857,0.27035045285822035,4.0682817e-12
GZMB,7,2,0.2857142857142857,0.2910398805208145,0.0001836061
ILF3,7,2,0.2857142857142857,0.5099372654285714,0.5417376
JPH1,7,2,0.2857142857142857,0.35078343786888044,0.0017774268
KCNG1,7,2,0.2857142857142857,0.30127923027339437,6.0198607e-05
KIAA1614,7,2,0.2857142857142857,0.40430796153330145,0.38046458
KIF5C,7,2,0.2857142857142857,0.36888575445409855,1.6065205e-06
KLF17,7,2,0.2857142857142857,0.5151386869080142,0.52809954
LAMA4,7,2,0.2857142857142857,0.39263807448628185,0.21664147
MCM3,7,2,0.2857142857142857,0.53535016788,0.61748904
MORC2,7,2,0.2857142857142857,0.3688373129950301,3.3435148e-07
MTCL1,7,2,0.2857142857142857,0.35090375592356143,0.078894906
MYO9B,7,2,0.2857142857142857,0.4022720722042857,0.32975292
NAV1,7,2,0.2857142857142857,0.5123031018399999,0.47927532
NAV3,7,2,0.2857142857142857,0.4079013148,0.29259405
NCAM1,7,2,0.2857142857142857,0.3697007451344005,0.3328284
NEBL,7,2,0.2857142857142857,0.4053220780420187,0.15489992
NMUR2,7,2,0.2857142857142857,0.39821138406424045,0.1979402
NRXN2,7,2,0.2857142857142857,0.47438986637419545,0.44349995
NUP210,7,2,0.2857142857142857,0.30886672770406437,0.0022806756
OR4D5,7,2,0.2857142857142857,0.5216830125714286,0.47599864
OR5I1,7,2,0.2857142857142857,0.4039166148249782,0.42139694
P2RY4,7,2,0.2857142857142857,0.2850701360131707,0.00026170933
PAK5,7,2,0.2857142857142857,0.45345374163848856,0.5857461
PLCB2,7,2,0.2857142857142857,0.34755504810803656,0.21177667
PRDM10,7,2,0.2857142857142857,0.4753446272565229,0.5390154
PRSS36,7,2,0.2857142857142857,0.2831324021804468,1.6160311e-05
PYGM,7,2,0.2857142857142857,0.4607736934718357,0.3332194
RPL32,7,2,0.2857142857142857,0.47637494812857145,0.6348592
SASH1,7,2,0.2857142857142857,0.36889642617736573,0.016750647
SGSM2,7,2,0.2857142857142857,0.32975926743782036,0.020337008
SLC35G3,7,2,0.2857142857142857,0.43284982914285713,0.30079088
SLC6A14,7,2,0.2857142857142857,0.3388802772711939,1.4074182e-07
SLC6A19,7,2,0.2857142857142857,0.6500555028571429,0.6537254
SP1,7,2,0.2857142857142857,0.62585916,0.6489356
TET3,7,2,0.2857142857142857,0.27234937487596866,1.5240417e-06
TMC1,7,2,0.2857142857142857,0.4421558301741421,0.5449766
TMC2,7,2,0.2857142857142857,0.3438266369157143,0.037894823
TMEM132E,7,2,0.2857142857142857,0.3308162621356089,0.06484123
TRAK1,7,2,0.2857142857142857,0.35059053855714284,0.24833
UNC13A,7,2,0.2857142857142857,0.312787777199103,0.0009891787
USP15,7,2,0.2857142857142857,0.42750715565142855,0.31331405
VWCE,7,2,0.2857142857142857,0.27184992282981724,8.023129e-08
WDR44,7,2,0.2857142857142857,0.28839798004104883,0.0002753371
AGRN,8,2,0.25,0.3692193339283539,0.15401917199999998
AL353804.7,8,2,0.25,0.527926158710625,0.66485695
ASTN2,8,2,0.25,0.302480975331316,0.039538923865
BBS9,8,2,0.25,0.45835665881295373,0.437767615
CAPN1,8,2,0.25,0.4996208850844738,0.510832335
DLGAP2,8,2,0.25,0.22670721003057137,2.04394765e-07
EIF4G1,8,2,0.25,0.32156197488523836,0.17603881
F9,8,2,0.25,0.21358285882634118,4.9269692349999994e-08
FNDC3B,8,2,0.25,0.39727805563720864,0.3445671
HERC1,8,2,0.25,0.35172529961696863,0.178418456
KDM6B,8,2,0.25,0.34880132871260416,0.1497146087
MAGEB4,8,2,0.25,0.3049314318099784,0.18595379499999998
NELL1,8,2,0.25,0.38799625030616003,0.2625341305
NIN,8,2,0.25,0.41977016056420874,0.34271393
NTRK3,8,2,0.25,0.4552515132412651,0.45441207
PDCD11,8,2,0.25,0.2691198748491375,0.004483665249999999
PHLPP1,8,2,0.25,0.55310061925,0.6205346
PLA2G4A,8,2,0.25,0.535011162645,0.551131585
PNPLA7,8,2,0.25,0.23216921995849138,3.2349693999999997e-07
RASGRF1,8,2,0.25,0.52065769601,0.593948395
SI,8,2,0.25,0.582879425,0.55990405
SLC39A12,8,2,0.25,0.30690103516599004,6.25336192e-07
SORCS1,8,2,0.25,0.25144042975800374,7.0656513e-06
TBC1D1,8,2,0.25,0.437106887,0.344298465
TICRR,8,2,0.25,0.3163336482175108,1.83561963e-07
TNKS2,8,2,0.25,0.4601572638015583,0.46896420000000005
TNXB,8,2,0.25,0.35448642301508126,0.09270654275
UBR5,8,2,0.25,0.4872582253690855,0.44637368
ZNF516,8,2,0.25,0.38590470089107604,0.26176775950000003
ATM,9,2,0.2222222222222222,0.41531879171111113,0.2710689
CACNA1G,9,2,0.2222222222222222,0.2960666421171111,0.00017893512
CCSER1,9,2,0.2222222222222222,0.3292413953614111,0.046301227
CCT8L2,9,2,0.2222222222222222,0.40526848073962524,0.3099277
CELSR2,9,2,0.2222222222222222,0.36051833226033014,0.20871338
CPZ,9,2,0.2222222222222222,0.44033906411191664,0.5076319
FNDC1,9,2,0.2222222222222222,0.37457797136552234,0.39032224
GAA,9,2,0.2222222222222222,0.40003068825063753,0.35131812
GMIP,9,2,0.2222222222222222,0.22062659264312112,0.00013009558
HIRA,9,2,0.2222222222222222,0.4324845024968511,0.49206978
INSRR,9,2,0.2222222222222222,0.274296574238269,0.116672255
KIT,9,2,0.2222222222222222,0.4903862414978019,0.5366639
MAPKBP1,9,2,0.2222222222222222,0.5242854011111111,0.43873316
PCSK5,9,2,0.2222222222222222,0.3635926601167769,0.082126975
SORCS2,9,2,0.2222222222222222,0.2678129613981111,5.760882e-07
SORL1,9,2,0.2222222222222222,0.4264744428111111,0.29256842
SPTBN4,9,2,0.2222222222222222,0.2921232304000662,7.2517486e-07
CHRNB4,10,2,0.2,0.2782767831827084,0.035412213
DISP3,10,2,0.2,0.28434730732137414,4.43982703e-05
THSD4,10,2,0.2,0.378833014201973,0.296131405
TSPEAR,10,2,0.2,0.38690637371529274,0.34793279
ALPG,11,2,0.18181818181818182,0.22872864936955822,0.012586436
CFAP74,12,2,0.16666666666666666,0.27828690286275054,0.21161316
AAMDC,1,1,1.0,0.8174227,0.8174227
AAR2,1,1,1.0,0.98864776,0.98864776
ABCB9,1,1,1.0,0.96312004,0.96312004
ABCD4,1,1,1.0,0.98832345,0.98832345
ABHD1,1,1,1.0,0.97793764,0.97793764
ABHD15,1,1,1.0,0.8967289,0.8967289
ABHD2,1,1,1.0,0.9649979,0.9649979
ABHD3,1,1,1.0,0.81798196,0.81798196
ABLIM1,1,1,1.0,0.861075,0.861075
AC004997.1,1,1,1.0,0.9810651,0.9810651
AC008764.4,1,1,1.0,0.990827,0.990827
AC025165.3,1,1,1.0,0.99140877,0.99140877
AC093246.1,1,1,1.0,0.98107105,0.98107105
AC131160.1,1,1,1.0,0.99109113,0.99109113
AC139530.2,1,1,1.0,0.98010296,0.98010296
AC244258.1,1,1,1.0,0.98601806,0.98601806
AC245748.1,1,1,1.0,0.99120224,0.99120224
AC245884.12,1,1,1.0,0.9814031,0.9814031
ACAA2,1,1,1.0,0.9577611,0.9577611
ACAD8,1,1,1.0,0.93681085,0.93681085
ACBD4,1,1,1.0,0.92382294,0.92382294
ACER3,1,1,1.0,0.9913087,0.9913087
ACKR3,1,1,1.0,0.9756663,0.9756663
ACOT6,1,1,1.0,0.9914137,0.9914137
ACP2,1,1,1.0,0.90789056,0.90789056
ACRBP,1,1,1.0,0.98160386,0.98160386
ACSS2,1,1,1.0,0.9913244,0.9913244
ACTC1,1,1,1.0,0.9332138,0.9332138
ACTG1,1,1,1.0,0.90289134,0.90289134
ACTL10,1,1,1.0,0.94889057,0.94889057
ACVR2B,1,1,1.0,0.9890381,0.9890381
ADAM11,1,1,1.0,0.99096745,0.99096745
ADAM18,1,1,1.0,0.99126446,0.99126446
ADAM19,1,1,1.0,0.9462394,0.9462394
ADAM33,1,1,1.0,0.8682582,0.8682582
ADAMTSL4,1,1,1.0,0.99131,0.99131
ADAT2,1,1,1.0,0.9914936,0.9914936
ADGRE5,1,1,1.0,0.90390414,0.90390414
ADGRF1,1,1,1.0,0.9738617,0.9738617
ADGRF2,1,1,1.0,0.9911049,0.9911049
ADH4,1,1,1.0,0.9699536,0.9699536
ADI1,1,1,1.0,0.9866963,0.9866963
ADPRH,1,1,1.0,0.98063654,0.98063654
ADPRHL1,1,1,1.0,0.96946377,0.96946377
ADRM1,1,1,1.0,0.75368035,0.75368035
ADSS2,1,1,1.0,0.932086,0.932086
AFTPH,1,1,1.0,0.9273357,0.9273357
AGA,1,1,1.0,0.99111396,0.99111396
AGAP2,1,1,1.0,0.7988621,0.7988621
AGBL2,1,1,1.0,0.9855723,0.9855723
AGK,1,1,1.0,0.99129045,0.99129045
AGTRAP,1,1,1.0,0.99103653,0.99103653
AIF1,1,1,1.0,0.8694986,0.8694986
AIFM3,1,1,1.0,0.98718125,0.98718125
AK6,1,1,1.0,0.9901748,0.9901748
AKAP14,1,1,1.0,0.91157454,0.91157454
AKAP5,1,1,1.0,0.9810839,0.9810839
AKIRIN2,1,1,1.0,0.9914983,0.9914983
AKR1C8P,1,1,1.0,0.9912731,0.9912731
AKR7A2,1,1,1.0,0.9783011,0.9783011
AL133467.6,1,1,1.0,0.86893463,0.86893463
AL163540.1,1,1,1.0,0.99122834,0.99122834
ALAD,1,1,1.0,0.97118616,0.97118616
ALDH16A1,1,1,1.0,0.974246,0.974246
ALDH3B1,1,1,1.0,0.9521873,0.9521873
ALG10,1,1,1.0,0.9915148,0.9915148
ALG11,1,1,1.0,0.96584606,0.96584606
ALG8,1,1,1.0,0.99144894,0.99144894
ALKBH1,1,1,1.0,0.9914648,0.9914648
ALKBH5,1,1,1.0,0.9912833,0.9912833
ALKBH6,1,1,1.0,0.89012516,0.89012516
ALKBH7,1,1,1.0,0.97998446,0.97998446
AMER1,1,1,1.0,0.98859066,0.98859066
AMIGO2,1,1,1.0,0.97570133,0.97570133
AMOTL1,1,1,1.0,0.98743016,0.98743016
AMT,1,1,1.0,0.991323,0.991323
AMY1B,1,1,1.0,0.96995115,0.96995115
AMZ2,1,1,1.0,0.99148,0.99148
ANAPC1,1,1,1.0,0.9912004,0.9912004
ANGEL1,1,1,1.0,0.9751277,0.9751277
ANGPTL3,1,1,1.0,0.99128133,0.99128133
ANGPTL7,1,1,1.0,0.9735692,0.9735692
ANKLE2,1,1,1.0,0.9793168,0.9793168
ANKRD13A,1,1,1.0,0.99144226,0.99144226
ANKRD13C,1,1,1.0,0.8116968,0.8116968
ANKRD13D,1,1,1.0,0.8106515,0.8106515
ANKRD20A2P,1,1,1.0,0.95206475,0.95206475
ANKRD44,1,1,1.0,0.991441,0.991441
ANKRD54,1,1,1.0,0.99142796,0.99142796
ANXA4,1,1,1.0,0.9696335,0.9696335
ANXA5,1,1,1.0,0.9914624,0.9914624
ANXA8,1,1,1.0,0.99080515,0.99080515
AOAH,1,1,1.0,0.9913668,0.9913668
AP000721.1,1,1,1.0,0.9895893,0.9895893
AP001267.5,1,1,1.0,0.98240453,0.98240453
AP001425.1,1,1,1.0,0.9905986,0.9905986
AP003393.1,1,1,1.0,0.8120607,0.8120607
AP3M1,1,1,1.0,0.9848134,0.9848134
AP3S1,1,1,1.0,0.9913254,0.9913254
AP4S1,1,1,1.0,0.9848609,0.9848609
AP5M1,1,1,1.0,0.96529263,0.96529263
APOBEC1,1,1,1.0,0.9913511,0.9913511
APOL2,1,1,1.0,0.99135256,0.99135256
APOOL,1,1,1.0,0.96273464,0.96273464
APTX,1,1,1.0,0.9902097,0.9902097
AQP11,1,1,1.0,0.99140805,0.99140805
AQP12A,1,1,1.0,0.9455378,0.9455378
AQP5,1,1,1.0,0.9220567,0.9220567
ARFGAP3,1,1,1.0,0.99133563,0.99133563
ARGFX,1,1,1.0,0.9900191,0.9900191
ARHGAP1,1,1,1.0,0.9915149,0.9915149
ARHGAP12,1,1,1.0,0.9871766,0.9871766
ARHGAP15,1,1,1.0,0.9745029,0.9745029
ARHGAP22,1,1,1.0,0.9403842,0.9403842
ARHGAP24,1,1,1.0,0.9914278,0.9914278
ARHGAP42,1,1,1.0,0.96271527,0.96271527
ARHGEF38,1,1,1.0,0.9914341,0.9914341
ARID5A,1,1,1.0,0.9913084,0.9913084
ARL5B,1,1,1.0,0.99116665,0.99116665
ARL9,1,1,1.0,0.98602194,0.98602194
ARMCX5,1,1,1.0,0.8371805,0.8371805
ARNT,1,1,1.0,0.7710245,0.7710245
ARPC2,1,1,1.0,0.95032597,0.95032597
ARPC5L,1,1,1.0,0.9913469,0.9913469
ARR3,1,1,1.0,0.9913629,0.9913629
ARRB2,1,1,1.0,0.9912798,0.9912798
ARRDC1,1,1,1.0,0.9913447,0.9913447
ASAH1,1,1,1.0,0.9912656,0.9912656
ASAH2B,1,1,1.0,0.9913605,0.9913605
ASB8,1,1,1.0,0.92151713,0.92151713
ASCC1,1,1,1.0,0.9914588,0.9914588
ASH2L,1,1,1.0,0.86897993,0.86897993
ATAD5,1,1,1.0,0.9600852,0.9600852
ATF1,1,1,1.0,0.9855295,0.9855295
ATF5,1,1,1.0,0.8995745,0.8995745
ATF6,1,1,1.0,0.80052954,0.80052954
ATG10,1,1,1.0,0.9457671,0.9457671
ATG12,1,1,1.0,0.99077153,0.99077153
ATG14,1,1,1.0,0.9833739,0.9833739
ATIC,1,1,1.0,0.8799571,0.8799571
ATP1B1,1,1,1.0,0.9859298,0.9859298
ATP1B3,1,1,1.0,0.9903391,0.9903391
ATP5MC2,1,1,1.0,0.9914171,0.9914171
ATP5PD,1,1,1.0,0.9912435,0.9912435
ATP6AP1,1,1,1.0,0.9687318,0.9687318
ATP6AP2,1,1,1.0,0.86518955,0.86518955
ATP6V1B1,1,1,1.0,0.755033,0.755033
ATP6V1F,1,1,1.0,0.98939323,0.98939323
ATP6V1G2,1,1,1.0,0.97956765,0.97956765
ATPAF2,1,1,1.0,0.9914819,0.9914819
ATRAID,1,1,1.0,0.9895517,0.9895517
AUP1,1,1,1.0,0.9572212,0.9572212
AURKB,1,1,1.0,0.9210275,0.9210275
AVPR2,1,1,1.0,0.9054008,0.9054008
AZIN2,1,1,1.0,0.8730407,0.8730407
B3GALNT1,1,1,1.0,0.9914426,0.9914426
B3GALT1,1,1,1.0,0.983634,0.983634
B3GAT2,1,1,1.0,0.9734334,0.9734334
B4GALNT2,1,1,1.0,0.82792276,0.82792276
B4GALT1,1,1,1.0,0.99146956,0.99146956
B4GALT4,1,1,1.0,0.9914619,0.9914619
B9D1,1,1,1.0,0.9769363,0.9769363
BAAT,1,1,1.0,0.98830926,0.98830926
BABAM1,1,1,1.0,0.99139786,0.99139786
BABAM2,1,1,1.0,0.98989886,0.98989886
BAG2,1,1,1.0,0.99131083,0.99131083
BAMBI,1,1,1.0,0.97768354,0.97768354
BANF1,1,1,1.0,0.99074835,0.99074835
BARHL1,1,1,1.0,0.9741691,0.9741691
BBS10,1,1,1.0,0.9914936,0.9914936
BCKDHA,1,1,1.0,0.94507676,0.94507676
BCKDK,1,1,1.0,0.9827298,0.9827298
BCL7A,1,1,1.0,0.94142646,0.94142646
BCO2,1,1,1.0,0.99000156,0.99000156
BCR,1,1,1.0,0.9890026,0.9890026
BCS1L,1,1,1.0,0.9101266,0.9101266
BDH1,1,1,1.0,0.9871815,0.9871815
BDH2,1,1,1.0,0.98947734,0.98947734
BEND4,1,1,1.0,0.99147874,0.99147874
BEND6,1,1,1.0,0.94502765,0.94502765
BEND7,1,1,1.0,0.93811274,0.93811274
BET1,1,1,1.0,0.87997544,0.87997544
BEX4,1,1,1.0,0.9727888,0.9727888
BGN,1,1,1.0,0.97893083,0.97893083
BHMT2,1,1,1.0,0.9914106,0.9914106
BIN3,1,1,1.0,0.9914072,0.9914072
BLVRA,1,1,1.0,0.99119204,0.99119204
BMP10,1,1,1.0,0.98180515,0.98180515
BMP2,1,1,1.0,0.94676256,0.94676256
BMP8B,1,1,1.0,0.9864806,0.9864806
BMT2,1,1,1.0,0.991413,0.991413
BNIP5,1,1,1.0,0.96704626,0.96704626
BPY2C,1,1,1.0,0.9699584,0.9699584
BST1,1,1,1.0,0.99126524,0.99126524
BTBD1,1,1,1.0,0.89496243,0.89496243
BTBD8,1,1,1.0,0.8282945,0.8282945
BZW2,1,1,1.0,0.99121475,0.99121475
C10orf62,1,1,1.0,0.975723,0.975723
C11orf1,1,1,1.0,0.989219,0.989219
C11orf24,1,1,1.0,0.99144953,0.99144953
C11orf58,1,1,1.0,0.99150616,0.99150616
C11orf94,1,1,1.0,0.99145424,0.99145424
C12orf43,1,1,1.0,0.8995065,0.8995065
C12orf77,1,1,1.0,0.9704475,0.9704475
C15orf40,1,1,1.0,0.9839941,0.9839941
C16orf78,1,1,1.0,0.99101955,0.99101955
C18orf25,1,1,1.0,0.9912703,0.9912703
C19orf44,1,1,1.0,0.9914478,0.9914478
C19orf54,1,1,1.0,0.9703523,0.9703523
C1GALT1C1,1,1,1.0,0.9857085,0.9857085
C1QTNF1,1,1,1.0,0.99049765,0.99049765
C1QTNF12,1,1,1.0,0.9848748,0.9848748
C1QTNF9,1,1,1.0,0.99150956,0.99150956
C1RL,1,1,1.0,0.99146175,0.99146175
C1orf105,1,1,1.0,0.9731092,0.9731092
C1orf131,1,1,1.0,0.9912832,0.9912832
C1orf162,1,1,1.0,0.9892517,0.9892517
C1orf43,1,1,1.0,0.9018848,0.9018848
C1orf74,1,1,1.0,0.9910527,0.9910527
C21orf58,1,1,1.0,0.97210026,0.97210026
C21orf91,1,1,1.0,0.99138665,0.99138665
C2orf69,1,1,1.0,0.99046284,0.99046284
C2orf80,1,1,1.0,0.9906714,0.9906714
C4A,1,1,1.0,0.98942685,0.98942685
C4orf33,1,1,1.0,0.9180282,0.9180282
C5AR2,1,1,1.0,0.9915177,0.9915177
C5orf15,1,1,1.0,0.99137187,0.99137187
C5orf38,1,1,1.0,0.9914517,0.9914517
C5orf58,1,1,1.0,0.98514974,0.98514974
C6orf120,1,1,1.0,0.91951275,0.91951275
C6orf136,1,1,1.0,0.9505497,0.9505497
C6orf15,1,1,1.0,0.9898622,0.9898622
C6orf62,1,1,1.0,0.95835197,0.95835197
C7orf25,1,1,1.0,0.9914875,0.9914875
C8orf76,1,1,1.0,0.8536643,0.8536643
C9orf152,1,1,1.0,0.9730085,0.9730085
C9orf163,1,1,1.0,0.81587064,0.81587064
C9orf50,1,1,1.0,0.99105495,0.99105495
C9orf72,1,1,1.0,0.99126875,0.99126875
C9orf78,1,1,1.0,0.99144906,0.99144906
CA1,1,1,1.0,0.9915046,0.9915046
CA9,1,1,1.0,0.98763925,0.98763925
CABP2,1,1,1.0,0.9581872,0.9581872
CABP5,1,1,1.0,0.9301084,0.9301084
CACNB1,1,1,1.0,0.9823636,0.9823636
CACNG7,1,1,1.0,0.99128085,0.99128085
CALB1,1,1,1.0,0.99002784,0.99002784
CALHM4,1,1,1.0,0.9427752,0.9427752
CAMK2G,1,1,1.0,0.9557723,0.9557723
CAMLG,1,1,1.0,0.99131024,0.99131024
CAMTA2,1,1,1.0,0.9890981,0.9890981
CAP2,1,1,1.0,0.9730566,0.9730566
CAPG,1,1,1.0,0.9804047,0.9804047
CAPN11,1,1,1.0,0.9782827,0.9782827
CAPN12,1,1,1.0,0.9914498,0.9914498
CAPNS1,1,1,1.0,0.88911134,0.88911134
CAPRIN1,1,1,1.0,0.9772305,0.9772305
CAPZA3,1,1,1.0,0.98602355,0.98602355
CASP14,1,1,1.0,0.85003734,0.85003734
CASP3,1,1,1.0,0.9658221,0.9658221
CASP5,1,1,1.0,0.99143094,0.99143094
CASP6,1,1,1.0,0.99092007,0.99092007
CASP8,1,1,1.0,0.9880525,0.9880525
CATSPER1,1,1,1.0,0.98163384,0.98163384
CATSPERB,1,1,1.0,0.82516253,0.82516253
CAVIN4,1,1,1.0,0.9897385,0.9897385
CBFA2T2,1,1,1.0,0.99148285,0.99148285
CBL,1,1,1.0,0.9294638,0.9294638
CBLL2,1,1,1.0,0.90726966,0.90726966
CBLN1,1,1,1.0,0.92858434,0.92858434
CBLN4,1,1,1.0,0.9894881,0.9894881
CBR1,1,1,1.0,0.98521984,0.98521984
CBWD1,1,1,1.0,0.96847737,0.96847737
CBX3,1,1,1.0,0.9909644,0.9909644
CBY1,1,1,1.0,0.9913053,0.9913053
CC2D2B,1,1,1.0,0.98667693,0.98667693
CCDC102B,1,1,1.0,0.89187855,0.89187855
CCDC107,1,1,1.0,0.9617378,0.9617378
CCDC114,1,1,1.0,0.9849711,0.9849711
CCDC134,1,1,1.0,0.99137574,0.99137574
CCDC150,1,1,1.0,0.9497071,0.9497071
CCDC167,1,1,1.0,0.99141544,0.99141544
CCDC186,1,1,1.0,0.99112564,0.99112564
CCDC198,1,1,1.0,0.9773865,0.9773865
CCDC57,1,1,1.0,0.98802036,0.98802036
CCDC65,1,1,1.0,0.9883161,0.9883161
CCDC74B,1,1,1.0,0.968229,0.968229
CCDC86,1,1,1.0,0.9877506,0.9877506
CCDC88A,1,1,1.0,0.9914819,0.9914819
CCK,1,1,1.0,0.9683257,0.9683257
CCL13,1,1,1.0,0.99098915,0.99098915
CCL28,1,1,1.0,0.9915149,0.9915149
CCL4,1,1,1.0,0.7988957,0.7988957
CCL7,1,1,1.0,0.99131775,0.99131775
CCNA2,1,1,1.0,0.92319554,0.92319554
CCNB2,1,1,1.0,0.7811901,0.7811901
CCNI2,1,1,1.0,0.98371387,0.98371387
CCNJ,1,1,1.0,0.9558004,0.9558004
CCR7,1,1,1.0,0.99147636,0.99147636
CCRL2,1,1,1.0,0.9773117,0.9773117
CCT3,1,1,1.0,0.98984617,0.98984617
CD200R1,1,1,1.0,0.98407525,0.98407525
CD207,1,1,1.0,0.92696524,0.92696524
CD300E,1,1,1.0,0.9504458,0.9504458
CD300LB,1,1,1.0,0.9833264,0.9833264
CD3G,1,1,1.0,0.97673845,0.97673845
CD40,1,1,1.0,0.989808,0.989808
CD40LG,1,1,1.0,0.9800136,0.9800136
CD46,1,1,1.0,0.78516746,0.78516746
CD63,1,1,1.0,0.9908405,0.9908405
CD69,1,1,1.0,0.9598409,0.9598409
CD70,1,1,1.0,0.9789249,0.9789249
CD79B,1,1,1.0,0.8281314,0.8281314
CD81,1,1,1.0,0.9902553,0.9902553
CD99,1,1,1.0,0.9860312,0.9860312
CD99L2,1,1,1.0,0.99151295,0.99151295
CDA,1,1,1.0,0.9708576,0.9708576
CDC123,1,1,1.0,0.9547992,0.9547992
CDC14A,1,1,1.0,0.95400566,0.95400566
CDC14B,1,1,1.0,0.80426854,0.80426854
CDC16,1,1,1.0,0.93839556,0.93839556
CDC25B,1,1,1.0,0.9896757,0.9896757
CDC34,1,1,1.0,0.87388504,0.87388504
CDC37L1,1,1,1.0,0.99151784,0.99151784
CDC6,1,1,1.0,0.94660497,0.94660497
CDCA8,1,1,1.0,0.9914043,0.9914043
CDK10,1,1,1.0,0.9906487,0.9906487
CDK18,1,1,1.0,0.99140257,0.99140257
CDK19,1,1,1.0,0.9854857,0.9854857
CDK2,1,1,1.0,0.82798475,0.82798475
CDK5R1,1,1,1.0,0.97075975,0.97075975
CDKN2D,1,1,1.0,0.9882059,0.9882059
CDKN3,1,1,1.0,0.9912917,0.9912917
CDR2,1,1,1.0,0.99066633,0.99066633
CDV3,1,1,1.0,0.9004333,0.9004333
CEACAM1,1,1,1.0,0.9913924,0.9913924
CEACAM3,1,1,1.0,0.9551438,0.9551438
CEACAM6,1,1,1.0,0.8829608,0.8829608
CELA2B,1,1,1.0,0.9913641,0.9913641
CELF3,1,1,1.0,0.97674495,0.97674495
CEMP1,1,1,1.0,0.95876545,0.95876545
CENATAC,1,1,1.0,0.99077374,0.99077374
CENPH,1,1,1.0,0.9703288,0.9703288
CENPM,1,1,1.0,0.9847969,0.9847969
CENPT,1,1,1.0,0.9812614,0.9812614
CEP120,1,1,1.0,0.98009217,0.98009217
CEP43,1,1,1.0,0.99049133,0.99049133
CEP68,1,1,1.0,0.9912123,0.9912123
CEP78,1,1,1.0,0.9902919,0.9902919
CFAP126,1,1,1.0,0.9912884,0.9912884
CFAP298-TCP10L,1,1,1.0,0.9890316,0.9890316
CFI,1,1,1.0,0.9571812,0.9571812
CFL1,1,1,1.0,0.9475865,0.9475865
CFLAR,1,1,1.0,0.9706777,0.9706777
CGB1,1,1,1.0,0.9871804,0.9871804
CHCHD3,1,1,1.0,0.9870639,0.9870639
CHCHD5,1,1,1.0,0.94850045,0.94850045
CHCHD6,1,1,1.0,0.9915001,0.9915001
CHIC1,1,1,1.0,0.98083293,0.98083293
CHIC2,1,1,1.0,0.9805978,0.9805978
CHKA,1,1,1.0,0.99133766,0.99133766
CHMP1A,1,1,1.0,0.82438946,0.82438946
CHODL,1,1,1.0,0.86123914,0.86123914
CHP1,1,1,1.0,0.77796215,0.77796215
CHPF2,1,1,1.0,0.99149066,0.99149066
CHRM1,1,1,1.0,0.92956454,0.92956454
CHRNA9,1,1,1.0,0.84371555,0.84371555
CIAO3,1,1,1.0,0.942923,0.942923
CIART,1,1,1.0,0.9914916,0.9914916
CIBAR2,1,1,1.0,0.9914792,0.9914792
CISD2,1,1,1.0,0.99130356,0.99130356
CKAP4,1,1,1.0,0.8629681,0.8629681
CLDN12,1,1,1.0,0.9818345,0.9818345
CLDN15,1,1,1.0,0.9889865,0.9889865
CLDN22,1,1,1.0,0.99141824,0.99141824
CLEC1B,1,1,1.0,0.8133721,0.8133721
CLEC4A,1,1,1.0,0.9913864,0.9913864
CLIC6,1,1,1.0,0.99145645,0.99145645
CLPSL1,1,1,1.0,0.96872956,0.96872956
CLTB,1,1,1.0,0.9907274,0.9907274
CLUL1,1,1,1.0,0.9842852,0.9842852
CMBL,1,1,1.0,0.85973316,0.85973316
CMPK1,1,1,1.0,0.8675465,0.8675465
CMTM2,1,1,1.0,0.93125075,0.93125075
CMTM3,1,1,1.0,0.991499,0.991499
CNDP2,1,1,1.0,0.9846026,0.9846026
CNIH2,1,1,1.0,0.97349656,0.97349656
CNIH4,1,1,1.0,0.9758099,0.9758099
CNN3,1,1,1.0,0.77410686,0.77410686
CNOT11,1,1,1.0,0.9362562,0.9362562
CNOT6,1,1,1.0,0.9912754,0.9912754
CNPPD1,1,1,1.0,0.9892903,0.9892903
CNPY2,1,1,1.0,0.97822136,0.97822136
CNRIP1,1,1,1.0,0.9849973,0.9849973
COA4,1,1,1.0,0.9869845,0.9869845
COA8,1,1,1.0,0.99127066,0.99127066
COCH,1,1,1.0,0.97177446,0.97177446
COL8A2,1,1,1.0,0.98864645,0.98864645
COLEC12,1,1,1.0,0.920273,0.920273
COMMD5,1,1,1.0,0.99140406,0.99140406
COMMD6,1,1,1.0,0.95356375,0.95356375
COMMD7,1,1,1.0,0.98544574,0.98544574
COPA,1,1,1.0,0.9914943,0.9914943
COPS3,1,1,1.0,0.9603561,0.9603561
COPS5,1,1,1.0,0.9912811,0.9912811
COPS7A,1,1,1.0,0.9536142,0.9536142
COPS8,1,1,1.0,0.9510667,0.9510667
COPS9,1,1,1.0,0.93216044,0.93216044
COPZ1,1,1,1.0,0.99129546,0.99129546
COQ10B,1,1,1.0,0.9666334,0.9666334
COQ9,1,1,1.0,0.99137634,0.99137634
CORO1C,1,1,1.0,0.95729524,0.95729524
COX11,1,1,1.0,0.9806138,0.9806138
CPEB4,1,1,1.0,0.99133754,0.99133754
CPM,1,1,1.0,0.9842063,0.9842063
CPNE1,1,1,1.0,0.88493073,0.88493073
CPNE6,1,1,1.0,0.99151576,0.99151576
CPNE9,1,1,1.0,0.9816846,0.9816846
CRCP,1,1,1.0,0.8920326,0.8920326
CREBRF,1,1,1.0,0.9895808,0.9895808
CREBZF,1,1,1.0,0.9366325,0.9366325
CRIP1,1,1,1.0,0.99149346,0.99149346
CRK,1,1,1.0,0.9910183,0.9910183
CRLF1,1,1,1.0,0.97994286,0.97994286
CRTAP,1,1,1.0,0.9757734,0.9757734
CRX,1,1,1.0,0.99096876,0.99096876
CRYAB,1,1,1.0,0.98938835,0.98938835
CRYL1,1,1,1.0,0.9682921,0.9682921
CRYM,1,1,1.0,0.97838163,0.97838163
CSAG3,1,1,1.0,0.9844977,0.9844977
CSKMT,1,1,1.0,0.90583295,0.90583295
CSNK1D,1,1,1.0,0.97548884,0.97548884
CSNK1G2,1,1,1.0,0.9635345,0.9635345
CSRP2,1,1,1.0,0.9914239,0.9914239
CSRP3,1,1,1.0,0.9822068,0.9822068
CST6,1,1,1.0,0.98441374,0.98441374
CST7,1,1,1.0,0.9429122,0.9429122
CSTL1,1,1,1.0,0.99138767,0.99138767
CTNS,1,1,1.0,0.9886423,0.9886423
CTSA,1,1,1.0,0.99139386,0.99139386
CTSH,1,1,1.0,0.983808,0.983808
CUL4A,1,1,1.0,0.99131197,0.99131197
CX3CL1,1,1,1.0,0.9811297,0.9811297
CXCL13,1,1,1.0,0.9666776,0.9666776
CXXC5,1,1,1.0,0.9589251,0.9589251
CXorf38,1,1,1.0,0.9363706,0.9363706
CYB5R4,1,1,1.0,0.93008256,0.93008256
CYFIP2,1,1,1.0,0.9110253,0.9110253
CYGB,1,1,1.0,0.96925575,0.96925575
CYP20A1,1,1,1.0,0.9914454,0.9914454
CYP24A1,1,1,1.0,0.99143106,0.99143106
CYP26A1,1,1,1.0,0.97793627,0.97793627
CYP2A7,1,1,1.0,0.95196044,0.95196044
CYP39A1,1,1,1.0,0.9906661,0.9906661
CYP51A1,1,1,1.0,0.9906025,0.9906025
CYRIB,1,1,1.0,0.99137723,0.99137723
CYSLTR1,1,1,1.0,0.9865058,0.9865058
CYTH2,1,1,1.0,0.9903474,0.9903474
CYTH4,1,1,1.0,0.98338956,0.98338956
DALRD3,1,1,1.0,0.9735363,0.9735363
DAPP1,1,1,1.0,0.9903867,0.9903867
DARS2,1,1,1.0,0.9913936,0.9913936
DAZAP1,1,1,1.0,0.99100983,0.99100983
DBI,1,1,1.0,0.9829402,0.9829402
DCAF4,1,1,1.0,0.9718463,0.9718463
DCANP1,1,1,1.0,0.9825996,0.9825996
DCBLD2,1,1,1.0,0.9415753,0.9415753
DCP1A,1,1,1.0,0.8704365,0.8704365
DCST2,1,1,1.0,0.9912868,0.9912868
DCTD,1,1,1.0,0.991435,0.991435
DCTN6,1,1,1.0,0.98518133,0.98518133
DDHD1,1,1,1.0,0.9718746,0.9718746
DDIAS,1,1,1.0,0.8790953,0.8790953
DDIT4L,1,1,1.0,0.99151367,0.99151367
DDN,1,1,1.0,0.9914488,0.9914488
DDO,1,1,1.0,0.7648246,0.7648246
DDRGK1,1,1,1.0,0.9506374,0.9506374
DDX18,1,1,1.0,0.93924266,0.93924266
DDX28,1,1,1.0,0.9912629,0.9912629
DDX51,1,1,1.0,0.984347,0.984347
DDX55,1,1,1.0,0.991458,0.991458
DDX6,1,1,1.0,0.9584171,0.9584171
DEF6,1,1,1.0,0.8081121,0.8081121
DEFB135,1,1,1.0,0.9718802,0.9718802
DEPDC1B,1,1,1.0,0.99109155,0.99109155
DEPP1,1,1,1.0,0.9901404,0.9901404
DERL2,1,1,1.0,0.890039,0.890039
DHRS7C,1,1,1.0,0.95553243,0.95553243
DHTKD1,1,1,1.0,0.9706236,0.9706236
DHX57,1,1,1.0,0.9817499,0.9817499
DIRAS2,1,1,1.0,0.99127054,0.99127054
DIRAS3,1,1,1.0,0.9895579,0.9895579
DLL3,1,1,1.0,0.95955783,0.95955783
DLX1,1,1,1.0,0.9812207,0.9812207
DLX5,1,1,1.0,0.83520293,0.83520293
DMAC2,1,1,1.0,0.8442557,0.8442557
DMRT1,1,1,1.0,0.99048704,0.99048704
DMRT2,1,1,1.0,0.99149066,0.99149066
DMRTA1,1,1,1.0,0.9713596,0.9713596
DNAJA2,1,1,1.0,0.99151295,0.99151295
DNAJB12,1,1,1.0,0.97794104,0.97794104
DNAJB14,1,1,1.0,0.9867035,0.9867035
DNAJB6,1,1,1.0,0.99040025,0.99040025
DNAJC12,1,1,1.0,0.9801759,0.9801759
DNAJC15,1,1,1.0,0.991486,0.991486
DNAJC19,1,1,1.0,0.9789099,0.9789099
DNALI1,1,1,1.0,0.8158305,0.8158305
DNASE1L3,1,1,1.0,0.9798329,0.9798329
DND1,1,1,1.0,0.93914527,0.93914527
DNLZ,1,1,1.0,0.9894525,0.9894525
DNMT3L,1,1,1.0,0.9874408,0.9874408
DOK3,1,1,1.0,0.9274425,0.9274425
DPEP2,1,1,1.0,0.90136606,0.90136606
DPEP3,1,1,1.0,0.9825326,0.9825326
DPF1,1,1,1.0,0.98968726,0.98968726
DPF2,1,1,1.0,0.87421757,0.87421757
DPH1,1,1,1.0,0.9011903,0.9011903
DPH6,1,1,1.0,0.96134645,0.96134645
DPY19L4,1,1,1.0,0.91151,0.91151
DPY30,1,1,1.0,0.99041057,0.99041057
DPYS,1,1,1.0,0.9905806,0.9905806
DTL,1,1,1.0,0.99135613,0.99135613
DTNA,1,1,1.0,0.99141204,0.99141204
DTWD2,1,1,1.0,0.9635093,0.9635093
DTX3,1,1,1.0,0.9796593,0.9796593
DTYMK,1,1,1.0,0.9871622,0.9871622
DUOXA2,1,1,1.0,0.86589104,0.86589104
DUSP1,1,1,1.0,0.76756686,0.76756686
DUSP12,1,1,1.0,0.9894449,0.9894449
DUSP26,1,1,1.0,0.937333,0.937333
DUSP29,1,1,1.0,0.89779246,0.89779246
DUSP7,1,1,1.0,0.9911315,0.9911315
DYDC1,1,1,1.0,0.8441021,0.8441021
DYNC1LI1,1,1,1.0,0.97995836,0.97995836
DYNC2I1,1,1,1.0,0.7900725,0.7900725
DYNLL2,1,1,1.0,0.99113095,0.99113095
DYNLRB2,1,1,1.0,0.99147826,0.99147826
EAF2,1,1,1.0,0.9671397,0.9671397
EBNA1BP2,1,1,1.0,0.94382554,0.94382554
ECRG4,1,1,1.0,0.9220594,0.9220594
EDN3,1,1,1.0,0.98710036,0.98710036
EEF1B2,1,1,1.0,0.9440542,0.9440542
EFCAB14,1,1,1.0,0.9860174,0.9860174
EFCAB3,1,1,1.0,0.9794504,0.9794504
EFCC1,1,1,1.0,0.9115693,0.9115693
EFEMP1,1,1,1.0,0.9767875,0.9767875
EFNA4,1,1,1.0,0.9914477,0.9914477
EGLN1,1,1,1.0,0.98966485,0.98966485
EGLN2,1,1,1.0,0.96625906,0.96625906
EIF1AD,1,1,1.0,0.9869986,0.9869986
EIF1AX,1,1,1.0,0.8327129,0.8327129
EIF2AK3,1,1,1.0,0.9914726,0.9914726
EIF2B1,1,1,1.0,0.8005341,0.8005341
EIF2B2,1,1,1.0,0.97071606,0.97071606
EIF2B4,1,1,1.0,0.9835011,0.9835011
EIF2S2,1,1,1.0,0.99146944,0.99146944
EIF3I,1,1,1.0,0.99126375,0.99126375
EIF3L,1,1,1.0,0.9697824,0.9697824
EIF4E2,1,1,1.0,0.94314355,0.94314355
EIF5,1,1,1.0,0.8382246,0.8382246
ELAC2,1,1,1.0,0.9429234,0.9429234
ELL,1,1,1.0,0.96261275,0.96261275
ELOB,1,1,1.0,0.9799397,0.9799397
ELOVL3,1,1,1.0,0.98572886,0.98572886
ELOVL5,1,1,1.0,0.9712914,0.9712914
EMC3,1,1,1.0,0.9812065,0.9812065
EMP3,1,1,1.0,0.9764607,0.9764607
ENKUR,1,1,1.0,0.97306204,0.97306204
ENSA,1,1,1.0,0.9914262,0.9914262
EPDR1,1,1,1.0,0.99127394,0.99127394
EPHA2,1,1,1.0,0.98784304,0.98784304
EPM2AIP1,1,1,1.0,0.9371761,0.9371761
EPSTI1,1,1,1.0,0.9746814,0.9746814
EQTN,1,1,1.0,0.91151947,0.91151947
ERAL1,1,1,1.0,0.99147207,0.99147207
ERAP1,1,1,1.0,0.92979544,0.92979544
ERCC5,1,1,1.0,0.9814208,0.9814208
ERCC8,1,1,1.0,0.9912812,0.9912812
ERF,1,1,1.0,0.99142444,0.99142444
ERGIC2,1,1,1.0,0.9912465,0.9912465
ERGIC3,1,1,1.0,0.98941094,0.98941094
ERLEC1,1,1,1.0,0.99056375,0.99056375
ERLIN2,1,1,1.0,0.9555058,0.9555058
ERP44,1,1,1.0,0.9914042,0.9914042
ESM1,1,1,1.0,0.9913736,0.9913736
ESRP1,1,1,1.0,0.99144685,0.99144685
ETV7,1,1,1.0,0.9220067,0.9220067
EVA1C,1,1,1.0,0.99149793,0.99149793
EVI5,1,1,1.0,0.9888343,0.9888343
EVX2,1,1,1.0,0.9631312,0.9631312
EXOSC2,1,1,1.0,0.96010333,0.96010333
EYS,1,1,1.0,0.9504954,0.9504954
F3,1,1,1.0,0.990493,0.990493
FABP7,1,1,1.0,0.94051945,0.94051945
FABP9,1,1,1.0,0.99135196,0.99135196
FAHD2B,1,1,1.0,0.9866431,0.9866431
FAM114A1,1,1,1.0,0.99131715,0.99131715
FAM114A2,1,1,1.0,0.991327,0.991327
FAM117A,1,1,1.0,0.95697963,0.95697963
FAM122B,1,1,1.0,0.9850004,0.9850004
FAM131C,1,1,1.0,0.96933514,0.96933514
FAM135A,1,1,1.0,0.9180397,0.9180397
FAM136A,1,1,1.0,0.84111744,0.84111744
FAM153A,1,1,1.0,0.8834124,0.8834124
FAM155B,1,1,1.0,0.95255595,0.95255595
FAM160B1,1,1,1.0,0.9825989,0.9825989
FAM161A,1,1,1.0,0.9713262,0.9713262
FAM163A,1,1,1.0,0.99151564,0.99151564
FAM166B,1,1,1.0,0.98769844,0.98769844
FAM166C,1,1,1.0,0.8439258,0.8439258
FAM169B,1,1,1.0,0.9371505,0.9371505
FAM171A1,1,1,1.0,0.9914846,0.9914846
FAM180A,1,1,1.0,0.9911946,0.9911946
FAM189B,1,1,1.0,0.9914175,0.9914175
FAM193B,1,1,1.0,0.99143934,0.99143934
FAM199X,1,1,1.0,0.93747324,0.93747324
FAM219A,1,1,1.0,0.9913585,0.9913585
FAM221B,1,1,1.0,0.991331,0.991331
FAM227B,1,1,1.0,0.985999,0.985999
FAM24B,1,1,1.0,0.99137235,0.99137235
FAM53A,1,1,1.0,0.9847631,0.9847631
FAM53B,1,1,1.0,0.9282707,0.9282707
FAM71F2,1,1,1.0,0.99076146,0.99076146
FAM76A,1,1,1.0,0.9914169,0.9914169
FAM78A,1,1,1.0,0.9115711,0.9115711
FAM86C1P,1,1,1.0,0.9776899,0.9776899
FAM89A,1,1,1.0,0.83175385,0.83175385
FAM8A1,1,1,1.0,0.99141884,0.99141884
FANCC,1,1,1.0,0.99148643,0.99148643
FANCF,1,1,1.0,0.9867994,0.9867994
FAR1,1,1,1.0,0.9913196,0.9913196
FARS2,1,1,1.0,0.8181275,0.8181275
FAS,1,1,1.0,0.97183716,0.97183716
FASTKD2,1,1,1.0,0.942493,0.942493
FAU,1,1,1.0,0.9913946,0.9913946
FAXC,1,1,1.0,0.96326005,0.96326005
FBL,1,1,1.0,0.9891622,0.9891622
FBLN1,1,1,1.0,0.990054,0.990054
FBXO16,1,1,1.0,0.9910392,0.9910392
FBXO17,1,1,1.0,0.99134946,0.99134946
FBXO25,1,1,1.0,0.9544142,0.9544142
FBXO28,1,1,1.0,0.98940456,0.98940456
FBXO30,1,1,1.0,0.9839168,0.9839168
FBXO32,1,1,1.0,0.9716836,0.9716836
FBXO36,1,1,1.0,0.9462301,0.9462301
FBXO45,1,1,1.0,0.93151474,0.93151474
FBXO9,1,1,1.0,0.98863995,0.98863995
FCER1G,1,1,1.0,0.9913119,0.9913119
FCGR2B,1,1,1.0,0.9794276,0.9794276
FCSK,1,1,1.0,0.9204665,0.9204665
FERMT2,1,1,1.0,0.97831374,0.97831374
FEZ1,1,1,1.0,0.9781506,0.9781506
FGF10,1,1,1.0,0.777233,0.777233
FGF12,1,1,1.0,0.99137986,0.99137986
FGF8,1,1,1.0,0.8373027,0.8373027
FGFBP3,1,1,1.0,0.9913829,0.9913829
FGL2,1,1,1.0,0.8471245,0.8471245
FIBCD1,1,1,1.0,0.9429323,0.9429323
FIS1,1,1,1.0,0.9796616,0.9796616
FITM1,1,1,1.0,0.99135053,0.99135053
FKBP14,1,1,1.0,0.9914665,0.9914665
FKBP3,1,1,1.0,0.8745382,0.8745382
FKTN,1,1,1.0,0.99141276,0.99141276
FLRT3,1,1,1.0,0.991442,0.991442
FMC1-LUC7L2,1,1,1.0,0.9914967,0.9914967
FMNL3,1,1,1.0,0.9912185,0.9912185
FMR1,1,1,1.0,0.9915045,0.9915045
FN3KRP,1,1,1.0,0.99149597,0.99149597
FOXA2,1,1,1.0,0.97191024,0.97191024
FOXC1,1,1,1.0,0.97278917,0.97278917
FOXD4L4,1,1,1.0,0.97399175,0.97399175
FOXN2,1,1,1.0,0.97759014,0.97759014
FOXO4,1,1,1.0,0.88825375,0.88825375
FRMD5,1,1,1.0,0.8813851,0.8813851
FRMD6,1,1,1.0,0.9903984,0.9903984
FRS2,1,1,1.0,0.93415064,0.93415064
FRS3,1,1,1.0,0.97925574,0.97925574
FSCN1,1,1,1.0,0.99144816,0.99144816
FSD1,1,1,1.0,0.88272035,0.88272035
FUT10,1,1,1.0,0.97922826,0.97922826
FUT11,1,1,1.0,0.9706343,0.9706343
FUZ,1,1,1.0,0.9869925,0.9869925
FXYD4,1,1,1.0,0.8472212,0.8472212
GAB3,1,1,1.0,0.9770397,0.9770397
GAL,1,1,1.0,0.99142843,0.99142843
GAL3ST1,1,1,1.0,0.9662616,0.9662616
GALK1,1,1,1.0,0.98742956,0.98742956
GALNT11,1,1,1.0,0.9910705,0.9910705
GALNT16,1,1,1.0,0.9116025,0.9116025
GALP,1,1,1.0,0.9825318,0.9825318
GAPDH,1,1,1.0,0.8626038,0.8626038
GAPT,1,1,1.0,0.9775488,0.9775488
GARS1,1,1,1.0,0.9819149,0.9819149
GAS2L3,1,1,1.0,0.9446961,0.9446961
GAS6,1,1,1.0,0.98003507,0.98003507
GAS7,1,1,1.0,0.83016694,0.83016694
GATA2,1,1,1.0,0.9860335,0.9860335
GATB,1,1,1.0,0.81039065,0.81039065
GBA2,1,1,1.0,0.93351036,0.93351036
GBE1,1,1,1.0,0.9860152,0.9860152
GCFC2,1,1,1.0,0.8426684,0.8426684
GCG,1,1,1.0,0.9727664,0.9727664
GCLM,1,1,1.0,0.97369516,0.97369516
GCNT4,1,1,1.0,0.8819398,0.8819398
GDPGP1,1,1,1.0,0.8497926,0.8497926
GEMIN6,1,1,1.0,0.9322501,0.9322501
GET1,1,1,1.0,0.9913809,0.9913809
GET1-SH3BGR,1,1,1.0,0.83618706,0.83618706
GET4,1,1,1.0,0.991446,0.991446
GFER,1,1,1.0,0.9774604,0.9774604
GFRA3,1,1,1.0,0.95679444,0.95679444
GGA3,1,1,1.0,0.9914225,0.9914225
GGCT,1,1,1.0,0.9204264,0.9204264
GHDC,1,1,1.0,0.9914915,0.9914915
GHRL,1,1,1.0,0.9914048,0.9914048
GIN1,1,1,1.0,0.9903133,0.9903133
GINS1,1,1,1.0,0.98327774,0.98327774
GINS3,1,1,1.0,0.85320115,0.85320115
GIT1,1,1,1.0,0.99136615,0.99136615
GJB2,1,1,1.0,0.92768884,0.92768884
GJB6,1,1,1.0,0.990593,0.990593
GJB7,1,1,1.0,0.98992467,0.98992467
GJC1,1,1,1.0,0.9892347,0.9892347
GJC3,1,1,1.0,0.98508286,0.98508286
GLB1L2,1,1,1.0,0.98154676,0.98154676
GLB1L3,1,1,1.0,0.965229,0.965229
GLCCI1,1,1,1.0,0.76774055,0.76774055
GLDN,1,1,1.0,0.7671062,0.7671062
GLE1,1,1,1.0,0.9719963,0.9719963
GLIPR1L1,1,1,1.0,0.9348055,0.9348055
GLOD4,1,1,1.0,0.9913408,0.9913408
GLRXP3,1,1,1.0,0.971712,0.971712
GLS2,1,1,1.0,0.9913326,0.9913326
GLT8D1,1,1,1.0,0.9876462,0.9876462
GLUD1,1,1,1.0,0.8569991,0.8569991
GMDS,1,1,1.0,0.87306476,0.87306476
GMPPA,1,1,1.0,0.97699237,0.97699237
GNA13,1,1,1.0,0.9912725,0.9912725
GNAI1,1,1,1.0,0.98602307,0.98602307
GNB1,1,1,1.0,0.9913982,0.9913982
GNB2,1,1,1.0,0.99142027,0.99142027
GNB5,1,1,1.0,0.9913788,0.9913788
GNG2,1,1,1.0,0.9886127,0.9886127
GNG5,1,1,1.0,0.98221004,0.98221004
GNLY,1,1,1.0,0.98819226,0.98819226
GNRH1,1,1,1.0,0.9903932,0.9903932
GOLGA6L22,1,1,1.0,0.99136275,0.99136275
GOLGA7,1,1,1.0,0.9913994,0.9913994
GORASP2,1,1,1.0,0.82216,0.82216
GOSR1,1,1,1.0,0.99150825,0.99150825
GOT2,1,1,1.0,0.8028864,0.8028864
GP6,1,1,1.0,0.967266,0.967266
GPA33,1,1,1.0,0.9803662,0.9803662
GPALPP1,1,1,1.0,0.9910657,0.9910657
GPANK1,1,1,1.0,0.9912457,0.9912457
GPAT2,1,1,1.0,0.9913735,0.9913735
GPC2,1,1,1.0,0.9466911,0.9466911
GPN1,1,1,1.0,0.952182,0.952182
GPR108,1,1,1.0,0.85745627,0.85745627
GPR119,1,1,1.0,0.98124814,0.98124814
GPR139,1,1,1.0,0.9889951,0.9889951
GPR151,1,1,1.0,0.99130285,0.99130285
GPR157,1,1,1.0,0.99149936,0.99149936
GPR160,1,1,1.0,0.96680397,0.96680397
GPR162,1,1,1.0,0.96820986,0.96820986
GPR17,1,1,1.0,0.83769405,0.83769405
GPR176,1,1,1.0,0.7644452,0.7644452
GPR18,1,1,1.0,0.9632409,0.9632409
GPR180,1,1,1.0,0.9801205,0.9801205
GPR22,1,1,1.0,0.991364,0.991364
GPR31,1,1,1.0,0.98746026,0.98746026
GPR68,1,1,1.0,0.9839754,0.9839754
GPR75,1,1,1.0,0.989934,0.989934
GPR84,1,1,1.0,0.98027325,0.98027325
GPRC5C,1,1,1.0,0.9863977,0.9863977
GPX6,1,1,1.0,0.96268433,0.96268433
GRAP2,1,1,1.0,0.9791296,0.9791296
GRB14,1,1,1.0,0.9914432,0.9914432
GRIFIN,1,1,1.0,0.8740446,0.8740446
GRINA,1,1,1.0,0.9913981,0.9913981
GRK3,1,1,1.0,0.97626424,0.97626424
GRK6,1,1,1.0,0.976487,0.976487
GRM2,1,1,1.0,0.9414382,0.9414382
GRN,1,1,1.0,0.9914185,0.9914185
GRPEL1,1,1,1.0,0.86535674,0.86535674
GSDMC,1,1,1.0,0.99142504,0.99142504
GSR,1,1,1.0,0.984649,0.984649
GTF2A1,1,1,1.0,0.976074,0.976074
GTF2E2,1,1,1.0,0.9913024,0.9913024
GTF2H1,1,1,1.0,0.98384386,0.98384386
GTF3C5,1,1,1.0,0.96083426,0.96083426
GTPBP10,1,1,1.0,0.9882238,0.9882238
GTPBP2,1,1,1.0,0.9905923,0.9905923
GTPBP8,1,1,1.0,0.991344,0.991344
GTSF1,1,1,1.0,0.99143434,0.99143434
GUCY1B1,1,1,1.0,0.9676734,0.9676734
GUF1,1,1,1.0,0.9909054,0.9909054
GZMH,1,1,1.0,0.86898106,0.86898106
H1-0,1,1,1.0,0.9830441,0.9830441
H1-6,1,1,1.0,0.865938,0.865938
H2AC17,1,1,1.0,0.9340028,0.9340028
H2AZ1,1,1,1.0,0.9914902,0.9914902
H2BC10,1,1,1.0,0.97559524,0.97559524
H2BC21,1,1,1.0,0.9893499,0.9893499
H3C11,1,1,1.0,0.9914657,0.9914657
H3C13,1,1,1.0,0.9912737,0.9912737
H3C8,1,1,1.0,0.97793853,0.97793853
H4C9,1,1,1.0,0.9823307,0.9823307
HACD4,1,1,1.0,0.99134946,0.99134946
HAGHL,1,1,1.0,0.988634,0.988634
HARS2,1,1,1.0,0.98397267,0.98397267
HAT1,1,1,1.0,0.89446354,0.89446354
HAUS2,1,1,1.0,0.7723008,0.7723008
HAUS3,1,1,1.0,0.9912826,0.9912826
HBE1,1,1,1.0,0.88358456,0.88358456
HBG2,1,1,1.0,0.98240936,0.98240936
HBZ,1,1,1.0,0.99150074,0.99150074
HCFC1,1,1,1.0,0.80799633,0.80799633
HDAC10,1,1,1.0,0.9914794,0.9914794
HDHD3,1,1,1.0,0.9913243,0.9913243
HEBP1,1,1,1.0,0.9914711,0.9914711
HECTD2,1,1,1.0,0.9903336,0.9903336
HEMK1,1,1,1.0,0.9566221,0.9566221
HEXB,1,1,1.0,0.9904935,0.9904935
HGD,1,1,1.0,0.9913039,0.9913039
HGH1,1,1,1.0,0.85239875,0.85239875
HGS,1,1,1.0,0.991295,0.991295
HHATL,1,1,1.0,0.9915081,0.9915081
HHLA2,1,1,1.0,0.93050677,0.93050677
HIF1A,1,1,1.0,0.9840338,0.9840338
HIF1AN,1,1,1.0,0.9908875,0.9908875
HINFP,1,1,1.0,0.9913669,0.9913669
HIRIP3,1,1,1.0,0.9650953,0.9650953
HLA-B,1,1,1.0,0.991409,0.991409
HLA-DPA1,1,1,1.0,0.8563671,0.8563671
HLA-DPB1,1,1,1.0,0.9870243,0.9870243
HLA-DRB1,1,1,1.0,0.9667622,0.9667622
HLA-G,1,1,1.0,0.9082984,0.9082984
HMG20B,1,1,1.0,0.97790706,0.97790706
HMGA1,1,1,1.0,0.98276454,0.98276454
HMGB3,1,1,1.0,0.9893889,0.9893889
HMGCLL1,1,1,1.0,0.984166,0.984166
HMGN1,1,1,1.0,0.99143994,0.99143994
HMOX2,1,1,1.0,0.9906097,0.9906097
HNF4G,1,1,1.0,0.90142965,0.90142965
HNMT,1,1,1.0,0.9437352,0.9437352
HNRNPA2B1,1,1,1.0,0.99142647,0.99142647
HNRNPH1,1,1,1.0,0.98137486,0.98137486
HNRNPLL,1,1,1.0,0.9681732,0.9681732
HOATZ,1,1,1.0,0.99097365,0.99097365
HOXA2,1,1,1.0,0.982463,0.982463
HOXA9,1,1,1.0,0.9874642,0.9874642
HOXC10,1,1,1.0,0.8280782,0.8280782
HOXD11,1,1,1.0,0.9739688,0.9739688
HOXD13,1,1,1.0,0.92403066,0.92403066
HOXD3,1,1,1.0,0.95698214,0.95698214
HOXD8,1,1,1.0,0.9875386,0.9875386
HPD,1,1,1.0,0.9913536,0.9913536
HPGDS,1,1,1.0,0.9623168,0.9623168
HRC,1,1,1.0,0.98726255,0.98726255
HRH1,1,1,1.0,0.9731802,0.9731802
HSD11B2,1,1,1.0,0.9735656,0.9735656
HSD17B13,1,1,1.0,0.98324376,0.98324376
HSH2D,1,1,1.0,0.89602685,0.89602685
HSPA12B,1,1,1.0,0.9776989,0.9776989
HSPA1A,1,1,1.0,0.9418127,0.9418127
HSPA4L,1,1,1.0,0.97269374,0.97269374
HSPA5,1,1,1.0,0.99131256,0.99131256
HSPB2,1,1,1.0,0.99120003,0.99120003
HSPE1,1,1,1.0,0.9285026,0.9285026
HTATSF1,1,1,1.0,0.8885488,0.8885488
HTR2B,1,1,1.0,0.9702698,0.9702698
HTR6,1,1,1.0,0.9315783,0.9315783
HVCN1,1,1,1.0,0.9743759,0.9743759
HYAL3,1,1,1.0,0.9914164,0.9914164
HYLS1,1,1,1.0,0.9914995,0.9914995
IAPP,1,1,1.0,0.9913344,0.9913344
IDH3A,1,1,1.0,0.91170096,0.91170096
IDH3B,1,1,1.0,0.9776789,0.9776789
IDNK,1,1,1.0,0.96609336,0.96609336
IFFO1,1,1,1.0,0.8046398,0.8046398
IFIH1,1,1,1.0,0.97962534,0.97962534
IFNA1,1,1,1.0,0.7712342,0.7712342
IFNA14,1,1,1.0,0.76251996,0.76251996
IFNA16,1,1,1.0,0.9803403,0.9803403
IFNA5,1,1,1.0,0.99129206,0.99129206
IFNA6,1,1,1.0,0.99139434,0.99139434
IFNAR2,1,1,1.0,0.8131385,0.8131385
IFNGR1,1,1,1.0,0.93778944,0.93778944
IFNK,1,1,1.0,0.941774,0.941774
IFNL2,1,1,1.0,0.98234034,0.98234034
IFRD1,1,1,1.0,0.99122405,0.99122405
IFT20,1,1,1.0,0.99147123,0.99147123
IFT27,1,1,1.0,0.7634371,0.7634371
IFT52,1,1,1.0,0.9913458,0.9913458
IFT81,1,1,1.0,0.9914758,0.9914758
IGDCC4,1,1,1.0,0.9557267,0.9557267
IGFBP1,1,1,1.0,0.99147886,0.99147886
IGFL4,1,1,1.0,0.9860286,0.9860286
IGHV1-24,1,1,1.0,0.9550318,0.9550318
IGHV2-70,1,1,1.0,0.832948,0.832948
IGHV3-23,1,1,1.0,0.99050784,0.99050784
IGHV3-30,1,1,1.0,0.98125494,0.98125494
IGHV3-53,1,1,1.0,0.9028206,0.9028206
IGHV3-72,1,1,1.0,0.82721317,0.82721317
IGHV3-74,1,1,1.0,0.90104246,0.90104246
IGHV4-59,1,1,1.0,0.95941985,0.95941985
IGHV7-81,1,1,1.0,0.8372583,0.8372583
IGKV1-8,1,1,1.0,0.97716993,0.97716993
IGKV1OR22-5,1,1,1.0,0.88038236,0.88038236
IGKV2-24,1,1,1.0,0.98341423,0.98341423
IGLL1,1,1,1.0,0.99127835,0.99127835
IGLV1-36,1,1,1.0,0.95851153,0.95851153
IGLV2-18,1,1,1.0,0.79734474,0.79734474
IGLV2-33,1,1,1.0,0.9547458,0.9547458
IGLV4-60,1,1,1.0,0.77978605,0.77978605
IL10,1,1,1.0,0.98460346,0.98460346
IL17B,1,1,1.0,0.9913874,0.9913874
IL1B,1,1,1.0,0.90892375,0.90892375
IL1RAP,1,1,1.0,0.9902997,0.9902997
IL33,1,1,1.0,0.98141325,0.98141325
IL34,1,1,1.0,0.9900378,0.9900378
IL36G,1,1,1.0,0.9904357,0.9904357
IL37,1,1,1.0,0.9856396,0.9856396
ILF2,1,1,1.0,0.9808653,0.9808653
IMP4,1,1,1.0,0.927421,0.927421
IMPA1,1,1,1.0,0.9571799,0.9571799
INAVA,1,1,1.0,0.9913988,0.9913988
INKA2,1,1,1.0,0.99132407,0.99132407
INSM2,1,1,1.0,0.97120553,0.97120553
INTU,1,1,1.0,0.9871984,0.9871984
IPMK,1,1,1.0,0.91960293,0.91960293
IQCC,1,1,1.0,0.8057751,0.8057751
IQCJ-SCHIP1,1,1,1.0,0.9899565,0.9899565
IRAK1BP1,1,1,1.0,0.974441,0.974441
IREB2,1,1,1.0,0.9280276,0.9280276
ISCA1P1,1,1,1.0,0.7873262,0.7873262
ISL2,1,1,1.0,0.99138135,0.99138135
IST1,1,1,1.0,0.7907757,0.7907757
ISY1-RAB43,1,1,1.0,0.98153174,0.98153174
ITGA5,1,1,1.0,0.9915093,0.9915093
ITGBL1,1,1,1.0,0.7561486,0.7561486
ITLN2,1,1,1.0,0.93851906,0.93851906
JAM3,1,1,1.0,0.9913901,0.9913901
JMJD6,1,1,1.0,0.92470616,0.92470616
JUND,1,1,1.0,0.9886354,0.9886354
KANSL1L,1,1,1.0,0.9215159,0.9215159
KAT2A,1,1,1.0,0.8019496,0.8019496
KATNAL1,1,1,1.0,0.9503054,0.9503054
KBTBD7,1,1,1.0,0.9913981,0.9913981
KBTBD8,1,1,1.0,0.98194444,0.98194444
KCNAB2,1,1,1.0,0.98602784,0.98602784
KCNAB3,1,1,1.0,0.99129796,0.99129796
KCNG3,1,1,1.0,0.9672345,0.9672345
KCNG4,1,1,1.0,0.9718607,0.9718607
KCNIP1,1,1,1.0,0.9913837,0.9913837
KCNIP3,1,1,1.0,0.97712564,0.97712564
KCNIP4,1,1,1.0,0.97187567,0.97187567
KCNJ13,1,1,1.0,0.9913874,0.9913874
KCNJ14,1,1,1.0,0.9910812,0.9910812
KCNJ6,1,1,1.0,0.9913919,0.9913919
KCNK1,1,1,1.0,0.9914498,0.9914498
KCNK15,1,1,1.0,0.96874017,0.96874017
KCNK4,1,1,1.0,0.8436599,0.8436599
KCNK7,1,1,1.0,0.9658707,0.9658707
KCNMB3,1,1,1.0,0.99127007,0.99127007
KCNMB4,1,1,1.0,0.9914699,0.9914699
KCNN1,1,1,1.0,0.98602957,0.98602957
KCTD1,1,1,1.0,0.9912792,0.9912792
KCTD14,1,1,1.0,0.98667616,0.98667616
KCTD8,1,1,1.0,0.8244126,0.8244126
KDELR2,1,1,1.0,0.99144286,0.99144286
KDF1,1,1,1.0,0.98603046,0.98603046
KEAP1,1,1,1.0,0.9913306,0.9913306
KHDRBS1,1,1,1.0,0.95576847,0.95576847
KIAA0319L,1,1,1.0,0.991392,0.991392
KIAA0513,1,1,1.0,0.9850042,0.9850042
KIAA0586,1,1,1.0,0.9718328,0.9718328
KIAA0895,1,1,1.0,0.82115436,0.82115436
KIAA0895L,1,1,1.0,0.9898352,0.9898352
KIF25,1,1,1.0,0.91907704,0.91907704
KIF3B,1,1,1.0,0.81729436,0.81729436
KIFC1,1,1,1.0,0.8917423,0.8917423
KISS1R,1,1,1.0,0.9578347,0.9578347
KLC1,1,1,1.0,0.93601483,0.93601483
KLC3,1,1,1.0,0.85707545,0.85707545
KLF2,1,1,1.0,0.9910226,0.9910226
KLHDC10,1,1,1.0,0.95674235,0.95674235
KLHDC7B,1,1,1.0,0.99144894,0.99144894
KLHL14,1,1,1.0,0.99143606,0.99143606
KLHL17,1,1,1.0,0.99141324,0.99141324
KLHL22,1,1,1.0,0.92806584,0.92806584
KLHL31,1,1,1.0,0.9733901,0.9733901
KLHL35,1,1,1.0,0.9866867,0.9866867
KLK11,1,1,1.0,0.9886497,0.9886497
KLK14,1,1,1.0,0.97932154,0.97932154
KLK3,1,1,1.0,0.9913316,0.9913316
KLRA1P,1,1,1.0,0.98746395,0.98746395
KLRC4,1,1,1.0,0.97348195,0.97348195
KMO,1,1,1.0,0.93258524,0.93258524
KMT5C,1,1,1.0,0.9782672,0.9782672
KPNA1,1,1,1.0,0.94951457,0.94951457
KPNA4,1,1,1.0,0.96655107,0.96655107
KPNB1,1,1,1.0,0.9362724,0.9362724
KRR1,1,1,1.0,0.9890933,0.9890933
KRT18P55,1,1,1.0,0.9914603,0.9914603
KRT5,1,1,1.0,0.9904953,0.9904953
KRT6C,1,1,1.0,0.9915005,0.9915005
KRT84,1,1,1.0,0.9307766,0.9307766
KRT85,1,1,1.0,0.89836675,0.89836675
KRTAP13-2,1,1,1.0,0.8791365,0.8791365
KRTAP15-1,1,1,1.0,0.96812046,0.96812046
KRTAP19-3,1,1,1.0,0.94349647,0.94349647
KRTAP19-4,1,1,1.0,0.99001956,0.99001956
KRTAP22-1,1,1,1.0,0.99142504,0.99142504
KRTAP4-2,1,1,1.0,0.99136156,0.99136156
KRTAP5-2,1,1,1.0,0.97768253,0.97768253
KRTAP5-8,1,1,1.0,0.90105224,0.90105224
KRTAP6-3,1,1,1.0,0.9912941,0.9912941
KRTAP8-1,1,1,1.0,0.9765227,0.9765227
KRTAP9-2,1,1,1.0,0.9913557,0.9913557
KRTAP9-4,1,1,1.0,0.98966867,0.98966867
KRTDAP,1,1,1.0,0.9907872,0.9907872
L3MBTL3,1,1,1.0,0.97793156,0.97793156
LAPTM4A,1,1,1.0,0.9480967,0.9480967
LARP7,1,1,1.0,0.8507321,0.8507321
LBX2,1,1,1.0,0.971439,0.971439
LCA5L,1,1,1.0,0.9910971,0.9910971
LCE1C,1,1,1.0,0.8801202,0.8801202
LCE1D,1,1,1.0,0.77264833,0.77264833
LCE2D,1,1,1.0,0.9912664,0.9912664
LCE3E,1,1,1.0,0.7608255,0.7608255
LCE4A,1,1,1.0,0.9456575,0.9456575
LCN15,1,1,1.0,0.9914431,0.9914431
LCN6,1,1,1.0,0.93227285,0.93227285
LCN8,1,1,1.0,0.9913043,0.9913043
LCORL,1,1,1.0,0.9841675,0.9841675
LDLRAD1,1,1,1.0,0.9910052,0.9910052
LEMD1,1,1,1.0,0.9914574,0.9914574
LGALS4,1,1,1.0,0.99145365,0.99145365
LGMN,1,1,1.0,0.97957295,0.97957295
LHX1,1,1,1.0,0.9915031,0.9915031
LHX2,1,1,1.0,0.9894163,0.9894163
LIM2,1,1,1.0,0.76081055,0.76081055
LIMD1,1,1,1.0,0.9609276,0.9609276
LINC00303,1,1,1.0,0.99148303,0.99148303
LINC02210-CRHR1,1,1,1.0,0.991379,0.991379
LINS1,1,1,1.0,0.87945855,0.87945855
LIPH,1,1,1.0,0.990308,0.990308
LIX1,1,1,1.0,0.9903358,0.9903358
LMBR1L,1,1,1.0,0.99049556,0.99049556
LMO1,1,1,1.0,0.97832674,0.97832674
LMO2,1,1,1.0,0.9909672,0.9909672
LMTK3,1,1,1.0,0.9483208,0.9483208
LNP1,1,1,1.0,0.99131036,0.99131036
LRMDA,1,1,1.0,0.98520607,0.98520607
LRP10,1,1,1.0,0.97034824,0.97034824
LRR1,1,1,1.0,0.9218747,0.9218747
LRRC10,1,1,1.0,0.9912128,0.9912128
LRRC20,1,1,1.0,0.9914135,0.9914135
LRRC27,1,1,1.0,0.98622847,0.98622847
LRRC28,1,1,1.0,0.84967005,0.84967005
LRRC4,1,1,1.0,0.9838987,0.9838987
LRRC42,1,1,1.0,0.99145573,0.99145573
LRRC47,1,1,1.0,0.9875014,0.9875014
LRRC59,1,1,1.0,0.98429984,0.98429984
LRRC61,1,1,1.0,0.99128765,0.99128765
LRRC8A,1,1,1.0,0.9871793,0.9871793
LRRFIP2,1,1,1.0,0.9915023,0.9915023
LRRN3,1,1,1.0,0.99126726,0.99126726
LSM14A,1,1,1.0,0.88417375,0.88417375
LSM14B,1,1,1.0,0.9914442,0.9914442
LSM2,1,1,1.0,0.9786185,0.9786185
LSM3,1,1,1.0,0.97832537,0.97832537
LTA,1,1,1.0,0.8241358,0.8241358
LTK,1,1,1.0,0.93081963,0.93081963
LTV1,1,1,1.0,0.99090916,0.99090916
LUC7L3,1,1,1.0,0.9795624,0.9795624
LURAP1L,1,1,1.0,0.99127835,0.99127835
LXN,1,1,1.0,0.99067897,0.99067897
LY6G5B,1,1,1.0,0.91054875,0.91054875
LYG1,1,1,1.0,0.9814107,0.9814107
LYNX1-SLURP2,1,1,1.0,0.98603106,0.98603106
LYPD3,1,1,1.0,0.9856808,0.9856808
LYPD5,1,1,1.0,0.9907863,0.9907863
LYZL4,1,1,1.0,0.9913867,0.9913867
LZTS3,1,1,1.0,0.9798151,0.9798151
MAD2L1,1,1,1.0,0.9703471,0.9703471
MAFF,1,1,1.0,0.94875664,0.94875664
MAGEL2,1,1,1.0,0.975201,0.975201
MAGT1,1,1,1.0,0.9717605,0.9717605
MAIP1,1,1,1.0,0.9771523,0.9771523
MAJIN,1,1,1.0,0.9912294,0.9912294
MAK,1,1,1.0,0.9356081,0.9356081
MAK16,1,1,1.0,0.9095372,0.9095372
MAL,1,1,1.0,0.8690357,0.8690357
MALAT1,1,1,1.0,0.98155516,0.98155516
MAML3,1,1,1.0,0.98948634,0.98948634
MANBA,1,1,1.0,0.9509632,0.9509632
MANF,1,1,1.0,0.9765204,0.9765204
MAP3K7CL,1,1,1.0,0.97419083,0.97419083
MAP3K8,1,1,1.0,0.990244,0.990244
MAPK14,1,1,1.0,0.9878114,0.9878114
MAPKAP1,1,1,1.0,0.9914352,0.9914352
MAPKAPK3,1,1,1.0,0.99140394,0.99140394
MARCHF11,1,1,1.0,0.92585784,0.92585784
MARCHF5,1,1,1.0,0.97276783,0.97276783
MARCHF7,1,1,1.0,0.8885155,0.8885155
MAT2B,1,1,1.0,0.95170707,0.95170707
MATN3,1,1,1.0,0.99148506,0.99148506
MAU2,1,1,1.0,0.99028647,0.99028647
MBD6,1,1,1.0,0.99057263,0.99057263
MBLAC2,1,1,1.0,0.99144065,0.99144065
MBOAT2,1,1,1.0,0.79892075,0.79892075
MC1R,1,1,1.0,0.99139214,0.99139214
MCCC2,1,1,1.0,0.9914028,0.9914028
MCEMP1,1,1,1.0,0.9311671,0.9311671
MCM10,1,1,1.0,0.9260765,0.9260765
MDFIC,1,1,1.0,0.9913196,0.9913196
MDH1,1,1,1.0,0.9703132,0.9703132
MED17,1,1,1.0,0.9383581,0.9383581
MED18,1,1,1.0,0.76860803,0.76860803
MED27,1,1,1.0,0.98542607,0.98542607
MED28,1,1,1.0,0.9772978,0.9772978
MED6,1,1,1.0,0.9892681,0.9892681
MEF2D,1,1,1.0,0.9913794,0.9913794
MEIS2,1,1,1.0,0.98961496,0.98961496
MEOX2,1,1,1.0,0.9914493,0.9914493
METAP1D,1,1,1.0,0.9808832,0.9808832
METTL18,1,1,1.0,0.9903978,0.9903978
METTL22,1,1,1.0,0.9773796,0.9773796
METTL25,1,1,1.0,0.9874178,0.9874178
METTL27,1,1,1.0,0.92858857,0.92858857
METTL2B,1,1,1.0,0.8357529,0.8357529
METTL3,1,1,1.0,0.9417921,0.9417921
METTL4,1,1,1.0,0.9912559,0.9912559
METTL9,1,1,1.0,0.9663902,0.9663902
MEX3A,1,1,1.0,0.98623264,0.98623264
MFAP5,1,1,1.0,0.98852146,0.98852146
MFSD14B,1,1,1.0,0.9480245,0.9480245
MFSD4A,1,1,1.0,0.85709244,0.85709244
MGAT5,1,1,1.0,0.9910868,0.9910868
MGST3,1,1,1.0,0.99062437,0.99062437
MICAL2,1,1,1.0,0.99138707,0.99138707
MIEF2,1,1,1.0,0.96728265,0.96728265
MIER2,1,1,1.0,0.99133575,0.99133575
MIGA2,1,1,1.0,0.8497968,0.8497968
MINDY1,1,1,1.0,0.9915023,0.9915023
MINDY2,1,1,1.0,0.94055134,0.94055134
MINDY3,1,1,1.0,0.8929927,0.8929927
MIPOL1,1,1,1.0,0.9655704,0.9655704
MIR1185-2,1,1,1.0,0.97035587,0.97035587
MIR133B,1,1,1.0,0.97277653,0.97277653
MIR147A,1,1,1.0,0.84055656,0.84055656
MIR30C2,1,1,1.0,0.8632273,0.8632273
MIR325,1,1,1.0,0.95218426,0.95218426
MIR371A,1,1,1.0,0.9799473,0.9799473
MIR411,1,1,1.0,0.8401591,0.8401591
MIR513B,1,1,1.0,0.9889157,0.9889157
MIR517A,1,1,1.0,0.99125177,0.99125177
MIR518C,1,1,1.0,0.98602504,0.98602504
MIR519C,1,1,1.0,0.9914914,0.9914914
MIR519D,1,1,1.0,0.991321,0.991321
MIR525,1,1,1.0,0.9835581,0.9835581
MIR541,1,1,1.0,0.9667522,0.9667522
MIR543,1,1,1.0,0.98338944,0.98338944
MIR548I2,1,1,1.0,0.9864835,0.9864835
MIR550A2,1,1,1.0,0.99095905,0.99095905
MIR646,1,1,1.0,0.99133295,0.99133295
MIR654,1,1,1.0,0.97627604,0.97627604
MLN,1,1,1.0,0.9712504,0.9712504
MMP11,1,1,1.0,0.9902608,0.9902608
MOG,1,1,1.0,0.961647,0.961647
MOGAT1,1,1,1.0,0.96933246,0.96933246
MOGAT2,1,1,1.0,0.9741915,0.9741915
MON1A,1,1,1.0,0.991443,0.991443
MORF4L1,1,1,1.0,0.93306977,0.93306977
MOS,1,1,1.0,0.87265325,0.87265325
MPLKIP,1,1,1.0,0.9912776,0.9912776
MPP2,1,1,1.0,0.99150753,0.99150753
MPZL3,1,1,1.0,0.99076486,0.99076486
MRAP2,1,1,1.0,0.9832182,0.9832182
MRFAP1L1,1,1,1.0,0.9384315,0.9384315
MRM1,1,1,1.0,0.87455344,0.87455344
MRNIP,1,1,1.0,0.88341236,0.88341236
MROH1,1,1,1.0,0.99136883,0.99136883
MRPL14,1,1,1.0,0.9876951,0.9876951
MRPL19,1,1,1.0,0.9789373,0.9789373
MRPL20,1,1,1.0,0.9914471,0.9914471
MRPL3,1,1,1.0,0.9699532,0.9699532
MRPL35,1,1,1.0,0.9890082,0.9890082
MRPL55,1,1,1.0,0.838018,0.838018
MRPL58,1,1,1.0,0.99144274,0.99144274
MRPS10,1,1,1.0,0.99126095,0.99126095
MRPS12,1,1,1.0,0.9913726,0.9913726
MRPS30,1,1,1.0,0.9816326,0.9816326
MSC,1,1,1.0,0.9914518,0.9914518
MSI1,1,1,1.0,0.9906475,0.9906475
MSI2,1,1,1.0,0.99142504,0.99142504
MSL1,1,1,1.0,0.8039061,0.8039061
MSRA,1,1,1.0,0.9913799,0.9913799
MST1,1,1,1.0,0.98793143,0.98793143
MSTN,1,1,1.0,0.9799345,0.9799345
MT1H,1,1,1.0,0.99149793,0.99149793
MTAP,1,1,1.0,0.96905553,0.96905553
MTFR1L,1,1,1.0,0.9701761,0.9701761
MTHFD1,1,1,1.0,0.87538564,0.87538564
MTHFSD,1,1,1.0,0.9876988,0.9876988
MTIF3,1,1,1.0,0.97769064,0.97769064
MTMR9,1,1,1.0,0.98494095,0.98494095
MTPAP,1,1,1.0,0.9538824,0.9538824
MTRES1,1,1,1.0,0.9914282,0.9914282
MTRF1L,1,1,1.0,0.99134505,0.99134505
MTX1,1,1,1.0,0.98077065,0.98077065
MUC21,1,1,1.0,0.9849679,0.9849679
MXD4,1,1,1.0,0.991306,0.991306
MXI1,1,1,1.0,0.99040717,0.99040717
MXRA7,1,1,1.0,0.9912553,0.9912553
MYBPHL,1,1,1.0,0.99150014,0.99150014
MYD88,1,1,1.0,0.9914704,0.9914704
MYL10,1,1,1.0,0.99000764,0.99000764
MYL3,1,1,1.0,0.98098844,0.98098844
MYL5,1,1,1.0,0.99005437,0.99005437
MYL6B,1,1,1.0,0.9557271,0.9557271
MYNN,1,1,1.0,0.9913907,0.9913907
MYOT,1,1,1.0,0.98890746,0.98890746
MYOZ2,1,1,1.0,0.9114549,0.9114549
MZT2B,1,1,1.0,0.9912463,0.9912463
NAA10,1,1,1.0,0.99067897,0.99067897
NAA60,1,1,1.0,0.99042445,0.99042445
NACA2,1,1,1.0,0.95493585,0.95493585
NAGS,1,1,1.0,0.96199226,0.96199226
NAIF1,1,1,1.0,0.9913816,0.9913816
NAP1L5,1,1,1.0,0.81108856,0.81108856
NAPA,1,1,1.0,0.9776349,0.9776349
NAPB,1,1,1.0,0.96963567,0.96963567
NAPG,1,1,1.0,0.99148166,0.99148166
NARF,1,1,1.0,0.99135953,0.99135953
NASP,1,1,1.0,0.98733985,0.98733985
NAT1,1,1,1.0,0.9721667,0.9721667
NAT10,1,1,1.0,0.9705594,0.9705594
NAT8,1,1,1.0,0.83544636,0.83544636
NBPF7,1,1,1.0,0.99138486,0.99138486
NBPF9,1,1,1.0,0.9867639,0.9867639
NCAM2,1,1,1.0,0.99132967,0.99132967
NCBP1,1,1,1.0,0.9863063,0.9863063
NCOA4,1,1,1.0,0.96775645,0.96775645
NCR2,1,1,1.0,0.76640975,0.76640975
NDOR1,1,1,1.0,0.99083287,0.99083287
NDRG3,1,1,1.0,0.9914716,0.9914716
NDUFA5,1,1,1.0,0.9658102,0.9658102
NDUFA9,1,1,1.0,0.9628514,0.9628514
NDUFAF2,1,1,1.0,0.99073094,0.99073094
NDUFAF4,1,1,1.0,0.9568122,0.9568122
NDUFB6,1,1,1.0,0.9884979,0.9884979
NDUFS4,1,1,1.0,0.97666967,0.97666967
NEIL2,1,1,1.0,0.928012,0.928012
NEK11,1,1,1.0,0.9914398,0.9914398
NEU3,1,1,1.0,0.9688014,0.9688014
NFYB,1,1,1.0,0.9691038,0.9691038
NGDN,1,1,1.0,0.8672933,0.8672933
NGEF,1,1,1.0,0.9751501,0.9751501
NHLRC3,1,1,1.0,0.93457294,0.93457294
NINJ2,1,1,1.0,0.94033027,0.94033027
NIP7,1,1,1.0,0.990092,0.990092
NIPSNAP3A,1,1,1.0,0.9301009,0.9301009
NKG7,1,1,1.0,0.97196645,0.97196645
NKIRAS2,1,1,1.0,0.95054305,0.95054305
NLK,1,1,1.0,0.9779288,0.9779288
NME4,1,1,1.0,0.9687233,0.9687233
NME5,1,1,1.0,0.9914718,0.9914718
NMRAL1,1,1,1.0,0.9913756,0.9913756
NMRK1,1,1,1.0,0.9913754,0.9913754
NNMT,1,1,1.0,0.99063385,0.99063385
NNT,1,1,1.0,0.9707464,0.9707464
NOA1,1,1,1.0,0.9914511,0.9914511
NOL9,1,1,1.0,0.80486846,0.80486846
NOP58,1,1,1.0,0.93442,0.93442
NOP9,1,1,1.0,0.9215583,0.9215583
NOTUM,1,1,1.0,0.99145365,0.99145365
NPIPA1,1,1,1.0,0.99128586,0.99128586
NPL,1,1,1.0,0.98015434,0.98015434
NPM1,1,1,1.0,0.8961653,0.8961653
NPY1R,1,1,1.0,0.97032183,0.97032183
NR0B1,1,1,1.0,0.86111146,0.86111146
NR1H2,1,1,1.0,0.9839257,0.9839257
NR1I2,1,1,1.0,0.9914552,0.9914552
NR3C1,1,1,1.0,0.9913741,0.9913741
NRBF2,1,1,1.0,0.97829026,0.97829026
NREP,1,1,1.0,0.93160766,0.93160766
NRG2,1,1,1.0,0.9868357,0.9868357
NRG4,1,1,1.0,0.9819713,0.9819713
NRN1L,1,1,1.0,0.81756836,0.81756836
NSDHL,1,1,1.0,0.9811125,0.9811125
NSG2,1,1,1.0,0.96291167,0.96291167
NSUN6,1,1,1.0,0.81504005,0.81504005
NT5C,1,1,1.0,0.99148047,0.99148047
NT5C3A,1,1,1.0,0.99011314,0.99011314
NT5DC3,1,1,1.0,0.752249,0.752249
NT5E,1,1,1.0,0.99138486,0.99138486
NTAN1,1,1,1.0,0.870698,0.870698
NTMT1,1,1,1.0,0.99139714,0.99139714
NTPCR,1,1,1.0,0.9910715,0.9910715
NUDCD3,1,1,1.0,0.9913175,0.9913175
NUDT1,1,1,1.0,0.98924154,0.98924154
NUDT13,1,1,1.0,0.9575792,0.9575792
NUDT16,1,1,1.0,0.9910924,0.9910924
NUDT2,1,1,1.0,0.765607,0.765607
NUDT7,1,1,1.0,0.9767395,0.9767395
NUFIP2,1,1,1.0,0.988794,0.988794
NUGGC,1,1,1.0,0.97904164,0.97904164
NUP37,1,1,1.0,0.98910904,0.98910904
NUTM2A,1,1,1.0,0.976704,0.976704
NUTM2G,1,1,1.0,0.99109745,0.99109745
NXPE1,1,1,1.0,0.8920246,0.8920246
NYX,1,1,1.0,0.84444666,0.84444666
OAT,1,1,1.0,0.9826583,0.9826583
OAZ1,1,1,1.0,0.9566316,0.9566316
ODF3L2,1,1,1.0,0.97750455,0.97750455
OGFOD2,1,1,1.0,0.99137306,0.99137306
OLA1,1,1,1.0,0.9915023,0.9915023
OLFM2,1,1,1.0,0.8244071,0.8244071
OPALIN,1,1,1.0,0.97948325,0.97948325
OPN3,1,1,1.0,0.96308994,0.96308994
OPTC,1,1,1.0,0.9913532,0.9913532
OR10G7,1,1,1.0,0.9856192,0.9856192
OR10J1,1,1,1.0,0.9871796,0.9871796
OR10T2,1,1,1.0,0.97165537,0.97165537
OR13C4,1,1,1.0,0.99144405,0.99144405
OR13C5,1,1,1.0,0.97782224,0.97782224
OR13J1,1,1,1.0,0.9041876,0.9041876
OR1A2,1,1,1.0,0.99138707,0.99138707
OR1J2,1,1,1.0,0.9913613,0.9913613
OR1K1,1,1,1.0,0.9913489,0.9913489
OR2A4,1,1,1.0,0.94124943,0.94124943
OR2A5,1,1,1.0,0.99093515,0.99093515
OR2AE1,1,1,1.0,0.99122953,0.99122953
OR2G3,1,1,1.0,0.9914307,0.9914307
OR2U1P,1,1,1.0,0.9914786,0.9914786
OR2W1,1,1,1.0,0.9913487,0.9913487
OR3A1,1,1,1.0,0.99126726,0.99126726
OR4A16,1,1,1.0,0.9913769,0.9913769
OR4F15,1,1,1.0,0.9763471,0.9763471
OR4F17,1,1,1.0,0.9605822,0.9605822
OR4F4,1,1,1.0,0.9913617,0.9913617
OR51B2,1,1,1.0,0.98209065,0.98209065
OR51V1,1,1,1.0,0.9371379,0.9371379
OR52A4P,1,1,1.0,0.97031677,0.97031677
OR52B4,1,1,1.0,0.95463675,0.95463675
OR52I1,1,1,1.0,0.9070597,0.9070597
OR52N2,1,1,1.0,0.9176986,0.9176986
OR56B4,1,1,1.0,0.941421,0.941421
OR5A2,1,1,1.0,0.9868929,0.9868929
OR5AP2,1,1,1.0,0.9908619,0.9908619
OR5B2,1,1,1.0,0.97597337,0.97597337
OR5B21,1,1,1.0,0.9913258,0.9913258
OR5H15,1,1,1.0,0.9914181,0.9914181
OR5V1,1,1,1.0,0.94135803,0.94135803
OR6C2,1,1,1.0,0.9580917,0.9580917
OR6C74,1,1,1.0,0.9155937,0.9155937
OR6X1,1,1,1.0,0.969963,0.969963
OR8B12,1,1,1.0,0.9912621,0.9912621
ORAI2,1,1,1.0,0.9658978,0.9658978
ORMDL2,1,1,1.0,0.98734134,0.98734134
ORMDL3,1,1,1.0,0.99128175,0.99128175
OS9,1,1,1.0,0.8376438,0.8376438
OSBPL2,1,1,1.0,0.83639085,0.83639085
OSBPL5,1,1,1.0,0.9670027,0.9670027
OSBPL7,1,1,1.0,0.97832537,0.97832537
OSBPL9,1,1,1.0,0.9397133,0.9397133
OSGIN1,1,1,1.0,0.99083203,0.99083203
OTUD3,1,1,1.0,0.8365717,0.8365717
OTUD7A,1,1,1.0,0.8855267,0.8855267
OXCT2,1,1,1.0,0.92384785,0.92384785
OXNAD1,1,1,1.0,0.9741182,0.9741182
P2RX6,1,1,1.0,0.9658703,0.9658703
PABPC5,1,1,1.0,0.9045181,0.9045181
PABPN1,1,1,1.0,0.84050477,0.84050477
PAGE1,1,1,1.0,0.9860218,0.9860218
PAIP2B,1,1,1.0,0.9745885,0.9745885
PAK1IP1,1,1,1.0,0.9616928,0.9616928
PALMD,1,1,1.0,0.9229665,0.9229665
PANK2,1,1,1.0,0.8701816,0.8701816
PAPSS2,1,1,1.0,0.99134916,0.99134916
PAQR7,1,1,1.0,0.9832517,0.9832517
PARK7,1,1,1.0,0.96965283,0.96965283
PARN,1,1,1.0,0.8540938,0.8540938
PARP10,1,1,1.0,0.96394277,0.96394277
PATE1,1,1,1.0,0.9785427,0.9785427
PATE2,1,1,1.0,0.9865377,0.9865377
PAX6,1,1,1.0,0.9321358,0.9321358
PCBP1,1,1,1.0,0.9914927,0.9914927
PCBP3,1,1,1.0,0.99149525,0.99149525
PCDH8,1,1,1.0,0.90471894,0.90471894
PCDHAC2,1,1,1.0,0.95099187,0.95099187
PCDHGC5,1,1,1.0,0.9914328,0.9914328
PCMT1,1,1,1.0,0.9849948,0.9849948
PCNP,1,1,1.0,0.99024934,0.99024934
PCSK4,1,1,1.0,0.98427063,0.98427063
PCSK7,1,1,1.0,0.93461293,0.93461293
PDC,1,1,1.0,0.9914792,0.9914792
PDCD10,1,1,1.0,0.9114699,0.9114699
PDCD6IP,1,1,1.0,0.9605312,0.9605312
PDE6D,1,1,1.0,0.9842614,0.9842614
PDE7B,1,1,1.0,0.9734851,0.9734851
PDIA6,1,1,1.0,0.9786402,0.9786402
PDK1,1,1,1.0,0.9667045,0.9667045
PDK2,1,1,1.0,0.9878686,0.9878686
PDK4,1,1,1.0,0.9910902,0.9910902
PDXK,1,1,1.0,0.99124897,0.99124897
PDZK1,1,1,1.0,0.8620087,0.8620087
PEMT,1,1,1.0,0.99126107,0.99126107
PENK,1,1,1.0,0.94760126,0.94760126
PEX13,1,1,1.0,0.99143654,0.99143654
PEX16,1,1,1.0,0.99127805,0.99127805
PFKFB2,1,1,1.0,0.99080884,0.99080884
PFKFB3,1,1,1.0,0.9789322,0.9789322
PGAM4,1,1,1.0,0.979882,0.979882
PGC,1,1,1.0,0.97349995,0.97349995
PGLYRP3,1,1,1.0,0.99140465,0.99140465
PGP,1,1,1.0,0.9870946,0.9870946
PHF19,1,1,1.0,0.9646642,0.9646642
PHF6,1,1,1.0,0.9812362,0.9812362
PHKG2,1,1,1.0,0.87717897,0.87717897
PHLDA2,1,1,1.0,0.9116423,0.9116423
PHLDB3,1,1,1.0,0.97805697,0.97805697
PHOX2A,1,1,1.0,0.991247,0.991247
PHYHIPL,1,1,1.0,0.9909504,0.9909504
PHYKPL,1,1,1.0,0.99143374,0.99143374
PI15,1,1,1.0,0.8298342,0.8298342
PI16,1,1,1.0,0.9331105,0.9331105
PI3,1,1,1.0,0.9589459,0.9589459
PIGA,1,1,1.0,0.9884842,0.9884842
PIGM,1,1,1.0,0.9913435,0.9913435
PIGY,1,1,1.0,0.99140394,0.99140394
PILRB,1,1,1.0,0.98734415,0.98734415
PIM1,1,1,1.0,0.9908482,0.9908482
PIP,1,1,1.0,0.9399488,0.9399488
PIP4P2,1,1,1.0,0.99139833,0.99139833
PIP5KL1,1,1,1.0,0.9799486,0.9799486
PIRT,1,1,1.0,0.7549676,0.7549676
PITHD1,1,1,1.0,0.973435,0.973435
PITRM1,1,1,1.0,0.9860103,0.9860103
PLA2G4C,1,1,1.0,0.89824754,0.89824754
PLA2G4E,1,1,1.0,0.9669953,0.9669953
PLA2G4F,1,1,1.0,0.90316004,0.90316004
PLA2G6,1,1,1.0,0.96277595,0.96277595
PLAAT1,1,1,1.0,0.8709104,0.8709104
PLAAT2,1,1,1.0,0.98784316,0.98784316
PLAC8,1,1,1.0,0.98360115,0.98360115
PLAG1,1,1,1.0,0.9542985,0.9542985
PLAT,1,1,1.0,0.9912593,0.9912593
PLAUR,1,1,1.0,0.8862942,0.8862942
PLD5,1,1,1.0,0.9776904,0.9776904
PLEK2,1,1,1.0,0.95954907,0.95954907
PLEKHA4,1,1,1.0,0.97731906,0.97731906
PLEKHN1,1,1,1.0,0.99146044,0.99146044
PLOD3,1,1,1.0,0.9902955,0.9902955
PLP2,1,1,1.0,0.9557961,0.9557961
PLPP1,1,1,1.0,0.99126107,0.99126107
PLPP6,1,1,1.0,0.9844332,0.9844332
PLPPR4,1,1,1.0,0.98862606,0.98862606
PLS3,1,1,1.0,0.9541875,0.9541875
PLSCR4,1,1,1.0,0.94564223,0.94564223
PMEPA1,1,1,1.0,0.991434,0.991434
PNMA1,1,1,1.0,0.94409883,0.94409883
PNMA8B,1,1,1.0,0.97777325,0.97777325
PNO1,1,1,1.0,0.7536103,0.7536103
PNPLA3,1,1,1.0,0.98351604,0.98351604
PNPLA4,1,1,1.0,0.78812784,0.78812784
PNPT1,1,1,1.0,0.90465784,0.90465784
POGLUT2,1,1,1.0,0.9892664,0.9892664
POLDIP2,1,1,1.0,0.7606776,0.7606776
POLH,1,1,1.0,0.96685547,0.96685547
POLR1G,1,1,1.0,0.9909314,0.9909314
POLR1H,1,1,1.0,0.9880883,0.9880883
POLR3GL,1,1,1.0,0.99150544,0.99150544
POMGNT1,1,1,1.0,0.9800649,0.9800649
POMP,1,1,1.0,0.97886616,0.97886616
POMT2,1,1,1.0,0.9232874,0.9232874
POP4,1,1,1.0,0.9618691,0.9618691
POP7,1,1,1.0,0.900185,0.900185
POU4F3,1,1,1.0,0.9913874,0.9913874
PPA1,1,1,1.0,0.99150324,0.99150324
PPARD,1,1,1.0,0.9660583,0.9660583
PPARG,1,1,1.0,0.9804432,0.9804432
PPIL1,1,1,1.0,0.98981434,0.98981434
PPIL4,1,1,1.0,0.93068117,0.93068117
PPM1B,1,1,1.0,0.97358197,0.97358197
PPM1G,1,1,1.0,0.9699451,0.9699451
PPOX,1,1,1.0,0.8933898,0.8933898
PPP1CB,1,1,1.0,0.99149406,0.99149406
PPP1R11,1,1,1.0,0.8129247,0.8129247
PPP1R15B,1,1,1.0,0.9914152,0.9914152
PPP1R16A,1,1,1.0,0.9914888,0.9914888
PPP1R3D,1,1,1.0,0.9866996,0.9866996
PPP1R42,1,1,1.0,0.991409,0.991409
PPP2CB,1,1,1.0,0.9913065,0.9913065
PPP2R5A,1,1,1.0,0.85213804,0.85213804
PPP3CA,1,1,1.0,0.95799595,0.95799595
PPP3CB,1,1,1.0,0.8418253,0.8418253
PPP6C,1,1,1.0,0.8026214,0.8026214
PPP6R2,1,1,1.0,0.97312474,0.97312474
PRADC1,1,1,1.0,0.9403372,0.9403372
PRAMEF17,1,1,1.0,0.9553919,0.9553919
PRAMEF18,1,1,1.0,0.99126923,0.99126923
PRAMEF5,1,1,1.0,0.9914386,0.9914386
PRAMEF6,1,1,1.0,0.99134254,0.99134254
PRB2,1,1,1.0,0.8990887,0.8990887
PRC1,1,1,1.0,0.9881599,0.9881599
PRDM12,1,1,1.0,0.9850036,0.9850036
PRDM8,1,1,1.0,0.90098196,0.90098196
PRDX2,1,1,1.0,0.95863175,0.95863175
PRELID2,1,1,1.0,0.9913306,0.9913306
PRELID3A,1,1,1.0,0.9914493,0.9914493
PRELP,1,1,1.0,0.89221686,0.89221686
PRH2,1,1,1.0,0.9701826,0.9701826
PRKAA1,1,1,1.0,0.9220312,0.9220312
PRKAB2,1,1,1.0,0.9655303,0.9655303
PRKCSH,1,1,1.0,0.93849,0.93849
PRKRIP1,1,1,1.0,0.9903989,0.9903989
PRKX,1,1,1.0,0.85329765,0.85329765
PRMT1,1,1,1.0,0.9480424,0.9480424
PROCA1,1,1,1.0,0.9882399,0.9882399
PROZ,1,1,1.0,0.9866317,0.9866317
PRPF4B,1,1,1.0,0.9898089,0.9898089
PRR35,1,1,1.0,0.9814182,0.9814182
PRRX2,1,1,1.0,0.84360915,0.84360915
PRSS38,1,1,1.0,0.88320416,0.88320416
PRSS45P,1,1,1.0,0.99138355,0.99138355
PRSS53,1,1,1.0,0.9662307,0.9662307
PRTFDC1,1,1,1.0,0.92793,0.92793
PRUNE1,1,1,1.0,0.9913366,0.9913366
PRXL2A,1,1,1.0,0.991377,0.991377
PRXL2B,1,1,1.0,0.97915053,0.97915053
PSAP,1,1,1.0,0.9847478,0.9847478
PSAPL1,1,1,1.0,0.9624037,0.9624037
PSG2,1,1,1.0,0.982477,0.982477
PSMA5,1,1,1.0,0.99034727,0.99034727
PSMB1,1,1,1.0,0.8852133,0.8852133
PSMB2,1,1,1.0,0.86656773,0.86656773
PSMB7,1,1,1.0,0.93005407,0.93005407
PSMB8,1,1,1.0,0.9908048,0.9908048
PSMC3,1,1,1.0,0.9391544,0.9391544
PSMD11,1,1,1.0,0.9907828,0.9907828
PSORS1C1,1,1,1.0,0.94197375,0.94197375
PTAR1,1,1,1.0,0.9914908,0.9914908
PTBP1,1,1,1.0,0.95256364,0.95256364
PTBP2,1,1,1.0,0.99150556,0.99150556
PTCHD1,1,1,1.0,0.8484505,0.8484505
PTDSS1,1,1,1.0,0.9008944,0.9008944
PTGDR,1,1,1.0,0.9873869,0.9873869
PTGES3L-AARSD1,1,1,1.0,0.991417,0.991417
PTGR1,1,1,1.0,0.98831964,0.98831964
PTPN2,1,1,1.0,0.83277506,0.83277506
PTPN5,1,1,1.0,0.8677199,0.8677199
PTRH2,1,1,1.0,0.989537,0.989537
PUM3,1,1,1.0,0.99145573,0.99145573
PURA,1,1,1.0,0.99129105,0.99129105
PUS7L,1,1,1.0,0.98833907,0.98833907
PXMP4,1,1,1.0,0.9914586,0.9914586
PYCR2,1,1,1.0,0.9066498,0.9066498
PYM1,1,1,1.0,0.9001154,0.9001154
QPCTL,1,1,1.0,0.99136883,0.99136883
QRICH1,1,1,1.0,0.9912833,0.9912833
RAB11A,1,1,1.0,0.8362478,0.8362478
RAB11FIP2,1,1,1.0,0.99144685,0.99144685
RAB15,1,1,1.0,0.99149114,0.99149114
RAB17,1,1,1.0,0.93769896,0.93769896
RAB27B,1,1,1.0,0.9784273,0.9784273
RAB28,1,1,1.0,0.98743325,0.98743325
RAB38,1,1,1.0,0.968329,0.968329
RAB43,1,1,1.0,0.9912573,0.9912573
RAB8B,1,1,1.0,0.87020355,0.87020355
RAB9B,1,1,1.0,0.89450014,0.89450014
RABEPK,1,1,1.0,0.9913829,0.9913829
RABGAP1L,1,1,1.0,0.99126863,0.99126863
RABL6,1,1,1.0,0.9906448,0.9906448
RAC2,1,1,1.0,0.99135935,0.99135935
RAC3,1,1,1.0,0.87210035,0.87210035
RAD1,1,1,1.0,0.9913846,0.9913846
RAD51D,1,1,1.0,0.99138945,0.99138945
RAD52,1,1,1.0,0.9914023,0.9914023
RAD9A,1,1,1.0,0.7549838,0.7549838
RALA,1,1,1.0,0.99139565,0.99139565
RANBP2,1,1,1.0,0.98628855,0.98628855
RANBP3L,1,1,1.0,0.99139893,0.99139893
RAP1GAP2,1,1,1.0,0.9869801,0.9869801
RARA,1,1,1.0,0.9914528,0.9914528
RARB,1,1,1.0,0.9223409,0.9223409
RARRES1,1,1,1.0,0.991424,0.991424
RASA2,1,1,1.0,0.991359,0.991359
RASGEF1A,1,1,1.0,0.9912838,0.9912838
RBBP4,1,1,1.0,0.7752249,0.7752249
RBBP7,1,1,1.0,0.9723361,0.9723361
RBFOX2,1,1,1.0,0.99129194,0.99129194
RBM11,1,1,1.0,0.9744916,0.9744916
RBM17,1,1,1.0,0.99150205,0.99150205
RBM24,1,1,1.0,0.911578,0.911578
RBM3,1,1,1.0,0.9896756,0.9896756
RBM34,1,1,1.0,0.8001895,0.8001895
RBM38,1,1,1.0,0.9905862,0.9905862
RBM4B,1,1,1.0,0.99143183,0.99143183
RBM5,1,1,1.0,0.9914233,0.9914233
RBMS2,1,1,1.0,0.965229,0.965229
RBMX,1,1,1.0,0.9738261,0.9738261
RBMX2,1,1,1.0,0.9912935,0.9912935
RBP1,1,1,1.0,0.9830209,0.9830209
RBP4,1,1,1.0,0.98636067,0.98636067
RCC1,1,1,1.0,0.9913049,0.9913049
RCC1L,1,1,1.0,0.96337265,0.96337265
RCE1,1,1,1.0,0.9881363,0.9881363
RCOR1,1,1,1.0,0.9749051,0.9749051
RCOR3,1,1,1.0,0.99140406,0.99140406
RCVRN,1,1,1.0,0.9860286,0.9860286
RDH10,1,1,1.0,0.99139345,0.99139345
RDM1,1,1,1.0,0.91182375,0.91182375
REEP6,1,1,1.0,0.9913482,0.9913482
RELL1,1,1,1.0,0.9894554,0.9894554
RELL2,1,1,1.0,0.9417701,0.9417701
REM2,1,1,1.0,0.98823243,0.98823243
REP15,1,1,1.0,0.9815352,0.9815352
REPS1,1,1,1.0,0.91699624,0.91699624
RER1,1,1,1.0,0.9914027,0.9914027
RETN,1,1,1.0,0.94509995,0.94509995
RETREG3,1,1,1.0,0.8978242,0.8978242
REXO4,1,1,1.0,0.9913243,0.9913243
REXO5,1,1,1.0,0.99150765,0.99150765
RFFL,1,1,1.0,0.9854395,0.9854395
RFK,1,1,1.0,0.9837599,0.9837599
RFX5,1,1,1.0,0.9887553,0.9887553
RFXANK,1,1,1.0,0.99125963,0.99125963
RGPD2,1,1,1.0,0.9909883,0.9909883
RGS5,1,1,1.0,0.991454,0.991454
RGS8,1,1,1.0,0.99118817,0.99118817
RHBDL2,1,1,1.0,0.9910992,0.9910992
RHEB,1,1,1.0,0.9894484,0.9894484
RHEX,1,1,1.0,0.9912951,0.9912951
RHOA,1,1,1.0,0.81794834,0.81794834
RHOF,1,1,1.0,0.99060947,0.99060947
RHOG,1,1,1.0,0.98348904,0.98348904
RHOXF2,1,1,1.0,0.80085164,0.80085164
RILPL1,1,1,1.0,0.9828766,0.9828766
RILPL2,1,1,1.0,0.93532395,0.93532395
RIMKLA,1,1,1.0,0.973962,0.973962
RIMKLB,1,1,1.0,0.97789246,0.97789246
RIMS3,1,1,1.0,0.9529933,0.9529933
RIPPLY2,1,1,1.0,0.9874648,0.9874648
RIT1,1,1,1.0,0.87224203,0.87224203
RLN2,1,1,1.0,0.955635,0.955635
RMND5B,1,1,1.0,0.9517959,0.9517959
RN7SL176P,1,1,1.0,0.96455437,0.96455437
RNASE12,1,1,1.0,0.95192623,0.95192623
RNASE13,1,1,1.0,0.82239467,0.82239467
RNASE2,1,1,1.0,0.9800981,0.9800981
RNASE3,1,1,1.0,0.97585005,0.97585005
RNASEH1,1,1,1.0,0.93363065,0.93363065
RNF103,1,1,1.0,0.9908958,0.9908958
RNF113A,1,1,1.0,0.9504862,0.9504862
RNF13,1,1,1.0,0.9914323,0.9914323
RNF139,1,1,1.0,0.79492044,0.79492044
RNF165,1,1,1.0,0.9871804,0.9871804
RNF166,1,1,1.0,0.9894108,0.9894108
RNF167,1,1,1.0,0.99128646,0.99128646
RNF185,1,1,1.0,0.99141324,0.99141324
RNF2,1,1,1.0,0.99148905,0.99148905
RNF212,1,1,1.0,0.98424006,0.98424006
RNF38,1,1,1.0,0.98989725,0.98989725
RNF41,1,1,1.0,0.978885,0.978885
RNF8,1,1,1.0,0.94881743,0.94881743
ROPN1B,1,1,1.0,0.9892315,0.9892315
ROPN1L,1,1,1.0,0.9252498,0.9252498
RPF2,1,1,1.0,0.9774523,0.9774523
RPL11,1,1,1.0,0.9915127,0.9915127
RPL19,1,1,1.0,0.99145824,0.99145824
RPL22,1,1,1.0,0.849197,0.849197
RPL26L1,1,1,1.0,0.8316603,0.8316603
RPL35A,1,1,1.0,0.99129534,0.99129534
RPL36AL,1,1,1.0,0.97450906,0.97450906
RPL6,1,1,1.0,0.82624006,0.82624006
RPN1,1,1,1.0,0.80581933,0.80581933
RPS11,1,1,1.0,0.9892903,0.9892903
RPS21,1,1,1.0,0.9749237,0.9749237
RPS26,1,1,1.0,0.9914724,0.9914724
RPS26P15,1,1,1.0,0.9842832,0.9842832
RPS4X,1,1,1.0,0.96944034,0.96944034
RPS6KA4,1,1,1.0,0.97187006,0.97187006
RPS6KA6,1,1,1.0,0.8469919,0.8469919
RPSA,1,1,1.0,0.95895964,0.95895964
RRM2B,1,1,1.0,0.87455887,0.87455887
RRP1,1,1,1.0,0.9815856,0.9815856
RRP15,1,1,1.0,0.99137163,0.99137163
RRP9,1,1,1.0,0.9881874,0.9881874
RSAD2,1,1,1.0,0.9750049,0.9750049
RSBN1L,1,1,1.0,0.9913728,0.9913728
RSKR,1,1,1.0,0.89013016,0.89013016
RSPH1,1,1,1.0,0.9883498,0.9883498
RSPH9,1,1,1.0,0.99013036,0.99013036
RSRC1,1,1,1.0,0.99144334,0.99144334
RTCB,1,1,1.0,0.82109857,0.82109857
RTL8A,1,1,1.0,0.96630335,0.96630335
RTN4R,1,1,1.0,0.9914688,0.9914688
S100A10,1,1,1.0,0.9914471,0.9914471
S100A2,1,1,1.0,0.9892278,0.9892278
S100A3,1,1,1.0,0.9913741,0.9913741
S100B,1,1,1.0,0.99144065,0.99144065
S1PR1,1,1,1.0,0.991456,0.991456
SAA2,1,1,1.0,0.991435,0.991435
SACM1L,1,1,1.0,0.93675256,0.93675256
SAE1,1,1,1.0,0.97505194,0.97505194
SAMD1,1,1,1.0,0.9915051,0.9915051
SAMD15,1,1,1.0,0.9871934,0.9871934
SAP30,1,1,1.0,0.77222544,0.77222544
SAP30BP,1,1,1.0,0.9914893,0.9914893
SART1,1,1,1.0,0.99150836,0.99150836
SAT1,1,1,1.0,0.96093667,0.96093667
SATB2,1,1,1.0,0.93981266,0.93981266
SCAMP2,1,1,1.0,0.9355879,0.9355879
SCARB2,1,1,1.0,0.9833852,0.9833852
SCARF1,1,1,1.0,0.8168649,0.8168649
SCGN,1,1,1.0,0.99145013,0.99145013
SCML4,1,1,1.0,0.9639386,0.9639386
SCN4B,1,1,1.0,0.9774573,0.9774573
SCO1,1,1,1.0,0.99132186,0.99132186
SCOC,1,1,1.0,0.9912812,0.9912812
SCRG1,1,1,1.0,0.9839399,0.9839399
SCRN3,1,1,1.0,0.98074913,0.98074913
SCUBE2,1,1,1.0,0.9913017,0.9913017
SDCBP2,1,1,1.0,0.7951136,0.7951136
SDHAF2,1,1,1.0,0.99145436,0.99145436
SDR39U1,1,1,1.0,0.98225087,0.98225087
SDSL,1,1,1.0,0.988958,0.988958
SEBOX,1,1,1.0,0.9911457,0.9911457
SEC14L2,1,1,1.0,0.9799755,0.9799755
SEH1L,1,1,1.0,0.9847912,0.9847912
SELENBP1,1,1,1.0,0.98479617,0.98479617
SELENOF,1,1,1.0,0.9630765,0.9630765
SELENOM,1,1,1.0,0.9884753,0.9884753
SEM1,1,1,1.0,0.8275021,0.8275021
SEMA3B,1,1,1.0,0.89732414,0.89732414
SEMA4A,1,1,1.0,0.8247533,0.8247533
SEMA4D,1,1,1.0,0.9899249,0.9899249
SEPTIN6,1,1,1.0,0.9864439,0.9864439
SERBP1,1,1,1.0,0.9913526,0.9913526
SERHL,1,1,1.0,0.9914792,0.9914792
SERINC3,1,1,1.0,0.9846468,0.9846468
SERPINB13,1,1,1.0,0.82666975,0.82666975
SETD4,1,1,1.0,0.9914752,0.9914752
SETD9,1,1,1.0,0.99150157,0.99150157
SF3B3,1,1,1.0,0.9730769,0.9730769
SF3B4,1,1,1.0,0.9894085,0.9894085
SFRP5,1,1,1.0,0.9908999,0.9908999
SFSWAP,1,1,1.0,0.9897222,0.9897222
SFXN2,1,1,1.0,0.97878265,0.97878265
SFXN4,1,1,1.0,0.9696371,0.9696371
SGO1,1,1,1.0,0.991479,0.991479
SGTA,1,1,1.0,0.99071807,0.99071807
SGTB,1,1,1.0,0.7894257,0.7894257
SH2B3,1,1,1.0,0.7694319,0.7694319
SH2D2A,1,1,1.0,0.991441,0.991441
SH3GLB1,1,1,1.0,0.99060166,0.99060166
SH3GLB2,1,1,1.0,0.9903578,0.9903578
SHBG,1,1,1.0,0.9914051,0.9914051
SHC3,1,1,1.0,0.8232611,0.8232611
SHISA3,1,1,1.0,0.99009013,0.99009013
SHOC2,1,1,1.0,0.987884,0.987884
SHROOM1,1,1,1.0,0.96007717,0.96007717
SIDT2,1,1,1.0,0.939883,0.939883
SIGIRR,1,1,1.0,0.9914928,0.9914928
SIKE1,1,1,1.0,0.9912288,0.9912288
SINHCAF,1,1,1.0,0.991286,0.991286
SIRPB2,1,1,1.0,0.9793361,0.9793361
SIX2,1,1,1.0,0.8224416,0.8224416
SIX6,1,1,1.0,0.98972917,0.98972917
SLAMF9,1,1,1.0,0.99148834,0.99148834
SLC10A3,1,1,1.0,0.91796255,0.91796255
SLC11A2,1,1,1.0,0.95885694,0.95885694
SLC15A3,1,1,1.0,0.8747568,0.8747568
SLC16A13,1,1,1.0,0.884196,0.884196
SLC16A14,1,1,1.0,0.9645368,0.9645368
SLC16A3,1,1,1.0,0.99129736,0.99129736
SLC22A12,1,1,1.0,0.80817556,0.80817556
SLC22A6,1,1,1.0,0.91158265,0.91158265
SLC25A21,1,1,1.0,0.949673,0.949673
SLC25A24,1,1,1.0,0.99139214,0.99139214
SLC25A25,1,1,1.0,0.9914745,0.9914745
SLC25A27,1,1,1.0,0.97601366,0.97601366
SLC25A28,1,1,1.0,0.99146944,0.99146944
SLC25A44,1,1,1.0,0.9898901,0.9898901
SLC25A45,1,1,1.0,0.98397577,0.98397577
SLC25A47,1,1,1.0,0.9716181,0.9716181
SLC2A10,1,1,1.0,0.99148023,0.99148023
SLC30A2,1,1,1.0,0.9734838,0.9734838
SLC30A5,1,1,1.0,0.964645,0.964645
SLC31A1,1,1,1.0,0.9914581,0.9914581
SLC34A2,1,1,1.0,0.8669161,0.8669161
SLC35A1,1,1,1.0,0.96996415,0.96996415
SLC35A3,1,1,1.0,0.99049145,0.99049145
SLC35A4,1,1,1.0,0.7954855,0.7954855
SLC35A5,1,1,1.0,0.99137914,0.99137914
SLC35D1,1,1,1.0,0.99141055,0.99141055
SLC35D2,1,1,1.0,0.9818236,0.9818236
SLC35E1,1,1,1.0,0.9914381,0.9914381
SLC35E4,1,1,1.0,0.9635195,0.9635195
SLC35G1,1,1,1.0,0.99127287,0.99127287
SLC37A2,1,1,1.0,0.99139625,0.99139625
SLC38A2,1,1,1.0,0.98717904,0.98717904
SLC38A9,1,1,1.0,0.99106663,0.99106663
SLC39A1,1,1,1.0,0.9505417,0.9505417
SLC39A11,1,1,1.0,0.97210693,0.97210693
SLC39A13,1,1,1.0,0.9352774,0.9352774
SLC39A14,1,1,1.0,0.970709,0.970709
SLC39A5,1,1,1.0,0.9546651,0.9546651
SLC3A2,1,1,1.0,0.98603106,0.98603106
SLC40A1,1,1,1.0,0.97276545,0.97276545
SLC41A2,1,1,1.0,0.9711112,0.9711112
SLC48A1,1,1,1.0,0.98142034,0.98142034
SLC4A1AP,1,1,1.0,0.99036914,0.99036914
SLC51A,1,1,1.0,0.9914961,0.9914961
SLC51B,1,1,1.0,0.9831845,0.9831845
SLC52A1,1,1,1.0,0.9914042,0.9914042
SLC66A3,1,1,1.0,0.9913532,0.9913532
SLC6A2,1,1,1.0,0.99144685,0.99144685
SLC6A9,1,1,1.0,0.93623286,0.93623286
SLC7A4,1,1,1.0,0.9913986,0.9913986
SLC7A6,1,1,1.0,0.9913145,0.9913145
SLC9A3R1,1,1,1.0,0.94565654,0.94565654
SLC9A7,1,1,1.0,0.9713246,0.9713246
SLC9A9,1,1,1.0,0.9914027,0.9914027
SLF1,1,1,1.0,0.97857624,0.97857624
SLFN12,1,1,1.0,0.98949033,0.98949033
SLN,1,1,1.0,0.9908013,0.9908013
SLURP1,1,1,1.0,0.99147147,0.99147147
SMAD2,1,1,1.0,0.9800868,0.9800868
SMAD9,1,1,1.0,0.98941046,0.98941046
SMAGP,1,1,1.0,0.9833884,0.9833884
SMAP1,1,1,1.0,0.9891784,0.9891784
SMARCD3,1,1,1.0,0.97986275,0.97986275
SMCP,1,1,1.0,0.99145156,0.99145156
SMDT1,1,1,1.0,0.84977835,0.84977835
SMIM14,1,1,1.0,0.96304893,0.96304893
SMO,1,1,1.0,0.9914172,0.9914172
SMS,1,1,1.0,0.9665619,0.9665619
SMYD1,1,1,1.0,0.9472476,0.9472476
SNAI1,1,1,1.0,0.9915154,0.9915154
SNN,1,1,1.0,0.9912838,0.9912838
SNORA26,1,1,1.0,0.99148494,0.99148494
SNORA71E,1,1,1.0,0.99133646,0.99133646
SNORD114-15,1,1,1.0,0.9823156,0.9823156
SNORD114-23,1,1,1.0,0.9789042,0.9789042
SNORD115-10,1,1,1.0,0.98848736,0.98848736
SNORD115-31,1,1,1.0,0.9901202,0.9901202
SNORD115-33,1,1,1.0,0.8860563,0.8860563
SNORD115-7,1,1,1.0,0.9882554,0.9882554
SNORD116-12,1,1,1.0,0.97500867,0.97500867
SNORD116-17,1,1,1.0,0.99143,0.99143
SNORD116-20,1,1,1.0,0.7695763,0.7695763
SNRNP40,1,1,1.0,0.991482,0.991482
SNRPN,1,1,1.0,0.97965103,0.97965103
SNUPN,1,1,1.0,0.93657804,0.93657804
SNW1,1,1,1.0,0.9725594,0.9725594
SNX15,1,1,1.0,0.9913976,0.9913976
SNX2,1,1,1.0,0.97198594,0.97198594
SNX21,1,1,1.0,0.94776034,0.94776034
SNX31,1,1,1.0,0.99147403,0.99147403
SNX5,1,1,1.0,0.97723526,0.97723526
SOBP,1,1,1.0,0.9832118,0.9832118
SOD2,1,1,1.0,0.98517966,0.98517966
SOST,1,1,1.0,0.99113363,0.99113363
SOSTDC1,1,1,1.0,0.9914569,0.9914569
SP7,1,1,1.0,0.9788952,0.9788952
SPACA5B,1,1,1.0,0.9910942,0.9910942
SPAG16,1,1,1.0,0.84451985,0.84451985
SPAG7,1,1,1.0,0.8130647,0.8130647
SPANXN5,1,1,1.0,0.9228002,0.9228002
SPATA13,1,1,1.0,0.97355956,0.97355956
SPATA21,1,1,1.0,0.9280231,0.9280231
SPATA25,1,1,1.0,0.9915177,0.9915177
SPATA6,1,1,1.0,0.98205525,0.98205525
SPC25,1,1,1.0,0.96772534,0.96772534
SPESP1,1,1,1.0,0.9912491,0.9912491
SPIB,1,1,1.0,0.98389685,0.98389685
SPINK2,1,1,1.0,0.99144965,0.99144965
SPINK4,1,1,1.0,0.99064505,0.99064505
SPINT4,1,1,1.0,0.99125224,0.99125224
SPN,1,1,1.0,0.98327684,0.98327684
SPOCK2,1,1,1.0,0.85780585,0.85780585
SPPL2A,1,1,1.0,0.9804819,0.9804819
SPRED2,1,1,1.0,0.9754302,0.9754302
SPRR1B,1,1,1.0,0.9752941,0.9752941
SPRR2A,1,1,1.0,0.9913276,0.9913276
SPRR2F,1,1,1.0,0.99137163,0.99137163
SPRR4,1,1,1.0,0.97698945,0.97698945
SPRY1,1,1,1.0,0.98540133,0.98540133
SPRYD3,1,1,1.0,0.9883211,0.9883211
SPTLC2,1,1,1.0,0.92350584,0.92350584
SQLE,1,1,1.0,0.9886727,0.9886727
SRD5A1,1,1,1.0,0.99065745,0.99065745
SREK1IP1,1,1,1.0,0.9913175,0.9913175
SRF,1,1,1.0,0.9755726,0.9755726
SRGN,1,1,1.0,0.9913722,0.9913722
SRRD,1,1,1.0,0.952514,0.952514
SRSF2,1,1,1.0,0.91466236,0.91466236
SRSF3,1,1,1.0,0.97386044,0.97386044
SRSF6,1,1,1.0,0.972082,0.972082
SRSF7,1,1,1.0,0.99147415,0.99147415
SSBP3,1,1,1.0,0.9914418,0.9914418
SSMEM1,1,1,1.0,0.9772404,0.9772404
SSX2IP,1,1,1.0,0.99127674,0.99127674
SSX4,1,1,1.0,0.99086916,0.99086916
SSX7,1,1,1.0,0.8462364,0.8462364
ST3GAL2,1,1,1.0,0.95572865,0.95572865
ST6GALNAC4,1,1,1.0,0.98983616,0.98983616
ST6GALNAC5,1,1,1.0,0.96280855,0.96280855
ST6GALNAC6,1,1,1.0,0.9915114,0.9915114
ST8SIA1,1,1,1.0,0.99132794,0.99132794
STAMBP,1,1,1.0,0.8996346,0.8996346
STARD7,1,1,1.0,0.9071606,0.9071606
STARD7-AS1,1,1,1.0,0.99133235,0.99133235
STAT5B,1,1,1.0,0.9874412,0.9874412
STC2,1,1,1.0,0.85715276,0.85715276
STEAP4,1,1,1.0,0.98259693,0.98259693
STIM2,1,1,1.0,0.98601705,0.98601705
STING1,1,1,1.0,0.9912689,0.9912689
STK33,1,1,1.0,0.97649115,0.97649115
STK38L,1,1,1.0,0.9860218,0.9860218
STK4,1,1,1.0,0.9913538,0.9913538
STOM,1,1,1.0,0.87598944,0.87598944
STOML2,1,1,1.0,0.9727763,0.9727763
STPG2,1,1,1.0,0.96994364,0.96994364
STRA8,1,1,1.0,0.9913591,0.9913591
STRN,1,1,1.0,0.9742133,0.9742133
STT3A,1,1,1.0,0.9910862,0.9910862
STUB1,1,1,1.0,0.9896744,0.9896744
STX19,1,1,1.0,0.97687745,0.97687745
STX5,1,1,1.0,0.9914581,0.9914581
STXBP3,1,1,1.0,0.9860174,0.9860174
STXBP4,1,1,1.0,0.9898582,0.9898582
STYXL1,1,1,1.0,0.85702455,0.85702455
SUDS3,1,1,1.0,0.99131924,0.99131924
SULT1A2,1,1,1.0,0.98969007,0.98969007
SUMF2,1,1,1.0,0.98448884,0.98448884
SUMO1,1,1,1.0,0.99124885,0.99124885
SUN5,1,1,1.0,0.99134856,0.99134856
SUPT20HL2,1,1,1.0,0.9796427,0.9796427
SUPT4H1,1,1,1.0,0.99137855,0.99137855
SURF1,1,1,1.0,0.9729551,0.9729551
SUSD3,1,1,1.0,0.9727898,0.9727898
SWI5,1,1,1.0,0.99133486,0.99133486
SYNCRIP,1,1,1.0,0.97479546,0.97479546
SYNGR3,1,1,1.0,0.94378877,0.94378877
SYNPO2L,1,1,1.0,0.98663414,0.98663414
SYT15,1,1,1.0,0.97127265,0.97127265
SYT5,1,1,1.0,0.9915097,0.9915097
TAAR2,1,1,1.0,0.9830336,0.9830336
TAAR5,1,1,1.0,0.9835512,0.9835512
TAAR6,1,1,1.0,0.99140465,0.99140465
TAB1,1,1,1.0,0.9913564,0.9913564
TAC1,1,1,1.0,0.9895253,0.9895253
TACR1,1,1,1.0,0.94376194,0.94376194
TAF11,1,1,1.0,0.9914274,0.9914274
TAF12,1,1,1.0,0.980525,0.980525
TAF13,1,1,1.0,0.99140716,0.99140716
TAF5,1,1,1.0,0.9727621,0.9727621
TAF8,1,1,1.0,0.98226947,0.98226947
TAF9B,1,1,1.0,0.99142027,0.99142027
TAGLN3,1,1,1.0,0.99151015,0.99151015
TAMM41,1,1,1.0,0.9727958,0.9727958
TANGO2,1,1,1.0,0.99132794,0.99132794
TAS2R19,1,1,1.0,0.9912649,0.9912649
TAS2R3,1,1,1.0,0.99143195,0.99143195
TAS2R30,1,1,1.0,0.97733647,0.97733647
TAS2R31,1,1,1.0,0.98161733,0.98161733
TAS2R40,1,1,1.0,0.96393037,0.96393037
TAS2R50,1,1,1.0,0.7660964,0.7660964
TAS2R8,1,1,1.0,0.9914656,0.9914656
TATDN2,1,1,1.0,0.99127847,0.99127847
TBC1D10C,1,1,1.0,0.93082654,0.93082654
TBC1D14,1,1,1.0,0.9885749,0.9885749
TBC1D23,1,1,1.0,0.9913538,0.9913538
TBCCD1,1,1,1.0,0.98918694,0.98918694
TBK1,1,1,1.0,0.8839791,0.8839791
TBL1XR1,1,1,1.0,0.99097836,0.99097836
TBRG1,1,1,1.0,0.9914751,0.9914751
TBX15,1,1,1.0,0.9906977,0.9906977
TC2N,1,1,1.0,0.87224686,0.87224686
TCEAL1,1,1,1.0,0.991088,0.991088
TCEAL4,1,1,1.0,0.9593108,0.9593108
TCEANC,1,1,1.0,0.98982847,0.98982847
TCERG1L,1,1,1.0,0.8157128,0.8157128
TCOF1,1,1,1.0,0.9866419,0.9866419
TCP1,1,1,1.0,0.98678696,0.98678696
TCP10L3,1,1,1.0,0.9614989,0.9614989
TCTE3,1,1,1.0,0.9909897,0.9909897
TCTN3,1,1,1.0,0.9337327,0.9337327
TEDDM1,1,1,1.0,0.97899365,0.97899365
TEX19,1,1,1.0,0.9910936,0.9910936
TEX43,1,1,1.0,0.80785537,0.80785537
TEX47,1,1,1.0,0.8871255,0.8871255
TFAP2C,1,1,1.0,0.9257717,0.9257717
TFAP2E,1,1,1.0,0.99100316,0.99100316
TFAP4,1,1,1.0,0.99130285,0.99130285
TFEB,1,1,1.0,0.9860303,0.9860303
TFIP11,1,1,1.0,0.9905866,0.9905866
TFPT,1,1,1.0,0.96935946,0.96935946
TFRC,1,1,1.0,0.99132526,0.99132526
TGFBI,1,1,1.0,0.9116076,0.9116076
THOC6,1,1,1.0,0.9912009,0.9912009
THSD1,1,1,1.0,0.9822213,0.9822213
THUMPD3,1,1,1.0,0.94504726,0.94504726
TIA1,1,1,1.0,0.98709977,0.98709977
TIAL1,1,1,1.0,0.92323434,0.92323434
TIFAB,1,1,1.0,0.99135536,0.99135536
TIGD7,1,1,1.0,0.99150324,0.99150324
TIGIT,1,1,1.0,0.99136096,0.99136096
TIMM17B,1,1,1.0,0.97469145,0.97469145
TIMM21,1,1,1.0,0.93493825,0.93493825
TK1,1,1,1.0,0.9727941,0.9727941
TLE6,1,1,1.0,0.98338944,0.98338944
TLK1,1,1,1.0,0.9797575,0.9797575
TM2D2,1,1,1.0,0.9914738,0.9914738
TM6SF2,1,1,1.0,0.9899781,0.9899781
TM9SF3,1,1,1.0,0.9533598,0.9533598
TMA16,1,1,1.0,0.9009025,0.9009025
TMC8,1,1,1.0,0.9860318,0.9860318
TMCC1,1,1,1.0,0.9911266,0.9911266
TMED1,1,1,1.0,0.9911917,0.9911917
TMED3,1,1,1.0,0.9912636,0.9912636
TMED4,1,1,1.0,0.99133646,0.99133646
TMEM100,1,1,1.0,0.9913129,0.9913129
TMEM101,1,1,1.0,0.9901771,0.9901771
TMEM106C,1,1,1.0,0.9913015,0.9913015
TMEM120A,1,1,1.0,0.99097544,0.99097544
TMEM121B,1,1,1.0,0.9866963,0.9866963
TMEM123,1,1,1.0,0.99151164,0.99151164
TMEM126B,1,1,1.0,0.9913624,0.9913624
TMEM134,1,1,1.0,0.9914972,0.9914972
TMEM143,1,1,1.0,0.9912526,0.9912526
TMEM154,1,1,1.0,0.91150254,0.91150254
TMEM164,1,1,1.0,0.819907,0.819907
TMEM168,1,1,1.0,0.9166975,0.9166975
TMEM17,1,1,1.0,0.9467472,0.9467472
TMEM174,1,1,1.0,0.7565101,0.7565101
TMEM184B,1,1,1.0,0.9495816,0.9495816
TMEM184C,1,1,1.0,0.969637,0.969637
TMEM185A,1,1,1.0,0.7980234,0.7980234
TMEM186,1,1,1.0,0.99148655,0.99148655
TMEM187,1,1,1.0,0.9072718,0.9072718
TMEM190,1,1,1.0,0.9912683,0.9912683
TMEM213,1,1,1.0,0.9084254,0.9084254
TMEM216,1,1,1.0,0.9914818,0.9914818
TMEM229B,1,1,1.0,0.9657111,0.9657111
TMEM248,1,1,1.0,0.9903916,0.9903916
TMEM268,1,1,1.0,0.9550441,0.9550441
TMEM273,1,1,1.0,0.9912935,0.9912935
TMEM35A,1,1,1.0,0.9626091,0.9626091
TMEM39B,1,1,1.0,0.99024326,0.99024326
TMEM50B,1,1,1.0,0.97969306,0.97969306
TMEM52,1,1,1.0,0.9894019,0.9894019
TMEM52B,1,1,1.0,0.9905945,0.9905945
TMEM64,1,1,1.0,0.85701215,0.85701215
TMEM68,1,1,1.0,0.98602194,0.98602194
TMEM69,1,1,1.0,0.98755395,0.98755395
TMEM71,1,1,1.0,0.9915073,0.9915073
TMEM74B,1,1,1.0,0.98036534,0.98036534
TMEM87B,1,1,1.0,0.984318,0.984318
TMEM8B,1,1,1.0,0.991063,0.991063
TMEM92,1,1,1.0,0.99089164,0.99089164
TMEM99,1,1,1.0,0.9913322,0.9913322
TMIE,1,1,1.0,0.97119665,0.97119665
TMIGD1,1,1,1.0,0.96810997,0.96810997
TMLHE,1,1,1.0,0.9914868,0.9914868
TMPRSS13,1,1,1.0,0.9915168,0.9915168
TMSB15A,1,1,1.0,0.80783844,0.80783844
TMSB4X,1,1,1.0,0.88729507,0.88729507
TMTC3,1,1,1.0,0.9814074,0.9814074
TNFAIP6,1,1,1.0,0.9171115,0.9171115
TNFRSF10B,1,1,1.0,0.87807447,0.87807447
TNFSF13B,1,1,1.0,0.9890759,0.9890759
TNFSF15,1,1,1.0,0.9791255,0.9791255
TNFSF8,1,1,1.0,0.99148154,0.99148154
TNIP2,1,1,1.0,0.8629206,0.8629206
TNK2,1,1,1.0,0.9885971,0.9885971
TNMD,1,1,1.0,0.9327776,0.9327776
TNPO1,1,1,1.0,0.9913195,0.9913195
TOB1,1,1,1.0,0.9854791,0.9854791
TOLLIP,1,1,1.0,0.95022315,0.95022315
TOMM20L,1,1,1.0,0.9888592,0.9888592
TOR1B,1,1,1.0,0.98076457,0.98076457
TP53I11,1,1,1.0,0.98770034,0.98770034
TP53RK,1,1,1.0,0.98917365,0.98917365
TP73-AS1,1,1,1.0,0.9909473,0.9909473
TPCN2,1,1,1.0,0.9860307,0.9860307
TPD52L2,1,1,1.0,0.98975617,0.98975617
TPGS2,1,1,1.0,0.97997653,0.97997653
TPRKB,1,1,1.0,0.9914185,0.9914185
TPX2,1,1,1.0,0.97449636,0.97449636
TRAC,1,1,1.0,0.97119147,0.97119147
TRAIP,1,1,1.0,0.99150896,0.99150896
TRAV1-1,1,1,1.0,0.9628919,0.9628919
TRAV12-1,1,1,1.0,0.9914363,0.9914363
TRAV14DV4,1,1,1.0,0.9209145,0.9209145
TRAV26-1,1,1,1.0,0.82780945,0.82780945
TRAV27,1,1,1.0,0.9892865,0.9892865
TRAV8-1,1,1,1.0,0.9333665,0.9333665
TRAV8-4,1,1,1.0,0.9906606,0.9906606
TRAV8-6,1,1,1.0,0.98488903,0.98488903
TRAV9-1,1,1,1.0,0.97872853,0.97872853
TRBV29-1,1,1,1.0,0.99148154,0.99148154
TRBV5-1,1,1,1.0,0.99137586,0.99137586
TRBV6-1,1,1,1.0,0.9914186,0.9914186
TRDV1,1,1,1.0,0.9577602,0.9577602
TRGC2,1,1,1.0,0.9321245,0.9321245
TRGJ2,1,1,1.0,0.9410192,0.9410192
TRGV9,1,1,1.0,0.9906758,0.9906758
TRIB1,1,1,1.0,0.9769766,0.9769766
TRIM21,1,1,1.0,0.9021156,0.9021156
TRIM32,1,1,1.0,0.9391567,0.9391567
TRIM41,1,1,1.0,0.8213341,0.8213341
TRIM56,1,1,1.0,0.99129796,0.99129796
TRIM61,1,1,1.0,0.8586168,0.8586168
TRIM67,1,1,1.0,0.99144673,0.99144673
TRIM75P,1,1,1.0,0.88651264,0.88651264
TRIP4,1,1,1.0,0.7928737,0.7928737
TRMT10A,1,1,1.0,0.991384,0.991384
TRMT12,1,1,1.0,0.9908029,0.9908029
TRMT13,1,1,1.0,0.89423174,0.89423174
TRMT6,1,1,1.0,0.98646,0.98646
TRMT9B,1,1,1.0,0.9814212,0.9814212
TRPT1,1,1,1.0,0.9914335,0.9914335
TRPV1,1,1,1.0,0.980998,0.980998
TSC22D2,1,1,1.0,0.99073607,0.99073607
TSC22D3,1,1,1.0,0.9907279,0.9907279
TSN,1,1,1.0,0.8263314,0.8263314
TSNAXIP1,1,1,1.0,0.9915005,0.9915005
TSPAN4,1,1,1.0,0.9720104,0.9720104
TSPAN5,1,1,1.0,0.97813535,0.97813535
TSPAN8,1,1,1.0,0.9832434,0.9832434
TSPY2,1,1,1.0,0.95933396,0.95933396
TSPYL2,1,1,1.0,0.9914597,0.9914597
TSTD2,1,1,1.0,0.9914765,0.9914765
TTC12,1,1,1.0,0.9913412,0.9913412
TTC19,1,1,1.0,0.990135,0.990135
TTC25,1,1,1.0,0.99146736,0.99146736
TTLL6,1,1,1.0,0.9912913,0.9912913
TTLL9,1,1,1.0,0.9914853,0.9914853
TTYH3,1,1,1.0,0.95065165,0.95065165
TUB,1,1,1.0,0.9915153,0.9915153
TUBA1B,1,1,1.0,0.9912152,0.9912152
TUBA3E,1,1,1.0,0.8364188,0.8364188
TUBAL3,1,1,1.0,0.9915127,0.9915127
TUBB2A,1,1,1.0,0.9241134,0.9241134
TUBB8,1,1,1.0,0.9913083,0.9913083
TUBE1,1,1,1.0,0.95336705,0.95336705
TUBGCP3,1,1,1.0,0.9799612,0.9799612
TUFM,1,1,1.0,0.9913594,0.9913594
TULP3,1,1,1.0,0.8192895,0.8192895
TVP23B,1,1,1.0,0.9912845,0.9912845
TXLNB,1,1,1.0,0.9118638,0.9118638
TXN2,1,1,1.0,0.9651307,0.9651307
TXNDC12,1,1,1.0,0.9912089,0.9912089
TXNDC15,1,1,1.0,0.9914569,0.9914569
TXNL1,1,1,1.0,0.9912026,0.9912026
TXNL4A,1,1,1.0,0.8272641,0.8272641
TYMS,1,1,1.0,0.9868074,0.9868074
U2AF1L4,1,1,1.0,0.99137235,0.99137235
U2AF2,1,1,1.0,0.77545744,0.77545744
UBA2,1,1,1.0,0.99107355,0.99107355
UBA52,1,1,1.0,0.9677614,0.9677614
UBAP1,1,1,1.0,0.94745123,0.94745123
UBC,1,1,1.0,0.98545974,0.98545974
UBE2A,1,1,1.0,0.9872944,0.9872944
UBE2D2,1,1,1.0,0.99132955,0.99132955
UBE2E2,1,1,1.0,0.9915108,0.9915108
UBE2G1,1,1,1.0,0.8799186,0.8799186
UBE2L6,1,1,1.0,0.99126196,0.99126196
UBE2Q1,1,1,1.0,0.84468144,0.84468144
UBLCP1,1,1,1.0,0.9907164,0.9907164
UBOX5,1,1,1.0,0.9914021,0.9914021
UBR7,1,1,1.0,0.9530089,0.9530089
UBTFL2,1,1,1.0,0.9787425,0.9787425
UBXN4,1,1,1.0,0.96473944,0.96473944
UCHL1,1,1,1.0,0.9883156,0.9883156
UCHL5,1,1,1.0,0.83658296,0.83658296
UCK2,1,1,1.0,0.99146515,0.99146515
UCN,1,1,1.0,0.9869516,0.9869516
UCP1,1,1,1.0,0.99141604,0.99141604
UCP2,1,1,1.0,0.99131316,0.99131316
UGT1A4,1,1,1.0,0.97160834,0.97160834
UGT1A7,1,1,1.0,0.82804954,0.82804954
UIMC1,1,1,1.0,0.95621943,0.95621943
UPB1,1,1,1.0,0.99137676,0.99137676
UPF3A,1,1,1.0,0.81262046,0.81262046
UPK2,1,1,1.0,0.9915127,0.9915127
UPK3A,1,1,1.0,0.98522514,0.98522514
UPP2,1,1,1.0,0.9815895,0.9815895
UQCC1,1,1,1.0,0.9913784,0.9913784
UQCC3,1,1,1.0,0.84436566,0.84436566
URI1,1,1,1.0,0.97072417,0.97072417
UROS,1,1,1.0,0.99136376,0.99136376
USHBP1,1,1,1.0,0.99145824,0.99145824
USP10,1,1,1.0,0.9115892,0.9115892
USP13,1,1,1.0,0.9895293,0.9895293
USP21,1,1,1.0,0.9908682,0.9908682
USP30,1,1,1.0,0.9346477,0.9346477
USP31,1,1,1.0,0.96719915,0.96719915
USP36,1,1,1.0,0.97373563,0.97373563
USP39,1,1,1.0,0.9674155,0.9674155
USP44,1,1,1.0,0.991245,0.991245
UTS2,1,1,1.0,0.832916,0.832916
UXS1,1,1,1.0,0.99145937,0.99145937
Unknown,1,1,1.0,0.9913613,0.9913613
VAMP5,1,1,1.0,0.8653928,0.8653928
VASP,1,1,1.0,0.9898947,0.9898947
VAT1,1,1,1.0,0.9687274,0.9687274
VEZF1,1,1,1.0,0.9915071,0.9915071
VGLL4,1,1,1.0,0.960951,0.960951
VIM,1,1,1.0,0.99140453,0.99140453
VIPAS39,1,1,1.0,0.9890764,0.9890764
VMO1,1,1,1.0,0.9405666,0.9405666
VN1R10P,1,1,1.0,0.8372319,0.8372319
VN1R5,1,1,1.0,0.754032,0.754032
VNN3,1,1,1.0,0.9915057,0.9915057
VOPP1,1,1,1.0,0.99124676,0.99124676
VPREB3,1,1,1.0,0.9832882,0.9832882
VPS26C,1,1,1.0,0.99141073,0.99141073
VPS28,1,1,1.0,0.98321664,0.98321664
VPS37B,1,1,1.0,0.9915081,0.9915081
VSIR,1,1,1.0,0.99140024,0.99140024
VSX1,1,1,1.0,0.99140865,0.99140865
VWC2L,1,1,1.0,0.9720311,0.9720311
Vault,1,1,1.0,0.9724901,0.9724901
WASF1,1,1,1.0,0.98049396,0.98049396
WBP1,1,1,1.0,0.9760994,0.9760994
WBP11,1,1,1.0,0.98060256,0.98060256
WDCP,1,1,1.0,0.84391236,0.84391236
WDR20,1,1,1.0,0.9810612,0.9810612
WDR3,1,1,1.0,0.99132556,0.99132556
WDR53,1,1,1.0,0.9914317,0.9914317
WDR54,1,1,1.0,0.9343248,0.9343248
WFDC12,1,1,1.0,0.99125415,0.99125415
WFDC13,1,1,1.0,0.81573117,0.81573117
WFDC9,1,1,1.0,0.99142927,0.99142927
WNT1,1,1,1.0,0.9660624,0.9660624
WNT7B,1,1,1.0,0.89607817,0.89607817
WTIP,1,1,1.0,0.9909642,0.9909642
XBP1,1,1,1.0,0.98099124,0.98099124
XCL2,1,1,1.0,0.9890744,0.9890744
YAP1,1,1,1.0,0.81297046,0.81297046
YARS1,1,1,1.0,0.9890127,0.9890127
YBX1,1,1,1.0,0.90292,0.90292
YEATS4,1,1,1.0,0.9428579,0.9428579
YIPF1,1,1,1.0,0.9914904,0.9914904
YIPF4,1,1,1.0,0.96434283,0.96434283
YTHDF1,1,1,1.0,0.9894118,0.9894118
YTHDF3,1,1,1.0,0.9913634,0.9913634
YWHAB,1,1,1.0,0.9072924,0.9072924
Z82195.2,1,1,1.0,0.9783813,0.9783813
ZAR1,1,1,1.0,0.8660199,0.8660199
ZBTB17,1,1,1.0,0.9914511,0.9914511
ZBTB26,1,1,1.0,0.9915161,0.9915161
ZBTB3,1,1,1.0,0.790822,0.790822
ZBTB32,1,1,1.0,0.99149936,0.99149936
ZBTB47,1,1,1.0,0.98602724,0.98602724
ZBTB49,1,1,1.0,0.9889542,0.9889542
ZC2HC1A,1,1,1.0,0.98973405,0.98973405
ZC3H14,1,1,1.0,0.94505197,0.94505197
ZC3HAV1L,1,1,1.0,0.7723561,0.7723561
ZCCHC13,1,1,1.0,0.99061567,0.99061567
ZCWPW2,1,1,1.0,0.9587125,0.9587125
ZDHHC1,1,1,1.0,0.75588435,0.75588435
ZDHHC13,1,1,1.0,0.9912986,0.9912986
ZDHHC16,1,1,1.0,0.9912122,0.9912122
ZDHHC17,1,1,1.0,0.991343,0.991343
ZDHHC5,1,1,1.0,0.9909667,0.9909667
ZER1,1,1,1.0,0.99114615,0.99114615
ZFAND5,1,1,1.0,0.991347,0.991347
ZFP3,1,1,1.0,0.99149173,0.99149173
ZFP36L1,1,1,1.0,0.9616723,0.9616723
ZFPL1,1,1,1.0,0.96533495,0.96533495
ZMAT5,1,1,1.0,0.9405618,0.9405618
ZNF121,1,1,1.0,0.97095585,0.97095585
ZNF138,1,1,1.0,0.99112165,0.99112165
ZNF148,1,1,1.0,0.9911322,0.9911322
ZNF200,1,1,1.0,0.9896736,0.9896736
ZNF232,1,1,1.0,0.9913243,0.9913243
ZNF256,1,1,1.0,0.94428325,0.94428325
ZNF281,1,1,1.0,0.9747984,0.9747984
ZNF284,1,1,1.0,0.99131936,0.99131936
ZNF286A,1,1,1.0,0.99147344,0.99147344
ZNF296,1,1,1.0,0.99034345,0.99034345
ZNF304,1,1,1.0,0.9691339,0.9691339
ZNF32,1,1,1.0,0.92333,0.92333
ZNF329,1,1,1.0,0.979509,0.979509
ZNF333,1,1,1.0,0.9913312,0.9913312
ZNF334,1,1,1.0,0.99137986,0.99137986
ZNF34,1,1,1.0,0.9876375,0.9876375
ZNF35,1,1,1.0,0.99142927,0.99142927
ZNF350,1,1,1.0,0.9697777,0.9697777
ZNF354B,1,1,1.0,0.93515474,0.93515474
ZNF397,1,1,1.0,0.90715086,0.90715086
ZNF41,1,1,1.0,0.991492,0.991492
ZNF410,1,1,1.0,0.9342794,0.9342794
ZNF419,1,1,1.0,0.9791788,0.9791788
ZNF420,1,1,1.0,0.99026567,0.99026567
ZNF431,1,1,1.0,0.7604283,0.7604283
ZNF433,1,1,1.0,0.9912913,0.9912913
ZNF438,1,1,1.0,0.99142843,0.99142843
ZNF440,1,1,1.0,0.9415596,0.9415596
ZNF454,1,1,1.0,0.9470719,0.9470719
ZNF486,1,1,1.0,0.9781537,0.9781537
ZNF488,1,1,1.0,0.84591025,0.84591025
ZNF500,1,1,1.0,0.9914488,0.9914488
ZNF501,1,1,1.0,0.80236757,0.80236757
ZNF502,1,1,1.0,0.99140036,0.99140036
ZNF519,1,1,1.0,0.9912521,0.9912521
ZNF529,1,1,1.0,0.9914111,0.9914111
ZNF530,1,1,1.0,0.99147004,0.99147004
ZNF552,1,1,1.0,0.96577483,0.96577483
ZNF558,1,1,1.0,0.8628647,0.8628647
ZNF565,1,1,1.0,0.99151015,0.99151015
ZNF574,1,1,1.0,0.977382,0.977382
ZNF582,1,1,1.0,0.9914044,0.9914044
ZNF589,1,1,1.0,0.9115455,0.9115455
ZNF598,1,1,1.0,0.9816057,0.9816057
ZNF627,1,1,1.0,0.9912828,0.9912828
ZNF628,1,1,1.0,0.99143434,0.99143434
ZNF652,1,1,1.0,0.99102753,0.99102753
ZNF660,1,1,1.0,0.9469544,0.9469544
ZNF671,1,1,1.0,0.9115701,0.9115701
ZNF682,1,1,1.0,0.99132055,0.99132055
ZNF687,1,1,1.0,0.907,0.907
ZNF69,1,1,1.0,0.94579107,0.94579107
ZNF70,1,1,1.0,0.96961796,0.96961796
ZNF704,1,1,1.0,0.9914552,0.9914552
ZNF761,1,1,1.0,0.98469365,0.98469365
ZNF773,1,1,1.0,0.89269894,0.89269894
ZNF789,1,1,1.0,0.9914587,0.9914587
ZNF791,1,1,1.0,0.85855186,0.85855186
ZNF793,1,1,1.0,0.9072149,0.9072149
ZNF816-ZNF321P,1,1,1.0,0.9912934,0.9912934
ZNHIT3,1,1,1.0,0.99150264,0.99150264
ZPR1,1,1,1.0,0.9901293,0.9901293
ZRANB2,1,1,1.0,0.99140644,0.99140644
ZSCAN16,1,1,1.0,0.9914498,0.9914498
ZSCAN25,1,1,1.0,0.9394645,0.9394645
ZSCAN30,1,1,1.0,0.9914488,0.9914488
ZSCAN31,1,1,1.0,0.9906764,0.9906764
ZSCAN4,1,1,1.0,0.9897453,0.9897453
ZUP1,1,1,1.0,0.9912697,0.9912697
ZWILCH,1,1,1.0,0.9866955,0.9866955
ZZZ3,1,1,1.0,0.9913483,0.9913483
A1BG,2,1,0.5,0.61286439,0.61286439
AAAS,2,1,0.5,0.6952286,0.6952286
AADAC,2,1,0.5,0.4963186496,0.4963186496
AAMP,2,1,0.5,0.46477419276320003,0.46477419276320003
AANAT,2,1,0.5,0.49301465286534374,0.49301465286534374
ABCB7,2,1,0.5,0.4925206500003531,0.4925206500003531
ABCE1,2,1,0.5,0.800201025,0.800201025
ABCF1,2,1,0.5,0.487653965420415,0.487653965420415
ABCF2,2,1,0.5,0.8685261950000001,0.8685261950000001
ABCG8,2,1,0.5,0.46572991132999997,0.46572991132999997
ABHD14A-ACY1,2,1,0.5,0.775317995,0.775317995
ABHD17B,2,1,0.5,0.83966462,0.83966462
ABHD4,2,1,0.5,0.49560333916903004,0.49560333916903004
ABHD5,2,1,0.5,0.85817947,0.85817947
ABO,2,1,0.5,0.4699449851751518,0.4699449851751518
ABRA,2,1,0.5,0.490999489,0.490999489
AC005863.1,2,1,0.5,0.82860975,0.82860975
AC011455.2,2,1,0.5,0.597441005,0.597441005
AC013489.1,2,1,0.5,0.536803665,0.536803665
AC023055.1,2,1,0.5,0.382312106287,0.382312106287
AC090517.4,2,1,0.5,0.461111897388,0.461111897388
AC098582.1,2,1,0.5,0.8125356450000001,0.8125356450000001
AC104452.1,2,1,0.5,0.717569125,0.717569125
AC242842.3,2,1,0.5,0.6285324400000001,0.6285324400000001
ACAA1,2,1,0.5,0.491300380935,0.491300380935
ACAD9,2,1,0.5,0.55250944,0.55250944
ACAT2,2,1,0.5,0.598432195,0.598432195
ACLY,2,1,0.5,0.7495861,0.7495861
ACOT9,2,1,0.5,0.684622285,0.684622285
ACSM5,2,1,0.5,0.597303285,0.597303285
ACY3,2,1,0.5,0.49320981999999997,0.49320981999999997
ADAM15,2,1,0.5,0.626951385,0.626951385
ADAM21,2,1,0.5,0.41752960372,0.41752960372
ADCK2,2,1,0.5,0.789085075,0.789085075
ADCK5,2,1,0.5,0.4262350329905,0.4262350329905
ADCY4,2,1,0.5,0.8042497049999999,0.8042497049999999
ADGRA1,2,1,0.5,0.48713654500799997,0.48713654500799997
ADGRG1,2,1,0.5,0.631082485,0.631082485
ADGRL1,2,1,0.5,0.4402343350000039,0.4402343350000039
ADH5,2,1,0.5,0.44085484115,0.44085484115
ADNP,2,1,0.5,0.448976783,0.448976783
ADPGK,2,1,0.5,0.47579298996,0.47579298996
ADRA1A,2,1,0.5,0.70115105,0.70115105
AFG1L,2,1,0.5,0.4967485755,0.4967485755
AGBL1,2,1,0.5,0.758657395,0.758657395
AGO3,2,1,0.5,0.7987979000000001,0.7987979000000001
AGPAT3,2,1,0.5,0.60680008,0.60680008
AGTR2,2,1,0.5,0.4870743791067175,0.4870743791067175
AHSG,2,1,0.5,0.8272860799999999,0.8272860799999999
AKAP1,2,1,0.5,0.46620921000000004,0.46620921000000004
AKAP3,2,1,0.5,0.514536792,0.514536792
AKAP4,2,1,0.5,0.624648725,0.624648725
ALDH2,2,1,0.5,0.494240478795,0.494240478795
ALDOB,2,1,0.5,0.49569984240205,0.49569984240205
ALG2,2,1,0.5,0.58397262,0.58397262
ALG9,2,1,0.5,0.64180943,0.64180943
ALKBH3,2,1,0.5,0.616583925,0.616583925
ALOXE3,2,1,0.5,0.70651827,0.70651827
AMOTL2,2,1,0.5,0.49053273234642497,0.49053273234642497
ANAPC10,2,1,0.5,0.542227393,0.542227393
ANKRD35,2,1,0.5,0.8258843,0.8258843
ANTXR1,2,1,0.5,0.4865260980535,0.4865260980535
ANXA3,2,1,0.5,0.77483647,0.77483647
ANXA9,2,1,0.5,0.584105785,0.584105785
AOC2,2,1,0.5,0.4956764305200056,0.4956764305200056
AP000769.5,2,1,0.5,0.49575204539745304,0.49575204539745304
AP001781.2,2,1,0.5,0.751959775,0.751959775
AP5Z1,2,1,0.5,0.5277730700000001,0.5277730700000001
APBB3,2,1,0.5,0.496082167485,0.496082167485
APH1B,2,1,0.5,0.7085577350000001,0.7085577350000001
APOA2,2,1,0.5,0.561863415,0.561863415
APOA4,2,1,0.5,0.49572705003254386,0.49572705003254386
APOBEC3A,2,1,0.5,0.43148628,0.43148628
APOBEC3F,2,1,0.5,0.651836575,0.651836575
APP,2,1,0.5,0.5994747300000001,0.5994747300000001
APPBP2,2,1,0.5,0.4843658855576,0.4843658855576
AQP8,2,1,0.5,0.684303,0.684303
ARAP1,2,1,0.5,0.455789473,0.455789473
ARCN1,2,1,0.5,0.518670973,0.518670973
ARFIP1,2,1,0.5,0.478509400265,0.478509400265
ARFIP2,2,1,0.5,0.5537253,0.5537253
ARG1,2,1,0.5,0.46324419675,0.46324419675
ARHGAP20,2,1,0.5,0.52403,0.52403
ARHGAP31,2,1,0.5,0.533327025,0.533327025
ARHGDIA,2,1,0.5,0.4951478002252098,0.4951478002252098
ARID5B,2,1,0.5,0.68311987,0.68311987
ARL4A,2,1,0.5,0.68065641,0.68065641
ARL6,2,1,0.5,0.742210565,0.742210565
ARL8A,2,1,0.5,0.8485559,0.8485559
ARL8B,2,1,0.5,0.58272105,0.58272105
ARMC12,2,1,0.5,0.46134049763499996,0.46134049763499996
ARMCX1,2,1,0.5,0.6166313,0.6166313
ARMH3,2,1,0.5,0.48638290000880924,0.48638290000880924
ARNTL,2,1,0.5,0.548772,0.548772
ARPIN,2,1,0.5,0.51373378,0.51373378
ARRDC4,2,1,0.5,0.68856703,0.68856703
ASAP2,2,1,0.5,0.4898740821469,0.4898740821469
ASB17,2,1,0.5,0.6836997300000001,0.6836997300000001
ASB9,2,1,0.5,0.6995993,0.6995993
ASGR2,2,1,0.5,0.475753903,0.475753903
ATG16L2,2,1,0.5,0.49432441503934826,0.49432441503934826
ATG4B,2,1,0.5,0.4951229000782585,0.4951229000782585
ATP23,2,1,0.5,0.589385925,0.589385925
ATP5F1C,2,1,0.5,0.62813948,0.62813948
ATP5IF1,2,1,0.5,0.688232875,0.688232875
ATP5MC1,2,1,0.5,0.49613947355,0.49613947355
ATXN7L2,2,1,0.5,0.4112400036225,0.4112400036225
ATXN7L3,2,1,0.5,0.658931885,0.658931885
AWAT2,2,1,0.5,0.413959946,0.413959946
AXIN2,2,1,0.5,0.5164860450000001,0.5164860450000001
AZU1,2,1,0.5,0.761533035,0.761533035
B3GALT2,2,1,0.5,0.7799516,0.7799516
B3GNT3,2,1,0.5,0.62894223,0.62894223
BAG4,2,1,0.5,0.57911991,0.57911991
BAIAP2,2,1,0.5,0.605434,0.605434
BCL2L14,2,1,0.5,0.642230725,0.642230725
BCLAF1,2,1,0.5,0.53345486,0.53345486
BDKRB1,2,1,0.5,0.6911148,0.6911148
BDNF,2,1,0.5,0.5657800749999999,0.5657800749999999
BICRAL,2,1,0.5,0.467156974071,0.467156974071
BIK,2,1,0.5,0.5167292935,0.5167292935
BIRC2,2,1,0.5,0.505189387,0.505189387
BMI1,2,1,0.5,0.42093790033700024,0.42093790033700024
BMP1,2,1,0.5,0.59963734,0.59963734
BMPR1A,2,1,0.5,0.75358455,0.75358455
BPI,2,1,0.5,0.7138403,0.7138403
BPNT2,2,1,0.5,0.73049374,0.73049374
BRD9,2,1,0.5,0.6070392499999999,0.6070392499999999
BST2,2,1,0.5,0.49570569464,0.49570569464
BTBD3,2,1,0.5,0.755077395,0.755077395
BTNL3,2,1,0.5,0.4948433350004053,0.4948433350004053
C12orf54,2,1,0.5,0.8165166349999999,0.8165166349999999
C15orf39,2,1,0.5,0.4817676532156253,0.4817676532156253
C19orf18,2,1,0.5,0.597301545,0.597301545
C19orf57,2,1,0.5,0.389994540585,0.389994540585
C1QA,2,1,0.5,0.48923784744137,0.48923784744137
C1QTNF5,2,1,0.5,0.494478211936792,0.494478211936792
C1QTNF8,2,1,0.5,0.4819710059042955,0.4819710059042955
C1R,2,1,0.5,0.4953322155,0.4953322155
C1orf100,2,1,0.5,0.81652517,0.81652517
C1orf112,2,1,0.5,0.58035618,0.58035618
C1orf127,2,1,0.5,0.49137941500000004,0.49137941500000004
C1orf141,2,1,0.5,0.44158185800000005,0.44158185800000005
C1orf198,2,1,0.5,0.41366318950000003,0.41366318950000003
C1orf210,2,1,0.5,0.8512571,0.8512571
C1orf87,2,1,0.5,0.582009485,0.582009485
C20orf27,2,1,0.5,0.598658835,0.598658835
C3P1,2,1,0.5,0.833020715,0.833020715
C5AR1,2,1,0.5,0.5644793,0.5644793
C5orf22,2,1,0.5,0.6626181250000001,0.6626181250000001
C6orf201,2,1,0.5,0.649116215,0.649116215
C7orf57,2,1,0.5,0.45108649775000004,0.45108649775000004
C8orf58,2,1,0.5,0.694293115,0.694293115
C9orf129,2,1,0.5,0.582147685,0.582147685
CA5A,2,1,0.5,0.81011,0.81011
CABLES1,2,1,0.5,0.581154155,0.581154155
CACNG2,2,1,0.5,0.461670675,0.461670675
CACNG8,2,1,0.5,0.4868467,0.4868467
CACUL1,2,1,0.5,0.711191745,0.711191745
CALCRL,2,1,0.5,0.60049615,0.60049615
CALHM5,2,1,0.5,0.41402836415,0.41402836415
CALM1,2,1,0.5,0.59306892,0.59306892
CALR,2,1,0.5,0.503666215,0.503666215
CAMK2D,2,1,0.5,0.66636816,0.66636816
CAMK4,2,1,0.5,0.676517365,0.676517365
CAPZA1,2,1,0.5,0.66427305,0.66427305
CARTPT,2,1,0.5,0.7787917799999999,0.7787917799999999
CASP4,2,1,0.5,0.570644105,0.570644105
CATSPER3,2,1,0.5,0.68929263,0.68929263
CBX5,2,1,0.5,0.49972217700000005,0.49972217700000005
CBX6,2,1,0.5,0.480282068,0.480282068
CCDC113,2,1,0.5,0.548402695,0.548402695
CCDC115,2,1,0.5,0.633676915,0.633676915
CCDC130,2,1,0.5,0.49513251833964095,0.49513251833964095
CCDC151,2,1,0.5,0.504086913,0.504086913
CCDC191,2,1,0.5,0.6941623,0.6941623
CCDC42,2,1,0.5,0.83728718,0.83728718
CCDC73,2,1,0.5,0.8355662349999999,0.8355662349999999
CCDC82,2,1,0.5,0.775730975,0.775730975
CCDC90B,2,1,0.5,0.62106568,0.62106568
CCDC91,2,1,0.5,0.81436955,0.81436955
CCN1,2,1,0.5,0.49500812824100004,0.49500812824100004
CCNA1,2,1,0.5,0.495877021525,0.495877021525
CCND2,2,1,0.5,0.84760715,0.84760715
CCNT1,2,1,0.5,0.67072645,0.67072645
CCP110,2,1,0.5,0.47419540824999995,0.47419540824999995
CCR3,2,1,0.5,0.806779175,0.806779175
CCR8,2,1,0.5,0.501614,0.501614
CD2,2,1,0.5,0.56700187,0.56700187
CD244,2,1,0.5,0.73780165,0.73780165
CD28,2,1,0.5,0.49699365300000004,0.49699365300000004
CD300C,2,1,0.5,0.74831505,0.74831505
CD5L,2,1,0.5,0.82878248,0.82878248
CD80,2,1,0.5,0.49088260013999996,0.49088260013999996
CDAN1,2,1,0.5,0.4906573793,0.4906573793
CDC25A,2,1,0.5,0.8449839,0.8449839
CDH3,2,1,0.5,0.562374335,0.562374335
CDH6,2,1,0.5,0.492036957547875,0.492036957547875
CDK1,2,1,0.5,0.495679635496085,0.495679635496085
CDK14,2,1,0.5,0.610878755,0.610878755
CDKL2,2,1,0.5,0.652053115,0.652053115
CDKN1B,2,1,0.5,0.53092141,0.53092141
CDKN2C,2,1,0.5,0.720313275,0.720313275
CDS1,2,1,0.5,0.488170171865,0.488170171865
CEACAM19,2,1,0.5,0.495811185015,0.495811185015
CEBPE,2,1,0.5,0.4919911437954,0.4919911437954
CELA3A,2,1,0.5,0.8549547200000001,0.8549547200000001
CELF2,2,1,0.5,0.45578630156205857,0.45578630156205857
CELF4,2,1,0.5,0.8234266,0.8234266
CEP192,2,1,0.5,0.59716371,0.59716371
CEP44,2,1,0.5,0.5898070950000001,0.5898070950000001
CERS4,2,1,0.5,0.4825730506938048,0.4825730506938048
CES2,2,1,0.5,0.687105215,0.687105215
CETN1,2,1,0.5,0.46020539174474995,0.46020539174474995
CFAP157,2,1,0.5,0.69569328,0.69569328
CFAP69,2,1,0.5,0.868410415,0.868410415
CFAP92,2,1,0.5,0.855243975,0.855243975
CFDP1,2,1,0.5,0.77969675,0.77969675
CFHR4,2,1,0.5,0.4957435003769131,0.4957435003769131
CFHR5,2,1,0.5,0.49704278465,0.49704278465
CGNL1,2,1,0.5,0.522180917,0.522180917
CHCHD2P9,2,1,0.5,0.48174971250000004,0.48174971250000004
CHID1,2,1,0.5,0.66695237,0.66695237
CHKB,2,1,0.5,0.49496638236535,0.49496638236535
CHRM4,2,1,0.5,0.495637835961716,0.495637835961716
CIBAR1,2,1,0.5,0.4705920039,0.4705920039
CIRBP,2,1,0.5,0.4309044504722322,0.4309044504722322
CITED1,2,1,0.5,0.44146585000002686,0.44146585000002686
CKM,2,1,0.5,0.63744991,0.63744991
CLBA1,2,1,0.5,0.738899915,0.738899915
CLCA4,2,1,0.5,0.5615802750000001,0.5615802750000001
CLDN11,2,1,0.5,0.50492179,0.50492179
CLEC4C,2,1,0.5,0.56276801,0.56276801
CLEC4E,2,1,0.5,0.616776465,0.616776465
CLEC4F,2,1,0.5,0.4210059135075,0.4210059135075
CLEC9A,2,1,0.5,0.6414442650000001,0.6414442650000001
CLK2,2,1,0.5,0.53757816,0.53757816
CLPP,2,1,0.5,0.747496275,0.747496275
CLVS1,2,1,0.5,0.49279262,0.49279262
CMC2,2,1,0.5,0.5520564769999999,0.5520564769999999
CMSS1,2,1,0.5,0.52903032,0.52903032
CNIH3,2,1,0.5,0.526562765,0.526562765
CNMD,2,1,0.5,0.46969025051131613,0.46969025051131613
CNOT10,2,1,0.5,0.49808274350000004,0.49808274350000004
CNR2,2,1,0.5,0.475170415,0.475170415
COG8,2,1,0.5,0.67653855,0.67653855
COL9A1,2,1,0.5,0.6503559750000001,0.6503559750000001
COLEC11,2,1,0.5,0.486781603017029,0.486781603017029
COMP,2,1,0.5,0.4098517548754345,0.4098517548754345
COQ4,2,1,0.5,0.562975735,0.562975735
CPED1,2,1,0.5,0.49028025678444,0.49028025678444
CPSF7,2,1,0.5,0.5073128425,0.5073128425
CPXM1,2,1,0.5,0.68269397,0.68269397
CRAT,2,1,0.5,0.48817512399999996,0.48817512399999996
CRELD1,2,1,0.5,0.71908256,0.71908256
CRISPLD1,2,1,0.5,0.510919009,0.510919009
CRMP1,2,1,0.5,0.7120766000000001,0.7120766000000001
CRNKL1,2,1,0.5,0.528120785,0.528120785
CRTC1,2,1,0.5,0.80954868,0.80954868
CRTC3,2,1,0.5,0.69913789,0.69913789
CRYBB2,2,1,0.5,0.71234554,0.71234554
CRYGD,2,1,0.5,0.49136002249285005,0.49136002249285005
CRYGS,2,1,0.5,0.76527855,0.76527855
CSK,2,1,0.5,0.488062065,0.488062065
CSN1S1,2,1,0.5,0.602708115,0.602708115
CSN3,2,1,0.5,0.748273925,0.748273925
CSNK1A1,2,1,0.5,0.84897853,0.84897853
CST3,2,1,0.5,0.6898345,0.6898345
CSTA,2,1,0.5,0.72695268,0.72695268
CTCFL,2,1,0.5,0.440959485,0.440959485
CTDNEP1,2,1,0.5,0.537526875,0.537526875
CTDSP1,2,1,0.5,0.721759625,0.721759625
CTH,2,1,0.5,0.546789165,0.546789165
CTNNAL1,2,1,0.5,0.8397786,0.8397786
CTNNB1,2,1,0.5,0.86040842,0.86040842
CTPS1,2,1,0.5,0.661162925,0.661162925
CTRB1,2,1,0.5,0.59035437,0.59035437
CTSL,2,1,0.5,0.5450019625,0.5450019625
CTSV,2,1,0.5,0.704056375,0.704056375
CTU2,2,1,0.5,0.4772224284,0.4772224284
CUEDC1,2,1,0.5,0.66509713,0.66509713
CUL4B,2,1,0.5,0.72615372,0.72615372
CXorf58,2,1,0.5,0.67416847,0.67416847
CXorf65,2,1,0.5,0.4863891500114252,0.4863891500114252
CXorf66,2,1,0.5,0.66868641,0.66868641
CYB5D1,2,1,0.5,0.513448185,0.513448185
CYB5D2,2,1,0.5,0.60355344,0.60355344
CYP1B1,2,1,0.5,0.49382459716313004,0.49382459716313004
CYP2U1,2,1,0.5,0.4305045133285,0.4305045133285
CYP46A1,2,1,0.5,0.4659899592,0.4659899592
CYSLTR2,2,1,0.5,0.53076536,0.53076536
DACH2,2,1,0.5,0.495032900015035,0.495032900015035
DACT1,2,1,0.5,0.48786125000111324,0.48786125000111324
DAPK3,2,1,0.5,0.4569845296465,0.4569845296465
DCAF12,2,1,0.5,0.82335263,0.82335263
DCAF15,2,1,0.5,0.55927079,0.55927079
DCTN4,2,1,0.5,0.500696953,0.500696953
DCUN1D1,2,1,0.5,0.79273102,0.79273102
DDOST,2,1,0.5,0.63440505,0.63440505
DDX19B,2,1,0.5,0.6514081199999999,0.6514081199999999
DDX24,2,1,0.5,0.783625535,0.783625535
DDX31,2,1,0.5,0.45585181213000003,0.45585181213000003
DDX49,2,1,0.5,0.471888752,0.471888752
DDX5,2,1,0.5,0.40888379150000004,0.40888379150000004
DEDD,2,1,0.5,0.6042182700000001,0.6042182700000001
DEF8,2,1,0.5,0.4794486543010375,0.4794486543010375
DEFB110,2,1,0.5,0.6153289,0.6153289
DEFB118,2,1,0.5,0.482859907,0.482859907
DENND2D,2,1,0.5,0.616189295,0.616189295
DEPDC1,2,1,0.5,0.513488388,0.513488388
DHRS9,2,1,0.5,0.49230267325,0.49230267325
DHX29,2,1,0.5,0.55692907,0.55692907
DLGAP5,2,1,0.5,0.490284134,0.490284134
DLL4,2,1,0.5,0.433128277822,0.433128277822
DLST,2,1,0.5,0.49490280671355,0.49490280671355
DNAJC4,2,1,0.5,0.60006249,0.60006249
DNAJC5,2,1,0.5,0.4954256000415134,0.4954256000415134
DNAJC5G,2,1,0.5,0.4967232351,0.4967232351
DNASE1,2,1,0.5,0.635926925,0.635926925
DNPEP,2,1,0.5,0.63859595,0.63859595
DONSON,2,1,0.5,0.57822556,0.57822556
DOT1L,2,1,0.5,0.596854595,0.596854595
DPAGT1,2,1,0.5,0.67986589,0.67986589
DPCD,2,1,0.5,0.64743522,0.64743522
DPM1,2,1,0.5,0.594836375,0.594836375
DPY19L1,2,1,0.5,0.7195469,0.7195469
DRC3,2,1,0.5,0.47859275000525625,0.47859275000525625
DUSP19,2,1,0.5,0.48760672695,0.48760672695
DUSP21,2,1,0.5,0.82652473,0.82652473
DUSP5,2,1,0.5,0.49572372737289033,0.49572372737289033
DYM,2,1,0.5,0.8183391250000001,0.8183391250000001
DYRK1B,2,1,0.5,0.51813488,0.51813488
ECD,2,1,0.5,0.73232465,0.73232465
ECE1,2,1,0.5,0.55068498,0.55068498
EDEM2,2,1,0.5,0.525955482,0.525955482
EEF1D,2,1,0.5,0.4218188000404256,0.4218188000404256
EEF1E1,2,1,0.5,0.48385503989620005,0.48385503989620005
EFS,2,1,0.5,0.55990408,0.55990408
EID3,2,1,0.5,0.5239280275,0.5239280275
EIF3E,2,1,0.5,0.59970603,0.59970603
EIF3H,2,1,0.5,0.7599949500000001,0.7599949500000001
EIF4E,2,1,0.5,0.592242425,0.592242425
EIF4E1B,2,1,0.5,0.5084842,0.5084842
EIF5B,2,1,0.5,0.4782240962435,0.4782240962435
ELF5,2,1,0.5,0.7571364,0.7571364
ENAH,2,1,0.5,0.679615485,0.679615485
EPB41,2,1,0.5,0.46071307063865,0.46071307063865
EPS15L1,2,1,0.5,0.60169508,0.60169508
EPS8L2,2,1,0.5,0.4975407009,0.4975407009
ERC1,2,1,0.5,0.7072060250000001,0.7072060250000001
ERMARD,2,1,0.5,0.49583849656,0.49583849656
ERRFI1,2,1,0.5,0.553389425,0.553389425
ESAM,2,1,0.5,0.740147715,0.740147715
ESPNL,2,1,0.5,0.4674906560228618,0.4674906560228618
ESS2,2,1,0.5,0.59154271,0.59154271
ETV1,2,1,0.5,0.6517294499999999,0.6517294499999999
ETV3L,2,1,0.5,0.66869225,0.66869225
ETV5,2,1,0.5,0.7746264,0.7746264
EXOC3L4,2,1,0.5,0.49446015000003,0.49446015000003
EXOSC4,2,1,0.5,0.5154620525,0.5154620525
EXOSC8,2,1,0.5,0.7574343800000001,0.7574343800000001
EYA2,2,1,0.5,0.49141646732,0.49141646732
EZHIP,2,1,0.5,0.4957565521935185,0.4957565521935185
F2RL2,2,1,0.5,0.438790733,0.438790733
FAAH,2,1,0.5,0.4683680017504,0.4683680017504
FAF2,2,1,0.5,0.7118100549999999,0.7118100549999999
FAM111A,2,1,0.5,0.618336825,0.618336825
FAM149A,2,1,0.5,0.49700586770000005,0.49700586770000005
FAM171B,2,1,0.5,0.481952481019,0.481952481019
FAM172A,2,1,0.5,0.49570749156,0.49570749156
FAM183BP,2,1,0.5,0.545662485,0.545662485
FAM20A,2,1,0.5,0.78214198,0.78214198
FAM217A,2,1,0.5,0.48281274462249996,0.48281274462249996
FAM222B,2,1,0.5,0.495362257319857,0.495362257319857
FAM241A,2,1,0.5,0.549358215,0.549358215
FAM71E1,2,1,0.5,0.45415845000263,0.45415845000263
FAM78B,2,1,0.5,0.611912985,0.611912985
FAM83F,2,1,0.5,0.4905208249,0.4905208249
FBLN7,2,1,0.5,0.48640727375,0.48640727375
FBXL14,2,1,0.5,0.5087440715,0.5087440715
FBXO10,2,1,0.5,0.5079923975,0.5079923975
FBXO39,2,1,0.5,0.66281125,0.66281125
FBXO4,2,1,0.5,0.689844635,0.689844635
FCGR2A,2,1,0.5,0.814924025,0.814924025
FCGR2C,2,1,0.5,0.605933835,0.605933835
FCGRT,2,1,0.5,0.49526823945,0.49526823945
FCHSD2,2,1,0.5,0.66549352,0.66549352
FEM1C,2,1,0.5,0.49583469631000004,0.49583469631000004
FER1L5,2,1,0.5,0.49560159592999997,0.49560159592999997
FEZF2,2,1,0.5,0.5490957200000001,0.5490957200000001
FFAR1,2,1,0.5,0.578655135,0.578655135
FGF18,2,1,0.5,0.4956998366161025,0.4956998366161025
FGR,2,1,0.5,0.473839335545,0.473839335545
FKBP1A,2,1,0.5,0.49793069949999996,0.49793069949999996
FKBP5,2,1,0.5,0.4921442349,0.4921442349
FLAD1,2,1,0.5,0.8442544,0.8442544
FMO2,2,1,0.5,0.581977505,0.581977505
FNDC7,2,1,0.5,0.8596982,0.8596982
FOLH1B,2,1,0.5,0.684775225,0.684775225
FOXJ1,2,1,0.5,0.68418169,0.68418169
FOXL2,2,1,0.5,0.65208796,0.65208796
FOXL2NB,2,1,0.5,0.6319379,0.6319379
FOXN3,2,1,0.5,0.461518608,0.461518608
FOXRED2,2,1,0.5,0.68892996,0.68892996
FRMD8,2,1,0.5,0.4489293499,0.4489293499
FSCN3,2,1,0.5,0.495740427581466,0.495740427581466
FYN,2,1,0.5,0.84103403,0.84103403
FYTTD1,2,1,0.5,0.49967663900000003,0.49967663900000003
FZD2,2,1,0.5,0.49567777523699996,0.49567777523699996
FZD5,2,1,0.5,0.41405919743946,0.41405919743946
FZR1,2,1,0.5,0.4999146625,0.4999146625
G2E3,2,1,0.5,0.49514873221575,0.49514873221575
GABPB1,2,1,0.5,0.4961212113,0.4961212113
GABRG1,2,1,0.5,0.65869797,0.65869797
GAD2,2,1,0.5,0.49552832943,0.49552832943
GAL3ST2,2,1,0.5,0.455821372055135,0.455821372055135
GAMT,2,1,0.5,0.43605330237567075,0.43605330237567075
GANC,2,1,0.5,0.49549071499999997,0.49549071499999997
GATA1,2,1,0.5,0.48872286246068003,0.48872286246068003
GBX2,2,1,0.5,0.78405653,0.78405653
GCLC,2,1,0.5,0.49797814,0.49797814
GDA,2,1,0.5,0.58731421,0.58731421
GDAP1L1,2,1,0.5,0.49708122509999997,0.49708122509999997
GDPD2,2,1,0.5,0.40542201805,0.40542201805
GEMIN2,2,1,0.5,0.6554605099999999,0.6554605099999999
GEMIN8,2,1,0.5,0.7397148,0.7397148
GGCX,2,1,0.5,0.557504905,0.557504905
GGT5,2,1,0.5,0.44334870487198547,0.44334870487198547
GIGYF1,2,1,0.5,0.728457095,0.728457095
GIPR,2,1,0.5,0.63386059,0.63386059
GJA4,2,1,0.5,0.5061771005,0.5061771005
GJA9,2,1,0.5,0.577737965,0.577737965
GK,2,1,0.5,0.48894065061,0.48894065061
GKN1,2,1,0.5,0.482726654,0.482726654
GLB1L,2,1,0.5,0.8182319,0.8182319
GLMP,2,1,0.5,0.49723099325,0.49723099325
GLRX,2,1,0.5,0.63715765,0.63715765
GLT1D1,2,1,0.5,0.64183751,0.64183751
GLYATL2,2,1,0.5,0.590417445,0.590417445
GMFG,2,1,0.5,0.481457715,0.481457715
GMPR,2,1,0.5,0.49553003507,0.49553003507
GMPR2,2,1,0.5,0.427994147395,0.427994147395
GNA11,2,1,0.5,0.49557722884,0.49557722884
GNA12,2,1,0.5,0.60878394,0.60878394
GNAL,2,1,0.5,0.502436189,0.502436189
GOLGA5,2,1,0.5,0.6607684500000001,0.6607684500000001
GP9,2,1,0.5,0.49569280008192385,0.49569280008192385
GPAT3,2,1,0.5,0.43482694022,0.43482694022
GPC5,2,1,0.5,0.48984138951,0.48984138951
GPHN,2,1,0.5,0.43653674811,0.43653674811
GPKOW,2,1,0.5,0.729966435,0.729966435
GPR101,2,1,0.5,0.43633854850000003,0.43633854850000003
GPR149,2,1,0.5,0.40050180839,0.40050180839
GPR173,2,1,0.5,0.71901456,0.71901456
GPR183,2,1,0.5,0.47036600258512995,0.47036600258512995
GPR32,2,1,0.5,0.56015233,0.56015233
GPR63,2,1,0.5,0.495943497615,0.495943497615
GPS2,2,1,0.5,0.47246276,0.47246276
GPX1,2,1,0.5,0.694133905,0.694133905
GRIN3B,2,1,0.5,0.5000499700000001,0.5000499700000001
GRSF1,2,1,0.5,0.559104225,0.559104225
GSDMD,2,1,0.5,0.4957597687,0.4957597687
GSE1,2,1,0.5,0.49571346894385004,0.49571346894385004
GSK3B,2,1,0.5,0.49571702249989996,0.49571702249989996
GSTM3,2,1,0.5,0.5090616625,0.5090616625
GSTO2,2,1,0.5,0.45481652372605,0.45481652372605
GTF2B,2,1,0.5,0.586314825,0.586314825
GTPBP4,2,1,0.5,0.49573982092724017,0.49573982092724017
GUSB,2,1,0.5,0.72125864,0.72125864
GYG2,2,1,0.5,0.49025142542354,0.49025142542354
GYPA,2,1,0.5,0.592645015,0.592645015
H2AC11,2,1,0.5,0.49304040099999996,0.49304040099999996
H2AP,2,1,0.5,0.81138518,0.81138518
H2BW1,2,1,0.5,0.62093197,0.62093197
H3-3A,2,1,0.5,0.49634099325000003,0.49634099325000003
HABP4,2,1,0.5,0.8328221499999999,0.8328221499999999
HAO2,2,1,0.5,0.80219995,0.80219995
HAPLN3,2,1,0.5,0.5156902050000001,0.5156902050000001
HAUS5,2,1,0.5,0.6093046950000001,0.6093046950000001
HBP1,2,1,0.5,0.5629259950000001,0.5629259950000001
HCST,2,1,0.5,0.49610624753,0.49610624753
HDAC4,2,1,0.5,0.47981086313,0.47981086313
HERPUD1,2,1,0.5,0.64716324,0.64716324
HEY2,2,1,0.5,0.4740857055,0.4740857055
HIC2,2,1,0.5,0.45136286757985,0.45136286757985
HLA-DQA2,2,1,0.5,0.711066845,0.711066845
HLA-DRA,2,1,0.5,0.48089407747499996,0.48089407747499996
HMCES,2,1,0.5,0.73388334,0.73388334
HMG20A,2,1,0.5,0.7750870249999999,0.7750870249999999
HMGB4,2,1,0.5,0.60737403,0.60737403
HMGN2P46,2,1,0.5,0.5060917300000001,0.5060917300000001
HMMR,2,1,0.5,0.504180908,0.504180908
HNRNPH2,2,1,0.5,0.624125665,0.624125665
HNRNPL,2,1,0.5,0.4936390175,0.4936390175
HOMER3,2,1,0.5,0.49565835227389654,0.49565835227389654
HORMAD1,2,1,0.5,0.51013805,0.51013805
HORMAD2,2,1,0.5,0.5303156,0.5303156
HOXA7,2,1,0.5,0.84614465,0.84614465
HOXD4,2,1,0.5,0.7998668,0.7998668
HPDL,2,1,0.5,0.49506932102499995,0.49506932102499995
HPS1,2,1,0.5,0.47823006691500003,0.47823006691500003
HPS4,2,1,0.5,0.47790410000241446,0.47790410000241446
HSPA4,2,1,0.5,0.47655150165,0.47655150165
HSPB3,2,1,0.5,0.658103645,0.658103645
HTR3D,2,1,0.5,0.4950095520049542,0.4950095520049542
HTRA2,2,1,0.5,0.4834827085,0.4834827085
HTRA3,2,1,0.5,0.48792931216817503,0.48792931216817503
HUS1,2,1,0.5,0.4969949645,0.4969949645
HYAL2,2,1,0.5,0.490696947865,0.490696947865
ICA1,2,1,0.5,0.651295795,0.651295795
IDH3G,2,1,0.5,0.49251186656025,0.49251186656025
IDI2,2,1,0.5,0.49565930326344304,0.49565930326344304
IFI35,2,1,0.5,0.48807996693,0.48807996693
IFNL3,2,1,0.5,0.726924275,0.726924275
IGBP1,2,1,0.5,0.49181658369000003,0.49181658369000003
IGDCC3,2,1,0.5,0.48849409126332,0.48849409126332
IGF2BP2,2,1,0.5,0.4807245913777,0.4807245913777
IGHV1-18,2,1,0.5,0.733274,0.733274
IGHV2-26,2,1,0.5,0.4010757518295,0.4010757518295
IGHV3-11,2,1,0.5,0.525479775,0.525479775
IGHV3-33,2,1,0.5,0.483085286525,0.483085286525
IGKJ1,2,1,0.5,0.713743225,0.713743225
IGKV1-16,2,1,0.5,0.8350472499999999,0.8350472499999999
IGLV3-1,2,1,0.5,0.537604665,0.537604665
IGLV3-25,2,1,0.5,0.77869063,0.77869063
IHH,2,1,0.5,0.48676765875,0.48676765875
IL17RE,2,1,0.5,0.465131652123567,0.465131652123567
IL1A,2,1,0.5,0.86671957,0.86671957
IL2,2,1,0.5,0.467994256729864,0.467994256729864
IL36RN,2,1,0.5,0.513438302,0.513438302
IL7,2,1,0.5,0.81754185,0.81754185
IL9R,2,1,0.5,0.49468175000000025,0.49468175000000025
ING5,2,1,0.5,0.40790755911800003,0.40790755911800003
INHBB,2,1,0.5,0.4512802702387345,0.4512802702387345
INKA1,2,1,0.5,0.46065846077344996,0.46065846077344996
INPP5E,2,1,0.5,0.570340455,0.570340455
INTS5,2,1,0.5,0.49572277473369597,0.49572277473369597
INTS9,2,1,0.5,0.5036436009999999,0.5036436009999999
INVS,2,1,0.5,0.49435091154000005,0.49435091154000005
IP6K3,2,1,0.5,0.495789127755,0.495789127755
IRF1,2,1,0.5,0.586583105,0.586583105
IRF5,2,1,0.5,0.504171395,0.504171395
IRGQ,2,1,0.5,0.49571229302799996,0.49571229302799996
ISM1,2,1,0.5,0.4803663080565,0.4803663080565
ISX,2,1,0.5,0.63984057,0.63984057
ITFG2,2,1,0.5,0.49800188285,0.49800188285
ITLN1,2,1,0.5,0.758242695,0.758242695
JAZF1,2,1,0.5,0.8024796,0.8024796
JCHAIN,2,1,0.5,0.617402105,0.617402105
KAZALD1,2,1,0.5,0.6792112699999999,0.6792112699999999
KBTBD12,2,1,0.5,0.6086876,0.6086876
KBTBD6,2,1,0.5,0.5457120449999999,0.5457120449999999
KCNA6,2,1,0.5,0.4956972306634882,0.4956972306634882
KCNC3,2,1,0.5,0.49572447091114596,0.49572447091114596
KCNE5,2,1,0.5,0.49038693274,0.49038693274
KCNG2,2,1,0.5,0.4345342504781114,0.4345342504781114
KCNJ11,2,1,0.5,0.49000109725,0.49000109725
KCNK13,2,1,0.5,0.49045545430423054,0.49045545430423054
KCTD18,2,1,0.5,0.4217681300309259,0.4217681300309259
KCTD20,2,1,0.5,0.833689465,0.833689465
KDM1A,2,1,0.5,0.5502926850000001,0.5502926850000001
KHSRP,2,1,0.5,0.60110675,0.60110675
KIAA1958,2,1,0.5,0.7611623,0.7611623
KIAA2013,2,1,0.5,0.48233146732000004,0.48233146732000004
KIF11,2,1,0.5,0.491489283,0.491489283
KIF12,2,1,0.5,0.48480745029211003,0.48480745029211003
KIF2C,2,1,0.5,0.715534075,0.715534075
KIF5B,2,1,0.5,0.521755777,0.521755777
KIFBP,2,1,0.5,0.518586742,0.518586742
KIFC2,2,1,0.5,0.5564289575,0.5564289575
KIR2DL3,2,1,0.5,0.7701846050000001,0.7701846050000001
KLF10,2,1,0.5,0.6364843499999999,0.6364843499999999
KLF8,2,1,0.5,0.69433433,0.69433433
KLHDC1,2,1,0.5,0.47482644105300004,0.47482644105300004
KLHDC3,2,1,0.5,0.43027731769208,0.43027731769208
KLHL24,2,1,0.5,0.6143855899999999,0.6143855899999999
KLK10,2,1,0.5,0.49575360453036676,0.49575360453036676
KLK12,2,1,0.5,0.49453940077906505,0.49453940077906505
KLRF1,2,1,0.5,0.5416574900000001,0.5416574900000001
KLRG1,2,1,0.5,0.7491317749999999,0.7491317749999999
KMT5A,2,1,0.5,0.4957260576748,0.4957260576748
KNOP1P1,2,1,0.5,0.821605935,0.821605935
KPNA2,2,1,0.5,0.4277381735,0.4277381735
KRBA1,2,1,0.5,0.49565792016489213,0.49565792016489213
KRCC1,2,1,0.5,0.71770555,0.71770555
KRT1,2,1,0.5,0.559017955,0.559017955
KRT71,2,1,0.5,0.724873535,0.724873535
KRT80,2,1,0.5,0.503573441,0.503573441
KRT81,2,1,0.5,0.487838715781,0.487838715781
KRT83,2,1,0.5,0.463834015185,0.463834015185
KRTAP1-3,2,1,0.5,0.78753155,0.78753155
KRTAP10-11,2,1,0.5,0.72387305,0.72387305
KRTAP19-2,2,1,0.5,0.8054812499999999,0.8054812499999999
KRTCAP3,2,1,0.5,0.49169617092212003,0.49169617092212003
LAD1,2,1,0.5,0.49574515982362105,0.49574515982362105
LAMB2,2,1,0.5,0.4557937000818422,0.4557937000818422
LANCL1,2,1,0.5,0.8154006899999999,0.8154006899999999
LARP6,2,1,0.5,0.74863725,0.74863725
LCN1,2,1,0.5,0.4957108304896715,0.4957108304896715
LCN2,2,1,0.5,0.491398872505,0.491398872505
LDB2,2,1,0.5,0.6267349799999999,0.6267349799999999
LDHAL6A,2,1,0.5,0.8390099,0.8390099
LDHAL6B,2,1,0.5,0.471968027836,0.471968027836
LDLRAD2,2,1,0.5,0.7747907,0.7747907
LEMD2,2,1,0.5,0.4846224512999266,0.4846224512999266
LGALS1,2,1,0.5,0.67113029,0.67113029
LGALS3BP,2,1,0.5,0.860965165,0.860965165
LGI1,2,1,0.5,0.75966534,0.75966534
LHPP,2,1,0.5,0.47023960493222,0.47023960493222
LHX3,2,1,0.5,0.48915527505883505,0.48915527505883505
LIAS,2,1,0.5,0.778879775,0.778879775
LIMK2,2,1,0.5,0.7339059649999999,0.7339059649999999
LIN28A,2,1,0.5,0.50559723,0.50559723
LINGO3,2,1,0.5,0.473779036,0.473779036
LMBRD2,2,1,0.5,0.51199852,0.51199852
LMNB2,2,1,0.5,0.495664932498535,0.495664932498535
LNPK,2,1,0.5,0.83957063,0.83957063
LNX2,2,1,0.5,0.49763922225,0.49763922225
LOX,2,1,0.5,0.497657175,0.497657175
LPCAT3,2,1,0.5,0.7082285500000001,0.7082285500000001
LPCAT4,2,1,0.5,0.840621355,0.840621355
LRAT,2,1,0.5,0.76530185,0.76530185
LRG1,2,1,0.5,0.48999065145,0.48999065145
LRGUK,2,1,0.5,0.59983947,0.59983947
LRP2BP,2,1,0.5,0.52283968,0.52283968
LRRC19,2,1,0.5,0.486525475,0.486525475
LRRC36,2,1,0.5,0.624685375,0.624685375
LRRC52,2,1,0.5,0.553168455,0.553168455
LRRC56,2,1,0.5,0.4592545507412257,0.4592545507412257
LRRC57,2,1,0.5,0.49612268969999995,0.49612268969999995
LRRN1,2,1,0.5,0.4893810689,0.4893810689
LSMEM2,2,1,0.5,0.461420206176,0.461420206176
LUZP4,2,1,0.5,0.48938966289,0.48938966289
LY6G6F-LY6G6D,2,1,0.5,0.489235550771965,0.489235550771965
LYPLAL1,2,1,0.5,0.729944115,0.729944115
LYSMD3,2,1,0.5,0.61499352,0.61499352
MAD1L1,2,1,0.5,0.49013158641,0.49013158641
MADCAM1,2,1,0.5,0.49575482111,0.49575482111
MAEA,2,1,0.5,0.49564259511000003,0.49564259511000003
MAGI3,2,1,0.5,0.5939132,0.5939132
MAL2,2,1,0.5,0.49563956162475,0.49563956162475
MANSC1,2,1,0.5,0.503300267,0.503300267
MAP11,2,1,0.5,0.493013488631275,0.493013488631275
MAP2K2,2,1,0.5,0.49751306824999997,0.49751306824999997
MAP3K11,2,1,0.5,0.495628185092715,0.495628185092715
MAPK8,2,1,0.5,0.495505727515,0.495505727515
MAPRE2,2,1,0.5,0.70188256,0.70188256
MARF1,2,1,0.5,0.6775808,0.6775808
MARS1,2,1,0.5,0.63104956,0.63104956
MBD2,2,1,0.5,0.85383765,0.85383765
MCU,2,1,0.5,0.64873665,0.64873665
MDK,2,1,0.5,0.4939520738086585,0.4939520738086585
MED16,2,1,0.5,0.4900621323,0.4900621323
MED7,2,1,0.5,0.82406025,0.82406025
METTL1,2,1,0.5,0.6597324,0.6597324
METTL6,2,1,0.5,0.49648449404999995,0.49648449404999995
MFN2,2,1,0.5,0.49582448267,0.49582448267
MGME1,2,1,0.5,0.48817566255,0.48817566255
MIA,2,1,0.5,0.503150485,0.503150485
MICALL1,2,1,0.5,0.54416547,0.54416547
MICU2,2,1,0.5,0.465496385,0.465496385
MINK1,2,1,0.5,0.495759358247,0.495759358247
MINPP1,2,1,0.5,0.7137818250000001,0.7137818250000001
MIP,2,1,0.5,0.5403838,0.5403838
MIR1270,2,1,0.5,0.48928942750000004,0.48928942750000004
MIR376A2,2,1,0.5,0.49574345983335,0.49574345983335
MIR509-3,2,1,0.5,0.70515738,0.70515738
MIR516A2,2,1,0.5,0.48142148139999996,0.48142148139999996
MIR522,2,1,0.5,0.524321685,0.524321685
MISP,2,1,0.5,0.46297090590059253,0.46297090590059253
MLIP,2,1,0.5,0.47283868500000004,0.47283868500000004
MLLT1,2,1,0.5,0.49564206694303087,0.49564206694303087
MMP1,2,1,0.5,0.5078909465,0.5078909465
MMP28,2,1,0.5,0.73480579,0.73480579
MMP8,2,1,0.5,0.73760702,0.73760702
MOAP1,2,1,0.5,0.4625205007582709,0.4625205007582709
MOCS2,2,1,0.5,0.58235903,0.58235903
MON1B,2,1,0.5,0.62911157,0.62911157
MRI1,2,1,0.5,0.4917173042948895,0.4917173042948895
MRPL11,2,1,0.5,0.5033487535000001,0.5033487535000001
MRPL15,2,1,0.5,0.441585175,0.441585175
MRPL39,2,1,0.5,0.48592069,0.48592069
MRPL4,2,1,0.5,0.4615050205,0.4615050205
MRTO4,2,1,0.5,0.49573642143560903,0.49573642143560903
MSH2,2,1,0.5,0.4967760812,0.4967760812
MTERF1,2,1,0.5,0.59402025,0.59402025
MTHFR,2,1,0.5,0.71792042,0.71792042
MTMR10,2,1,0.5,0.438523357185945,0.438523357185945
MTNR1A,2,1,0.5,0.813025805,0.813025805
MTO1,2,1,0.5,0.58639142,0.58639142
MTRF1,2,1,0.5,0.494694138258,0.494694138258
MTRR,2,1,0.5,0.49961995600000003,0.49961995600000003
MXD1,2,1,0.5,0.72054273,0.72054273
MYB,2,1,0.5,0.7879083,0.7879083
MYBBP1A,2,1,0.5,0.4636281108,0.4636281108
MYBPH,2,1,0.5,0.4611844227115,0.4611844227115
MYEF2,2,1,0.5,0.487949837175,0.487949837175
MYL4,2,1,0.5,0.49592287447000005,0.49592287447000005
MYOD1,2,1,0.5,0.49567295755108504,0.49567295755108504
MYORG,2,1,0.5,0.49574163276905997,0.49574163276905997
MYRIP,2,1,0.5,0.55056796,0.55056796
N4BP2L1,2,1,0.5,0.539384983,0.539384983
NAAA,2,1,0.5,0.818948835,0.818948835
NACA,2,1,0.5,0.4972526731,0.4972526731
NADK,2,1,0.5,0.5360241299999999,0.5360241299999999
NADSYN1,2,1,0.5,0.47107150018,0.47107150018
NAMPT,2,1,0.5,0.594403725,0.594403725
NANS,2,1,0.5,0.70943562,0.70943562
NAP1L4,2,1,0.5,0.70194015,0.70194015
NCALD,2,1,0.5,0.78863165,0.78863165
NCF2,2,1,0.5,0.7344608,0.7344608
NCSTN,2,1,0.5,0.73472801,0.73472801
NDFIP1,2,1,0.5,0.60631714,0.60631714
NDRG2,2,1,0.5,0.496137824025,0.496137824025
NDRG4,2,1,0.5,0.66003592,0.66003592
NDUFAF5,2,1,0.5,0.48033887999999997,0.48033887999999997
NDUFAF6,2,1,0.5,0.6031389,0.6031389
NEIL1,2,1,0.5,0.533364625,0.533364625
NEK5,2,1,0.5,0.495100784641,0.495100784641
NEK8,2,1,0.5,0.62204815,0.62204815
NEMP1,2,1,0.5,0.735272195,0.735272195
NFAM1,2,1,0.5,0.47578945216472374,0.47578945216472374
NFE2,2,1,0.5,0.62650845,0.62650845
NFKBIB,2,1,0.5,0.675246965,0.675246965
NFKBIZ,2,1,0.5,0.5120098550000001,0.5120098550000001
NIPAL3,2,1,0.5,0.72882375,0.72882375
NKAIN1,2,1,0.5,0.48997013398915,0.48997013398915
NKAP,2,1,0.5,0.4788010000005656,0.4788010000005656
NLE1,2,1,0.5,0.49567945478977,0.49567945478977
NLRC3,2,1,0.5,0.6905702,0.6905702
NLRP6,2,1,0.5,0.47738710055517986,0.47738710055517986
NMNAT2,2,1,0.5,0.56116501,0.56116501
NOMO3,2,1,0.5,0.48868140305,0.48868140305
NOP53,2,1,0.5,0.638801395,0.638801395
NOS2,2,1,0.5,0.49568635066266226,0.49568635066266226
NOVA1,2,1,0.5,0.45369564875,0.45369564875
NPRL3,2,1,0.5,0.48426895258499997,0.48426895258499997
NR0B2,2,1,0.5,0.66729092,0.66729092
NR4A2,2,1,0.5,0.49573180000002426,0.49573180000002426
NSF,2,1,0.5,0.7572550149999999,0.7572550149999999
NSMCE1,2,1,0.5,0.4904738050931815,0.4904738050931815
NSMCE2,2,1,0.5,0.48888151175,0.48888151175
NT5C2,2,1,0.5,0.52589978,0.52589978
NTM,2,1,0.5,0.74177988,0.74177988
NTRK2,2,1,0.5,0.7598719,0.7598719
NUBPL,2,1,0.5,0.4889617048588,0.4889617048588
NUDCD2,2,1,0.5,0.6420113350000001,0.6420113350000001
NUDT19,2,1,0.5,0.8230392200000001,0.8230392200000001
NUFIP1,2,1,0.5,0.67625062,0.67625062
NUP43,2,1,0.5,0.8030642,0.8030642
NUP62CL,2,1,0.5,0.49621112315,0.49621112315
NUP93,2,1,0.5,0.6438702199999999,0.6438702199999999
NUTM2D,2,1,0.5,0.49563757095000005,0.49563757095000005
NXF5,2,1,0.5,0.48075941104000003,0.48075941104000003
NXPH2,2,1,0.5,0.49431535353313855,0.49431535353313855
OBP2B,2,1,0.5,0.53616279,0.53616279
ODAM,2,1,0.5,0.47484490000275886,0.47484490000275886
ODC1,2,1,0.5,0.49565919792499996,0.49565919792499996
OLFML3,2,1,0.5,0.489462167097366,0.489462167097366
OOSP2,2,1,0.5,0.5760002,0.5760002
OPA3,2,1,0.5,0.7140883650000001,0.7140883650000001
OPN4,2,1,0.5,0.40669332440835,0.40669332440835
OPTN,2,1,0.5,0.6947859750000001,0.6947859750000001
OR10A6,2,1,0.5,0.726142225,0.726142225
OR10G4,2,1,0.5,0.796738145,0.796738145
OR10K2,2,1,0.5,0.5238551535,0.5238551535
OR10Q1,2,1,0.5,0.7115266899999999,0.7115266899999999
OR11H1,2,1,0.5,0.662523685,0.662523685
OR12D3,2,1,0.5,0.63375772,0.63375772
OR13C2,2,1,0.5,0.7420238800000001,0.7420238800000001
OR13H1,2,1,0.5,0.4884120517,0.4884120517
OR1A1,2,1,0.5,0.49300457575,0.49300457575
OR1D2,2,1,0.5,0.5099370249999999,0.5099370249999999
OR1F1,2,1,0.5,0.41847693138,0.41847693138
OR1L8,2,1,0.5,0.7049444,0.7049444
OR1N2,2,1,0.5,0.484456199463,0.484456199463
OR1Q1,2,1,0.5,0.56958178,0.56958178
OR2A42,2,1,0.5,0.58630726,0.58630726
OR2B6,2,1,0.5,0.81793447,0.81793447
OR2C1,2,1,0.5,0.70015761,0.70015761
OR2J2,2,1,0.5,0.531237365,0.531237365
OR2S2,2,1,0.5,0.755487625,0.755487625
OR2T11,2,1,0.5,0.7764443249999999,0.7764443249999999
OR4C13,2,1,0.5,0.794008,0.794008
OR4C46,2,1,0.5,0.490256025,0.490256025
OR4D11,2,1,0.5,0.74951682,0.74951682
OR4D9,2,1,0.5,0.520021965,0.520021965
OR4K17,2,1,0.5,0.55959976,0.55959976
OR4X1,2,1,0.5,0.66271965,0.66271965
OR51B4,2,1,0.5,0.5331058949999999,0.5331058949999999
OR52A1,2,1,0.5,0.771797265,0.771797265
OR52N5,2,1,0.5,0.44605863000206547,0.44605863000206547
OR52W1,2,1,0.5,0.669066965,0.669066965
OR5M10,2,1,0.5,0.741049735,0.741049735
OR5R1,2,1,0.5,0.495705521648239,0.495705521648239
OR5T2,2,1,0.5,0.800132175,0.800132175
OR7C2,2,1,0.5,0.644805955,0.644805955
OR7E24,2,1,0.5,0.7679874600000001,0.7679874600000001
OR8B2,2,1,0.5,0.5945921949999999,0.5945921949999999
OR9Q2,2,1,0.5,0.575411415,0.575411415
ORC1,2,1,0.5,0.5407834725,0.5407834725
ORC2,2,1,0.5,0.6916925700000001,0.6916925700000001
OSBPL11,2,1,0.5,0.66632049,0.66632049
OTOS,2,1,0.5,0.43086142323000004,0.43086142323000004
P2RX2,2,1,0.5,0.49438850002858015,0.49438850002858015
P4HA1,2,1,0.5,0.516544621,0.516544621
PA2G4,2,1,0.5,0.57673569,0.57673569
PACC1,2,1,0.5,0.67763982,0.67763982
PACSIN2,2,1,0.5,0.53072556,0.53072556
PAIP1,2,1,0.5,0.8315801,0.8315801
PAK6,2,1,0.5,0.4957281650001836,0.4957281650001836
PAM,2,1,0.5,0.457742168,0.457742168
PAN2,2,1,0.5,0.57761165,0.57761165
PANK3,2,1,0.5,0.42796849166499995,0.42796849166499995
PAOX,2,1,0.5,0.4916098594689315,0.4916098594689315
PARD3,2,1,0.5,0.49529457003779587,0.49529457003779587
PARP15,2,1,0.5,0.49593059622999996,0.49593059622999996
PARP16,2,1,0.5,0.77617205,0.77617205
PARVB,2,1,0.5,0.49513817000022453,0.49513817000022453
PATZ1,2,1,0.5,0.65555646,0.65555646
PAX9,2,1,0.5,0.48538202023500004,0.48538202023500004
PAXIP1,2,1,0.5,0.40443108365,0.40443108365
PCDHGA5,2,1,0.5,0.4734533750017919,0.4734533750017919
PCGF1,2,1,0.5,0.5064532715,0.5064532715
PCNA,2,1,0.5,0.61052008,0.61052008
PCP4L1,2,1,0.5,0.477849095,0.477849095
PCYT1B,2,1,0.5,0.49254955001508466,0.49254955001508466
PDCD2,2,1,0.5,0.42964847349999996,0.42964847349999996
PDCL2,2,1,0.5,0.49070190155760196,0.49070190155760196
PDCL3,2,1,0.5,0.815985765,0.815985765
PDE1A,2,1,0.5,0.6391626499999999,0.6391626499999999
PDE1B,2,1,0.5,0.5820998900000001,0.5820998900000001
PDE4A,2,1,0.5,0.4978920148,0.4978920148
PDHX,2,1,0.5,0.49572763066377545,0.49572763066377545
PDZD9,2,1,0.5,0.759819775,0.759819775
PER2,2,1,0.5,0.6361079,0.6361079
PER3,2,1,0.5,0.769736735,0.769736735
PGAM5,2,1,0.5,0.520413018,0.520413018
PGBD5,2,1,0.5,0.60269589,0.60269589
PGLYRP1,2,1,0.5,0.4863951511389075,0.4863951511389075
PGLYRP4,2,1,0.5,0.77868713,0.77868713
PHOSPHO2,2,1,0.5,0.4899649985,0.4899649985
PI4K2A,2,1,0.5,0.4956555500072651,0.4956555500072651
PIGF,2,1,0.5,0.49060211465,0.49060211465
PIK3R4,2,1,0.5,0.693629485,0.693629485
PKNOX1,2,1,0.5,0.4664114980269,0.4664114980269
PKP4,2,1,0.5,0.72390306,0.72390306
PLA1A,2,1,0.5,0.49572747054897,0.49572747054897
PLA2G5,2,1,0.5,0.41401849030792,0.41401849030792
PLBD1,2,1,0.5,0.61670509,0.61670509
PLCD4,2,1,0.5,0.449478100205105,0.449478100205105
PLCXD2,2,1,0.5,0.7513947000000001,0.7513947000000001
PLEKHA2,2,1,0.5,0.494772532575,0.494772532575
PLEKHH1,2,1,0.5,0.42131116097737,0.42131116097737
PLEKHO1,2,1,0.5,0.74519985,0.74519985
PLK2,2,1,0.5,0.8197431550000001,0.8197431550000001
PLPP2,2,1,0.5,0.46235964225,0.46235964225
PLPP4,2,1,0.5,0.539542135,0.539542135
PLPP5,2,1,0.5,0.585733035,0.585733035
PLRG1,2,1,0.5,0.518821652,0.518821652
PLTP,2,1,0.5,0.497334659,0.497334659
PMVK,2,1,0.5,0.80864075,0.80864075
PNKD,2,1,0.5,0.54556848,0.54556848
PNKP,2,1,0.5,0.3862207885,0.3862207885
PNLIPRP1,2,1,0.5,0.49570462002740945,0.49570462002740945
PNMA5,2,1,0.5,0.675444625,0.675444625
PNOC,2,1,0.5,0.41754377,0.41754377
PODXL2,2,1,0.5,0.69871193,0.69871193
POGK,2,1,0.5,0.495529836117675,0.495529836117675
POLB,2,1,0.5,0.6436248,0.6436248
POLD1,2,1,0.5,0.473918171427,0.473918171427
POLD3,2,1,0.5,0.741762065,0.741762065
POLL,2,1,0.5,0.502228704,0.502228704
POTEA,2,1,0.5,0.58090707,0.58090707
POU5F1,2,1,0.5,0.64207072,0.64207072
POU6F1,2,1,0.5,0.61055226,0.61055226
PPFIA4,2,1,0.5,0.5138253525,0.5138253525
PPHLN1,2,1,0.5,0.721797775,0.721797775
PPIC,2,1,0.5,0.837730325,0.837730325
PPP1R2,2,1,0.5,0.48110845275,0.48110845275
PPP2R5C,2,1,0.5,0.465098405,0.465098405
PPP2R5E,2,1,0.5,0.49324823155345,0.49324823155345
PPP3R1,2,1,0.5,0.86090168,0.86090168
PRAMEF14,2,1,0.5,0.56616126,0.56616126
PRDM14,2,1,0.5,0.7332202,0.7332202
PRIM1,2,1,0.5,0.73420675,0.73420675
PRKCI,2,1,0.5,0.8346677250000001,0.8346677250000001
PRKCZ,2,1,0.5,0.49517453309,0.49517453309
PROCR,2,1,0.5,0.7172593700000001,0.7172593700000001
PROS1,2,1,0.5,0.46916824,0.46916824
PROSER1,2,1,0.5,0.86003679,0.86003679
PRPF3,2,1,0.5,0.590450225,0.590450225
PRPF31,2,1,0.5,0.49575150012947916,0.49575150012947916
PRR12,2,1,0.5,0.838883845,0.838883845
PRRT1,2,1,0.5,0.5256338375,0.5256338375
PRRT3,2,1,0.5,0.404028832442235,0.404028832442235
PRSS1,2,1,0.5,0.70018878,0.70018878
PRSS21,2,1,0.5,0.5003021089999999,0.5003021089999999
PRSS55,2,1,0.5,0.6875351,0.6875351
PSG11,2,1,0.5,0.818422275,0.818422275
PSMA3,2,1,0.5,0.49567892445100004,0.49567892445100004
PSMA8,2,1,0.5,0.403319606925,0.403319606925
PSMC1,2,1,0.5,0.8335757850000001,0.8335757850000001
PSMD4,2,1,0.5,0.45596170599,0.45596170599
PSMD5,2,1,0.5,0.4954193577907,0.4954193577907
PSMD8,2,1,0.5,0.813853835,0.813853835
PSME2,2,1,0.5,0.48452980077830166,0.48452980077830166
PSPC1,2,1,0.5,0.484605509,0.484605509
PTK2,2,1,0.5,0.7688025199999999,0.7688025199999999
PTK6,2,1,0.5,0.49111241826883,0.49111241826883
PTK7,2,1,0.5,0.7623186500000001,0.7623186500000001
PTPN21,2,1,0.5,0.4944527164830317,0.4944527164830317
PVRIG,2,1,0.5,0.49497431889680377,0.49497431889680377
PWP1,2,1,0.5,0.5017117975000001,0.5017117975000001
QPRT,2,1,0.5,0.53918135,0.53918135
QSOX2,2,1,0.5,0.6349414600000001,0.6349414600000001
R3HDM2,2,1,0.5,0.646093275,0.646093275
RAB11FIP3,2,1,0.5,0.5302041000000001,0.5302041000000001
RAB3IP,2,1,0.5,0.5041590705,0.5041590705
RAB7A,2,1,0.5,0.57961397,0.57961397
RACK1,2,1,0.5,0.495153563375,0.495153563375
RAD17,2,1,0.5,0.79590557,0.79590557
RAD23A,2,1,0.5,0.4954810186,0.4954810186
RAN,2,1,0.5,0.6553715250000001,0.6553715250000001
RAP1B,2,1,0.5,0.7308408949999999,0.7308408949999999
RAP1GDS1,2,1,0.5,0.75320303,0.75320303
RAPH1,2,1,0.5,0.4789997514,0.4789997514
RARG,2,1,0.5,0.6671892,0.6671892
RASAL1,2,1,0.5,0.77823312,0.77823312
RASGEF1B,2,1,0.5,0.8468538,0.8468538
RASL10B,2,1,0.5,0.49836537384999996,0.49836537384999996
RBM23,2,1,0.5,0.8193373500000001,0.8193373500000001
RBM26,2,1,0.5,0.49790303750000003,0.49790303750000003
RBM43,2,1,0.5,0.8280013500000001,0.8280013500000001
RBM7,2,1,0.5,0.691631345,0.691631345
RBMY1E,2,1,0.5,0.58491,0.58491
RCBTB1,2,1,0.5,0.47009752802,0.47009752802
RCC2,2,1,0.5,0.86195782,0.86195782
RCN2,2,1,0.5,0.49122680965,0.49122680965
RCOR2,2,1,0.5,0.495741384666435,0.495741384666435
RDX,2,1,0.5,0.525661702,0.525661702
REEP1,2,1,0.5,0.49494803000063115,0.49494803000063115
REG1B,2,1,0.5,0.8110439199999999,0.8110439199999999
RELT,2,1,0.5,0.585153355,0.585153355
RFC5,2,1,0.5,0.719067925,0.719067925
RFPL3,2,1,0.5,0.539833198,0.539833198
RFT1,2,1,0.5,0.495746628617,0.495746628617
RGS14,2,1,0.5,0.7846893349999999,0.7846893349999999
RGS17,2,1,0.5,0.3908928411,0.3908928411
RGS9BP,2,1,0.5,0.495656116885,0.495656116885
RHBDD1,2,1,0.5,0.49574650359,0.49574650359
RHBDF1,2,1,0.5,0.459046661,0.459046661
RHOD,2,1,0.5,0.68862304,0.68862304
RHPN2,2,1,0.5,0.6861756450000001,0.6861756450000001
RIN1,2,1,0.5,0.7970200000000001,0.7970200000000001
RIPK3,2,1,0.5,0.4860610422167,0.4860610422167
RIPOR3,2,1,0.5,0.42591036,0.42591036
RNASE7,2,1,0.5,0.495403659985,0.495403659985
RNF113B,2,1,0.5,0.47411285704,0.47411285704
RNF141,2,1,0.5,0.546449065,0.546449065
RNF145,2,1,0.5,0.69744134,0.69744134
RNF183,2,1,0.5,0.4946029800643017,0.4946029800643017
RNF19B,2,1,0.5,0.658734995,0.658734995
RNF217,2,1,0.5,0.49367179745,0.49367179745
RNF31,2,1,0.5,0.817349975,0.817349975
RNF6,2,1,0.5,0.730976215,0.730976215
RNPEPL1,2,1,0.5,0.493177354175,0.493177354175
RORA,2,1,0.5,0.72509368,0.72509368
RPE65,2,1,0.5,0.640519115,0.640519115
RPH3AL,2,1,0.5,0.62869052,0.62869052
RPL10,2,1,0.5,0.4957484286151,0.4957484286151
RPL10L,2,1,0.5,0.66859819,0.66859819
RPL26P30,2,1,0.5,0.4960333304,0.4960333304
RPL39,2,1,0.5,0.48992181592,0.48992181592
RPL7A,2,1,0.5,0.5160891249999999,0.5160891249999999
RPLP2,2,1,0.5,0.48658674980055,0.48658674980055
RPP30,2,1,0.5,0.7586183,0.7586183
RPRD1A,2,1,0.5,0.41606554999999995,0.41606554999999995
RPS10-NUDT3,2,1,0.5,0.452003459276,0.452003459276
RPS9,2,1,0.5,0.488788263,0.488788263
RRAGA,2,1,0.5,0.49614808207,0.49614808207
RRH,2,1,0.5,0.801418215,0.801418215
RRM2,2,1,0.5,0.479767485911,0.479767485911
RS1,2,1,0.5,0.4917633965492,0.4917633965492
RSPH10B2,2,1,0.5,0.4951093542128955,0.4951093542128955
RTP3,2,1,0.5,0.8126784499999999,0.8126784499999999
RUNDC1,2,1,0.5,0.49566780108506925,0.49566780108506925
RUNX3,2,1,0.5,0.4954847514380672,0.4954847514380672
RUVBL1,2,1,0.5,0.5390350825,0.5390350825
RXYLT1,2,1,0.5,0.70025625,0.70025625
S1PR2,2,1,0.5,0.7776047500000001,0.7776047500000001
SALL1,2,1,0.5,0.4527738718,0.4527738718
SAMD11,2,1,0.5,0.47017660509322,0.47017660509322
SC5D,2,1,0.5,0.74817714,0.74817714
SCAMP4,2,1,0.5,0.47681895509271505,0.47681895509271505
SCAMP5,2,1,0.5,0.584565785,0.584565785
SCARB1,2,1,0.5,0.48398355052446,0.48398355052446
SCD5,2,1,0.5,0.502194297,0.502194297
SCFD2,2,1,0.5,0.60989997,0.60989997
SCN1B,2,1,0.5,0.46237685,0.46237685
SCN2B,2,1,0.5,0.7651920000000001,0.7651920000000001
SCRN2,2,1,0.5,0.53595819,0.53595819
SDCCAG8,2,1,0.5,0.6128968300000001,0.6128968300000001
SEC11A,2,1,0.5,0.74929402,0.74929402
SEC14L3,2,1,0.5,0.684606195,0.684606195
SEC23A,2,1,0.5,0.61605076,0.61605076
SEC61A1,2,1,0.5,0.4654817175,0.4654817175
SECTM1,2,1,0.5,0.737983775,0.737983775
SELPLG,2,1,0.5,0.6270899600000001,0.6270899600000001
SEMA4C,2,1,0.5,0.633753665,0.633753665
SEMA6B,2,1,0.5,0.49575558788,0.49575558788
SEPTIN8,2,1,0.5,0.398057822,0.398057822
SEPTIN9,2,1,0.5,0.620230035,0.620230035
SERPINA10,2,1,0.5,0.523838896,0.523838896
SERPINI1,2,1,0.5,0.80638722,0.80638722
SERTAD4,2,1,0.5,0.49594416033,0.49594416033
SETMAR,2,1,0.5,0.806999145,0.806999145
SF1,2,1,0.5,0.578636965,0.578636965
SF3A1,2,1,0.5,0.81539648,0.81539648
SF3A3,2,1,0.5,0.5991497050000001,0.5991497050000001
SF3B1,2,1,0.5,0.564312385,0.564312385
SFN,2,1,0.5,0.76978245,0.76978245
SFRP4,2,1,0.5,0.4962495285,0.4962495285
SGCG,2,1,0.5,0.64851759,0.64851759
SGK2,2,1,0.5,0.868803925,0.868803925
SGPP2,2,1,0.5,0.8147795,0.8147795
SH2D1B,2,1,0.5,0.69952748,0.69952748
SH3BP5L,2,1,0.5,0.49568922256632,0.49568922256632
SH3GL1,2,1,0.5,0.6568877,0.6568877
SH3GL2,2,1,0.5,0.48469396784999996,0.48469396784999996
SHMT1,2,1,0.5,0.812317975,0.812317975
SHOX,2,1,0.5,0.41649598258528664,0.41649598258528664
SHQ1,2,1,0.5,0.8347238299999999,0.8347238299999999
SIAH3,2,1,0.5,0.480831815180163,0.480831815180163
SIGLEC7,2,1,0.5,0.48395697667,0.48395697667
SIM2,2,1,0.5,0.85230402,0.85230402
SIRPA,2,1,0.5,0.4750662285,0.4750662285
SIX4,2,1,0.5,0.577412695,0.577412695
SKA3,2,1,0.5,0.5218942,0.5218942
SKAP2,2,1,0.5,0.7286524,0.7286524
SLAMF1,2,1,0.5,0.77974643,0.77974643
SLAMF8,2,1,0.5,0.821914875,0.821914875
SLBP,2,1,0.5,0.64523151,0.64523151
SLC10A6,2,1,0.5,0.746827365,0.746827365
SLC16A6,2,1,0.5,0.44125262675000004,0.44125262675000004
SLC17A3,2,1,0.5,0.6088028999999999,0.6088028999999999
SLC22A16,2,1,0.5,0.533213345,0.533213345
SLC22A5,2,1,0.5,0.649371355,0.649371355
SLC23A3,2,1,0.5,0.6162298,0.6162298
SLC25A12,2,1,0.5,0.48171811743,0.48171811743
SLC25A30,2,1,0.5,0.582874635,0.582874635
SLC25A34,2,1,0.5,0.48769767849999995,0.48769767849999995
SLC25A36,2,1,0.5,0.67377807,0.67377807
SLC25A37,2,1,0.5,0.59021792,0.59021792
SLC25A48,2,1,0.5,0.579678275,0.579678275
SLC25A51,2,1,0.5,0.485916297285,0.485916297285
SLC27A4,2,1,0.5,0.4957342113575,0.4957342113575
SLC29A1,2,1,0.5,0.8169909799999999,0.8169909799999999
SLC2A5,2,1,0.5,0.726854265,0.726854265
SLC30A10,2,1,0.5,0.6691961,0.6691961
SLC30A4,2,1,0.5,0.49571623772976997,0.49571623772976997
SLC35A2,2,1,0.5,0.4741497350000271,0.4741497350000271
SLC35C2,2,1,0.5,0.7652340150000001,0.7652340150000001
SLC35D3,2,1,0.5,0.4935796298644175,0.4935796298644175
SLC35F3,2,1,0.5,0.539751805,0.539751805
SLC38A6,2,1,0.5,0.689002635,0.689002635
SLC38A8,2,1,0.5,0.71093205,0.71093205
SLC39A7,2,1,0.5,0.527381065,0.527381065
SLC45A2,2,1,0.5,0.498416595,0.498416595
SLC46A1,2,1,0.5,0.6562769049999999,0.6562769049999999
SLC4A11,2,1,0.5,0.65390984,0.65390984
SLC52A2,2,1,0.5,0.5033686687500001,0.5033686687500001
SLC52A3,2,1,0.5,0.495671990694175,0.495671990694175
SLC5A2,2,1,0.5,0.4979805285,0.4979805285
SLC5A6,2,1,0.5,0.76847285,0.76847285
SLC6A11,2,1,0.5,0.494447964628,0.494447964628
SLC6A8,2,1,0.5,0.4948853236,0.4948853236
SLC7A2,2,1,0.5,0.702142715,0.702142715
SLC9A8,2,1,0.5,0.488409825575,0.488409825575
SLC9B2,2,1,0.5,0.4853405055,0.4853405055
SLITRK1,2,1,0.5,0.7282784,0.7282784
SLITRK5,2,1,0.5,0.63215326,0.63215326
SLPI,2,1,0.5,0.728734965,0.728734965
SMAP2,2,1,0.5,0.8279992350000001,0.8279992350000001
SMG6,2,1,0.5,0.70155737,0.70155737
SMG9,2,1,0.5,0.67392355,0.67392355
SMOX,2,1,0.5,0.46856623999999997,0.46856623999999997
SMPD4,2,1,0.5,0.4448560139715,0.4448560139715
SMTNL1,2,1,0.5,0.47185802551908895,0.47185802551908895
SMTNL2,2,1,0.5,0.5511367,0.5511367
SMURF2,2,1,0.5,0.49617070855,0.49617070855
SNAI2,2,1,0.5,0.6419576,0.6419576
SNORD114-20,2,1,0.5,0.79446751,0.79446751
SNORD115-16,2,1,0.5,0.73904137,0.73904137
SNORD115-20,2,1,0.5,0.40974653347,0.40974653347
SNORD116-24,2,1,0.5,0.49001606585,0.49001606585
SNORD116-27,2,1,0.5,0.60312055,0.60312055
SNTA1,2,1,0.5,0.49541989965,0.49541989965
SNTB1,2,1,0.5,0.5433643275000001,0.5433643275000001
SNX20,2,1,0.5,0.38678041985,0.38678041985
SNX24,2,1,0.5,0.59278208,0.59278208
SNX33,2,1,0.5,0.4549947015,0.4549947015
SOCS4,2,1,0.5,0.4743819953164,0.4743819953164
SOCS5,2,1,0.5,0.49130791025,0.49130791025
SOX14,2,1,0.5,0.486393957749997,0.486393957749997
SOX7,2,1,0.5,0.4815212362575,0.4815212362575
SP8,2,1,0.5,0.738244295,0.738244295
SPATA18,2,1,0.5,0.4957251863735986,0.4957251863735986
SPATA32,2,1,0.5,0.81598255,0.81598255
SPATA6L,2,1,0.5,0.68317289,0.68317289
SPATS2,2,1,0.5,0.48284880996999996,0.48284880996999996
SPDYC,2,1,0.5,0.6218953700000001,0.6218953700000001
SPG21,2,1,0.5,0.7753226,0.7753226
SPINK7,2,1,0.5,0.71901375,0.71901375
SPNS2,2,1,0.5,0.500844157,0.500844157
SPP2,2,1,0.5,0.56605267,0.56605267
SPRR2B,2,1,0.5,0.7092106499999999,0.7092106499999999
SPRR3,2,1,0.5,0.6044948099999999,0.6044948099999999
SPRY2,2,1,0.5,0.5181689469999999,0.5181689469999999
SPSB1,2,1,0.5,0.7898449999999999,0.7898449999999999
SQOR,2,1,0.5,0.6373514,0.6373514
SRCIN1,2,1,0.5,0.49264582546129154,0.49264582546129154
SRD5A3,2,1,0.5,0.812712015,0.812712015
SREBF1,2,1,0.5,0.6223385699999999,0.6223385699999999
SREK1,2,1,0.5,0.65116915,0.65116915
SRRM1,2,1,0.5,0.58149607,0.58149607
SRSF10,2,1,0.5,0.60979112,0.60979112
SRSF12,2,1,0.5,0.67824751,0.67824751
SSTR1,2,1,0.5,0.48240235692735,0.48240235692735
ST3GAL3,2,1,0.5,0.6480641,0.6480641
ST8SIA5,2,1,0.5,0.495642631785,0.495642631785
STBD1,2,1,0.5,0.6999781,0.6999781
STEAP3,2,1,0.5,0.419401782,0.419401782
STK17A,2,1,0.5,0.495798558835,0.495798558835
STK17B,2,1,0.5,0.531670375,0.531670375
STK19,2,1,0.5,0.5711964150000001,0.5711964150000001
STK3,2,1,0.5,0.695560455,0.695560455
STMN3,2,1,0.5,0.643547385,0.643547385
STRBP,2,1,0.5,0.4953143495977315,0.4953143495977315
STX1B,2,1,0.5,0.494993753263505,0.494993753263505
STX4,2,1,0.5,0.532428825,0.532428825
SUCNR1,2,1,0.5,0.5940826800000001,0.5940826800000001
SUCO,2,1,0.5,0.678607285,0.678607285
SUGP2,2,1,0.5,0.406136390765,0.406136390765
SULT1C4,2,1,0.5,0.78433793,0.78433793
SYPL2,2,1,0.5,0.657689935,0.657689935
SYT2,2,1,0.5,0.6769882,0.6769882
SYT8,2,1,0.5,0.487587836255,0.487587836255
TACC1,2,1,0.5,0.523108655,0.523108655
TADA2B,2,1,0.5,0.49066434244,0.49066434244
TAF5L,2,1,0.5,0.53058883,0.53058883
TAMALIN,2,1,0.5,0.49545259579122497,0.49545259579122497
TAPBPL,2,1,0.5,0.42332180953000004,0.42332180953000004
TARBP2,2,1,0.5,0.82763922,0.82763922
TAS2R13,2,1,0.5,0.660320205,0.660320205
TAS2R39,2,1,0.5,0.55629197,0.55629197
TBC1D15,2,1,0.5,0.8324849750000001,0.8324849750000001
TBC1D20,2,1,0.5,0.5215344150000001,0.5215344150000001
TBC1D22A,2,1,0.5,0.4758761604807515,0.4758761604807515
TBC1D24,2,1,0.5,0.72499287,0.72499287
TBL2,2,1,0.5,0.57885947,0.57885947
TBX2,2,1,0.5,0.4604478032137245,0.4604478032137245
TCF21,2,1,0.5,0.60912755,0.60912755
TCF7L1,2,1,0.5,0.49339668214891297,0.49339668214891297
TCHP,2,1,0.5,0.475643990759885,0.475643990759885
TCL1B,2,1,0.5,0.47890555819999997,0.47890555819999997
TDGF1,2,1,0.5,0.588744415,0.588744415
TEAD3,2,1,0.5,0.466160738258395,0.466160738258395
TECTB,2,1,0.5,0.4956383183117485,0.4956383183117485
TEPP,2,1,0.5,0.499723335,0.499723335
TESMIN,2,1,0.5,0.49216767,0.49216767
TEX13A,2,1,0.5,0.586684495,0.586684495
TEX30,2,1,0.5,0.47625869356734996,0.47625869356734996
TF,2,1,0.5,0.49599368094999996,0.49599368094999996
TFAM,2,1,0.5,0.58698063,0.58698063
TFE3,2,1,0.5,0.49590525,0.49590525
TFPI,2,1,0.5,0.68115323,0.68115323
THBS3,2,1,0.5,0.54639319,0.54639319
THRSP,2,1,0.5,0.839886845,0.839886845
THUMPD1,2,1,0.5,0.552373795,0.552373795
THYN1,2,1,0.5,0.52882379,0.52882379
TIMM50,2,1,0.5,0.569379575,0.569379575
TIMM8A,2,1,0.5,0.532951975,0.532951975
TINAGL1,2,1,0.5,0.4951899190584635,0.4951899190584635
TLDC2,2,1,0.5,0.49607968199999997,0.49607968199999997
TM2D1,2,1,0.5,0.63685639,0.63685639
TMC7,2,1,0.5,0.7792829800000001,0.7792829800000001
TMED6,2,1,0.5,0.65696309,0.65696309
TMEM109,2,1,0.5,0.6903813,0.6903813
TMEM132A,2,1,0.5,0.37684074328968,0.37684074328968
TMEM184A,2,1,0.5,0.59474835,0.59474835
TMEM19,2,1,0.5,0.832167,0.832167
TMEM208,2,1,0.5,0.41456333924778005,0.41456333924778005
TMEM266,2,1,0.5,0.67966378,0.67966378
TMEM79,2,1,0.5,0.8481154799999999,0.8481154799999999
TMEM86A,2,1,0.5,0.4957510261884127,0.4957510261884127
TMPRSS2,2,1,0.5,0.6356404849999999,0.6356404849999999
TMUB2,2,1,0.5,0.50856634,0.50856634
TNF,2,1,0.5,0.5755604,0.5755604
TNFAIP1,2,1,0.5,0.472006776,0.472006776
TNFAIP8,2,1,0.5,0.5359597500000001,0.5359597500000001
TNFRSF1A,2,1,0.5,0.79656902,0.79656902
TNFRSF1B,2,1,0.5,0.509021275,0.509021275
TNFSF4,2,1,0.5,0.70769662,0.70769662
TNNT2,2,1,0.5,0.724027215,0.724027215
TOP3A,2,1,0.5,0.60647507,0.60647507
TOP3B,2,1,0.5,0.45583339581,0.45583339581
TOR1A,2,1,0.5,0.4920297699133,0.4920297699133
TOR1AIP1,2,1,0.5,0.539941765,0.539941765
TP73,2,1,0.5,0.6570867300000001,0.6570867300000001
TPH2,2,1,0.5,0.81235223,0.81235223
TPK1,2,1,0.5,0.495634583262515,0.495634583262515
TPM2,2,1,0.5,0.7254948,0.7254948
TPP2,2,1,0.5,0.7114754000000001,0.7114754000000001
TPPP3,2,1,0.5,0.5009007885,0.5009007885
TPST2,2,1,0.5,0.47928473570339986,0.47928473570339986
TRAF5,2,1,0.5,0.47878964965,0.47878964965
TRAPPC6B,2,1,0.5,0.48579526143737,0.48579526143737
TRAV7,2,1,0.5,0.4830082152,0.4830082152
TRDMT1,2,1,0.5,0.621753395,0.621753395
TRGV5,2,1,0.5,0.76814575,0.76814575
TRIL,2,1,0.5,0.49822096964999996,0.49822096964999996
TRIM38,2,1,0.5,0.53296316,0.53296316
TRIM45,2,1,0.5,0.6389659649999999,0.6389659649999999
TRIM48,2,1,0.5,0.58960675,0.58960675
TRIM54,2,1,0.5,0.4946467000129,0.4946467000129
TRIM6-TRIM34,2,1,0.5,0.49338942870665,0.49338942870665
TRIM68,2,1,0.5,0.49227657065,0.49227657065
TRIM8,2,1,0.5,0.48915666256631,0.48915666256631
TRIT1,2,1,0.5,0.515856878,0.515856878
TRMT2A,2,1,0.5,0.57028102,0.57028102
TRMT61B,2,1,0.5,0.49570687488123,0.49570687488123
TRPC3,2,1,0.5,0.442657089652,0.442657089652
TSEN2,2,1,0.5,0.5351425125,0.5351425125
TSKU,2,1,0.5,0.57683742,0.57683742
TSNAX,2,1,0.5,0.545679865,0.545679865
TSPYL1,2,1,0.5,0.4779068886059765,0.4779068886059765
TTC23L,2,1,0.5,0.450453252,0.450453252
TTLL3,2,1,0.5,0.5506765025,0.5506765025
TUBB6,2,1,0.5,0.49630586885,0.49630586885
TVP23A,2,1,0.5,0.489269628535,0.489269628535
TYK2,2,1,0.5,0.3990937754652915,0.3990937754652915
UBAC1,2,1,0.5,0.81322685,0.81322685
UBAP2,2,1,0.5,0.495998614225,0.495998614225
UBB,2,1,0.5,0.7776508,0.7776508
UBE2J1,2,1,0.5,0.764892325,0.764892325
UBE2W,2,1,0.5,0.4922041500337336,0.4922041500337336
UBFD1,2,1,0.5,0.4957740240625,0.4957740240625
UBXN2B,2,1,0.5,0.50878016,0.50878016
UBXN8,2,1,0.5,0.7915401500000001,0.7915401500000001
UCP3,2,1,0.5,0.4996764805,0.4996764805
UEVLD,2,1,0.5,0.6063275100000001,0.6063275100000001
UFD1,2,1,0.5,0.49038017055479455,0.49038017055479455
UGT1A9,2,1,0.5,0.797204555,0.797204555
UGT2B17,2,1,0.5,0.72890385,0.72890385
UHRF1,2,1,0.5,0.56460539,0.56460539
UMPS,2,1,0.5,0.800319515,0.800319515
UNC119,2,1,0.5,0.49503486059594554,0.49503486059594554
UNC5CL,2,1,0.5,0.76817592,0.76817592
UNK,2,1,0.5,0.49450880004,0.49450880004
UQCRC1,2,1,0.5,0.733047545,0.733047545
URB1,2,1,0.5,0.657169025,0.657169025
UROD,2,1,0.5,0.67666574,0.67666574
USO1,2,1,0.5,0.4970702825,0.4970702825
USP18,2,1,0.5,0.404201689585,0.404201689585
USP2,2,1,0.5,0.7214556,0.7214556
USP40,2,1,0.5,0.81549677,0.81549677
USP45,2,1,0.5,0.47650060000126504,0.47650060000126504
USP48,2,1,0.5,0.810564275,0.810564275
USP51,2,1,0.5,0.48967955000932994,0.48967955000932994
USP8,2,1,0.5,0.815462135,0.815462135
UTP11,2,1,0.5,0.518596405,0.518596405
UTP23,2,1,0.5,0.49496972684914997,0.49496972684914997
VANGL2,2,1,0.5,0.7014194850000001,0.7014194850000001
VIT,2,1,0.5,0.542828202,0.542828202
VN1R2,2,1,0.5,0.67152734,0.67152734
VPS33B,2,1,0.5,0.64548336,0.64548336
VPS35,2,1,0.5,0.71224021,0.71224021
VPS35L,2,1,0.5,0.49667649525,0.49667649525
VPS45,2,1,0.5,0.79914893,0.79914893
VSIG1,2,1,0.5,0.60504184,0.60504184
WDR26,2,1,0.5,0.65012689,0.65012689
WDR4,2,1,0.5,0.45133336150000003,0.45133336150000003
WDR45B,2,1,0.5,0.48962413,0.48962413
WDR74,2,1,0.5,0.70980612,0.70980612
WDR93,2,1,0.5,0.52446992,0.52446992
WFIKKN2,2,1,0.5,0.81537755,0.81537755
WHRN,2,1,0.5,0.49562493818000003,0.49562493818000003
WNT16,2,1,0.5,0.7711036,0.7711036
WSB2,2,1,0.5,0.60114199,0.60114199
WWTR1,2,1,0.5,0.688421285,0.688421285
XIST,2,1,0.5,0.49549258001000884,0.49549258001000884
XKR4,2,1,0.5,0.52810685,0.52810685
XKR6,2,1,0.5,0.8536402000000001,0.8536402000000001
XPO4,2,1,0.5,0.55947257,0.55947257
XPO6,2,1,0.5,0.72611606,0.72611606
XPO7,2,1,0.5,0.7494446699999999,0.7494446699999999
XRCC4,2,1,0.5,0.412301004913,0.412301004913
XRCC6,2,1,0.5,0.523759275,0.523759275
YES1,2,1,0.5,0.57185973,0.57185973
YJU2,2,1,0.5,0.4956145312881044,0.4956145312881044
ZBED8,2,1,0.5,0.549809805,0.549809805
ZBTB1,2,1,0.5,0.46956258242,0.46956258242
ZBTB12,2,1,0.5,0.65453242,0.65453242
ZBTB34,2,1,0.5,0.519410665,0.519410665
ZBTB43,2,1,0.5,0.49290742418,0.49290742418
ZBTB44,2,1,0.5,0.505709265,0.505709265
ZBTB48,2,1,0.5,0.697023965,0.697023965
ZBTB5,2,1,0.5,0.43906283765,0.43906283765
ZBTB7A,2,1,0.5,0.49566169438,0.49566169438
ZBTB7B,2,1,0.5,0.7770326000000001,0.7770326000000001
ZBTB8A,2,1,0.5,0.519403745,0.519403745
ZBTB8OS,2,1,0.5,0.53410404,0.53410404
ZC3H6,2,1,0.5,0.541128305,0.541128305
ZC3H8,2,1,0.5,0.467306013967693,0.467306013967693
ZCRB1,2,1,0.5,0.8391409000000001,0.8391409000000001
ZDHHC11,2,1,0.5,0.81184495,0.81184495
ZDHHC19,2,1,0.5,0.40564473010635,0.40564473010635
ZDHHC7,2,1,0.5,0.613111045,0.613111045
ZDHHC8,2,1,0.5,0.613868635,0.613868635
ZEB1,2,1,0.5,0.5341592549999999,0.5341592549999999
ZFAND4,2,1,0.5,0.66329204,0.66329204
ZFP82,2,1,0.5,0.580205815,0.580205815
ZIC3,2,1,0.5,0.4956798256845731,0.4956798256845731
ZKSCAN8,2,1,0.5,0.506339436,0.506339436
ZMAT1,2,1,0.5,0.49043051981900004,0.49043051981900004
ZMPSTE24,2,1,0.5,0.68213418,0.68213418
ZNF141,2,1,0.5,0.49607022325,0.49607022325
ZNF146,2,1,0.5,0.5082918125,0.5082918125
ZNF154,2,1,0.5,0.8360230200000001,0.8360230200000001
ZNF195,2,1,0.5,0.6654095800000001,0.6654095800000001
ZNF212,2,1,0.5,0.5006451005,0.5006451005
ZNF233,2,1,0.5,0.83395635,0.83395635
ZNF273,2,1,0.5,0.7406654349999999,0.7406654349999999
ZNF282,2,1,0.5,0.49569435712182996,0.49569435712182996
ZNF287,2,1,0.5,0.542955555,0.542955555
ZNF311,2,1,0.5,0.542831185,0.542831185
ZNF322P1,2,1,0.5,0.426830502525601,0.426830502525601
ZNF324B,2,1,0.5,0.62417188,0.62417188
ZNF331,2,1,0.5,0.5199170200000001,0.5199170200000001
ZNF343,2,1,0.5,0.4957059820575,0.4957059820575
ZNF358,2,1,0.5,0.4956869812864838,0.4956869812864838
ZNF383,2,1,0.5,0.611126395,0.611126395
ZNF398,2,1,0.5,0.536832455,0.536832455
ZNF408,2,1,0.5,0.581191575,0.581191575
ZNF436,2,1,0.5,0.554459065,0.554459065
ZNF439,2,1,0.5,0.627089265,0.627089265
ZNF45,2,1,0.5,0.820152615,0.820152615
ZNF484,2,1,0.5,0.48380228264999997,0.48380228264999997
ZNF510,2,1,0.5,0.49570774236963,0.49570774236963
ZNF513,2,1,0.5,0.5742543,0.5742543
ZNF518A,2,1,0.5,0.4957000023626927,0.4957000023626927
ZNF534,2,1,0.5,0.82310515,0.82310515
ZNF566,2,1,0.5,0.61774223,0.61774223
ZNF57,2,1,0.5,0.57097709,0.57097709
ZNF573,2,1,0.5,0.49608118105000004,0.49608118105000004
ZNF584,2,1,0.5,0.54390554,0.54390554
ZNF594,2,1,0.5,0.7437553,0.7437553
ZNF600,2,1,0.5,0.66128374,0.66128374
ZNF613,2,1,0.5,0.568461865,0.568461865
ZNF615,2,1,0.5,0.573233625,0.573233625
ZNF616,2,1,0.5,0.518024328,0.518024328
ZNF621,2,1,0.5,0.49311590384000004,0.49311590384000004
ZNF625,2,1,0.5,0.7296507649999999,0.7296507649999999
ZNF629,2,1,0.5,0.4885911266,0.4885911266
ZNF639,2,1,0.5,0.7953432149999999,0.7953432149999999
ZNF708,2,1,0.5,0.53740824,0.53740824
ZNF718,2,1,0.5,0.386106153588035,0.386106153588035
ZNF75A,2,1,0.5,0.578226895,0.578226895
ZNF777,2,1,0.5,0.461224403,0.461224403
ZNF781,2,1,0.5,0.588518965,0.588518965
ZNF785,2,1,0.5,0.781994715,0.781994715
ZNF80,2,1,0.5,0.49658246615,0.49658246615
ZNF823,2,1,0.5,0.6442423,0.6442423
ZNF83,2,1,0.5,0.53647777,0.53647777
ZNF92,2,1,0.5,0.471288415,0.471288415
ZNF93,2,1,0.5,0.49709816149999997,0.49709816149999997
ZNHIT6,2,1,0.5,0.80505618,0.80505618
ZPLD1,2,1,0.5,0.595256955,0.595256955
ZRANB1,2,1,0.5,0.514407485,0.514407485
ZSCAN21,2,1,0.5,0.4974517206,0.4974517206
ZSCAN32,2,1,0.5,0.6474155850000001,0.6474155850000001
ZXDB,2,1,0.5,0.53619812,0.53619812
AARS1,3,1,0.3333333333333333,0.6367638233333334,0.73401624
AATF,3,1,0.3333333333333333,0.520524011,0.5569644
ABCB6,3,1,0.3333333333333333,0.3304670875402091,2.6202043e-09
AC011462.1,3,1,0.3333333333333333,0.6125348233333333,0.6948438
AC068580.4,3,1,0.3333333333333333,0.3280592148050395,1.4441507e-07
ADD3,3,1,0.3333333333333333,0.44278349591746663,0.33690292
AGO1,3,1,0.3333333333333333,0.3885017753333333,0.12910523
AL133500.1,3,1,0.3333333333333333,0.29763371520417015,0.0009888456
AL136295.1,3,1,0.3333333333333333,0.5330560896666667,0.6324374
AL669918.1,3,1,0.3333333333333333,0.499393268,0.44135162
ALCAM,3,1,0.3333333333333333,0.39187280566666666,0.16971289
ALDH3A2,3,1,0.3333333333333333,0.33029883359316875,7.6290546e-10
ALDH5A1,3,1,0.3333333333333333,0.5289449270833333,0.61064595
ALG3,3,1,0.3333333333333333,0.33178144695205,0.015636558
ALPI,3,1,0.3333333333333333,0.32705843566666665,0.012575424
AMBN,3,1,0.3333333333333333,0.6238789933333333,0.5026091
AMER2,3,1,0.3333333333333333,0.33225429076855,0.005315814
AMOT,3,1,0.3333333333333333,0.4013261200011904,0.26561606
ANGPT1,3,1,0.3333333333333333,0.3303028935,0.15680148
ANKFY1,3,1,0.3333333333333333,0.5633669833333333,0.50059193
ANKRD40,3,1,0.3333333333333333,0.38501358,0.09531354
ANKRD42,3,1,0.3333333333333333,0.6131002333333334,0.6265714
ANKS1A,3,1,0.3333333333333333,0.5615255533341653,0.7066386
ANKZF1,3,1,0.3333333333333333,0.3275555707666667,0.011428817
ANXA8L1,3,1,0.3333333333333333,0.4526398138674666,0.4199673
AOC3,3,1,0.3333333333333333,0.4323931456666667,0.33433002
AP1B1,3,1,0.3333333333333333,0.5729688566666666,0.56763446
AP1M2,3,1,0.3333333333333333,0.47584102585232335,0.4371778
AP5S1,3,1,0.3333333333333333,0.5205275803584685,0.57017714
APLP1,3,1,0.3333333333333333,0.6015844633333333,0.58965296
APOBEC3G,3,1,0.3333333333333333,0.28890979023333335,0.11295788
APOH,3,1,0.3333333333333333,0.5818186466666666,0.56442034
AQP12B,3,1,0.3333333333333333,0.3319244536,0.003634624
ARHGEF4,3,1,0.3333333333333333,0.3167803713488773,3.1075413e-07
ARMC2,3,1,0.3333333333333333,0.43839558698872905,0.3291675
ARSB,3,1,0.3333333333333333,0.39048734,0.12284272
ARSH,3,1,0.3333333333333333,0.5427473000209391,0.6684857
ASPH,3,1,0.3333333333333333,0.6891604466666666,0.70009565
ATF2,3,1,0.3333333333333333,0.53970087705,0.6881445
ATMIN,3,1,0.3333333333333333,0.43592215254743394,0.31650934
ATRN,3,1,0.3333333333333333,0.35903668866666666,0.0819483
AURKAIP1,3,1,0.3333333333333333,0.55583185,0.4442744
AVPR1A,3,1,0.3333333333333333,0.4128120416010373,0.3061717
B3GNT9,3,1,0.3333333333333333,0.31383128270610666,8.00804e-08
B4GALT6,3,1,0.3333333333333333,0.5140195333333334,0.30710098
BAIAP3,3,1,0.3333333333333333,0.3182355745193333,0.00016164209
BANK1,3,1,0.3333333333333333,0.38324196805995997,0.26208296
BAP1,3,1,0.3333333333333333,0.5309778210433334,0.6024873
BARHL2,3,1,0.3333333333333333,0.31807559943173447,0.090190955
BCL6,3,1,0.3333333333333333,0.4088012336749944,0.26426816
BMP6,3,1,0.3333333333333333,0.32457308390937806,1.0998928e-08
BORCS6,3,1,0.3333333333333333,0.33054436382333335,0.00020419575
BPNT1,3,1,0.3333333333333333,0.72321459,0.63896817
BRDT,3,1,0.3333333333333333,0.4668803736840583,0.5362108
BTBD16,3,1,0.3333333333333333,0.49681681000061,0.49910623
BTN1A1,3,1,0.3333333333333333,0.8033708533333334,0.7248525
C1orf220,3,1,0.3333333333333333,0.32836675179575253,5.5180085e-08
C6orf118,3,1,0.3333333333333333,0.58385869,0.39565465
C7orf26,3,1,0.3333333333333333,0.3252975105424702,2.8099984e-07
C8G,3,1,0.3333333333333333,0.399768085627,0.20879415
CA5B,3,1,0.3333333333333333,0.562818121125,0.71100205
CABLES2,3,1,0.3333333333333333,0.326944774788596,2.624365e-06
CACNB2,3,1,0.3333333333333333,0.3305361529186666,0.00021871534
CACYBP,3,1,0.3333333333333333,0.2935189893967607,2.8018662e-06
CAMKK1,3,1,0.3333333333333333,0.32652697186296603,3.6712013e-06
CASKIN2,3,1,0.3333333333333333,0.4124514167493963,0.24592073
CASP10,3,1,0.3333333333333333,0.5441885604333333,0.67143846
CAV3,3,1,0.3333333333333333,0.3353952204333333,0.013508973
CBLN2,3,1,0.3333333333333333,0.3111738217363044,1.2044115e-08
CCDC103,3,1,0.3333333333333333,0.38374232,0.15183751
CCDC116,3,1,0.3333333333333333,0.6613784933333333,0.54978883
CCDC172,3,1,0.3333333333333333,0.2519258797122847,3.391368e-07
CCDC185,3,1,0.3333333333333333,0.6176240599999999,0.6635466
CCDC81,3,1,0.3333333333333333,0.5951723800000001,0.59207726
CCKAR,3,1,0.3333333333333333,0.3768336967333334,0.15630476
CCKBR,3,1,0.3333333333333333,0.4513121888922633,0.3624244
CCL22,3,1,0.3333333333333333,0.26605205439782675,1.6552306e-08
CCNY,3,1,0.3333333333333333,0.3926760861333333,0.18473701
CCSER2,3,1,0.3333333333333333,0.4722761853333333,0.38984004
CD1B,3,1,0.3333333333333333,0.4051204955216667,0.22585867
CD1E,3,1,0.3333333333333333,0.68506726,0.5984873
CD276,3,1,0.3333333333333333,0.3110437429755111,1.8858785e-07
CD53,3,1,0.3333333333333333,0.320861168342802,4.3228714e-09
CD7,3,1,0.3333333333333333,0.5223618600000001,0.3458859
CD9,3,1,0.3333333333333333,0.4331336433342368,0.3457138
CDC37,3,1,0.3333333333333333,0.4576965390566667,0.45487824
CENPN,3,1,0.3333333333333333,0.5770677066666666,0.745335
CENPS-CORT,3,1,0.3333333333333333,0.4727996753333333,0.52025276
CERKL,3,1,0.3333333333333333,0.41032767594,0.46329582
CFAP94,3,1,0.3333333333333333,0.48673100666666663,0.40585023
CFP,3,1,0.3333333333333333,0.2814278358096026,4.674288e-07
CGA,3,1,0.3333333333333333,0.5058844490601961,0.55494744
CGB5,3,1,0.3333333333333333,0.32941354044456495,2.0982984e-08
CHI3L2,3,1,0.3333333333333333,0.5447788686666667,0.51889575
CHMP2A,3,1,0.3333333333333333,0.33048911505500017,1.0419958e-07
CHRDL1,3,1,0.3333333333333333,0.29627216687238683,6.1654365e-10
CHST10,3,1,0.3333333333333333,0.5593507533333334,0.6884289
CHST8,3,1,0.3333333333333333,0.6528120266666667,0.68858725
CIB2,3,1,0.3333333333333333,0.31826488735666664,0.001442208
CIB3,3,1,0.3333333333333333,0.35977951268636366,0.08909563
CILK1,3,1,0.3333333333333333,0.26998018659833334,0.00054928754
CIZ1,3,1,0.3333333333333333,0.33045681060073334,1.1852766e-05
CLCA3P,3,1,0.3333333333333333,0.6453763,0.6210919
CLDN23,3,1,0.3333333333333333,0.28571656292133335,1.2077676e-06
COASY,3,1,0.3333333333333333,0.5661837366666667,0.66287994
COQ8A,3,1,0.3333333333333333,0.4758596355675433,0.46242848
CORO1A,3,1,0.3333333333333333,0.32464910367333333,0.0037303534
CORO6,3,1,0.3333333333333333,0.6393007466666667,0.5152879
CPNE3,3,1,0.3333333333333333,0.32967367,0.078895494
CPNE5,3,1,0.3333333333333333,0.30551925090533333,0.020054454
CPNE7,3,1,0.3333333333333333,0.5741329833395826,0.7310176
CPQ,3,1,0.3333333333333333,0.42432218010000006,0.41742924
CPT1B,3,1,0.3333333333333333,0.3304970466686772,5.9823197e-12
CRBN,3,1,0.3333333333333333,0.5179877831466667,0.56226385
CRY1,3,1,0.3333333333333333,0.40136685233,0.21251391
CRYGB,3,1,0.3333333333333333,0.31911102236666666,0.1953256
CSF3R,3,1,0.3333333333333333,0.3712804033333333,0.08542285
CSNK1G3,3,1,0.3333333333333333,0.4920982000519978,0.6321296
CSRNP1,3,1,0.3333333333333333,0.4598159160225887,0.40011784
CT55,3,1,0.3333333333333333,0.32588255340783506,2.0172114e-10
CTBS,3,1,0.3333333333333333,0.45546998,0.24527614
CYP26B1,3,1,0.3333333333333333,0.487414191611389,0.48254848
CYP2S1,3,1,0.3333333333333333,0.6361652833333333,0.6025283
CYP4X1,3,1,0.3333333333333333,0.5182453686666667,0.6512975
D2HGDH,3,1,0.3333333333333333,0.2779079653571053,0.005089587
DBF4,3,1,0.3333333333333333,0.3331379643333333,0.016306715
DBR1,3,1,0.3333333333333333,0.4120327446,0.24423487
DCAF4L2,3,1,0.3333333333333333,0.41600810142000005,0.2565082
DCDC2,3,1,0.3333333333333333,0.47451458166666666,0.42351517
DCK,3,1,0.3333333333333333,0.6527418533333333,0.6205677
DCLRE1C,3,1,0.3333333333333333,0.5251444833333333,0.4306817
DDAH1,3,1,0.3333333333333333,0.3315134194607,0.0044773784
DDR1,3,1,0.3333333333333333,0.4803655460309933,0.46627313
DDX47,3,1,0.3333333333333333,0.4868517333333333,0.467592
DFFB,3,1,0.3333333333333333,0.3304520843482292,2.6420293e-09
DHODH,3,1,0.3333333333333333,0.3304687330018452,0.00014316893
DHRS11,3,1,0.3333333333333333,0.33047240001758343,3.7846296e-11
DHRS2,3,1,0.3333333333333333,0.5946948533333334,0.4439128
DHX58,3,1,0.3333333333333333,0.5015601566666666,0.34207004
DIP2A,3,1,0.3333333333333333,0.32982854396250966,0.0007823701
DIS3L,3,1,0.3333333333333333,0.5636117266666667,0.5073951
DLG2,3,1,0.3333333333333333,0.44136969200000004,0.29251736
DLG4,3,1,0.3333333333333333,0.32715135655670113,0.0008820674
DMRT3,3,1,0.3333333333333333,0.31391172623333335,0.021126632
DNAJB5,3,1,0.3333333333333333,0.45565108499266666,0.39695522
DNAJC11,3,1,0.3333333333333333,0.32825482457390004,0.00043802365
DOC2A,3,1,0.3333333333333333,0.3358490703333333,0.008018644
DPP4,3,1,0.3333333333333333,0.47645615333333335,0.5922992
DRGX,3,1,0.3333333333333333,0.32890420001018034,3.0103565e-11
DTNB,3,1,0.3333333333333333,0.5078586164503306,0.53214574
DUS4L-BCAP29,3,1,0.3333333333333333,0.6434836666666667,0.6122785
DXO,3,1,0.3333333333333333,0.35053265333606737,0.06776666
DZIP1L,3,1,0.3333333333333333,0.5083001516666666,0.5076932
DZIP3,3,1,0.3333333333333333,0.39646962963991234,0.22309567
EEF1AKNMT,3,1,0.3333333333333333,0.6293373733333333,0.74164337
EFCAB12,3,1,0.3333333333333333,0.2575346867879,6.477371e-06
EFHC1,3,1,0.3333333333333333,0.5092954737166667,0.64172536
EFR3A,3,1,0.3333333333333333,0.3331242454048,0.007983749
ELMO2,3,1,0.3333333333333333,0.5351564876666667,0.65000546
ELMOD1,3,1,0.3333333333333333,0.3304634011176323,2.0297597e-09
ENTPD6,3,1,0.3333333333333333,0.39615035590060005,0.20210984
EPB41L4A,3,1,0.3333333333333333,0.54182412,0.616483
EPC1,3,1,0.3333333333333333,0.27941640223160996,0.0011487062
EPS15,3,1,0.3333333333333333,0.4183908379094667,0.26387426
ERBB4,3,1,0.3333333333333333,0.3164424300136667,0.037733357
ERCC6L2,3,1,0.3333333333333333,0.6554524233333333,0.6231897
EVI2B,3,1,0.3333333333333333,0.45457223666666663,0.21937445
EXOC4,3,1,0.3333333333333333,0.7195198633333334,0.69480854
EYA1,3,1,0.3333333333333333,0.3434897976,0.04036348
F2,3,1,0.3333333333333333,0.6675493366666667,0.6410249
FAM110B,3,1,0.3333333333333333,0.3272458672874174,1.8573545e-09
FAM120C,3,1,0.3333333333333333,0.33051212526782386,4.660568e-05
FAM122A,3,1,0.3333333333333333,0.5909996033333333,0.57276064
FAM151A,3,1,0.3333333333333333,0.5218923533333334,0.4366135
FAM181A,3,1,0.3333333333333333,0.2641275445833333,0.00070984865
FAM184A,3,1,0.3333333333333333,0.4056419216666667,0.21086405
FAM237A,3,1,0.3333333333333333,0.40580423613568667,0.30583417
FAM71A,3,1,0.3333333333333333,0.33971697300000003,0.019677544
FANCI,3,1,0.3333333333333333,0.47532901177676007,0.45446602
FBF1,3,1,0.3333333333333333,0.35593544272471367,0.089215465
FBLIM1,3,1,0.3333333333333333,0.2977611369742333,0.077471726
FBXO3,3,1,0.3333333333333333,0.50056262,0.6303637
FBXW4,3,1,0.3333333333333333,0.46048215672033327,0.3901
FCHSD1,3,1,0.3333333333333333,0.3303824495100463,1.1243985e-05
FEM1A,3,1,0.3333333333333333,0.32503004569468336,0.0008082808
FGD3,3,1,0.3333333333333333,0.46506253,0.3583495
FGF5,3,1,0.3333333333333333,0.4232560766666667,0.24945378
FHL1,3,1,0.3333333333333333,0.7013042366666666,0.74728966
FO393400.1,3,1,0.3333333333333333,0.48832814333333335,0.38402343
FOXRED1,3,1,0.3333333333333333,0.3306181488427667,0.0006175237
FPR1,3,1,0.3333333333333333,0.38392980704197827,0.20256682
FSHR,3,1,0.3333333333333333,0.5551601250433333,0.688921
FSTL1,3,1,0.3333333333333333,0.5469656733333333,0.5821007
FTSJ3,3,1,0.3333333333333333,0.5333885826666667,0.60886616
FUBP1,3,1,0.3333333333333333,0.6357095966666667,0.6329913
FUT2,3,1,0.3333333333333333,0.4076917576666667,0.24523811
GABRR1,3,1,0.3333333333333333,0.32980107181699997,9.1534254e-08
GALNT18,3,1,0.3333333333333333,0.58369424,0.6233853
GALNT7,3,1,0.3333333333333333,0.3311790997733333,0.002221566
GASK1B,3,1,0.3333333333333333,0.3314627764666667,0.0061620674
GATA6,3,1,0.3333333333333333,0.5305120846666668,0.6162324
GBP5,3,1,0.3333333333333333,0.5276412896666667,0.72831964
GC,3,1,0.3333333333333333,0.4956804076666667,0.6143954
GCA,3,1,0.3333333333333333,0.4452087633333333,0.22125581
GDPD4,3,1,0.3333333333333333,0.6332666833333332,0.63456076
GDPD5,3,1,0.3333333333333333,0.5487083323333334,0.6394056
GFRA2,3,1,0.3333333333333333,0.5693773433333333,0.5545849
GGA2,3,1,0.3333333333333333,0.55566566,0.51820904
GGT7,3,1,0.3333333333333333,0.33037138663176663,0.00026201212
GJA5,3,1,0.3333333333333333,0.7256999033333335,0.6699093
GLIS3,3,1,0.3333333333333333,0.5072982303473005,0.57445246
GLRA2,3,1,0.3333333333333333,0.47217632667610004,0.42517182
GNL2,3,1,0.3333333333333333,0.40195169999999997,0.16769938
GNRHR,3,1,0.3333333333333333,0.6213845433333333,0.60093707
GPR26,3,1,0.3333333333333333,0.5369839511697206,0.67038924
GPR35,3,1,0.3333333333333333,0.3861527945166667,0.26175478
GPRC5A,3,1,0.3333333333333333,0.5338435266666667,0.4635196
GPRC5B,3,1,0.3333333333333333,0.31985296891062004,1.7924613e-07
GPRC5D,3,1,0.3333333333333333,0.3326622496,0.004679328
GRIN2C,3,1,0.3333333333333333,0.31871833371627206,1.144868e-09
GRIN2D,3,1,0.3333333333333333,0.45059298298666667,0.37848023
GUCA1C,3,1,0.3333333333333333,0.49052245833333336,0.43195182
GUK1,3,1,0.3333333333333333,0.4302750958101,0.30605337
GZF1,3,1,0.3333333333333333,0.3420840451666667,0.041472547
H3-4,3,1,0.3333333333333333,0.435114884391874,0.31392205
HAP1,3,1,0.3333333333333333,0.46683584000000006,0.35354882
HAUS8,3,1,0.3333333333333333,0.3285497420872852,5.516219e-08
HDAC5,3,1,0.3333333333333333,0.4606890733333333,0.23986666
HENMT1,3,1,0.3333333333333333,0.5648182853333333,0.682526
HHAT,3,1,0.3333333333333333,0.5575037733333333,0.6156941
HLA-E,3,1,0.3333333333333333,0.6720699066666667,0.57443964
HLA-F,3,1,0.3333333333333333,0.42789737162862,0.2929319
HMSD,3,1,0.3333333333333333,0.55107918789515,0.66348875
HNRNPH3,3,1,0.3333333333333333,0.33699738958266034,0.025609957
HOMER1,3,1,0.3333333333333333,0.3744668,0.092207156
HOXD10,3,1,0.3333333333333333,0.2877314056009,0.0018062501
HROB,3,1,0.3333333333333333,0.6224309866666667,0.5244166
HS3ST4,3,1,0.3333333333333333,0.3551212583180334,0.21097893
HS3ST5,3,1,0.3333333333333333,0.32624373737842866,3.9950084e-08
HSD11B1,3,1,0.3333333333333333,0.5543549333333334,0.4788179
HSD17B4,3,1,0.3333333333333333,0.3934848133333333,0.12629682
HSP90B1,3,1,0.3333333333333333,0.46266858666666666,0.40414694
HSPA13,3,1,0.3333333333333333,0.49045248831336,0.47993076
HTR1A,3,1,0.3333333333333333,0.62950998,0.5436555
HTR1E,3,1,0.3333333333333333,0.6028112866666667,0.45430046
IDO2,3,1,0.3333333333333333,0.39659215384905666,0.21370447
IFRD2,3,1,0.3333333333333333,0.33691115866666665,0.020740194
IGKV1-6,3,1,0.3333333333333333,0.4478450766666667,0.5016176
IGSF22,3,1,0.3333333333333333,0.46327319,0.34399223
IL15RA,3,1,0.3333333333333333,0.281176338675275,1.5692017e-08
IL20RB,3,1,0.3333333333333333,0.6152614266666667,0.62131846
IL27RA,3,1,0.3333333333333333,0.43569761751435004,0.43815064
IL36B,3,1,0.3333333333333333,0.6265204233333334,0.6084524
INCENP,3,1,0.3333333333333333,0.3784540433333334,0.26179814
INF2,3,1,0.3333333333333333,0.32052400191036784,5.7273657e-09
INO80D,3,1,0.3333333333333333,0.3129656374277933,0.0015137858
INSL6,3,1,0.3333333333333333,0.5033073414060633,0.5185363
IQCF1,3,1,0.3333333333333333,0.33606424759433334,0.03648597
IQCH,3,1,0.3333333333333333,0.33650686280000003,0.15488797
IQSEC2,3,1,0.3333333333333333,0.3261022969998208,4.5309994e-06
IRAK2,3,1,0.3333333333333333,0.3331434994553667,0.008013483
IRF2BP1,3,1,0.3333333333333333,0.403049532,0.18147574
ITM2C,3,1,0.3333333333333333,0.48704327401666664,0.4697544
ITPRIPL2,3,1,0.3333333333333333,0.4713303726,0.42415622
KCNAB1,3,1,0.3333333333333333,0.5365561067380513,0.6182566
KCNE1,3,1,0.3333333333333333,0.34519755787600004,0.044152886
KIF26A,3,1,0.3333333333333333,0.31050835210340133,2.1693135e-05
KIF26B,3,1,0.3333333333333333,0.53832141275,0.6950571
KLHL25,3,1,0.3333333333333333,0.32644137257666667,0.07747223
KLHL26,3,1,0.3333333333333333,0.6304460833333333,0.65586215
KRAS,3,1,0.3333333333333333,0.318725143283596,6.7991896e-05
KRI1,3,1,0.3333333333333333,0.7905073633333334,0.7222624
KRT32,3,1,0.3333333333333333,0.61217102,0.4365488
KRT33A,3,1,0.3333333333333333,0.5136234903363334,0.5493558
KRT79,3,1,0.3333333333333333,0.5359925176666667,0.59824467
KRTAP10-2,3,1,0.3333333333333333,0.5931347666666666,0.4157967
KRTAP10-5,3,1,0.3333333333333333,0.5172413456666667,0.6372122
KRTAP27-1,3,1,0.3333333333333333,0.33999960166666665,0.06266426
KRTAP5-10,3,1,0.3333333333333333,0.41170260866666664,0.21399462
KTI12,3,1,0.3333333333333333,0.4240808266666667,0.15182284
L3MBTL2,3,1,0.3333333333333333,0.330461195226786,3.407089e-08
LAT,3,1,0.3333333333333333,0.32457872074494715,9.762149e-06
LCE1E,3,1,0.3333333333333333,0.33004852470142954,0.0008198141
LDB1,3,1,0.3333333333333333,0.55549113,0.6375227
LENG8,3,1,0.3333333333333333,0.25129477077763696,1.1259995e-05
LETM1,3,1,0.3333333333333333,0.32129053281760994,0.0043130983
LGALS8,3,1,0.3333333333333333,0.46947321666666664,0.22125451
LIFR,3,1,0.3333333333333333,0.5712430066666667,0.5645249
LMAN2,3,1,0.3333333333333333,0.5164040609999999,0.5881415
LMCD1,3,1,0.3333333333333333,0.3296601798951319,9.472991e-09
LMNTD2,3,1,0.3333333333333333,0.31283637066952763,3.2910268e-06
LOXL1,3,1,0.3333333333333333,0.29423043004464317,3.8897795e-07
LPCAT2,3,1,0.3333333333333333,0.3805502277200426,0.1501913
LPIN3,3,1,0.3333333333333333,0.3304910545255633,5.4325223e-08
LRCH1,3,1,0.3333333333333333,0.3346937270333334,0.029568084
LRCH2,3,1,0.3333333333333333,0.31701311793159553,8.1379477e-07
LRIG2,3,1,0.3333333333333333,0.33000924612693905,0.0049948758
LRP8,3,1,0.3333333333333333,0.6110347533333332,0.56807166
LRRC18,3,1,0.3333333333333333,0.43008726666686586,0.2988834
LRRC23,3,1,0.3333333333333333,0.5827407083333334,0.6445971
LRRC25,3,1,0.3333333333333333,0.32185023911415667,1.7506748e-06
LRRC8C,3,1,0.3333333333333333,0.5003638566666667,0.3409379
LRRIQ4,3,1,0.3333333333333333,0.529742879300659,0.6297411
LRSAM1,3,1,0.3333333333333333,0.5158997738516667,0.6430872
LTA4H,3,1,0.3333333333333333,0.330768251455,0.0009863089
LUZP2,3,1,0.3333333333333333,0.4093540661997766,0.2484611
LYZL6,3,1,0.3333333333333333,0.33257670656233335,0.011645594
MACROH2A2,3,1,0.3333333333333333,0.3302839417067473,1.3651492e-08
MAGEA12,3,1,0.3333333333333333,0.279638126252019,3.6158943e-07
MAGEA8,3,1,0.3333333333333333,0.40848717798049833,0.24296637
MAGED1,3,1,0.3333333333333333,0.3426438463333333,0.03572235
MAGEE1,3,1,0.3333333333333333,0.32913202371666667,0.0002579838
MAN1A1,3,1,0.3333333333333333,0.300366131663127,0.0044965306
MAPKAPK2,3,1,0.3333333333333333,0.5117039817146667,0.6234911
MARCHF3,3,1,0.3333333333333333,0.5025160705333334,0.5235331
MBNL3,3,1,0.3333333333333333,0.25902065243012334,3.613356e-05
MC5R,3,1,0.3333333333333333,0.4969980726666667,0.5698248
MCF2L2,3,1,0.3333333333333333,0.6984850800000001,0.6489394
MDM2,3,1,0.3333333333333333,0.5161177633333334,0.3027226
MDM4,3,1,0.3333333333333333,0.7031195333333334,0.5840034
ME3,3,1,0.3333333333333333,0.41026585102633334,0.23930159
MEI1,3,1,0.3333333333333333,0.33920867209766664,0.026227884
METTL21C,3,1,0.3333333333333333,0.4896187066666666,0.33771425
MFSD2B,3,1,0.3333333333333333,0.6572011133333333,0.63277906
MGAT3,3,1,0.3333333333333333,0.47280225333333625,0.4269462
MGLL,3,1,0.3333333333333333,0.33045087500793574,6.393681e-08
MIDN,3,1,0.3333333333333333,0.35158284376390664,0.067796506
MKNK1,3,1,0.3333333333333333,0.6006304299999999,0.6526593
MKRN2,3,1,0.3333333333333333,0.39021012633333335,0.1523819
MKX,3,1,0.3333333333333333,0.32890488764840625,2.875586e-09
MLH1,3,1,0.3333333333333333,0.3673951877133333,0.14883125
MME,3,1,0.3333333333333333,0.59360289,0.41151115
MOB4,3,1,0.3333333333333333,0.4031482943333333,0.17795926
MPRIP,3,1,0.3333333333333333,0.41007438646613337,0.23875204
MRPL1,3,1,0.3333333333333333,0.5082321366666667,0.39333236
MSANTD1,3,1,0.3333333333333333,0.352310296316,0.08248089
MTERF2,3,1,0.3333333333333333,0.5987970166666666,0.42616832
MUTYH,3,1,0.3333333333333333,0.4250859668045137,0.2929416
MVD,3,1,0.3333333333333333,0.3307392082568,0.0009956226
MVK,3,1,0.3333333333333333,0.4792377335874785,0.5376926
MYCT1,3,1,0.3333333333333333,0.6639013100000001,0.7339645
MYDGF,3,1,0.3333333333333333,0.535618797827,0.6180854
MYF6,3,1,0.3333333333333333,0.4510340453108043,0.37826422
MYOZ1,3,1,0.3333333333333333,0.33045616400329264,1.0648662e-05
MZF1,3,1,0.3333333333333333,0.3443967515,0.045971554
NADK2,3,1,0.3333333333333333,0.40655901997666666,0.24156618
NAIP,3,1,0.3333333333333333,0.6866536633333333,0.66006255
NANOG,3,1,0.3333333333333333,0.6318796999999999,0.675191
NAT9,3,1,0.3333333333333333,0.3949770323333333,0.2614138
NCK2,3,1,0.3333333333333333,0.33045781303768373,7.90937e-08
NECTIN2,3,1,0.3333333333333333,0.32941922882219143,1.5248604e-06
NECTIN3,3,1,0.3333333333333333,0.5443319554,0.6391299
NEK2,3,1,0.3333333333333333,0.4974032533333334,0.42540693
NETO2,3,1,0.3333333333333333,0.6191532866666667,0.5787246
NEU1,3,1,0.3333333333333333,0.5421668823333333,0.6274125
NFYC,3,1,0.3333333333333333,0.49664771,0.3310655
NIPA1,3,1,0.3333333333333333,0.5327289593266666,0.61629075
NOC3L,3,1,0.3333333333333333,0.32849884268498897,0.00014802805
NOMO2,3,1,0.3333333333333333,0.33043526206376067,1.01687565e-08
NOP2,3,1,0.3333333333333333,0.4296263784373333,0.4441241
NOS1AP,3,1,0.3333333333333333,0.5294102361888667,0.6055267
NPAS3,3,1,0.3333333333333333,0.32984584343336537,3.0294267e-08
NPTXR,3,1,0.3333333333333333,0.3844681460333333,0.16157915
NR1H3,3,1,0.3333333333333333,0.6282236066666667,0.6661809
NTN1,3,1,0.3333333333333333,0.49161903635333,0.6224223
NUP85,3,1,0.3333333333333333,0.39040705666666664,0.26460734
OAS3,3,1,0.3333333333333333,0.476760255,0.41584358
OLFM1,3,1,0.3333333333333333,0.2915119089260733,1.0478844e-05
OPN1LW,3,1,0.3333333333333333,0.3262443211316666,4.9387592e-05
OPRPN,3,1,0.3333333333333333,0.4858184666666667,0.46167627
OR10A2,3,1,0.3333333333333333,0.59528737,0.7267077
OR10G2,3,1,0.3333333333333333,0.31431593991333334,0.0006846485
OR13C3,3,1,0.3333333333333333,0.6328819933333333,0.5446308
OR13F1,3,1,0.3333333333333333,0.5728626833333333,0.4529895
OR1I1,3,1,0.3333333333333333,0.47112857999999996,0.35838294
OR2A14,3,1,0.3333333333333333,0.5355562494,0.7020118
OR2B3,3,1,0.3333333333333333,0.4481548176666667,0.31960556
OR2K2,3,1,0.3333333333333333,0.4240894863333333,0.26716772
OR2T10,3,1,0.3333333333333333,0.40830730669864534,0.23348282
OR4A15,3,1,0.3333333333333333,0.5185208277132333,0.6258328
OR4D2,3,1,0.3333333333333333,0.32283962633333335,0.16272822
OR52B2,3,1,0.3333333333333333,0.6658643,0.67345506
OR5AU1,3,1,0.3333333333333333,0.33348214067666665,0.013271277
OR5J2,3,1,0.3333333333333333,0.57348542,0.5114474
OR5M1,3,1,0.3333333333333333,0.5146018733333334,0.38404462
OR6C65,3,1,0.3333333333333333,0.5962789766666666,0.6180027
ORC3,3,1,0.3333333333333333,0.35171098316666666,0.064119406
OTX2,3,1,0.3333333333333333,0.357703798183691,0.23120514
P2RY2,3,1,0.3333333333333333,0.5829118,0.68317235
P3H4,3,1,0.3333333333333333,0.3775793106736667,0.20768651
P4HB,3,1,0.3333333333333333,0.33945993099663013,0.027123086
PAK4,3,1,0.3333333333333333,0.3155096412341262,6.822902e-06
PAMR1,3,1,0.3333333333333333,0.3199019862,0.022201756
PAPOLB,3,1,0.3333333333333333,0.44767678666666666,0.30875155
PAQR3,3,1,0.3333333333333333,0.3290134145953333,0.0050125574
PAQR9,3,1,0.3333333333333333,0.70616191,0.6884769
PARP3,3,1,0.3333333333333333,0.5636063633333334,0.68339515
PASK,3,1,0.3333333333333333,0.398952342,0.21093144
PBX2,3,1,0.3333333333333333,0.31755481422751775,7.524268e-05
PCARE,3,1,0.3333333333333333,0.38690042102666666,0.23585312
PCCA,3,1,0.3333333333333333,0.3331502487906677,0.007989218
PCCB,3,1,0.3333333333333333,0.3201331423518526,0.0012683263
PCDHA10,3,1,0.3333333333333333,0.4773819866666667,0.5409078
PDCD2L,3,1,0.3333333333333333,0.4996514767836328,0.5074655
PDE4B,3,1,0.3333333333333333,0.5172410926666666,0.6635
PDGFD,3,1,0.3333333333333333,0.3703152046666667,0.06828802
PDK3,3,1,0.3333333333333333,0.27285691844984,0.00015851494
PDLIM3,3,1,0.3333333333333333,0.4924812966666667,0.29276422
PDS5B,3,1,0.3333333333333333,0.6742234933333333,0.55410206
PDSS1,3,1,0.3333333333333333,0.4239673836926667,0.28230578
PDZD8,3,1,0.3333333333333333,0.6619438966666666,0.67665935
PELP1,3,1,0.3333333333333333,0.5164743003546087,0.5579888
PER1,3,1,0.3333333333333333,0.35680715832114335,0.07893861
PGBD4,3,1,0.3333333333333333,0.44013245576666665,0.3276084
PHC2,3,1,0.3333333333333333,0.5956332133333334,0.63769823
PHTF2,3,1,0.3333333333333333,0.68756308,0.6935841
PI4KA,3,1,0.3333333333333333,0.5224084196488207,0.60856134
PIM2,3,1,0.3333333333333333,0.572236449067773,0.7320024
PIP4K2A,3,1,0.3333333333333333,0.6641596566666667,0.7307404
PJA1,3,1,0.3333333333333333,0.32824701129458306,3.8822097e-09
PKM,3,1,0.3333333333333333,0.3865762066,0.28173977
PLCZ1,3,1,0.3333333333333333,0.5429890423333333,0.63572705
PLIN5,3,1,0.3333333333333333,0.3943354790333333,0.19100071
PLOD2,3,1,0.3333333333333333,0.5105302133333334,0.28121254
PNLIPRP3,3,1,0.3333333333333333,0.4014862722333334,0.20931867
PNPLA1,3,1,0.3333333333333333,0.6307166599999999,0.49780288
PNPLA2,3,1,0.3333333333333333,0.498051609534244,0.51857466
POLE2,3,1,0.3333333333333333,0.3485734872436,0.055030044
POLE3,3,1,0.3333333333333333,0.3705852541702,0.12132855
POLR2A,3,1,0.3333333333333333,0.30589524895277903,0.074002646
POU4F2,3,1,0.3333333333333333,0.2967413877622,0.0005700891
PPIG,3,1,0.3333333333333333,0.5125786950000001,0.47212434
PPM1H,3,1,0.3333333333333333,0.4231655833333334,0.31555787
PPM1K,3,1,0.3333333333333333,0.3981259446666667,0.21935302
PPP1CC,3,1,0.3333333333333333,0.4125001019,0.24537048
PPP1R18,3,1,0.3333333333333333,0.33011833811716884,4.7414397e-07
PPP1R32,3,1,0.3333333333333333,0.5173666051826754,0.615589
PPP2R1A,3,1,0.3333333333333333,0.45321792651,0.5000718
PPP2R2C,3,1,0.3333333333333333,0.5336485966666666,0.4690358
PPRC1,3,1,0.3333333333333333,0.35263903476766667,0.0664341
PRIMPOL,3,1,0.3333333333333333,0.34853814008,0.21634595
PRR11,3,1,0.3333333333333333,0.41684777999999995,0.20595433
PRRC2A,3,1,0.3333333333333333,0.5533155975533334,0.6883351
PSG8,3,1,0.3333333333333333,0.6923615666666666,0.64277565
PSTK,3,1,0.3333333333333333,0.5681706599999999,0.58674043
PTAFR,3,1,0.3333333333333333,0.47735776,0.48848215
PTHLH,3,1,0.3333333333333333,0.5799175486666667,0.72187054
PTOV1,3,1,0.3333333333333333,0.49457242136993335,0.51536036
PTX4,3,1,0.3333333333333333,0.26174745227633334,0.0053141583
PUDP,3,1,0.3333333333333333,0.47411051073629995,0.4455395
PUF60,3,1,0.3333333333333333,0.5228381303073001,0.58087575
PUM2,3,1,0.3333333333333333,0.32937760823333334,0.0050186897
PXYLP1,3,1,0.3333333333333333,0.4916209356666667,0.50752866
R3HDM1,3,1,0.3333333333333333,0.2877276236733333,0.03221073
RAB11B,3,1,0.3333333333333333,0.27439110800000005,0.056061197
RAB39B,3,1,0.3333333333333333,0.33044440017473126,4.786723e-10
RAD54L,3,1,0.3333333333333333,0.60291689,0.6401471
RALBP1,3,1,0.3333333333333333,0.5963854733333332,0.4061147
RASD2,3,1,0.3333333333333333,0.3305109333352669,2.3485645e-05
RASEF,3,1,0.3333333333333333,0.41706983333333336,0.16719832
RBFOX1,3,1,0.3333333333333333,0.5246695166666667,0.39546266
RBM25,3,1,0.3333333333333333,0.4889187264443433,0.48166177
RBM46,3,1,0.3333333333333333,0.49456962931666665,0.5038982
RCHY1,3,1,0.3333333333333333,0.3752002527566667,0.13992518
REXO1,3,1,0.3333333333333333,0.33016639398576764,3.38829e-07
RHOXF1,3,1,0.3333333333333333,0.6634723366666667,0.53963
RILP,3,1,0.3333333333333333,0.4008888214101334,0.21120942
RIPOR2,3,1,0.3333333333333333,0.335792889,0.011211955
RMC1,3,1,0.3333333333333333,0.42584003666666675,0.32431164
RNASE11,3,1,0.3333333333333333,0.6548540066666667,0.57500154
RNASET2,3,1,0.3333333333333333,0.40450224683266667,0.24166219
RNF25,3,1,0.3333333333333333,0.5130866186666666,0.56413585
RNF43,3,1,0.3333333333333333,0.5330204566666666,0.50738436
RNFT2,3,1,0.3333333333333333,0.6338648133333333,0.5833345
RNH1,3,1,0.3333333333333333,0.3662489606666666,0.27433416
ROBO4,3,1,0.3333333333333333,0.3319278015293333,0.004296015
RPF1,3,1,0.3333333333333333,0.3959024537333333,0.20589721
RPGRIP1,3,1,0.3333333333333333,0.30707454751780666,3.9984305e-05
RRAGB,3,1,0.3333333333333333,0.3264163781458,0.0152371265
RTL4,3,1,0.3333333333333333,0.3289492336506528,9.510317e-10
SAXO2,3,1,0.3333333333333333,0.39199483166666665,0.15716596
SBNO2,3,1,0.3333333333333333,0.4027350859190076,0.21686606
SBSPON,3,1,0.3333333333333333,0.41068290139958624,0.3884729
SCYL3,3,1,0.3333333333333333,0.6861116099999999,0.6645004
SDC2,3,1,0.3333333333333333,0.4385463733333333,0.19950414
SEC23IP,3,1,0.3333333333333333,0.3304538230289756,1.0939675e-06
SEC24C,3,1,0.3333333333333333,0.49834531866666665,0.4742634
SEC63,3,1,0.3333333333333333,0.5018912666666666,0.4111275
SECISBP2,3,1,0.3333333333333333,0.5313490937393334,0.6025486
SELENOO,3,1,0.3333333333333333,0.3302927972166642,9.164396e-08
SEMA6A,3,1,0.3333333333333333,0.3274986164865122,2.9918442e-07
SERTM1,3,1,0.3333333333333333,0.3269608458346333,1.1090247e-05
SFTPC,3,1,0.3333333333333333,0.6871095333333334,0.60423654
SFXN5,3,1,0.3333333333333333,0.3153542031182333,0.00014108352
SH3BP2,3,1,0.3333333333333333,0.4499336937166667,0.3630031
SHANK1,3,1,0.3333333333333333,0.2996926331311567,6.916494e-07
SHISA5,3,1,0.3333333333333333,0.3988332103140273,0.20742531
SIGLEC12,3,1,0.3333333333333333,0.4803272333333333,0.26177856
SIGLEC15,3,1,0.3333333333333333,0.3304894427287767,4.3471973e-06
SIK2,3,1,0.3333333333333333,0.43064357866666664,0.44027954
SLAIN2,3,1,0.3333333333333333,0.41282086,0.20939721
SLC17A1,3,1,0.3333333333333333,0.3232310952,0.004844364
SLC22A13,3,1,0.3333333333333333,0.331468178370722,0.016768415
SLC22A7,3,1,0.3333333333333333,0.6207857766666667,0.562613
SLC22A8,3,1,0.3333333333333333,0.4187706472333333,0.27426398
SLC34A3,3,1,0.3333333333333333,0.4954959319666667,0.6001048
SLC35B3,3,1,0.3333333333333333,0.498279086288202,0.51782274
SLC43A3,3,1,0.3333333333333333,0.48555389747518335,0.46540084
SLC49A3,3,1,0.3333333333333333,0.5003951666666667,0.59732586
SLC7A9,3,1,0.3333333333333333,0.41193255333333334,0.18992561
SLITRK3,3,1,0.3333333333333333,0.33099274960999997,0.0010584838
SMIM19,3,1,0.3333333333333333,0.4245012602666667,0.28475648
SNAP91,3,1,0.3333333333333333,0.4045531138511254,0.36322704
SNIP1,3,1,0.3333333333333333,0.42568644166666664,0.20988579
SOGA1,3,1,0.3333333333333333,0.3305013819793868,1.4593662e-07
SORBS3,3,1,0.3333333333333333,0.5375970333333333,0.54851335
SPI1,3,1,0.3333333333333333,0.46035555505333337,0.3903823
SPIRE1,3,1,0.3333333333333333,0.5745947349999999,0.61245227
SPO11,3,1,0.3333333333333333,0.7639961266666667,0.65519273
SPON1,3,1,0.3333333333333333,0.30345221073333334,0.06477489
SPON2,3,1,0.3333333333333333,0.32710679735851783,0.020782392
SRD5A2,3,1,0.3333333333333333,0.29342011810140267,0.0012187423
SSX9P,3,1,0.3333333333333333,0.8154055133333333,0.7336886
STAC,3,1,0.3333333333333333,0.5314658200000176,0.6054478
STAM,3,1,0.3333333333333333,0.4379019863333333,0.3351052
STC1,3,1,0.3333333333333333,0.45830276786466667,0.39745978
STK26,3,1,0.3333333333333333,0.31002065291666664,0.0034183005
STK32B,3,1,0.3333333333333333,0.5152676533393482,0.67317176
STRA6,3,1,0.3333333333333333,0.35380779222661335,0.07889154
STRN4,3,1,0.3333333333333333,0.5402033116666667,0.55513537
SULT1E1,3,1,0.3333333333333333,0.5619752686666667,0.63712054
SUSD2,3,1,0.3333333333333333,0.5410135935666667,0.6310052
SYBU,3,1,0.3333333333333333,0.3417029553745667,0.042977884
SYCP2L,3,1,0.3333333333333333,0.4798362166666667,0.3779324
SYNE3,3,1,0.3333333333333333,0.48002533635,0.54068154
SYT7,3,1,0.3333333333333333,0.4454824933333333,0.25488183
SYT9,3,1,0.3333333333333333,0.42282000999999997,0.2429484
TAB3,3,1,0.3333333333333333,0.6327337733333334,0.7134337
TAC3,3,1,0.3333333333333333,0.3294914086064556,2.5801684e-08
TARS1,3,1,0.3333333333333333,0.5289742566666668,0.4582566
TAS1R3,3,1,0.3333333333333333,0.3293340761262917,7.2030934e-07
TAS2R14,3,1,0.3333333333333333,0.34532594366666663,0.03284969
TAS2R16,3,1,0.3333333333333333,0.48735612,0.3665485
TAS2R20,3,1,0.3333333333333333,0.5061297673333334,0.5175797
TBC1D25,3,1,0.3333333333333333,0.324967333090109,0.001343845
TBC1D2B,3,1,0.3333333333333333,0.5172332419892,0.58646566
TBCK,3,1,0.3333333333333333,0.3334146019,0.006500142
TBL1X,3,1,0.3333333333333333,0.32213028335398863,6.19625e-11
TBR1,3,1,0.3333333333333333,0.5243458236840876,0.60878617
TBX18,3,1,0.3333333333333333,0.33079701652807625,0.002755643
TBX20,3,1,0.3333333333333333,0.41357837533333336,0.2015905
TBX5,3,1,0.3333333333333333,0.66060862,0.67291504
TCEAL3,3,1,0.3333333333333333,0.45325851800593336,0.38625574
TCF25,3,1,0.3333333333333333,0.5925537033333333,0.70361036
TCF4,3,1,0.3333333333333333,0.25882965198060515,1.1263114e-07
TCTN2,3,1,0.3333333333333333,0.42737510942029,0.32100466
TECPR2,3,1,0.3333333333333333,0.3976740702722467,0.20165598
TEF,3,1,0.3333333333333333,0.49285928216433333,0.6349229
TGFB1,3,1,0.3333333333333333,0.35784050468538536,0.082272306
TGFB2,3,1,0.3333333333333333,0.5210826423333333,0.5360883
TGS1,3,1,0.3333333333333333,0.5069050573333334,0.5636382
THAP11,3,1,0.3333333333333333,0.5608114533360754,0.691022
THEMIS2,3,1,0.3333333333333333,0.5872498066666666,0.5643226
TIGD4,3,1,0.3333333333333333,0.4735380077723333,0.6291224
TM4SF1,3,1,0.3333333333333333,0.6748466066666667,0.71354645
TM6SF1,3,1,0.3333333333333333,0.4352542286666667,0.29847363
TMC6,3,1,0.3333333333333333,0.5488207900000001,0.48011127
TMCC3,3,1,0.3333333333333333,0.5453693735666666,0.6393262
TMEM135,3,1,0.3333333333333333,0.3130666880588751,1.9299817e-08
TMEM159,3,1,0.3333333333333333,0.47972365666666666,0.27772492
TMEM161A,3,1,0.3333333333333333,0.5012965335666667,0.5076942
TMEM25,3,1,0.3333333333333333,0.46506715533091336,0.4037701
TMEM260,3,1,0.3333333333333333,0.40345603788421663,0.2305291
TMPRSS3,3,1,0.3333333333333333,0.6188932666666667,0.52895224
TMPRSS9,3,1,0.3333333333333333,0.3302329332840193,2.1684986e-05
TMTC2,3,1,0.3333333333333333,0.6067074566666667,0.68397164
TNFRSF10A,3,1,0.3333333333333333,0.5427065059999999,0.6286981
TNFRSF4,3,1,0.3333333333333333,0.32816356866752094,5.7275407e-09
TNFSF18,3,1,0.3333333333333333,0.6360842633333333,0.49601865
TNNC1,3,1,0.3333333333333333,0.2836621706272872,0.010813908
TNPO2,3,1,0.3333333333333333,0.33049794547671835,3.7357913e-06
TOM1,3,1,0.3333333333333333,0.323994045590148,7.352571e-08
TOMM40L,3,1,0.3333333333333333,0.38572898666666666,0.15820849
TOX4,3,1,0.3333333333333333,0.5037480766,0.52632505
TPM3,3,1,0.3333333333333333,0.39917805333333334,0.1410749
TREX2,3,1,0.3333333333333333,0.32941962026833,0.011723709
TRIM11,3,1,0.3333333333333333,0.38041774700000003,0.17705677
TRIM33,3,1,0.3333333333333333,0.5157383333333333,0.54959875
TRIM37,3,1,0.3333333333333333,0.5772822,0.4875316
TRIM40,3,1,0.3333333333333333,0.3569127449998533,0.09536172
TRIM9,3,1,0.3333333333333333,0.32678663741443936,5.0251238e-08
TRNAU1AP,3,1,0.3333333333333333,0.46374551299999994,0.3934146
TSR2,3,1,0.3333333333333333,0.3279659332151506,3.9959045e-07
TSSK6,3,1,0.3333333333333333,0.3304592360914597,8.230937e-09
TTLL4,3,1,0.3333333333333333,0.3761734452666667,0.2927192
TUBD1,3,1,0.3333333333333333,0.47829821999999994,0.29241648
UBA1,3,1,0.3333333333333333,0.5383566013333333,0.679061
UBE2O,3,1,0.3333333333333333,0.330530817484133,7.6221375e-05
UCKL1,3,1,0.3333333333333333,0.5013007566666666,0.37443724
UFSP2,3,1,0.3333333333333333,0.33231097626666667,0.015418601
UGCG,3,1,0.3333333333333333,0.6503189266666667,0.6064935
USH1C,3,1,0.3333333333333333,0.330431492604148,3.7568527e-06
USP16,3,1,0.3333333333333333,0.41493379,0.182142
UTP25,3,1,0.3333333333333333,0.5421910266666666,0.39159277
VAMP7,3,1,0.3333333333333333,0.41355459499999997,0.24260639
VEGFD,3,1,0.3333333333333333,0.32166038000980485,2.8261027e-11
VMP1,3,1,0.3333333333333333,0.35731912166679725,0.080568865
VNN1,3,1,0.3333333333333333,0.5493637516666666,0.5623655
VPS54,3,1,0.3333333333333333,0.31681364034,0.00076161645
WAS,3,1,0.3333333333333333,0.5163577006777968,0.5602215
WDR37,3,1,0.3333333333333333,0.37232478244666667,0.12504639
WDR49,3,1,0.3333333333333333,0.4013785216056467,0.21658196
WDR76,3,1,0.3333333333333333,0.6322675333333333,0.6662253
WEE2,3,1,0.3333333333333333,0.7274400633333333,0.69196725
WIPF1,3,1,0.3333333333333333,0.41682004584800003,0.26273042
XPNPEP2,3,1,0.3333333333333333,0.32920798390333333,0.00075238966
XYLT2,3,1,0.3333333333333333,0.58846572,0.66015387
YARS2,3,1,0.3333333333333333,0.38104105810499994,0.15173128
Z83844.2,3,1,0.3333333333333333,0.5896315633333333,0.6138216
ZBTB10,3,1,0.3333333333333333,0.5563988980757066,0.6776876
ZC3H11A,3,1,0.3333333333333333,0.3308654485004667,0.0062514707
ZCCHC12,3,1,0.3333333333333333,0.353792826698,0.20623584
ZDHHC23,3,1,0.3333333333333333,0.35047630036666666,0.12836297
ZFAND2B,3,1,0.3333333333333333,0.5204689821772767,0.57006204
ZGPAT,3,1,0.3333333333333333,0.35085649699558896,0.13320914
ZIC4,3,1,0.3333333333333333,0.40834576448700005,0.23624766
ZKSCAN7,3,1,0.3333333333333333,0.49535932633333335,0.49118266
ZNF18,3,1,0.3333333333333333,0.3305212658666667,3.5752066e-05
ZNF180,3,1,0.3333333333333333,0.36809746,0.16211939
ZNF189,3,1,0.3333333333333333,0.5061705847000001,0.52596927
ZNF300,3,1,0.3333333333333333,0.32331854085666667,0.027255908
ZNF384,3,1,0.3333333333333333,0.5699544666666666,0.6146817
ZNF430,3,1,0.3333333333333333,0.5236261133333333,0.3536852
ZNF442,3,1,0.3333333333333333,0.7003651333333334,0.5984067
ZNF461,3,1,0.3333333333333333,0.44857871466666666,0.36346143
ZNF527,3,1,0.3333333333333333,0.5302765500000001,0.41065317
ZNF557,3,1,0.3333333333333333,0.35582939476666664,0.075555295
ZNF564,3,1,0.3333333333333333,0.5773372773666666,0.73788786
ZNF583,3,1,0.3333333333333333,0.3319736719333333,0.004634001
ZNF597,3,1,0.3333333333333333,0.48327690913933335,0.4583782
ZNF611,3,1,0.3333333333333333,0.5174319766666666,0.3376376
ZNF619,3,1,0.3333333333333333,0.37260054975100004,0.13387942
ZNF641,3,1,0.3333333333333333,0.5906789333333333,0.4801597
ZNF76,3,1,0.3333333333333333,0.7507060499999999,0.6540864
ZNF787,3,1,0.3333333333333333,0.5569300043023334,0.69101113
ZRANB3,3,1,0.3333333333333333,0.33067694852333335,0.0009718715
ZSWIM2,3,1,0.3333333333333333,0.47940042,0.44215402
ZXDA,3,1,0.3333333333333333,0.5443166433333334,0.41555676
ABCC2,4,1,0.25,0.4615094131775,0.42816115499999996
ACAP1,4,1,0.25,0.29027283217042504,0.08491871699999999
ACOT12,4,1,0.25,0.59057019325,0.67376262
ACOXL,4,1,0.25,0.42632116922249996,0.38461188999999996
ADAMTS14,4,1,0.25,0.22790159424809114,1.38495806932e-07
ADD1,4,1,0.25,0.4988316349728412,0.5041976
ADGRA2,4,1,0.25,0.3327057475454155,0.18807659
ADGRB2,4,1,0.25,0.3306343150443775,0.16558244852929999
ADORA1,4,1,0.25,0.413357055075,0.32801721
ADRA2C,4,1,0.25,0.241492638004761,1.7600930999999998e-07
AIPL1,4,1,0.25,0.2117322792349491,5.245846727e-05
ANAPC4,4,1,0.25,0.58590918801,0.7467481499999999
ANKIB1,4,1,0.25,0.2808736798115075,0.07225957756315
ANKRD28,4,1,0.25,0.24693772370465425,0.0020566474
ANKS4B,4,1,0.25,0.25039133565,0.00425409555
AP2A1,4,1,0.25,0.2833507004789692,0.0709978009293719
APAF1,4,1,0.25,0.30029166915488753,0.1497494875
ARHGEF10,4,1,0.25,0.56024328935,0.62465975
ARHGEF17,4,1,0.25,0.48977556743888,0.488075885
ARID1B,4,1,0.25,0.4088744517125,0.33328130175
ARID4A,4,1,0.25,0.46290700043554484,0.44317537500000004
ARNT2,4,1,0.25,0.489916870425,0.4833601
ARSI,4,1,0.25,0.6039666025,0.6367944999999999
ATP1A3,4,1,0.25,0.36867191346671,0.244036748
BCKDHB,4,1,0.25,0.26050824506042497,0.032533885835
BDKRB2,4,1,0.25,0.36722008570686604,0.3137195205
BRINP1,4,1,0.25,0.314064947757554,0.16098402
BTRC,4,1,0.25,0.21500822785007298,5.6749741499999996e-09
C12orf4,4,1,0.25,0.4229078025,0.307030365
C16orf70,4,1,0.25,0.21313508766795156,0.014274874340066
C2CD5,4,1,0.25,0.5159517725,0.42726113
C3orf38,4,1,0.25,0.24919562170175,0.002713169461
CALCOCO2,4,1,0.25,0.391528736125,0.301731725
CAPS2,4,1,0.25,0.588977795,0.5760883400000001
CCDC88C,4,1,0.25,0.38036094446108126,0.26631333354505005
CCNF,4,1,0.25,0.3112617540025,0.126585985375
CD300A,4,1,0.25,0.53103576,0.48157188500000003
CD38,4,1,0.25,0.41054574656000004,0.3815724065
CD93,4,1,0.25,0.41279575174500005,0.33742447665
CDC42EP4,4,1,0.25,0.3182162304022151,0.19102644000000002
CEP55,4,1,0.25,0.41142048770387096,0.335498196936305
CEP57L1,4,1,0.25,0.239924167363525,0.0042476716
CETP,4,1,0.25,0.56745729625,0.619856075
CFHR2,4,1,0.25,0.4300690125,0.39260071
CHST15,4,1,0.25,0.20155424959350002,0.0154705325
CLCC1,4,1,0.25,0.481745866,0.46391020000000005
CLCN6,4,1,0.25,0.54097125,0.5439935
CNKSR2,4,1,0.25,0.557809114955,0.70335258
COPB1,4,1,0.25,0.323589397415475,0.151440935
CREB3L1,4,1,0.25,0.20590788614580954,0.0228222722753285
CSH2,4,1,0.25,0.3558495332966465,0.215945365
CSNK1G1,4,1,0.25,0.28298377025,0.15840637
CSTF1,4,1,0.25,0.509607815,0.43698706
CTBP1,4,1,0.25,0.49163886015699976,0.49114431999999997
CTSE,4,1,0.25,0.38195055116,0.26777096
CTSG,4,1,0.25,0.5124546675,0.45220382
CTSS,4,1,0.25,0.398325191819075,0.300993115
DAB2,4,1,0.25,0.538374205,0.45686205999999996
DBF4B,4,1,0.25,0.5115624775,0.449082695
DCAF5,4,1,0.25,0.3336825725320201,0.17508434182750002
DCLRE1B,4,1,0.25,0.55853448025,0.61780998
DENND4B,4,1,0.25,0.3651480004540211,0.234627000879505
DENND4C,4,1,0.25,0.27368298676366143,0.08133292344649999
DRICH1,4,1,0.25,0.567263655,0.48559212500000004
DROSHA,4,1,0.25,0.3963872641245,0.3071928544
DTX4,4,1,0.25,0.55583444325,0.6150047000000001
EFTUD2,4,1,0.25,0.46276262253238865,0.441655045
EGR3,4,1,0.25,0.3233028401,0.15064171499999998
ELMOD3,4,1,0.25,0.578460235,0.631483815
ENO3,4,1,0.25,0.543750615,0.43730096500000004
ENPP6,4,1,0.25,0.4665894875,0.31599863
EPHX4,4,1,0.25,0.31058203502384174,0.1570625434
ERICH6,4,1,0.25,0.5691193425,0.506368485
ERP27,4,1,0.25,0.44736421875,0.42924941000000005
ESRRB,4,1,0.25,0.28309004215525,0.070436658325
ESX1,4,1,0.25,0.3334041121501103,0.17553484930000002
FADS3,4,1,0.25,0.3976875477637908,0.30133978035008496
FAF1,4,1,0.25,0.372709927593424,0.27442118
FAM13C,4,1,0.25,0.328015951720863,0.21038457209165498
FAM234A,4,1,0.25,0.3600956527415785,0.312271905
FGD4,4,1,0.25,0.4146594671445,0.3335987005
FGF20,4,1,0.25,0.26203864327369447,0.05938678190418
FKBP8,4,1,0.25,0.4640749771836,0.4675382
FOXR1,4,1,0.25,0.5590217588749999,0.6438501000000001
FZD10,4,1,0.25,0.423894660675,0.377405175
FZD4,4,1,0.25,0.2670781676751971,0.03913148535
GAB2,4,1,0.25,0.5952421075,0.5093592650000001
GALNT9,4,1,0.25,0.35802062500000004,0.17151917
GAPDHS,4,1,0.25,0.32718691625339985,0.1666515325
GDF2,4,1,0.25,0.3291538532757891,0.22200808386350002
GGTLC1,4,1,0.25,0.5885584975,0.568725475
GIPC3,4,1,0.25,0.321056636394,0.18078067309999998
GM2A,4,1,0.25,0.245787900325,0.012627996499999999
GNAS,4,1,0.25,0.2435927444385,0.00862223435
GRHL2,4,1,0.25,0.4325335989,0.390143975
GTSE1,4,1,0.25,0.3162090950834504,0.14799679
GUCY2F,4,1,0.25,0.5567353625525,0.6514012650000001
HIP1R,4,1,0.25,0.3577402273776298,0.24627337475
HMGCS1,4,1,0.25,0.4764309928,0.45582124999999996
HP1BP3,4,1,0.25,0.29501086100669,0.16734134650000002
HTR4,4,1,0.25,0.53864226425,0.581200865
IDO1,4,1,0.25,0.259443990713335,0.02328899941
IGHM,4,1,0.25,0.255195263382246,0.047075716275
IL22,4,1,0.25,0.4926091735,0.54691294
INPP1,4,1,0.25,0.454100575,0.44922825
INPP5J,4,1,0.25,0.2973041581869122,0.098969016373725
IQGAP3,4,1,0.25,0.652466115,0.6099322300000001
ITIH3,4,1,0.25,0.38784380825,0.277584705
KCNN4,4,1,0.25,0.34828092050000004,0.25805157
KCNQ4,4,1,0.25,0.20139979869240002,0.0001612692165
KCNS1,4,1,0.25,0.23266336550140998,0.004005406002476729
KIAA1586,4,1,0.25,0.45308163175,0.41407962
KIRREL3,4,1,0.25,0.20971716185759925,0.031098218349999998
KLB,4,1,0.25,0.41184287,0.24636180000000002
KLHL4,4,1,0.25,0.399531941241069,0.32435236084525004
KLHL40,4,1,0.25,0.241541320066375,0.0022480458975999997
KNG1,4,1,0.25,0.3467360553,0.208328765
KNSTRN,4,1,0.25,0.4041140330011779,0.31843006596463336
KRT20,4,1,0.25,0.46433433749999997,0.446031085
KRTAP12-3,4,1,0.25,0.525752335,0.43917198
LAS1L,4,1,0.25,0.48788046075,0.47029616
LBR,4,1,0.25,0.5853230535,0.6920202
LEFTY1,4,1,0.25,0.41150415643626703,0.331495833
LGALS12,4,1,0.25,0.27177620855,0.046693048
LGI3,4,1,0.25,0.5430673878891019,0.590486225
LIMCH1,4,1,0.25,0.509127105305569,0.530977415
LINGO1,4,1,0.25,0.4222448662104325,0.362088218
LMX1A,4,1,0.25,0.31226589250000003,0.123221875
LONRF2,4,1,0.25,0.22380682297024998,0.0311999419
LRRC40,4,1,0.25,0.510212013125,0.5241057
LRRC4C,4,1,0.25,0.5250876262874999,0.5598155
MAGED2,4,1,0.25,0.24120739189490575,3.5878980985e-07
MAMLD1,4,1,0.25,0.23763731496868204,0.0012027099369
MAPK7,4,1,0.25,0.23187176496775,0.00314211914
MARCHF4,4,1,0.25,0.2360915306396905,0.001331046198708
MATN2,4,1,0.25,0.2810085651529709,0.0663732417
MBTPS1,4,1,0.25,0.476072195,0.36357492999999996
MCM4,4,1,0.25,0.45188060500000005,0.434688
MCRS1,4,1,0.25,0.37556924259576013,0.31971068517645496
MGAT2,4,1,0.25,0.311309115322875,0.2447627485
MGAT5B,4,1,0.25,0.2354995282909525,0.056258866426565
MIS12,4,1,0.25,0.305132453626825,0.114512834685
MLKL,4,1,0.25,0.5718458977435332,0.648604825
MMP10,4,1,0.25,0.50065147,0.38995114
MMP17,4,1,0.25,0.46884415812044,0.44336423
MPP1,4,1,0.25,0.2334423744394675,7.972085500000001e-07
MPP4,4,1,0.25,0.247377626197911,8.285231775e-05
MSLN,4,1,0.25,0.3201877195,0.1347643615
MTMR1,4,1,0.25,0.26848140712,0.04789020515
MTMR7,4,1,0.25,0.4253790078136205,0.35592300825538997
MYH10,4,1,0.25,0.52754276,0.5239785450000001
MYO7B,4,1,0.25,0.283587537075,0.07650655840000001
NDUFV1,4,1,0.25,0.2766485641225,0.057713833500000006
NEFL,4,1,0.25,0.5025014202449267,0.523038635
NF2,4,1,0.25,0.38591295535,0.30212431500000003
NIBAN1,4,1,0.25,0.4251398316,0.359837705
NIT2,4,1,0.25,0.30232488225,0.115941275
NKAPL,4,1,0.25,0.2997241781817785,0.10866181655000001
NMRK2,4,1,0.25,0.24940769897390253,0.0031339288972999997
NOL4,4,1,0.25,0.513023495,0.452919735
NPAT,4,1,0.25,0.45841615999999996,0.37107095999999995
NPBWR1,4,1,0.25,0.399599112878,0.30376567215
NPEPPS,4,1,0.25,0.43791035125,0.419533835
NR2C1,4,1,0.25,0.43198035749999997,0.386615065
NUDT21,4,1,0.25,0.48431532882329253,0.47292468
NUF2,4,1,0.25,0.38403264435,0.272549905
OCLN,4,1,0.25,0.5424465675,0.49032636500000004
OPRM1,4,1,0.25,0.6453185699999999,0.73184615
OR10C1,4,1,0.25,0.60270296,0.618996205
OR1M1,4,1,0.25,0.3044033869,0.124356305
OR2C3,4,1,0.25,0.4187460391275,0.36215499500000004
OR4C12,4,1,0.25,0.57837644,0.624723795
OR4D6,4,1,0.25,0.606954515,0.60307484
OR4K13,4,1,0.25,0.20068203510358107,0.010446145169999999
OR51G2,4,1,0.25,0.492482535,0.41947362
OR52K2,4,1,0.25,0.37377594717499246,0.28829678
OR6F1,4,1,0.25,0.229420390906275,0.0161465915
OR8D1,4,1,0.25,0.36953886,0.19411649
OR8S1,4,1,0.25,0.31258390164824995,0.1294062455
OSBPL10,4,1,0.25,0.312282442473125,0.13566145000000002
PARGP1,4,1,0.25,0.401308917125,0.3193521305
PAX8,4,1,0.25,0.24262131439923548,1.385364648e-05
PCID2,4,1,0.25,0.500378497675,0.522363015
PDZD3,4,1,0.25,0.33220283915903526,0.20826327353000001
PDZD4,4,1,0.25,0.216293920693415,0.000254216735
PEG10,4,1,0.25,0.367867297299345,0.246536345
PEX10,4,1,0.25,0.31995559504049864,0.15693031505694596
PGPEP1L,4,1,0.25,0.5250645775,0.43457745999999997
PIAS2,4,1,0.25,0.42026208675,0.387792415
PLAGL2,4,1,0.25,0.5509251715098876,0.60616094
PLEKHA6,4,1,0.25,0.31755090121248497,0.18534142
PLEKHG3,4,1,0.25,0.2676054251809525,0.039466434411
PLEKHS1,4,1,0.25,0.35461590422511025,0.21357195112433
PLXDC1,4,1,0.25,0.35483582241749995,0.21398773945
PLXNA1,4,1,0.25,0.4398062650146225,0.38845405
PNMA3,4,1,0.25,0.40398670350037424,0.313714007
POP1,4,1,0.25,0.532684955,0.492807015
PPFIBP1,4,1,0.25,0.568865155,0.56650272
PPIL2,4,1,0.25,0.24784168880518972,2.7604125225e-08
PRDM13,4,1,0.25,0.33822770455254253,0.18933384004999998
PRDM16,4,1,0.25,0.43334554774247225,0.370950745
PRKACA,4,1,0.25,0.2780061514797965,0.11162348514065
PRKACG,4,1,0.25,0.248103877615675,0.0005625012500000001
PROX2,4,1,0.25,0.32218716443783746,0.14864813999999998
PTPN14,4,1,0.25,0.320684932437325,0.14567823
RABGGTA,4,1,0.25,0.36434084593863847,0.24405719113656
RALGPS2,4,1,0.25,0.306031886475,0.14982655884999999
RAVER1,4,1,0.25,0.25825114881075,0.050749622495
RIMS1,4,1,0.25,0.39979766601173183,0.3045513815
RIOK1,4,1,0.25,0.5023833875,0.42538306
RNF130,4,1,0.25,0.29771129902500004,0.10660021935
RPS6KL1,4,1,0.25,0.27476186491800003,0.080273691865
RSPO1,4,1,0.25,0.6176228025,0.62509135
RTF2,4,1,0.25,0.48089496086938877,0.466166065
RTN2,4,1,0.25,0.50243183,0.43514023
RTP1,4,1,0.25,0.329754236955425,0.16803287
SCAF1,4,1,0.25,0.2475866709730061,0.002157871837666
SCTR,4,1,0.25,0.2395033174255817,0.0002065347895
SEMA4B,4,1,0.25,0.390213476,0.31446076300000003
SEPHS1,4,1,0.25,0.37479421529362755,0.253860857631
SEPTIN11,4,1,0.25,0.6126356900000001,0.60375145
SERPINA12,4,1,0.25,0.24785355018217123,7.14651745e-05
SERPINB1,4,1,0.25,0.5697823325175723,0.643869195
SERPINC1,4,1,0.25,0.3956967775,0.251191088
SERTAD2,4,1,0.25,0.38514952010000003,0.32862586875
SH2D4B,4,1,0.25,0.234329974975015,0.03065831495
SH3BP5,4,1,0.25,0.3566940758986057,0.232925048315885
SLC15A1,4,1,0.25,0.21207932148939082,0.00585679225947
SLC18A2,4,1,0.25,0.5350797051035199,0.57491431
SLC24A1,4,1,0.25,0.5609730875,0.51036773
SLC26A11,4,1,0.25,0.38159698045378154,0.301878705
SLC32A1,4,1,0.25,0.582591585,0.61665275
SLC36A1,4,1,0.25,0.52678963905,0.565472825
SLC41A1,4,1,0.25,0.3026151916207507,0.11460190323265951
SLC5A1,4,1,0.25,0.48082200031,0.50599572
SLC7A3,4,1,0.25,0.24780663950287982,7.000868967015001e-05
SLC9A6,4,1,0.25,0.5515862526549999,0.6119475999999999
SMTN,4,1,0.25,0.22657933869718555,0.0016474423932564
SMYD5,4,1,0.25,0.3053361322323,0.12196195962499999
SPACA1,4,1,0.25,0.3771028256671275,0.270673307547
SSR2,4,1,0.25,0.39398548499999997,0.274437445
STAT6,4,1,0.25,0.5028792025,0.42862863500000004
STK36,4,1,0.25,0.488477759375,0.52269992
STOML3,4,1,0.25,0.27215171329323073,0.0495523583785915
STOX1,4,1,0.25,0.5326498520518163,0.56996295
STRN3,4,1,0.25,0.550649237925,0.6060362
TAF6L,4,1,0.25,0.42566430250000004,0.317833725
TAP2,4,1,0.25,0.40661794367500004,0.326851435
TARBP1,4,1,0.25,0.461336931075,0.42504829
TARS3,4,1,0.25,0.424506338625,0.3544828
TAX1BP1,4,1,0.25,0.43277626464999996,0.369290265
TBX21,4,1,0.25,0.2563960464359625,0.017115529071499998
TCEA1,4,1,0.25,0.361731829082117,0.23543180355299997
TECPR1,4,1,0.25,0.23629272504887308,4.0547971934e-05
TFCP2L1,4,1,0.25,0.20827006219602467,9.179923141999999e-05
TGFBR3,4,1,0.25,0.41762453,0.32260623499999996
TM9SF2,4,1,0.25,0.29633862461,0.09657913
TMEM255B,4,1,0.25,0.4084532501,0.340295525
TMEM26,4,1,0.25,0.24392575994304175,4.0109369e-06
TMEM30A,4,1,0.25,0.41091917501249997,0.33446540799999996
TMF1,4,1,0.25,0.35127233760918597,0.21587466149999998
TPRG1,4,1,0.25,0.3275243878575,0.1604596697
TRIM26,4,1,0.25,0.35055649141064,0.205746285
TRMT1L,4,1,0.25,0.43635619433177497,0.380338735
TUBA1A,4,1,0.25,0.5129704125,0.370837645
TUBB7P,4,1,0.25,0.28687716245337364,0.0796200249
TUBG1,4,1,0.25,0.3208540717825,0.1744856615
TUBGCP5,4,1,0.25,0.224551383127018,0.001230927151155
ULK1,4,1,0.25,0.23272127391973152,1.72932135e-05
USP1,4,1,0.25,0.5282821535,0.5096515699999999
USP6NL,4,1,0.25,0.395031528434499,0.3027125537
UTP15,4,1,0.25,0.609899985,0.563685185
UVRAG,4,1,0.25,0.60862991,0.62995653
VPS39,4,1,0.25,0.43089508,0.33115894
WIPI1,4,1,0.25,0.43833373,0.323534785
XPNPEP1,4,1,0.25,0.27133936745799203,0.0469818554614
YWHAE,4,1,0.25,0.4663335285975,0.436857635
ZC3H18,4,1,0.25,0.250882499121025,0.006383430799999999
ZC3H3,4,1,0.25,0.41345676983012497,0.33123198
ZFR2,4,1,0.25,0.2622527398182179,0.04467322705
ZFX,4,1,0.25,0.246386881002305,0.01573514200390201
ZKSCAN2,4,1,0.25,0.507831903725,0.51948515
ZMIZ1,4,1,0.25,0.23216697663311062,0.0010307732115
ZMYND11,4,1,0.25,0.358478068601,0.221270991
ZNF235,4,1,0.25,0.4343830875,0.31240482999999997
ZNF283,4,1,0.25,0.41712456110249996,0.34560525
ZNF33A,4,1,0.25,0.52763198548685,0.5595914399999999
ZNF341,4,1,0.25,0.29157590361675,0.0884382935
ZNF37A,4,1,0.25,0.31233434559751,0.128936040839
ZNF443,4,1,0.25,0.45625854040930003,0.41705651
ZNF592,4,1,0.25,0.3707591493616,0.2458068425835
ZNF792,4,1,0.25,0.34782539825,0.189734105
ZNF883,4,1,0.25,0.39134397190125003,0.32192047418
ZSCAN10,4,1,0.25,0.460008711,0.387964425
A4GALT,5,1,0.2,0.29010388081156,0.057377342
ABCF3,5,1,0.2,0.1708561268028,0.00013309902
ACTL8,5,1,0.2,0.3976428597901371,0.3898316
ADAMTS5,5,1,0.2,0.4331947862227544,0.43791324
AHDC1,5,1,0.2,0.4424378600005109,0.3971942
AICDA,5,1,0.2,0.35651113403285545,0.3291736
ALDH1A3,5,1,0.2,0.47509299,0.37837163
AMHR2,5,1,0.2,0.3674500824429952,0.30379745
AOX1,5,1,0.2,0.414741045252,0.4528688
ARHGEF7,5,1,0.2,0.19825101583959864,2.0048172e-07
ASB2,5,1,0.2,0.29108677136189,0.25772992
AVPR1B,5,1,0.2,0.2682484345664763,0.1388378
BCHE,5,1,0.2,0.642847074,0.61615837
BMPER,5,1,0.2,0.540880446,0.5637398
C1S,5,1,0.2,0.53996525398,0.5678928
CABP1,5,1,0.2,0.4266491130940075,0.3924777
CDC5L,5,1,0.2,0.549873943186,0.66683316
CDH15,5,1,0.2,0.19362776369551882,1.5246976e-06
CDH19,5,1,0.2,0.20034706021177923,0.00041603833
CEMIP,5,1,0.2,0.44355306910000003,0.48290247
CHML,5,1,0.2,0.35666837240000004,0.11921048
CHRNB2,5,1,0.2,0.47425664,0.3939038
CNTNAP4,5,1,0.2,0.21555143155120002,0.03530825
COL18A1,5,1,0.2,0.23366456164968213,2.0817814e-07
CORO7,5,1,0.2,0.4312772924428,0.4086288
DDX23,5,1,0.2,0.3933573604,0.2560437
DNM1P46,5,1,0.2,0.258519271365119,7.257166e-07
EIF3A,5,1,0.2,0.5178374267558,0.53552043
ENG,5,1,0.2,0.206255351240256,1.2051685e-05
EOMES,5,1,0.2,0.33712577518914955,0.13816959
ERCC1,5,1,0.2,0.4092222180986,0.45504168
ESYT1,5,1,0.2,0.32852566697354,0.18685085
FBXO43,5,1,0.2,0.542084598,0.6473628
FERD3L,5,1,0.2,0.2343625553818,0.044183422
FOSL2,5,1,0.2,0.2015270860695761,0.0039729923
FTMT,5,1,0.2,0.4159743683293188,0.5391757
GABRP,5,1,0.2,0.58674222009401,0.6723934
GAREM1,5,1,0.2,0.660614126,0.67591035
GART,5,1,0.2,0.353237604,0.2761509
GPAM,5,1,0.2,0.23308246305914002,0.011387887
GPR174,5,1,0.2,0.33598470943199,0.14126444
GPR78,5,1,0.2,0.19233409080996955,1.8582264e-09
GRIN3A,5,1,0.2,0.3248220756909826,0.0007091545
HECA,5,1,0.2,0.35952504252238837,0.15265115
IFT172,5,1,0.2,0.4956111079,0.6264824
INPP5B,5,1,0.2,0.40120321919999996,0.20678891
INSC,5,1,0.2,0.43544987919199996,0.41268152
IRF4,5,1,0.2,0.45829809814239547,0.54936874
ITIH2,5,1,0.2,0.40761361200824203,0.3532726
KANK4,5,1,0.2,0.456796688,0.48443788
KCNA10,5,1,0.2,0.36058103118,0.26126844
KCNH4,5,1,0.2,0.22866347510410798,0.008013168
KCNQ1,5,1,0.2,0.21168726804550803,0.011039893
KRT37,5,1,0.2,0.645156326,0.52215713
LATS2,5,1,0.2,0.32852059114534404,0.00023291612
LCK,5,1,0.2,0.611206076,0.562846
LRRC3B,5,1,0.2,0.469735834,0.5072964
MAGEB18,5,1,0.2,0.19847074790832944,0.00018704274
MAGEC3,5,1,0.2,0.19640052746140008,5.181441e-07
MAP3K20,5,1,0.2,0.19252375062504157,2.6597823e-05
MCM2,5,1,0.2,0.504002164,0.5454581
MDM1,5,1,0.2,0.40833510262,0.22111022
MED23,5,1,0.2,0.2035662215002,0.0023242326
MLLT6,5,1,0.2,0.30825972726,0.04638774
MYBPC3,5,1,0.2,0.22219751636035298,0.002661462
N4BP3,5,1,0.2,0.4162489059687199,0.5700442
NAF1,5,1,0.2,0.276451329440486,0.15205534
NCKAP5,5,1,0.2,0.3149100909197886,0.2809063
NEMF,5,1,0.2,0.1986391417720241,2.5998206e-05
NGF,5,1,0.2,0.37952885689140003,0.3411597
NID1,5,1,0.2,0.5043647008,0.5153031
NOC2L,5,1,0.2,0.31712307808306694,1.401669e-07
NPFFR2,5,1,0.2,0.639256836,0.5678476
NPHP4,5,1,0.2,0.2866863779756483,4.343389e-06
NR2C2,5,1,0.2,0.3022110200377475,0.05687592
NRAS,5,1,0.2,0.362828882644828,0.21744326
NT5C1A,5,1,0.2,0.32876265087534245,0.0003860636
NXPE4,5,1,0.2,0.3666207006,0.26685226
OGA,5,1,0.2,0.346432405062404,0.3755728
OR51T1,5,1,0.2,0.41901325851489135,0.5176394
OR5AN1,5,1,0.2,0.5095521599999999,0.4574937
OTOL1,5,1,0.2,0.382320110656,0.17270708
OXSM,5,1,0.2,0.644675758,0.66010463
P4HTM,5,1,0.2,0.19803795057291404,1.6914823e-06
PCMTD2,5,1,0.2,0.35323875866140214,0.27116722
PHACTR4,5,1,0.2,0.35162442148267686,0.437961
PIGV,5,1,0.2,0.45024064700000005,0.6326651
PIK3R2,5,1,0.2,0.19427882054714227,1.198897e-08
PLA2G3,5,1,0.2,0.3329764861291868,0.082036436
PLCB3,5,1,0.2,0.17485750983444454,6.034653e-07
PLXND1,5,1,0.2,0.20746661500585292,5.570618e-07
PPP2R5D,5,1,0.2,0.3429344087476111,0.20691438
PRPS2,5,1,0.2,0.1873855483264205,2.6984265e-10
PXN,5,1,0.2,0.32358557903860274,0.06351636
RANBP10,5,1,0.2,0.4900601668499454,0.5384165
RBMXL1,5,1,0.2,0.35629073928189803,0.30083326
REEP2,5,1,0.2,0.416024,0.24824747
RIC1,5,1,0.2,0.381897285994,0.2629369
RMDN2,5,1,0.2,0.3657567168,0.2682719
RMND5A,5,1,0.2,0.22111754024299998,0.0024784
ROBO2,5,1,0.2,0.42255962195999996,0.27412406
SERPINA7,5,1,0.2,0.1953463986046959,2.5817953e-10
SH3TC1,5,1,0.2,0.413980011524,0.39662546
SKOR1,5,1,0.2,0.320031627254016,0.00038336104
SLAMF6,5,1,0.2,0.329362756126,0.18775086
SLC35F5,5,1,0.2,0.27526980783480004,0.0018844419
SLK,5,1,0.2,0.30539113739725643,0.15232223
SNAP25,5,1,0.2,0.29596982188553783,0.27552894
SOHLH1,5,1,0.2,0.19683026684978802,0.0005744406
SP2,5,1,0.2,0.32412595065,0.10927042
SRL,5,1,0.2,0.24406029252392702,0.00080517936
SYN3,5,1,0.2,0.24246991246162164,0.14028017
TACSTD2,5,1,0.2,0.2100489051167192,2.7510367e-08
TBC1D12,5,1,0.2,0.3108412723897248,1.9184272e-09
TDRD5,5,1,0.2,0.3181737902,0.20112611
TEKT5,5,1,0.2,0.503096666,0.45883295
TGFBRAP1,5,1,0.2,0.3512053870001911,0.03450263
TMEM183B,5,1,0.2,0.21333220035057474,1.416769e-08
TNRC6B,5,1,0.2,0.35489411415981753,0.23598251
TNS1,5,1,0.2,0.3927986323321644,0.4800922
TRPM5,5,1,0.2,0.2500242944097102,6.480874e-06
TUBGCP6,5,1,0.2,0.28653779782681466,0.07108847
UGT2B11,5,1,0.2,0.40489626869999995,0.17673622
UGT2B15,5,1,0.2,0.326841013695982,0.00096035434
UGT3A1,5,1,0.2,0.42574585720440006,0.61642766
USP11,5,1,0.2,0.43866820697544673,0.5288879
VSIG10,5,1,0.2,0.34812731834,0.026758322
YEATS2,5,1,0.2,0.4053175228,0.33237615
ZBTB33,5,1,0.2,0.432589566614,0.45835054
ZKSCAN4,5,1,0.2,0.45551999260000003,0.46147874
ZNF699,5,1,0.2,0.46549887407999996,0.67514336
ACTL7B,6,1,0.16666666666666666,0.28449429768333334,0.05599164499999999
ADGRL3,6,1,0.16666666666666666,0.3346377105473333,0.25856089
AEBP1,6,1,0.16666666666666666,0.3284415724665333,0.1501445
ATN1,6,1,0.16666666666666666,0.2688585736400833,0.1327421675
ATP13A4,6,1,0.16666666666666666,0.17162616076631665,0.0070022933
CANT1,6,1,0.16666666666666666,0.26394790800140555,0.035094552183
CD55,6,1,0.16666666666666666,0.308182279,0.15272059500000001
CLEC14A,6,1,0.16666666666666666,0.2716394101384583,0.132863405
CNKSR1,6,1,0.16666666666666666,0.24222155341148474,0.087822903
CNTLN,6,1,0.16666666666666666,0.4017724951815045,0.40667148
COLQ,6,1,0.16666666666666666,0.3163930600266667,0.20061266
CRYBG2,6,1,0.16666666666666666,0.283597483890124,0.10151431449000001
CTBP2,6,1,0.16666666666666666,0.34622718170184413,0.330924365
DDX60L,6,1,0.16666666666666666,0.21064955271435,0.021977575200000002
DEPDC5,6,1,0.16666666666666666,0.39842778092177517,0.3620306625
DPPA2,6,1,0.16666666666666666,0.2504334011666667,0.098576935
EML1,6,1,0.16666666666666666,0.25925432289957334,0.044561500000000004
ERCC6,6,1,0.16666666666666666,0.2395265103141667,0.0167563945
FAM83G,6,1,0.16666666666666666,0.2795472297343972,0.048919907
FOXP3,6,1,0.16666666666666666,0.29624421801793627,0.105907534053777
HSPA12A,6,1,0.16666666666666666,0.1760038076076441,0.019596453990000002
IFT140,6,1,0.16666666666666666,0.3239819980288646,0.23070002750000002
IRAG1,6,1,0.16666666666666666,0.36111167964191965,0.30550166
IRS1,6,1,0.16666666666666666,0.34837443519701367,0.257558925
ITGA11,6,1,0.16666666666666666,0.14899941118885687,1.5309585334999998e-08
KCNMA1,6,1,0.16666666666666666,0.1677951924552372,1.2191124799999999e-07
KNTC1,6,1,0.16666666666666666,0.251574571950555,0.02985330328
MTA1,6,1,0.16666666666666666,0.16731613974226656,0.0006804280000000001
NOL8,6,1,0.16666666666666666,0.18682473715061934,0.002514370955
OXSR1,6,1,0.16666666666666666,0.17704011809833334,0.00342920755
PCDH9,6,1,0.16666666666666666,0.4637455816666667,0.42671327000000003
PDS5A,6,1,0.16666666666666666,0.18108917418258766,0.00597227365
PRDM5,6,1,0.16666666666666666,0.4657981916666667,0.42534842
PRG4,6,1,0.16666666666666666,0.3798105256666666,0.277338535
PTCHD3,6,1,0.16666666666666666,0.20631867684537078,5.3130744e-10
RAI2,6,1,0.16666666666666666,0.50736124549181,0.59062402
RTL9,6,1,0.16666666666666666,0.21038669173184324,0.06405952519152501
SCN4A,6,1,0.16666666666666666,0.27269902989476247,0.10842791399999999
SH3BP4,6,1,0.16666666666666666,0.3577761399796749,0.29001628999999995
SIRPB1,6,1,0.16666666666666666,0.4693982333363684,0.48261023000000003
SLC22A2,6,1,0.16666666666666666,0.33134879025,0.14078960000000001
SLX4,6,1,0.16666666666666666,0.37982292766666664,0.30646351
SORCS3,6,1,0.16666666666666666,0.1666343404061987,0.00065952577
SOX30,6,1,0.16666666666666666,0.2522806705572705,0.0925284771425
UBTF,6,1,0.16666666666666666,0.21710706801902638,0.044609213995775
VAV2,6,1,0.16666666666666666,0.18517818901564073,1.26746264e-06
WDR19,6,1,0.16666666666666666,0.24932752721385598,0.121641802
ABCA7,7,1,0.14285714285714285,0.3209746586384714,0.121321805
BNC1,7,1,0.14285714285714285,0.40204965201342674,0.37835896
CTNNA3,7,1,0.14285714285714285,0.39489190801428575,0.31779897
FBXO38,7,1,0.14285714285714285,0.2262755778188743,0.13102601
GRIK3,7,1,0.14285714285714285,0.23077620015110495,0.0026602938
IRX1,7,1,0.14285714285714285,0.3111778442068149,0.13330458
KCNT2,7,1,0.14285714285714285,0.34523596123748,0.19222198
MAGEB16,7,1,0.14285714285714285,0.2236469352033443,9.6425666e-08
MYH14,7,1,0.14285714285714285,0.255499831026515,0.17293413
NISCH,7,1,0.14285714285714285,0.15385251858915197,0.0007109563
NMBR,7,1,0.14285714285714285,0.39212574456544286,0.41972184
NXN,7,1,0.14285714285714285,0.28707180693720075,0.00031889332
NYNRIN,7,1,0.14285714285714285,0.19752129336998,0.00044675803
PC,7,1,0.14285714285714285,0.29649910007019403,0.21959914
PNPLA6,7,1,0.14285714285714285,0.17734859178802725,0.00029947812
SLC38A4,7,1,0.14285714285714285,0.46915985428571433,0.4135759
SRGAP1,7,1,0.14285714285714285,0.21132321631871,0.12453497
TSNARE1,7,1,0.14285714285714285,0.40467000963585714,0.20883396
U2SURP,7,1,0.14285714285714285,0.2243830626045419,0.0030703126
UBE3A,7,1,0.14285714285714285,0.3586976403857142,0.41920513
A1CF,8,1,0.125,0.22901722992563042,0.009651383999999999
ARHGAP6,8,1,0.125,0.30935905803782476,0.020354914800000002
DNMBP,8,1,0.125,0.14017818738370663,0.023634757250000003
HELZ2,8,1,0.125,0.20831820353332922,0.076032980505
ITIH6,8,1,0.125,0.20384903428692677,8.79668225e-05
LINGO2,8,1,0.125,0.38796387905431523,0.44407415
PIK3R5,8,1,0.125,0.19531823631654724,2.6639145499999998e-05
SCNN1G,8,1,0.125,0.40136002070375,0.41880512999999997
SLC2A1,8,1,0.125,0.3085208763798241,0.1508156025
SLC2A14,8,1,0.125,0.3774196422885,0.393912095
FLT1,9,1,0.1111111111111111,0.28945170197433334,0.17263469
MAGEC2,9,1,0.1111111111111111,0.23928135348065135,0.099167086
MAST4,9,1,0.1111111111111111,0.18446291281518723,0.0009870685
TDRD6,9,1,0.1111111111111111,0.34569041089365915,0.20981002
ANKRD11,10,1,0.1,0.33680600448881,0.24826862
USP24,10,1,0.1,0.16209233120885616,0.0006545092
CASZ1,11,1,0.09090909090909091,0.14323308597648296,0.007111402
FAM83H,12,1,0.08333333333333333,0.2822098253084926,0.0090518796
PCDH11Y,12,1,0.08333333333333333,0.12673949437827117,1.075504527e-09
TRPC4,12,1,0.08333333333333333,0.1785977295986025,0.0050484066
A3GALT2,1,0,0.0,3.6889727e-05,3.6889727e-05
AAK1,1,0,0.0,0.0005678616,0.0005678616
AATK,2,0,0.0,9.353551802065001e-05,9.353551802065001e-05
ABCA3,4,0,0.0,0.250306618925,0.21884098
ABCG5,5,0,0.0,0.0186205737510022,2.448196e-07
ABHD16B,1,0,0.0,0.56819123,0.56819123
ABHD6,1,0,0.0,0.05317589,0.05317589
ABI1,1,0,0.0,0.26916924,0.26916924
ABITRAM,1,0,0.0,1.0859916e-06,1.0859916e-06
ABRAXAS2,3,0,0.0,0.05757224309510884,3.607153e-07
ABTB1,3,0,0.0,0.273358109088563,0.21123666
ABTB2,1,0,0.0,0.4196699,0.4196699
AC007040.2,1,0,0.0,4.1082436e-05,4.1082436e-05
AC013477.1,1,0,0.0,0.0026825976,0.0026825976
AC016747.4,1,0,0.0,9.5634e-09,9.5634e-09
AC024598.1,1,0,0.0,0.078833364,0.078833364
AC097636.1,1,0,0.0,2.5527718e-06,2.5527718e-06
AC109583.1,2,0,0.0,0.56254155,0.56254155
AC132217.2,2,0,0.0,0.199661545,0.199661545
AC134980.2,3,0,0.0,3.7614196974633337e-06,3.813002e-08
ACADSB,2,0,0.0,0.6424570000000001,0.6424570000000001
ACBD5,1,0,0.0,0.72949743,0.72949743
ACER2,2,0,0.0,0.155177611872171,0.155177611872171
ACKR1,2,0,0.0,0.0017910559,0.0017910559
ACKR4,1,0,0.0,0.5074412,0.5074412
ACO1,2,0,0.0,0.44134774,0.44134774
ACO2,2,0,0.0,0.733549515,0.733549515
ACOT11,2,0,0.0,0.11680129221300001,0.11680129221300001
ACOT2,1,0,0.0,0.021702653,0.021702653
ACR,1,0,0.0,3.027376e-08,3.027376e-08
ACSF3,1,0,0.0,0.29479912,0.29479912
ACSL1,2,0,0.0,0.17351282545,0.17351282545
ACSL6,1,0,0.0,2.7068631e-06,2.7068631e-06
ACSM3,2,0,0.0,0.470681085,0.470681085
ACTA1,1,0,0.0,0.0020497395,0.0020497395
ACTL6A,1,0,0.0,0.6210166,0.6210166
ACTL6B,1,0,0.0,0.05318357,0.05318357
ACTN3,1,0,0.0,0.61164325,0.61164325
ACTR1B,1,0,0.0,0.6025222,0.6025222
ACTR3B,1,0,0.0,0.4878728,0.4878728
ACTR6,1,0,0.0,0.66329783,0.66329783
ACTRT3,1,0,0.0,0.5135702,0.5135702
ACVR1,5,0,0.0,0.0316554499458506,0.0023994413
ACYP1,2,0,0.0,0.3488665335,0.3488665335
ADA,1,0,0.0,6.42414e-09,6.42414e-09
ADA2,2,0,0.0,0.12954762513350002,0.12954762513350002
ADAL,2,0,0.0,0.02103161655443646,0.02103161655443646
ADAM12,1,0,0.0,0.6003272,0.6003272
ADAMTS7,3,0,0.0,1.9254814608e-06,1.3464995e-07
ADAMTS8,1,0,0.0,0.65347093,0.65347093
ADAMTSL5,3,0,0.0,0.31148683573537433,0.2639877
ADAR,1,0,0.0,0.0047167083,0.0047167083
ADARB2,8,0,0.0,0.05526616001053484,5.663695865e-09
ADAT3,1,0,0.0,0.059788447,0.059788447
ADIPOQ,1,0,0.0,0.00042096808,0.00042096808
ADM2,2,0,0.0,0.31520158430116046,0.31520158430116046
ADO,1,0,0.0,4.796474e-14,4.796474e-14
ADORA2A,2,0,0.0,0.013566954000003779,0.013566954000003779
ADPRS,2,0,0.0,9.85666441e-10,9.85666441e-10
ADRA1D,1,0,0.0,2.7532558e-09,2.7532558e-09
ADRA2B,1,0,0.0,3.033983e-08,3.033983e-08
ADRB1,1,0,0.0,0.0008542719,0.0008542719
ADRB2,1,0,0.0,0.0050158952,0.0050158952
AFAP1L2,4,0,0.0,0.16356292059815,0.01161070685
AGAP4,1,0,0.0,1.1325602e-12,1.1325602e-12
AGAP7P,1,0,0.0,0.66635996,0.66635996
AGBL4,2,0,0.0,0.125806409,0.125806409
AGBL5,1,0,0.0,7.0737755e-05,7.0737755e-05
AGPAT2,1,0,0.0,0.00069827767,0.00069827767
AGPS,1,0,0.0,0.4739663,0.4739663
AGR2,1,0,0.0,0.5944353,0.5944353
AGXT,2,0,0.0,0.571405465,0.571405465
AIFM2,1,0,0.0,3.932539e-08,3.932539e-08
AIG1,1,0,0.0,2.0110667e-12,2.0110667e-12
AIM2,3,0,0.0,0.6812113133333333,0.7070198
AIMP1,1,0,0.0,3.9880644e-05,3.9880644e-05
AJAP1,1,0,0.0,0.46658465,0.46658465
AK8,1,0,0.0,0.6019479,0.6019479
AKIP1,1,0,0.0,0.05512525,0.05512525
AKR1A1,1,0,0.0,0.0739574,0.0739574
AKR1B1,1,0,0.0,0.35102868,0.35102868
AKT3,1,0,0.0,0.11549756,0.11549756
AL162417.1,1,0,0.0,3.5229013e-15,3.5229013e-15
AL441992.2,1,0,0.0,0.02962304,0.02962304
AL645933.1,1,0,0.0,0.6388544,0.6388544
AL662899.2,1,0,0.0,0.5996737,0.5996737
ALAS2,1,0,0.0,3.023452e-08,3.023452e-08
ALDH18A1,3,0,0.0,0.05392259441815403,3.3252896e-08
ALDH3A1,4,0,0.0,0.1604791564231,0.0058093455749999995
ALG12,2,0,0.0,0.433985985,0.433985985
ALG5,1,0,0.0,0.00011407028,0.00011407028
ALG6,1,0,0.0,0.07729206,0.07729206
ALKAL1,3,0,0.0,0.03128327798666667,0.0019930995
ALOX12,1,0,0.0,0.0002991816,0.0002991816
ALOX5,2,0,0.0,0.28656295,0.28656295
ALPL,2,0,0.0,0.400994285,0.400994285
ALS2CL,3,0,0.0,0.003984891791425333,0.0007381833
ALX4,5,0,0.0,0.21975117619889623,0.14034809
AMIGO1,1,0,0.0,0.008011358,0.008011358
AMMECR1,1,0,0.0,0.18031098,0.18031098
AMN,1,0,0.0,0.15276334,0.15276334
AMN1,3,0,0.0,0.16722350118776666,0.18541002
ANG,2,0,0.0,0.71474695,0.71474695
ANGPTL2,2,0,0.0,4.34202512e-07,4.34202512e-07
ANGPTL8,1,0,0.0,0.36133292,0.36133292
ANKDD1A,2,0,0.0,0.2034479110172829,0.2034479110172829
ANKK1,2,0,0.0,0.1632232319235,0.1632232319235
ANKLE1,1,0,0.0,0.5077926,0.5077926
ANKRD27,2,0,0.0,0.16549155,0.16549155
ANKRD36B,1,0,0.0,0.021057585,0.021057585
ANKRD6,1,0,0.0,0.6455065,0.6455065
ANOS1,3,0,0.0,0.06519006634703715,0.0002987048
ANP32A,1,0,0.0,0.0862896,0.0862896
ANP32E,2,0,0.0,0.24194875500000002,0.24194875500000002
ANTKMT,1,0,0.0,0.6742885,0.6742885
ANXA2,1,0,0.0,0.2925408,0.2925408
ANXA6,1,0,0.0,0.045649104,0.045649104
AP1M1,2,0,0.0,0.001203326082535,0.001203326082535
AP2A2,3,0,0.0,0.00019000967629149998,2.793139e-08
AP2M1,2,0,0.0,0.1661300719,0.1661300719
AP3B2,1,0,0.0,0.60556215,0.60556215
AP4B1,2,0,0.0,0.32821251599999995,0.32821251599999995
AP4M1,1,0,0.0,0.7414137,0.7414137
AP5B1,2,0,0.0,9.652602837000001e-05,9.652602837000001e-05
APBA2,5,0,0.0,0.20485008688658665,0.23560517
APBA3,1,0,0.0,9.553879e-10,9.553879e-10
APC2,2,0,0.0,0.0001623649109733,0.0001623649109733
APCDD1,1,0,0.0,0.40153703,0.40153703
APEH,1,0,0.0,0.6602558,0.6602558
APLF,1,0,0.0,0.15477224,0.15477224
APLN,1,0,0.0,4.809481e-11,4.809481e-11
APOA5,3,0,0.0,0.07359873484333333,0.0011187904
APOBEC3H,2,0,0.0,0.38774772,0.38774772
APOBR,3,0,0.0,1.980128331816667e-05,4.108134e-09
APOC3,1,0,0.0,0.07025006,0.07025006
APOD,1,0,0.0,0.45876852,0.45876852
APOE,1,0,0.0,5.185035e-07,5.185035e-07
APOF,3,0,0.0,0.16646089,0.15711689
APOL5,1,0,0.0,0.7107276,0.7107276
APOL6,1,0,0.0,0.45522758,0.45522758
APOO,1,0,0.0,0.623099,0.623099
AQP1,1,0,0.0,0.06780198,0.06780198
AQP2,2,0,0.0,0.00051894063395,0.00051894063395
AQP4,3,0,0.0,0.0612983952,0.027936168
AR,4,0,0.0,0.08913007106085065,2.845712169065e-05
ARAF,1,0,0.0,2.2452285e-15,2.2452285e-15
ARF5,2,0,0.0,0.4851001,0.4851001
ARFGAP1,3,0,0.0,0.19754761684305436,9.047817e-09
ARG2,1,0,0.0,0.0004179798,0.0004179798
ARHGAP19,1,0,0.0,4.51521e-08,4.51521e-08
ARHGAP27,4,0,0.0,0.29768940269855454,0.269613405397075
ARHGAP33,4,0,0.0,0.114708139,0.09901220499999999
ARHGAP39,3,0,0.0,4.781720953333334e-09,2.305826e-09
ARHGAP4,3,0,0.0,2.6632850249586332e-06,2.279223e-09
ARHGEF1,2,0,0.0,0.000848864851605,0.000848864851605
ARHGEF2,1,0,0.0,0.11246569,0.11246569
ARHGEF26,2,0,0.0,0.001328973311225,0.001328973311225
ARHGEF39,1,0,0.0,0.0156306,0.0156306
ARID3B,1,0,0.0,0.0021040116,0.0021040116
ARID3C,1,0,0.0,5.151911e-07,5.151911e-07
ARIH1,2,0,0.0,0.27174112000885425,0.27174112000885425
ARL11,2,0,0.0,0.573717275,0.573717275
ARL13B,1,0,0.0,0.31940195,0.31940195
ARL6IP5,1,0,0.0,0.0016113404,0.0016113404
ARMC5,5,0,0.0,0.2327223195843228,1.947413e-06
ARMC7,1,0,0.0,0.6830389,0.6830389
ARPP19P1,1,0,0.0,5.1338425e-08,5.1338425e-08
ARRDC5,1,0,0.0,0.6234894,0.6234894
ARSA,1,0,0.0,1.349165e-08,1.349165e-08
ARV1,1,0,0.0,0.6812298,0.6812298
AS3MT,2,0,0.0,0.07283780575,0.07283780575
ASB13,1,0,0.0,0.011730806,0.011730806
ASB18,1,0,0.0,1.2280931e-09,1.2280931e-09
ASB4,3,0,0.0,0.16307671095666668,0.022510584
ASIC1,2,0,0.0,0.01239731375,0.01239731375
ASIP,1,0,0.0,0.04588374,0.04588374
ASPDH,1,0,0.0,5.8710502e-06,5.8710502e-06
ASPG,1,0,0.0,7.200649e-07,7.200649e-07
ASPHD2,2,0,0.0,0.07041259733206949,0.07041259733206949
ASPN,1,0,0.0,0.49329576,0.49329576
ASPSCR1,1,0,0.0,1.0742335e-08,1.0742335e-08
ASS1,2,0,0.0,0.28728101887380997,0.28728101887380997
ASTN1,2,0,0.0,0.39490298,0.39490298
ASXL3,4,0,0.0,0.165110975816365,0.13188505897
ATAD1,3,0,0.0,0.05596436099140235,2.42932e-07
ATAD3B,1,0,0.0,0.0015769259,0.0015769259
ATAD3C,1,0,0.0,1.7500655e-06,1.7500655e-06
ATG9A,2,0,0.0,1.39482335e-07,1.39482335e-07
ATL2,1,0,0.0,0.0009923659,0.0009923659
ATL3,1,0,0.0,0.15268375,0.15268375
ATOX1,1,0,0.0,1.0156835e-08,1.0156835e-08
ATP11AUN,1,0,0.0,5.5662127e-05,5.5662127e-05
ATP1B4,2,0,0.0,0.348929878035,0.348929878035
ATP5F1A,2,0,0.0,0.17483373416458,0.17483373416458
ATP5ME,2,0,0.0,0.29616485895225,0.29616485895225
ATP6AP1L,1,0,0.0,0.4678255,0.4678255
ATP6V0B,1,0,0.0,0.13227762,0.13227762
ATP6V1B2,1,0,0.0,0.4520119,0.4520119
ATP6V1G1,3,0,0.0,0.25010908826034234,0.34786654
ATP6V1G3,1,0,0.0,1.8800979e-07,1.8800979e-07
ATP8B3,2,0,0.0,7.64065325e-08,7.64065325e-08
ATXN3,1,0,0.0,4.1341373e-06,4.1341373e-06
AVIL,2,0,0.0,0.43279460000000003,0.43279460000000003
AWAT1,2,0,0.0,0.34789512121525,0.34789512121525
B2M,1,0,0.0,0.639129,0.639129
B3GALNT2,2,0,0.0,0.24224675750000002,0.24224675750000002
B3GAT1,3,0,0.0,0.15546687164794668,1.4288745e-06
B3GNT4,2,0,0.0,0.34775203499999996,0.34775203499999996
B3GNT5,1,0,0.0,0.666125,0.666125
B3GNT6,2,0,0.0,2.5762955e-09,2.5762955e-09
B3GNT7,2,0,0.0,0.00120404279325,0.00120404279325
B3GNT8,1,0,0.0,0.3387242,0.3387242
B4GALNT4,1,0,0.0,0.0003190259,0.0003190259
B4GAT1,1,0,0.0,4.885805e-07,4.885805e-07
BAG3,1,0,0.0,0.5423921,0.5423921
BAG5,1,0,0.0,7.031182e-09,7.031182e-09
BARX2,1,0,0.0,3.7540844e-06,3.7540844e-06
BATF,1,0,0.0,8.389824e-08,8.389824e-08
BATF2,1,0,0.0,0.00019196888,0.00019196888
BBOF1,1,0,0.0,0.66247463,0.66247463
BCCIP,1,0,0.0,0.42131156,0.42131156
BCDIN3D,1,0,0.0,0.0034232899,0.0034232899
BCL2,1,0,0.0,0.04191901,0.04191901
BCL2L1,1,0,0.0,0.001646429,0.001646429
BCL2L10,2,0,0.0,0.08585791047822,0.08585791047822
BCL2L11,2,0,0.0,0.0016646709005000001,0.0016646709005000001
BCL7B,1,0,0.0,0.4923567,0.4923567
BCL9L,1,0,0.0,1.666733e-09,1.666733e-09
BCO1,1,0,0.0,0.05412,0.05412
BECN1,1,0,0.0,1.9298334e-09,1.9298334e-09
BEGAIN,1,0,0.0,1.5579695e-09,1.5579695e-09
BEST4,2,0,0.0,0.39368000999999997,0.39368000999999997
BEX2,1,0,0.0,2.1530419e-05,2.1530419e-05
BEX5,1,0,0.0,3.034579e-12,3.034579e-12
BHLHE41,1,0,0.0,0.0006589451,0.0006589451
BICD2,2,0,0.0,0.31502480595,0.31502480595
BICRA,1,0,0.0,3.1298726e-09,3.1298726e-09
BID,1,0,0.0,0.00204828,0.00204828
BIRC8,1,0,0.0,0.0046712314,0.0046712314
BLID,1,0,0.0,0.0045169634,0.0045169634
BLOC1S5,2,0,0.0,0.000485222355,0.000485222355
BLZF1,2,0,0.0,0.36644143322837114,0.36644143322837114
BMERB1,1,0,0.0,0.42463773,0.42463773
BMP15,4,0,0.0,4.9046775175e-08,2.3418554500000002e-09
BMP4,1,0,0.0,0.02708621,0.02708621
BMP7,1,0,0.0,0.09326896,0.09326896
BNIP3,3,0,0.0,0.11789735750645668,0.00035624858
BNIPL,1,0,0.0,0.29283616,0.29283616
BOLA3,1,0,0.0,0.25250474,0.25250474
BOLL,1,0,0.0,0.7106168,0.7106168
BOP1,2,0,0.0,0.0026472416065677,0.0026472416065677
BPIFA2,1,0,0.0,0.20024227,0.20024227
BPIFB1,2,0,0.0,0.371339665,0.371339665
BRCC3,1,0,0.0,6.209017e-14,6.209017e-14
BRD2,6,0,0.0,0.43553653666666664,0.516783065
BRICD5,1,0,0.0,3.130219e-09,3.130219e-09
BRMS1,2,0,0.0,0.39453614,0.39453614
BROX,1,0,0.0,0.6146599,0.6146599
BSND,2,0,0.0,0.6150576,0.6150576
BSPRY,1,0,0.0,6.2203134e-07,6.2203134e-07
BSX,1,0,0.0,3.668173e-08,3.668173e-08
BTBD17,1,0,0.0,0.0031996318,0.0031996318
BTBD2,2,0,0.0,0.355443715040449,0.355443715040449
BTBD6,1,0,0.0,0.5869302,0.5869302
BTD,1,0,0.0,0.0012038563,0.0012038563
BTF3,1,0,0.0,0.16068713,0.16068713
BUB3,1,0,0.0,0.05556054,0.05556054
BUD13,3,0,0.0,0.20354760600000002,0.26719385
BUD23,1,0,0.0,0.31391755,0.31391755
BVES,1,0,0.0,0.20602076,0.20602076
C10orf53,1,0,0.0,6.446712e-13,6.446712e-13
C11orf80,1,0,0.0,0.4970856,0.4970856
C12orf29,1,0,0.0,0.535542,0.535542
C12orf57,1,0,0.0,0.646408,0.646408
C12orf66,2,0,0.0,0.25641774500000003,0.25641774500000003
C14orf177,1,0,0.0,0.6445034,0.6445034
C15orf54,1,0,0.0,0.22345519,0.22345519
C16orf54,2,0,0.0,8.848695805e-09,8.848695805e-09
C16orf89,1,0,0.0,2.3028657e-05,2.3028657e-05
C17orf64,1,0,0.0,5.8202136e-07,5.8202136e-07
C17orf67,1,0,0.0,1.1848854e-05,1.1848854e-05
C18orf21,2,0,0.0,0.35085014999999997,0.35085014999999997
C19orf12,1,0,0.0,0.5010136,0.5010136
C1GALT1,1,0,0.0,0.057823572,0.057823572
C1GALT1C1L,1,0,0.0,1.2745459e-05,1.2745459e-05
C1QBP,1,0,0.0,0.41312134,0.41312134
C1QL2,1,0,0.0,2.3037861e-05,2.3037861e-05
C1QL4,1,0,0.0,2.6400028e-05,2.6400028e-05
C1QTNF6,2,0,0.0,0.27546628,0.27546628
C1QTNF9B,1,0,0.0,1.3147081e-08,1.3147081e-08
C1orf122,1,0,0.0,0.5153433,0.5153433
C1orf158,1,0,0.0,6.371824e-13,6.371824e-13
C1orf194,1,0,0.0,0.09824999,0.09824999
C1orf21,1,0,0.0,0.63741153,0.63741153
C1orf56,1,0,0.0,0.31751615,0.31751615
C1orf94,4,0,0.0,0.15326204734999999,0.175547907
C2,2,0,0.0,0.3415717981047,0.3415717981047
C22orf23,1,0,0.0,0.15937142,0.15937142
C2CD2L,4,0,0.0,0.11851583774999999,0.1025912435
C2orf68,1,0,0.0,3.9991642e-07,3.9991642e-07
C3orf18,1,0,0.0,2.5993474e-09,2.5993474e-09
C5orf24,1,0,0.0,0.12935576,0.12935576
C9orf116,2,0,0.0,0.075823351827413,0.075823351827413
C9orf43,2,0,0.0,0.58274525,0.58274525
C9orf85,1,0,0.0,0.040381934,0.040381934
CA4,1,0,0.0,4.1168717e-09,4.1168717e-09
CA6,1,0,0.0,0.2526617,0.2526617
CAB39L,1,0,0.0,0.044373292,0.044373292
CACNG1,1,0,0.0,0.6109424,0.6109424
CACNG5,1,0,0.0,0.706686,0.706686
CADM3,1,0,0.0,0.09500486,0.09500486
CAGE1,1,0,0.0,0.53960526,0.53960526
CALCA,3,0,0.0,0.21388115056666668,0.0039374544
CALCOCO1,3,0,0.0,0.4186007719926666,0.6156189
CALHM1,1,0,0.0,0.058465354,0.058465354
CALHM2,3,0,0.0,0.03181243083518009,9.757505e-06
CALM3,1,0,0.0,0.20544486,0.20544486
CALML5,2,0,0.0,1.5965444e-06,1.5965444e-06
CALY,1,0,0.0,0.5947154,0.5947154
CAMK2A,2,0,0.0,0.3012022515,0.3012022515
CAMP,1,0,0.0,3.3829975e-10,3.3829975e-10
CAPN13,4,0,0.0,0.18919369477737,0.12955334383612502
CAPN15,1,0,0.0,0.0029550071,0.0029550071
CAPN5,3,0,0.0,0.00961164981325,2.303896e-05
CAPN9,1,0,0.0,0.28533974,0.28533974
CAPZA2,1,0,0.0,0.43264735,0.43264735
CARD10,2,0,0.0,0.0058747935505,0.0058747935505
CARD16,3,0,0.0,0.3720392066666667,0.31890163
CASQ1,1,0,0.0,0.6499473,0.6499473
CASQ2,4,0,0.0,0.29482974046480076,0.253784030683897
CASS4,5,0,0.0,0.16795721828000001,0.16526355
CATIP,1,0,0.0,0.5583526,0.5583526
CATSPERE,1,0,0.0,0.38473514,0.38473514
CATSPERZ,1,0,0.0,0.001218224,0.001218224
CAV2,3,0,0.0,0.050400469160587165,0.019548286
CBLN3,1,0,0.0,3.106679e-07,3.106679e-07
CBWD6,1,0,0.0,2.378255e-08,2.378255e-08
CBX4,1,0,0.0,0.008028386,0.008028386
CBX7,1,0,0.0,7.2553994e-09,7.2553994e-09
CBX8,2,0,0.0,5.07837165985e-07,5.07837165985e-07
CC2D1B,2,0,0.0,0.269349292540985,0.269349292540985
CCBE1,2,0,0.0,0.316137456567876,0.316137456567876
CCDC102A,1,0,0.0,5.0051487e-09,5.0051487e-09
CCDC106,1,0,0.0,4.5291227e-08,4.5291227e-08
CCDC12,2,0,0.0,1.05359685e-08,1.05359685e-08
CCDC122,1,0,0.0,0.007991608,0.007991608
CCDC14,1,0,0.0,2.028649e-09,2.028649e-09
CCDC15,1,0,0.0,0.40638152,0.40638152
CCDC157,3,0,0.0,0.2760928243333333,0.31180224
CCDC17,1,0,0.0,7.623111e-05,7.623111e-05
CCDC183,1,0,0.0,0.5641407,0.5641407
CCDC184,3,0,0.0,0.25656263769710996,0.22967643
CCDC189,1,0,0.0,0.0063103153,0.0063103153
CCDC25,1,0,0.0,0.11685116,0.11685116
CCDC3,2,0,0.0,0.2757965855,0.2757965855
CCDC34,1,0,0.0,0.005989771,0.005989771
CCDC39,4,0,0.0,0.064818186013645,0.0333033673726
CCDC47,1,0,0.0,0.16778658,0.16778658
CCDC54,3,0,0.0,0.29920340333333334,0.30236486
CCDC68,2,0,0.0,0.37512664500000004,0.37512664500000004
CCDC74A,1,0,0.0,0.67401695,0.67401695
CCDC78,1,0,0.0,2.7531632e-07,2.7531632e-07
CCDC83,1,0,0.0,0.625719,0.625719
CCDC89,2,0,0.0,0.31152688,0.31152688
CCDC9,3,0,0.0,0.14556650875618435,1.6171462e-08
CCDC9B,1,0,0.0,0.017475637,0.017475637
CCL11,1,0,0.0,0.053137332,0.053137332
CCL19,1,0,0.0,0.623407,0.623407
CCL2,1,0,0.0,0.1840839,0.1840839
CCL20,1,0,0.0,3.6641604e-06,3.6641604e-06
CCL5,1,0,0.0,0.15100004,0.15100004
CCN2,2,0,0.0,0.1501340890193,0.1501340890193
CCNB1,1,0,0.0,0.19568083,0.19568083
CCNC,1,0,0.0,0.31323865,0.31323865
CCNG1,1,0,0.0,0.0017749243,0.0017749243
CCNG2,1,0,0.0,0.3678806,0.3678806
CCNK,1,0,0.0,0.00013986115,0.00013986115
CCNO,1,0,0.0,2.8719902e-09,2.8719902e-09
CCPG1,2,0,0.0,0.6013457849999999,0.6013457849999999
CCR10,1,0,0.0,3.673849e-06,3.673849e-06
CCR4,2,0,0.0,0.422552795,0.422552795
CCT7,1,0,0.0,0.06115458,0.06115458
CD164,2,0,0.0,0.23861863655,0.23861863655
CD177,3,0,0.0,0.24264750040131633,1.0117377e-07
CD1D,2,0,0.0,0.3422419905,0.3422419905
CD200R1L,2,0,0.0,0.18514249500000002,0.18514249500000002
CD247,1,0,0.0,0.3512906,0.3512906
CD300LD,3,0,0.0,0.22175563290956565,0.028559638
CD320,1,0,0.0,6.422731e-09,6.422731e-09
CD34,3,0,0.0,0.10434427894935024,3.4061017e-08
CD4,2,0,0.0,0.44676083499999997,0.44676083499999997
CD58,2,0,0.0,0.45098268999999996,0.45098268999999996
CDC27,2,0,0.0,0.3731887965,0.3731887965
CDC40,1,0,0.0,2.0880499e-08,2.0880499e-08
CDC42EP1,1,0,0.0,1.7620007e-08,1.7620007e-08
CDC45,1,0,0.0,0.6753365,0.6753365
CDCA4,2,0,0.0,0.32238627980375,0.32238627980375
CDCA5,1,0,0.0,0.24175148,0.24175148
CDH2,2,0,0.0,0.302237875,0.302237875
CDH22,4,0,0.0,0.020063573228625002,0.00031913635
CDH24,1,0,0.0,0.53602284,0.53602284
CDHR4,1,0,0.0,0.0021114715,0.0021114715
CDK11B,1,0,0.0,2.8692273e-07,2.8692273e-07
CDK16,2,0,0.0,2.2716782e-05,2.2716782e-05
CDK5R2,2,0,0.0,0.18921482254098002,0.18921482254098002
CDK6,1,0,0.0,7.1283884e-10,7.1283884e-10
CDK9,2,0,0.0,0.087013838251195,0.087013838251195
CDKN1A,2,0,0.0,0.269536905199175,0.269536905199175
CDKN2AIP,3,0,0.0,0.08597089593,0.036560934
CDPF1,1,0,0.0,0.5344845,0.5344845
CDT1,1,0,0.0,0.00070956966,0.00070956966
CDX2,1,0,0.0,0.0001919784,0.0001919784
CEACAM16,2,0,0.0,0.09254878999999999,0.09254878999999999
CEACAM21,2,0,0.0,0.069726654855,0.069726654855
CEACAM4,1,0,0.0,0.0026935658,0.0026935658
CEACAM8,2,0,0.0,0.184077075,0.184077075
CEBPD,1,0,0.0,7.674587e-11,7.674587e-11
CENPBD1,1,0,0.0,0.4881879,0.4881879
CENPC,3,0,0.0,0.0626448858911,0.008084177
CENPQ,1,0,0.0,2.5934987e-09,2.5934987e-09
CENPV,1,0,0.0,0.50756705,0.50756705
CEP152,4,0,0.0,0.233873708365425,0.1494028675
CEP162,1,0,0.0,1.3098099e-08,1.3098099e-08
CEP170B,3,0,0.0,0.07015119756828485,0.00083703245
CERK,1,0,0.0,0.5898931,0.5898931
CERS1,2,0,0.0,0.05453234850000001,0.05453234850000001
CERS2,1,0,0.0,0.012509524,0.012509524
CERT1,1,0,0.0,0.003551871,0.003551871
CFAP299,1,0,0.0,0.741199,0.741199
CFAP410,2,0,0.0,0.30131524149654,0.30131524149654
CFAP46,2,0,0.0,0.3384000075,0.3384000075
CFAP77,5,0,0.0,0.33712003514731287,0.5076884
CFAP97,1,0,0.0,0.18007456,0.18007456
CGB7,1,0,0.0,0.66647416,0.66647416
CHAC1,1,0,0.0,0.6550734,0.6550734
CHAD,1,0,0.0,0.0080198655,0.0080198655
CHCHD4,1,0,0.0,7.836589e-05,7.836589e-05
CHCHD7,1,0,0.0,6.983469e-07,6.983469e-07
CHERP,1,0,0.0,0.0004894336,0.0004894336
CHM,4,0,0.0,1.6922284354025002e-07,6.0791927e-10
CHMP2B,1,0,0.0,0.000806959,0.000806959
CHMP7,1,0,0.0,0.35385272,0.35385272
CHORDC1,2,0,0.0,0.47358845,0.47358845
CHRDL2,4,0,0.0,0.05177912171580075,8.03475303e-05
CHST11,1,0,0.0,0.3181909,0.3181909
CHST13,1,0,0.0,1.2043677e-08,1.2043677e-08
CHST4,2,0,0.0,0.204986354,0.204986354
CHST7,2,0,0.0,0.018966065570675,0.018966065570675
CHTF18,1,0,0.0,0.10147121,0.10147121
CIB1,1,0,0.0,0.5923258,0.5923258
CIB4,2,0,0.0,0.324492052934185,0.324492052934185
CKB,1,0,0.0,0.7477244,0.7477244
CLCF1,2,0,0.0,0.044591480005804575,0.044591480005804575
CLCN2,1,0,0.0,0.72069246,0.72069246
CLCN5,2,0,0.0,0.14096440000000152,0.14096440000000152
CLDN16,1,0,0.0,0.06503116,0.06503116
CLDN17,1,0,0.0,0.3051402,0.3051402
CLDN19,1,0,0.0,5.726481e-09,5.726481e-09
CLDN20,1,0,0.0,1.1454878e-06,1.1454878e-06
CLDN6,2,0,0.0,0.35955751,0.35955751
CLDN7,1,0,0.0,0.5521618,0.5521618
CLDN8,2,0,0.0,0.051925786200000004,0.051925786200000004
CLEC12A,2,0,0.0,0.146239606595,0.146239606595
CLEC16A,1,0,0.0,0.73818564,0.73818564
CLEC17A,1,0,0.0,0.18585354,0.18585354
CLEC2B,1,0,0.0,0.0014389368,0.0014389368
CLEC2L,1,0,0.0,0.6327011,0.6327011
CLEC3B,1,0,0.0,0.21669193,0.21669193
CLEC4G,1,0,0.0,0.006676529,0.006676529
CLEC6A,1,0,0.0,0.3079424,0.3079424
CLHC1,1,0,0.0,0.02672413,0.02672413
CLIP2,3,0,0.0,0.0008267840644106667,1.4277523e-06
CLLU1,1,0,0.0,0.14002337,0.14002337
CLMP,1,0,0.0,0.3485841,0.3485841
CLN3,1,0,0.0,3.6476897e-07,3.6476897e-07
CLN8,1,0,0.0,0.44209895,0.44209895
CLNS1A,1,0,0.0,0.25457674,0.25457674
CLPB,3,0,0.0,0.17620254,0.151441
CLSTN1,1,0,0.0,3.613385e-07,3.613385e-07
CLTRN,1,0,0.0,0.49908686,0.49908686
CLUAP1,2,0,0.0,0.010377972501194734,0.010377972501194734
CLUH,5,0,0.0,0.26227116114636795,5.72671e-09
CMAS,1,0,0.0,3.28175e-06,3.28175e-06
CMIP,1,0,0.0,0.17818835,0.17818835
CMKLR1,1,0,0.0,0.020745065,0.020745065
CMTM8,1,0,0.0,0.14641844,0.14641844
CMTR2,1,0,0.0,0.0003731012,0.0003731012
CNEP1R1,1,0,0.0,0.081724554,0.081724554
CNNM1,2,0,0.0,4.632124265e-08,4.632124265e-08
CNNM3,1,0,0.0,1.0651218e-06,1.0651218e-06
CNOT7,1,0,0.0,0.32406667,0.32406667
COL21A1,3,0,0.0,0.022684186633333336,0.0050695734
COL8A1,5,0,0.0,0.2987234124971961,0.13010572
COL9A2,1,0,0.0,1.565117e-10,1.565117e-10
COLCA2,1,0,0.0,0.032429453,0.032429453
COMT,1,0,0.0,0.0015570372,0.0015570372
COPS7B,1,0,0.0,0.19777746,0.19777746
COQ6,1,0,0.0,0.000897117,0.000897117
COQ8B,2,0,0.0,0.2116732815,0.2116732815
CORO2B,3,0,0.0,0.20748962630746662,0.033591423
CORO7-PAM16,1,0,0.0,0.00015953316,0.00015953316
COX15,2,0,0.0,0.6605289000000001,0.6605289000000001
COX5A,1,0,0.0,0.0504939,0.0504939
COX7B2,1,0,0.0,0.047300056,0.047300056
CPEB1,1,0,0.0,0.673952,0.673952
CPLX2,1,0,0.0,0.01958409,0.01958409
CPLX3,1,0,0.0,1.8204783e-09,1.8204783e-09
CPOX,2,0,0.0,0.22993626814999998,0.22993626814999998
CPSF4,1,0,0.0,0.17784524,0.17784524
CRACR2A,2,0,0.0,0.525994285,0.525994285
CRACR2B,3,0,0.0,7.834188895433333e-09,1.8239122e-09
CRADD,1,0,0.0,0.43651003,0.43651003
CRAMP1,1,0,0.0,0.0013038123,0.0013038123
CREBL2,2,0,0.0,0.00010023627530000001,0.00010023627530000001
CREG2,1,0,0.0,0.00016138937,0.00016138937
CRHR1,1,0,0.0,0.48266548,0.48266548
CRISP2,1,0,0.0,0.025307782,0.025307782
CRLF3,2,0,0.0,0.356851268,0.356851268
CRYBA2,1,0,0.0,0.028064538,0.028064538
CRYZ,1,0,0.0,0.41314587,0.41314587
CSAD,1,0,0.0,0.36160737,0.36160737
CSDC2,1,0,0.0,0.17973462,0.17973462
CSF2,1,0,0.0,0.09883131,0.09883131
CSGALNACT1,1,0,0.0,0.3034579,0.3034579
CSNK1A1L,2,0,0.0,9.722700415e-06,9.722700415e-06
CSRNP2,2,0,0.0,0.18183024350000002,0.18183024350000002
CSRNP3,1,0,0.0,0.5073761,0.5073761
CST11,1,0,0.0,0.054107416,0.054107416
CST9,1,0,0.0,0.55444574,0.55444574
CST9L,1,0,0.0,1.3526609e-05,1.3526609e-05
CSTF3,1,0,0.0,0.09014187,0.09014187
CTPS2,2,0,0.0,0.33935192000108416,0.33935192000108416
CTRL,2,0,0.0,0.32060194,0.32060194
CTSB,1,0,0.0,0.55827993,0.55827993
CTSD,2,0,0.0,3.8759824381265e-08,3.8759824381265e-08
CTSF,4,0,0.0,0.15404759293009057,0.132436003735731
CUL3,1,0,0.0,0.00069890573,0.00069890573
CUZD1,1,0,0.0,0.18658428,0.18658428
CWC22,1,0,0.0,0.6588367,0.6588367
CWC27,1,0,0.0,0.42174035,0.42174035
CXCL16,1,0,0.0,0.08486517,0.08486517
CXCR4,1,0,0.0,0.2932953,0.2932953
CXCR6,1,0,0.0,0.17873704,0.17873704
CXXC4,1,0,0.0,0.41583624,0.41583624
CXorf56,2,0,0.0,0.693552885,0.693552885
CYB561D2,1,0,0.0,0.46130732,0.46130732
CYB5R1,1,0,0.0,8.455397e-09,8.455397e-09
CYB5R2,1,0,0.0,6.31883e-08,6.31883e-08
CYBB,3,0,0.0,0.10357209090068936,2.8432702e-05
CYC1,1,0,0.0,0.2726115,0.2726115
CYFIP1,5,0,0.0,0.2192059924008848,0.00067818596
CYLC1,1,0,0.0,0.0048362506,0.0048362506
CYP11A1,4,0,0.0,0.3203982975,0.27864843
CYP21A2,1,0,0.0,3.3337297e-08,3.3337297e-08
CYP26C1,1,0,0.0,0.0393865,0.0393865
CYP27A1,1,0,0.0,0.0038243346,0.0038243346
CYP2C8,4,0,0.0,0.14305923263396947,2.551522626322e-05
CYP4V2,1,0,0.0,0.008011653,0.008011653
CYTH3,2,0,0.0,0.07899943499999999,0.07899943499999999
DAAM2,1,0,0.0,6.7961786e-08,6.7961786e-08
DAOA,1,0,0.0,0.11223573,0.11223573
DBT,2,0,0.0,0.6051910899999999,0.6051910899999999
DBX2,2,0,0.0,0.20441511235,0.20441511235
DCAF13,1,0,0.0,6.6043043e-12,6.6043043e-12
DCAF17,1,0,0.0,0.6664527,0.6664527
DCLRE1A,1,0,0.0,1.0625813e-08,1.0625813e-08
DCT,2,0,0.0,0.10755571532500001,0.10755571532500001
DCTN3,1,0,0.0,0.015974548,0.015974548
DCUN1D5,1,0,0.0,1.7667783e-09,1.7667783e-09
DDAH2,1,0,0.0,0.0020407788,0.0020407788
DDB2,1,0,0.0,3.0808722e-05,3.0808722e-05
DDX1,1,0,0.0,6.276965e-06,6.276965e-06
DDX20,1,0,0.0,0.11013063,0.11013063
DDX25,1,0,0.0,2.6719664e-07,2.6719664e-07
DDX27,1,0,0.0,0.015623681,0.015623681
DDX39A,1,0,0.0,0.004893103,0.004893103
DDX41,4,0,0.0,0.37713625263850004,0.46510724000000003
DEDD2,1,0,0.0,0.2508416,0.2508416
DEFB108B,1,0,0.0,7.8334233e-07,7.8334233e-07
DEFB113,3,0,0.0,0.04435996553007094,2.6657156e-07
DEFB116,1,0,0.0,0.23936282,0.23936282
DEFB125,1,0,0.0,0.097345434,0.097345434
DEFB127,1,0,0.0,0.00086184044,0.00086184044
DEGS2,1,0,0.0,2.4820434e-08,2.4820434e-08
DENND11,1,0,0.0,0.0005456026,0.0005456026
DENND6B,1,0,0.0,1.315458e-08,1.315458e-08
DEPDC7,1,0,0.0,0.26937374,0.26937374
DERL3,1,0,0.0,0.55231494,0.55231494
DESI1,1,0,0.0,3.0366817e-07,3.0366817e-07
DEUP1,3,0,0.0,0.23940003285297803,0.15464193
DGKA,2,0,0.0,0.6376287700000001,0.6376287700000001
DGKQ,2,0,0.0,0.0013465740505144998,0.0013465740505144998
DGLUCY,2,0,0.0,1.6201615e-08,1.6201615e-08
DHDH,2,0,0.0,0.052950760433479994,0.052950760433479994
DHH,1,0,0.0,9.365825e-09,9.365825e-09
DHPS,1,0,0.0,0.064776726,0.064776726
DHRS13,3,0,0.0,0.3738189292068253,0.3714787
DHRS7,1,0,0.0,5.930082e-05,5.930082e-05
DHRS7B,1,0,0.0,0.54603934,0.54603934
DHX15,2,0,0.0,8.147433e-07,8.147433e-07
DIAPH1,2,0,0.0,0.15611223005,0.15611223005
DIO1,1,0,0.0,0.6540803,0.6540803
DIPK1B,1,0,0.0,0.3679888,0.3679888
DIPK2A,1,0,0.0,0.0061560636,0.0061560636
DIS3,3,0,0.0,0.13782350757015804,0.0013447227
DIXDC1,1,0,0.0,2.6903973e-07,2.6903973e-07
DLG1,3,0,0.0,0.07945124023333333,0.0061665513
DLG3,1,0,0.0,1.3250946e-09,1.3250946e-09
DLL1,3,0,0.0,0.32165999636933335,0.29301834
DLX2,1,0,0.0,1.0523899e-11,1.0523899e-11
DLX3,1,0,0.0,0.20871776,0.20871776
DMAP1,1,0,0.0,0.47351083,0.47351083
DMRTC2,1,0,0.0,0.3459713,0.3459713
DNAAF2,3,0,0.0,0.21191258449633332,0.0009200098
DNAAF3,1,0,0.0,0.2548167,0.2548167
DNAH6,1,0,0.0,0.067560956,0.067560956
DNAI2,1,0,0.0,0.5304189,0.5304189
DNAJB1,2,0,0.0,0.0002190700375,0.0002190700375
DNAJB7,1,0,0.0,3.2809466e-10,3.2809466e-10
DNAJC16,3,0,0.0,1.2784300977000001e-05,8.508292e-07
DNAJC18,1,0,0.0,0.028010141,0.028010141
DNAJC7,1,0,0.0,0.049194295,0.049194295
DNAJC8,1,0,0.0,1.0724865e-09,1.0724865e-09
DNASE2,1,0,0.0,3.51521e-06,3.51521e-06
DNASE2B,1,0,0.0,0.00064083864,0.00064083864
DNM1L,2,0,0.0,0.36528577365622,0.36528577365622
DNM3,2,0,0.0,6.7235432345e-09,6.7235432345e-09
DNTT,4,0,0.0,0.001563994018856627,0.00010203087677
DNTTIP2,1,0,0.0,0.002033281,0.002033281
DPP3,1,0,0.0,0.4892965,0.4892965
DPP8,1,0,0.0,0.72870123,0.72870123
DPP9,1,0,0.0,0.13335562,0.13335562
DPPA3,1,0,0.0,0.60536766,0.60536766
DPPA5,1,0,0.0,0.56924963,0.56924963
DPRX,2,0,0.0,0.10900159000000001,0.10900159000000001
DPT,4,0,0.0,0.5765190175,0.6991385299999999
DPY19L3,1,0,0.0,0.632192,0.632192
DPYSL4,1,0,0.0,0.14597313,0.14597313
DRAM1,1,0,0.0,0.22698008,0.22698008
DRD3,2,0,0.0,0.0029099648340147,0.0029099648340147
DSPP,1,0,0.0,0.13876624,0.13876624
DTNBP1,1,0,0.0,0.57942,0.57942
DUOX1,2,0,0.0,0.60210106,0.60210106
DUOXA1,1,0,0.0,0.3501466,0.3501466
DUS2,2,0,0.0,0.34439959,0.34439959
DUSP13,1,0,0.0,2.3466213e-05,2.3466213e-05
DUSP18,1,0,0.0,0.32285833,0.32285833
DUSP3,1,0,0.0,0.6368443,0.6368443
DUSP4,1,0,0.0,0.00015674334,0.00015674334
DUSP6,1,0,0.0,0.5418499,0.5418499
DUSP8,1,0,0.0,1.281173e-07,1.281173e-07
DUSP9,3,0,0.0,0.09384382808701332,0.00057214644
DVL3,1,0,0.0,0.6652387,0.6652387
DYNAP,2,0,0.0,0.39366844,0.39366844
DYRK3,1,0,0.0,0.67028815,0.67028815
DYTN,2,0,0.0,0.0007759243289925,0.0007759243289925
EARS2,2,0,0.0,0.3311813731204,0.3311813731204
EBLN2,1,0,0.0,0.18386044,0.18386044
ECE2,2,0,0.0,9.4012605e-09,9.4012605e-09
ECHDC2,1,0,0.0,0.053206764,0.053206764
ECHS1,2,0,0.0,0.08536297018501911,0.08536297018501911
ECI2,1,0,0.0,0.25226396,0.25226396
ECSIT,1,0,0.0,0.22766304,0.22766304
EDA2R,1,0,0.0,7.848978e-07,7.848978e-07
EDAR,2,0,0.0,0.195472685,0.195472685
EDDM3A,2,0,0.0,0.27386435,0.27386435
EDDM3B,3,0,0.0,0.06340857655333333,0.05875266
EFCAB1,1,0,0.0,0.32228714,0.32228714
EFNA3,2,0,0.0,0.129053514715,0.129053514715
EFNA5,2,0,0.0,0.41327297500000004,0.41327297500000004
EFNB1,1,0,0.0,0.008098573,0.008098573
EFNB2,2,0,0.0,0.3434690215,0.3434690215
EGFL7,1,0,0.0,0.536207,0.536207
EHD2,1,0,0.0,2.0282494e-10,2.0282494e-10
EHF,2,0,0.0,2.14436005e-07,2.14436005e-07
EHHADH,4,0,0.0,0.05590342291,0.0075105829
EHMT1,3,0,0.0,0.0943729451872,0.0050906814
EIF2A,2,0,0.0,0.52160551,0.52160551
EIF2B5,2,0,0.0,0.001910436869605,0.001910436869605
EIF3J,1,0,0.0,0.47939757,0.47939757
EIF3K,1,0,0.0,0.1447217,0.1447217
EIF4A3,2,0,0.0,0.17140152749999998,0.17140152749999998
EIF5A,1,0,0.0,6.4706355e-06,6.4706355e-06
ELFN2,3,0,0.0,0.23735959302133333,0.06782682
ELK1,3,0,0.0,0.33370048668731855,0.2690089
ELMO3,1,0,0.0,0.17519966,0.17519966
ELMOD2,1,0,0.0,0.13768141,0.13768141
ELOA,2,0,0.0,0.31039696499999997,0.31039696499999997
ELOVL6,1,0,0.0,0.6294129,0.6294129
ELP5,2,0,0.0,1.24520444965e-10,1.24520444965e-10
EMC10,1,0,0.0,0.3672094,0.3672094
EMC6,1,0,0.0,0.6885282,0.6885282
EMC8,1,0,0.0,0.0053216014,0.0053216014
EMC9,1,0,0.0,0.008010205,0.008010205
EME1,2,0,0.0,0.334118665,0.334118665
EMG1,1,0,0.0,0.00019159804,0.00019159804
EMID1,1,0,0.0,0.084743984,0.084743984
EML3,1,0,0.0,0.09062948,0.09062948
EML5,5,0,0.0,0.01841800594479586,2.0146642e-08
EMX1,1,0,0.0,4.6657633e-10,4.6657633e-10
EN2,1,0,0.0,2.2209173e-05,2.2209173e-05
ENDOU,1,0,0.0,0.000383824,0.000383824
ENDOV,2,0,0.0,1.29845633e-08,1.29845633e-08
ENO2,2,0,0.0,0.20178076699999997,0.20178076699999997
ENOPH1,3,0,0.0,0.053476796808733344,9.608756e-05
ENOX1,1,0,0.0,0.05978403,0.05978403
ENTPD4,2,0,0.0,0.37240671265,0.37240671265
ENTPD5,1,0,0.0,0.109232984,0.109232984
ENTPD8,1,0,0.0,0.7477352,0.7477352
EOLA1,1,0,0.0,2.1238161e-10,2.1238161e-10
EPC2,1,0,0.0,0.00085068285,0.00085068285
EPCAM,1,0,0.0,0.0016745602,0.0016745602
EPHB3,1,0,0.0,0.059829418,0.059829418
EPHX1,1,0,0.0,0.538175,0.538175
EPN2,1,0,0.0,0.015263565,0.015263565
EPN3,2,0,0.0,1.523635e-08,1.523635e-08
EPRS1,5,0,0.0,0.22950431778459998,0.12974025
EPS8L1,3,0,0.0,0.23449064730702426,1.3808792e-05
ERAS,1,0,0.0,0.62986493,0.62986493
ERBB3,3,0,0.0,0.13408858792,0.00034937382
ERCC4,7,0,0.0,0.12862511158285714,0.06766057
EREG,1,0,0.0,0.6999433,0.6999433
ERLIN1,1,0,0.0,7.828248e-07,7.828248e-07
ERO1B,1,0,0.0,0.23137234,0.23137234
ESCO2,1,0,0.0,0.19745307,0.19745307
ESPN,1,0,0.0,2.3279497e-07,2.3279497e-07
ESRRA,1,0,0.0,0.008016599,0.008016599
ESYT3,1,0,0.0,1.4674575e-08,1.4674575e-08
ETF1,3,0,0.0,0.15832636866666666,0.12799066
ETFB,2,0,0.0,0.3654178700000258,0.3654178700000258
ETNK1,1,0,0.0,0.0021620565,0.0021620565
ETNK2,1,0,0.0,0.16262761,0.16262761
EVI2A,1,0,0.0,0.70834047,0.70834047
EWSR1,2,0,0.0,0.32453400000000177,0.32453400000000177
EXD2,1,0,0.0,0.07889239,0.07889239
EXD3,4,0,0.0,0.001124338505978955,8.29828e-07
EXOC6B,1,0,0.0,7.977572e-10,7.977572e-10
EXOG,1,0,0.0,0.0037543434,0.0037543434
EXOSC3,1,0,0.0,0.39704952,0.39704952
EXOSC5,1,0,0.0,0.69970596,0.69970596
EXTL1,1,0,0.0,0.5425756,0.5425756
F11R,2,0,0.0,0.0242701073,0.0242701073
F2RL1,1,0,0.0,5.244853e-07,5.244853e-07
F2RL3,2,0,0.0,1.1123112643599999e-05,1.1123112643599999e-05
FAAP20,1,0,0.0,7.411071e-07,7.411071e-07
FADS1,3,0,0.0,2.544859214666667e-07,1.8564982e-08
FAM107B,2,0,0.0,0.040828354935,0.040828354935
FAM111B,3,0,0.0,0.2639670734333333,0.05488218
FAM117B,1,0,0.0,6.957561e-11,6.957561e-11
FAM124B,1,0,0.0,0.55013585,0.55013585
FAM126B,1,0,0.0,0.00028097152,0.00028097152
FAM133A,1,0,0.0,5.960935e-14,5.960935e-14
FAM155A,2,0,0.0,0.2651607951295,0.2651607951295
FAM160A2,2,0,0.0,0.2697700465,0.2697700465
FAM161B,2,0,0.0,4.668941135e-05,4.668941135e-05
FAM163B,1,0,0.0,1.6390869e-10,1.6390869e-10
FAM167A,1,0,0.0,0.08244153,0.08244153
FAM168B,2,0,0.0,2.68936945e-08,2.68936945e-08
FAM181B,1,0,0.0,1.4669175e-08,1.4669175e-08
FAM210B,1,0,0.0,0.24090359,0.24090359
FAM217B,3,0,0.0,0.11190876233333334,0.14353175
FAM21FP,1,0,0.0,3.8726844e-09,3.8726844e-09
FAM220A,1,0,0.0,0.6650636,0.6650636
FAM27E5,1,0,0.0,0.04900219,0.04900219
FAM53C,1,0,0.0,0.18854147,0.18854147
FAM83C,4,0,0.0,0.00968215607432575,0.00166315156
FAM89B,1,0,0.0,0.71939546,0.71939546
FAM9B,1,0,0.0,0.42186227,0.42186227
FANCG,1,0,0.0,0.00092050695,0.00092050695
FANK1,1,0,0.0,0.17603955,0.17603955
FARP1,5,0,0.0,0.09603172850239554,2.2677069e-08
FARP2,1,0,0.0,0.0040252833,0.0040252833
FASLG,1,0,0.0,3.1264182e-09,3.1264182e-09
FASN,4,0,0.0,0.048188538870694124,0.01190413485
FAXDC2,1,0,0.0,0.5651511,0.5651511
FBXL12,1,0,0.0,0.055204883,0.055204883
FBXL16,1,0,0.0,4.550135e-09,4.550135e-09
FBXL17,2,0,0.0,7.40260026644e-08,7.40260026644e-08
FBXL19,2,0,0.0,0.11964893500783358,0.11964893500783358
FBXL2,1,0,0.0,0.014850598,0.014850598
FBXL22,1,0,0.0,0.25779766,0.25779766
FBXL3,1,0,0.0,0.007983832,0.007983832
FBXO15,2,0,0.0,0.32056664944999996,0.32056664944999996
FBXO21,1,0,0.0,0.0048509333,0.0048509333
FBXO27,1,0,0.0,0.6026253,0.6026253
FBXO33,1,0,0.0,1.0531023e-06,1.0531023e-06
FBXO41,1,0,0.0,9.1524825e-08,9.1524825e-08
FBXO42,1,0,0.0,0.4569672,0.4569672
FBXO46,1,0,0.0,0.15188627,0.15188627
FBXW9,2,0,0.0,0.00037624435645500004,0.00037624435645500004
FCAMR,2,0,0.0,0.096572,0.096572
FCAR,2,0,0.0,0.188324375,0.188324375
FCER1A,4,0,0.0,0.21742888999999999,0.242168815
FCMR,1,0,0.0,0.5181599,0.5181599
FCRL5,5,0,0.0,0.2729935291226344,0.020820504
FEM1B,1,0,0.0,0.00022227773,0.00022227773
FER,2,0,0.0,0.0028089817999999997,0.0028089817999999997
FES,2,0,0.0,0.44476938,0.44476938
FEZF1,1,0,0.0,0.4153147,0.4153147
FGD2,1,0,0.0,0.5711338,0.5711338
FGF13,1,0,0.0,8.37026e-08,8.37026e-08
FGF2,2,0,0.0,0.35756084,0.35756084
FGF21,1,0,0.0,0.2689533,0.2689533
FGF3,1,0,0.0,0.66298723,0.66298723
FGF6,3,0,0.0,0.08516367446337998,0.104965754
FGF7,1,0,0.0,0.6345137,0.6345137
FGFRL1,2,0,0.0,4.12815803e-05,4.12815803e-05
FHL2,1,0,0.0,0.03823789,0.03823789
FHOD1,2,0,0.0,7.2118739185e-06,7.2118739185e-06
FIGLA,1,0,0.0,0.0009867755,0.0009867755
FIGNL1,2,0,0.0,0.0035195997500000005,0.0035195997500000005
FIGNL2,1,0,0.0,1.4277916e-06,1.4277916e-06
FITM2,2,0,0.0,5.4084894250000004e-09,5.4084894250000004e-09
FKBP11,1,0,0.0,3.6026702e-07,3.6026702e-07
FKBP4,1,0,0.0,0.012111541,0.012111541
FKBPL,1,0,0.0,6.677425e-09,6.677425e-09
FKRP,1,0,0.0,5.619285e-10,5.619285e-10
FLII,1,0,0.0,0.53714496,0.53714496
FLVCR2,1,0,0.0,4.844787e-05,4.844787e-05
FLYWCH1,1,0,0.0,2.6037488e-09,2.6037488e-09
FN3K,2,0,0.0,0.28980217342205,0.28980217342205
FNBP1L,1,0,0.0,1.6286565e-10,1.6286565e-10
FOLR1,2,0,0.0,0.40973496,0.40973496
FOXA3,1,0,0.0,0.00014311774,0.00014311774
FOXB1,2,0,0.0,1.51814681275e-08,1.51814681275e-08
FOXB2,2,0,0.0,0.0109226863,0.0109226863
FOXF2,1,0,0.0,0.0026620554,0.0026620554
FOXH1,1,0,0.0,9.0801583e-10,9.0801583e-10
FOXL1,2,0,0.0,0.39258329999999997,0.39258329999999997
FOXP4,1,0,0.0,0.45887172,0.45887172
FPGT-TNNI3K,2,0,0.0,3.707681074135e-09,3.707681074135e-09
FRG2,3,0,0.0,0.11424161916666666,0.05879139
FRMD4A,1,0,0.0,2.2142125e-08,2.2142125e-08
FSCN2,1,0,0.0,4.9160573e-14,4.9160573e-14
FSD2,1,0,0.0,0.16619922,0.16619922
FSTL3,1,0,0.0,2.0258735e-08,2.0258735e-08
FTCD,2,0,0.0,0.481325925,0.481325925
FTHL17,4,0,0.0,0.18588489007749998,0.18810562349999999
FTSJ1,3,0,0.0,1.4444797957333334e-10,1.6461166e-11
FUBP3,1,0,0.0,1.0243782e-06,1.0243782e-06
FUNDC1,1,0,0.0,0.100468256,0.100468256
FURIN,2,0,0.0,0.158488438205,0.158488438205
FUS,2,0,0.0,0.00285419735735,0.00285419735735
FXR1,3,0,0.0,0.18433697591433332,0.0010026476
GABARAPL1,1,0,0.0,0.028863126,0.028863126
GABARAPL2,1,0,0.0,0.25412428,0.25412428
GABRR2,2,0,0.0,0.10625577516474438,0.10625577516474438
GAD1,6,0,0.0,0.17471079401703873,0.0625980201
GADD45A,1,0,0.0,9.590123e-09,9.590123e-09
GAGE2E,1,0,0.0,0.65466547,0.65466547
GALE,3,0,0.0,0.39859817000000003,0.46181077
GALNS,3,0,0.0,0.003346717888876667,0.001945203
GALNT3,2,0,0.0,0.249415902,0.249415902
GALR2,1,0,0.0,0.10508864,0.10508864
GAN,1,0,0.0,0.11382004,0.11382004
GAP43,1,0,0.0,0.43038094,0.43038094
GAR1,1,0,0.0,0.0054227957,0.0054227957
GAS1,1,0,0.0,0.0072483146,0.0072483146
GAS2,3,0,0.0,5.01830965e-08,4.044444e-08
GAS2L1,2,0,0.0,0.25699012431054996,0.25699012431054996
GATA5,1,0,0.0,0.50781906,0.50781906
GATAD2A,1,0,0.0,0.000112599955,0.000112599955
GBA,2,0,0.0,0.069940202,0.069940202
GDF10,2,0,0.0,2.274626973575e-09,2.274626973575e-09
GDF7,1,0,0.0,1.4680846e-08,1.4680846e-08
GDI1,1,0,0.0,0.037242677,0.037242677
GDPD3,1,0,0.0,0.0021916493,0.0021916493
GFOD2,1,0,0.0,0.5512151,0.5512151
GFRA1,3,0,0.0,0.07166859717015342,3.1485616e-08
GGH,1,0,0.0,0.06755908,0.06755908
GGT6,1,0,0.0,7.611861e-06,7.611861e-06
GH2,3,0,0.0,0.220292244,0.15436508
GID4,1,0,0.0,9.557979e-10,9.557979e-10
GID8,2,0,0.0,6.43435825e-09,6.43435825e-09
GJB1,2,0,0.0,0.1756262725486,0.1756262725486
GJC2,1,0,0.0,0.05766939,0.05766939
GJD4,1,0,0.0,0.06957265,0.06957265
GLB1,2,0,0.0,0.00041905257,0.00041905257
GLIPR1L2,1,0,0.0,0.24745627,0.24745627
GLRA1,1,0,0.0,0.13170052,0.13170052
GLRA4,1,0,0.0,2.7832565e-13,2.7832565e-13
GLTP,2,0,0.0,0.62529868,0.62529868
GMPS,1,0,0.0,0.00973821,0.00973821
GNA15,1,0,0.0,0.71689683,0.71689683
GNAO1,2,0,0.0,0.149234982,0.149234982
GNAQ,1,0,0.0,0.023286935,0.023286935
GNAT2,1,0,0.0,0.24831155,0.24831155
GNAZ,2,0,0.0,0.404068255,0.404068255
GNB3,1,0,0.0,0.17056891,0.17056891
GNB4,1,0,0.0,7.2176794e-05,7.2176794e-05
GNGT1,1,0,0.0,0.46281627,0.46281627
GNL1,1,0,0.0,0.013278229,0.013278229
GNL3L,1,0,0.0,0.4662103,0.4662103
GNPTG,1,0,0.0,0.15142849,0.15142849
GNRH2,1,0,0.0,0.47630686,0.47630686
GOLM2,1,0,0.0,9.584835e-05,9.584835e-05
GORASP1,1,0,0.0,0.008006701,0.008006701
GOT1,1,0,0.0,2.4048324e-10,2.4048324e-10
GPATCH2,1,0,0.0,0.4051868,0.4051868
GPBP1L1,1,0,0.0,0.34373382,0.34373382
GPC3,1,0,0.0,0.70017797,0.70017797
GPC6,2,0,0.0,2.2233554e-13,2.2233554e-13
GPD1L,1,0,0.0,0.680432,0.680432
GPER1,2,0,0.0,0.03675344775,0.03675344775
GPHA2,1,0,0.0,7.199894e-07,7.199894e-07
GPHB5,1,0,0.0,1.8021256e-05,1.8021256e-05
GPN2,1,0,0.0,3.0279306e-08,3.0279306e-08
GPR12,1,0,0.0,0.14013332,0.14013332
GPR137,3,0,0.0,0.39713930000000003,0.34600565
GPR137B,1,0,0.0,0.0008548093,0.0008548093
GPR146,1,0,0.0,0.4339785,0.4339785
GPR150,2,0,0.0,8.92589925e-10,8.92589925e-10
GPR153,1,0,0.0,0.26156673,0.26156673
GPR155,2,0,0.0,1.8866301605000002e-06,1.8866301605000002e-06
GPR171,1,0,0.0,0.01883743,0.01883743
GPR6,2,0,0.0,0.16047087679505,0.16047087679505
GPR62,1,0,0.0,3.998005e-07,3.998005e-07
GPR82,1,0,0.0,0.744216,0.744216
GPR89A,1,0,0.0,0.00018663461,0.00018663461
GPRASP1,2,0,0.0,0.047665097919999996,0.047665097919999996
GPRIN1,1,0,0.0,2.716099e-12,2.716099e-12
GPX3,1,0,0.0,0.29284585,0.29284585
GPX4,1,0,0.0,0.64916015,0.64916015
GPX7,1,0,0.0,3.7547926e-10,3.7547926e-10
GPX8,1,0,0.0,0.007998157,0.007998157
GRAMD1B,4,0,0.0,0.164412857180363,0.001023364282451
GRAMD1C,1,0,0.0,0.12678723,0.12678723
GREM1,3,0,0.0,0.1694560904375015,0.0008405713
GREM2,1,0,0.0,0.21505494,0.21505494
GRIK1,7,0,0.0,0.23833128826632427,0.2373177
GRM7,5,0,0.0,0.2662112756458948,0.23380372
GRTP1,1,0,0.0,0.536046,0.536046
GRXCR1,1,0,0.0,0.50313836,0.50313836
GRXCR2,1,0,0.0,0.09539758,0.09539758
GSG1L,2,0,0.0,0.26941007455108,0.26941007455108
GSTA1,1,0,0.0,0.7363321,0.7363321
GSTA5,2,0,0.0,0.0360523935,0.0360523935
GSTK1,1,0,0.0,0.2638043,0.2638043
GSTM1,2,0,0.0,4.2105708e-11,4.2105708e-11
GSTT2,1,0,0.0,7.66768e-11,7.66768e-11
GSTT2B,2,0,0.0,0.24488730823535,0.24488730823535
GTF2E1,1,0,0.0,0.55097526,0.55097526
GTF2H4,3,0,0.0,0.13120923190565467,0.17694183
GTF3C4,1,0,0.0,4.8531803e-14,4.8531803e-14
GTF3C6,1,0,0.0,0.53398776,0.53398776
GTSF1L,1,0,0.0,0.2192669,0.2192669
GUCA1B,2,0,0.0,0.08274960649999999,0.08274960649999999
GXYLT2,1,0,0.0,0.013602065,0.013602065
GYG1,1,0,0.0,0.24073297,0.24073297
GZMA,1,0,0.0,0.0011503669,0.0011503669
H1-10,1,0,0.0,0.518683,0.518683
H1-3,2,0,0.0,0.45508436500000005,0.45508436500000005
H1-5,1,0,0.0,0.464496,0.464496
H1-7,2,0,0.0,1.0271516875e-09,1.0271516875e-09
H1-8,1,0,0.0,0.0046372083,0.0046372083
H2BC11,1,0,0.0,0.6422546,0.6422546
H6PD,1,0,0.0,9.626723e-05,9.626723e-05
HAAO,1,0,0.0,0.044159796,0.044159796
HABP2,2,0,0.0,0.004007033634115,0.004007033634115
HACL1,1,0,0.0,0.09192117,0.09192117
HADH,1,0,0.0,0.5853897,0.5853897
HAND1,1,0,0.0,0.0002579063,0.0002579063
HAPLN1,1,0,0.0,0.17556582,0.17556582
HARBI1,2,0,0.0,0.202420425,0.202420425
HAVCR2,3,0,0.0,0.4137979941246666,0.5398286
HBEGF,1,0,0.0,0.08626062,0.08626062
HCFC2,2,0,0.0,0.33142387500000003,0.33142387500000003
HCN4,4,0,0.0,0.151700193,0.162188385
HDAC2,3,0,0.0,0.3618727933333333,0.31578517
HDGF,1,0,0.0,0.16293818,0.16293818
HDHD5,2,0,0.0,0.07486568160000001,0.07486568160000001
HDX,3,0,0.0,0.3419231963,0.5075737
HEG1,1,0,0.0,0.41150054,0.41150054
HELLS,1,0,0.0,0.2990311,0.2990311
HELQ,2,0,0.0,0.230264245,0.230264245
HERC6,3,0,0.0,0.13849453089151714,6.1939426e-07
HES1,1,0,0.0,0.021185424,0.021185424
HEXIM2,1,0,0.0,0.16288838,0.16288838
HFE,2,0,0.0,0.112721786415,0.112721786415
HHEX,2,0,0.0,0.32297625665,0.32297625665
HIBADH,1,0,0.0,0.21830362,0.21830362
HINT2,1,0,0.0,0.16787,0.16787
HLA-C,1,0,0.0,0.0188903,0.0188903
HLA-DMA,2,0,0.0,0.081668307965,0.081668307965
HLA-DMB,1,0,0.0,0.740056,0.740056
HLA-DOA,3,0,0.0,0.16182956775033333,0.162653
HLA-DQB1,2,0,0.0,0.00460922385,0.00460922385
HLX,2,0,0.0,0.23879262900565,0.23879262900565
HMBS,1,0,0.0,0.55815643,0.55815643
HMGA2,1,0,0.0,0.14452803,0.14452803
HMGB1,2,0,0.0,0.007615011903235,0.007615011903235
HMGXB4,1,0,0.0,0.68360406,0.68360406
HMOX1,2,0,0.0,0.055350896999999996,0.055350896999999996
HNRNPA1L2,3,0,0.0,0.029897456223609998,8.514425e-05
HNRNPK,1,0,0.0,1.5209246e-06,1.5209246e-06
HOGA1,1,0,0.0,9.104567e-08,9.104567e-08
HOPX,1,0,0.0,8.008246e-10,8.008246e-10
HOXB5,1,0,0.0,0.057341743,0.057341743
HOXB8,2,0,0.0,0.0490255996758885,0.0490255996758885
HOXB9,1,0,0.0,1.1860455e-05,1.1860455e-05
HOXC13,1,0,0.0,4.3850044e-09,4.3850044e-09
HPF1,2,0,0.0,0.161711575,0.161711575
HRH3,3,0,0.0,0.10486505300000248,0.028072529
HRH4,1,0,0.0,0.40426707,0.40426707
HS3ST6,2,0,0.0,2.3338277295e-06,2.3338277295e-06
HS6ST1,2,0,0.0,0.26332537702415004,0.26332537702415004
HSD17B1,1,0,0.0,0.37850887,0.37850887
HSD17B12,1,0,0.0,0.05712071,0.05712071
HSD3B2,3,0,0.0,0.37157123666666664,0.40258837
HSDL1,1,0,0.0,0.023899093,0.023899093
HSF1,2,0,0.0,0.00049495556055,0.00049495556055
HSPB7,1,0,0.0,0.16055427,0.16055427
HSPD1,1,0,0.0,0.00029883356,0.00029883356
HTR1B,1,0,0.0,0.17278495,0.17278495
HUS1B,1,0,0.0,0.0072432035,0.0072432035
HYAL1,1,0,0.0,0.001612533,0.001612533
IBA57,1,0,0.0,2.4545739e-11,2.4545739e-11
ICAM3,1,0,0.0,4.797602e-05,4.797602e-05
IDI1,1,0,0.0,0.4880401,0.4880401
IFI30,1,0,0.0,8.065396e-09,8.065396e-09
IFIT2,2,0,0.0,0.250443315,0.250443315
IFITM1,1,0,0.0,0.18339515,0.18339515
IFITM2,1,0,0.0,0.06156465,0.06156465
IFITM5,1,0,0.0,2.097358e-08,2.097358e-08
IFNA10,2,0,0.0,9.18682525e-09,9.18682525e-09
IFNA21,2,0,0.0,2.4716352e-12,2.4716352e-12
IFNB1,2,0,0.0,2.7153564e-08,2.7153564e-08
IFNE,2,0,0.0,0.008579972,0.008579972
IFNLR1,1,0,0.0,0.41577935,0.41577935
IFT88,1,0,0.0,0.00013177344,0.00013177344
IFTAP,1,0,0.0,0.007998388,0.007998388
IGF1,1,0,0.0,0.15221836,0.15221836
IGFALS,1,0,0.0,1.4655163e-08,1.4655163e-08
IGHA2,2,0,0.0,0.0008354645261925,0.0008354645261925
IGHD,3,0,0.0,8.395498533333334e-09,1.0993474e-08
IGHE,3,0,0.0,0.0003412916617233333,4.472268e-05
IGHG1,3,0,0.0,0.40028244766666665,0.5278014
IGHG2,1,0,0.0,2.817956e-09,2.817956e-09
IGHJ6,1,0,0.0,0.38792622,0.38792622
IGHV1-45,1,0,0.0,0.0008361019,0.0008361019
IGHV1OR15-9,2,0,0.0,0.53199943,0.53199943
IGHV2-5,1,0,0.0,0.15305687,0.15305687
IGHV3-13,1,0,0.0,0.29273906,0.29273906
IGHV3-15,1,0,0.0,2.0924205e-11,2.0924205e-11
IGHV3-16,1,0,0.0,1.915809e-09,1.915809e-09
IGHV3-38,1,0,0.0,0.62974524,0.62974524
IGHV3-66,1,0,0.0,0.4664661,0.4664661
IGHV3OR16-8,1,0,0.0,0.44234157,0.44234157
IGKV1-13,1,0,0.0,0.42304268,0.42304268
IGKV1-5,1,0,0.0,9.613358e-05,9.613358e-05
IGKV1D-43,2,0,0.0,9.65490713335e-10,9.65490713335e-10
IGKV3-7,1,0,0.0,0.0064544105,0.0064544105
IGKV4-1,1,0,0.0,0.17816494,0.17816494
IGLON5,2,0,0.0,0.0329827905567,0.0329827905567
IGLV1-40,1,0,0.0,0.4411937,0.4411937
IGLV1-50,1,0,0.0,0.36509776,0.36509776
IGLV1-51,1,0,0.0,1.7228498e-11,1.7228498e-11
IGLV2-11,1,0,0.0,0.17466812,0.17466812
IGLV3-19,3,0,0.0,0.3165265483333333,0.3492589
IGLV8OR8-1,1,0,0.0,0.3310741,0.3310741
IK,1,0,0.0,2.6860337e-07,2.6860337e-07
IKBIP,1,0,0.0,0.3101169,0.3101169
IKZF4,1,0,0.0,0.021113954,0.021113954
IL13,1,0,0.0,0.13954473,0.13954473
IL17RA,2,0,0.0,0.014910887690000001,0.014910887690000001
IL1R1,2,0,0.0,0.24601814397222,0.24601814397222
IL21,1,0,0.0,0.14774217,0.14774217
IL22RA2,2,0,0.0,0.311571333185,0.311571333185
IL23A,1,0,0.0,0.17542402,0.17542402
IL24,1,0,0.0,0.22278516,0.22278516
IL25,1,0,0.0,7.8475625e-07,7.8475625e-07
IL3,1,0,0.0,0.71931493,0.71931493
IL4,1,0,0.0,0.5622162,0.5622162
IL6,2,0,0.0,0.10498141,0.10498141
ILDR1,2,0,0.0,0.2033370047,0.2033370047
IMP3,1,0,0.0,6.2183153e-07,6.2183153e-07
IMPACT,2,0,0.0,0.06093753815,0.06093753815
INA,1,0,0.0,5.6957533e-12,5.6957533e-12
ING4,1,0,0.0,0.44108096,0.44108096
INHBE,2,0,0.0,2.93434255e-12,2.93434255e-12
INO80B,2,0,0.0,3.810792323137425e-05,3.810792323137425e-05
INO80C,1,0,0.0,0.26156548,0.26156548
INPP5A,1,0,0.0,0.35835165,0.35835165
INPPL1,3,0,0.0,7.845947678e-06,4.886699e-08
INS,1,0,0.0,3.832642e-07,3.832642e-07
INSIG1,2,0,0.0,0.23305141499999998,0.23305141499999998
INTS14,2,0,0.0,0.5564382999999999,0.5564382999999999
INTS3,2,0,0.0,0.33108705031403907,0.33108705031403907
INTS8,2,0,0.0,0.083411652,0.083411652
IPCEF1,1,0,0.0,0.12109633,0.12109633
IPO13,3,0,0.0,0.1684018009430376,2.6253717e-09
IPO4,3,0,0.0,0.00010189028563466668,4.0682316e-05
IQCJ,1,0,0.0,0.55478173,0.55478173
IRF7,1,0,0.0,0.00031908645,0.00031908645
IRS2,2,0,0.0,2.48562679e-07,2.48562679e-07
IRX2,2,0,0.0,0.07557365000176329,0.07557365000176329
IRX4,1,0,0.0,2.7967747e-08,2.7967747e-08
IRX5,2,0,0.0,0.12971915905188702,0.12971915905188702
IRX6,2,0,0.0,0.31838524549999997,0.31838524549999997
ISG20,1,0,0.0,0.01772713,0.01772713
ISOC2,1,0,0.0,2.168955e-09,2.168955e-09
ITGA2B,1,0,0.0,0.48738825,0.48738825
ITGB8,3,0,0.0,0.32264000694800005,0.29234055
ITM2A,2,0,0.0,2.7156110498174e-08,2.7156110498174e-08
ITM2B,1,0,0.0,0.0031336974,0.0031336974
ITPK1,1,0,0.0,0.5305111,0.5305111
ITPRIP,1,0,0.0,0.0740217,0.0740217
ITPRIPL1,2,0,0.0,0.15479968516919695,0.15479968516919695
IZUMO1R,1,0,0.0,0.016144713,0.016144713
JADE1,4,0,0.0,0.08378209293847749,0.021148732
JAG2,9,0,0.0,0.020525108219907315,1.0026976e-06
JAKMIP1,4,0,0.0,0.18497819800167753,6.8642308e-07
JMJD7-PLA2G4B,1,0,0.0,0.32802677,0.32802677
JPH4,1,0,0.0,0.3110832,0.3110832
JPT1,1,0,0.0,0.037680797,0.037680797
JRKL,1,0,0.0,2.2140614e-05,2.2140614e-05
JUP,1,0,0.0,8.0041834e-10,8.0041834e-10
KANSL1,1,0,0.0,0.3107748,0.3107748
KAT7,1,0,0.0,0.15889707,0.15889707
KATNAL2,2,0,0.0,0.438218275,0.438218275
KATNB1,1,0,0.0,0.55909735,0.55909735
KBTBD11,1,0,0.0,9.260258e-09,9.260258e-09
KCNC1,1,0,0.0,1.479086e-06,1.479086e-06
KCNC2,8,0,0.0,0.28814017138298964,0.233786922
KCND1,4,0,0.0,0.19994784219469042,0.07752279938881501
KCNE3,1,0,0.0,0.00416257,0.00416257
KCNE4,1,0,0.0,0.4275202,0.4275202
KCNJ10,1,0,0.0,0.008009201,0.008009201
KCNJ12,3,0,0.0,0.12043954750691,6.0373986e-07
KCNJ2,1,0,0.0,0.5651704,0.5651704
KCNJ5,4,0,0.0,0.218599296075,0.087995565
KCNK12,1,0,0.0,2.85756e-05,2.85756e-05
KCNK18,2,0,0.0,0.198450617064361,0.198450617064361
KCTD11,1,0,0.0,0.4949784,0.4949784
KCTD12,3,0,0.0,0.015464131425920001,8.308746e-06
KCTD2,3,0,0.0,0.09849536523568651,0.059721295
KDM5D,6,0,0.0,8.658215693333332e-11,4.099297e-11
KHDC1,1,0,0.0,0.004665178,0.004665178
KIAA0408,2,0,0.0,0.00041068352,0.00041068352
KIAA1191,1,0,0.0,0.097879924,0.097879924
KIAA1328,1,0,0.0,0.045852605,0.045852605
KIF22,1,0,0.0,0.013128732,0.013128732
KIF23,3,0,0.0,0.19715497651836,0.069009125
KIF24,1,0,0.0,1.6556977e-12,1.6556977e-12
KIF2A,2,0,0.0,0.10602121835,0.10602121835
KIF6,1,0,0.0,0.015244376,0.015244376
KIN,1,0,0.0,0.6586611,0.6586611
KLC2,2,0,0.0,0.16489629848499998,0.16489629848499998
KLF14,2,0,0.0,0.00016256275345,0.00016256275345
KLF5,2,0,0.0,0.09427479400000001,0.09427479400000001
KLF7,2,0,0.0,0.3219310125,0.3219310125
KLF9,1,0,0.0,4.3738164e-05,4.3738164e-05
KLHDC2,1,0,0.0,6.672755e-08,6.672755e-08
KLHDC4,1,0,0.0,0.07365445,0.07365445
KLHL2,1,0,0.0,0.0005698607,0.0005698607
KLK1,1,0,0.0,0.024677746,0.024677746
KLK5,3,0,0.0,0.11531129001036526,0.15499607
KLK7,2,0,0.0,9.171842662085e-05,9.171842662085e-05
KLRD1,1,0,0.0,0.7031414,0.7031414
KLRG2,1,0,0.0,0.11592956,0.11592956
KMT5B,1,0,0.0,1.1324391e-05,1.1324391e-05
KNCN,1,0,0.0,0.008006523,0.008006523
KNOP1,3,0,0.0,0.013500316814663333,1.44053865e-05
KPNA6,2,0,0.0,0.451900935,0.451900935
KRBOX4,2,0,0.0,9.918170101e-07,9.918170101e-07
KREMEN2,1,0,0.0,0.07107638,0.07107638
KRIT1,2,0,0.0,0.25388061,0.25388061
KRT18P23,1,0,0.0,0.6087739,0.6087739
KRT77,2,0,0.0,0.185923155,0.185923155
KRT86,2,0,0.0,0.15762387885,0.15762387885
KRTAP10-10,2,0,0.0,0.31111337485,0.31111337485
KRTAP10-12,1,0,0.0,0.00802831,0.00802831
KRTAP11-1,1,0,0.0,0.39238495,0.39238495
KRTAP12-4,2,0,0.0,0.36460339499999994,0.36460339499999994
KRTAP19-1,2,0,0.0,0.50536528,0.50536528
KRTAP26-1,1,0,0.0,4.873154e-05,4.873154e-05
KRTAP3-3,3,0,0.0,0.0006661491588,7.0452865e-07
KRTAP4-1,1,0,0.0,9.052908e-09,9.052908e-09
KRTAP4-5,3,0,0.0,0.06429208689946668,2.1670514e-05
KRTAP6-2,3,0,0.0,0.31506959381666666,0.27282026
KSR1,4,0,0.0,0.1481148180961905,0.052106669
KXD1,1,0,0.0,0.007230737,0.007230737
LACTB,2,0,0.0,0.075590198477725,0.075590198477725
LAMP1,1,0,0.0,0.54631853,0.54631853
LAMTOR1,1,0,0.0,3.667082e-08,3.667082e-08
LAMTOR2,1,0,0.0,0.31109294,0.31109294
LAMTOR3,1,0,0.0,0.29218072,0.29218072
LANCL3,1,0,0.0,8.605045e-09,8.605045e-09
LARS2,1,0,0.0,0.0021110836,0.0021110836
LAT2,1,0,0.0,0.2850499,0.2850499
LBX1,2,0,0.0,1.75180132e-11,1.75180132e-11
LCE3A,1,0,0.0,0.09060871,0.09060871
LCN10,1,0,0.0,1.9741514e-13,1.9741514e-13
LDHA,2,0,0.0,0.08050524213063949,0.08050524213063949
LDHC,1,0,0.0,0.15691115,0.15691115
LDLRAP1,1,0,0.0,0.22168097,0.22168097
LEFTY2,3,0,0.0,1.5141773961333334e-06,6.5308834e-09
LELP1,1,0,0.0,0.00010754392,0.00010754392
LENG1,1,0,0.0,0.099664,0.099664
LEPR,1,0,0.0,0.0019785347,0.0019785347
LGALS3,1,0,0.0,0.0016438906,0.0016438906
LGALS9B,1,0,0.0,0.7322056,0.7322056
LGI4,1,0,0.0,0.00014314543,0.00014314543
LHFPL4,1,0,0.0,1.7292184e-07,1.7292184e-07
LHFPL5,1,0,0.0,0.00082347315,0.00082347315
LHX4,3,0,0.0,0.12840329013333332,0.1333779
LHX5,1,0,0.0,2.244195e-09,2.244195e-09
LHX6,2,0,0.0,0.363996657017895,0.363996657017895
LIG1,3,0,0.0,0.1484522553399,0.21358019
LIG4,1,0,0.0,0.0023270727,0.0023270727
LIMK1,3,0,0.0,0.3992942466666667,0.5076931
LIMS1,2,0,0.0,0.218197451105,0.218197451105
LINC00174,1,0,0.0,2.0339648e-09,2.0339648e-09
LINC01098,1,0,0.0,0.02576124,0.02576124
LINC01587,1,0,0.0,0.0048249546,0.0048249546
LINC01600,2,0,0.0,0.23739392157,0.23739392157
LINC02843,1,0,0.0,0.46519858,0.46519858
LINC02870,1,0,0.0,0.44303957,0.44303957
LIPC,1,0,0.0,0.0013464475,0.0013464475
LIPK,2,0,0.0,0.30605258,0.30605258
LIPN,1,0,0.0,0.059701983,0.059701983
LMAN1,2,0,0.0,0.35825649815,0.35825649815
LMAN1L,3,0,0.0,0.25361354179025003,0.15517631
LMF2,1,0,0.0,0.0006976025,0.0006976025
LMNA,1,0,0.0,2.4829534e-11,2.4829534e-11
LMNB1,1,0,0.0,0.00061701896,0.00061701896
LMOD1,1,0,0.0,1.7634866e-08,1.7634866e-08
LMX1B,2,0,0.0,1.6846800199999999e-06,1.6846800199999999e-06
LONP2,3,0,0.0,0.09140427703333333,0.07769416
LPAR5,2,0,0.0,1.0518554275000001e-08,1.0518554275000001e-08
LPAR6,2,0,0.0,0.000941996346275,0.000941996346275
LPIN2,5,0,0.0,0.3327024992109706,0.50409347
LPXN,3,0,0.0,0.006527081457948901,0.0007190504
LRFN3,2,0,0.0,0.000341675572175,0.000341675572175
LRFN4,1,0,0.0,8.2007975e-14,8.2007975e-14
LRP11,1,0,0.0,0.00045658348,0.00045658348
LRP3,4,0,0.0,7.12413356575e-08,4.19138317e-08
LRPAP1,1,0,0.0,4.1121004e-09,4.1121004e-09
LRPPRC,5,0,0.0,0.14846527107720786,1.3350164e-05
LRRC17,1,0,0.0,0.4996865,0.4996865
LRRC3,2,0,0.0,0.28914302000000003,0.28914302000000003
LRRC34,2,0,0.0,0.55588076,0.55588076
LRRC73,1,0,0.0,4.885292e-07,4.885292e-07
LRRC75A,3,0,0.0,0.16313794848007665,0.0011357983
LRRN4CL,1,0,0.0,5.1887446e-07,5.1887446e-07
LRRTM1,2,0,0.0,0.000733342075,0.000733342075
LRRTM4,2,0,0.0,4.6500102375e-05,4.6500102375e-05
LSM12,1,0,0.0,0.24162647,0.24162647
LSS,1,0,0.0,0.5463062,0.5463062
LTB4R2,1,0,0.0,5.215007e-05,5.215007e-05
LTBP2,14,0,0.0,0.10266609630096853,0.0009831429
LTBP3,1,0,0.0,6.649034e-07,6.649034e-07
LTF,2,0,0.0,0.13635009299999998,0.13635009299999998
LUC7L2,2,0,0.0,0.55149609,0.55149609
LY6G5C,1,0,0.0,0.00069114944,0.00069114944
LY6G6D,1,0,0.0,0.6873517,0.6873517
LY6K,1,0,0.0,0.24836111,0.24836111
LY86,1,0,0.0,0.0172225,0.0172225
LYAR,1,0,0.0,6.230035e-05,6.230035e-05
LYSMD4,3,0,0.0,0.25601958545523334,0.22442865
M1AP,3,0,0.0,0.2325218759666667,0.0018822971
M6PR,1,0,0.0,0.68401545,0.68401545
MAD2L1BP,1,0,0.0,0.00022991649,0.00022991649
MAF1,1,0,0.0,0.40899464,0.40899464
MAFG,1,0,0.0,1.01866e-07,1.01866e-07
MAGEA1,1,0,0.0,0.28905445,0.28905445
MAGEA5,2,0,0.0,0.5184786450000001,0.5184786450000001
MAGEH1,1,0,0.0,1.5542683e-09,1.5542683e-09
MAGIX,1,0,0.0,0.016787851,0.016787851
MALSU1,1,0,0.0,0.013713758,0.013713758
MANEAL,1,0,0.0,0.19794999,0.19794999
MAOA,1,0,0.0,2.96129e-05,2.96129e-05
MAP10,3,0,0.0,0.128067291,0.068563186
MAP1LC3B,1,0,0.0,0.36512405,0.36512405
MAP2K5,1,0,0.0,0.65698856,0.65698856
MAP2K6,1,0,0.0,0.51825565,0.51825565
MAP4K5,1,0,0.0,0.4653745,0.4653745
MAP7,4,0,0.0,0.14696832918911415,0.00040953271473
MAPK10,2,0,0.0,0.236104094867165,0.236104094867165
MAPK1IP1L,1,0,0.0,1.5209224e-08,1.5209224e-08
MAPK4,2,0,0.0,0.5365141600000001,0.5365141600000001
MAPRE3,1,0,0.0,0.36121497,0.36121497
MARK2,1,0,0.0,9.25205e-09,9.25205e-09
MARK3,1,0,0.0,0.06565276,0.06565276
MAS1,1,0,0.0,0.65985584,0.65985584
MASP2,4,0,0.0,0.06267938388078864,5.275882145e-08
MASTL,1,0,0.0,0.059628148,0.059628148
MATN1,1,0,0.0,0.6086589,0.6086589
MAZ,1,0,0.0,4.3841506e-13,4.3841506e-13
MBD3,1,0,0.0,0.62360555,0.62360555
MBD4,1,0,0.0,0.09128854,0.09128854
MBIP,2,0,0.0,1.26522255e-09,1.26522255e-09
MBL2,2,0,0.0,2.0281544499999998e-10,2.0281544499999998e-10
MBLAC1,1,0,0.0,3.1284344e-09,3.1284344e-09
MBOAT7,1,0,0.0,6.0288085e-07,6.0288085e-07
MBTD1,1,0,0.0,0.44009182,0.44009182
MBTPS2,1,0,0.0,9.055598e-10,9.055598e-10
MCAT,1,0,0.0,3.672217e-06,3.672217e-06
MCMBP,2,0,0.0,0.030167904007735294,0.030167904007735294
MCMDC2,3,0,0.0,0.13730978803094002,0.03411954
MCPH1,4,0,0.0,0.1279088123627725,0.00215270802301
MCRIP2,1,0,0.0,0.3514747,0.3514747
MDH1B,2,0,0.0,0.3566839730475,0.3566839730475
MDH2,2,0,0.0,0.238539445,0.238539445
MDP1,1,0,0.0,0.20430711,0.20430711
MDS2,2,0,0.0,0.036543206979,0.036543206979
MED10,1,0,0.0,0.22940488,0.22940488
MED12L,7,0,0.0,0.2610724810582714,0.19312976
MED22,3,0,0.0,0.2684388200138697,0.13014562
MED25,2,0,0.0,0.312112195,0.312112195
MEF2A,2,0,0.0,0.1064442897175,0.1064442897175
MEGF11,3,0,0.0,0.22675559833333334,0.26157653
MELK,3,0,0.0,0.019490331146666668,0.006433319
MEP1B,4,0,0.0,0.12007647503907244,0.0046716150000000005
MESP2,1,0,0.0,0.44415593,0.44415593
METAP1,1,0,0.0,0.072744496,0.072744496
METAP2,1,0,0.0,0.36376372,0.36376372
METRNL,2,0,0.0,0.414043735,0.414043735
METTL21A,1,0,0.0,0.3676305,0.3676305
METTL24,1,0,0.0,0.6054032,0.6054032
METTL7A,2,0,0.0,0.516539735,0.516539735
METTL8,1,0,0.0,0.001212746,0.001212746
MFAP3L,3,0,0.0,0.00010130861186666668,4.8087913e-06
MFF,1,0,0.0,0.01673833,0.01673833
MFNG,3,0,0.0,0.004918192321421467,2.7509988e-09
MFSD10,2,0,0.0,9.0237132e-07,9.0237132e-07
MFSD11,2,0,0.0,0.0827257315,0.0827257315
MFSD12,1,0,0.0,7.653416e-08,7.653416e-08
MFSD13A,1,0,0.0,0.23217528,0.23217528
MFSD14A,1,0,0.0,0.008003842,0.008003842
MFSD3,1,0,0.0,0.0016659431,0.0016659431
MFSD4B,1,0,0.0,0.0006268191,0.0006268191
MFSD8,3,0,0.0,0.16487647396666666,0.0026531892
MGARP,1,0,0.0,0.60661,0.60661
MGAT1,1,0,0.0,3.291146e-09,3.291146e-09
MGMT,5,0,0.0,1.81370120610964e-06,4.2419974e-11
MGST1,1,0,0.0,0.25893858,0.25893858
MIB2,2,0,0.0,0.000333164175,0.000333164175
MICALL2,2,0,0.0,0.004009410093852,0.004009410093852
MICU1,2,0,0.0,0.029915717315,0.029915717315
MIER1,1,0,0.0,2.2952338e-05,2.2952338e-05
MIGA1,1,0,0.0,0.62107,0.62107
MIIP,1,0,0.0,1.863655e-11,1.863655e-11
MILR1,1,0,0.0,0.67300606,0.67300606
MIOX,1,0,0.0,6.2422616e-05,6.2422616e-05
MIR1-1HG-AS1,2,0,0.0,0.34994590773605,0.34994590773605
MIR1179,1,0,0.0,0.3910872,0.3910872
MIR124-1,1,0,0.0,0.037875254,0.037875254
MIR1261,1,0,0.0,0.41518718,0.41518718
MIR1283-1,1,0,0.0,0.15210034,0.15210034
MIR1323,1,0,0.0,0.012216761,0.012216761
MIR15A,1,0,0.0,0.007981151,0.007981151
MIR16-1,2,0,0.0,0.222620335,0.222620335
MIR1915,1,0,0.0,6.8071024e-08,6.8071024e-08
MIR20A,1,0,0.0,0.000120916484,0.000120916484
MIR302F,1,0,0.0,0.69327444,0.69327444
MIR372,1,0,0.0,0.0003243576,0.0003243576
MIR380,1,0,0.0,0.6326189,0.6326189
MIR424,1,0,0.0,0.13007402,0.13007402
MIR492,1,0,0.0,0.28442225,0.28442225
MIR495,1,0,0.0,0.64471656,0.64471656
MIR498,2,0,0.0,0.20670344499999999,0.20670344499999999
MIR508,2,0,0.0,0.08442681895,0.08442681895
MIR515-1,2,0,0.0,0.09578744619879,0.09578744619879
MIR758,1,0,0.0,0.07548242,0.07548242
MIR9-1HG,1,0,0.0,0.06905006,0.06905006
MIS18BP1,1,0,0.0,0.2691382,0.2691382
MITF,2,0,0.0,0.25697991,0.25697991
MLEC,1,0,0.0,0.48882896,0.48882896
MLST8,3,0,0.0,0.47954106,0.5394838
MLYCD,1,0,0.0,3.678372e-06,3.678372e-06
MMP12,4,0,0.0,0.058484212302567215,0.02853295457634845
MMP15,6,0,0.0,0.014168426110683521,4.0469855249999995e-07
MMP19,3,0,0.0,0.23821101633333333,0.34566167
MMP21,4,0,0.0,0.04664950544960239,1.56558991e-05
MMP24,2,0,0.0,0.0054095553194245,0.0054095553194245
MMP26,2,0,0.0,0.3163524505,0.3163524505
MMRN2,3,0,0.0,6.749999314883334e-09,1.6065834e-11
MMS19,2,0,0.0,0.12499310948664999,0.12499310948664999
MN1,4,0,0.0,0.28707641925,0.2602859485
MNT,2,0,0.0,5.619211e-09,5.619211e-09
MOB3A,2,0,0.0,0.019268275749999998,0.019268275749999998
MOCOS,5,0,0.0,0.22183300818,0.09066456
MOGAT3,2,0,0.0,0.0764711232106182,0.0764711232106182
MOK,2,0,0.0,6.21831173e-07,6.21831173e-07
MORC3,4,0,0.0,0.18687016075000001,0.214227565
MORF4,1,0,0.0,0.18135996,0.18135996
MORN3,2,0,0.0,0.209074983,0.209074983
MOSPD3,1,0,0.0,0.15435229,0.15435229
MPG,1,0,0.0,0.63263756,0.63263756
MPHOSPH10,2,0,0.0,4.861476091649999e-06,4.861476091649999e-06
MPIG6B,1,0,0.0,0.4562178,0.4562178
MPZ,1,0,0.0,0.01996385,0.01996385
MPZL1,1,0,0.0,0.1791378,0.1791378
MPZL2,1,0,0.0,0.5075314,0.5075314
MRAS,1,0,0.0,0.0011439176,0.0011439176
MRC2,6,0,0.0,0.229227445136975,0.104097535
MRM2,1,0,0.0,0.44420463,0.44420463
MRPL2,2,0,0.0,0.37586762,0.37586762
MRPL24,1,0,0.0,0.06117192,0.06117192
MRPL28,1,0,0.0,0.20241752,0.20241752
MRPL33,1,0,0.0,0.0013520779,0.0013520779
MRPL44,1,0,0.0,0.1784587,0.1784587
MRPL45,1,0,0.0,0.65534693,0.65534693
MRPL49,2,0,0.0,0.316249562401462,0.316249562401462
MRPL9,1,0,0.0,0.16781065,0.16781065
MRPS17,1,0,0.0,0.019966686,0.019966686
MRPS17P9,1,0,0.0,5.8050075e-14,5.8050075e-14
MRTFA,2,0,0.0,0.2639440433655,0.2639440433655
MRTFB,4,0,0.0,0.300377795,0.221609435
MS4A10,1,0,0.0,0.18425122,0.18425122
MS4A14,5,0,0.0,0.36714714399,0.36673203
MS4A15,1,0,0.0,0.18064368,0.18064368
MS4A4A,2,0,0.0,0.34216429389999997,0.34216429389999997
MS4A6E,2,0,0.0,0.348234065,0.348234065
MS4A8,4,0,0.0,0.5157329075,0.50644965
MSANTD3,2,0,0.0,0.000349535928208,0.000349535928208
MSANTD4,1,0,0.0,0.043016843,0.043016843
MSL3,4,0,0.0,0.12838512501014052,1.84546065e-11
MSLNL,4,0,0.0,0.02902787772654099,1.7041474e-07
MSN,3,0,0.0,1.9772521660000002e-12,1.7802183e-12
MSTO1,1,0,0.0,0.5150367,0.5150367
MSX2,1,0,0.0,0.47046798,0.47046798
MT1B,1,0,0.0,0.4947147,0.4947147
MT1F,1,0,0.0,0.137686,0.137686
MTARC2,2,0,0.0,0.0005759254034999999,0.0005759254034999999
MTCH2,1,0,0.0,0.43805134,0.43805134
MTCP1,2,0,0.0,0.28329505,0.28329505
MTF2,3,0,0.0,0.260751734,0.086152
MTG1,1,0,0.0,2.7509461e-09,2.7509461e-09
MTX3,2,0,0.0,0.07555042748965249,0.07555042748965249
MUC13,1,0,0.0,0.4306253,0.4306253
MUCL1,1,0,0.0,0.6481058,0.6481058
MXD3,1,0,0.0,0.00021965618,0.00021965618
MYBL1,3,0,0.0,0.02068314952277501,8.565793e-09
MYCL,1,0,0.0,0.47402242,0.47402242
MYCN,3,0,0.0,0.4942746660647433,0.73818165
MYEOV,1,0,0.0,0.004354986,0.004354986
MYL2,2,0,0.0,0.339309175,0.339309175
MYLPF,1,0,0.0,4.466561e-05,4.466561e-05
MYMK,1,0,0.0,0.13337404,0.13337404
MYO5A,3,0,0.0,0.27600681033333335,0.29242158
MYOG,1,0,0.0,9.600336e-09,9.600336e-09
NAA16,1,0,0.0,0.10339502,0.10339502
NAA35,2,0,0.0,0.09456707668037001,0.09456707668037001
NAB2,2,0,0.0,0.19261959,0.19261959
NABP1,2,0,0.0,0.27536218901255,0.27536218901255
NACC2,2,0,0.0,2.07773285e-10,2.07773285e-10
NAPEPLD,1,0,0.0,0.23369658,0.23369658
NAPSA,1,0,0.0,0.046966005,0.046966005
NARS2,2,0,0.0,0.4069144975,0.4069144975
NBPF11,1,0,0.0,0.04599702,0.04599702
NBR1,3,0,0.0,0.035476727553,0.0015743416
NCAPD2,2,0,0.0,0.252913255,0.252913255
NCBP3,1,0,0.0,0.258406,0.258406
NCCRP1,1,0,0.0,0.69171125,0.69171125
NCDN,5,0,0.0,0.1817361224081016,0.07741163
NCKAP5L,2,0,0.0,0.1694091415656887,0.1694091415656887
NCLN,2,0,0.0,0.0016279156152525,0.0016279156152525
NDC80,1,0,0.0,0.37957907,0.37957907
NDE1,1,0,0.0,0.55794775,0.55794775
NDEL1,1,0,0.0,0.0203011,0.0203011
NDP,1,0,0.0,0.044147495,0.044147495
NDUFA10,3,0,0.0,0.421779013334503,0.60088414
NDUFA4L2,1,0,0.0,0.5775118,0.5775118
NDUFAF1,1,0,0.0,0.5201161,0.5201161
NDUFB1,2,0,0.0,3.22231155e-08,3.22231155e-08
NDUFB11,1,0,0.0,0.1402517,0.1402517
NDUFV2,1,0,0.0,1.1103756e-07,1.1103756e-07
NDUFV3,3,0,0.0,0.1193410535521,0.031504087
NEBL-AS1,2,0,0.0,0.150888993,0.150888993
NECAP2,2,0,0.0,0.10294065649999999,0.10294065649999999
NEDD1,2,0,0.0,0.032107870600000005,0.032107870600000005
NEFH,2,0,0.0,2.6744619e-08,2.6744619e-08
NEK3,5,0,0.0,0.11523183514608382,2.0288773e-09
NET1,1,0,0.0,0.061130386,0.061130386
NEU4,3,0,0.0,0.12237265299729966,1.3473552e-07
NEURL1,2,0,0.0,0.315240906023562,0.315240906023562
NEURL2,1,0,0.0,0.74998224,0.74998224
NEUROD2,1,0,0.0,0.042189136,0.042189136
NFATC2IP,2,0,0.0,0.09141706953,0.09141706953
NFKB2,3,0,0.0,0.011336922790163758,3.7048595e-10
NFKBIE,1,0,0.0,0.7252854,0.7252854
NFKBIL1,1,0,0.0,1.0639857e-06,1.0639857e-06
NFS1,1,0,0.0,0.3417583,0.3417583
NGFR,2,0,0.0,0.10904675085,0.10904675085
NHEJ1,1,0,0.0,0.52843493,0.52843493
NHLRC1,3,0,0.0,0.0011452371666666667,0.0011619925
NHSL2,1,0,0.0,0.25248468,0.25248468
NIBAN3,1,0,0.0,0.49710876,0.49710876
NINJ1,1,0,0.0,0.0002192442,0.0002192442
NIPAL1,1,0,0.0,0.018249305,0.018249305
NKD1,1,0,0.0,8.454316e-09,8.454316e-09
NKRF,1,0,0.0,2.6681302e-05,2.6681302e-05
NKX2-1,1,0,0.0,1.4799368e-06,1.4799368e-06
NKX2-3,1,0,0.0,0.00031858217,0.00031858217
NKX3-1,1,0,0.0,0.61377865,0.61377865
NKX3-2,1,0,0.0,6.649884e-07,6.649884e-07
NKX6-1,1,0,0.0,1.8107592e-07,1.8107592e-07
NLGN3,2,0,0.0,0.1149301250000237,0.1149301250000237
NMNAT3,1,0,0.0,0.000675368,0.000675368
NOC4L,1,0,0.0,0.73398054,0.73398054
NOL10,1,0,0.0,7.5173374e-11,7.5173374e-11
NOL11,2,0,0.0,0.158626315,0.158626315
NOL3,1,0,0.0,1.1248842e-05,1.1248842e-05
NOL4L,2,0,0.0,2.1656997594999998e-09,2.1656997594999998e-09
NOL6,6,0,0.0,0.10920502728333333,0.015384562000000001
NOMO1,2,0,0.0,0.13324300025,0.13324300025
NONO,4,0,0.0,0.34257075575,0.39024767
NOX3,5,0,0.0,0.3478071020040483,0.50751597
NOXA1,1,0,0.0,7.2613937e-09,7.2613937e-09
NOXRED1,1,0,0.0,6.667977e-07,6.667977e-07
NPEPL1,1,0,0.0,6.003662e-08,6.003662e-08
NPFFR1,3,0,0.0,9.3403228074e-05,7.6243174e-05
NPTN,1,0,0.0,0.6883762,0.6883762
NR2E1,1,0,0.0,8.543281e-05,8.543281e-05
NR2E3,1,0,0.0,1.5570368e-09,1.5570368e-09
NR4A1,5,0,0.0,0.081063966933164,0.001357075
NR5A1,3,0,0.0,0.005661373920166667,0.00021016764
NR5A2,2,0,0.0,0.32646807,0.32646807
NR6A1,1,0,0.0,0.037197582,0.037197582
NRIP2,1,0,0.0,0.51526606,0.51526606
NRIP3,1,0,0.0,0.58166134,0.58166134
NRM,1,0,0.0,0.25759685,0.25759685
NRN1,2,0,0.0,0.002758524785,0.002758524785
NRSN2,3,0,0.0,0.07991701706666667,0.031099556
NSFL1C,4,0,0.0,0.0447543748659,0.00042961710497
NSG1,1,0,0.0,0.116094865,0.116094865
NSUN3,1,0,0.0,0.60170275,0.60170275
NT5C1B-RDH14,1,0,0.0,0.70912033,0.70912033
NT5DC2,3,0,0.0,0.2235032358,0.13016239
NTF4,1,0,0.0,0.3954543,0.3954543
NUBP1,2,0,0.0,0.122399793939275,0.122399793939275
NUDT11,2,0,0.0,0.09028420007,0.09028420007
NUDT14,1,0,0.0,0.1135706,0.1135706
NUMBL,1,0,0.0,7.889131e-13,7.889131e-13
NUTM2F,1,0,0.0,5.4552793e-06,5.4552793e-06
NXF1,4,0,0.0,0.347200685,0.39519656
NXPH3,1,0,0.0,0.3203963,0.3203963
OAS1,1,0,0.0,0.09153203,0.09153203
OAZ3,1,0,0.0,0.0007725621,0.0007725621
ODF1,2,0,0.0,0.38787254299999996,0.38787254299999996
ODF4,3,0,0.0,0.23131193026666666,0.083634965
ODR4,1,0,0.0,2.0447676e-08,2.0447676e-08
OGFRL1,1,0,0.0,0.00096023263,0.00096023263
OLAH,1,0,0.0,0.62590206,0.62590206
OLIG2,1,0,0.0,1.1861575e-05,1.1861575e-05
OLR1,5,0,0.0,0.31177073229999996,0.22513184
OMD,1,0,0.0,1.7769673e-06,1.7769673e-06
OMG,1,0,0.0,0.24621026,0.24621026
ONECUT1,1,0,0.0,4.442094e-07,4.442094e-07
OPN1MW,1,0,0.0,0.676864,0.676864
OPRD1,2,0,0.0,3.6286596698899995e-07,3.6286596698899995e-07
OR10G3,1,0,0.0,0.00062299747,0.00062299747
OR10G8,3,0,0.0,0.152420551025,0.0001588928
OR10H2,1,0,0.0,0.000361907,0.000361907
OR11A1,2,0,0.0,0.0001544314218185,0.0001544314218185
OR11L1,1,0,0.0,0.0017051274,0.0017051274
OR13A1,3,0,0.0,0.41905310033856874,0.5952149
OR14I1,3,0,0.0,0.51822312,0.54334635
OR1B1,2,0,0.0,0.00025332277,0.00025332277
OR1J4,2,0,0.0,3.2575341e-08,3.2575341e-08
OR1S2,1,0,0.0,0.5990057,0.5990057
OR2AK2,1,0,0.0,0.6198694,0.6198694
OR2B11,1,0,0.0,0.0058998913,0.0058998913
OR2B2,1,0,0.0,0.06607558,0.06607558
OR2M7,1,0,0.0,0.6192923,0.6192923
OR2T2,4,0,0.0,0.21775834503714697,0.09951289
OR2T35,1,0,0.0,6.352621e-06,6.352621e-06
OR2T8,1,0,0.0,1.1554561e-07,1.1554561e-07
OR4B1,2,0,0.0,0.19516472499999998,0.19516472499999998
OR4C11,3,0,0.0,0.09751426468331,2.0326681e-06
OR4S1,1,0,0.0,0.055169202,0.055169202
OR51A7,1,0,0.0,0.0714757,0.0714757
OR51F2,2,0,0.0,0.0307128632265,0.0307128632265
OR51I2,1,0,0.0,0.38662076,0.38662076
OR52E2,3,0,0.0,0.26422026022899997,0.21332912
OR52E6,2,0,0.0,0.274810005,0.274810005
OR56A3,2,0,0.0,0.3478570938167225,0.3478570938167225
OR56B1,1,0,0.0,0.7002413,0.7002413
OR5AK2,3,0,0.0,0.43623726,0.37589338
OR5AS1,3,0,0.0,0.28126088499999996,0.15816128
OR5H14,3,0,0.0,0.004343903168333334,0.00018343162
OR5M11,3,0,0.0,0.4177277466666667,0.46508357
OR5M3,2,0,0.0,0.375007745,0.375007745
OR6C68,1,0,0.0,0.19470881,0.19470881
OR6K6,1,0,0.0,0.31927398,0.31927398
OR6S1,2,0,0.0,4.32012285e-05,4.32012285e-05
OR7C1,3,0,0.0,0.2522166986766667,0.08137903
OR8B4,1,0,0.0,0.20840952,0.20840952
OR8G1,3,0,0.0,0.28121402403333334,0.31300524
OR8J1,1,0,0.0,0.25516367,0.25516367
ORAI3,1,0,0.0,8.010911e-08,8.010911e-08
ORC6,1,0,0.0,0.4053344,0.4053344
ORM2,2,0,0.0,0.0198573285,0.0198573285
OSCAR,1,0,0.0,2.0795531e-07,2.0795531e-07
OSM,1,0,0.0,0.12138569,0.12138569
OSR2,1,0,0.0,0.12122043,0.12122043
OTUD5,3,0,0.0,0.41158570787146664,0.61721945
OVCH1,4,0,0.0,0.04675651237365825,0.001533330533585
OVCH2,2,0,0.0,0.00712448986106,0.00712448986106
OXCT1,1,0,0.0,0.24547751,0.24547751
OXGR1,2,0,0.0,0.2436009447325,0.2436009447325
OXR1,4,0,0.0,0.359384860639473,0.40583279000000005
P2RX3,1,0,0.0,3.3684132e-14,3.3684132e-14
P2RY6,3,0,0.0,0.22818366518592534,1.873204e-07
P4HA3,1,0,0.0,0.11734275,0.11734275
PAAF1,2,0,0.0,0.329328153,0.329328153
PABPC1,1,0,0.0,0.47590134,0.47590134
PABPN1L,2,0,0.0,0.044546985160434,0.044546985160434
PACRGL,1,0,0.0,0.14315325,0.14315325
PACSIN3,1,0,0.0,0.17407306,0.17407306
PAEP,1,0,0.0,2.8080484e-07,2.8080484e-07
PAF1,1,0,0.0,0.07951519,0.07951519
PAG1,1,0,0.0,0.0014419764,0.0014419764
PAGE2B,2,0,0.0,0.033374908,0.033374908
PAGE5,1,0,0.0,3.3889106e-07,3.3889106e-07
PAK3,1,0,0.0,0.00012566685,0.00012566685
PALD1,1,0,0.0,3.444438e-08,3.444438e-08
PALM,2,0,0.0,3.574149639e-07,3.574149639e-07
PANX2,5,0,0.0,0.06296073706577894,0.00014316743
PANX3,3,0,0.0,0.21336411200000002,0.22472908
PAPLN,2,0,0.0,0.3117980077571625,0.3117980077571625
PAQR4,2,0,0.0,0.17299811502632406,0.17299811502632406
PARD6G,2,0,0.0,3.79864305e-08,3.79864305e-08
PARM1,1,0,0.0,0.26674104,0.26674104
PARP6,2,0,0.0,0.30604121500000003,0.30604121500000003
PARVG,1,0,0.0,0.35106993,0.35106993
PAX2,1,0,0.0,9.102795e-12,9.102795e-12
PBDC1,1,0,0.0,0.32887328,0.32887328
PBLD,1,0,0.0,0.4893701,0.4893701
PBOV1,1,0,0.0,0.00010521273,0.00010521273
PCDHB1,2,0,0.0,0.0108160355,0.0108160355
PCGF6,1,0,0.0,0.0013008974,0.0013008974
PCP4,1,0,0.0,0.6160181,0.6160181
PDCD1,1,0,0.0,9.547794e-10,9.547794e-10
PDCD1LG2,1,0,0.0,0.092275016,0.092275016
PDCD4,1,0,0.0,0.68084997,0.68084997
PDE10A,1,0,0.0,0.18376642,0.18376642
PDGFA,1,0,0.0,0.27035418,0.27035418
PDHB,1,0,0.0,0.0051172283,0.0051172283
PDIA2,1,0,0.0,1.0993936e-08,1.0993936e-08
PDIA3,2,0,0.0,0.145633465,0.145633465
PDX1,1,0,0.0,7.4505657e-10,7.4505657e-10
PDZD11,1,0,0.0,1.0966857e-08,1.0966857e-08
PDZRN3,6,0,0.0,0.25141862190175335,0.128729955
PEAK3,2,0,0.0,1.22702325e-08,1.22702325e-08
PEBP1,1,0,0.0,0.0008657854,0.0008657854
PELI3,1,0,0.0,0.31881276,0.31881276
PEPD,1,0,0.0,0.7007513,0.7007513
PES1,1,0,0.0,6.816554e-06,6.816554e-06
PEX11B,2,0,0.0,0.1034166,0.1034166
PEX11G,1,0,0.0,6.6466264e-08,6.6466264e-08
PEX12,2,0,0.0,0.26896544465,0.26896544465
PF4V1,1,0,0.0,0.45859256,0.45859256
PFDN4,1,0,0.0,0.6132321,0.6132321
PFN1,1,0,0.0,3.6193583e-07,3.6193583e-07
PGF,1,0,0.0,8.009565e-07,8.009565e-07
PGK1,2,0,0.0,0.72191605,0.72191605
PGLS,2,0,0.0,0.18914056424735,0.18914056424735
PGRMC1,1,0,0.0,8.011828e-08,8.011828e-08
PHETA2,1,0,0.0,2.9266218e-07,2.9266218e-07
PHF1,2,0,0.0,0.2516931,0.2516931
PHF10,2,0,0.0,0.04315248643,0.04315248643
PHF13,3,0,0.0,3.84414626113844e-05,6.888028e-11
PHF23,1,0,0.0,0.5213455,0.5213455
PHF24,1,0,0.0,0.0049655708,0.0049655708
PHF5A,1,0,0.0,0.27873364,0.27873364
PHLDA1,2,0,0.0,3.9052783788375e-07,3.9052783788375e-07
PHOSPHO1,1,0,0.0,7.4464745e-10,7.4464745e-10
PHTF1,3,0,0.0,0.23814523148153335,0.09129249
PIAS4,3,0,0.0,0.24038737635533333,0.0066130552
PICK1,3,0,0.0,0.24595245683966668,0.012509953
PIDD1,1,0,0.0,0.0016797633,0.0016797633
PIGB,1,0,0.0,0.31170326,0.31170326
PIGH,1,0,0.0,3.1596175e-09,3.1596175e-09
PIGU,1,0,0.0,0.5398919,0.5398919
PIGX,1,0,0.0,1.721424e-06,1.721424e-06
PIH1D2,2,0,0.0,0.12905782194999998,0.12905782194999998
PIM3,1,0,0.0,3.0414526e-07,3.0414526e-07
PIMREG,1,0,0.0,0.11124521,0.11124521
PIP5K1A,1,0,0.0,0.11111785,0.11111785
PISD,2,0,0.0,0.0017419309475000002,0.0017419309475000002
PITPNM2,1,0,0.0,1.936425e-10,1.936425e-10
PITX3,1,0,0.0,5.424523e-14,5.424523e-14
PKDCC,1,0,0.0,0.70675313,0.70675313
PKIA,1,0,0.0,0.018429114,0.018429114
PKP1,2,0,0.0,0.0017552533313940002,0.0017552533313940002
PKP3,1,0,0.0,1.2899976e-05,1.2899976e-05
PLA2G12B,1,0,0.0,1.8444698e-08,1.8444698e-08
PLAU,1,0,0.0,0.2548751,0.2548751
PLCD1,3,0,0.0,0.08190611899606,3.7004358e-07
PLCD3,4,0,0.0,0.112560613389531,0.0038983572499999997
PLEKHA1,2,0,0.0,0.2803560203244883,0.2803560203244883
PLEKHF1,1,0,0.0,0.24299069,0.24299069
PLEKHF2,1,0,0.0,0.17697047,0.17697047
PLEKHH3,1,0,0.0,0.01563484,0.01563484
PLEKHM1,2,0,0.0,0.15998274074768,0.15998274074768
PLEKHM2,2,0,0.0,0.155115834295365,0.155115834295365
PLGRKT,1,0,0.0,0.4269988,0.4269988
PLIN1,1,0,0.0,0.0046081366,0.0046081366
PLIN3,1,0,0.0,0.5323934,0.5323934
PLOD1,3,0,0.0,0.13740752342297968,0.03140019
PLPBP,2,0,0.0,0.37491011547650455,0.37491011547650455
PLPP7,2,0,0.0,0.007824673710045001,0.007824673710045001
PLPPR3,2,0,0.0,1.755954569375e-10,1.755954569375e-10
PLSCR1,2,0,0.0,0.08951734650000001,0.08951734650000001
PLSCR3,1,0,0.0,0.5947745,0.5947745
PLXNB3,4,0,0.0,0.0018123166675978154,1.78351685e-08
PM20D1,1,0,0.0,0.69450146,0.69450146
PM20D2,1,0,0.0,0.0048504365,0.0048504365
PMCH,1,0,0.0,0.16662677,0.16662677
PMM1,2,0,0.0,0.33012447258600186,0.33012447258600186
PMPCA,1,0,0.0,7.850048e-07,7.850048e-07
PNLIPRP2,1,0,0.0,2.2217551e-12,2.2217551e-12
PNN,1,0,0.0,1.9527242e-08,1.9527242e-08
POC1B-GALNT4,1,0,0.0,0.035023373,0.035023373
POC5,2,0,0.0,0.22415827500000002,0.22415827500000002
PODN,1,0,0.0,0.11879749,0.11879749
PODXL,1,0,0.0,0.1536986,0.1536986
POFUT1,2,0,0.0,2.3047289e-07,2.3047289e-07
POLD2,1,0,0.0,0.00017891345,0.00017891345
POLG2,1,0,0.0,7.003726e-10,7.003726e-10
POLI,3,0,0.0,0.14704478279028335,3.280822e-05
POLK,3,0,0.0,0.46182866225,0.66363955
POLR2D,2,0,0.0,0.00217085359783,0.00217085359783
POLR2E,1,0,0.0,0.36141288,0.36141288
POLR2G,2,0,0.0,0.362466005052659,0.362466005052659
POLR3E,1,0,0.0,6.708724e-06,6.708724e-06
POLR3H,1,0,0.0,0.00083150045,0.00083150045
POMK,2,0,0.0,3.8320599e-06,3.8320599e-06
POPDC2,2,0,0.0,0.575203,0.575203
POR,1,0,0.0,0.021832742,0.021832742
POSTN,1,0,0.0,0.00013273148,0.00013273148
POTEM,1,0,0.0,0.0026593935,0.0026593935
POU1F1,2,0,0.0,0.123758782685,0.123758782685
POU2AF1,3,0,0.0,0.141868555565,0.035373665
POU2F2,1,0,0.0,3.6726722e-06,3.6726722e-06
POU2F3,3,0,0.0,0.23736525333333333,0.15909706
POU3F2,1,0,0.0,4.225996e-06,4.225996e-06
POU3F3,1,0,0.0,1.4021718e-07,1.4021718e-07
POU3F4,1,0,0.0,0.00080582645,0.00080582645
POU4F1,1,0,0.0,0.0016124424,0.0016124424
PPIAL4A,1,0,0.0,0.59917355,0.59917355
PPIF,1,0,0.0,0.22504942,0.22504942
PPIP5K1,1,0,0.0,0.71556383,0.71556383
PPM1N,1,0,0.0,0.6441429,0.6441429
PPP1R13L,1,0,0.0,0.0043911356,0.0043911356
PPP1R14C,1,0,0.0,0.0019495739,0.0019495739
PPP1R14D,1,0,0.0,0.15707569,0.15707569
PPP1R15A,2,0,0.0,0.44787735000000006,0.44787735000000006
PPP1R1A,1,0,0.0,0.25541285,0.25541285
PPP1R36,1,0,0.0,0.00798903,0.00798903
PPP1R3C,1,0,0.0,0.15010673,0.15010673
PPP2CA,1,0,0.0,0.3325473,0.3325473
PPP2R2A,2,0,0.0,0.22240067900000002,0.22240067900000002
PPP2R2B,2,0,0.0,0.130185692357,0.130185692357
PPP2R2D,1,0,0.0,0.041670986,0.041670986
PPP6R1,1,0,0.0,6.5025683e-06,6.5025683e-06
PPWD1,1,0,0.0,0.18926242,0.18926242
PRAM1,1,0,0.0,2.750528e-08,2.750528e-08
PRCC,1,0,0.0,0.52876294,0.52876294
PRDM4,1,0,0.0,0.507575,0.507575
PRG2,2,0,0.0,0.09228929500000001,0.09228929500000001
PRICKLE4,2,0,0.0,0.13232392865,0.13232392865
PRIM2,1,0,0.0,0.74750715,0.74750715
PRKAB1,1,0,0.0,0.43659413,0.43659413
PRKACB,1,0,0.0,0.64181393,0.64181393
PRKCQ,1,0,0.0,4.8170812e-05,4.8170812e-05
PRKN,1,0,0.0,1.01649405e-07,1.01649405e-07
PRLH,1,0,0.0,0.0010950868,0.0010950868
PRLHR,1,0,0.0,0.0062646074,0.0062646074
PRMT2,3,0,0.0,0.11983192599999999,0.1510721
PRMT3,2,0,0.0,3.934303e-07,3.934303e-07
PRMT5,1,0,0.0,0.001092294,0.001092294
PROM2,2,0,0.0,9.83124839e-09,9.83124839e-09
PRORP,1,0,0.0,0.00083439273,0.00083439273
PROSER2,1,0,0.0,6.108578e-08,6.108578e-08
PROSER3,1,0,0.0,7.099391e-07,7.099391e-07
PRPF39,1,0,0.0,0.0013225147,0.0013225147
PRPH2,1,0,0.0,7.0930105e-07,7.0930105e-07
PRR14,1,0,0.0,1.7502525e-06,1.7502525e-06
PRR27,3,0,0.0,0.17568298059466667,0.13565856
PRR5-ARHGAP8,3,0,0.0,0.20487143016120835,0.002973576
PRR5L,1,0,0.0,0.21780775,0.21780775
PRRG4,1,0,0.0,0.68100315,0.68100315
PRRT2,1,0,0.0,0.018272419,0.018272419
PRSS23,3,0,0.0,0.20688013483333334,0.10830955
PRXL2C,1,0,0.0,0.44445434,0.44445434
PSCA,1,0,0.0,0.0015760425,0.0015760425
PSKH1,1,0,0.0,0.5356978,0.5356978
PSMA1,1,0,0.0,0.069444895,0.069444895
PSMA4,2,0,0.0,0.0006558247099999999,0.0006558247099999999
PSMB4,2,0,0.0,0.32338323,0.32338323
PSMB9,2,0,0.0,0.164552053,0.164552053
PSMD14,1,0,0.0,0.00014270483,0.00014270483
PSMD2,3,0,0.0,0.4580191666666667,0.55890876
PSMD6,1,0,0.0,0.33675882,0.33675882
PSMD7,1,0,0.0,7.1015466e-10,7.1015466e-10
PSMG3,1,0,0.0,9.748334e-10,9.748334e-10
PSRC1,1,0,0.0,0.5823803,0.5823803
PSTPIP1,1,0,0.0,1.0518922e-11,1.0518922e-11
PSTPIP2,1,0,0.0,3.2850721e-06,3.2850721e-06
PTDSS2,1,0,0.0,1.3504574e-08,1.3504574e-08
PTGDS,1,0,0.0,1.4113793e-09,1.4113793e-09
PTGFR,3,0,0.0,0.04709615633333333,0.023336789
PTGR2,1,0,0.0,0.00038253018,0.00038253018
PTN,1,0,0.0,0.00038808832,0.00038808832
PTPMT1,1,0,0.0,0.15859112,0.15859112
PTPN18,1,0,0.0,1.18119265e-08,1.18119265e-08
PTPN22,1,0,0.0,6.199645e-07,6.199645e-07
PTPN23,1,0,0.0,0.06777663,0.06777663
PTPN9,2,0,0.0,0.532743375,0.532743375
PTRHD1,1,0,0.0,7.2272096e-06,7.2272096e-06
PTX3,1,0,0.0,0.21328391,0.21328391
PUSL1,1,0,0.0,8.0008465e-07,8.0008465e-07
PWWP2A,1,0,0.0,1.7561893e-08,1.7561893e-08
PYCARD,1,0,0.0,8.466112e-09,8.466112e-09
PYDC1,1,0,0.0,0.16759275,0.16759275
PYGO2,1,0,0.0,0.18860382,0.18860382
PYROXD1,3,0,0.0,0.51865855,0.6450909
QRFP,1,0,0.0,0.29292703,0.29292703
QRSL1,1,0,0.0,0.12107089,0.12107089
QTRT2,1,0,0.0,0.64428043,0.64428043
R3HCC1L,2,0,0.0,0.5583987100000001,0.5583987100000001
RAB11FIP4,3,0,0.0,0.5251424733333333,0.52451736
RAB24,2,0,0.0,0.177962434,0.177962434
RAB2A,1,0,0.0,1.3257317e-09,1.3257317e-09
RAB31,1,0,0.0,0.71093535,0.71093535
RAB36,1,0,0.0,2.785992e-13,2.785992e-13
RAB40C,1,0,0.0,0.0011683423,0.0011683423
RAB6B,1,0,0.0,0.14987771,0.14987771
RABAC1,1,0,0.0,0.0080957785,0.0080957785
RABIF,1,0,0.0,0.4453329,0.4453329
RACGAP1,3,0,0.0,0.4694516633333334,0.55994964
RAD51B,1,0,0.0,0.007992565,0.007992565
RAF1,1,0,0.0,0.001242202,0.001242202
RALB,1,0,0.0,0.00011905877,0.00011905877
RALYL,5,0,0.0,0.17928874398572592,0.07728574
RANBP9,1,0,0.0,0.0026832076,0.0026832076
RAP1GAP,1,0,0.0,0.3711021,0.3711021
RAP2A,1,0,0.0,0.17586917,0.17586917
RAP2B,1,0,0.0,0.6936751,0.6936751
RAP2C,1,0,0.0,0.6075167,0.6075167
RAPGEFL1,2,0,0.0,0.35573142,0.35573142
RAPSN,1,0,0.0,3.1273308e-09,3.1273308e-09
RARS1,2,0,0.0,0.21577664149999998,0.21577664149999998
RARS2,1,0,0.0,8.235592e-05,8.235592e-05
RASA1,2,0,0.0,0.38489564499999995,0.38489564499999995
RASGEF1C,3,0,0.0,0.149933536053111,2.3905892e-08
RASGRP1,3,0,0.0,0.13489977940214,0.08358429
RASIP1,1,0,0.0,0.008008099,0.008008099
RASSF3,1,0,0.0,0.018392507,0.018392507
RASSF9,1,0,0.0,0.3491599,0.3491599
RAVER2,1,0,0.0,0.0059932526,0.0059932526
RBBP8NL,1,0,0.0,9.070002e-09,9.070002e-09
RBBP9,1,0,0.0,0.6269057,0.6269057
RBM15B,2,0,0.0,0.0762173823047,0.0762173823047
RBM22,1,0,0.0,0.38349923,0.38349923
RBM4,4,0,0.0,0.25471119224728817,0.17812653280019
RBMXL2,2,0,0.0,0.01482345046892,0.01482345046892
RCAN1,2,0,0.0,0.1041057625,0.1041057625
RCBTB2,2,0,0.0,0.38271240650000005,0.38271240650000005
RCL1,2,0,0.0,0.049373894453499996,0.049373894453499996
RCN1,2,0,0.0,0.03942519539903,0.03942519539903
RCN3,1,0,0.0,0.49888667,0.49888667
RCSD1,1,0,0.0,5.6977662e-11,5.6977662e-11
RDH13,1,0,0.0,0.02950243,0.02950243
RDH5,1,0,0.0,0.08242206,0.08242206
RECQL4,2,0,0.0,0.3044304000819562,0.3044304000819562
REEP3,2,0,0.0,4.15119275e-08,4.15119275e-08
RELA,2,0,0.0,0.10928642999999999,0.10928642999999999
RELB,1,0,0.0,0.29282975,0.29282975
RELCH,2,0,0.0,0.11116023407,0.11116023407
RERG,2,0,0.0,5.5602580165e-07,5.5602580165e-07
RETNLB,1,0,0.0,0.67747104,0.67747104
RFC3,1,0,0.0,0.15163071,0.15163071
RFPL4B,1,0,0.0,0.010670375,0.010670375
RFX7,3,0,0.0,0.018274750685032,3.4418358e-06
RGL2,1,0,0.0,0.023542479,0.023542479
RGMA,1,0,0.0,7.659447e-08,7.659447e-08
RGMB,1,0,0.0,0.6066414,0.6066414
RGN,1,0,0.0,0.48790017,0.48790017
RGS1,1,0,0.0,0.19476596,0.19476596
RGS21,2,0,0.0,0.448779465,0.448779465
RGS4,1,0,0.0,0.43971065,0.43971065
RHBG,1,0,0.0,8.730886e-06,8.730886e-06
RHCG,1,0,0.0,0.16877602,0.16877602
RHD,1,0,0.0,0.3782892,0.3782892
RHEBL1,1,0,0.0,0.2760544,0.2760544
RHOBTB2,1,0,0.0,0.121404834,0.121404834
RHPN1,1,0,0.0,7.5716344e-10,7.5716344e-10
RIBC2,2,0,0.0,0.18369241790000002,0.18369241790000002
RIC8B,1,0,0.0,0.2539159,0.2539159
RIN3,3,0,0.0,1.1225766099999999e-08,5.652893e-09
RIOK2,2,0,0.0,0.616682385,0.616682385
RIOX1,2,0,0.0,0.354176203036325,0.354176203036325
RIPPLY3,2,0,0.0,0.2029297115,0.2029297115
RIT2,2,0,0.0,0.026544388642625,0.026544388642625
RLIM,1,0,0.0,5.5592453e-10,5.5592453e-10
RMDN3,1,0,0.0,0.0008665724,0.0008665724
RMND1,1,0,0.0,4.255014e-07,4.255014e-07
RN7SL106P,1,0,0.0,0.074601844,0.074601844
RNASE6,1,0,0.0,0.39120382,0.39120382
RNASE9,1,0,0.0,0.6767123,0.6767123
RNASEH2C,1,0,0.0,0.0005703087,0.0005703087
RND1,1,0,0.0,0.4727955,0.4727955
RNF111,5,0,0.0,0.23973973948,0.21078497
RNF112,2,0,0.0,0.54525085,0.54525085
RNF123,2,0,0.0,0.362660830093473,0.362660830093473
RNF126,1,0,0.0,0.035744946,0.035744946
RNF138,1,0,0.0,0.4009338,0.4009338
RNF148,1,0,0.0,5.0487387e-07,5.0487387e-07
RNF169,1,0,0.0,0.46858683,0.46858683
RNF207,1,0,0.0,0.029654574,0.029654574
RNF217-AS1,4,0,0.0,0.000279090447372375,2.9598752e-06
RNF26,1,0,0.0,1.8800096e-08,1.8800096e-08
RNF7,1,0,0.0,0.0017779422,0.0017779422
RNLS,1,0,0.0,7.59561e-05,7.59561e-05
ROCK2,4,0,0.0,0.5128520750000001,0.609269115
RORC,4,0,0.0,0.18032940524633528,0.0921379098089
RPA1,1,0,0.0,2.158639e-11,2.158639e-11
RPAP3,1,0,0.0,0.21745889,0.21745889
RPGR,2,0,0.0,0.36934005000000003,0.36934005000000003
RPL14,2,0,0.0,0.18591563514999998,0.18591563514999998
RPL18A,2,0,0.0,6.867136e-09,6.867136e-09
RPL22L1,1,0,0.0,0.084822536,0.084822536
RPL3,2,0,0.0,0.18446150000046402,0.18446150000046402
RPL37A,1,0,0.0,0.00048663234,0.00048663234
RPL7L1,1,0,0.0,0.1576779,0.1576779
RPLP0,1,0,0.0,0.00070623093,0.00070623093
RPP25,1,0,0.0,1.3689294e-09,1.3689294e-09
RPP40,1,0,0.0,0.36862168,0.36862168
RPRM,1,0,0.0,0.63268816,0.63268816
RPS12,1,0,0.0,0.35335788,0.35335788
RPS20,2,0,0.0,0.10215263215,0.10215263215
RPS3,1,0,0.0,0.688486,0.688486
RPS3A,1,0,0.0,0.41058105,0.41058105
RPS7,1,0,0.0,1.3513121e-05,1.3513121e-05
RRN3,1,0,0.0,0.42786518,0.42786518
RRNAD1,4,0,0.0,0.037728546202570004,0.035277788247775
RRP12,1,0,0.0,0.25009608,0.25009608
RRP36,1,0,0.0,0.4304851,0.4304851
RSC1A1,1,0,0.0,0.1741664,0.1741664
RSPH14,1,0,0.0,4.2615073e-07,4.2615073e-07
RSPO3,3,0,0.0,0.3084336033333333,0.27403146
RSRC2,2,0,0.0,0.299041705,0.299041705
RSU1,1,0,0.0,0.5073273,0.5073273
RTL6,2,0,0.0,0.000353565132493,0.000353565132493
RTL8B,1,0,0.0,2.3303977e-11,2.3303977e-11
RTN4RL1,1,0,0.0,0.045687363,0.045687363
RTN4RL2,1,0,0.0,0.0046055918,0.0046055918
RTP2,1,0,0.0,0.10733061,0.10733061
RTP5,1,0,0.0,3.1297833e-09,3.1297833e-09
RUFY1,1,0,0.0,0.00072703883,0.00072703883
RUFY2,3,0,0.0,5.84803731e-05,2.359427e-06
RUFY4,1,0,0.0,0.43645766,0.43645766
RUNDC3A,1,0,0.0,0.0028256949,0.0028256949
RWDD2A,2,0,0.0,0.59407845,0.59407845
RWDD4,1,0,0.0,6.0193965e-05,6.0193965e-05
RXFP3,3,0,0.0,0.010474939288877999,1.2594737e-05
RXFP4,1,0,0.0,1.3508573e-11,1.3508573e-11
RXRG,2,0,0.0,0.20801099033499998,0.20801099033499998
RYK,2,0,0.0,0.1597636265411465,0.1597636265411465
S100A4,1,0,0.0,0.15449983,0.15449983
S100A7L2,1,0,0.0,0.4416589,0.4416589
S100A8,1,0,0.0,0.655113,0.655113
S100Z,1,0,0.0,0.24572799,0.24572799
S1PR3,2,0,0.0,0.04242709435,0.04242709435
S1PR5,1,0,0.0,1.0734019e-08,1.0734019e-08
SAC3D1,1,0,0.0,3.5084732e-10,3.5084732e-10
SAMD14,1,0,0.0,0.23384903,0.23384903
SAMD8,1,0,0.0,0.6738826,0.6738826
SAP18,1,0,0.0,0.56220436,0.56220436
SAPCD2,2,0,0.0,1.562763735e-07,1.562763735e-07
SAR1B,1,0,0.0,0.0014888622,0.0014888622
SARAF,1,0,0.0,0.50823885,0.50823885
SARDH,1,0,0.0,0.0055112755,0.0055112755
SAT2,1,0,0.0,0.3158708,0.3158708
SBDS,1,0,0.0,0.17682722,0.17682722
SBK1,2,0,0.0,0.31163925000000003,0.31163925000000003
SBK2,2,0,0.0,0.619934275,0.619934275
SCARA5,1,0,0.0,0.0009904323,0.0009904323
SCARF2,1,0,0.0,8.168544e-07,8.168544e-07
SCD,2,0,0.0,0.39662258,0.39662258
SCGB1A1,1,0,0.0,0.5075788,0.5075788
SCGB1D1,1,0,0.0,0.6086942,0.6086942
SCIN,1,0,0.0,4.875025e-07,4.875025e-07
SCLT1,1,0,0.0,0.6388769,0.6388769
SCLY,1,0,0.0,0.26382008,0.26382008
SCML1,2,0,0.0,3.46289075807476e-07,3.46289075807476e-07
SCN3B,1,0,0.0,1.1867318e-06,1.1867318e-06
SCRIB,3,0,0.0,4.641942266666667e-08,2.4361577e-09
SCRT2,2,0,0.0,0.0022726528565000003,0.0022726528565000003
SDC1,2,0,0.0,0.47472619,0.47472619
SDHB,1,0,0.0,0.15846391,0.15846391
SEC22C,2,0,0.0,0.36268838,0.36268838
SEC62,1,0,0.0,0.19770719,0.19770719
SEL1L,2,0,0.0,0.16913174496475,0.16913174496475
SEL1L3,2,0,0.0,0.0002120627,0.0002120627
SELENOI,1,0,0.0,0.02110556,0.02110556
SELL,1,0,0.0,0.002161532,0.002161532
SEMA7A,2,0,0.0,0.07234920823797,0.07234920823797
SENP2,1,0,0.0,0.00093765755,0.00093765755
SEPTIN2,2,0,0.0,1.0813067999999999e-05,1.0813067999999999e-05
SEPTIN5,2,0,0.0,0.161953915,0.161953915
SERINC2,2,0,0.0,0.10599178000000001,0.10599178000000001
SERINC5,1,0,0.0,0.012428267,0.012428267
SERPINA9,3,0,0.0,0.09823483492859998,0.029080296
SERPINE3,1,0,0.0,0.65410435,0.65410435
SERPINF1,1,0,0.0,0.12601931,0.12601931
SERPINH1,1,0,0.0,0.3820226,0.3820226
SERTAD1,1,0,0.0,1.676829e-05,1.676829e-05
SESN2,1,0,0.0,0.07151443,0.07151443
SETD5,1,0,0.0,0.53483856,0.53483856
SEZ6L,2,0,0.0,0.23718206607205,0.23718206607205
SFRP1,1,0,0.0,0.005087352,0.005087352
SFRP2,1,0,0.0,0.47559848,0.47559848
SFTPD,1,0,0.0,0.2588821,0.2588821
SGMS1,2,0,0.0,0.35758987285,0.35758987285
SGPL1,1,0,0.0,0.6778172,0.6778172
SGPP1,1,0,0.0,1.2919335e-07,1.2919335e-07
SH2D3A,4,0,0.0,0.18472215777529952,0.144639690549324
SH2D5,2,0,0.0,0.169990224752,0.169990224752
SH2D6,1,0,0.0,7.615775e-06,7.615775e-06
SH3RF3,3,0,0.0,0.00045170701995666667,6.6673735e-08
SHANK3,1,0,0.0,8.025716e-08,8.025716e-08
SHB,1,0,0.0,0.039340936,0.039340936
SHC4,2,0,0.0,3.8110369674285e-05,3.8110369674285e-05
SHCBP1,2,0,0.0,0.223660565,0.223660565
SHH,1,0,0.0,0.378533,0.378533
SHISAL1,2,0,0.0,0.05067450025,0.05067450025
SHISAL2A,1,0,0.0,0.089091994,0.089091994
SHLD2,1,0,0.0,0.16042775,0.16042775
SIAE,3,0,0.0,0.3898784466666667,0.23732476
SIRT1,1,0,0.0,0.16635738,0.16635738
SIRT4,2,0,0.0,0.001665552055,0.001665552055
SIT1,2,0,0.0,0.0009413292170076,0.0009413292170076
SIX3,2,0,0.0,0.000277183187730777,0.000277183187730777
SIX5,4,0,0.0,0.042035209245608274,0.037978412965
SKI,2,0,0.0,0.128389013,0.128389013
SLAIN1,1,0,0.0,0.124332055,0.124332055
SLC10A1,1,0,0.0,0.1979896,0.1979896
SLC10A2,1,0,0.0,0.002463668,0.002463668
SLC10A7,1,0,0.0,0.07409707,0.07409707
SLC12A1,3,0,0.0,0.5404387033333333,0.6599787
SLC13A5,2,0,0.0,0.077591632845,0.077591632845
SLC16A1,1,0,0.0,0.12102742,0.12102742
SLC16A10,1,0,0.0,0.13382843,0.13382843
SLC16A2,2,0,0.0,0.00078418774,0.00078418774
SLC16A7,2,0,0.0,0.49439256,0.49439256
SLC16A8,1,0,0.0,0.22863893,0.22863893
SLC19A1,1,0,0.0,0.13598698,0.13598698
SLC19A2,1,0,0.0,0.06625795,0.06625795
SLC1A4,3,0,0.0,0.21363181824148833,0.27792656
SLC1A7,1,0,0.0,3.6717083e-08,3.6717083e-08
SLC22A14,2,0,0.0,0.31217338499999997,0.31217338499999997
SLC22A18,1,0,0.0,3.0635064e-07,3.0635064e-07
SLC22A25,2,0,0.0,0.23743091500000002,0.23743091500000002
SLC23A1,1,0,0.0,9.63911e-06,9.63911e-06
SLC24A4,2,0,0.0,0.01592537975,0.01592537975
SLC25A16,1,0,0.0,0.00015460614,0.00015460614
SLC25A17,1,0,0.0,4.3707589e-13,4.3707589e-13
SLC25A20,1,0,0.0,0.26151192,0.26151192
SLC25A32,3,0,0.0,0.29413787687700005,0.25256115
SLC25A39,2,0,0.0,3.9512109000000004e-07,3.9512109000000004e-07
SLC25A42,1,0,0.0,0.21777897,0.21777897
SLC25A46,1,0,0.0,0.0034222014,0.0034222014
SLC25A52,1,0,0.0,0.49882996,0.49882996
SLC25A6,1,0,0.0,1.5660277e-10,1.5660277e-10
SLC26A1,1,0,0.0,1.0186791e-08,1.0186791e-08
SLC26A6,2,0,0.0,1.039822245e-08,1.039822245e-08
SLC27A3,1,0,0.0,0.6504714,0.6504714
SLC27A5,1,0,0.0,2.4817479e-07,2.4817479e-07
SLC2A11,3,0,0.0,0.09268161333529919,0.08467946
SLC2A6,1,0,0.0,0.0005544525,0.0005544525
SLC2A7,2,0,0.0,0.020855018082574,0.020855018082574
SLC30A6,1,0,0.0,5.657838e-05,5.657838e-05
SLC35C1,1,0,0.0,1.4993038e-11,1.4993038e-11
SLC35F1,1,0,0.0,0.00020205641,0.00020205641
SLC35F2,1,0,0.0,0.15105955,0.15105955
SLC35F6,1,0,0.0,1.3408373e-05,1.3408373e-05
SLC35G2,3,0,0.0,0.232290548,0.20193578
SLC36A2,3,0,0.0,0.22934330083333335,0.005076582
SLC36A4,1,0,0.0,0.0009180982,0.0009180982
SLC38A7,1,0,0.0,0.35833126,0.35833126
SLC39A4,4,0,0.0,0.0004161853236268385,2.0687880999999998e-08
SLC41A3,3,0,0.0,0.10143641738457566,5.9494744e-07
SLC45A3,2,0,0.0,0.42575463999999996,0.42575463999999996
SLC47A2,3,0,0.0,0.5137883433333333,0.500189
SLC49A4,1,0,0.0,1.2600275e-05,1.2600275e-05
SLC4A9,2,0,0.0,0.217016243,0.217016243
SLC50A1,1,0,0.0,0.35407886,0.35407886
SLC5A10,1,0,0.0,2.4328097e-09,2.4328097e-09
SLC66A2,1,0,0.0,6.161489e-13,6.161489e-13
SLC6A5,4,0,0.0,0.184397306861,0.1408803265
SLC7A11,2,0,0.0,0.30822747310000004,0.30822747310000004
SLC7A5,3,0,0.0,0.057153381410453334,0.016363006
SLC7A7,3,0,0.0,0.22121725832000003,0.03133781
SLCO1C1,1,0,0.0,0.31229335,0.31229335
SLFNL1,3,0,0.0,0.22785742758354954,0.0003840824
SLIT1,4,0,0.0,0.06749475745075001,0.02138847785
SMAD3,2,0,0.0,1.1647133729e-05,1.1647133729e-05
SMAD4,3,0,0.0,0.0167157591,0.0014391348
SMARCD2,1,0,0.0,0.5823705,0.5823705
SMC5,2,0,0.0,0.30340638173546003,0.30340638173546003
SMCO4,1,0,0.0,0.48733476,0.48733476
SMOC2,1,0,0.0,0.7439884,0.7439884
SMPD3,3,0,0.0,0.16929682427536133,4.3939876e-06
SMU1,1,0,0.0,6.4648248e-06,6.4648248e-06
SNAI3,1,0,0.0,0.00026227982,0.00026227982
SNAP23,1,0,0.0,0.5240726,0.5240726
SNAP29,1,0,0.0,0.2903243,0.2903243
SNED1,1,0,0.0,0.7445633,0.7445633
SNORD114-25,2,0,0.0,0.5354989,0.5354989
SNORD115-23,1,0,0.0,0.027241789,0.027241789
SNORD115-40,1,0,0.0,0.26800483,0.26800483
SNORD116-14,1,0,0.0,0.5723382,0.5723382
SNORD116-22,1,0,0.0,0.08600425,0.08600425
SNORD116-23,2,0,0.0,0.5285358,0.5285358
SNORD116-6,1,0,0.0,0.08718065,0.08718065
SNRNP35,1,0,0.0,0.5074864,0.5074864
SNRNP48,1,0,0.0,0.65976405,0.65976405
SNRPB,1,0,0.0,0.05913071,0.05913071
SNRPB2,1,0,0.0,0.3536211,0.3536211
SNRPD1,1,0,0.0,0.51774156,0.51774156
SNTB2,1,0,0.0,0.04141475,0.04141475
SNTG2,2,0,0.0,0.284450029304,0.284450029304
SNX12,1,0,0.0,0.2929315,0.2929315
SNX16,2,0,0.0,0.38543369000000005,0.38543369000000005
SNX30,2,0,0.0,0.0354368634,0.0354368634
SNX4,2,0,0.0,2.109519365e-08,2.109519365e-08
SNX6,1,0,0.0,1.7099414e-07,1.7099414e-07
SOCS1,1,0,0.0,0.0006759649,0.0006759649
SOCS2,2,0,0.0,0.32619189000000004,0.32619189000000004
SOHLH2,2,0,0.0,0.41539538,0.41539538
SORT1,1,0,0.0,0.5074557,0.5074557
SOWAHD,3,0,0.0,0.10154552462650167,0.01173593
SOX10,1,0,0.0,3.6522704e-07,3.6522704e-07
SOX17,1,0,0.0,1.1811746e-08,1.1811746e-08
SOX4,3,0,0.0,8.148129433333333e-09,9.732362e-09
SOX5,2,0,0.0,0.122045807,0.122045807
SP5,2,0,0.0,6.7255681e-07,6.7255681e-07
SP6,1,0,0.0,0.2484965,0.2484965
SPACA3,1,0,0.0,0.51536274,0.51536274
SPACA7,1,0,0.0,0.0026074068,0.0026074068
SPACA9,1,0,0.0,1.9661506e-06,1.9661506e-06
SPAG6,1,0,0.0,0.3371115,0.3371115
SPARCL1,1,0,0.0,0.6114555,0.6114555
SPART,1,0,0.0,3.5457097e-07,3.5457097e-07
SPATA19,2,0,0.0,0.26373881,0.26373881
SPATA2,2,0,0.0,1.69577381e-07,1.69577381e-07
SPATA20,1,0,0.0,3.2925461e-06,3.2925461e-06
SPATA2L,3,0,0.0,4.410703159491e-08,7.2634165e-09
SPATA4,1,0,0.0,8.0538026e-05,8.0538026e-05
SPATA46,1,0,0.0,0.7110672,0.7110672
SPATA9,1,0,0.0,0.5278088,0.5278088
SPATS1,1,0,0.0,0.0017337945,0.0017337945
SPC24,1,0,0.0,1.8699145e-11,1.8699145e-11
SPCS3,1,0,0.0,6.4741535e-06,6.4741535e-06
SPDEF,1,0,0.0,5.4328538e-08,5.4328538e-08
SPEF1,1,0,0.0,0.01829267,0.01829267
SPEM2,1,0,0.0,0.40274444,0.40274444
SPG7,2,0,0.0,0.04454569121521295,0.04454569121521295
SPHK1,2,0,0.0,0.504397915,0.504397915
SPHK2,2,0,0.0,0.000848988361965,0.000848988361965
SPIDR,1,0,0.0,0.34584913,0.34584913
SPIN2B,2,0,0.0,0.000590349486035,0.000590349486035
SPIN3,1,0,0.0,4.8016664e-05,4.8016664e-05
SPIRE2,2,0,0.0,1.334613615505e-05,1.334613615505e-05
SPOPL,1,0,0.0,3.6852594e-05,3.6852594e-05
SPOUT1,1,0,0.0,0.00029939733,0.00029939733
SPRED1,2,0,0.0,0.43717419999999996,0.43717419999999996
SPRTN,3,0,0.0,0.5460277666666666,0.6375479
SPSB4,1,0,0.0,0.18243068,0.18243068
SPTSSB,2,0,0.0,0.538301935,0.538301935
SPX,2,0,0.0,0.1820566751139,0.1820566751139
SPZ1,1,0,0.0,0.023173533,0.023173533
SRA1,1,0,0.0,0.09425929,0.09425929
SRFBP1,2,0,0.0,0.036651186555,0.036651186555
SRPK1,3,0,0.0,0.006329797940004367,0.005300366
SRSF1,1,0,0.0,0.70068616,0.70068616
SRXN1,1,0,0.0,0.00072638225,0.00072638225
SSNA1,1,0,0.0,4.2666716e-07,4.2666716e-07
SSTR5,3,0,0.0,0.004198122827533333,2.4528325e-07
SSU72,1,0,0.0,0.28053048,0.28053048
SSUH2,1,0,0.0,0.023345508,0.023345508
SSX3,1,0,0.0,0.34050804,0.34050804
ST13,1,0,0.0,0.00055332505,0.00055332505
ST8SIA6,3,0,0.0,0.3883545918795333,0.4152588
STAMBPL1,2,0,0.0,3.4246467700000003e-06,3.4246467700000003e-06
STARD3,1,0,0.0,1.991674e-13,1.991674e-13
STARD4,1,0,0.0,0.5539529,0.5539529
STARD5,2,0,0.0,0.107344385493205,0.107344385493205
STIP1,1,0,0.0,0.6883683,0.6883683
STK11IP,1,0,0.0,9.749269e-09,9.749269e-09
STK16,1,0,0.0,0.21167797,0.21167797
STK24,3,0,0.0,0.00015351588330000002,7.8970006e-05
STK25,1,0,0.0,0.68851495,0.68851495
STMN1,1,0,0.0,0.6166756,0.6166756
STOML1,1,0,0.0,0.061581694,0.061581694
STOX2,2,0,0.0,2.4546574573e-08,2.4546574573e-08
STRADA,1,0,0.0,0.45366848,0.45366848
STRADB,1,0,0.0,0.7283312,0.7283312
STRAP,2,0,0.0,0.11538251535097134,0.11538251535097134
STX18,1,0,0.0,0.63261694,0.63261694
STX7,1,0,0.0,2.2586073e-05,2.2586073e-05
STX8,1,0,0.0,0.41914085,0.41914085
STXBP6,1,0,0.0,0.03562495,0.03562495
SUCLG1,2,0,0.0,0.450490775,0.450490775
SULT1A1,1,0,0.0,0.008016451,0.008016451
SULT2A1,1,0,0.0,0.42578727,0.42578727
SUN2,1,0,0.0,2.987727e-07,2.987727e-07
SUOX,2,0,0.0,0.25474495199999997,0.25474495199999997
SUPT3H,1,0,0.0,0.5526016,0.5526016
SUPT7L,1,0,0.0,1.51175955e-05,1.51175955e-05
SUSD4,1,0,0.0,4.3394536e-08,4.3394536e-08
SUV39H1,1,0,0.0,0.019516852,0.019516852
SUZ12,3,0,0.0,0.08128178608504667,0.000108401684
SWAP70,1,0,0.0,0.021674938,0.021674938
SYAP1,1,0,0.0,0.0001787133,0.0001787133
SYN1,3,0,0.0,0.00033231310639533334,7.981557e-06
SYN2,1,0,0.0,0.0009870036,0.0009870036
SYNDIG1,1,0,0.0,0.07402879,0.07402879
SYNDIG1L,1,0,0.0,2.7290633e-05,2.7290633e-05
SYNM,5,0,0.0,0.3409277773874,0.52663934
SYP,2,0,0.0,0.3069130006632123,0.3069130006632123
SYS1,1,0,0.0,0.16622745,0.16622745
SYT1,2,0,0.0,0.343046585,0.343046585
SYT14,1,0,0.0,6.901004e-07,6.901004e-07
SYT17,1,0,0.0,0.35099962,0.35099962
SYT3,1,0,0.0,0.078951575,0.078951575
SYTL1,1,0,0.0,0.072855644,0.072855644
SYTL4,1,0,0.0,0.0015756794,0.0015756794
SZRD1,1,0,0.0,0.49921873,0.49921873
TAAR1,2,0,0.0,0.000196471837,0.000196471837
TAC4,1,0,0.0,0.23610914,0.23610914
TACC3,1,0,0.0,0.23608577,0.23608577
TAF3,2,0,0.0,8.89349896e-10,8.89349896e-10
TAFA2,1,0,0.0,0.22949365,0.22949365
TAFA4,2,0,0.0,0.231006201472462,0.231006201472462
TAFA5,1,0,0.0,2.6651494e-09,2.6651494e-09
TAGAP,3,0,0.0,4.50259741e-06,2.8520458e-07
TAGLN,1,0,0.0,0.5290535,0.5290535
TANGO6,1,0,0.0,4.3862003e-09,4.3862003e-09
TAPBP,1,0,0.0,0.60347134,0.60347134
TAS2R42,1,0,0.0,0.2887912,0.2887912
TAS2R5,1,0,0.0,0.24411498,0.24411498
TASOR,3,0,0.0,0.09430567814464734,0.123470046
TASP1,1,0,0.0,0.40634558,0.40634558
TAX1BP3,2,0,0.0,9.44126035e-07,9.44126035e-07
TBATA,1,0,0.0,0.74161494,0.74161494
TBC1D10B,1,0,0.0,0.40967628,0.40967628
TBC1D13,1,0,0.0,9.5290645e-08,9.5290645e-08
TBC1D17,2,0,0.0,0.5119691399999999,0.5119691399999999
TBC1D28,1,0,0.0,0.66269475,0.66269475
TBC1D7,2,0,0.0,0.1096768375,0.1096768375
TBKBP1,1,0,0.0,3.0407352e-10,3.0407352e-10
TBL1Y,1,0,0.0,9.732065e-09,9.732065e-09
TBX1,1,0,0.0,0.008008474,0.008008474
TBX3,3,0,0.0,0.22386736667083865,0.27429828
TCAP,1,0,0.0,0.36805785,0.36805785
TCEA3,1,0,0.0,0.63637245,0.63637245
TCEANC2,1,0,0.0,0.38251543,0.38251543
TCF15,1,0,0.0,0.0026640694,0.0026640694
TCF23,2,0,0.0,0.0710202771405,0.0710202771405
TCF7,1,0,0.0,0.114187434,0.114187434
TCIRG1,2,0,0.0,0.333998982,0.333998982
TCN2,1,0,0.0,0.6067958,0.6067958
TCP11,1,0,0.0,0.57974887,0.57974887
TCP11L1,1,0,0.0,0.12769961,0.12769961
TCTEX1D4,1,0,0.0,9.553095e-10,9.553095e-10
TDRP,2,0,0.0,0.046640575723331995,0.046640575723331995
TEAD2,1,0,0.0,0.32897288,0.32897288
TEAD4,2,0,0.0,0.10907441699999999,0.10907441699999999
TEKT2,1,0,0.0,5.8227505e-07,5.8227505e-07
TEKT3,1,0,0.0,0.14356612,0.14356612
TEKT4,4,0,0.0,0.326675517142,0.2893763705
TENT4B,1,0,0.0,0.002047672,0.002047672
TENT5B,1,0,0.0,1.7296686e-07,1.7296686e-07
TENT5D,2,0,0.0,0.32995417510035724,0.32995417510035724
TEX33,1,0,0.0,0.4643148,0.4643148
TEX35,1,0,0.0,0.031381067,0.031381067
TFB2M,2,0,0.0,0.34097159,0.34097159
TFDP1,2,0,0.0,5.22517587165e-05,5.22517587165e-05
TFF2,1,0,0.0,0.03508985,0.03508985
TGDS,1,0,0.0,0.00016881687,0.00016881687
TGFA,7,0,0.0,0.1109248191795467,0.00038352265
TGFB3,1,0,0.0,0.7456616,0.7456616
TGFBR1,1,0,0.0,0.39000413,0.39000413
TGIF2LX,7,0,0.0,0.05641649349026306,4.6731863e-08
TGIF2LY,1,0,0.0,2.2156339e-10,2.2156339e-10
TGOLN2,1,0,0.0,2.247829e-05,2.247829e-05
TH,1,0,0.0,0.0006273187,0.0006273187
THAP10,1,0,0.0,2.0812315e-07,2.0812315e-07
THAP8,1,0,0.0,0.26154116,0.26154116
THEM4,1,0,0.0,0.13134086,0.13134086
THOC1,1,0,0.0,2.7073372e-12,2.7073372e-12
THTPA,1,0,0.0,1.1667221e-06,1.1667221e-06
TIGD5,2,0,0.0,6.06156235e-09,6.06156235e-09
TIMMDC1,1,0,0.0,0.4438564,0.4438564
TIMP3,2,0,0.0,0.39714935500000004,0.39714935500000004
TLNRD1,2,0,0.0,2.71539894167e-08,2.71539894167e-08
TLR9,4,0,0.0,0.0563657826385,0.0001695477875
TLX2,1,0,0.0,3.67488e-13,3.67488e-13
TLX3,1,0,0.0,0.00014316673,0.00014316673
TM2D3,1,0,0.0,0.093153276,0.093153276
TM4SF19,1,0,0.0,0.24527374,0.24527374
TM9SF1,2,0,0.0,0.08929597889336,0.08929597889336
TMBIM4,1,0,0.0,0.31920254,0.31920254
TMCC2,3,0,0.0,0.06602115357355505,3.702726e-10
TMCO6,1,0,0.0,0.53276104,0.53276104
TMED9,1,0,0.0,7.993738e-07,7.993738e-07
TMEM106A,1,0,0.0,0.6815013,0.6815013
TMEM116,1,0,0.0,0.05489856,0.05489856
TMEM117,2,0,0.0,0.398919935,0.398919935
TMEM121,1,0,0.0,2.7541037e-07,2.7541037e-07
TMEM127,2,0,0.0,2.53691157015e-07,2.53691157015e-07
TMEM150B,1,0,0.0,5.4463226e-06,5.4463226e-06
TMEM151A,4,0,0.0,0.004836224387615,0.00380256485
TMEM160,1,0,0.0,0.421686,0.421686
TMEM167B,1,0,0.0,2.572482e-09,2.572482e-09
TMEM175,2,0,0.0,1.406027647085e-08,1.406027647085e-08
TMEM176A,1,0,0.0,0.68844676,0.68844676
TMEM176B,1,0,0.0,0.6366666,0.6366666
TMEM18,1,0,0.0,0.00011221987,0.00011221987
TMEM198,2,0,0.0,0.60191028,0.60191028
TMEM201,1,0,0.0,0.0008318464,0.0008318464
TMEM202,2,0,0.0,0.00032582597012464795,0.00032582597012464795
TMEM205,2,0,0.0,0.6686079250000001,0.6686079250000001
TMEM207,2,0,0.0,0.237744123,0.237744123
TMEM209,2,0,0.0,0.41045883499999997,0.41045883499999997
TMEM231,1,0,0.0,0.044110987,0.044110987
TMEM236,1,0,0.0,1.2572959e-06,1.2572959e-06
TMEM251,1,0,0.0,0.54372954,0.54372954
TMEM270,1,0,0.0,0.68864745,0.68864745
TMEM40,1,0,0.0,0.16841984,0.16841984
TMEM41B,1,0,0.0,0.32166082,0.32166082
TMEM44,1,0,0.0,6.497094e-06,6.497094e-06
TMEM51,1,0,0.0,0.5122513,0.5122513
TMEM53,3,0,0.0,0.34655341,0.30295295
TMEM59,1,0,0.0,0.4480087,0.4480087
TMEM61,1,0,0.0,0.31490964,0.31490964
TMEM62,1,0,0.0,0.6375834,0.6375834
TMEM80,2,0,0.0,0.528343925,0.528343925
TMEM82,1,0,0.0,9.7453645e-09,9.7453645e-09
TMEM87A,1,0,0.0,0.13692664,0.13692664
TMEM91,3,0,0.0,0.20189641196958,1.5876357e-07
TMOD2,1,0,0.0,0.3881375,0.3881375
TMPPE,2,0,0.0,0.3574061425,0.3574061425
TMPRSS11F,2,0,0.0,0.005201493885,0.005201493885
TMPRSS4,4,0,0.0,0.1928708356925,0.14863119349999998
TMX4,1,0,0.0,0.09023299,0.09023299
TNFAIP2,1,0,0.0,0.43710902,0.43710902
TNFRSF11B,2,0,0.0,0.29151392,0.29151392
TNFRSF12A,1,0,0.0,0.6720509,0.6720509
TNFRSF13B,1,0,0.0,0.38552785,0.38552785
TNFRSF14,2,0,0.0,0.0022907087471314997,0.0022907087471314997
TNFRSF18,2,0,0.0,0.47346693500000003,0.47346693500000003
TNFRSF19,1,0,0.0,0.032941356,0.032941356
TNFRSF25,2,0,0.0,0.00248350767937,0.00248350767937
TNFRSF6B,2,0,0.0,0.32082154,0.32082154
TNK1,1,0,0.0,7.857283e-07,7.857283e-07
TNNI2,1,0,0.0,0.54840803,0.54840803
TNNI3,1,0,0.0,0.0016654053,0.0016654053
TNNT3,2,0,0.0,0.12628922323475,0.12628922323475
TOE1,1,0,0.0,0.38641632,0.38641632
TOM1L2,2,0,0.0,8.20977015e-10,8.20977015e-10
TOMM22,1,0,0.0,0.38587934,0.38587934
TOP2B,2,0,0.0,0.00034908588485,0.00034908588485
TOR1AIP2,1,0,0.0,0.7067778,0.7067778
TOR4A,1,0,0.0,3.018043e-11,3.018043e-11
TOX2,2,0,0.0,0.4351904,0.4351904
TP53I13,2,0,0.0,0.36023027,0.36023027
TP53I3,2,0,0.0,0.1543106541,0.1543106541
TPD52,2,0,0.0,0.59744635,0.59744635
TPD52L1,1,0,0.0,6.801901e-11,6.801901e-11
TPD52L3,1,0,0.0,1.0223569e-06,1.0223569e-06
TPM4,1,0,0.0,0.004493002,0.004493002
TRAF2,3,0,0.0,0.0055909141901871635,4.570262e-09
TRAF6,1,0,0.0,0.23603584,0.23603584
TRAJ58,1,0,0.0,3.025823e-08,3.025823e-08
TRAM2,1,0,0.0,0.6327311,0.6327311
TRAPPC3,1,0,0.0,0.2615515,0.2615515
TRAPPC6A,1,0,0.0,7.5642004e-10,7.5642004e-10
TRAV16,1,0,0.0,6.632646e-08,6.632646e-08
TRAV29DV5,1,0,0.0,5.1417163e-07,5.1417163e-07
TRAV3,1,0,0.0,3.0326637e-05,3.0326637e-05
TRAV4,1,0,0.0,0.40678334,0.40678334
TRAV40,1,0,0.0,0.000783169,0.000783169
TRAV9-2,1,0,0.0,0.6573322,0.6573322
TRBJ2-1,1,0,0.0,2.0231667e-08,2.0231667e-08
TRBV19,1,0,0.0,0.29271764,0.29271764
TREH,2,0,0.0,0.045941845848749996,0.045941845848749996
TREM1,1,0,0.0,0.0011575188,0.0011575188
TREML4,3,0,0.0,0.2316906470358225,1.1074621e-09
TRH,3,0,0.0,0.25923622524292866,0.08909591
TRIM13,2,0,0.0,0.13724120108541998,0.13724120108541998
TRIM14,2,0,0.0,0.17834279,0.17834279
TRIM16,1,0,0.0,0.18475565,0.18475565
TRIM17,1,0,0.0,0.37348557,0.37348557
TRIM39,1,0,0.0,0.00018329456,0.00018329456
TRIM44,3,0,0.0,0.07868096508466667,0.00074979296
TRIM52,2,0,0.0,0.36782587875,0.36782587875
TRIM55,3,0,0.0,0.21843566867999997,0.18487391
TRIM60,1,0,0.0,0.000894848,0.000894848
TRIM69,2,0,0.0,0.369447975,0.369447975
TRIM72,2,0,0.0,0.0033625168763028747,0.0033625168763028747
TRMO,3,0,0.0,0.37676075000000003,0.32515255
TRMT10C,1,0,0.0,0.013875759,0.013875759
TRMT11,2,0,0.0,0.28486409419,0.28486409419
TRMT5,1,0,0.0,0.00032903784,0.00032903784
TRMU,1,0,0.0,0.0151268495,0.0151268495
TRNT1,2,0,0.0,0.3153374485,0.3153374485
TROAP,1,0,0.0,0.5076403,0.5076403
TRPC4AP,2,0,0.0,0.013867428000000001,0.013867428000000001
TRPM4,4,0,0.0,0.17742429154826603,0.03728615985
TSHB,1,0,0.0,0.32762328,0.32762328
TSPAN17,2,0,0.0,0.32449975260833774,0.32449975260833774
TSPAN19,1,0,0.0,1.4223785e-06,1.4223785e-06
TSPAN31,1,0,0.0,0.6499362,0.6499362
TSPY1,1,0,0.0,3.6525702e-07,3.6525702e-07
TSSC4,1,0,0.0,0.62619275,0.62619275
TSSK2,1,0,0.0,7.266523e-08,7.266523e-08
TSSK3,1,0,0.0,0.23601018,0.23601018
TTC33,1,0,0.0,0.51505214,0.51505214
TTC39C,2,0,0.0,0.337580485,0.337580485
TTC4,1,0,0.0,0.12129698,0.12129698
TTC7B,1,0,0.0,0.47090048,0.47090048
TTI2,2,0,0.0,0.1904855725,0.1904855725
TTL,3,0,0.0,0.5013421,0.3982734
TTLL1,1,0,0.0,0.25074166,0.25074166
TTLL13P,2,0,0.0,0.41579038,0.41579038
TTLL5,1,0,0.0,8.098114e-06,8.098114e-06
TTLL8,1,0,0.0,0.1916664,0.1916664
TTPA,2,0,0.0,0.309800235,0.309800235
TUBB,2,0,0.0,0.06774194312,0.06774194312
TUBGCP4,1,0,0.0,0.016758613,0.016758613
TXNDC17,2,0,0.0,0.18950038713,0.18950038713
TXNDC5,1,0,0.0,2.0689374e-06,2.0689374e-06
TYROBP,2,0,0.0,0.12810707108468225,0.12810707108468225
TYSND1,2,0,0.0,1.6503588245e-10,1.6503588245e-10
UAP1,1,0,0.0,0.20395586,0.20395586
UBAC2,1,0,0.0,0.0012091162,0.0012091162
UBE2D1,1,0,0.0,0.36362097,0.36362097
UBE2D3,1,0,0.0,0.00019107696,0.00019107696
UBE2L3,1,0,0.0,0.14330003,0.14330003
UBE2M,2,0,0.0,0.2006927600377214,0.2006927600377214
UBE2R2,1,0,0.0,1.0193836e-05,1.0193836e-05
UBE2U,1,0,0.0,0.3779513,0.3779513
UBE2Z,3,0,0.0,0.0030174642989999998,0.0009548341
UBL5,1,0,0.0,7.042868e-10,7.042868e-10
UBQLN1,2,0,0.0,0.50700793,0.50700793
UBQLN4,1,0,0.0,0.52121407,0.52121407
UBXN1,1,0,0.0,0.5688239,0.5688239
UBXN10,3,0,0.0,0.11707620866666668,0.095320866
UCMA,1,0,0.0,1.00256695e-11,1.00256695e-11
UCN3,1,0,0.0,1.7272342e-09,1.7272342e-09
UFL1,1,0,0.0,0.0039014567,0.0039014567
UFSP1,1,0,0.0,6.4789033e-06,6.4789033e-06
UGP2,1,0,0.0,0.00057456485,0.00057456485
UNC119B,1,0,0.0,0.06830005,0.06830005
UNC13D,2,0,0.0,0.211146225,0.211146225
UNC50,1,0,0.0,1.6774007e-07,1.6774007e-07
UNC5B,1,0,0.0,0.3667092,0.3667092
UNC80,1,0,0.0,0.0026195226,0.0026195226
UNC93B1,1,0,0.0,3.0348165e-08,3.0348165e-08
UNKL,3,0,0.0,0.00052510493212742,4.6636456e-10
UPK1B,2,0,0.0,7.70529415e-07,7.70529415e-07
UPK3B,1,0,0.0,7.2646915e-09,7.2646915e-09
UQCRC2,1,0,0.0,0.17684157,0.17684157
URB2,2,0,0.0,0.34922468,0.34922468
USF2,1,0,0.0,9.735629e-09,9.735629e-09
USP43,4,0,0.0,0.0031474834278855095,7.66934335e-06
USP46,1,0,0.0,0.6024241,0.6024241
USP9Y,1,0,0.0,8.072555e-12,8.072555e-12
UTP14A,1,0,0.0,5.4634665e-12,5.4634665e-12
UTS2R,2,0,0.0,0.0005481592645394,0.0005481592645394
UTY,1,0,0.0,1.8820004e-12,1.8820004e-12
VASH1,1,0,0.0,1.6700311e-07,1.6700311e-07
VBP1,1,0,0.0,0.00022259647,0.00022259647
VDAC2,2,0,0.0,3.6170636e-13,3.6170636e-13
VDR,1,0,0.0,0.16425237,0.16425237
VENTX,2,0,0.0,1.5553345500000002e-10,1.5553345500000002e-10
VGF,1,0,0.0,0.00018383295,0.00018383295
VMAC,2,0,0.0,7.15777051925e-05,7.15777051925e-05
VPS25,1,0,0.0,0.05053563,0.05053563
VPS26B,2,0,0.0,0.334657255,0.334657255
VPS51,1,0,0.0,7.8003595e-09,7.8003595e-09
VPS72,2,0,0.0,0.3096333854652305,0.3096333854652305
VPS9D1,2,0,0.0,0.307393415,0.307393415
VSIG2,2,0,0.0,0.1804506465,0.1804506465
VSIG4,1,0,0.0,4.6225712e-14,4.6225712e-14
VSTM2L,1,0,0.0,0.38098794,0.38098794
VSTM4,5,0,0.0,0.0016087286619653185,1.2825683e-06
VWA2,1,0,0.0,4.4099357e-05,4.4099357e-05
VWA7,2,0,0.0,0.0001924223278,0.0001924223278
VXN,1,0,0.0,9.546118e-10,9.546118e-10
WARS1,1,0,0.0,0.12747903,0.12747903
WARS2,1,0,0.0,0.69279313,0.69279313
WASHC3,1,0,0.0,7.1022833e-07,7.1022833e-07
WDHD1,2,0,0.0,0.000182764101,0.000182764101
WDR1,3,0,0.0,3.2396779803333336e-07,2.5896455e-07
WDR24,2,0,0.0,0.299262893983393,0.299262893983393
WDR25,1,0,0.0,6.461177e-09,6.461177e-09
WDR27,5,0,0.0,0.18268130248129122,0.011699315
WDR31,1,0,0.0,0.680293,0.680293
WDR46,1,0,0.0,0.00089654454,0.00089654454
WDR6,2,0,0.0,0.0934605747015,0.0934605747015
WDR73,2,0,0.0,2.1504464e-08,2.1504464e-08
WDR75,2,0,0.0,0.117987042735,0.117987042735
WDR81,4,0,0.0,0.1557386280225,0.0825936052
WEE1,1,0,0.0,0.107974745,0.107974745
WFDC10B,1,0,0.0,0.32353154,0.32353154
WFDC11,1,0,0.0,0.6205515,0.6205515
WFDC2,1,0,0.0,0.69641227,0.69641227
WNT11,1,0,0.0,0.44980887,0.44980887
WNT3,4,0,0.0,0.257091618994992,0.169924152608144
WNT3A,1,0,0.0,0.00012202137,0.00012202137
WNT5A,2,0,0.0,0.22743041700000002,0.22743041700000002
WNT5B,2,0,0.0,0.00838288614026715,0.00838288614026715
WNT9A,5,0,0.0,0.07228940842171927,0.07479367
WRAP53,2,0,0.0,1.38265075e-06,1.38265075e-06
WRN,2,0,0.0,0.226498735,0.226498735
WRNIP1,2,0,0.0,0.000423879519,0.000423879519
WSB1,1,0,0.0,0.11342952,0.11342952
WWOX,1,0,0.0,0.06773133,0.06773133
WWP1,1,0,0.0,0.011633011,0.011633011
WWP2,2,0,0.0,2.7389070900000003e-12,2.7389070900000003e-12
XAGE2,1,0,0.0,0.6656489,0.6656489
XG,1,0,0.0,0.0003238839,0.0003238839
XKR5,1,0,0.0,0.00032397962,0.00032397962
XKR8,1,0,0.0,0.017253842,0.017253842
XKR9,1,0,0.0,0.1949975,0.1949975
XPC,1,0,0.0,0.005314181,0.005314181
XPO5,2,0,0.0,0.07939070301505574,0.07939070301505574
XPR1,2,0,0.0,0.105077905,0.105077905
XXYLT1,1,0,0.0,0.3459786,0.3459786
YAE1,1,0,0.0,0.70057344,0.70057344
YBX3,1,0,0.0,0.0316936,0.0316936
YIF1B,1,0,0.0,0.056907315,0.056907315
YIPF2,1,0,0.0,0.52026755,0.52026755
YIPF7,1,0,0.0,1.0150254e-07,1.0150254e-07
YME1L1,4,0,0.0,0.1539313520317569,0.0003454540569270395
YOD1,3,0,0.0,0.24238999935063346,0.26368302
YPEL1,2,0,0.0,2.5864362575e-07,2.5864362575e-07
YPEL3,1,0,0.0,0.00014723606,0.00014723606
YWHAH,2,0,0.0,0.001540541869,0.001540541869
YY1,1,0,0.0,0.42354557,0.42354557
Y_RNA,3,0,0.0,0.0026982600196600198,9.057416e-09
Z82190.2,2,0,0.0,0.09155914002627279,0.09155914002627279
ZACN,2,0,0.0,0.16463509000138016,0.16463509000138016
ZBED4,2,0,0.0,0.6478848500000001,0.6478848500000001
ZBED6CL,1,0,0.0,0.0012171598,0.0012171598
ZBTB16,1,0,0.0,0.14467303,0.14467303
ZBTB2,3,0,0.0,0.15819890666053335,0.004110493
ZBTB39,1,0,0.0,0.5263402,0.5263402
ZBTB4,1,0,0.0,2.1723734e-05,2.1723734e-05
ZBTB45,2,0,0.0,0.29931352989730003,0.29931352989730003
ZC3H12D,2,0,0.0,0.126786060202,0.126786060202
ZC3H15,1,0,0.0,0.27819952,0.27819952
ZC4H2,1,0,0.0,3.4362486e-08,3.4362486e-08
ZCCHC2,2,0,0.0,0.19472108335,0.19472108335
ZDHHC20,2,0,0.0,0.0173619949,0.0173619949
ZDHHC22,1,0,0.0,0.016986648,0.016986648
ZDHHC9,1,0,0.0,0.2634547,0.2634547
ZFAND1,1,0,0.0,0.015936993,0.015936993
ZFAND2A,1,0,0.0,0.024629084,0.024629084
ZFAND3,1,0,0.0,0.5686997,0.5686997
ZFAND6,1,0,0.0,0.4828451,0.4828451
ZFP1,2,0,0.0,0.201885805,0.201885805
ZFP91,3,0,0.0,0.08251538900000001,0.034475483
ZFR,3,0,0.0,0.22265031666666668,0.22381204
ZFYVE19,1,0,0.0,0.18250413,0.18250413
ZFYVE27,2,0,0.0,0.29869675926309996,0.29869675926309996
ZG16B,1,0,0.0,5.725227e-12,5.725227e-12
ZIM2,1,0,0.0,0.69994926,0.69994926
ZMAT3,2,0,0.0,0.404688825,0.404688825
ZMYM1,2,0,0.0,0.029180401,0.029180401
ZMYM5,1,0,0.0,0.27981207,0.27981207
ZMYM6,1,0,0.0,0.6230963,0.6230963
ZNF132,1,0,0.0,0.48089218,0.48089218
ZNF133,2,0,0.0,0.1766872872711135,0.1766872872711135
ZNF137P,1,0,0.0,0.031311013,0.031311013
ZNF155,1,0,0.0,0.5776626,0.5776626
ZNF17,1,0,0.0,0.6628527,0.6628527
ZNF185,1,0,0.0,2.6022346e-09,2.6022346e-09
ZNF211,1,0,0.0,0.020579135,0.020579135
ZNF213,4,0,0.0,0.10771357425,0.0985025125
ZNF214,1,0,0.0,0.61398566,0.61398566
ZNF219,1,0,0.0,3.7479378e-10,3.7479378e-10
ZNF22,1,0,0.0,8.266517e-06,8.266517e-06
ZNF224,3,0,0.0,0.373594959,0.45974246
ZNF25,2,0,0.0,4.81790235e-06,4.81790235e-06
ZNF280B,3,0,0.0,0.16386413491288188,0.00010042841
ZNF30,1,0,0.0,0.46620533,0.46620533
ZNF319,1,0,0.0,0.40609828,0.40609828
ZNF324,1,0,0.0,0.21778709,0.21778709
ZNF354C,4,0,0.0,0.00844064907371,0.00137284245
ZNF391,1,0,0.0,0.6881563,0.6881563
ZNF395,1,0,0.0,0.4858655,0.4858655
ZNF404,1,0,0.0,0.29253638,0.29253638
ZNF415,1,0,0.0,0.09136675,0.09136675
ZNF416,1,0,0.0,0.44259965,0.44259965
ZNF43,2,0,0.0,6.591207435e-05,6.591207435e-05
ZNF497,2,0,0.0,0.3152742707792003,0.3152742707792003
ZNF503,1,0,0.0,2.8098245e-07,2.8098245e-07
ZNF512B,1,0,0.0,0.10283426,0.10283426
ZNF517,1,0,0.0,7.881371e-13,7.881371e-13
ZNF524,1,0,0.0,7.527134e-08,7.527134e-08
ZNF548,1,0,0.0,0.0036738457,0.0036738457
ZNF549,1,0,0.0,0.20326936,0.20326936
ZNF559-ZNF177,1,0,0.0,0.0011630589,0.0011630589
ZNF562,1,0,0.0,0.0011980936,0.0011980936
ZNF568,1,0,0.0,0.688046,0.688046
ZNF577,3,0,0.0,0.19947726943333335,0.0047710678
ZNF581,1,0,0.0,0.0016800312,0.0016800312
ZNF587,1,0,0.0,0.22421776,0.22421776
ZNF622,1,0,0.0,0.64541316,0.64541316
ZNF648,1,0,0.0,6.6501565e-07,6.6501565e-07
ZNF667,2,0,0.0,0.50649151,0.50649151
ZNF672,2,0,0.0,0.000272819685105,0.000272819685105
ZNF678,3,0,0.0,0.24682896499999998,0.16046102
ZNF688,2,0,0.0,0.0033059845934535,0.0033059845934535
ZNF689,3,0,0.0,0.043383450394754275,1.1101147e-05
ZNF696,2,0,0.0,0.000314770083,0.000314770083
ZNF697,6,0,0.0,0.00027757427723572135,3.79379985e-09
ZNF705A,1,0,0.0,0.33751425,0.33751425
ZNF707,2,0,0.0,1.6451825441e-06,1.6451825441e-06
ZNF710,1,0,0.0,1.4269887e-06,1.4269887e-06
ZNF711,1,0,0.0,3.0033525e-06,3.0033525e-06
ZNF750,1,0,0.0,0.42312145,0.42312145
ZNF766,1,0,0.0,8.0852216e-05,8.0852216e-05
ZNF770,2,0,0.0,0.34756338249999996,0.34756338249999996
ZNF783,1,0,0.0,9.750682e-09,9.750682e-09
ZNF790,1,0,0.0,0.29258633,0.29258633
ZNF839,1,0,0.0,5.516114e-08,5.516114e-08
ZNF85,4,0,0.0,0.023396925959075,0.0010255714733500001
ZNHIT2,1,0,0.0,0.1853512,0.1853512
ZNRF2,1,0,0.0,1.18159145e-08,1.18159145e-08
ZNRF3,7,0,0.0,5.300733038714428e-08,6.588336e-09
ZNRF4,2,0,0.0,0.0083012155,0.0083012155
ZSCAN20,2,0,0.0,0.43290438000000003,0.43290438000000003
ZSCAN26,1,0,0.0,0.0012526375,0.0012526375
ZSWIM8,3,0,0.0,1.889799891113333e-08,2.3892353e-08
ZW10,1,0,0.0,0.4445287,0.4445287
ZWINT,2,0,0.0,3.174680102e-09,3.174680102e-09
ZXDC,2,0,0.0,0.197200688915,0.197200688915
