Hugo_Symbol,threshold,n_variants,n_predicted_artifact,artifact_fraction,median_rep_error_probability,mean_rep_error_probability
TTN,0.75,262,157,0.5992366412213741,0.90848613,0.6706111933495154
MUC16,0.75,132,99,0.75,0.970072665,0.7821366184309957
EGFR,0.75,132,65,0.49242424242424243,0.7209189300000001,0.5487958249804902
FLG,0.75,74,48,0.6486486486486487,0.89562125,0.7260176793600092
MUC17,0.75,49,43,0.8775510204081632,0.99028873,0.8930777030612245
TP53,0.75,155,37,0.23870967741935484,0.00058873923,0.29545968724267296
RELN,0.75,42,33,0.7857142857142857,0.98040622,0.8160191637412928
RYR2,0.75,62,33,0.532258064516129,0.82599825,0.6200673683865549
PCLO,0.75,41,32,0.7804878048780488,0.9787145,0.8026509309129268
PKHD1,0.75,47,32,0.6808510638297872,0.9307654,0.7301782722452405
NF1,0.75,47,31,0.6595744680851063,0.9578988,0.7313418756485569
HMCN1,0.75,47,30,0.6382978723404256,0.95340896,0.6918203246492776
SPTA1,0.75,53,30,0.5660377358490566,0.818299,0.6390900515423218
PTEN,0.75,118,29,0.2457627118644068,0.000280812655,0.2832212577117838
SYNE1,0.75,39,28,0.717948717948718,0.9532087,0.762015569861536
LRP2,0.75,47,28,0.5957446808510638,0.8260538,0.6893231366440593
OBSCN,0.75,72,28,0.3888888888888889,0.28844695,0.44739799273958386
DNAH11,0.75,39,26,0.6666666666666666,0.97117203,0.6900448638551392
DNAH5,0.75,47,25,0.5319148936170213,0.8241237,0.6236470630346809
DST,0.75,50,25,0.5,0.74624543,0.5733114480572299
GRM3,0.75,25,24,0.96,0.98701453,0.9472578507999999
APOB,0.75,26,23,0.8846153846153846,0.95444242,0.8853853040884616
FCGBP,0.75,29,23,0.7931034482758621,0.9778967,0.8246473307597987
PIK3CG,0.75,32,23,0.71875,0.9692829000000001,0.7426806913347362
DNAH2,0.75,41,23,0.5609756097560976,0.83732015,0.6405406945227146
DNAH3,0.75,49,23,0.46938775510204084,0.6718952,0.6097185730538177
FAT2,0.75,29,22,0.7586206896551724,0.9553985,0.766513412211432
COL6A3,0.75,36,22,0.6111111111111112,0.8722375499999999,0.6525541281195
USH2A,0.75,43,22,0.5116279069767442,0.81194407,0.6515751820402309
KMT2C,0.75,28,21,0.75,0.990393065,0.7732891241990189
GRIN2A,0.75,31,21,0.6774193548387096,0.9561572,0.7399992013101239
DCHS2,0.75,25,20,0.8,0.95392764,0.8106830152092
PIK3CA,0.75,39,20,0.5128205128205128,0.807788,0.5616048844645651
CNTNAP2,0.75,23,19,0.8260869565217391,0.9827492,0.8267306514956523
TCHH,0.75,24,19,0.7916666666666666,0.9806727799999999,0.807367465125
TRRAP,0.75,24,19,0.7916666666666666,0.98136145,0.8652365
SDK1,0.75,25,19,0.76,0.97730553,0.7480554981774695
HUWE1,0.75,26,19,0.7307692307692307,0.9520275,0.7362048416756655
MACF1,0.75,29,19,0.6551724137931034,0.9196483,0.7242197009655172
AHNAK,0.75,30,19,0.6333333333333333,0.93562225,0.6772466913247099
RIMS2,0.75,34,19,0.5588235294117647,0.85376295,0.6530729991647058
PLXNA4,0.75,18,18,1.0,0.9911229050000001,0.979722183888889
NEB,0.75,26,18,0.6923076923076923,0.94839495,0.7143616432423303
CSMD3,0.75,27,18,0.6666666666666666,0.92196316,0.7482715985185185
FER1L6,0.75,29,18,0.6206896551724138,0.9440464,0.752308531277651
AHNAK2,0.75,38,18,0.47368421052631576,0.5449392,0.49694696753613327
PKD1L1,0.75,18,17,0.9444444444444444,0.9913018,0.9289972929999999
FAT4,0.75,21,17,0.8095238095238095,0.9663826,0.7841878536914286
DNAH7,0.75,23,17,0.7391304347826086,0.9079674,0.6869081777151783
PIK3R1,0.75,27,17,0.6296296296296297,0.8929097,0.7344863193333333
ATRX,0.75,35,17,0.4857142857142857,0.5970946,0.49819766429694934
HYDIN,0.75,35,17,0.4857142857142857,0.68473357,0.5973054526171957
MUC3A,0.75,17,16,0.9411764705882353,0.98955184,0.9462106188235294
LCT,0.75,18,16,0.8888888888888888,0.957375835,0.8392091983333334
VPS13D,0.75,21,16,0.7619047619047619,0.9776313,0.7791327045714286
NLRP5,0.75,22,16,0.7272727272727273,0.967875865,0.7665017639092163
KIF2B,0.75,25,16,0.64,0.9229282,0.7766670133748034
RYR1,0.75,26,16,0.6153846153846154,0.97066532,0.7004531053884615
DSP,0.75,28,16,0.5714285714285714,0.8223525,0.6402162708731668
LAMA1,0.75,31,16,0.5161290322580645,0.7549901,0.5973775917621184
ADGRV1,0.75,33,16,0.48484848484848486,0.6884124,0.6126939958898883
COL1A2,0.75,16,15,0.9375,0.982837855,0.9156366735061269
LAMA2,0.75,17,15,0.8823529411764706,0.9713327,0.8662731256339823
PPP1R3A,0.75,18,15,0.8333333333333334,0.9759323,0.8921114138888888
TRIO,0.75,18,15,0.8333333333333334,0.9156181750000001,0.7929213853272222
ZFHX3,0.75,19,15,0.7894736842105263,0.9789261,0.8063054725263158
ANK2,0.75,21,15,0.7142857142857143,0.97130394,0.8351339219047619
COL14A1,0.75,22,15,0.6818181818181818,0.976477355,0.7023072086239384
FBN2,0.75,22,15,0.6818181818181818,0.858313975,0.7725392498181818
MYH1,0.75,23,15,0.6521739130434783,0.9081597,0.6825955021386745
SACS,0.75,23,15,0.6521739130434783,0.87807703,0.6832559081844609
SYNE2,0.75,23,15,0.6521739130434783,0.91149807,0.6720187421490261
TEX15,0.75,24,15,0.625,0.9730053,0.7418210256529166
TAF1L,0.75,29,15,0.5172413793103449,0.84524035,0.6176367210624121
DNAH8,0.75,30,15,0.5,0.74118787,0.6139012199499573
ARHGEF5,0.75,15,14,0.9333333333333333,0.989237,0.9457321646666668
ABCB4,0.75,17,14,0.8235294117647058,0.9840388,0.8624364582352941
LAMB4,0.75,17,14,0.8235294117647058,0.97900736,0.8123808735882353
TLL1,0.75,17,14,0.8235294117647058,0.9344201,0.8009848590015961
GABRA6,0.75,18,14,0.7777777777777778,0.9302621,0.7756896083888889
ZAN,0.75,21,14,0.6666666666666666,0.9639204,0.7088616078047619
FLNA,0.75,22,14,0.6363636363636364,0.9318771349999999,0.6457541005918727
MYH13,0.75,22,14,0.6363636363636364,0.9420903,0.6838767346005521
FRAS1,0.75,26,14,0.5384615384615384,0.88324145,0.5629668978108823
IDH1,0.75,26,14,0.5384615384615384,0.8059761999999999,0.5983748171087039
TECTA,0.75,26,14,0.5384615384615384,0.85665385,0.6637902235665
DOCK5,0.75,31,14,0.45161290322580644,0.66935885,0.5203128411871049
PTPN3,0.75,14,13,0.9285714285714286,0.9463191,0.8522750115
FREM2,0.75,15,13,0.8666666666666667,0.9622369,0.8555789866666667
NME8,0.75,15,13,0.8666666666666667,0.98474103,0.889080684
OR5D13,0.75,15,13,0.8666666666666667,0.9237843,0.8790242633333333
SAMD9,0.75,15,13,0.8666666666666667,0.97741514,0.8825697193333333
TRPV6,0.75,15,13,0.8666666666666667,0.9771847,0.8997551753333333
CALN1,0.75,16,13,0.8125,0.98254615,0.8297695297211874
EXPH5,0.75,16,13,0.8125,0.991315385,0.879739630625
GALNT17,0.75,16,13,0.8125,0.9625243649999999,0.87143921625
GRIN2B,0.75,17,13,0.7647058823529411,0.9723832,0.8095077854117647
ITPR3,0.75,17,13,0.7647058823529411,0.9548278,0.7741451078488605
MECOM,0.75,17,13,0.7647058823529411,0.9243684,0.7413689836823529
NLRP7,0.75,18,13,0.7222222222222222,0.961165635,0.8005074966666667
SCN10A,0.75,19,13,0.6842105263157895,0.94971687,0.7480896359368421
SETD2,0.75,19,13,0.6842105263157895,0.9510621,0.7086106407363159
NLRP12,0.75,20,13,0.65,0.8962870199999999,0.6748917278246954
PTPRT,0.75,20,13,0.65,0.96851585,0.7688526155
MUC5B,0.75,21,13,0.6190476190476191,0.95277774,0.6118605211705279
NLRP4,0.75,21,13,0.6190476190476191,0.95257264,0.711663486468381
PRDM9,0.75,21,13,0.6190476190476191,0.8613643,0.7397464876320811
CENPF,0.75,22,13,0.5909090909090909,0.90335752,0.6213489361958541
XIRP2,0.75,27,13,0.48148148148148145,0.72917485,0.6440885498740949
RYR3,0.75,29,13,0.4482758620689655,0.5397586,0.5425187804796702
NLRP13,0.75,13,12,0.9230769230769231,0.9891951,0.8966835784615385
CALCR,0.75,15,12,0.8,0.97136366,0.7779154634485688
COL11A1,0.75,15,12,0.8,0.9695584,0.8176087146666667
F8,0.75,15,12,0.8,0.9743192,0.8006128920000124
MYH11,0.75,15,12,0.8,0.9226204,0.831983332
ADAM29,0.75,16,12,0.75,0.9146052,0.77718357327385
F5,0.75,16,12,0.75,0.899587175,0.72824547384375
ZNF208,0.75,16,12,0.75,0.973456885,0.7373299611218398
CASR,0.75,17,12,0.7058823529411765,0.97469556,0.7681190534117647
KEL,0.75,17,12,0.7058823529411765,0.967612,0.77670110214712
POM121L12,0.75,17,12,0.7058823529411765,0.93849605,0.7044460767270486
SPEG,0.75,17,12,0.7058823529411765,0.971993,0.7290709479829103
BRCA2,0.75,18,12,0.6666666666666666,0.9591023999999999,0.6891742184333334
HECTD4,0.75,18,12,0.6666666666666666,0.85232155,0.6914401270107513
PCDHB7,0.75,18,12,0.6666666666666666,0.9572691799999999,0.7895156869444445
GRM8,0.75,19,12,0.631578947368421,0.9524793,0.6901228392115728
HECW1,0.75,19,12,0.631578947368421,0.97386736,0.6978830515031352
KIAA1109,0.75,19,12,0.631578947368421,0.96980155,0.7128267245157895
C3,0.75,20,12,0.6,0.9228225299999999,0.654003558028872
CDH18,0.75,20,12,0.6,0.9249415999999999,0.6818698660409324
TENM1,0.75,20,12,0.6,0.92615083,0.6631944254373375
TRPM6,0.75,20,12,0.6,0.952877325,0.6822776072676315
NOS1,0.75,22,12,0.5454545454545454,0.832592985,0.6049338671750468
SCN9A,0.75,22,12,0.5454545454545454,0.818318,0.6321319606574719
DNAH9,0.75,24,12,0.5,0.7436484999999999,0.669666550505
SLIT3,0.75,24,12,0.5,0.76323685,0.5857529990207797
LRP1B,0.75,26,12,0.46153846153846156,0.630049725,0.5707942047076924
DNAH10,0.75,27,12,0.4444444444444444,0.2559602,0.46236739655289477
TMEM132D,0.75,28,12,0.42857142857142855,0.5338812,0.5210919887306142
CR2,0.75,12,11,0.9166666666666666,0.973986025,0.906676825
OR5H2,0.75,12,11,0.9166666666666666,0.963290395,0.8723610125501167
TRPV5,0.75,12,11,0.9166666666666666,0.9906901,0.9383221158333334
ABCB5,0.75,13,11,0.8461538461538461,0.9843387,0.8482392709230768
FRMPD4,0.75,13,11,0.8461538461538461,0.9711415,0.797914843886923
NIPBL,0.75,13,11,0.8461538461538461,0.9899922,0.8867521965384615
PCDH19,0.75,13,11,0.8461538461538461,0.9697203,0.8125639102146154
PCDHA13,0.75,13,11,0.8461538461538461,0.94202167,0.8707233515384616
ZNF493,0.75,13,11,0.8461538461538461,0.9545892,0.7993765617615385
CDK5RAP2,0.75,14,11,0.7857142857142857,0.9393285,0.7714332740619781
COL12A1,0.75,14,11,0.7857142857142857,0.96648465,0.8015468347397142
ERICH3,0.75,14,11,0.7857142857142857,0.936375475,0.8305146514285714
PTPRN2,0.75,14,11,0.7857142857142857,0.984769255,0.7889630980571428
TAF1,0.75,14,11,0.7857142857142857,0.9778907349999999,0.7709975682628879
ZNF462,0.75,14,11,0.7857142857142857,0.9829167000000001,0.7973427792722393
CARD6,0.75,15,11,0.7333333333333333,0.8834931,0.7460593116666666
ADAMTS16,0.75,16,11,0.6875,0.9314610750000001,0.7191796110105535
DYNC1H1,0.75,16,11,0.6875,0.9449396699999999,0.6890358482084139
EPB41L3,0.75,16,11,0.6875,0.867711065,0.77290110125
RNF17,0.75,16,11,0.6875,0.979772115,0.6769040837543799
ATR,0.75,17,11,0.6470588235294118,0.8823663,0.6537916823580212
UGGT1,0.75,17,11,0.6470588235294118,0.9465989,0.7277561191490001
ABCC9,0.75,18,11,0.6111111111111112,0.851486235,0.7204671142969056
ANK1,0.75,18,11,0.6111111111111112,0.92499303,0.6780141111335589
HSPG2,0.75,18,11,0.6111111111111112,0.886491785,0.7131237420227777
KIF16B,0.75,18,11,0.6111111111111112,0.938605025,0.8208706438888889
PKHD1L1,0.75,18,11,0.6111111111111112,0.95691987,0.6514465038823334
FLG2,0.75,19,11,0.5789473684210527,0.7930646,0.7063209205263158
RESF1,0.75,19,11,0.5789473684210527,0.89883935,0.6621278180087803
HRNR,0.75,20,11,0.55,0.868453385,0.65296525904185
QSER1,0.75,20,11,0.55,0.8094072999999999,0.6394054001358149
USP9X,0.75,21,11,0.5238095238095238,0.8961361,0.504220563660042
TENM3,0.75,22,11,0.5,0.72702015,0.540593978288144
VWF,0.75,23,11,0.4782608695652174,0.7229405,0.6403425468326217
DOCK8,0.75,24,11,0.4583333333333333,0.621415135,0.5154534141715049
EP400,0.75,25,11,0.44,0.5543636,0.5775195161208
MXRA5,0.75,25,11,0.44,0.42689544,0.48133161290295284
HCN1,0.75,26,11,0.4230769230769231,0.44597485000000003,0.4981027629908805
ACAD10,0.75,10,10,1.0,0.9778279000000001,0.95114582
CPNE8,0.75,10,10,1.0,0.9907952,0.9570475780000001
LPA,0.75,10,10,1.0,0.97086692,0.93330487
SPATA31D1,0.75,11,10,0.9090909090909091,0.9671852,0.8548766935431454
TTC21A,0.75,11,10,0.9090909090909091,0.96392596,0.8443976878888351
URGCP,0.75,11,10,0.9090909090909091,0.98907745,0.8820596074117909
ADCY1,0.75,12,10,0.8333333333333334,0.9901940499999999,0.8122641201190858
CNTN6,0.75,12,10,0.8333333333333334,0.9765697799999999,0.87164816
CYP4F22,0.75,12,10,0.8333333333333334,0.98314205,0.8337027008333333
UBE3C,0.75,12,10,0.8333333333333334,0.9429475700000001,0.8145522996166666
ABCA1,0.75,13,10,0.7692307692307693,0.98477894,0.7940285015511215
CLCN1,0.75,13,10,0.7692307692307693,0.986033,0.8066602092307692
CPAMD8,0.75,13,10,0.7692307692307693,0.9701798,0.7561073843026678
ENPP2,0.75,13,10,0.7692307692307693,0.9172091,0.82160983
OR5W2,0.75,13,10,0.7692307692307693,0.90707725,0.7588607959769231
PREX1,0.75,13,10,0.7692307692307693,0.97461116,0.7958065968578154
RFX6,0.75,13,10,0.7692307692307693,0.9161507,0.8396669246153846
CAMTA1,0.75,14,10,0.7142857142857143,0.88625515,0.7996867735714286
DENND2C,0.75,14,10,0.7142857142857143,0.944414945,0.7325632642091572
FBN3,0.75,14,10,0.7142857142857143,0.89352535,0.702744607882658
MYH8,0.75,14,10,0.7142857142857143,0.97921263,0.7168872080895794
NLRP2,0.75,14,10,0.7142857142857143,0.92523667,0.7927424964285714
PEG3,0.75,14,10,0.7142857142857143,0.896440575,0.7096231403263572
ABCA13,0.75,15,10,0.6666666666666666,0.9214332,0.6904373194826025
EPHA8,0.75,15,10,0.6666666666666666,0.92383873,0.6654751768918089
SRRM2,0.75,15,10,0.6666666666666666,0.9762896,0.7309896575666667
ALPK2,0.75,16,10,0.625,0.967294615,0.753018027734375
CACNA2D1,0.75,16,10,0.625,0.9443622,0.7048882583125
CMYA5,0.75,16,10,0.625,0.95448208,0.7238442251046981
DSG4,0.75,16,10,0.625,0.92893682,0.6978538580261162
GLI3,0.75,16,10,0.625,0.9466202699999999,0.7138991475
ITPR2,0.75,16,10,0.625,0.92829175,0.7325471842403775
LRP1,0.75,16,10,0.625,0.8780614499999999,0.6889839083125
SPATA31A1,0.75,16,10,0.625,0.9082418999999999,0.6797007978796262
ELMO1,0.75,17,10,0.5882352941176471,0.90835404,0.7103257564110224
ENPEP,0.75,17,10,0.5882352941176471,0.8742426,0.6809852248425519
FBN1,0.75,17,10,0.5882352941176471,0.9169427,0.6873134821
NLRP3,0.75,17,10,0.5882352941176471,0.89605117,0.6236959882148716
TSHZ2,0.75,17,10,0.5882352941176471,0.94059616,0.6850360261705882
ZFP42,0.75,17,10,0.5882352941176471,0.98140806,0.665557007102362
ABCC5,0.75,18,10,0.5555555555555556,0.80574115,0.6234762131185874
BIRC6,0.75,18,10,0.5555555555555556,0.91737318,0.5721153886331465
ITGAD,0.75,18,10,0.5555555555555556,0.86741665,0.5702064992122464
CACNA1S,0.75,19,10,0.5263157894736842,0.82233113,0.7029671339144737
MYH2,0.75,20,10,0.5,0.7761331,0.5828721614496628
PCDHA1,0.75,20,10,0.5,0.784890275,0.6076772281394
PDGFRA,0.75,20,10,0.5,0.7968736999999999,0.5898180564740192
DNAH17,0.75,21,10,0.47619047619047616,0.6519642,0.554110852264365
DMD,0.75,25,10,0.4,0.36880147,0.460026625248721
CHD1,0.75,9,9,1.0,0.9853284,0.9527680733333332
TPTE,0.75,9,9,1.0,0.98955464,0.9668843477777779
VPS50,0.75,9,9,1.0,0.9909574,0.9692941811111111
ZPBP,0.75,9,9,1.0,0.9805731,0.9597820044444444
ANO3,0.75,10,9,0.9,0.99013565,0.9054820809999999
AREL1,0.75,10,9,0.9,0.9627007000000001,0.849806983
CDK13,0.75,10,9,0.9,0.98332876,0.918918758
COL28A1,0.75,10,9,0.9,0.9671293249999999,0.881088915
FAM120B,0.75,10,9,0.9,0.98920268,0.8865932214986
FANCD2,0.75,10,9,0.9,0.9830753000000001,0.894110663
LDLR,0.75,10,9,0.9,0.953266775,0.900512749
MED13L,0.75,10,9,0.9,0.9861770000000001,0.9017922589999999
PON1,0.75,10,9,0.9,0.9787177,0.87303364565
PTPRZ1,0.75,10,9,0.9,0.98279505,0.938738256
RAB3GAP2,0.75,10,9,0.9,0.9352549299999999,0.854104704
SEPTIN4,0.75,10,9,0.9,0.9863772749999999,0.8653786400000136
TDRD7,0.75,10,9,0.9,0.9790952749999999,0.861416849
ADAMTS2,0.75,11,9,0.8181818181818182,0.9779448,0.8534925154589991
AMPD1,0.75,11,9,0.8181818181818182,0.93673617,0.8653531036363638
AOC1,0.75,11,9,0.8181818181818182,0.9755755,0.7833031775012728
CNTNAP1,0.75,11,9,0.8181818181818182,0.95578355,0.8418920318181818
GEMIN5,0.75,11,9,0.8181818181818182,0.93627256,0.7828025807636364
LARP1,0.75,11,9,0.8181818181818182,0.9878655,0.7928895415116027
MAP1B,0.75,11,9,0.8181818181818182,0.9799313,0.90646537
NLRP11,0.75,11,9,0.8181818181818182,0.98338425,0.8039911692752368
SLC6A18,0.75,11,9,0.8181818181818182,0.9828181,0.8068547849600001
TRPM3,0.75,11,9,0.8181818181818182,0.99072343,0.8712763801818183
AFM,0.75,12,9,0.75,0.9168878650000001,0.7473503144254167
ARHGAP21,0.75,12,9,0.75,0.98293805,0.7545761782500001
CENPE,0.75,12,9,0.75,0.90627412,0.7530980458583333
COBL,0.75,12,9,0.75,0.986024975,0.818881445
COL24A1,0.75,12,9,0.75,0.9905193,0.7661015139333333
KALRN,0.75,12,9,0.75,0.9711527799999999,0.7542746365133333
KIAA1210,0.75,12,9,0.75,0.96965155,0.7210033962038348
KLK15,0.75,12,9,0.75,0.9754044500000001,0.7292188145591667
NRXN3,0.75,12,9,0.75,0.96683522,0.7198543635336917
PDE1C,0.75,12,9,0.75,0.98193715,0.8190040033333333
PTPN11,0.75,12,9,0.75,0.9765297,0.8079889825
SAMD9L,0.75,12,9,0.75,0.96883075,0.7615931803833332
SBNO1,0.75,12,9,0.75,0.98786635,0.798537975
SLC5A7,0.75,12,9,0.75,0.87986337,0.7383754815133333
UTRN,0.75,12,9,0.75,0.979498805,0.7357292709416666
CNTN1,0.75,13,9,0.6923076923076923,0.956087,0.7437200484615385
CUBN,0.75,13,9,0.6923076923076923,0.97625494,0.665090370746028
LRBA,0.75,13,9,0.6923076923076923,0.9483938,0.7241752717807692
PCDHB15,0.75,13,9,0.6923076923076923,0.9785775,0.8134291656153846
PREX2,0.75,13,9,0.6923076923076923,0.9384528,0.757049154
SALL4,0.75,13,9,0.6923076923076923,0.9727811,0.7464517526923077
VAV1,0.75,13,9,0.6923076923076923,0.9623877,0.7653481758561539
ANO4,0.75,14,9,0.6428571428571429,0.9204413,0.7781497592857143
ASH1L,0.75,14,9,0.6428571428571429,0.94074115,0.7901871375428572
CFTR,0.75,14,9,0.6428571428571429,0.9911839,0.6705862719355214
LY75,0.75,14,9,0.6428571428571429,0.915398775,0.7117892725214287
MC3R,0.75,14,9,0.6428571428571429,0.9766136750000001,0.8015034875
MYO3A,0.75,14,9,0.6428571428571429,0.962207665,0.6473884729148851
MYOCD,0.75,14,9,0.6428571428571429,0.97195597,0.6392464792057682
SLC9A4,0.75,14,9,0.6428571428571429,0.916974975,0.7362481000714285
SVEP1,0.75,14,9,0.6428571428571429,0.94756628,0.6590628724092998
UGT3A2,0.75,14,9,0.6428571428571429,0.955710015,0.697573603875
WDFY3,0.75,14,9,0.6428571428571429,0.9746263049999999,0.6865188478928571
CACNA1B,0.75,15,9,0.6,0.9192816,0.64632948941573
CIT,0.75,15,9,0.6,0.92415893,0.7664519746666667
DYNC1I1,0.75,15,9,0.6,0.9333453,0.7035635313009426
HERC2P3,0.75,15,9,0.6,0.93314224,0.640553863934576
KIF4B,0.75,15,9,0.6,0.925706,0.6537392221425333
MAG,0.75,15,9,0.6,0.9398833,0.6062330262316246
POLE,0.75,15,9,0.6,0.9755996,0.6912956457066667
TLR7,0.75,15,9,0.6,0.9141025,0.5985879661481813
VPS13B,0.75,15,9,0.6,0.9367499,0.73424682
BDP1,0.75,16,9,0.5625,0.92891045,0.6629886783776875
CHD9,0.75,16,9,0.5625,0.922882025,0.6397594143963062
FAT1,0.75,16,9,0.5625,0.9480943,0.6431029942300125
ZDBF2,0.75,16,9,0.5625,0.8741795,0.6189482760152756
ADGRF5,0.75,17,9,0.5294117647058824,0.7673681,0.5446745598094775
FGD5,0.75,17,9,0.5294117647058824,0.7753797,0.62813213489
MYH6,0.75,17,9,0.5294117647058824,0.9033024,0.5606877561282353
NWD1,0.75,17,9,0.5294117647058824,0.8106452,0.6957913806439335
SCN5A,0.75,17,9,0.5294117647058824,0.9221423,0.594313914143174
ADCY10,0.75,18,9,0.5,0.65938434,0.6005047155944445
CD163L1,0.75,18,9,0.5,0.744273185,0.6149736015123091
ESPL1,0.75,18,9,0.5,0.595471225,0.5179198164331446
GRIP1,0.75,18,9,0.5,0.75884235,0.5815858693779444
HERC2,0.75,18,9,0.5,0.7796236700000001,0.6304792513539093
NAV2,0.75,19,9,0.47368421052631576,0.55894697,0.5642558557599999
SLIT2,0.75,19,9,0.47368421052631576,0.57547987,0.6317165418035839
ASPM,0.75,20,9,0.45,0.6360674500000001,0.59869414291
KSR2,0.75,20,9,0.45,0.57842481,0.543250563064647
PLCG2,0.75,21,9,0.42857142857142855,0.3520107,0.49915523558095237
ADAM22,0.75,8,8,1.0,0.98333485,0.97357252
BAZ1A,0.75,8,8,1.0,0.9580188000000001,0.93774557875
CDK12,0.75,8,8,1.0,0.99131122,0.9551303987499999
KMT2E,0.75,8,8,1.0,0.98952387,0.96866196125
NRP2,0.75,8,8,1.0,0.9645516199999999,0.927485755
OR2A7,0.75,8,8,1.0,0.9825585,0.9746524125
AC004593.2,0.75,9,8,0.8888888888888888,0.9779252,0.86658741518
BRAF,0.75,9,8,0.8888888888888888,0.9666452,0.889321588888889
BRCA1,0.75,9,8,0.8888888888888888,0.97182906,0.8566485696448982
CSF2RA,0.75,9,8,0.8888888888888888,0.9906783,0.9422714066666666
CTNND2,0.75,9,8,0.8888888888888888,0.8734513,0.8141436894444445
CUL9,0.75,9,8,0.8888888888888888,0.989858,0.8610227859844444
DGKK,0.75,9,8,0.8888888888888888,0.9219393,0.8170171211111976
EEF1A1,0.75,9,8,0.8888888888888888,0.98544496,0.9196147411111111
ENAM,0.75,9,8,0.8888888888888888,0.8118652,0.8416237566666667
HECTD1,0.75,9,8,0.8888888888888888,0.98523545,0.9159780488888889
KDM7A,0.75,9,8,0.8888888888888888,0.9885684,0.875091839
KRT16,0.75,9,8,0.8888888888888888,0.9579982,0.8784286744444444
MMRN1,0.75,9,8,0.8888888888888888,0.9790325,0.9016060311111112
MYH7,0.75,9,8,0.8888888888888888,0.979054,0.9460042888888888
NPTX2,0.75,9,8,0.8888888888888888,0.982216,0.9335422722222222
PCDH18,0.75,9,8,0.8888888888888888,0.98877466,0.9492802122222224
PLCH1,0.75,9,8,0.8888888888888888,0.98975605,0.9183913011111111
SEMG2,0.75,9,8,0.8888888888888888,0.9766024,0.8622009074109489
SRGAP3,0.75,9,8,0.8888888888888888,0.9331936,0.8368465943018889
SSTR4,0.75,9,8,0.8888888888888888,0.9795854,0.9131823722222223
TYR,0.75,9,8,0.8888888888888888,0.9705395,0.8667360577777778
XRN1,0.75,9,8,0.8888888888888888,0.9889693,0.9099125222222223
ZNF532,0.75,9,8,0.8888888888888888,0.97032017,0.8944415544444444
ZNFX1,0.75,9,8,0.8888888888888888,0.9882883,0.9517162133333333
ARAP2,0.75,10,8,0.8,0.970589015,0.8271462967290001
C6,0.75,10,8,0.8,0.96620018,0.817842132
CARD11,0.75,10,8,0.8,0.9592383,0.77678645493
CDH1,0.75,10,8,0.8,0.9879526,0.906920439
CR1,0.75,10,8,0.8,0.9853021,0.818329479
CYLD,0.75,10,8,0.8,0.9782042150000001,0.8549629927
HEATR5B,0.75,10,8,0.8,0.97236173,0.85252554952212
HTR3A,0.75,10,8,0.8,0.97200715,0.79356816559
IGSF9,0.75,10,8,0.8,0.985201115,0.851517376
ITGA4,0.75,10,8,0.8,0.9640522,0.7778231573900001
OPN5,0.75,10,8,0.8,0.959042195,0.832890465000044
PAPPA2,0.75,10,8,0.8,0.9754227799999999,0.8193302680000001
PPL,0.75,10,8,0.8,0.9540206499999999,0.7606771982743
PPP4R4,0.75,10,8,0.8,0.9462418699999999,0.8316881125
SLC9C1,0.75,10,8,0.8,0.95304488,0.7785648610940707
STXBP5L,0.75,10,8,0.8,0.9721525,0.813297207
SYDE2,0.75,10,8,0.8,0.9884809,0.8196135734635099
TIMD4,0.75,10,8,0.8,0.89193568,0.8497259789999999
VIRMA,0.75,10,8,0.8,0.96928477,0.850090123505782
ZNF335,0.75,10,8,0.8,0.9794802499999999,0.791800328
BMS1,0.75,11,8,0.7272727272727273,0.9811193,0.7175960823677909
BRWD3,0.75,11,8,0.7272727272727273,0.90832543,0.7036791555418183
CDCP1,0.75,11,8,0.7272727272727273,0.96589,0.7931874286581819
COL6A2,0.75,11,8,0.7272727272727273,0.9253235,0.7248532528454545
DSCAM,0.75,11,8,0.7272727272727273,0.97212976,0.8159640718181819
GABRA4,0.75,11,8,0.7272727272727273,0.97074014,0.6974780547033973
KCNV1,0.75,11,8,0.7272727272727273,0.9393661,0.724047669398061
KMT2A,0.75,11,8,0.7272727272727273,0.9760656,0.7105145961818181
OR8K3,0.75,11,8,0.7272727272727273,0.9487583,0.8040783842225455
PCDH15,0.75,11,8,0.7272727272727273,0.9869398,0.6994479403538305
PCK1,0.75,11,8,0.7272727272727273,0.9748576,0.7428910327274636
PHLDB2,0.75,11,8,0.7272727272727273,0.9862765,0.7611958227272727
PTPRM,0.75,11,8,0.7272727272727273,0.9151347,0.7114756629820088
RP1L1,0.75,11,8,0.7272727272727273,0.96394587,0.7683153506
SCN1A,0.75,11,8,0.7272727272727273,0.9200744,0.7267597207821818
SHROOM3,0.75,11,8,0.7272727272727273,0.9735792,0.7438557809090909
SLC26A3,0.75,11,8,0.7272727272727273,0.9867849,0.9090426209090908
VCAN,0.75,11,8,0.7272727272727273,0.98356146,0.7780417324181819
WNT2,0.75,11,8,0.7272727272727273,0.9646711,0.718112457503
XIRP1,0.75,11,8,0.7272727272727273,0.92365336,0.7144160662030419
ZC3H13,0.75,11,8,0.7272727272727273,0.9426088,0.7593005682454546
ZNF99,0.75,11,8,0.7272727272727273,0.98873925,0.7763641758904747
ASXL1,0.75,12,8,0.6666666666666666,0.969020175,0.721825666775
BSN,0.75,12,8,0.6666666666666666,0.9482140649999999,0.6671880883295435
C9orf131,0.75,12,8,0.6666666666666666,0.957738035,0.7332344757481167
CACNA1D,0.75,12,8,0.6666666666666666,0.9225198,0.691118773
CD33,0.75,12,8,0.6666666666666666,0.96981138,0.7593995808333333
CEMIP2,0.75,12,8,0.6666666666666666,0.875832735,0.6508827110079062
CHGB,0.75,12,8,0.6666666666666666,0.9167387499999999,0.7151987474946684
COL6A6,0.75,12,8,0.6666666666666666,0.902983415,0.6954711192865322
CPS1,0.75,12,8,0.6666666666666666,0.93100863,0.7724338958333333
EGF,0.75,12,8,0.6666666666666666,0.8442544949999999,0.7098637989166666
FLNB,0.75,12,8,0.6666666666666666,0.935460975,0.6785689583092082
FLT4,0.75,12,8,0.6666666666666666,0.8943736499999999,0.7211021368
GABRB2,0.75,12,8,0.6666666666666666,0.8573608699999999,0.7130856406666667
GFRAL,0.75,12,8,0.6666666666666666,0.932458725,0.7080237794166666
KCNQ5,0.75,12,8,0.6666666666666666,0.877219025,0.6852226619902821
MDN1,0.75,12,8,0.6666666666666666,0.93952115,0.6730719448583334
MYO1D,0.75,12,8,0.6666666666666666,0.864665835,0.7018986866666667
NLRP8,0.75,12,8,0.6666666666666666,0.972553045,0.7308665666666667
PLCL1,0.75,12,8,0.6666666666666666,0.883325175,0.7268264520284659
PTPRD,0.75,12,8,0.6666666666666666,0.939904065,0.6411950676683537
SEMA3C,0.75,12,8,0.6666666666666666,0.9483976949999999,0.7020751639831707
SLC1A6,0.75,12,8,0.6666666666666666,0.97438252,0.7235045172656136
STK31,0.75,12,8,0.6666666666666666,0.976976385,0.7774433716666667
TLN1,0.75,12,8,0.6666666666666666,0.9377231800000001,0.7584862176666666
AKAP13,0.75,13,8,0.6153846153846154,0.9012079,0.67248961
AL592490.1,0.75,13,8,0.6153846153846154,0.97767663,0.7367534931538462
CIITA,0.75,13,8,0.6153846153846154,0.8303927,0.5953075921026214
COL4A6,0.75,13,8,0.6153846153846154,0.9192579,0.5933766743632961
FAM47B,0.75,13,8,0.6153846153846154,0.82905465,0.6183461578602223
GLI2,0.75,13,8,0.6153846153846154,0.9347777,0.5786811440695262
GON4L,0.75,13,8,0.6153846153846154,0.8981675,0.6211308141552865
MYCBP2,0.75,13,8,0.6153846153846154,0.93780905,0.6717448733942507
NTSR1,0.75,13,8,0.6153846153846154,0.9293701,0.6577760362340221
PCDHA8,0.75,13,8,0.6153846153846154,0.97063476,0.6405291026577896
PCDHB5,0.75,13,8,0.6153846153846154,0.86905354,0.7162049692116095
PDE4DIP,0.75,13,8,0.6153846153846154,0.9643886,0.74519096
STAG2,0.75,13,8,0.6153846153846154,0.8872954,0.5739568387800597
TENM4,0.75,13,8,0.6153846153846154,0.92877,0.6887063712072153
UGT2B4,0.75,13,8,0.6153846153846154,0.86557966,0.6551038983576153
FLNC,0.75,14,8,0.5714285714285714,0.930014125,0.6653826573457751
HIVEP1,0.75,14,8,0.5714285714285714,0.92199595,0.6373960291828571
MYO1B,0.75,14,8,0.5714285714285714,0.87791595,0.6257277992857143
NRXN1,0.75,14,8,0.5714285714285714,0.95404461,0.5971944417954609
SCN7A,0.75,14,8,0.5714285714285714,0.89868997,0.7032439090170713
SIPA1L2,0.75,14,8,0.5714285714285714,0.86163713,0.7260963702142857
SIPA1L3,0.75,14,8,0.5714285714285714,0.86457558,0.5619610935535596
SMARCA2,0.75,14,8,0.5714285714285714,0.8692895199999999,0.6043847636214286
SSPOP,0.75,14,8,0.5714285714285714,0.915775745,0.6227830271231053
TG,0.75,14,8,0.5714285714285714,0.9413103,0.6702299825703247
TNC,0.75,14,8,0.5714285714285714,0.93794137,0.6127517949187601
TPTE2,0.75,14,8,0.5714285714285714,0.807097255,0.5886356201624111
ZNF407,0.75,14,8,0.5714285714285714,0.89760618,0.6170496888401723
COL5A1,0.75,15,8,0.5333333333333333,0.8523899,0.5629897684333381
KDR,0.75,15,8,0.5333333333333333,0.9745574,0.6767580717333334
ANK3,0.75,16,8,0.5,0.7477026499999999,0.5585030397896119
BPTF,0.75,16,8,0.5,0.63744365,0.5533208096081257
CDH9,0.75,16,8,0.5,0.7322001,0.5463075474286252
RBM47,0.75,16,8,0.5,0.7516371,0.6119347582551425
SIM1,0.75,16,8,0.5,0.72901275,0.6048455683009237
ATP10B,0.75,17,8,0.47058823529411764,0.7328232,0.538163627532353
CHD5,0.75,17,8,0.47058823529411764,0.5186096,0.5240083205165453
LAMA3,0.75,17,8,0.47058823529411764,0.37824938,0.48883770467713783
MUC2,0.75,17,8,0.47058823529411764,0.6886247,0.5708443805836816
RP1,0.75,17,8,0.47058823529411764,0.5072314,0.5723886493247962
ARFGEF3,0.75,18,8,0.4444444444444444,0.5854781250000001,0.5172678485663414
ZNF831,0.75,19,8,0.42105263157894735,0.19518544,0.4763478479187895
MYO15A,0.75,20,8,0.4,0.3189793,0.4570020474613214
TRPM2,0.75,20,8,0.4,0.45744297,0.5136207129245246
PCDHA12,0.75,21,8,0.38095238095238093,0.7081764,0.6108220256619047
MROH2B,0.75,22,8,0.36363636363636365,0.32983973,0.45572696779628274
CFAP47,0.75,24,8,0.3333333333333333,0.0050572201999999995,0.3664988906914431
RB1,0.75,28,8,0.2857142857142857,4.6445135e-06,0.28897256581203334
ADAMTS10,0.75,7,7,1.0,0.94049335,0.9408361828571429
AKAP11,0.75,7,7,1.0,0.9901714,0.9807674628571429
AMPH,0.75,7,7,1.0,0.9908208,0.9677307928571428
AXL,0.75,7,7,1.0,0.98725706,0.98457056
CLDN4,0.75,7,7,1.0,0.93918025,0.9258571828571428
COBLL1,0.75,7,7,1.0,0.9757057,0.9716493257142857
COG4,0.75,7,7,1.0,0.991351,0.9642212257142857
COL5A2,0.75,7,7,1.0,0.9727491,0.9493194842857143
KIAA0753,0.75,7,7,1.0,0.9912778,0.9855503914285714
MX2,0.75,7,7,1.0,0.89805764,0.8951731185714286
NCAPG2,0.75,7,7,1.0,0.9831267,0.9483323
PLCE1,0.75,7,7,1.0,0.98465234,0.9528038814285714
PYHIN1,0.75,7,7,1.0,0.9906983,0.9762810157142857
SEC31A,0.75,7,7,1.0,0.9864232,0.9400076242857143
SLC26A5,0.75,7,7,1.0,0.98509777,0.9628357442857143
TTC30A,0.75,7,7,1.0,0.9849022,0.9805501257142858
ABCB8,0.75,8,7,0.875,0.988809435,0.9395246125
ADAM7,0.75,8,7,0.875,0.92497465,0.87923625125
ARSK,0.75,8,7,0.875,0.953015835,0.88152097625
C14orf39,0.75,8,7,0.875,0.964019,0.8473516334414875
CDH20,0.75,8,7,0.875,0.984596195,0.935919215
CDKL5,0.75,8,7,0.875,0.9740283249999999,0.8405823687398075
CEP126,0.75,8,7,0.875,0.9566670500000001,0.87250063
CTAGE1,0.75,8,7,0.875,0.981601685,0.8516970115
DIDO1,0.75,8,7,0.875,0.9713034949999999,0.8415910396224375
EYA4,0.75,8,7,0.875,0.9277639200000001,0.86473851125
KDM2B,0.75,8,7,0.875,0.98376305,0.83482588607125
KIR2DL4,0.75,8,7,0.875,0.9813722,0.91081768125
KLHL13,0.75,8,7,0.875,0.9680595000000001,0.8327879450000376
LPIN1,0.75,8,7,0.875,0.985869325,0.8605901426925
MTUS2,0.75,8,7,0.875,0.97792425,0.86615251
OR10H5,0.75,8,7,0.875,0.990468355,0.9000128075
OR1S1,0.75,8,7,0.875,0.9784059,0.91172284875
OR2T33,0.75,8,7,0.875,0.99002375,0.8491670638708204
PROKR2,0.75,8,7,0.875,0.9485812499999999,0.87715495125
PSG4,0.75,8,7,0.875,0.98375572,0.89214539125
REPS2,0.75,8,7,0.875,0.9349802,0.84596841
RPGRIP1L,0.75,8,7,0.875,0.8719344,0.86749693
SAGE1,0.75,8,7,0.875,0.97124218,0.8381249150000158
SERPINA3,0.75,8,7,0.875,0.9856595100000001,0.861162892548195
SLC12A7,0.75,8,7,0.875,0.98019297,0.8575004380800095
SLC26A4,0.75,8,7,0.875,0.98820793,0.8884657625
SLITRK2,0.75,8,7,0.875,0.979356585,0.87513950375
UHRF1BP1L,0.75,8,7,0.875,0.9696500299999999,0.90171004375
ZNF780B,0.75,8,7,0.875,0.9423376,0.8222354850000001
ABCB1,0.75,9,7,0.7777777777777778,0.93908304,0.7397858182144444
AHR,0.75,9,7,0.7777777777777778,0.9810978,0.7744170179666666
ASZ1,0.75,9,7,0.7777777777777778,0.962088,0.8327171371111111
ATP10D,0.75,9,7,0.7777777777777778,0.99001443,0.8492819133333334
C2orf16,0.75,9,7,0.7777777777777778,0.95890945,0.7579246143333334
CCDC18,0.75,9,7,0.7777777777777778,0.9605149,0.8518530966666666
CUL1,0.75,9,7,0.7777777777777778,0.9783,0.8110707266666667
DLC1,0.75,9,7,0.7777777777777778,0.9826622,0.8523784166666667
DPP6,0.75,9,7,0.7777777777777778,0.9691362,0.7608038077278111
EPHB6,0.75,9,7,0.7777777777777778,0.9702059,0.7919209111111111
FBXL13,0.75,9,7,0.7777777777777778,0.98558885,0.7657143830078678
ICE1,0.75,9,7,0.7777777777777778,0.97379863,0.7517411897343566
ITGB4,0.75,9,7,0.7777777777777778,0.9801052,0.7541448852461914
JHY,0.75,9,7,0.7777777777777778,0.99108136,0.8940325455555556
LRRC66,0.75,9,7,0.7777777777777778,0.9505808,0.7525748761111112
MAP3K4,0.75,9,7,0.7777777777777778,0.9746814,0.8937923133333333
MYO6,0.75,9,7,0.7777777777777778,0.97530943,0.7622606354506556
NR3C2,0.75,9,7,0.7777777777777778,0.9842928,0.8375480710000001
NRDC,0.75,9,7,0.7777777777777778,0.8837131,0.83921678
OGDH,0.75,9,7,0.7777777777777778,0.98603094,0.8410410811111111
OR2T12,0.75,9,7,0.7777777777777778,0.884861,0.7274594818888889
OR2Y1,0.75,9,7,0.7777777777777778,0.9820638,0.7578026076888889
OR5AR1,0.75,9,7,0.7777777777777778,0.8227783,0.7117614292175213
PCDHGA2,0.75,9,7,0.7777777777777778,0.9630432,0.81238156
PEX1,0.75,9,7,0.7777777777777778,0.9801344,0.7577335873691377
PHF3,0.75,9,7,0.7777777777777778,0.97865844,0.7460676587194077
PIK3CB,0.75,9,7,0.7777777777777778,0.97142416,0.9065760855555555
PPEF2,0.75,9,7,0.7777777777777778,0.98471224,0.8595175688888889
PRR23B,0.75,9,7,0.7777777777777778,0.9849103,0.798839757888889
PRSS35,0.75,9,7,0.7777777777777778,0.95060176,0.7435598258888888
SGO2,0.75,9,7,0.7777777777777778,0.95637846,0.8462297522222222
SLC9C2,0.75,9,7,0.7777777777777778,0.97088933,0.8321051304444445
SMARCA1,0.75,9,7,0.7777777777777778,0.94189245,0.7348380444812418
SNRNP200,0.75,9,7,0.7777777777777778,0.9655411,0.7899007788888889
TAF2,0.75,9,7,0.7777777777777778,0.97123384,0.7429954719734523
TJP3,0.75,9,7,0.7777777777777778,0.97877985,0.7674072169411111
UBASH3A,0.75,9,7,0.7777777777777778,0.97117865,0.8355268728888888
AFDN,0.75,10,7,0.7,0.9072533300000001,0.65182236603482
AXDND1,0.75,10,7,0.7,0.95012715,0.7488052693638161
CHL1,0.75,10,7,0.7,0.93474075,0.7638110850000001
CNGA4,0.75,10,7,0.7,0.95613605,0.7930403204791147
COL15A1,0.75,10,7,0.7,0.98076025,0.7542902720078205
DSC1,0.75,10,7,0.7,0.9250598299999999,0.76169657895
EMILIN2,0.75,10,7,0.7,0.954850575,0.73565001866
ERCC6L,0.75,10,7,0.7,0.95070067,0.78212364
ERN2,0.75,10,7,0.7,0.98194095,0.73188800210551
FILIP1,0.75,10,7,0.7,0.93130897,0.73332599015
HELB,0.75,10,7,0.7,0.984612115,0.679433849738
KIAA1549,0.75,10,7,0.7,0.9913148700000001,0.7834724739400001
LGSN,0.75,10,7,0.7,0.9547616,0.7068306558463
LILRB2,0.75,10,7,0.7,0.9141101549999999,0.7204206397967449
MATK,0.75,10,7,0.7,0.9621242000000001,0.739948392918417
MED13,0.75,10,7,0.7,0.9814627300000001,0.7093100655
MSH6,0.75,10,7,0.7,0.87733179,0.76904982577
MYO9A,0.75,10,7,0.7,0.827275905,0.7102071212450001
NEK10,0.75,10,7,0.7,0.891860675,0.689806069116
NOTCH3,0.75,10,7,0.7,0.917099925,0.71185362808
PCDHA9,0.75,10,7,0.7,0.9352629450000001,0.7315709291475
PCDHB6,0.75,10,7,0.7,0.947026325,0.751612144
PCDHGA8,0.75,10,7,0.7,0.9493081,0.739501177
PLCB1,0.75,10,7,0.7,0.9838302999999999,0.712968522866
PPP1R9A,0.75,10,7,0.7,0.9887631800000001,0.7734791791107042
PTPRC,0.75,10,7,0.7,0.97464437,0.7550783061999999
RBMS3,0.75,10,7,0.7,0.971788365,0.842454758
TBC1D32,0.75,10,7,0.7,0.94585445,0.763788498
TMEM132B,0.75,10,7,0.7,0.934030935,0.677926341695
TRIML1,0.75,10,7,0.7,0.9386147,0.761325126545
UPF1,0.75,10,7,0.7,0.9612541699999999,0.739628884212683
ZNF229,0.75,10,7,0.7,0.98732262,0.7889678659999999
ACE,0.75,11,7,0.6363636363636364,0.9204571,0.6830288476833922
ATP11A,0.75,11,7,0.6363636363636364,0.8640288,0.6292422161109091
CFAP54,0.75,11,7,0.6363636363636364,0.97494656,0.6610232189931607
FHDC1,0.75,11,7,0.6363636363636364,0.815617,0.640464298341895
FLT3,0.75,11,7,0.6363636363636364,0.88447875,0.6626120132727272
KIAA1217,0.75,11,7,0.6363636363636364,0.96686167,0.7279798028059582
KIF1B,0.75,11,7,0.6363636363636364,0.98070717,0.6701590159467442
MAP3K19,0.75,11,7,0.6363636363636364,0.88514805,0.6209965052272728
MGAM,0.75,11,7,0.6363636363636364,0.98768413,0.6445645917661863
NPHS1,0.75,11,7,0.6363636363636364,0.98141277,0.7031816671579972
OR5D18,0.75,11,7,0.6363636363636364,0.95392865,0.6718473785134754
PCDHB13,0.75,11,7,0.6363636363636364,0.9775059,0.7760373218181819
PCNX1,0.75,11,7,0.6363636363636364,0.9394522,0.6757628533973531
PIK3C2G,0.75,11,7,0.6363636363636364,0.913874,0.6508635191573263
PTCH1,0.75,11,7,0.6363636363636364,0.90261483,0.6009274599272584
RASGRF2,0.75,11,7,0.6363636363636364,0.95444244,0.7431738490909091
ROS1,0.75,11,7,0.6363636363636364,0.89182526,0.6719856397520773
SRCAP,0.75,11,7,0.6363636363636364,0.9116052,0.6651693891767599
TENM2,0.75,11,7,0.6363636363636364,0.91924953,0.7413771987662966
TRPM8,0.75,11,7,0.6363636363636364,0.9184498,0.7217518376363636
TULP4,0.75,11,7,0.6363636363636364,0.9655718,0.7491853321713345
ZNF521,0.75,11,7,0.6363636363636364,0.98430634,0.84970788
ZNF676,0.75,11,7,0.6363636363636364,0.96785563,0.810999038961991
ZNF98,0.75,11,7,0.6363636363636364,0.97726303,0.6844990148544935
ATP6V0A4,0.75,12,7,0.5833333333333334,0.94603792,0.6529642087499999
BAZ2B,0.75,12,7,0.5833333333333334,0.895968375,0.6060748685698941
LYST,0.75,12,7,0.5833333333333334,0.90950275,0.6031045014561667
MUC4,0.75,12,7,0.5833333333333334,0.8369635950000001,0.6408902742218336
NDST4,0.75,12,7,0.5833333333333334,0.957216115,0.7165537456546175
NUP210L,0.75,12,7,0.5833333333333334,0.81030155,0.7157062132083333
OLFML2B,0.75,12,7,0.5833333333333334,0.913930915,0.6458147016730645
PAN3,0.75,12,7,0.5833333333333334,0.8360208250000001,0.677774012
PKD1L2,0.75,12,7,0.5833333333333334,0.960548075,0.6061742782335383
PTPRB,0.75,12,7,0.5833333333333334,0.9449164649999999,0.7067378170933334
PUM1,0.75,12,7,0.5833333333333334,0.8398931000000001,0.6977445022283333
SCAF11,0.75,12,7,0.5833333333333334,0.9433043,0.6938788433270834
SETBP1,0.75,12,7,0.5833333333333334,0.84591688,0.6486087121086351
SPOCD1,0.75,12,7,0.5833333333333334,0.8688777,0.6478887103403882
VPS13A,0.75,12,7,0.5833333333333334,0.939784585,0.628459212714495
XDH,0.75,12,7,0.5833333333333334,0.9518387049999999,0.63746292747625
ZFHX4,0.75,12,7,0.5833333333333334,0.8409345500000001,0.7485694700000001
ZNF28,0.75,12,7,0.5833333333333334,0.9144410000000001,0.6491595987351803
ATP4A,0.75,13,7,0.5384615384615384,0.8611524,0.5761115290447585
CACNA1E,0.75,13,7,0.5384615384615384,0.9639338,0.6165408920324615
COL11A2,0.75,13,7,0.5384615384615384,0.8116126,0.5825907558788027
COL27A1,0.75,13,7,0.5384615384615384,0.8976879,0.6118454652665688
CREBBP,0.75,13,7,0.5384615384615384,0.8280773,0.5702800216876209
FAM83B,0.75,13,7,0.5384615384615384,0.92690325,0.6476734095428321
IGF2BP1,0.75,13,7,0.5384615384615384,0.7946248,0.5436636238599394
KIAA2026,0.75,13,7,0.5384615384615384,0.791813,0.5259865963293577
PCDHGB4,0.75,13,7,0.5384615384615384,0.94834507,0.6653037274292307
POLA1,0.75,13,7,0.5384615384615384,0.8504873,0.5713950838726661
PRSS16,0.75,13,7,0.5384615384615384,0.95536,0.6524382896296615
PTPRH,0.75,13,7,0.5384615384615384,0.93662715,0.536682000920512
REV3L,0.75,13,7,0.5384615384615384,0.82905513,0.5849473563054615
SYNPO2,0.75,13,7,0.5384615384615384,0.84458464,0.650702722923077
DICER1,0.75,14,7,0.5,0.50733932,0.4851361366208772
MYOF,0.75,14,7,0.5,0.6728007199999999,0.6066301674938875
PLEKHG4B,0.75,14,7,0.5,0.535215175,0.5145150802247336
PTPRS,0.75,14,7,0.5,0.712553735,0.5681789249988786
SEMG1,0.75,14,7,0.5,0.724126365,0.5744114121660328
TRAPPC8,0.75,14,7,0.5,0.716393235,0.6220952100001961
UHRF1BP1,0.75,14,7,0.5,0.70571947,0.6171220673702559
ADGRG4,0.75,15,7,0.4666666666666667,0.6906655,0.6122980611333334
FAT3,0.75,15,7,0.4666666666666667,0.40142077,0.5594181427330167
MYH3,0.75,15,7,0.4666666666666667,0.6889013,0.5366568871919214
NUP205,0.75,15,7,0.4666666666666667,0.74253535,0.6565674559693334
PALM2AKAP2,0.75,15,7,0.4666666666666667,0.49387702,0.5268642819470439
PRKDC,0.75,15,7,0.4666666666666667,0.6597469,0.5703970456938274
COL22A1,0.75,16,7,0.4375,0.378858415,0.49564994176754934
CUX2,0.75,16,7,0.4375,0.1048678349,0.4392365370582003
PCDHA3,0.75,16,7,0.4375,0.59645296,0.5629032499752491
DPP10,0.75,17,7,0.4117647058823529,0.6882225,0.5518411420159195
LRRK1,0.75,18,7,0.3888888888888889,0.230236675,0.42525728521515627
MYO10,0.75,18,7,0.3888888888888889,0.357567175,0.4526373600817999
CSMD1,0.75,19,7,0.3684210526315789,0.019221032,0.4072306049684986
ADAMTS12,0.75,20,7,0.35,0.623533465,0.588608708232
SPAG17,0.75,20,7,0.35,0.50585815,0.56131497
ALX1,0.75,6,6,1.0,0.96447733,0.9431310933333333
ATP7A,0.75,6,6,1.0,0.94305798,0.9037425566666667
CYP2B6,0.75,6,6,1.0,0.969475835,0.9593311999999999
DMXL1,0.75,6,6,1.0,0.9566937,0.9376184833333333
E2F7,0.75,6,6,1.0,0.9767821,0.9561938483333333
EZH2,0.75,6,6,1.0,0.989801065,0.9869233199999999
FBXO31,0.75,6,6,1.0,0.99132603,0.9888581100000001
FLACC1,0.75,6,6,1.0,0.975681015,0.9739546383333333
GAPVD1,0.75,6,6,1.0,0.981520065,0.9241295049999999
GPRC6A,0.75,6,6,1.0,0.9908339749999999,0.9872583516666666
GUCY2C,0.75,6,6,1.0,0.9697739999999999,0.9442201833333334
MC4R,0.75,6,6,1.0,0.9840554,0.9497174033333332
MPEG1,0.75,6,6,1.0,0.97758097,0.925565465
NFAT5,0.75,6,6,1.0,0.98969997,0.9714005066666668
OAS2,0.75,6,6,1.0,0.97369925,0.9668417216666666
OR2M2,0.75,6,6,1.0,0.969666135,0.9668266833333333
OR4K15,0.75,6,6,1.0,0.96925733,0.9605880516666666
OR9G1,0.75,6,6,1.0,0.99106408,0.9899072583333334
PCDHB4,0.75,6,6,1.0,0.985573645,0.9751321033333333
PDE7A,0.75,6,6,1.0,0.96799362,0.9635154866666666
PIP4K2C,0.75,6,6,1.0,0.879828245,0.8835021883333334
PKN2,0.75,6,6,1.0,0.9542536699999999,0.9344018066666666
PRSS58,0.75,6,6,1.0,0.9914422,0.9914231166666667
RBM14,0.75,6,6,1.0,0.9661974,0.9574859383333333
RSPH10B,0.75,6,6,1.0,0.983814265,0.9793868483333333
SERPINB12,0.75,6,6,1.0,0.9801078249999999,0.9488252500000001
SMCR8,0.75,6,6,1.0,0.984532,0.98535703
SPINK5,0.75,6,6,1.0,0.9677999749999999,0.9642106833333334
STAG1,0.75,6,6,1.0,0.9656128150000001,0.9542010183333334
TFPI2,0.75,6,6,1.0,0.98026768,0.978915745
TMEM106B,0.75,6,6,1.0,0.9828329250000001,0.9569732599999999
TMEM131,0.75,6,6,1.0,0.939942955,0.901158875
TRIML2,0.75,6,6,1.0,0.95269675,0.933504165
TRIP11,0.75,6,6,1.0,0.941834625,0.9386474166666666
VWA3B,0.75,6,6,1.0,0.93036407,0.9316885266666667
ZBTB38,0.75,6,6,1.0,0.986201,0.9674083283333333
ZNF264,0.75,6,6,1.0,0.9911177250000001,0.9902442183333333
ZNF426,0.75,6,6,1.0,0.96918178,0.9298479966666666
ZNF470,0.75,6,6,1.0,0.99042037,0.9689247249999999
ACVRL1,0.75,7,6,0.8571428571428571,0.9792052,0.8632044185714286
AGAP3,0.75,7,6,0.8571428571428571,0.9546822,0.8199570420894285
AMY2B,0.75,7,6,0.8571428571428571,0.91595256,0.8783039557142857
ARHGAP25,0.75,7,6,0.8571428571428571,0.98197687,0.8391594104355686
C12orf40,0.75,7,6,0.8571428571428571,0.9801609,0.925581377142857
CACNA1A,0.75,7,6,0.8571428571428571,0.96337765,0.82475232
CASK,0.75,7,6,0.8571428571428571,0.9396894,0.8014437000000808
CDH4,0.75,7,6,0.8571428571428571,0.8544587,0.7673681142857143
CDH7,0.75,7,6,0.8571428571428571,0.8963812,0.8877251057142858
CHRM2,0.75,7,6,0.8571428571428571,0.93423396,0.8891272471428572
DCAF8L1,0.75,7,6,0.8571428571428571,0.86291057,0.786886735757143
DLG5,0.75,7,6,0.8571428571428571,0.98505557,0.8270833728571428
DNAJC13,0.75,7,6,0.8571428571428571,0.9699602,0.7953974911228572
DRD1,0.75,7,6,0.8571428571428571,0.9648767,0.8854099342857144
ECM2,0.75,7,6,0.8571428571428571,0.9898342,0.8313549315894286
ENDOD1,0.75,7,6,0.8571428571428571,0.93077195,0.8141809086975629
EPHB4,0.75,7,6,0.8571428571428571,0.9784524,0.9000347914285715
FAM71B,0.75,7,6,0.8571428571428571,0.9542906,0.91428785
FAM81B,0.75,7,6,0.8571428571428571,0.9723493,0.8555444157142856
FBXL5,0.75,7,6,0.8571428571428571,0.92322636,0.8130801830000001
FSTL4,0.75,7,6,0.8571428571428571,0.91160345,0.7926491823446715
GFPT1,0.75,7,6,0.8571428571428571,0.96994543,0.8102296651428571
GHRHR,0.75,7,6,0.8571428571428571,0.86696917,0.8294685628571429
GNAT3,0.75,7,6,0.8571428571428571,0.9795141,0.8354395991242857
GPATCH8,0.75,7,6,0.8571428571428571,0.956592,0.7979362895142857
IL17RD,0.75,7,6,0.8571428571428571,0.92505103,0.8409804542857142
IL1RAPL1,0.75,7,6,0.8571428571428571,0.9442442,0.8171042530042857
IL21R,0.75,7,6,0.8571428571428571,0.98643214,0.8797390785714285
IPO5,0.75,7,6,0.8571428571428571,0.9754945,0.8377608241828572
ITPRID1,0.75,7,6,0.8571428571428571,0.9766872,0.8626814571428572
KANK1,0.75,7,6,0.8571428571428571,0.98895276,0.8352540628571428
KIAA1755,0.75,7,6,0.8571428571428571,0.9701202,0.8745640271428571
LIPG,0.75,7,6,0.8571428571428571,0.9901119,0.9266651942857144
MPP7,0.75,7,6,0.8571428571428571,0.980803,0.9093288571428572
OR11G2,0.75,7,6,0.8571428571428571,0.9745798,0.8356201596885714
OR2T4,0.75,7,6,0.8571428571428571,0.959267,0.81197621
PLEKHG1,0.75,7,6,0.8571428571428571,0.9773794,0.8525584557142858
PRAG1,0.75,7,6,0.8571428571428571,0.96311826,0.8418650157142856
PTPRA,0.75,7,6,0.8571428571428571,0.9879089,0.8226761805
RLF,0.75,7,6,0.8571428571428571,0.97846395,0.8160160179679999
SIN3B,0.75,7,6,0.8571428571428571,0.977416,0.9430039242857143
SLC6A15,0.75,7,6,0.8571428571428571,0.99082595,0.8949916442857143
SLC6A6,0.75,7,6,0.8571428571428571,0.97584176,0.9360148914285714
SMURF1,0.75,7,6,0.8571428571428571,0.98864645,0.8399856628571428
ST14,0.75,7,6,0.8571428571428571,0.9338295,0.8110341691428572
SVOPL,0.75,7,6,0.8571428571428571,0.9812407,0.8434560414285714
SYNRG,0.75,7,6,0.8571428571428571,0.97276425,0.8572416857142857
TBC1D2,0.75,7,6,0.8571428571428571,0.8646126,0.7841770750714286
THEMIS,0.75,7,6,0.8571428571428571,0.9535616,0.8755666257142857
TRIM22,0.75,7,6,0.8571428571428571,0.9613275,0.8464759771428572
YY1AP1,0.75,7,6,0.8571428571428571,0.9115458,0.8781878357142857
ZNF75D,0.75,7,6,0.8571428571428571,0.9874255,0.8375295571429496
ZNF91,0.75,7,6,0.8571428571428571,0.97673583,0.9207666314285714
ABCC1,0.75,8,6,0.75,0.971417975,0.795730368125
ABCG4,0.75,8,6,0.75,0.960543435,0.7380843679125
ABLIM3,0.75,8,6,0.75,0.9759749799999999,0.898206555
ADAMTS19,0.75,8,6,0.75,0.980618175,0.80830755
ADGRE1,0.75,8,6,0.75,0.9860083,0.741267425977
BACH1,0.75,8,6,0.75,0.96528015,0.737905031425
BOC,0.75,8,6,0.75,0.989335685,0.753685835
C12orf50,0.75,8,6,0.75,0.93345865,0.8386450675
CACNA2D3,0.75,8,6,0.75,0.975799825,0.8173853662968346
CADPS,0.75,8,6,0.75,0.9628526,0.75763871625
CAMSAP2,0.75,8,6,0.75,0.9035518499999999,0.70515749329125
CFAP20DC,0.75,8,6,0.75,0.95413115,0.7652821356626125
CHD3,0.75,8,6,0.75,0.98529658,0.7131636827515188
CHD6,0.75,8,6,0.75,0.973342715,0.7787499975
CLEC1A,0.75,8,6,0.75,0.78486967,0.644316469875
COL3A1,0.75,8,6,0.75,0.96518422,0.711483616553549
DAPK1,0.75,8,6,0.75,0.98678167,0.7459634337798
DDR2,0.75,8,6,0.75,0.9827183349999999,0.79640215094125
DDX11,0.75,8,6,0.75,0.97194035,0.84795399
DLEC1,0.75,8,6,0.75,0.94119482,0.78807254875
DNAI3,0.75,8,6,0.75,0.96791172,0.8150531437499999
DSEL,0.75,8,6,0.75,0.9271401,0.77213584375
EPG5,0.75,8,6,0.75,0.971033415,0.8231468250425
EPHA1,0.75,8,6,0.75,0.9745901699999999,0.741821303625
FAM135B,0.75,8,6,0.75,0.96041533,0.84611927625
FCRL3,0.75,8,6,0.75,0.900425375,0.82985034375
FSCB,0.75,8,6,0.75,0.96610808,0.7699141845
GAK,0.75,8,6,0.75,0.956763475,0.823698835625
GALNT8,0.75,8,6,0.75,0.869941965,0.720655133125
GRIA1,0.75,8,6,0.75,0.94895438,0.7793712825
GRIPAP1,0.75,8,6,0.75,0.94740382,0.7093835503106842
GUCY2D,0.75,8,6,0.75,0.91908307,0.6958934668842375
HYOU1,0.75,8,6,0.75,0.9835727,0.7454878630058649
IFI16,0.75,8,6,0.75,0.9212246500000001,0.784850407875
IGSF3,0.75,8,6,0.75,0.987410425,0.7690803423875
IL12RB2,0.75,8,6,0.75,0.93700675,0.7579823575
ITGA9,0.75,8,6,0.75,0.97311825,0.809013438175
KCTD16,0.75,8,6,0.75,0.9706261650000001,0.81963102775
KDM5A,0.75,8,6,0.75,0.96851955,0.827834875
KIAA0319,0.75,8,6,0.75,0.9472480299999999,0.7204441486425
LAMA5,0.75,8,6,0.75,0.986548675,0.87691213125
LILRB4,0.75,8,6,0.75,0.9870315249999999,0.7837468689443684
LUM,0.75,8,6,0.75,0.91380375,0.8068340875
MADD,0.75,8,6,0.75,0.952737475,0.75433636225
MFHAS1,0.75,8,6,0.75,0.99135476,0.79370068875
MGA,0.75,8,6,0.75,0.860733325,0.7699410797492734
NPC1L1,0.75,8,6,0.75,0.94462773,0.8149836475000001
OR4X2,0.75,8,6,0.75,0.85352862,0.732233460625
PCDHAC1,0.75,8,6,0.75,0.9886174999999999,0.75163076125
PDZD2,0.75,8,6,0.75,0.9741262500000001,0.838348375
POTEF,0.75,8,6,0.75,0.8943552699999999,0.6948890331264302
PPP1R26,0.75,8,6,0.75,0.97129272,0.7247785543787499
PRKG2,0.75,8,6,0.75,0.9058355499999999,0.7012616269763338
PTPRO,0.75,8,6,0.75,0.945965825,0.79456012125
ROCK1,0.75,8,6,0.75,0.979392425,0.84647361375
SEMA3E,0.75,8,6,0.75,0.907524725,0.7559096514683751
SERPINB4,0.75,8,6,0.75,0.99047062,0.8961124075
SHROOM4,0.75,8,6,0.75,0.96792368,0.721496529295
SLC12A2,0.75,8,6,0.75,0.90147993,0.6988163623875
SLC44A5,0.75,8,6,0.75,0.9698796000000001,0.75716363825
SLC4A5,0.75,8,6,0.75,0.9714957,0.7334942895475
ST3GAL6,0.75,8,6,0.75,0.971466385,0.854939815
STAG3,0.75,8,6,0.75,0.984499885,0.80593211
SYCP2,0.75,8,6,0.75,0.97708985,0.728215209906775
TDRD9,0.75,8,6,0.75,0.935789965,0.7298805788885712
TERT,0.75,8,6,0.75,0.980746035,0.7236814898825
THOC2,0.75,8,6,0.75,0.943680665,0.7549261762500544
TIAM1,0.75,8,6,0.75,0.978774075,0.82097366875
TNFSF14,0.75,8,6,0.75,0.8863738999999999,0.78256712459
TRPC6,0.75,8,6,0.75,0.88174745,0.73732021213
TTC37,0.75,8,6,0.75,0.9799558500000001,0.8764303925
USP29,0.75,8,6,0.75,0.963391385,0.80496492375
WDR91,0.75,8,6,0.75,0.9417524349999999,0.7208057710784918
ZFYVE9,0.75,8,6,0.75,0.978608695,0.737987860949625
ZNF536,0.75,8,6,0.75,0.938446565,0.7098207049722249
ZNF81,0.75,8,6,0.75,0.931778675,0.6935283715831078
ZNF816,0.75,8,6,0.75,0.96925465,0.75649848325
ABCC11,0.75,9,6,0.6666666666666666,0.98544633,0.6928669281666666
ADGRL2,0.75,9,6,0.6666666666666666,0.988708,0.7316395534
AL121899.2,0.75,9,6,0.6666666666666666,0.9880261,0.7344706943612643
ATP10A,0.75,9,6,0.6666666666666666,0.8349415,0.6796952129777778
BIVM-ERCC5,0.75,9,6,0.6666666666666666,0.84632206,0.7499268196444445
BOD1L1,0.75,9,6,0.6666666666666666,0.984798,0.7414347288888888
BRWD1,0.75,9,6,0.6666666666666666,0.9912985,0.7013417837333333
CEP112,0.75,9,6,0.6666666666666666,0.9811751,0.7822845966666666
CNOT1,0.75,9,6,0.6666666666666666,0.8957981,0.7670895311333333
COL1A1,0.75,9,6,0.6666666666666666,0.8573244,0.6694153918783333
CORIN,0.75,9,6,0.6666666666666666,0.97570723,0.7259638922222222
CP,0.75,9,6,0.6666666666666666,0.9826492,0.7028313833333333
CYP4F11,0.75,9,6,0.6666666666666666,0.9402573,0.6798965588888889
DOP1A,0.75,9,6,0.6666666666666666,0.96352184,0.8326336188888889
EPS8,0.75,9,6,0.6666666666666666,0.8649765,0.7684265399555555
FMN1,0.75,9,6,0.6666666666666666,0.9574623,0.6620469320777778
FN1,0.75,9,6,0.6666666666666666,0.97996694,0.6932709538934094
FSTL5,0.75,9,6,0.6666666666666666,0.9671746,0.7418612204577778
GABRB3,0.75,9,6,0.6666666666666666,0.9300707,0.7181518237777778
IGF2R,0.75,9,6,0.6666666666666666,0.968134,0.7926193513843178
ITIH1,0.75,9,6,0.6666666666666666,0.904563,0.7580278066002778
KIR3DL3,0.75,9,6,0.6666666666666666,0.93140835,0.7350085022222221
LGR5,0.75,9,6,0.6666666666666666,0.94782186,0.7373430548888888
LRRK2,0.75,9,6,0.6666666666666666,0.98916966,0.7815909654291889
LTN1,0.75,9,6,0.6666666666666666,0.9603283,0.7133629364888888
MAGI2,0.75,9,6,0.6666666666666666,0.958727,0.6990686297222222
MET,0.75,9,6,0.6666666666666666,0.9649755,0.7938554788888889
NOTCH4,0.75,9,6,0.6666666666666666,0.94727147,0.7153355231633333
NUP153,0.75,9,6,0.6666666666666666,0.95248234,0.6768521149711288
OR2T6,0.75,9,6,0.6666666666666666,0.9024617,0.8388984822222222
OTOF,0.75,9,6,0.6666666666666666,0.9427034,0.6437621838699211
PCDHA5,0.75,9,6,0.6666666666666666,0.87330174,0.7867696116666667
PCDHGA6,0.75,9,6,0.6666666666666666,0.99082667,0.7196337793605552
PDE4D,0.75,9,6,0.6666666666666666,0.98025584,0.7103360703232222
PDHA2,0.75,9,6,0.6666666666666666,0.9115888,0.6767815563339444
RAB11FIP1,0.75,9,6,0.6666666666666666,0.9379364,0.6849923709408334
REST,0.75,9,6,0.6666666666666666,0.9475068,0.66646801822604
SLC5A11,0.75,9,6,0.6666666666666666,0.91671985,0.8037925611111111
SLITRK4,0.75,9,6,0.6666666666666666,0.8896537,0.662275835209677
SMARCA4,0.75,9,6,0.6666666666666666,0.90846777,0.7331943416744444
SMG8,0.75,9,6,0.6666666666666666,0.98125535,0.6997985579555556
SOS2,0.75,9,6,0.6666666666666666,0.90598446,0.6296295166022223
TEP1,0.75,9,6,0.6666666666666666,0.9567692,0.6460702112926167
TMEM200A,0.75,9,6,0.6666666666666666,0.8702197,0.67949703160546
TNFRSF8,0.75,9,6,0.6666666666666666,0.8928847,0.6447337220748889
TRPS1,0.75,9,6,0.6666666666666666,0.97903925,0.7104415971755556
TUT1,0.75,9,6,0.6666666666666666,0.87709093,0.7594977442888889
WASHC4,0.75,9,6,0.6666666666666666,0.97856975,0.700623958888889
ZNF236,0.75,9,6,0.6666666666666666,0.85386,0.7237336115555555
ADAMTS18,0.75,10,6,0.6,0.984195975,0.804016778
ANKHD1-EIF4EBP3,0.75,10,6,0.6,0.9030636249999999,0.7050918176559
ANO5,0.75,10,6,0.6,0.987885275,0.730167361756385
APC,0.75,10,6,0.6,0.927783635,0.5864735715088
ARHGAP30,0.75,10,6,0.6,0.80710788,0.685656037
CATSPERD,0.75,10,6,0.6,0.90430522,0.6086057023715901
CCDC105,0.75,10,6,0.6,0.858737315,0.6186241434339017
CNTN4,0.75,10,6,0.6,0.806126725,0.654547181335416
CPA4,0.75,10,6,0.6,0.8761507500000001,0.69671932604
FRMD7,0.75,10,6,0.6,0.953903715,0.5845668914340104
GRM1,0.75,10,6,0.6,0.9147355,0.7527742114
HECW2,0.75,10,6,0.6,0.925224335,0.642858756965
HIVEP2,0.75,10,6,0.6,0.882316985,0.646984905894
IGSF10,0.75,10,6,0.6,0.82980857,0.7379298089999999
KIF17,0.75,10,6,0.6,0.83060205,0.67817111561
LAMC1,0.75,10,6,0.6,0.96594658,0.6117580388399999
LRP6,0.75,10,6,0.6,0.85384525,0.6291721596700001
LRRC7,0.75,10,6,0.6,0.9254990649999999,0.7099395510431
MDC1,0.75,10,6,0.6,0.91233225,0.623452498142
MYO3B,0.75,10,6,0.6,0.86423535,0.70518401495
NSD3,0.75,10,6,0.6,0.974254025,0.6705045820000001
PCDHA7,0.75,10,6,0.6,0.9438430250000001,0.6280497229267199
PCDHB3,0.75,10,6,0.6,0.917290215,0.6173374359184098
PCDHGA1,0.75,10,6,0.6,0.9035503,0.6693397119680691
PLCXD3,0.75,10,6,0.6,0.8796742550000001,0.6030322605
PRDM15,0.75,10,6,0.6,0.8706499750000001,0.632698748106
SCN3A,0.75,10,6,0.6,0.8882703750000001,0.6457685305
SMC1A,0.75,10,6,0.6,0.90553175,0.5713326745507497
SMG1,0.75,10,6,0.6,0.9696096249999999,0.644610893877
SYNJ2,0.75,10,6,0.6,0.9503499,0.5865779103413911
TFAP2D,0.75,10,6,0.6,0.85212518,0.750978865
THSD7A,0.75,10,6,0.6,0.9623165499999999,0.7244011494
TMPRSS15,0.75,10,6,0.6,0.97991798,0.6806963192157403
TNN,0.75,10,6,0.6,0.8754321899999999,0.6361063511611561
TRANK1,0.75,10,6,0.6,0.867291375,0.580522126071394
TUBA3C,0.75,10,6,0.6,0.91093667,0.6459391656376292
USF3,0.75,10,6,0.6,0.9704813999999999,0.648911577085847
ZFC3H1,0.75,10,6,0.6,0.846959445,0.6971751159
ZNF808,0.75,10,6,0.6,0.784347205,0.797972204
ZNF836,0.75,10,6,0.6,0.9747852850000001,0.7304564732400001
ABCB11,0.75,11,6,0.5454545454545454,0.77769244,0.5285858685300456
ARFGEF1,0.75,11,6,0.5454545454545454,0.9284633,0.5993487230054545
ATP2B3,0.75,11,6,0.5454545454545454,0.87479174,0.5612565753616026
ATP8B1,0.75,11,6,0.5454545454545454,0.8838256,0.6431399629091293
BMP5,0.75,11,6,0.5454545454545454,0.8259832,0.6777217143393364
CACNA1F,0.75,11,6,0.5454545454545454,0.804408,0.5561753831092863
CELSR3,0.75,11,6,0.5454545454545454,0.92935383,0.5683366590144973
DRD5,0.75,11,6,0.5454545454545454,0.8026574,0.6289524647318182
DYSF,0.75,11,6,0.5454545454545454,0.884118,0.6113118047933809
ENTHD1,0.75,11,6,0.5454545454545454,0.9026182,0.7167664207845454
ERBB2,0.75,11,6,0.5454545454545454,0.9438412,0.6428041980898037
FGA,0.75,11,6,0.5454545454545454,0.79298306,0.6468831409090909
GLI1,0.75,11,6,0.5454545454545454,0.9675193,0.6030278224813637
HDAC9,0.75,11,6,0.5454545454545454,0.97890216,0.6477255359575222
IGF1R,0.75,11,6,0.5454545454545454,0.91376406,0.5629161813268354
INTS6L,0.75,11,6,0.5454545454545454,0.97182196,0.6485719853715728
ITPR1,0.75,11,6,0.5454545454545454,0.90093505,0.60160688601604
KIDINS220,0.75,11,6,0.5454545454545454,0.8222131,0.6415206981106364
MDGA2,0.75,11,6,0.5454545454545454,0.8835247,0.5739734345072102
NOTCH2,0.75,11,6,0.5454545454545454,0.96434504,0.6062200013464705
PCDH7,0.75,11,6,0.5454545454545454,0.91158694,0.6734499050909091
PCDHGB3,0.75,11,6,0.5454545454545454,0.7501837,0.5976163964427272
PCSK2,0.75,11,6,0.5454545454545454,0.8923247,0.6285335445454545
PKDREJ,0.75,11,6,0.5454545454545454,0.925349,0.6768533981822137
PRPF8,0.75,11,6,0.5454545454545454,0.8995118,0.6414620544272727
SENP7,0.75,11,6,0.5454545454545454,0.86379796,0.6588900574313297
SON,0.75,11,6,0.5454545454545454,0.92693156,0.6535117541365473
STAB2,0.75,11,6,0.5454545454545454,0.77119476,0.6485722357818182
UBR4,0.75,11,6,0.5454545454545454,0.8935139,0.6925641929514748
UGT2A3,0.75,11,6,0.5454545454545454,0.8913969,0.631512347
UGT2B28,0.75,11,6,0.5454545454545454,0.88184464,0.6593935655116118
USP34,0.75,11,6,0.5454545454545454,0.8273035,0.5667494512913712
ZFYVE26,0.75,11,6,0.5454545454545454,0.776406,0.5702547587143695
ZNF804A,0.75,11,6,0.5454545454545454,0.81355184,0.5379950902614363
ABCA9,0.75,12,6,0.5,0.7619792750000001,0.6914607520833332
ABCC8,0.75,12,6,0.5,0.811477525,0.647818265862529
ADGRD1,0.75,12,6,0.5,0.826680095,0.5866956227254166
AHCTF1,0.75,12,6,0.5,0.69034258,0.6226474743205399
ALPK3,0.75,12,6,0.5,0.80672805,0.6080422788286572
DOCK3,0.75,12,6,0.5,0.78109335,0.5558732676675
FAM47A,0.75,12,6,0.5,0.6453653500000001,0.5326950208360696
GABRA1,0.75,12,6,0.5,0.69867298,0.6199679730426101
ITSN1,0.75,12,6,0.5,0.7641365849999999,0.5941057521160108
KIF20B,0.75,12,6,0.5,0.6798253949999999,0.6053172058788333
KMT2D,0.75,12,6,0.5,0.76601065,0.5886775797988056
LRIG3,0.75,12,6,0.5,0.774413635,0.6709054408333334
MYH4,0.75,12,6,0.5,0.648374725,0.56693127258375
NBAS,0.75,12,6,0.5,0.7834205,0.5749581968243583
NCOR1,0.75,12,6,0.5,0.7498948,0.6483368578333334
NRK,0.75,12,6,0.5,0.81466412,0.5448138816715088
PRUNE2,0.75,12,6,0.5,0.854390285,0.5910280243947419
SLC4A1,0.75,12,6,0.5,0.76131719,0.5967133616140999
SV2C,0.75,12,6,0.5,0.68118262,0.5795470822166667
SZT2,0.75,12,6,0.5,0.544719925,0.5016471974683775
ACACA,0.75,13,6,0.46153846153846156,0.6257394,0.5339155148275553
ADAMTS9,0.75,13,6,0.46153846153846156,0.5833487,0.5513517765673847
CELSR1,0.75,13,6,0.46153846153846156,0.60272866,0.5152874319582841
DMXL2,0.75,13,6,0.46153846153846156,0.5074053,0.5786543397836461
DOCK7,0.75,13,6,0.46153846153846156,0.70043343,0.5652949739012307
GRM4,0.75,13,6,0.46153846153846156,0.65364456,0.51430998198271
KCNU1,0.75,13,6,0.46153846153846156,0.00800619,0.44357272302027756
MAGEB6,0.75,13,6,0.46153846153846156,0.52588165,0.4643871238625121
NOD1,0.75,13,6,0.46153846153846156,0.60397375,0.6769005938461539
PCDHA4,0.75,13,6,0.46153846153846156,0.5072351,0.5251448376635619
TLL2,0.75,13,6,0.46153846153846156,0.69440854,0.6010190282495732
TLR6,0.75,13,6,0.46153846153846156,0.6969339,0.6195178044130769
TPO,0.75,13,6,0.46153846153846156,0.53886294,0.45805301728037
ABCA4,0.75,14,6,0.42857142857142855,0.6211730550000001,0.5766903674619194
COL4A2,0.75,14,6,0.42857142857142855,0.351392435,0.4645109641207263
MAGEC1,0.75,14,6,0.42857142857142855,0.56332192,0.5216898354900101
MRC1,0.75,14,6,0.42857142857142855,0.46531625,0.4780513579708507
MYLK,0.75,14,6,0.42857142857142855,0.46911627,0.5420485927191885
PTPRF,0.75,14,6,0.42857142857142855,0.694115935,0.5259577010166371
UMODL1,0.75,14,6,0.42857142857142855,0.444901675,0.5253316805076056
LRRIQ1,0.75,15,6,0.4,0.591243,0.5028671841682241
OTOA,0.75,15,6,0.4,0.52300996,0.5679252947108133
SYT16,0.75,15,6,0.4,0.37816697,0.44613045931383266
TRHDE,0.75,15,6,0.4,0.37099907,0.46647464413084333
ANO2,0.75,16,6,0.375,0.494548635,0.525187528228886
PCDH11X,0.75,16,6,0.375,0.08435091315,0.3940646259357483
EPHB1,0.75,17,6,0.35294117647058826,0.6324939,0.597433332264706
NPAP1,0.75,17,6,0.35294117647058826,0.4396618,0.4819277829475959
FRYL,0.75,18,6,0.3333333333333333,0.49703822,0.5187060224858056
ITGAM,0.75,20,6,0.3,0.30870809,0.4293532926660625
PLEC,0.75,21,6,0.2857142857142857,0.014636163,0.2973506317845981
RIMBP2,0.75,22,6,0.2727272727272727,0.108516825,0.34182386899855866
AADACL2,0.75,5,5,1.0,0.91959125,0.9103204139999999
ABCA10,0.75,5,5,1.0,0.9900124,0.9710148399999999
AC073310.1,0.75,5,5,1.0,0.98901284,0.9773333579999999
ACP7,0.75,5,5,1.0,0.9618998,0.9703204599999999
ADGRA3,0.75,5,5,1.0,0.98172516,0.96636477
ANKRD55,0.75,5,5,1.0,0.9871804,0.923920352
ATP6V1C2,0.75,5,5,1.0,0.93318367,0.921210076
AZGP1,0.75,5,5,1.0,0.99137044,0.990308612
BCAS1,0.75,5,5,1.0,0.9301501,0.895298314
CAST,0.75,5,5,1.0,0.9751477,0.938525122
CCNT2,0.75,5,5,1.0,0.97692674,0.9497107679999999
CLDN25,0.75,5,5,1.0,0.95797133,0.943233116
CPVL,0.75,5,5,1.0,0.96488255,0.931278932
DDC,0.75,5,5,1.0,0.9910793,0.987912908
DDI1,0.75,5,5,1.0,0.99139386,0.982791468
DES,0.75,5,5,1.0,0.94593483,0.916074624
DLGAP4,0.75,5,5,1.0,0.9902782,0.942748466
DMP1,0.75,5,5,1.0,0.9894218,0.969890328
EEF2,0.75,5,5,1.0,0.9913464,0.9851834979999999
EVA1A,0.75,5,5,1.0,0.97196996,0.927411706
FAP,0.75,5,5,1.0,0.9810847,0.9458590219999999
FMO3,0.75,5,5,1.0,0.991486,0.9848084939999999
FUT5,0.75,5,5,1.0,0.98371917,0.96745981
FUT6,0.75,5,5,1.0,0.99132067,0.9912694280000001
GCM1,0.75,5,5,1.0,0.95981824,0.9500901159999999
GPR37,0.75,5,5,1.0,0.99132663,0.9840181859999999
HEMGN,0.75,5,5,1.0,0.97647506,0.9582622219999999
HOXA6,0.75,5,5,1.0,0.9805058,0.9578578739999999
HTT,0.75,5,5,1.0,0.9913293,0.988603196
IKZF3,0.75,5,5,1.0,0.96382713,0.951466074
IL36A,0.75,5,5,1.0,0.95954716,0.9204411419999999
INHBA,0.75,5,5,1.0,0.99113256,0.984278086
IPO11,0.75,5,5,1.0,0.9885252,0.97740408
KARS1,0.75,5,5,1.0,0.98918986,0.9886487299999999
KCNK10,0.75,5,5,1.0,0.84617835,0.89168711
KCNN2,0.75,5,5,1.0,0.9912845,0.98868441
KCNS2,0.75,5,5,1.0,0.98633933,0.984428816
MMP3,0.75,5,5,1.0,0.9873367,0.962907282
MMUT,0.75,5,5,1.0,0.98530537,0.98138279
MORF4L2,0.75,5,5,1.0,0.9623224,0.9249502140000001
NCOA1,0.75,5,5,1.0,0.9744995,0.948671998
NCOA2,0.75,5,5,1.0,0.9899368,0.96103772
NOM1,0.75,5,5,1.0,0.9690512,0.916441228
NSUN7,0.75,5,5,1.0,0.98716974,0.958404542
OCIAD1,0.75,5,5,1.0,0.9890732,0.9315636899999999
OR2A12,0.75,5,5,1.0,0.9866567,0.956614278
OR2A25,0.75,5,5,1.0,0.9913298,0.9780209880000001
OR4L1,0.75,5,5,1.0,0.95734334,0.9436905879999999
OR4M1,0.75,5,5,1.0,0.9448137,0.942566172
OR7A10,0.75,5,5,1.0,0.9901404,0.985732988
OR8H2,0.75,5,5,1.0,0.9280374,0.9266103859999999
PDLIM5,0.75,5,5,1.0,0.9758497,0.9174875200000001
PDXDC1,0.75,5,5,1.0,0.97241396,0.9466772999999999
PIGO,0.75,5,5,1.0,0.97877103,0.929625894
PIWIL2,0.75,5,5,1.0,0.96656,0.9340118799999999
PSG1,0.75,5,5,1.0,0.96869016,0.9300825859999999
PTPRN,0.75,5,5,1.0,0.93153834,0.901735212
RIOX2,0.75,5,5,1.0,0.9784647,0.967885648
RTN1,0.75,5,5,1.0,0.9911601,0.967988152
SAMD12,0.75,5,5,1.0,0.85225016,0.8819038859999999
SERPINB5,0.75,5,5,1.0,0.98888236,0.941114054
SESN3,0.75,5,5,1.0,0.98602146,0.962285582
SGMS2,0.75,5,5,1.0,0.99080163,0.9642581459999999
SLC30A3,0.75,5,5,1.0,0.9913434,0.967100162
SLC4A7,0.75,5,5,1.0,0.96931076,0.953242336
SLC6A16,0.75,5,5,1.0,0.9860238,0.9762311199999999
SNAP47,0.75,5,5,1.0,0.9641306,0.9453756199999999
SPTY2D1,0.75,5,5,1.0,0.97344196,0.965177632
TBX4,0.75,5,5,1.0,0.96519154,0.957403094
TBXAS1,0.75,5,5,1.0,0.99019814,0.986594696
TOGARAM1,0.75,5,5,1.0,0.9710222,0.941221728
TP53BP1,0.75,5,5,1.0,0.9544156,0.93097264
TRAK2,0.75,5,5,1.0,0.96888846,0.962988062
TRIP12,0.75,5,5,1.0,0.980892,0.9370863220000001
TTLL2,0.75,5,5,1.0,0.9750944,0.956494116
UNC13B,0.75,5,5,1.0,0.98259497,0.960034976
USP19,0.75,5,5,1.0,0.98595804,0.96949083
WLS,0.75,5,5,1.0,0.9733157,0.9605582399999999
WWC1,0.75,5,5,1.0,0.983124,0.9459858999999999
ZNF354A,0.75,5,5,1.0,0.9901753,0.9880973559999999
ZNF479,0.75,5,5,1.0,0.9884731,0.97699976
ZNF606,0.75,5,5,1.0,0.99122095,0.9872262580000001
ZNF782,0.75,5,5,1.0,0.99143887,0.989635664
ABCD3,0.75,6,5,0.8333333333333334,0.9771708699999999,0.816451213
AC024940.1,0.75,6,5,0.8333333333333334,0.98149213,0.8183611411369
ACE2,0.75,6,5,0.8333333333333334,0.9798720000000001,0.8146333866850001
ADGRE2,0.75,6,5,0.8333333333333334,0.9466824,0.892922055
ALDH6A1,0.75,6,5,0.8333333333333334,0.87870372,0.7519431624999999
ARFGEF2,0.75,6,5,0.8333333333333334,0.9662879,0.7957666988166667
CAPRIN2,0.75,6,5,0.8333333333333334,0.97467923,0.8184882433333334
CDC42BPA,0.75,6,5,0.8333333333333334,0.961121945,0.8038126974838667
CDH12,0.75,6,5,0.8333333333333334,0.9864702000000001,0.9118298450000001
CENPI,0.75,6,5,0.8333333333333334,0.9659554349999999,0.8733263716666667
CFAP52,0.75,6,5,0.8333333333333334,0.971992195,0.8132980307091667
CLCN7,0.75,6,5,0.8333333333333334,0.9200475,0.8251410533333333
COL4A4,0.75,6,5,0.8333333333333334,0.90145728,0.8774616616666666
CRYBG3,0.75,6,5,0.8333333333333334,0.97350624,0.8805753566666666
CTNNA2,0.75,6,5,0.8333333333333334,0.9388251000000001,0.900963605
CWH43,0.75,6,5,0.8333333333333334,0.987354675,0.8364352899999999
CYP4A22,0.75,6,5,0.8333333333333334,0.97987595,0.8149379816666666
DGKI,0.75,6,5,0.8333333333333334,0.9913837,0.8270742622833334
DHX32,0.75,6,5,0.8333333333333334,0.971393025,0.8122668132369166
DPH2,0.75,6,5,0.8333333333333334,0.9851799,0.8653076966666666
ECT2L,0.75,6,5,0.8333333333333334,0.9679388,0.805106425656
EDIL3,0.75,6,5,0.8333333333333334,0.86778405,0.7678000333333334
EGFLAM,0.75,6,5,0.8333333333333334,0.91829353,0.8597100433333335
ESF1,0.75,6,5,0.8333333333333334,0.9828742500000001,0.8045209965
FAM126A,0.75,6,5,0.8333333333333334,0.9914562,0.8885011033333333
FAM234B,0.75,6,5,0.8333333333333334,0.980765475,0.8856549683333333
FAM98A,0.75,6,5,0.8333333333333334,0.953843115,0.7884201344083334
FBXW10,0.75,6,5,0.8333333333333334,0.97805323,0.8596694983333334
FGD6,0.75,6,5,0.8333333333333334,0.977906685,0.9000690666666666
FIP1L1,0.75,6,5,0.8333333333333334,0.984741745,0.8447983916666667
GABBR1,0.75,6,5,0.8333333333333334,0.9668213999999999,0.9021785333333333
GARNL3,0.75,6,5,0.8333333333333334,0.89420175,0.87794819
GCC1,0.75,6,5,0.8333333333333334,0.9638035650000001,0.8348933866666667
GLRA3,0.75,6,5,0.8333333333333334,0.96259905,0.8712627666666667
GLS,0.75,6,5,0.8333333333333334,0.944584225,0.7914156547666668
GOLGA6A,0.75,6,5,0.8333333333333334,0.982902275,0.8201989667845094
GRIK2,0.75,6,5,0.8333333333333334,0.92676185,0.7926155576666667
HHIP,0.75,6,5,0.8333333333333334,0.977520875,0.8089820166666667
HPSE2,0.75,6,5,0.8333333333333334,0.97940025,0.9123053233333334
IRGC,0.75,6,5,0.8333333333333334,0.965878485,0.8203993728333333
KCNJ15,0.75,6,5,0.8333333333333334,0.8950506,0.7572388879999999
KDM4D,0.75,6,5,0.8333333333333334,0.927032375,0.8558301949999999
KIF18A,0.75,6,5,0.8333333333333334,0.9349757999999999,0.9070844399999999
KIF27,0.75,6,5,0.8333333333333334,0.9868395750000001,0.8350521983333333
KIR3DL1,0.75,6,5,0.8333333333333334,0.9819370199999999,0.8995943533333334
L3MBTL1,0.75,6,5,0.8333333333333334,0.92883665,0.8083448299999999
LAMP2,0.75,6,5,0.8333333333333334,0.97567352,0.86927827
LANCL2,0.75,6,5,0.8333333333333334,0.9872647649999999,0.8241662813333334
LPAR3,0.75,6,5,0.8333333333333334,0.9824636849999999,0.8081826520450001
LRWD1,0.75,6,5,0.8333333333333334,0.9673775,0.9130727
LUZP1,0.75,6,5,0.8333333333333334,0.989160775,0.8997017216666666
LVRN,0.75,6,5,0.8333333333333334,0.9089142800000001,0.7771900825500001
MAGI1,0.75,6,5,0.8333333333333334,0.92431988,0.8524471883333332
MANEA,0.75,6,5,0.8333333333333334,0.923182905,0.7712108385178301
MAPK8IP1,0.75,6,5,0.8333333333333334,0.952577285,0.8723329783333332
MFSD9,0.75,6,5,0.8333333333333334,0.983034195,0.8803337416666667
MGAT4C,0.75,6,5,0.8333333333333334,0.97530513,0.89248685
MKRN3,0.75,6,5,0.8333333333333334,0.9109648749999999,0.8468014866666667
MPP3,0.75,6,5,0.8333333333333334,0.96917247,0.9037758816666667
MROH9,0.75,6,5,0.8333333333333334,0.918616885,0.7569138103333333
N4BP2L2,0.75,6,5,0.8333333333333334,0.96136897,0.8011256403333333
NAA11,0.75,6,5,0.8333333333333334,0.9682896400000001,0.8784463216666666
NEDD4L,0.75,6,5,0.8333333333333334,0.915980675,0.7659520999622833
NEXN,0.75,6,5,0.8333333333333334,0.99012225,0.9183408116666666
NFASC,0.75,6,5,0.8333333333333334,0.98280172,0.8951361266666668
NIBAN2,0.75,6,5,0.8333333333333334,0.97794485,0.8558921833333333
NLGN1,0.75,6,5,0.8333333333333334,0.952731,0.9078625716666666
NPAS2,0.75,6,5,0.8333333333333334,0.94479722,0.8951741833333333
NPHP1,0.75,6,5,0.8333333333333334,0.93459197,0.89885398
NR1H4,0.75,6,5,0.8333333333333334,0.9384994799999999,0.780511190932
NSMAF,0.75,6,5,0.8333333333333334,0.969000935,0.9191011699999999
NXPE3,0.75,6,5,0.8333333333333334,0.9760772799999999,0.825691697
OPN1SW,0.75,6,5,0.8333333333333334,0.9802873,0.8735882066666667
OR1N1,0.75,6,5,0.8333333333333334,0.97553375,0.8945759
OR2W5,0.75,6,5,0.8333333333333334,0.8393169,0.7455844666666667
OR3A4P,0.75,6,5,0.8333333333333334,0.96493958,0.8733517233333333
OR51E2,0.75,6,5,0.8333333333333334,0.946545865,0.897489195
OR7A17,0.75,6,5,0.8333333333333334,0.930082335,0.79557059
PARP12,0.75,6,5,0.8333333333333334,0.9872117,0.7890248381166667
PCDHB12,0.75,6,5,0.8333333333333334,0.961230245,0.88572054
PCDHGA9,0.75,6,5,0.8333333333333334,0.96186195,0.9102844999999999
PHKA2,0.75,6,5,0.8333333333333334,0.9799459500000001,0.8286813066666667
PIK3C2B,0.75,6,5,0.8333333333333334,0.98747843,0.8081763346316667
PODNL1,0.75,6,5,0.8333333333333334,0.930198495,0.7859384721179533
POTEE,0.75,6,5,0.8333333333333334,0.98180744,0.8195069967999999
PPARGC1B,0.75,6,5,0.8333333333333334,0.97685892,0.8142327782345
PPP1R16B,0.75,6,5,0.8333333333333334,0.9814172800000001,0.8962717516666667
PRAMEF20,0.75,6,5,0.8333333333333334,0.9741803499999999,0.88811425
PRKCE,0.75,6,5,0.8333333333333334,0.9777759500000001,0.8710303
PTGER4,0.75,6,5,0.8333333333333334,0.9741439000000001,0.8254267033333335
PTPRR,0.75,6,5,0.8333333333333334,0.8543936000000001,0.7431516418575833
RBM12B,0.75,6,5,0.8333333333333334,0.98830822,0.8168747464078333
REN,0.75,6,5,0.8333333333333334,0.898088725,0.8162331366666667
RERE,0.75,6,5,0.8333333333333334,0.9691680300000001,0.793103365
RPL5,0.75,6,5,0.8333333333333334,0.98389083,0.8590925633333333
SEC23B,0.75,6,5,0.8333333333333334,0.981053025,0.8537803166666666
SEL1L2,0.75,6,5,0.8333333333333334,0.9696935,0.8460717433333333
SHKBP1,0.75,6,5,0.8333333333333334,0.9573725500000001,0.7977863341666667
SPAG5,0.75,6,5,0.8333333333333334,0.980681525,0.8374090156666667
SPHKAP,0.75,6,5,0.8333333333333334,0.971405225,0.8538558066666666
SRSF11,0.75,6,5,0.8333333333333334,0.91734162,0.8924304133333334
ST8SIA3,0.75,6,5,0.8333333333333334,0.97975192,0.8171522225933333
STXBP5,0.75,6,5,0.8333333333333334,0.931266435,0.8695608416666666
TET1,0.75,6,5,0.8333333333333334,0.94694995,0.7900033517096944
TEX13B,0.75,6,5,0.8333333333333334,0.9650628,0.7929037666700002
TFEC,0.75,6,5,0.8333333333333334,0.9796606,0.88671869
TIE1,0.75,6,5,0.8333333333333334,0.95140488,0.8148255383333334
TIPARP,0.75,6,5,0.8333333333333334,0.97276003,0.802210047865
TLR10,0.75,6,5,0.8333333333333334,0.9744176,0.9010507583333333
TMCO4,0.75,6,5,0.8333333333333334,0.972758,0.8373830299999999
TMCO5A,0.75,6,5,0.8333333333333334,0.8504771250000001,0.8663635833333334
TMEM241,0.75,6,5,0.8333333333333334,0.97912955,0.8863473866666666
TRIM49,0.75,6,5,0.8333333333333334,0.989269645,0.823316222125
TRIM58,0.75,6,5,0.8333333333333334,0.935937045,0.8397567916666667
TRIM6,0.75,6,5,0.8333333333333334,0.93533385,0.81568158
TTC30B,0.75,6,5,0.8333333333333334,0.9131377,0.7716644654916666
TXNDC2,0.75,6,5,0.8333333333333334,0.9651318799999999,0.822270795
UGT1A5,0.75,6,5,0.8333333333333334,0.939341725,0.7934773328333334
UMOD,0.75,6,5,0.8333333333333334,0.901898015,0.7969336516666666
USP53,0.75,6,5,0.8333333333333334,0.9059664000000001,0.8345293100000001
VIPR2,0.75,6,5,0.8333333333333334,0.9392129,0.7928806086192166
VLDLR,0.75,6,5,0.8333333333333334,0.96673375,0.834528085
ZBTB41,0.75,6,5,0.8333333333333334,0.98232852,0.8216931403333333
ZNF106,0.75,6,5,0.8333333333333334,0.96176365,0.8039807052866667
ZNF507,0.75,6,5,0.8333333333333334,0.990418555,0.9228611783333333
ABI2,0.75,7,5,0.7142857142857143,0.9507877,0.7968356088857143
AL645922.1,0.75,7,5,0.7142857142857143,0.8496945,0.6586404135497144
ANGPT4,0.75,7,5,0.7142857142857143,0.9619784,0.8561088542857143
ARHGAP44,0.75,7,5,0.7142857142857143,0.89687604,0.7349834599999999
ARSD,0.75,7,5,0.7142857142857143,0.84190536,0.70304466
BTBD11,0.75,7,5,0.7142857142857143,0.89667654,0.7511599531428572
CARMIL1,0.75,7,5,0.7142857142857143,0.9467856,0.7302156834978143
CCDC146,0.75,7,5,0.7142857142857143,0.91609895,0.81580174
CCDC87,0.75,7,5,0.7142857142857143,0.9410505,0.6927918946042857
CDHR2,0.75,7,5,0.7142857142857143,0.9312976,0.8239871771428572
CHEK1,0.75,7,5,0.7142857142857143,0.88050896,0.7728770871428571
COG5,0.75,7,5,0.7142857142857143,0.9771275,0.8215413142857143
CRTAC1,0.75,7,5,0.7142857142857143,0.95355225,0.6922197130669492
DHX16,0.75,7,5,0.7142857142857143,0.97694826,0.6984651400828571
DMBT1,0.75,7,5,0.7142857142857143,0.9372071,0.7686737840108185
DNAAF1,0.75,7,5,0.7142857142857143,0.976074,0.7549113109046643
ELN,0.75,7,5,0.7142857142857143,0.94806004,0.6726628471452357
ENPP7,0.75,7,5,0.7142857142857143,0.9727907,0.7787047172138915
EPB41L2,0.75,7,5,0.7142857142857143,0.9351224,0.8592293371428571
EPB41L4B,0.75,7,5,0.7142857142857143,0.9352181,0.7134009989957428
EXOC8,0.75,7,5,0.7142857142857143,0.98874,0.6849827566971428
FAM193A,0.75,7,5,0.7142857142857143,0.9833816,0.7110641220314287
FOXP2,0.75,7,5,0.7142857142857143,0.97662455,0.7937169628571429
GFPT2,0.75,7,5,0.7142857142857143,0.92639494,0.6949997414285713
GGN,0.75,7,5,0.7142857142857143,0.9576124,0.6919328933852059
GIMAP7,0.75,7,5,0.7142857142857143,0.96471477,0.7290322745714286
HFM1,0.75,7,5,0.7142857142857143,0.97765803,0.7162668514285714
HTR5A,0.75,7,5,0.7142857142857143,0.86698216,0.7923364657142857
IGSF1,0.75,7,5,0.7142857142857143,0.97505116,0.6985632767335527
ITGA10,0.75,7,5,0.7142857142857143,0.9579037,0.7490880014285715
ITGB6,0.75,7,5,0.7142857142857143,0.91150886,0.7534004993085714
KHDRBS2,0.75,7,5,0.7142857142857143,0.9283577,0.7914393657142857
KIF5A,0.75,7,5,0.7142857142857143,0.8151548,0.7306830257142857
KRT34,0.75,7,5,0.7142857142857143,0.9420974,0.8434749428571429
LRRC32,0.75,7,5,0.7142857142857143,0.8748047,0.6717448423724394
MACC1,0.75,7,5,0.7142857142857143,0.99012345,0.7213974794285714
MAST2,0.75,7,5,0.7142857142857143,0.98955834,0.7343819635714286
MCTP1,0.75,7,5,0.7142857142857143,0.93837416,0.7086187151285716
MICAL3,0.75,7,5,0.7142857142857143,0.94858944,0.7273345811757144
MTMR11,0.75,7,5,0.7142857142857143,0.9912197,0.7871352685714286
NFX1,0.75,7,5,0.7142857142857143,0.829047,0.7225193442857518
NOBOX,0.75,7,5,0.7142857142857143,0.9793214,0.84122226
NRP1,0.75,7,5,0.7142857142857143,0.9786354,0.7870722647142857
OR2T3,0.75,7,5,0.7142857142857143,0.8861081,0.6710393421428572
OR4D10,0.75,7,5,0.7142857142857143,0.98743945,0.7416460894280771
OR51F1,0.75,7,5,0.7142857142857143,0.9780343,0.768426226
OR5H1,0.75,7,5,0.7142857142857143,0.9772907,0.8425288228571429
OR7G2,0.75,7,5,0.7142857142857143,0.9717846,0.7120972
PABPC1L,0.75,7,5,0.7142857142857143,0.9851598,0.7060807983874857
PGR,0.75,7,5,0.7142857142857143,0.92686987,0.760498409070313
PHIP,0.75,7,5,0.7142857142857143,0.98602086,0.7743533657142857
PLCG1,0.75,7,5,0.7142857142857143,0.98562497,0.86939918
PRAMEF2,0.75,7,5,0.7142857142857143,0.90879375,0.8258687028571429
PSG5,0.75,7,5,0.7142857142857143,0.9913933,0.8032414742857144
PSG6,0.75,7,5,0.7142857142857143,0.8413313,0.7805711471428571
PTK2B,0.75,7,5,0.7142857142857143,0.97424793,0.8958066128571429
RBP3,0.75,7,5,0.7142857142857143,0.97751063,0.7409392052191462
RUSC1,0.75,7,5,0.7142857142857143,0.9719935,0.7104036493594386
SH3D19,0.75,7,5,0.7142857142857143,0.9426977,0.7678742771428572
SLC17A7,0.75,7,5,0.7142857142857143,0.9693062,0.6945409285721761
SLC6A4,0.75,7,5,0.7142857142857143,0.9485814,0.6940525835198115
SLCO1B1,0.75,7,5,0.7142857142857143,0.97082436,0.6989461851277143
TCF20,0.75,7,5,0.7142857142857143,0.98303074,0.8108048642857143
TNFSF11,0.75,7,5,0.7142857142857143,0.97249705,0.7069503980171856
TNRC6A,0.75,7,5,0.7142857142857143,0.83466667,0.6649488792857143
TRIM51,0.75,7,5,0.7142857142857143,0.978998,0.8489845899999999
TSC1,0.75,7,5,0.7142857142857143,0.98697495,0.7676708300379289
TSPOAP1,0.75,7,5,0.7142857142857143,0.9783558,0.7829249428571429
TTC3,0.75,7,5,0.7142857142857143,0.9844773,0.7538419817715214
WASHC2C,0.75,7,5,0.7142857142857143,0.9910206,0.7769247571428571
ZBED9,0.75,7,5,0.7142857142857143,0.97760516,0.7509756015634041
ZEB2,0.75,7,5,0.7142857142857143,0.96314514,0.7795091516485714
ZFAT,0.75,7,5,0.7142857142857143,0.97328895,0.7609078757142856
ZNF140,0.75,7,5,0.7142857142857143,0.9890704,0.8343573271428572
ZNF492,0.75,7,5,0.7142857142857143,0.9672145,0.6998743964750972
ZNF776,0.75,7,5,0.7142857142857143,0.7963355,0.7519255695422856
ABCA12,0.75,8,5,0.625,0.95504148,0.6115226562988125
ACSM4,0.75,8,5,0.625,0.92199052,0.6446816924788374
ACTRT1,0.75,8,5,0.625,0.95280005,0.6239714890370001
ADCY9,0.75,8,5,0.625,0.9186958199999999,0.6632442734829799
AK7,0.75,8,5,0.625,0.96763103,0.7924932525
ALPK1,0.75,8,5,0.625,0.9823952,0.770922469625
ANKS1B,0.75,8,5,0.625,0.894470575,0.628456407625
AQP10,0.75,8,5,0.625,0.8923967749999999,0.75887862875
ATP12A,0.75,8,5,0.625,0.89840925,0.6094748726012029
BIN1,0.75,8,5,0.625,0.827101965,0.5735063051909125
BTAF1,0.75,8,5,0.625,0.8575728250000001,0.5923415450315787
CANX,0.75,8,5,0.625,0.99073155,0.73532817375
CCDC8,0.75,8,5,0.625,0.82971908,0.615221912954625
CCN4,0.75,8,5,0.625,0.88922695,0.662703132095
CD22,0.75,8,5,0.625,0.95082272,0.76536094625
CEP250,0.75,8,5,0.625,0.9203023,0.6018695209367513
COL6A1,0.75,8,5,0.625,0.9066936999999999,0.6334548778881512
CREB3L3,0.75,8,5,0.625,0.891299435,0.75130165
DNAAF5,0.75,8,5,0.625,0.8661278,0.5929685031097678
DNM2,0.75,8,5,0.625,0.8683343299999999,0.6740267447480575
EGR1,0.75,8,5,0.625,0.8561564850000001,0.6978054819625
EML2,0.75,8,5,0.625,0.9755910999999999,0.6173366920414988
EPHA5,0.75,8,5,0.625,0.8791358300000001,0.73386286775
FAM124A,0.75,8,5,0.625,0.9036264,0.6247364503763893
FIGN,0.75,8,5,0.625,0.98268223,0.64060617079
GABRA5,0.75,8,5,0.625,0.8616173,0.6715755262159542
IGFN1,0.75,8,5,0.625,0.9040931,0.7315164475
INPP4B,0.75,8,5,0.625,0.9857972500000001,0.671107597155
JAK2,0.75,8,5,0.625,0.94598445,0.68023350897756
KAT14,0.75,8,5,0.625,0.9237886150000001,0.7657816975
LAMB3,0.75,8,5,0.625,0.891483915,0.710009106067823
LCOR,0.75,8,5,0.625,0.9800876000000001,0.6654386347606425
LILRA2,0.75,8,5,0.625,0.920088,0.714704705785
LILRB5,0.75,8,5,0.625,0.93837708,0.7302696762499999
LMTK2,0.75,8,5,0.625,0.9888117000000001,0.6479738495
MCOLN3,0.75,8,5,0.625,0.809504725,0.587842445975
MYOM1,0.75,8,5,0.625,0.79800285,0.691025029551915
N4BP2,0.75,8,5,0.625,0.87441024,0.6684204484
OSBPL8,0.75,8,5,0.625,0.9105553150000001,0.74991345
PAPPA,0.75,8,5,0.625,0.97367995,0.78061153125
PATJ,0.75,8,5,0.625,0.8835253999999999,0.62510116325
PGAP4,0.75,8,5,0.625,0.8699519,0.67973572375
PHF20,0.75,8,5,0.625,0.946931155,0.692425909125
PRX,0.75,8,5,0.625,0.896622935,0.67104602625
PSG7,0.75,8,5,0.625,0.870130625,0.8159444575
RGS22,0.75,8,5,0.625,0.925893335,0.75266088875
SLC24A3,0.75,8,5,0.625,0.94332668,0.73324204375
SLFN11,0.75,8,5,0.625,0.97981887,0.7477151400000001
SPTAN1,0.75,8,5,0.625,0.9211361650000001,0.83755121125
SRRM4,0.75,8,5,0.625,0.869052625,0.76601283
ST18,0.75,8,5,0.625,0.9230589,0.6878731544622713
STARD13,0.75,8,5,0.625,0.943251125,0.6287688683211663
TEK,0.75,8,5,0.625,0.9446892499999999,0.79695877125
TRPM7,0.75,8,5,0.625,0.7974852699999999,0.617391014825
TSGA10,0.75,8,5,0.625,0.8814127,0.6639355301250001
ULK2,0.75,8,5,0.625,0.8649957,0.6379053691750001
UTP20,0.75,8,5,0.625,0.96060053,0.66132022624775
WNK1,0.75,8,5,0.625,0.933784245,0.730562105
A2M,0.75,9,5,0.5555555555555556,0.86386603,0.56858310596
ABCA5,0.75,9,5,0.5555555555555556,0.8202884,0.6067786177444445
ABCG2,0.75,9,5,0.5555555555555556,0.9409073,0.6484629475888889
ALMS1,0.75,9,5,0.5555555555555556,0.933071,0.6274190945389222
AP000769.3,0.75,9,5,0.5555555555555556,0.8242537,0.5334224281691156
ARHGAP28,0.75,9,5,0.5555555555555556,0.7556508,0.7207221255555556
ATP8A1,0.75,9,5,0.5555555555555556,0.8221157,0.5308561921131818
BCAR3,0.75,9,5,0.5555555555555556,0.79609233,0.6008803888888888
BCORL1,0.75,9,5,0.5555555555555556,0.8051414,0.5787682104646791
BTNL8,0.75,9,5,0.5555555555555556,0.91158813,0.7044086044444444
CCER1,0.75,9,5,0.5555555555555556,0.8311605,0.6434422950186667
CRB1,0.75,9,5,0.5555555555555556,0.94674015,0.5636778668333333
CTTNBP2,0.75,9,5,0.5555555555555556,0.9613183,0.6674662626344444
CYLC2,0.75,9,5,0.5555555555555556,0.9771047,0.5707994327261985
CYP4F3,0.75,9,5,0.5555555555555556,0.83715945,0.6409839557580062
FANCM,0.75,9,5,0.5555555555555556,0.93517315,0.6756638444445122
GABBR2,0.75,9,5,0.5555555555555556,0.8990532,0.6350557506266666
GCNA,0.75,9,5,0.5555555555555556,0.8290347,0.5250719344714311
GHSR,0.75,9,5,0.5555555555555556,0.96276367,0.6026841724188888
HIVEP3,0.75,9,5,0.5555555555555556,0.84277797,0.6644263466666667
IL5RA,0.75,9,5,0.5555555555555556,0.90261143,0.5552741055399105
IRF6,0.75,9,5,0.5555555555555556,0.8680511,0.6300424255555556
ITGAX,0.75,9,5,0.5555555555555556,0.9215421,0.5989412333888889
KIAA0100,0.75,9,5,0.5555555555555556,0.93601036,0.6671644154665889
MAP1A,0.75,9,5,0.5555555555555556,0.8896524,0.717683898888889
MBD1,0.75,9,5,0.5555555555555556,0.84363157,0.6968255078702222
MIB1,0.75,9,5,0.5555555555555556,0.9285358,0.6004302817805901
MOCS1,0.75,9,5,0.5555555555555556,0.75355065,0.5962780621111111
MTOR,0.75,9,5,0.5555555555555556,0.8382341,0.6469315624286099
NPY5R,0.75,9,5,0.5555555555555556,0.90651804,0.6369118303145556
NSD1,0.75,9,5,0.5555555555555556,0.7990588,0.624963011
NUP98,0.75,9,5,0.5555555555555556,0.84763503,0.7018617644444444
OR13C8,0.75,9,5,0.5555555555555556,0.9263128,0.6447168443111111
PCDHB9,0.75,9,5,0.5555555555555556,0.8057329,0.6247791509999999
PCDHGB1,0.75,9,5,0.5555555555555556,0.9189985,0.6169029494444445
PHEX,0.75,9,5,0.5555555555555556,0.7710881,0.5110861860217243
PSD4,0.75,9,5,0.5555555555555556,0.911575,0.6637516084444445
PTPN13,0.75,9,5,0.5555555555555556,0.7967712,0.65952314398
RAPGEF2,0.75,9,5,0.5555555555555556,0.9472212,0.6871828933333333
RB1CC1,0.75,9,5,0.5555555555555556,0.83553904,0.6753686823222222
RTL5,0.75,9,5,0.5555555555555556,0.9736332,0.5462034393113663
SHANK2,0.75,9,5,0.5555555555555556,0.81336737,0.5678978954149978
SLC4A10,0.75,9,5,0.5555555555555556,0.8809361,0.56103153880206
SLCO4C1,0.75,9,5,0.5555555555555556,0.9203457,0.6236389047333333
SLFN13,0.75,9,5,0.5555555555555556,0.9362804,0.6347694625999778
SULT1B1,0.75,9,5,0.5555555555555556,0.85159904,0.7054879988888889
SYCP1,0.75,9,5,0.5555555555555556,0.8162054,0.5964312489834778
TMPRSS6,0.75,9,5,0.5555555555555556,0.9578638,0.5461055578845363
TNS3,0.75,9,5,0.5555555555555556,0.94142795,0.7846325022222223
TRIM71,0.75,9,5,0.5555555555555556,0.8746136,0.592264272564591
TRPV2,0.75,9,5,0.5555555555555556,0.95911396,0.593339437673889
ZNF10,0.75,9,5,0.5555555555555556,0.9430917,0.6504369543824985
ZNF184,0.75,9,5,0.5555555555555556,0.9024668,0.6024991156666667
ZZEF1,0.75,9,5,0.5555555555555556,0.8961688,0.6883800377777778
ARID1A,0.75,10,5,0.5,0.66392489,0.553627915053754
CFH,0.75,10,5,0.5,0.611790065,0.5927335730000001
DBH,0.75,10,5,0.5,0.5844238,0.5364397264451451
DCAF12L1,0.75,10,5,0.5,0.5451142449999999,0.511105538161294
DOCK6,0.75,10,5,0.5,0.69520198,0.5114134664322986
DSC3,0.75,10,5,0.5,0.681437,0.5585865415161618
DYNC2H1,0.75,10,5,0.5,0.496366225,0.48146377182696226
GNPTAB,0.75,10,5,0.5,0.7884275000000001,0.61610364067
IARS1,0.75,10,5,0.5,0.76063965,0.6118505424956904
JARID2,0.75,10,5,0.5,0.7418426,0.5900210133177191
LRRC55,0.75,10,5,0.5,0.7736308249999999,0.6607457821687
LTBP4,0.75,10,5,0.5,0.38311041199999996,0.45893072757026554
MYBPC1,0.75,10,5,0.5,0.66503725,0.55446668848728
MYH15,0.75,10,5,0.5,0.74835213,0.58713899581
NFATC2,0.75,10,5,0.5,0.72044706,0.5771783779573623
OR2W3,0.75,10,5,0.5,0.508886155,0.52004323517
PLXNA2,0.75,10,5,0.5,0.7550437999999999,0.5617038799662665
RNF213,0.75,10,5,0.5,0.83205675,0.655994045
RREB1,0.75,10,5,0.5,0.601662115,0.5248226767677865
SCN11A,0.75,10,5,0.5,0.676242515,0.5861650582949307
SLC12A5,0.75,10,5,0.5,0.7809749,0.6758102806
SPTB,0.75,10,5,0.5,0.7799327,0.7197781778166
SUPT6H,0.75,10,5,0.5,0.7912567,0.6150377331078569
TNFRSF11A,0.75,10,5,0.5,0.7734121199999999,0.6354116490212315
TNIK,0.75,10,5,0.5,0.76130751,0.5655011538171362
TP63,0.75,10,5,0.5,0.7904208,0.5720223880502987
TUBB4A,0.75,10,5,0.5,0.7365808,0.5498619798663827
USP26,0.75,10,5,0.5,0.7184816,0.5607655576445574
ZNF804B,0.75,10,5,0.5,0.837443835,0.6369411405300001
ADAMTS20,0.75,11,5,0.45454545454545453,0.07743427,0.44199972875618465
ADCY5,0.75,11,5,0.45454545454545453,0.5743385,0.5505394923386558
ANKRD30A,0.75,11,5,0.45454545454545453,0.3659888,0.5062407881038069
ATP9B,0.75,11,5,0.45454545454545453,0.62348235,0.5156412714745309
CACNG3,0.75,11,5,0.45454545454545453,0.66019344,0.690135336
DNAH1,0.75,11,5,0.45454545454545453,0.7476742,0.4870676868578393
EP300,0.75,11,5,0.45454545454545453,0.69217867,0.6060990119545454
EPHB2,0.75,11,5,0.45454545454545453,0.729669,0.5922040664363636
EVPL,0.75,11,5,0.45454545454545453,0.7383929,0.5539764487990774
FRY,0.75,11,5,0.45454545454545453,0.6105716,0.5864516260220863
GAS2L2,0.75,11,5,0.45454545454545453,0.5532748,0.5048506318983048
GRIA3,0.75,11,5,0.45454545454545453,0.3651397,0.45813190983932817
IL12RB1,0.75,11,5,0.45454545454545453,0.25871387,0.4795870416622273
ITGB2,0.75,11,5,0.45454545454545453,0.64114237,0.5667406894156582
ITIH5,0.75,11,5,0.45454545454545453,0.6689411,0.5462999174686426
KCNB2,0.75,11,5,0.45454545454545453,0.67304945,0.614015745918
LAMB1,0.75,11,5,0.45454545454545453,0.58360326,0.6175664358867782
MATN4,0.75,11,5,0.45454545454545453,0.6830074,0.5754772283569364
PKP2,0.75,11,5,0.45454545454545453,0.6320235,0.6430282027272727
SPEF2,0.75,11,5,0.45454545454545453,0.5181788,0.5566847324988818
SPEN,0.75,11,5,0.45454545454545453,0.68821496,0.6024409228118182
TIAM2,0.75,11,5,0.45454545454545453,0.5567594,0.5009125895277272
TKTL2,0.75,11,5,0.45454545454545453,0.73202497,0.5826642885652138
TRPA1,0.75,11,5,0.45454545454545453,0.64509296,0.6121212868859601
ATP8A2,0.75,12,5,0.4166666666666667,0.40958032,0.5269961742833333
ATP8B4,0.75,12,5,0.4166666666666667,0.57516547,0.6040170725
CARMIL2,0.75,12,5,0.4166666666666667,0.602488385,0.511382861945955
CCDC60,0.75,12,5,0.4166666666666667,0.39345224,0.49929707338263335
CNTNAP5,0.75,12,5,0.4166666666666667,0.47709152,0.5241460609000992
IL4R,0.75,12,5,0.4166666666666667,0.6822017499999999,0.5732556727312905
TRPC7,0.75,12,5,0.4166666666666667,0.311577,0.4818212852883333
ADAMTS3,0.75,13,5,0.38461538461538464,0.58158404,0.557652209923077
CAD,0.75,13,5,0.38461538461538464,0.25264668,0.4498872393132846
DSG3,0.75,13,5,0.38461538461538464,0.66010225,0.5662070884638797
GPR179,0.75,13,5,0.38461538461538464,0.31241965,0.4743863425212559
MEGF8,0.75,13,5,0.38461538461538464,0.0016652739,0.3682765410860274
AFF2,0.75,14,5,0.35714285714285715,0.134395878,0.40840560178937496
CD163,0.75,14,5,0.35714285714285715,0.471424695,0.5583343371428572
DCC,0.75,14,5,0.35714285714285715,0.5173590299999999,0.5100053063187372
EPHA10,0.75,14,5,0.35714285714285715,0.397107325,0.46054511513794216
EPPK1,0.75,14,5,0.35714285714285715,0.39093347,0.44978210046112865
PCDHA2,0.75,14,5,0.35714285714285715,0.539942325,0.5062106783574681
STYXL2,0.75,14,5,0.35714285714285715,0.4272358,0.45139282378429113
ACACB,0.75,15,5,0.3333333333333333,0.55827737,0.5485485915975559
SLCO5A1,0.75,15,5,0.3333333333333333,0.24416605,0.45924888166666666
FBLN2,0.75,16,5,0.3125,0.0724639197,0.3409786437835013
LZTR1,0.75,16,5,0.3125,0.084330937,0.3799655544080168
CSMD2,0.75,17,5,0.29411764705882354,0.061293237,0.3527649963600379
UNC79,0.75,17,5,0.29411764705882354,0.44867954,0.44360669886275195
AASDH,0.75,4,4,1.0,0.98154033,0.9625409524999999
ACIN1,0.75,4,4,1.0,0.98062642,0.9499118025
ADAM20,0.75,4,4,1.0,0.9508962750000001,0.9414107875
ADAM30,0.75,4,4,1.0,0.95204529,0.9444118575
AGAP1,0.75,4,4,1.0,0.98491806,0.978478195
AGO2,0.75,4,4,1.0,0.88990675,0.8964692
AKR1B10,0.75,4,4,1.0,0.98831417,0.9856406600000001
AMMECR1L,0.75,4,4,1.0,0.95334555,0.9388694
AMY2A,0.75,4,4,1.0,0.989352275,0.9886065125
ANKFN1,0.75,4,4,1.0,0.9753954300000001,0.9761516525
AP4E1,0.75,4,4,1.0,0.94300294,0.945861245
ARHGAP10,0.75,4,4,1.0,0.964495,0.9462378499999999
ARHGEF15,0.75,4,4,1.0,0.991401525,0.9810007375
ARHGEF35,0.75,4,4,1.0,0.9904721000000001,0.9895985375
ATP2B2,0.75,4,4,1.0,0.9765454,0.9548454024999999
B3GNT2,0.75,4,4,1.0,0.91833847,0.919055115
BIN2,0.75,4,4,1.0,0.9517662499999999,0.94908768
BPIFB3,0.75,4,4,1.0,0.990638675,0.98436765
C8B,0.75,4,4,1.0,0.966970215,0.9677740425
CASP2,0.75,4,4,1.0,0.9752153,0.9222699
CCDC138,0.75,4,4,1.0,0.984205,0.9831705675
CCDC59,0.75,4,4,1.0,0.98142905,0.943790275
CCDC96,0.75,4,4,1.0,0.9675734,0.966299675
CCL24,0.75,4,4,1.0,0.9550694,0.9528633599999999
CEACAM18,0.75,4,4,1.0,0.9783063750000001,0.977757585
CEACAM5,0.75,4,4,1.0,0.97699652,0.950693335
CEBPZ,0.75,4,4,1.0,0.929409215,0.9279255425
CHAMP1,0.75,4,4,1.0,0.99044395,0.9762396
CKAP5,0.75,4,4,1.0,0.910765075,0.9191830625
CLEC4M,0.75,4,4,1.0,0.975844715,0.9583619575
CNTD1,0.75,4,4,1.0,0.9876338499999999,0.947168125
COPB2,0.75,4,4,1.0,0.99055535,0.9860928225
CPN1,0.75,4,4,1.0,0.983081525,0.9754682125
CRHR2,0.75,4,4,1.0,0.9589212,0.9333850324999999
CTR9,0.75,4,4,1.0,0.92574627,0.91351851
CYP2C9,0.75,4,4,1.0,0.9765520000000001,0.9584538300000001
CYP3A4,0.75,4,4,1.0,0.9846311000000001,0.9764393
DDX56,0.75,4,4,1.0,0.989188255,0.9875025675
DLGAP1,0.75,4,4,1.0,0.98226905,0.974345835
DMKN,0.75,4,4,1.0,0.9771538,0.9597215075000001
DOCK9,0.75,4,4,1.0,0.9673111999999999,0.96683515
DPYSL5,0.75,4,4,1.0,0.93337029,0.923548545
DRC1,0.75,4,4,1.0,0.955239425,0.9579359375000001
EIF2AK4,0.75,4,4,1.0,0.9448459499999999,0.94816939
ELP1,0.75,4,4,1.0,0.945422165,0.9329187074999999
ELP4,0.75,4,4,1.0,0.9693264699999999,0.96896776
EMB,0.75,4,4,1.0,0.9913814,0.948629875
EPYC,0.75,4,4,1.0,0.954872995,0.954359755
ERCC3,0.75,4,4,1.0,0.93776178,0.9325416799999999
ERMN,0.75,4,4,1.0,0.980015335,0.9637314025
ETFDH,0.75,4,4,1.0,0.8908236700000001,0.9031300675
F10,0.75,4,4,1.0,0.97600853,0.96593979
FABP5P3,0.75,4,4,1.0,0.938179045,0.9371542475
FAM13B,0.75,4,4,1.0,0.86050028,0.8664153649999999
FAM187B,0.75,4,4,1.0,0.981072725,0.9662658125
FBP1,0.75,4,4,1.0,0.9662051700000001,0.9372399025
FFAR3,0.75,4,4,1.0,0.98914727,0.9881842675
FGB,0.75,4,4,1.0,0.9002262750000001,0.9003518375
FRG2C,0.75,4,4,1.0,0.96,0.93012151
FXR2,0.75,4,4,1.0,0.96316165,0.96348935
GBX1,0.75,4,4,1.0,0.9856695499999999,0.979062095
GCSAML,0.75,4,4,1.0,0.9107930200000001,0.91693563
GRB10,0.75,4,4,1.0,0.9912619300000001,0.990774185
GRK4,0.75,4,4,1.0,0.958644825,0.9601644475
H2BC1,0.75,4,4,1.0,0.976548265,0.9749406325000001
HEATR4,0.75,4,4,1.0,0.95714665,0.9488635249999999
HEPACAM2,0.75,4,4,1.0,0.977072985,0.9754224025
HMGCR,0.75,4,4,1.0,0.9698009350000001,0.9435004425
HPS6,0.75,4,4,1.0,0.99087585,0.990067685
HSPH1,0.75,4,4,1.0,0.95853277,0.9532139525000001
IGHV1OR21-1,0.75,4,4,1.0,0.97633195,0.975601975
IGHV3-21,0.75,4,4,1.0,0.90170718,0.8915723325
IGKV1D-16,0.75,4,4,1.0,0.98322555,0.97615061
ING3,0.75,4,4,1.0,0.99141374,0.99139893
JAKMIP2,0.75,4,4,1.0,0.9878759,0.9454695
KATNIP,0.75,4,4,1.0,0.9525694499999999,0.9283401175
KBTBD2,0.75,4,4,1.0,0.9912376350000001,0.9679371675
KCNA1,0.75,4,4,1.0,0.99139267,0.9613590725000001
KCNA7,0.75,4,4,1.0,0.955980065,0.9221576675000001
KDM4C,0.75,4,4,1.0,0.99129826,0.9881424175
KLHL15,0.75,4,4,1.0,0.84058155,0.840015625
KRT222,0.75,4,4,1.0,0.98699245,0.9747273175
LBP,0.75,4,4,1.0,0.9812725,0.962002075
LDB3,0.75,4,4,1.0,0.991155055,0.99028402
LILRA1,0.75,4,4,1.0,0.9891773500000001,0.9849841500000001
LIPI,0.75,4,4,1.0,0.9853931300000001,0.981839365
LRCH4,0.75,4,4,1.0,0.9791854,0.97292579
LRRC37A3,0.75,4,4,1.0,0.9874962300000001,0.97728454
MAGEA4,0.75,4,4,1.0,0.9772272,0.9738607125
MAGEA6,0.75,4,4,1.0,0.9879005000000001,0.985414035
MARCO,0.75,4,4,1.0,0.970945975,0.9509264625
MCHR2,0.75,4,4,1.0,0.97234915,0.975213975
MCM8,0.75,4,4,1.0,0.9900850349999999,0.9418833325
MEPCE,0.75,4,4,1.0,0.991456575,0.9859478374999999
MKRN1,0.75,4,4,1.0,0.98829305,0.9617422
MOGS,0.75,4,4,1.0,0.919075275,0.8998744625
MPDZ,0.75,4,4,1.0,0.9570421849999999,0.94491799
MVP,0.75,4,4,1.0,0.990399665,0.946424195
NAALADL2,0.75,4,4,1.0,0.98911398,0.980640115
NBPF25P,0.75,4,4,1.0,0.9911885,0.9867688575
NDST3,0.75,4,4,1.0,0.9563859,0.9598258125
NES,0.75,4,4,1.0,0.991365125,0.990540745
NFE2L3,0.75,4,4,1.0,0.987708715,0.987228885
NLGN4X,0.75,4,4,1.0,0.94624867,0.939894385
NME7,0.75,4,4,1.0,0.9329429199999999,0.929532485
NPR3,0.75,4,4,1.0,0.9884461250000001,0.9783711625
NPRL2,0.75,4,4,1.0,0.97973125,0.949223875
NTF3,0.75,4,4,1.0,0.98990524,0.9588399575
OCIAD2,0.75,4,4,1.0,0.98707604,0.9852945325
OR10R2,0.75,4,4,1.0,0.89994526,0.91676768
OR10S1,0.75,4,4,1.0,0.987027915,0.977565045
OR2L13,0.75,4,4,1.0,0.95858977,0.92170966
OR51E1,0.75,4,4,1.0,0.964752045,0.9314149875
OTULIN,0.75,4,4,1.0,0.9911869,0.988996825
PALB2,0.75,4,4,1.0,0.99143467,0.95300852
PAPOLA,0.75,4,4,1.0,0.928555545,0.9188776725
PBXIP1,0.75,4,4,1.0,0.98509333,0.9822153325
PCDH12,0.75,4,4,1.0,0.9890983250000001,0.9864195825
PCDHA6,0.75,4,4,1.0,0.97089097,0.973439335
PCSK1,0.75,4,4,1.0,0.98089395,0.9789502425
PDYN,0.75,4,4,1.0,0.96969852,0.94616181
PEX5L,0.75,4,4,1.0,0.954550625,0.9208783125
PJA2,0.75,4,4,1.0,0.9201852500000001,0.9035238
PLAGL1,0.75,4,4,1.0,0.95743143,0.92532614
PLEKHA5,0.75,4,4,1.0,0.868530925,0.8973110449999999
PLK4,0.75,4,4,1.0,0.97120613,0.943455085
POGLUT3,0.75,4,4,1.0,0.9834130999999999,0.94331365
POLR3A,0.75,4,4,1.0,0.945043595,0.9389445975
POTEH,0.75,4,4,1.0,0.987175115,0.9536031725
PRKD1,0.75,4,4,1.0,0.92448033,0.92316693
PRKRA,0.75,4,4,1.0,0.9875506199999999,0.94771216
PRPS1L1,0.75,4,4,1.0,0.976615995,0.97325743
PSD2,0.75,4,4,1.0,0.990816,0.956523375
RAB11FIP5,0.75,4,4,1.0,0.98293935,0.98057459
RABEP2,0.75,4,4,1.0,0.9913920700000001,0.986051735
RBAK,0.75,4,4,1.0,0.9899492000000001,0.9889219425
RBL1,0.75,4,4,1.0,0.9906965999999999,0.9710954425
RECK,0.75,4,4,1.0,0.80996727,0.839721945
RERGL,0.75,4,4,1.0,0.98702225,0.9830233749999999
RFC2,0.75,4,4,1.0,0.9089977499999999,0.902703185
RGPD1,0.75,4,4,1.0,0.9906559500000001,0.979462975
RIPOR1,0.75,4,4,1.0,0.9810006250000001,0.9422006475
RRBP1,0.75,4,4,1.0,0.98980892,0.9673583699999999
RTN4,0.75,4,4,1.0,0.9732217,0.9602222499999999
RUFY3,0.75,4,4,1.0,0.97987475,0.9309515175
SART3,0.75,4,4,1.0,0.981663,0.976999855
SCN2A,0.75,4,4,1.0,0.96959785,0.9642433825000001
SEMA3A,0.75,4,4,1.0,0.991390775,0.9910984725
SIDT1,0.75,4,4,1.0,0.991040735,0.9907637075
SLC13A4,0.75,4,4,1.0,0.98426495,0.9639109275
SLC25A3,0.75,4,4,1.0,0.97240845,0.95638261
SLC28A3,0.75,4,4,1.0,0.980051395,0.9465669875
SLC37A3,0.75,4,4,1.0,0.9903551500000001,0.9662622
SMARCAD1,0.75,4,4,1.0,0.973732055,0.9393340025
SMR3B,0.75,4,4,1.0,0.9792286699999999,0.96956521
SND1,0.75,4,4,1.0,0.97560085,0.9774645475
SNX11,0.75,4,4,1.0,0.85103992,0.8717599075
SPATA17,0.75,4,4,1.0,0.9865057500000001,0.9820333075000001
SSC4D,0.75,4,4,1.0,0.971263115,0.9427575575
SSH2,0.75,4,4,1.0,0.974633335,0.93568685
STEAP1,0.75,4,4,1.0,0.9914616,0.9914709925
STIM1,0.75,4,4,1.0,0.9806231249999999,0.9738799125
STKLD1,0.75,4,4,1.0,0.9836052,0.97548689
STMN4,0.75,4,4,1.0,0.97993427,0.9727406599999999
STYK1,0.75,4,4,1.0,0.928014975,0.9091989025
SUGCT,0.75,4,4,1.0,0.959569925,0.9483020625
SUPT20H,0.75,4,4,1.0,0.9796550749999999,0.9598626625
TAF1B,0.75,4,4,1.0,0.989404145,0.9791448275
TAF4,0.75,4,4,1.0,0.98947038,0.9842235575
TBC1D31,0.75,4,4,1.0,0.92924888,0.928282445
TBCD,0.75,4,4,1.0,0.94446553,0.9452633275
TGM4,0.75,4,4,1.0,0.95052719,0.922132145
TKFC,0.75,4,4,1.0,0.98469122,0.9811957874999999
TKT,0.75,4,4,1.0,0.98305335,0.9819108225
TLE2,0.75,4,4,1.0,0.9906777499999999,0.9867593
TMEM130,0.75,4,4,1.0,0.99067565,0.9823317125
TMEM67,0.75,4,4,1.0,0.99084912,0.9863136675
TMEM74,0.75,4,4,1.0,0.9909281999999999,0.971233575
TNPO3,0.75,4,4,1.0,0.98408728,0.9803153225
TRAF3IP1,0.75,4,4,1.0,0.928808665,0.9298640325
TRIM25,0.75,4,4,1.0,0.98209037,0.9483933075
TRIP10,0.75,4,4,1.0,0.9225332749999999,0.9137482275
TRPC1,0.75,4,4,1.0,0.984393955,0.9786817525
TSGA13,0.75,4,4,1.0,0.98923518,0.9432591
TSHZ1,0.75,4,4,1.0,0.9913457,0.9830567525
TTC16,0.75,4,4,1.0,0.9836637500000001,0.983600995
TTC26,0.75,4,4,1.0,0.9909108,0.98856108
TUBB1,0.75,4,4,1.0,0.982969185,0.97991836
TUBG2,0.75,4,4,1.0,0.9584314549999999,0.938198965
UBN2,0.75,4,4,1.0,0.9911013799999999,0.9801256625
UNC5A,0.75,4,4,1.0,0.99110555,0.9802544975
USP42,0.75,4,4,1.0,0.9788031,0.9728196875
USP47,0.75,4,4,1.0,0.960894125,0.9609434375
WFDC8,0.75,4,4,1.0,0.967432375,0.96692053
ZBP1,0.75,4,4,1.0,0.86108797,0.87005631
ZBTB11,0.75,4,4,1.0,0.9686258000000001,0.958673435
ZC3HC1,0.75,4,4,1.0,0.99017718,0.989346265
ZDHHC4,0.75,4,4,1.0,0.9786815,0.975311975
ZFP30,0.75,4,4,1.0,0.91485915,0.900242715
ZKSCAN5,0.75,4,4,1.0,0.9910935,0.9882974099999999
ZMYND8,0.75,4,4,1.0,0.98534685,0.96841986
ZNF181,0.75,4,4,1.0,0.95427273,0.93341239
ZNF234,0.75,4,4,1.0,0.991354175,0.9913453525
ZNF274,0.75,4,4,1.0,0.98709725,0.975018685
ZNF418,0.75,4,4,1.0,0.980074985,0.97427466
ZNF44,0.75,4,4,1.0,0.9852565200000001,0.9661189975
ZNF491,0.75,4,4,1.0,0.96394932,0.95009969
ZNF556,0.75,4,4,1.0,0.98877025,0.9824397125
ZNF585A,0.75,4,4,1.0,0.965956475,0.9185600625
ZNF624,0.75,4,4,1.0,0.9777655000000001,0.9705604375
ZNF653,0.75,4,4,1.0,0.9691883,0.9643297125
ZNF721,0.75,4,4,1.0,0.976292135,0.9444482925
ZNF827,0.75,4,4,1.0,0.985319575,0.9451813250000001
ZP2,0.75,4,4,1.0,0.95630575,0.9430961125
ACADS,0.75,5,4,0.8,0.98362154,0.7929786336
ADAM23,0.75,5,4,0.8,0.97956663,0.786273014399586
ADAMTSL2,0.75,5,4,0.8,0.99051744,0.7921688394969966
ADCK1,0.75,5,4,0.8,0.96468073,0.7790439927999999
ADH1A,0.75,5,4,0.8,0.9677917,0.90391142
AGL,0.75,5,4,0.8,0.9901518,0.7934015906
AGXT2,0.75,5,4,0.8,0.9688863,0.92687618
AHCYL1,0.75,5,4,0.8,0.9508055,0.805287596
ALB,0.75,5,4,0.8,0.9771762,0.850130368
ALK,0.75,5,4,0.8,0.96392196,0.77761297314142
ANKS3,0.75,5,4,0.8,0.91159654,0.738994495
AOPEP,0.75,5,4,0.8,0.99015594,0.93621476
AREG,0.75,5,4,0.8,0.8393219,0.71795403454
ATG2B,0.75,5,4,0.8,0.97275937,0.783013058723827
ATP7B,0.75,5,4,0.8,0.9913236,0.758912527
ATXN7,0.75,5,4,0.8,0.9475776,0.7719784202200001
BMPR2,0.75,5,4,0.8,0.9487953,0.73605826742
CALD1,0.75,5,4,0.8,0.96715564,0.764724741588
CAMKV,0.75,5,4,0.8,0.9681302,0.918637078
CCDC171,0.75,5,4,0.8,0.94134283,0.88794843
CCR1,0.75,5,4,0.8,0.9535566,0.744393243832
CD5,0.75,5,4,0.8,0.91158605,0.751376443514
CENPU,0.75,5,4,0.8,0.94420975,0.859295674
CEP63,0.75,5,4,0.8,0.9889886,0.807334698
CERS6,0.75,5,4,0.8,0.9407392,0.7645197285
CHEK2,0.75,5,4,0.8,0.9214866,0.817775924
CHST9,0.75,5,4,0.8,0.9625971,0.8696478259999999
CKAP2L,0.75,5,4,0.8,0.9838058,0.78699452506
CLCN3,0.75,5,4,0.8,0.9898761,0.8979182720000001
CLIC5,0.75,5,4,0.8,0.82683676,0.743676604
CLINT1,0.75,5,4,0.8,0.99140364,0.79310630128558
CLSPN,0.75,5,4,0.8,0.9902305,0.8080258459999999
CNDP1,0.75,5,4,0.8,0.94956875,0.87709405
CNTNAP3,0.75,5,4,0.8,0.94815683,0.773549116292086
COL4A3,0.75,5,4,0.8,0.97226137,0.7486867940020989
CPLANE1,0.75,5,4,0.8,0.9907002,0.7904884208
CTC1,0.75,5,4,0.8,0.990829,0.874828752
CUL5,0.75,5,4,0.8,0.98782736,0.870391826
CX3CR1,0.75,5,4,0.8,0.96586454,0.77855746501024
DAGLB,0.75,5,4,0.8,0.98541576,0.885273726
DDB1,0.75,5,4,0.8,0.9814667,0.821240164
DDX17,0.75,5,4,0.8,0.9909837,0.790148108166
DENND1A,0.75,5,4,0.8,0.9279253,0.780733556
DENND2B,0.75,5,4,0.8,0.97640604,0.8118711160000001
DHX30,0.75,5,4,0.8,0.8864658,0.7365474269452
DHX8,0.75,5,4,0.8,0.991314,0.7451113969441201
DLK1,0.75,5,4,0.8,0.8806551,0.724978761
DNAI4,0.75,5,4,0.8,0.9114864,0.77122728
DNAJC28,0.75,5,4,0.8,0.9896197,0.784530909
DPH7,0.75,5,4,0.8,0.9847995,0.7747155859999999
EML4,0.75,5,4,0.8,0.9791891,0.787186229924
ENPP3,0.75,5,4,0.8,0.97748417,0.831738698
EPHA4,0.75,5,4,0.8,0.98056006,0.92207791
ESR1,0.75,5,4,0.8,0.9281911,0.772939856
ETNPPL,0.75,5,4,0.8,0.96177906,0.78396202
FASTKD1,0.75,5,4,0.8,0.9835084,0.7512025936008
FCRL1,0.75,5,4,0.8,0.962777,0.8440237820000001
FGFR4,0.75,5,4,0.8,0.9825843,0.849263908
FIG4,0.75,5,4,0.8,0.9657823,0.853166102
FKBP6,0.75,5,4,0.8,0.89136565,0.8679960120000001
FOXD4L5,0.75,5,4,0.8,0.9775743,0.8917635199999999
FOXN1,0.75,5,4,0.8,0.9655794,0.868798986
FSIP1,0.75,5,4,0.8,0.95972675,0.7671624888
FZD1,0.75,5,4,0.8,0.98132527,0.927041264
FZD9,0.75,5,4,0.8,0.8461664,0.844931864
GDF3,0.75,5,4,0.8,0.9913852,0.8332731819999999
GDF9,0.75,5,4,0.8,0.766956,0.69631567796
GFM2,0.75,5,4,0.8,0.9888072,0.806324092
GIMAP1,0.75,5,4,0.8,0.9826722,0.795853048
GIMAP4,0.75,5,4,0.8,0.94966817,0.7471009559999999
GPR15,0.75,5,4,0.8,0.9785226,0.849611754
GPR65,0.75,5,4,0.8,0.87382,0.81961944
GPR83,0.75,5,4,0.8,0.8978693,0.7256282140003293
GRAMD2B,0.75,5,4,0.8,0.9739048,0.9212309340000001
GSDMB,0.75,5,4,0.8,0.95750475,0.872932992
GSPT2,0.75,5,4,0.8,0.9789482,0.773200344097696
HAO1,0.75,5,4,0.8,0.93254006,0.87398267
HIF3A,0.75,5,4,0.8,0.9907528,0.790542803900544
HLTF,0.75,5,4,0.8,0.9707081,0.7756473784860323
HNRNPCL1,0.75,5,4,0.8,0.8341423,0.81179642
HRH2,0.75,5,4,0.8,0.94348973,0.85024755
IGHG3,0.75,5,4,0.8,0.9615579,0.7639461540040012
INPP5F,0.75,5,4,0.8,0.9913818,0.85643212
KBTBD4,0.75,5,4,0.8,0.97419286,0.840516146
KIRREL2,0.75,5,4,0.8,0.89201,0.729686609608
KLHDC7A,0.75,5,4,0.8,0.98168737,0.829647598
KLHL3,0.75,5,4,0.8,0.9505473,0.8659427279999999
KPNA5,0.75,5,4,0.8,0.9825279,0.860268872
KRT14,0.75,5,4,0.8,0.9768112,0.768956515849401
KRT15,0.75,5,4,0.8,0.9518084,0.7559494004483265
KRT4,0.75,5,4,0.8,0.97528607,0.7846336070600001
KRT7,0.75,5,4,0.8,0.93465924,0.7458123076
LGALS13,0.75,5,4,0.8,0.98241615,0.798773604
LILRA4,0.75,5,4,0.8,0.97075754,0.827553724
LMLN,0.75,5,4,0.8,0.88827235,0.73199676089308
LONP1,0.75,5,4,0.8,0.99039394,0.812201258
LOXL2,0.75,5,4,0.8,0.991356,0.825752254
LRIG1,0.75,5,4,0.8,0.9639093,0.7472204245306
MAP3K21,0.75,5,4,0.8,0.87840945,0.734876188566
MARCHF10,0.75,5,4,0.8,0.97438365,0.824848408
MCM6,0.75,5,4,0.8,0.9327997,0.902433516
ME1,0.75,5,4,0.8,0.9342947,0.758746337896
MEFV,0.75,5,4,0.8,0.96813005,0.786142146
MFAP1,0.75,5,4,0.8,0.9848622,0.7636308308
MPPE1,0.75,5,4,0.8,0.8364458,0.7153764589892
MS4A1,0.75,5,4,0.8,0.98827666,0.865776178
MS4A7,0.75,5,4,0.8,0.911525,0.76854461
MUSK,0.75,5,4,0.8,0.88849187,0.74128043906
MYLK4,0.75,5,4,0.8,0.97788244,0.831660566
MYO19,0.75,5,4,0.8,0.98602515,0.7547572841
MYO1G,0.75,5,4,0.8,0.9908557,0.7820432882199999
MYO5B,0.75,5,4,0.8,0.9908484,0.79270214055708
NIM1K,0.75,5,4,0.8,0.99049383,0.901345404
NOX5,0.75,5,4,0.8,0.9896311,0.79132947088671
NR4A3,0.75,5,4,0.8,0.9777058,0.756615685503634
NRAP,0.75,5,4,0.8,0.9889598,0.836691346
NRG3,0.75,5,4,0.8,0.99077904,0.7928998166000001
NUAK1,0.75,5,4,0.8,0.90846264,0.7651436252
OGT,0.75,5,4,0.8,0.9314739,0.8143517599999999
OR1G1,0.75,5,4,0.8,0.98571867,0.934593076
OR2A1,0.75,5,4,0.8,0.9480228,0.76367427782948
OR2G2,0.75,5,4,0.8,0.8286186,0.76954946
OR2M3,0.75,5,4,0.8,0.8307415,0.746242804
OR4C15,0.75,5,4,0.8,0.9754648,0.9038398860000001
OR4K5,0.75,5,4,0.8,0.9489775,0.8255457119999999
OR56A4,0.75,5,4,0.8,0.98443663,0.845875644
OR5B17,0.75,5,4,0.8,0.94272,0.788125374
OR5D14,0.75,5,4,0.8,0.96078676,0.8253423599999999
OR5L1,0.75,5,4,0.8,0.9874126,0.769398858
OSBPL3,0.75,5,4,0.8,0.9913492,0.8593022359999999
OSMR,0.75,5,4,0.8,0.8876118,0.871457994
PCDH1,0.75,5,4,0.8,0.9284119,0.77319696
PCDHA11,0.75,5,4,0.8,0.9286076,0.8505302020000001
PHF2,0.75,5,4,0.8,0.854482,0.711176107622
PIGK,0.75,5,4,0.8,0.97650653,0.893203386
PIGR,0.75,5,4,0.8,0.90728456,0.7606003151999999
PKD2,0.75,5,4,0.8,0.92371786,0.761286184
PKD2L2,0.75,5,4,0.8,0.97277504,0.8367463900000001
PKN1,0.75,5,4,0.8,0.88973194,0.724611726867491
PLCB4,0.75,5,4,0.8,0.95069045,0.77354984307
PLEKHG7,0.75,5,4,0.8,0.9737143,0.7737890926900001
PNMA8A,0.75,5,4,0.8,0.9471056,0.789904308
PPFIA3,0.75,5,4,0.8,0.9722583,0.777459545823646
PPP1R12C,0.75,5,4,0.8,0.97874135,0.7858956380137233
PRKAR1B,0.75,5,4,0.8,0.91160685,0.8948163960000001
PRTG,0.75,5,4,0.8,0.97234476,0.8479996679999999
PSG3,0.75,5,4,0.8,0.986166,0.8477345279999999
PTH2R,0.75,5,4,0.8,0.98547864,0.7826872460031034
PTPN6,0.75,5,4,0.8,0.96373934,0.854889496
PTPRJ,0.75,5,4,0.8,0.9897193,0.8095747369999999
RAB3GAP1,0.75,5,4,0.8,0.94155467,0.7576834396
RBM12,0.75,5,4,0.8,0.9911067,0.9095722759999999
RBPJL,0.75,5,4,0.8,0.98498386,0.7959747420000001
RHOBTB1,0.75,5,4,0.8,0.9913657,0.829064696
RPS6KA1,0.75,5,4,0.8,0.9627776,0.817745088
RRAD,0.75,5,4,0.8,0.97372234,0.8577075479999999
RTN3,0.75,5,4,0.8,0.99075097,0.7816675708
RTTN,0.75,5,4,0.8,0.9769719,0.89448606
SCFD1,0.75,5,4,0.8,0.9480009,0.894106122
SCG2,0.75,5,4,0.8,0.90408474,0.8618257079999999
SECISBP2L,0.75,5,4,0.8,0.97677976,0.7849076883999999
SERPINA5,0.75,5,4,0.8,0.89065987,0.7325565268125598
SERPINB2,0.75,5,4,0.8,0.9115067,0.787453162
SETDB1,0.75,5,4,0.8,0.97510725,0.7739214688
SH3KBP1,0.75,5,4,0.8,0.9759951,0.78168413192
SLC17A2,0.75,5,4,0.8,0.95775485,0.849903162
SLC29A2,0.75,5,4,0.8,0.99121124,0.7917062801954
SLC39A10,0.75,5,4,0.8,0.97687244,0.853449524
SLC39A9,0.75,5,4,0.8,0.93353975,0.806651882
SLC3A1,0.75,5,4,0.8,0.95340127,0.873111082
SLC6A20,0.75,5,4,0.8,0.94356924,0.744084000948
SLCO3A1,0.75,5,4,0.8,0.9227679,0.8296642280000001
SNTG1,0.75,5,4,0.8,0.99145156,0.866844216
SPAG9,0.75,5,4,0.8,0.98092616,0.7572243193706599
STK10,0.75,5,4,0.8,0.89922476,0.7463385988915647
SUN1,0.75,5,4,0.8,0.9717989,0.8379668779999999
TAOK3,0.75,5,4,0.8,0.98224753,0.833039752
TAS2R41,0.75,5,4,0.8,0.99126875,0.906536996
TBX22,0.75,5,4,0.8,0.9756994,0.862659874
TDRD1,0.75,5,4,0.8,0.99006593,0.8046831799999999
TDRD3,0.75,5,4,0.8,0.96845466,0.7635036561999999
TENT5C,0.75,5,4,0.8,0.97152674,0.861792776
TES,0.75,5,4,0.8,0.991323,0.8603080139999999
TREML2,0.75,5,4,0.8,0.93605494,0.781860074
TRIM36,0.75,5,4,0.8,0.9835925,0.7867084714000001
TSKS,0.75,5,4,0.8,0.98864883,0.790042470474699
TTF2,0.75,5,4,0.8,0.97982806,0.870171498
TYW1,0.75,5,4,0.8,0.96298105,0.74406951108
UBA7,0.75,5,4,0.8,0.98699886,0.9066394819999999
UBAP2L,0.75,5,4,0.8,0.9541105,0.7500388116075
UBQLN3,0.75,5,4,0.8,0.9138005,0.742331656
UPP1,0.75,5,4,0.8,0.96339875,0.803816256
USP17L2,0.75,5,4,0.8,0.982897,0.78769952528
USP49,0.75,5,4,0.8,0.9605905,0.7620339801196601
USP7,0.75,5,4,0.8,0.9913322,0.87695229
VIL1,0.75,5,4,0.8,0.9617325,0.7710716438333444
VPS52,0.75,5,4,0.8,0.97984797,0.7867084013700001
WASF4P,0.75,5,4,0.8,0.9882647,0.7906280000010107
WDR48,0.75,5,4,0.8,0.8624683,0.7341452315172
WNT9B,0.75,5,4,0.8,0.966407,0.749124127
XKR7,0.75,5,4,0.8,0.97767043,0.8828166639999999
XPOT,0.75,5,4,0.8,0.9209175,0.8564087199999999
XRN2,0.75,5,4,0.8,0.99145657,0.899097576
YTHDC1,0.75,5,4,0.8,0.9396005,0.764293619512
ZBTB22,0.75,5,4,0.8,0.9681149,0.8363277840000001
ZCCHC4,0.75,5,4,0.8,0.9667191,0.775516060607214
ZFPM2,0.75,5,4,0.8,0.91153455,0.789699622
ZFYVE16,0.75,5,4,0.8,0.95276445,0.760162096116
ZHX1,0.75,5,4,0.8,0.98934853,0.7638968842
ZNF136,0.75,5,4,0.8,0.9693067,0.7830846602652
ZNF169,0.75,5,4,0.8,0.9311488,0.7562819885374
ZNF215,0.75,5,4,0.8,0.95975107,0.7524850183508
ZNF595,0.75,5,4,0.8,0.97802037,0.932510564
ZNF646,0.75,5,4,0.8,0.97709423,0.8510371259999999
ZNF7,0.75,5,4,0.8,0.99045056,0.815762976
ZNF701,0.75,5,4,0.8,0.9302965,0.764772808
ZSCAN22,0.75,5,4,0.8,0.97486377,0.882519774
ABCC12,0.75,6,4,0.6666666666666666,0.98821055,0.7123411202333333
ABR,0.75,6,4,0.6666666666666666,0.9776679349999999,0.655785728212621
ADAMTS6,0.75,6,4,0.6666666666666666,0.92572063,0.7768307266666666
ADGRG7,0.75,6,4,0.6666666666666666,0.9849084,0.7995397949999999
AGMO,0.75,6,4,0.6666666666666666,0.844971775,0.6571686603018484
AMPD3,0.75,6,4,0.6666666666666666,0.91198085,0.7159314552878334
ANKRD12,0.75,6,4,0.6666666666666666,0.93143405,0.7258082416666666
ANKRD17,0.75,6,4,0.6666666666666666,0.936630465,0.7490114452332128
ANKRD50,0.75,6,4,0.6666666666666666,0.9168615200000001,0.71237253744045
AP3B1,0.75,6,4,0.6666666666666666,0.93068453,0.6506726946083333
AQR,0.75,6,4,0.6666666666666666,0.88830009,0.7893287316666666
ASAH2,0.75,6,4,0.6666666666666666,0.961119285,0.64994249032385
ATP2A1,0.75,6,4,0.6666666666666666,0.8899267150000001,0.8074458550000001
B4GALNT3,0.75,6,4,0.6666666666666666,0.93846294,0.757803854874104
BCLAF3,0.75,6,4,0.6666666666666666,0.9559872,0.764251726209
BPIFB2,0.75,6,4,0.6666666666666666,0.973085345,0.6595061220048616
CARD14,0.75,6,4,0.6666666666666666,0.9730134500000001,0.66543513145
CASP8AP2,0.75,6,4,0.6666666666666666,0.96191463,0.713004920362725
CBLB,0.75,6,4,0.6666666666666666,0.9522065,0.66424258437802
CCIN,0.75,6,4,0.6666666666666666,0.8401348799999999,0.7635906316666666
CCNB3,0.75,6,4,0.6666666666666666,0.8713933199999999,0.662429841
CD14,0.75,6,4,0.6666666666666666,0.791757,0.7309509200000001
CDH23,0.75,6,4,0.6666666666666666,0.9504122,0.6842280938547242
CDX4,0.75,6,4,0.6666666666666666,0.966217975,0.6490177032819333
CHP2,0.75,6,4,0.6666666666666666,0.99137918,0.7085159377856334
CIC,0.75,6,4,0.6666666666666666,0.9551175000000001,0.6487624794085359
CLSTN2,0.75,6,4,0.6666666666666666,0.9880535500000001,0.7083573240000001
CNNM2,0.75,6,4,0.6666666666666666,0.9670556349999999,0.6519179529397502
CNTN2,0.75,6,4,0.6666666666666666,0.98315318,0.6582126283698199
COL4A1,0.75,6,4,0.6666666666666666,0.91378656,0.6588576762195001
COL6A5,0.75,6,4,0.6666666666666666,0.9881938,0.6789374758068334
CUX1,0.75,6,4,0.6666666666666666,0.97671682,0.73247531
CYP3A7,0.75,6,4,0.6666666666666666,0.9912947000000001,0.7255434166666667
DGKB,0.75,6,4,0.6666666666666666,0.8382441,0.6667037835
DGKG,0.75,6,4,0.6666666666666666,0.85952205,0.6160294548666666
DISP1,0.75,6,4,0.6666666666666666,0.93835683,0.7119993133333334
DMBX1,0.75,6,4,0.6666666666666666,0.7988168,0.6611229951666666
DNAJC6,0.75,6,4,0.6666666666666666,0.987922185,0.7532107866666666
DNMT1,0.75,6,4,0.6666666666666666,0.9823063599999999,0.8514451716666667
DOCK11,0.75,6,4,0.6666666666666666,0.98273,0.8289081166666666
DSE,0.75,6,4,0.6666666666666666,0.9753769699999999,0.791596155
DYRK1A,0.75,6,4,0.6666666666666666,0.9448685,0.7132979750368621
EBF1,0.75,6,4,0.6666666666666666,0.9330061000000001,0.83776708
ELAPOR2,0.75,6,4,0.6666666666666666,0.890922165,0.7091986583033334
ELAVL2,0.75,6,4,0.6666666666666666,0.82891125,0.6345802929666667
EPHA7,0.75,6,4,0.6666666666666666,0.96454425,0.7779203483333333
ERBIN,0.75,6,4,0.6666666666666666,0.9584355950000001,0.7211499786666667
FAM120A,0.75,6,4,0.6666666666666666,0.889345915,0.6231949822336866
FBLN5,0.75,6,4,0.6666666666666666,0.92092655,0.6588046661566667
FGD1,0.75,6,4,0.6666666666666666,0.94163247,0.7283991947866667
FMN2,0.75,6,4,0.6666666666666666,0.9339738500000001,0.7219483666666666
FMNL1,0.75,6,4,0.6666666666666666,0.89575377,0.6715338616667074
FNIP1,0.75,6,4,0.6666666666666666,0.9504102999999999,0.6493175951083333
FSIP2,0.75,6,4,0.6666666666666666,0.8667890300000001,0.6178179265463167
GEM,0.75,6,4,0.6666666666666666,0.9388920949999999,0.6578204183333333
GEN1,0.75,6,4,0.6666666666666666,0.9508679200000001,0.64616723064
GGNBP2,0.75,6,4,0.6666666666666666,0.91553532,0.7272719100000001
GPLD1,0.75,6,4,0.6666666666666666,0.90011475,0.6304858220384644
GPR141,0.75,6,4,0.6666666666666666,0.873631895,0.6824087196666667
GRID1,0.75,6,4,0.6666666666666666,0.974451175,0.6965233655430266
GTPBP3,0.75,6,4,0.6666666666666666,0.9238861249999999,0.7356874499999999
GYS2,0.75,6,4,0.6666666666666666,0.9735319250000001,0.7055524208333334
HACE1,0.75,6,4,0.6666666666666666,0.936929225,0.7564647290000001
HDC,0.75,6,4,0.6666666666666666,0.916310865,0.737042025151
HERC5,0.75,6,4,0.6666666666666666,0.951283235,0.6468449810071583
HGF,0.75,6,4,0.6666666666666666,0.96759455,0.836621545
IBTK,0.75,6,4,0.6666666666666666,0.9571965250000001,0.6488378295383334
ITGA2,0.75,6,4,0.6666666666666666,0.9162896700000001,0.6359147975621667
JADE3,0.75,6,4,0.6666666666666666,0.9846411049999999,0.6582608846253807
JMY,0.75,6,4,0.6666666666666666,0.891009135,0.6492181424351542
KCNH6,0.75,6,4,0.6666666666666666,0.86061528,0.7115385400424618
KCNK5,0.75,6,4,0.6666666666666666,0.88221715,0.6766987502402416
KCNQ3,0.75,6,4,0.6666666666666666,0.95684317,0.8474285899999999
KDM3B,0.75,6,4,0.6666666666666666,0.900927035,0.7067164233333334
KDM5C,0.75,6,4,0.6666666666666666,0.79729058,0.5925743782493168
KIAA0232,0.75,6,4,0.6666666666666666,0.961944275,0.7251306980000001
KIAA1522,0.75,6,4,0.6666666666666666,0.90243162,0.6675743683333334
KIF14,0.75,6,4,0.6666666666666666,0.9015531299999999,0.7511553430000001
KLK4,0.75,6,4,0.6666666666666666,0.81233535,0.6064375384666667
KRT23,0.75,6,4,0.6666666666666666,0.9135415,0.7322425221666666
KRT31,0.75,6,4,0.6666666666666666,0.94631732,0.7379800799999999
LARP4B,0.75,6,4,0.6666666666666666,0.91177727,0.78534073
LEMD3,0.75,6,4,0.6666666666666666,0.9661326,0.6516207448470367
LEXM,0.75,6,4,0.6666666666666666,0.983864675,0.6725600357124907
LHCGR,0.75,6,4,0.6666666666666666,0.9016911000000001,0.7044637915433333
LILRB1,0.75,6,4,0.6666666666666666,0.94787775,0.6574115660000001
LRIF1,0.75,6,4,0.6666666666666666,0.927183475,0.7262953799999999
LRP12,0.75,6,4,0.6666666666666666,0.9146209350000001,0.6921837399999999
LRP4,0.75,6,4,0.6666666666666666,0.81590003,0.6298642685
MBNL1,0.75,6,4,0.6666666666666666,0.96326588,0.8704806983333334
MCM7,0.75,6,4,0.6666666666666666,0.9809684249999999,0.7880674225000001
MEGF6,0.75,6,4,0.6666666666666666,0.949769495,0.6470431213778373
MFSD6L,0.75,6,4,0.6666666666666666,0.861246465,0.6121619259482833
MOV10L1,0.75,6,4,0.6666666666666666,0.987655935,0.7567320206666667
MTM1,0.75,6,4,0.6666666666666666,0.933729075,0.6983491938334166
MTNR1B,0.75,6,4,0.6666666666666666,0.8861407800000001,0.7933278733333333
MYLK3,0.75,6,4,0.6666666666666666,0.9444186,0.7162952133333333
MYO1E,0.75,6,4,0.6666666666666666,0.97076445,0.7054626650000001
NCAN,0.75,6,4,0.6666666666666666,0.964153,0.7303566520877615
NCL,0.75,6,4,0.6666666666666666,0.9252731,0.7519581996666665
NCOA7,0.75,6,4,0.6666666666666666,0.9699865750000001,0.6540574579283334
NEDD4,0.75,6,4,0.6666666666666666,0.83059031,0.5987197610594267
NEGR1,0.75,6,4,0.6666666666666666,0.9521883,0.6721224668333333
NEURL4,0.75,6,4,0.6666666666666666,0.91153,0.6332886841084403
NFATC1,0.75,6,4,0.6666666666666666,0.89065075,0.6571043363449995
ONECUT2,0.75,6,4,0.6666666666666666,0.951104175,0.7001147052469263
OPRK1,0.75,6,4,0.6666666666666666,0.97793617,0.7733260103333333
OR10A3,0.75,6,4,0.6666666666666666,0.88037911,0.7262638579999999
OR13G1,0.75,6,4,0.6666666666666666,0.9017032,0.7796927016666667
OR2AG1,0.75,6,4,0.6666666666666666,0.869704625,0.7387577600000839
OR4A47,0.75,6,4,0.6666666666666666,0.8631274250000001,0.7238765833333334
OR51A2,0.75,6,4,0.6666666666666666,0.98805097,0.7777467133671933
OR52B6,0.75,6,4,0.6666666666666666,0.9330523900000001,0.68026768
OR5T3,0.75,6,4,0.6666666666666666,0.9766379000000001,0.8449401016666668
OR6C1,0.75,6,4,0.6666666666666666,0.85685535,0.70848793210255
OR6M1,0.75,6,4,0.6666666666666666,0.85365685,0.708806385
OR8H1,0.75,6,4,0.6666666666666666,0.8904638,0.7286975663
OR9G4,0.75,6,4,0.6666666666666666,0.852467265,0.73509842
OTUB2,0.75,6,4,0.6666666666666666,0.88835865,0.6265789783919574
P2RY10,0.75,6,4,0.6666666666666666,0.9898492,0.7126998994
P4HA2,0.75,6,4,0.6666666666666666,0.8999754799999999,0.8345509249999999
PCDHB10,0.75,6,4,0.6666666666666666,0.99044773,0.7507001322554333
PCDHGA3,0.75,6,4,0.6666666666666666,0.9906875850000001,0.6984540625000001
PDE3B,0.75,6,4,0.6666666666666666,0.91720245,0.7183765978333333
PGK2,0.75,6,4,0.6666666666666666,0.9651073,0.7470619800249999
PIK3AP1,0.75,6,4,0.6666666666666666,0.96704298,0.7519218080979768
PIK3R6,0.75,6,4,0.6666666666666666,0.90293715,0.7119251276305473
PIKFYVE,0.75,6,4,0.6666666666666666,0.87354315,0.682204025
PIWIL4,0.75,6,4,0.6666666666666666,0.885776815,0.7035757053333334
PKD2L1,0.75,6,4,0.6666666666666666,0.86717923,0.6761007625
PLEKHA7,0.75,6,4,0.6666666666666666,0.989628495,0.6604241638580947
PORCN,0.75,6,4,0.6666666666666666,0.97079145,0.7935537116666667
PPP2R1B,0.75,6,4,0.6666666666666666,0.862666465,0.7141706258833334
PTCH2,0.75,6,4,0.6666666666666666,0.972243115,0.6542051325542398
PTGFRN,0.75,6,4,0.6666666666666666,0.864383575,0.7225334916233334
PXDN,0.75,6,4,0.6666666666666666,0.9587518500000001,0.649611678935305
RBM27,0.75,6,4,0.6666666666666666,0.94387398,0.6541507625
RBM45,0.75,6,4,0.6666666666666666,0.97176045,0.65274662341412
REV1,0.75,6,4,0.6666666666666666,0.90461591,0.6462845561666667
RFC1,0.75,6,4,0.6666666666666666,0.8909771200000001,0.759435875
RFX4,0.75,6,4,0.6666666666666666,0.890413645,0.6898468603305
RHAG,0.75,6,4,0.6666666666666666,0.8836453500000001,0.6998637259900001
RHOBTB3,0.75,6,4,0.6666666666666666,0.894631765,0.72981571
RPS5,0.75,6,4,0.6666666666666666,0.97597051,0.7355731849166668
RSF1,0.75,6,4,0.6666666666666666,0.979722915,0.7735012800000001
RXRA,0.75,6,4,0.6666666666666666,0.87104782,0.7337958748444641
SCAF4,0.75,6,4,0.6666666666666666,0.9562914,0.7512143020833334
SCNN1B,0.75,6,4,0.6666666666666666,0.97637465,0.7082777566666666
SEMA3D,0.75,6,4,0.6666666666666666,0.893301575,0.6773140271666667
SEPTIN14,0.75,6,4,0.6666666666666666,0.9410543849999999,0.636979773882913
SERPINA4,0.75,6,4,0.6666666666666666,0.938404145,0.7014205761633333
SIPA1L1,0.75,6,4,0.6666666666666666,0.9705501,0.7341865133333334
SKIV2L,0.75,6,4,0.6666666666666666,0.8733320200000001,0.7095046363458333
SLC13A3,0.75,6,4,0.6666666666666666,0.9014146249999999,0.6285009671914378
SLC23A2,0.75,6,4,0.6666666666666666,0.9417062199999999,0.74079086
SLC46A2,0.75,6,4,0.6666666666666666,0.980957825,0.6577549308519283
SLC4A4,0.75,6,4,0.6666666666666666,0.90086545,0.7682742833333333
SLCO1B3,0.75,6,4,0.6666666666666666,0.9431088000000001,0.7096966543333334
SLU7,0.75,6,4,0.6666666666666666,0.87064115,0.6892981532349999
SMC1B,0.75,6,4,0.6666666666666666,0.90728532,0.7388317933336482
SNX18,0.75,6,4,0.6666666666666666,0.962198825,0.6762154303639166
SNX25,0.75,6,4,0.6666666666666666,0.83673575,0.79913139
SPATA16,0.75,6,4,0.6666666666666666,0.90965677,0.6339738369666666
SPTLC3,0.75,6,4,0.6666666666666666,0.916508875,0.7491426149999999
SUN3,0.75,6,4,0.6666666666666666,0.9840852250000001,0.6781135445370833
SV2A,0.75,6,4,0.6666666666666666,0.988336,0.8211317600000001
SYT13,0.75,6,4,0.6666666666666666,0.839058725,0.6335388926666666
TCN1,0.75,6,4,0.6666666666666666,0.98023682,0.8056811700000001
TEC,0.75,6,4,0.6666666666666666,0.90484885,0.7459047883333333
TLE1,0.75,6,4,0.6666666666666666,0.976425925,0.6562241159236114
TRAT1,0.75,6,4,0.6666666666666666,0.8613668800000001,0.7307192533333334
TSHZ3,0.75,6,4,0.6666666666666666,0.885718165,0.6247461228092571
TSR1,0.75,6,4,0.6666666666666666,0.990822385,0.6815093113333334
UGT2B7,0.75,6,4,0.6666666666666666,0.86658138,0.8245655350000001
USP5,0.75,6,4,0.6666666666666666,0.89447209,0.6644558833333334
WNK4,0.75,6,4,0.6666666666666666,0.969323215,0.6879896911666666
XPO1,0.75,6,4,0.6666666666666666,0.95787813,0.6479002107466666
ZFP57,0.75,6,4,0.6666666666666666,0.8449086,0.7174976900000001
ZHX2,0.75,6,4,0.6666666666666666,0.971679725,0.7762855916000001
ZHX3,0.75,6,4,0.6666666666666666,0.94918115,0.7100222300833333
ZNF197,0.75,6,4,0.6666666666666666,0.956849335,0.7109983575678617
ZNF445,0.75,6,4,0.6666666666666666,0.9776106499999999,0.7348334583333332
ZNF569,0.75,6,4,0.6666666666666666,0.93860615,0.6745553883333333
ZNF605,0.75,6,4,0.6666666666666666,0.966790575,0.7798062583333333
ZNF800,0.75,6,4,0.6666666666666666,0.836073905,0.62813091055
AC008397.2,0.75,7,4,0.5714285714285714,0.7981632,0.6226541470474114
ACSM2B,0.75,7,4,0.5714285714285714,0.95523936,0.7512903507142857
ADD2,0.75,7,4,0.5714285714285714,0.85864943,0.7404460485714285
ANKS6,0.75,7,4,0.5714285714285714,0.800897,0.6450232581428572
APLP2,0.75,7,4,0.5714285714285714,0.77252483,0.6246233215714286
ARMC3,0.75,7,4,0.5714285714285714,0.8746388,0.5693845492608571
ASIC2,0.75,7,4,0.5714285714285714,0.96555316,0.557179708842763
ATP2A3,0.75,7,4,0.5714285714285714,0.8544812,0.7523964271428571
C8A,0.75,7,4,0.5714285714285714,0.921919,0.7069422157142858
CAND1,0.75,7,4,0.5714285714285714,0.77834326,0.6392308883652144
CDHR1,0.75,7,4,0.5714285714285714,0.83061284,0.6862566371192858
CDRT1,0.75,7,4,0.5714285714285714,0.8975979,0.6677583868142857
CEP70,0.75,7,4,0.5714285714285714,0.90389407,0.6654265328571428
CFAP44,0.75,7,4,0.5714285714285714,0.98098767,0.6395626114285714
CHD7,0.75,7,4,0.5714285714285714,0.9317328,0.6663427125717492
CHSY3,0.75,7,4,0.5714285714285714,0.9251845,0.6487922742857143
CLIP1,0.75,7,4,0.5714285714285714,0.99022305,0.6977892892857144
CPD,0.75,7,4,0.5714285714285714,0.75607485,0.5586210381428571
CYP4F12,0.75,7,4,0.5714285714285714,0.876775,0.6768648471428571
EBF2,0.75,7,4,0.5714285714285714,0.9016798,0.7680049642857142
EFHB,0.75,7,4,0.5714285714285714,0.96341074,0.6675622812474286
FAM13A,0.75,7,4,0.5714285714285714,0.9666266,0.6794763682857143
FAM189A2,0.75,7,4,0.5714285714285714,0.78689945,0.5372861731210316
FCRL2,0.75,7,4,0.5714285714285714,0.832288,0.6640594085714285
FFAR2,0.75,7,4,0.5714285714285714,0.91164875,0.55185210648789
FOXJ3,0.75,7,4,0.5714285714285714,0.8918932,0.6958807717142858
FOXM1,0.75,7,4,0.5714285714285714,0.8781229,0.5643124157285715
GRHL3,0.75,7,4,0.5714285714285714,0.770598,0.6107878042966475
GRK7,0.75,7,4,0.5714285714285714,0.8506908,0.6056264727236387
GRM6,0.75,7,4,0.5714285714285714,0.8801021,0.5806606892171429
HCK,0.75,7,4,0.5714285714285714,0.854052,0.6567051385714286
HEATR1,0.75,7,4,0.5714285714285714,0.9783286,0.6482986085714285
HIPK1,0.75,7,4,0.5714285714285714,0.82363236,0.7211245185714285
HSPA2,0.75,7,4,0.5714285714285714,0.9115581,0.6656364663767629
ITGA6,0.75,7,4,0.5714285714285714,0.8558791,0.6152637051104506
KCND2,0.75,7,4,0.5714285714285714,0.81659734,0.5932608057142856
KCNH1,0.75,7,4,0.5714285714285714,0.8709725,0.6207357965588829
KCNH7,0.75,7,4,0.5714285714285714,0.959493,0.6515352201908186
KL,0.75,7,4,0.5714285714285714,0.97381413,0.6517544372886286
KNDC1,0.75,7,4,0.5714285714285714,0.78469104,0.5224234116295
LAMC2,0.75,7,4,0.5714285714285714,0.8973163,0.6880735779428572
LRRC8B,0.75,7,4,0.5714285714285714,0.9568688,0.6626179577857142
MAPK8IP3,0.75,7,4,0.5714285714285714,0.7899543,0.5072938735728665
MFSD2A,0.75,7,4,0.5714285714285714,0.8293851,0.528296983202211
MPO,0.75,7,4,0.5714285714285714,0.8497474,0.6095674645554757
MSH4,0.75,7,4,0.5714285714285714,0.8745877,0.7820979971428572
MYO18B,0.75,7,4,0.5714285714285714,0.9812215,0.5660159095252619
NCOA6,0.75,7,4,0.5714285714285714,0.8517987,0.6814508471428571
NHS,0.75,7,4,0.5714285714285714,0.83296895,0.5636144510740715
NOX4,0.75,7,4,0.5714285714285714,0.8583635,0.6061151862
NUMA1,0.75,7,4,0.5714285714285714,0.76681024,0.6285967270571428
OR2H1,0.75,7,4,0.5714285714285714,0.9136339,0.7065907810228572
OR5A1,0.75,7,4,0.5714285714285714,0.84635603,0.7135855785714286
PACS1,0.75,7,4,0.5714285714285714,0.9753769,0.6291854878333855
PCDHB14,0.75,7,4,0.5714285714285714,0.94832814,0.6823291476142856
PCDHB16,0.75,7,4,0.5714285714285714,0.95552146,0.5956911500000001
PDGFRB,0.75,7,4,0.5714285714285714,0.7848051,0.6020495502760028
PDILT,0.75,7,4,0.5714285714285714,0.796043,0.7159854557142857
PEAK1,0.75,7,4,0.5714285714285714,0.84790534,0.6701985542857143
PGM5,0.75,7,4,0.5714285714285714,0.8729238,0.7587847785714287
PIWIL3,0.75,7,4,0.5714285714285714,0.83113414,0.7314216457142857
POGZ,0.75,7,4,0.5714285714285714,0.83978665,0.6268241945327657
PRKCB,0.75,7,4,0.5714285714285714,0.7881829,0.5497755386142857
PRKCD,0.75,7,4,0.5714285714285714,0.96460474,0.8000026971428572
PRPF40B,0.75,7,4,0.5714285714285714,0.8730176,0.7248388578571429
PSD3,0.75,7,4,0.5714285714285714,0.9234181,0.6185390174285714
PTPRU,0.75,7,4,0.5714285714285714,0.82912654,0.6086349786744097
PZP,0.75,7,4,0.5714285714285714,0.86523765,0.6762948342857144
RALGAPA2,0.75,7,4,0.5714285714285714,0.9115389,0.5439021893162671
RANBP17,0.75,7,4,0.5714285714285714,0.9052006,0.6743440813285714
RBM44,0.75,7,4,0.5714285714285714,0.9273575,0.6468359404793974
RET,0.75,7,4,0.5714285714285714,0.94759977,0.6310729052857144
RGS12,0.75,7,4,0.5714285714285714,0.9384977,0.6472452017624002
RIPK4,0.75,7,4,0.5714285714285714,0.89140266,0.6586212096466543
RPTOR,0.75,7,4,0.5714285714285714,0.96181524,0.6622236203285782
RTL3,0.75,7,4,0.5714285714285714,0.786095,0.508645957889439
RUSC2,0.75,7,4,0.5714285714285714,0.9556893,0.5749543297441383
RUVBL2,0.75,7,4,0.5714285714285714,0.9743046,0.6505102785714286
RXFP1,0.75,7,4,0.5714285714285714,0.9900641,0.6083408145542857
SERPINA1,0.75,7,4,0.5714285714285714,0.84314835,0.5957195885325713
SH2B2,0.75,7,4,0.5714285714285714,0.84973514,0.5451109982059442
SIGLEC11,0.75,7,4,0.5714285714285714,0.909666,0.5799429821618972
SIGLEC8,0.75,7,4,0.5714285714285714,0.878625,0.6277784114696654
SIGLEC9,0.75,7,4,0.5714285714285714,0.8037928,0.5668570742857143
SLC4A2,0.75,7,4,0.5714285714285714,0.96597487,0.6762163272857143
SPAM1,0.75,7,4,0.5714285714285714,0.81315875,0.6354850731428572
SPATA31A3,0.75,7,4,0.5714285714285714,0.8663747,0.5450145770836
ST6GALNAC3,0.75,7,4,0.5714285714285714,0.9900275,0.5920882529278266
STK35,0.75,7,4,0.5714285714285714,0.8441181,0.5506848709092121
SV2B,0.75,7,4,0.5714285714285714,0.9414715,0.6158445114285714
TANC1,0.75,7,4,0.5714285714285714,0.91154116,0.619207362255
TESK1,0.75,7,4,0.5714285714285714,0.7754221,0.62918202889
TGFBR2,0.75,7,4,0.5714285714285714,0.8875719,0.6979031471428572
THBS1,0.75,7,4,0.5714285714285714,0.9273848,0.735206788
THBS2,0.75,7,4,0.5714285714285714,0.7845745,0.515767919616829
TLR2,0.75,7,4,0.5714285714285714,0.8368263,0.5958448664285714
TMC5,0.75,7,4,0.5714285714285714,0.9776923,0.6876223109294285
TMEM255A,0.75,7,4,0.5714285714285714,0.955156,0.6324772257957143
TRIM42,0.75,7,4,0.5714285714285714,0.89341146,0.7087858414285714
TTC7A,0.75,7,4,0.5714285714285714,0.84690404,0.6261269938755215
UBR1,0.75,7,4,0.5714285714285714,0.8564658,0.6132828569057143
UNC13C,0.75,7,4,0.5714285714285714,0.92818236,0.5495372590322163
VARS1,0.75,7,4,0.5714285714285714,0.8158371,0.5238366043840977
ZNF254,0.75,7,4,0.5714285714285714,0.9881275,0.679143122672
ZNF460,0.75,7,4,0.5714285714285714,0.97758967,0.7767970085714285
ZP4,0.75,7,4,0.5714285714285714,0.8157211,0.6285105874714285
ZSWIM5,0.75,7,4,0.5714285714285714,0.7521613,0.60440922444121
ABCC10,0.75,8,4,0.5,0.597922215,0.59941294125
ADAM28,0.75,8,4,0.5,0.76061112,0.6148561937541325
ADAMDEC1,0.75,8,4,0.5,0.75246862,0.6288463809434119
AKAP6,0.75,8,4,0.5,0.71129692,0.5894472576704924
ARHGAP32,0.75,8,4,0.5,0.6378694,0.5389898687694312
ARID4B,0.75,8,4,0.5,0.82932385,0.690642961625
ASTL,0.75,8,4,0.5,0.783155975,0.6701547583025
ATP2C1,0.75,8,4,0.5,0.76305858,0.73954454125
BRD4,0.75,8,4,0.5,0.7346218,0.5984533947062933
CASP1,0.75,8,4,0.5,0.5989514499999999,0.549628450125
CHD2,0.75,8,4,0.5,0.50065598,0.5169431505375001
CHD8,0.75,8,4,0.5,0.63443603,0.5294172537393562
CLCNKB,0.75,8,4,0.5,0.71688855,0.5851546234115838
CNTN3,0.75,8,4,0.5,0.7172171199999999,0.5823885785
COL19A1,0.75,8,4,0.5,0.74810683,0.6569956351
CTDP1,0.75,8,4,0.5,0.508663385,0.50269116638875
CYP4A11,0.75,8,4,0.5,0.767521915,0.588066067275
DCLK1,0.75,8,4,0.5,0.711009875,0.597062297353375
DDX60,0.75,8,4,0.5,0.7772320500000001,0.668940289633375
DIP2C,0.75,8,4,0.5,0.6908302,0.5483951614487758
DSC2,0.75,8,4,0.5,0.786144175,0.6364036723127787
DUOX2,0.75,8,4,0.5,0.630301985,0.5124231166198956
EHD3,0.75,8,4,0.5,0.77690128,0.6845767433750001
EPX,0.75,8,4,0.5,0.75522835,0.6922640875
ERG,0.75,8,4,0.5,0.5712657800000001,0.5195140545116378
EVC2,0.75,8,4,0.5,0.3955135,0.43970208584875003
FYB1,0.75,8,4,0.5,0.525675205,0.5280016368036737
GJA8,0.75,8,4,0.5,0.58432409,0.5190627362015175
GOLGA4,0.75,8,4,0.5,0.734126975,0.579625529125
GOLGB1,0.75,8,4,0.5,0.69990865,0.60690187375
HEPH,0.75,8,4,0.5,0.65073079,0.5304205482483708
HNF1B,0.75,8,4,0.5,0.77659922,0.6075712871575
IL1RAPL2,0.75,8,4,0.5,0.448818505115415,0.47836456135198147
INPP5K,0.75,8,4,0.5,0.582468,0.5123691598220775
INTS12,0.75,8,4,0.5,0.510515378,0.49963292711622376
KIF13B,0.75,8,4,0.5,0.47319767040000005,0.4900808786868158
KIF21A,0.75,8,4,0.5,0.737037575,0.74909349125
MAN2B2,0.75,8,4,0.5,0.696855265,0.5389872653150001
MAP7D2,0.75,8,4,0.5,0.57248983,0.5190737918713487
MAS1L,0.75,8,4,0.5,0.75970257,0.5920356123625
MTF1,0.75,8,4,0.5,0.7167079,0.6280234760125
MYH7B,0.75,8,4,0.5,0.8606891249999999,0.6522979856773149
MYO16,0.75,8,4,0.5,0.49080593135,0.493858131659625
MYO1A,0.75,8,4,0.5,0.824069145,0.6320115011125
MYO5C,0.75,8,4,0.5,0.7659548,0.5659421464547255
MYO7A,0.75,8,4,0.5,0.7497746350000001,0.5538655106451871
MYOM3,0.75,8,4,0.5,0.67392338,0.5513807307988338
NDN,0.75,8,4,0.5,0.5610428700000001,0.5023991955648355
NPAS4,0.75,8,4,0.5,0.828421055,0.72730509625
NRG1,0.75,8,4,0.5,0.66203223,0.5822374303911699
OTUD4,0.75,8,4,0.5,0.7588064,0.6732107797
PCDHGB2,0.75,8,4,0.5,0.615724875,0.55008252403483
PLB1,0.75,8,4,0.5,0.7005428,0.5338591702046018
POF1B,0.75,8,4,0.5,0.590086,0.49225477083112323
PROX1,0.75,8,4,0.5,0.53121897,0.4934389250326832
RABEP1,0.75,8,4,0.5,0.77889467,0.657007942998265
RAPGEF6,0.75,8,4,0.5,0.7745634299999999,0.6024730929310533
REPIN1,0.75,8,4,0.5,0.737559525,0.5919684901946782
RIF1,0.75,8,4,0.5,0.744330495,0.6039164293914
SCML2,0.75,8,4,0.5,0.784926365,0.62208441791875
SCN8A,0.75,8,4,0.5,0.65340954,0.5713495319125
SLC22A9,0.75,8,4,0.5,0.8135496,0.7157221
TEX11,0.75,8,4,0.5,0.630660965,0.5311177328750158
TEX2,0.75,8,4,0.5,0.781318525,0.658809724
TMEM131L,0.75,8,4,0.5,0.747481525,0.617332276805607
TMTC1,0.75,8,4,0.5,0.48395767,0.4955941094376164
TRIOBP,0.75,8,4,0.5,0.80760468,0.5974354737473437
UPF2,0.75,8,4,0.5,0.739030225,0.6701056505
VPS13C,0.75,8,4,0.5,0.6755921,0.6081270915375
WWC3,0.75,8,4,0.5,0.6305972049999999,0.5132223038208094
ZNF318,0.75,8,4,0.5,0.8605942,0.6145004038749999
APBA1,0.75,9,4,0.4444444444444444,0.15909955,0.48406485098025226
ARMC4,0.75,9,4,0.4444444444444444,0.008001116,0.4356434983457127
ARSF,0.75,9,4,0.4444444444444444,0.18122225,0.43864489326685274
ASCC3,0.75,9,4,0.4444444444444444,0.7144532,0.6326692042087778
ATP13A2,0.75,9,4,0.4444444444444444,0.53058994,0.5816910618444445
ATRNL1,0.75,9,4,0.4444444444444444,0.3981045,0.5114912374175778
B4GALNT1,0.75,9,4,0.4444444444444444,0.69217193,0.6577029529999999
BMP3,0.75,9,4,0.4444444444444444,0.5074443,0.5361287579551693
CACNA1I,0.75,9,4,0.4444444444444444,0.20932376,0.462804272082198
CEP104,0.75,9,4,0.4444444444444444,0.58009344,0.4914347655888889
CFAP57,0.75,9,4,0.4444444444444444,0.6853866,0.5816308003777778
CRYBG1,0.75,9,4,0.4444444444444444,0.63486934,0.6174976803159222
DCHS1,0.75,9,4,0.4444444444444444,0.18421595,0.44867656120706406
DGKD,0.75,9,4,0.4444444444444444,0.46099743,0.5541268077322267
DRC7,0.75,9,4,0.4444444444444444,0.6234181,0.5083265574902376
ECPAS,0.75,9,4,0.4444444444444444,0.516769,0.515653163562348
F13A1,0.75,9,4,0.4444444444444444,0.3454767,0.5267200085721997
GTF3C1,0.75,9,4,0.4444444444444444,0.6778727,0.6539705134287831
HNF4A,0.75,9,4,0.4444444444444444,0.6949608,0.6030102953333334
HTR2C,0.75,9,4,0.4444444444444444,0.6739545,0.5161604855721322
IL18RAP,0.75,9,4,0.4444444444444444,0.7066264,0.6425982133333333
JMJD1C,0.75,9,4,0.4444444444444444,0.32531282,0.4858899873934722
KCNH5,0.75,9,4,0.4444444444444444,0.4437226,0.4910035651527256
MAGEB1,0.75,9,4,0.4444444444444444,0.094080225,0.4473284472264576
NALCN,0.75,9,4,0.4444444444444444,0.5992368,0.5711407445884515
NETO1,0.75,9,4,0.4444444444444444,0.23766428,0.46902837047333334
NLRP1,0.75,9,4,0.4444444444444444,0.4331257,0.5387172835066667
NUTM1,0.75,9,4,0.4444444444444444,0.32934812,0.4930964894444444
PAX3,0.75,9,4,0.4444444444444444,0.5074419,0.5295987430675653
PLCL2,0.75,9,4,0.4444444444444444,0.62301594,0.5901624833111111
RBM19,0.75,9,4,0.4444444444444444,0.5950633,0.6598733633333334
SEC16A,0.75,9,4,0.4444444444444444,0.47145975,0.49526947696834217
SHCBP1L,0.75,9,4,0.4444444444444444,0.6728518,0.6739351669863773
SLC27A2,0.75,9,4,0.4444444444444444,0.6837089,0.6218083252217466
SLC9A2,0.75,9,4,0.4444444444444444,0.642649,0.5167049942505345
SLITRK6,0.75,9,4,0.4444444444444444,0.47982052,0.4870467407622275
SPTBN1,0.75,9,4,0.4444444444444444,0.7476526,0.6107650533057067
ST6GAL2,0.75,9,4,0.4444444444444444,0.1447557,0.42958806529865445
TBC1D8,0.75,9,4,0.4444444444444444,0.09229918,0.43552975947325767
TNRC6C,0.75,9,4,0.4444444444444444,0.71061677,0.5383836666666667
TTC17,0.75,9,4,0.4444444444444444,0.73285264,0.6349048264168137
UBR2,0.75,9,4,0.4444444444444444,0.7298755,0.7044108890888889
UNC45B,0.75,9,4,0.4444444444444444,0.41981697,0.5232685929013956
ZNF518B,0.75,9,4,0.4444444444444444,0.59242225,0.5255409480000001
ZNF618,0.75,9,4,0.4444444444444444,0.48432708,0.5186418236482501
ZNF644,0.75,9,4,0.4444444444444444,0.6947536,0.6816765977777778
AKAP9,0.75,10,4,0.4,0.262735265,0.4692881738813
CFAP43,0.75,10,4,0.4,0.3422267,0.46495045980201805
DOCK2,0.75,10,4,0.4,0.610037515,0.5777919488000001
FHOD3,0.75,10,4,0.4,0.245566433,0.434934216488554
INPP5D,0.75,10,4,0.4,0.211590685,0.43833717834586017
KAT6B,0.75,10,4,0.4,0.569424,0.49108292855881797
KRT13,0.75,10,4,0.4,0.613437295,0.5857120496600439
MKI67,0.75,10,4,0.4,0.5641972,0.503503602137
PCNT,0.75,10,4,0.4,0.064186904,0.39352101911285237
POLQ,0.75,10,4,0.4,0.5990765,0.5809869816
RBBP6,0.75,10,4,0.4,0.26495279,0.4461000454041405
SERPINA11,0.75,10,4,0.4,0.6423207,0.56838131728023
SPTBN2,0.75,10,4,0.4,0.5692270349999999,0.5569915114999999
TEX14,0.75,10,4,0.4,0.35560933,0.48909665455999995
TPR,0.75,10,4,0.4,0.402364335,0.479071286330794
WNK2,0.75,10,4,0.4,0.00021289766800000002,0.3691760194323773
ZNF423,0.75,10,4,0.4,0.5253503150000001,0.5410525989671902
ZNF658,0.75,10,4,0.4,0.61890705,0.62009493993027
BNC2,0.75,11,4,0.36363636363636365,0.049914207,0.39739657639746667
CCDC158,0.75,11,4,0.36363636363636365,0.58565015,0.6184883189272727
CEP350,0.75,11,4,0.36363636363636365,0.15857792,0.37906339644052983
DOCK4,0.75,11,4,0.36363636363636365,0.3322056,0.4363883272357278
FOXA1,0.75,11,4,0.36363636363636365,0.114749186,0.4150940400419023
GABRG2,0.75,11,4,0.36363636363636365,0.6617936,0.5282847268609999
HHIPL2,0.75,11,4,0.36363636363636365,0.5625631,0.5882936067272727
MAST1,0.75,11,4,0.36363636363636365,0.0007265415,0.4051819278481011
MORC1,0.75,11,4,0.36363636363636365,0.5967136,0.5584329608418183
MYOM2,0.75,11,4,0.36363636363636365,0.5450538,0.5858781172050751
PIWIL1,0.75,11,4,0.36363636363636365,0.22136998,0.40786094757636365
RAD51AP2,0.75,11,4,0.36363636363636365,1.3869053e-05,0.3459443786720209
SLCO1B3-SLCO1B7,0.75,11,4,0.36363636363636365,0.5071141,0.46845354451786514
STAB1,0.75,11,4,0.36363636363636365,0.48869225,0.4844135230866517
ACAN,0.75,12,4,0.3333333333333333,0.127309226,0.3612288071861746
CACNA1H,0.75,12,4,0.3333333333333333,0.139358026635,0.3739819193041996
CD209,0.75,12,4,0.3333333333333333,0.63026995,0.5365934723833333
COL2A1,0.75,12,4,0.3333333333333333,0.009330558400000001,0.3330069066382529
KMT2B,0.75,12,4,0.3333333333333333,0.35026855,0.4402178827941267
SLC14A2,0.75,12,4,0.3333333333333333,0.617368825,0.6298701895
DOCK10,0.75,13,4,0.3076923076923077,0.38756716,0.4048111438363
FRMPD3,0.75,13,4,0.3076923076923077,0.50773495,0.41094246087527825
GCN1,0.75,13,4,0.3076923076923077,0.63154054,0.5520733256874335
L1CAM,0.75,13,4,0.3076923076923077,2.480394e-10,0.3301918839464368
NYAP2,0.75,13,4,0.3076923076923077,0.15962681,0.3483347107840879
OTOGL,0.75,13,4,0.3076923076923077,0.0005447317,0.3445516692746305
ZNF292,0.75,13,4,0.3076923076923077,0.5364013,0.44108640374633856
KPRP,0.75,14,4,0.2857142857142857,0.551174405,0.4989401412499414
SLCO6A1,0.75,14,4,0.2857142857142857,0.268031425,0.4169034104162857
MED12,0.75,15,4,0.26666666666666666,0.0038210603,0.31384224277630435
NCKAP1L,0.75,15,4,0.26666666666666666,0.57653624,0.5196920547077333
AARS2,0.75,3,3,1.0,0.97279286,0.97902304
ABHD11,0.75,3,3,1.0,0.90173376,0.8863746533333333
ABI3BP,0.75,3,3,1.0,0.98447603,0.9196947766666667
ACOX2,0.75,3,3,1.0,0.94519186,0.8999003733333334
ACP5,0.75,3,3,1.0,0.9893233,0.9892886866666667
ACRV1,0.75,3,3,1.0,0.9471133,0.9407364166666667
ACSF2,0.75,3,3,1.0,0.88667005,0.9083800166666666
ACTG2,0.75,3,3,1.0,0.9755678,0.9757698
ADM,0.75,3,3,1.0,0.9874418,0.9874396000000001
ADPRM,0.75,3,3,1.0,0.9913891,0.9904300200000001
AFAP1,0.75,3,3,1.0,0.97741926,0.9742208533333333
AHCYL2,0.75,3,3,1.0,0.9913441,0.9875733333333333
AKR1B15,0.75,3,3,1.0,0.9839315,0.9645597
AL136982.4,0.75,3,3,1.0,0.983827,0.9765945199999999
ALDH1A1,0.75,3,3,1.0,0.98987234,0.9899048266666667
ALG10B,0.75,3,3,1.0,0.991471,0.9678076999999999
ALPP,0.75,3,3,1.0,0.9566312,0.8935284133333333
AMD1,0.75,3,3,1.0,0.89498514,0.9111230333333333
ANGPT2,0.75,3,3,1.0,0.8900846,0.8734329666666666
APCDD1L,0.75,3,3,1.0,0.99145776,0.9617954866666666
ARFGAP2,0.75,3,3,1.0,0.99136364,0.9907481233333334
ARHGDIB,0.75,3,3,1.0,0.9914799,0.9914471866666666
ARL13A,0.75,3,3,1.0,0.9881875,0.9885248133333334
ARMC10,0.75,3,3,1.0,0.9900333,0.9894946333333333
ASAP3,0.75,3,3,1.0,0.9860312,0.9717289
ASMT,0.75,3,3,1.0,0.9895901,0.9854369333333333
ATG101,0.75,3,3,1.0,0.97913206,0.93151894
ATG16L1,0.75,3,3,1.0,0.8219876,0.8774372333333332
ATL1,0.75,3,3,1.0,0.8610147,0.8779722099999999
ATOH1,0.75,3,3,1.0,0.9896741,0.9890934666666666
ATP1A1,0.75,3,3,1.0,0.9833851,0.9819816766666666
ATXN1,0.75,3,3,1.0,0.8848679,0.8747937333333334
AVL9,0.75,3,3,1.0,0.9911273,0.9909234333333333
BCAS3,0.75,3,3,1.0,0.99145246,0.9907835199999999
BEST2,0.75,3,3,1.0,0.98802304,0.9853840799999999
BPIFA1,0.75,3,3,1.0,0.9777584,0.98072175
BTN2A2,0.75,3,3,1.0,0.9793117,0.9680208366666667
C5,0.75,3,3,1.0,0.9912054,0.9647189666666667
C6orf89,0.75,3,3,1.0,0.8266731,0.8642297033333334
C7orf31,0.75,3,3,1.0,0.9816688,0.9752776566666667
C7orf66,0.75,3,3,1.0,0.97700936,0.9805498766666667
CA10,0.75,3,3,1.0,0.8737444,0.8512096833333334
CA3,0.75,3,3,1.0,0.9913669,0.9866462566666666
CAB39,0.75,3,3,1.0,0.9810982,0.9781462033333334
CBFA2T3,0.75,3,3,1.0,0.96525294,0.9644447166666666
CBLL1,0.75,3,3,1.0,0.9751287,0.9257683
CCDC112,0.75,3,3,1.0,0.99140173,0.9564761266666667
CCDC136,0.75,3,3,1.0,0.97748405,0.9697350466666667
CCDC170,0.75,3,3,1.0,0.97731066,0.9650214033333334
CCDC181,0.75,3,3,1.0,0.9914381,0.9913140333333333
CCNE1,0.75,3,3,1.0,0.96763813,0.91069537
CCNH,0.75,3,3,1.0,0.9913173,0.9913394833333333
CCNL2,0.75,3,3,1.0,0.99144113,0.9878935866666666
CCNYL1,0.75,3,3,1.0,0.9595178,0.960924
CCZ1,0.75,3,3,1.0,0.97767943,0.9812567766666667
CD300LG,0.75,3,3,1.0,0.9905624,0.9779064733333334
CD84,0.75,3,3,1.0,0.98136055,0.9501124966666668
CD8A,0.75,3,3,1.0,0.9757142,0.9238773666666665
CDC42BPG,0.75,3,3,1.0,0.89279014,0.8895291799999999
CDK17,0.75,3,3,1.0,0.9912764,0.99132095
CDK20,0.75,3,3,1.0,0.83297837,0.8517912133333333
CDON,0.75,3,3,1.0,0.9799739,0.9803138166666666
CDYL,0.75,3,3,1.0,0.991435,0.9896560666666666
CEP41,0.75,3,3,1.0,0.9913487,0.9817106666666667
CEP85,0.75,3,3,1.0,0.9831518,0.9805338533333333
CERS3,0.75,3,3,1.0,0.97485435,0.9786316533333334
CES1,0.75,3,3,1.0,0.973403,0.9451080033333333
CFAP161,0.75,3,3,1.0,0.9465565,0.9539350133333334
CFAP300,0.75,3,3,1.0,0.9896688,0.98860159
CHAF1B,0.75,3,3,1.0,0.9727696,0.9105271866666667
CHRNA3,0.75,3,3,1.0,0.9562585,0.9145606866666668
CLCA2,0.75,3,3,1.0,0.9913463,0.9913833333333333
CLEC3A,0.75,3,3,1.0,0.9553421,0.9580567499999999
CLIP3,0.75,3,3,1.0,0.9913414,0.9881146666666667
CLPTM1,0.75,3,3,1.0,0.9867344,0.9824411866666667
CLPTM1L,0.75,3,3,1.0,0.98980623,0.9896127966666667
CLVS2,0.75,3,3,1.0,0.98634964,0.9854427933333333
CNGB3,0.75,3,3,1.0,0.8926697,0.9170054
CNOT2,0.75,3,3,1.0,0.9914198,0.9914286566666667
COL13A1,0.75,3,3,1.0,0.9914419,0.99127694
CPA2,0.75,3,3,1.0,0.9914209,0.9910028133333334
CPA5,0.75,3,3,1.0,0.97912174,0.9301516766666666
CPEB2,0.75,3,3,1.0,0.98260164,0.9852078999999999
CRISPLD2,0.75,3,3,1.0,0.99128914,0.9885637633333334
CRTAM,0.75,3,3,1.0,0.99136996,0.9913633866666668
CRYGN,0.75,3,3,1.0,0.95474726,0.92719352
CSE1L,0.75,3,3,1.0,0.9775441,0.9736523
CSN2,0.75,3,3,1.0,0.9658287,0.9675288333333333
CTSL3P,0.75,3,3,1.0,0.99141735,0.9900255666666666
CTTN,0.75,3,3,1.0,0.9900699,0.9867642866666667
CXCL6,0.75,3,3,1.0,0.9880251,0.9812054666666666
CYP27C1,0.75,3,3,1.0,0.9913901,0.9889207
CYP2R1,0.75,3,3,1.0,0.9656677,0.96793618
CYP7A1,0.75,3,3,1.0,0.9568244,0.9678095133333334
CYRIA,0.75,3,3,1.0,0.9791149,0.97409809
CYSTM1,0.75,3,3,1.0,0.99092966,0.9906723633333333
DCUN1D4,0.75,3,3,1.0,0.9897441,0.9827457333333333
DENND1B,0.75,3,3,1.0,0.9912423,0.9746545666666666
DGAT2,0.75,3,3,1.0,0.9749196,0.9772852333333333
DIO3,0.75,3,3,1.0,0.9512986,0.9489629700000001
DIP2B,0.75,3,3,1.0,0.99004877,0.9558920733333333
DLD,0.75,3,3,1.0,0.99041736,0.9872465866666666
DNAJC3,0.75,3,3,1.0,0.9763266,0.9752631633333334
DNAJC5B,0.75,3,3,1.0,0.9823318,0.9604141533333334
DNTTIP1,0.75,3,3,1.0,0.8738962,0.8949306699999999
DTX3L,0.75,3,3,1.0,0.9903763,0.9899357666666667
DUS4L,0.75,3,3,1.0,0.97548485,0.9796294
DUSP11,0.75,3,3,1.0,0.9258835,0.9336890333333333
DUXA,0.75,3,3,1.0,0.97830063,0.9781802599999999
DYNC2LI1,0.75,3,3,1.0,0.9364192,0.93101128
EBPL,0.75,3,3,1.0,0.9741469,0.9731201
EEFSEC,0.75,3,3,1.0,0.97920233,0.9314124933333333
EIF2AK1,0.75,3,3,1.0,0.9905946,0.9905870066666665
EIF4A1,0.75,3,3,1.0,0.98546773,0.9360386233333333
EMILIN3,0.75,3,3,1.0,0.9896763,0.9890654066666666
ENGASE,0.75,3,3,1.0,0.9898393,0.9875219233333333
EPGN,0.75,3,3,1.0,0.9914836,0.9905917
ESRRG,0.75,3,3,1.0,0.9848881,0.9592551333333333
EXTL2,0.75,3,3,1.0,0.95170903,0.96123351
EZH1,0.75,3,3,1.0,0.99100834,0.9910393966666667
F13B,0.75,3,3,1.0,0.9914197,0.9914196333333333
FAM221A,0.75,3,3,1.0,0.9908035,0.9645783133333333
FBXO11,0.75,3,3,1.0,0.9724019,0.9604724666666667
FBXO34,0.75,3,3,1.0,0.97278625,0.9437985833333333
FCER2,0.75,3,3,1.0,0.9913156,0.9891937333333334
FETUB,0.75,3,3,1.0,0.9915109,0.9605645333333334
FGF14,0.75,3,3,1.0,0.98916024,0.9844116133333333
FGF23,0.75,3,3,1.0,0.8995725,0.9131546333333334
FGFBP1,0.75,3,3,1.0,0.9851295,0.9779147333333333
FLRT2,0.75,3,3,1.0,0.8516296,0.8606626766666666
FOSB,0.75,3,3,1.0,0.88101196,0.9116026533333333
FPGT,0.75,3,3,1.0,0.9897754,0.9642939666666667
GADL1,0.75,3,3,1.0,0.9895176,0.9787592666666667
GALC,0.75,3,3,1.0,0.94822705,0.9479888333333334
GALNT13,0.75,3,3,1.0,0.98601556,0.98366124
GALNTL5,0.75,3,3,1.0,0.991301,0.9893138666666667
GDF6,0.75,3,3,1.0,0.97761494,0.96353826
GDNF,0.75,3,3,1.0,0.9697129,0.9508184833333333
GLYATL1,0.75,3,3,1.0,0.97891587,0.9776769033333333
GNE,0.75,3,3,1.0,0.9912417,0.9824400366666666
GOLIM4,0.75,3,3,1.0,0.9332051,0.9364094666666666
GORAB,0.75,3,3,1.0,0.9762622,0.9740786333333333
GP2,0.75,3,3,1.0,0.93035376,0.92626818
GPAA1,0.75,3,3,1.0,0.991411,0.9868471099999999
GPCPD1,0.75,3,3,1.0,0.9913795,0.9903482666666666
GPD2,0.75,3,3,1.0,0.99133545,0.9913245166666668
GPN3,0.75,3,3,1.0,0.99137664,0.9510937300000001
GPR148,0.75,3,3,1.0,0.9878684,0.9839693833333333
GPR156,0.75,3,3,1.0,0.9909916,0.99086155
GPR161,0.75,3,3,1.0,0.9694616,0.9690687333333333
GPR85,0.75,3,3,1.0,0.96551394,0.9538826033333333
GREB1,0.75,3,3,1.0,0.957604,0.9657516133333334
GRIA2,0.75,3,3,1.0,0.98602676,0.9738157033333333
GSAP,0.75,3,3,1.0,0.96509725,0.9678033166666666
GTF2IRD2B,0.75,3,3,1.0,0.9800929,0.9827528333333334
H3C7,0.75,3,3,1.0,0.9895885,0.9855727233333335
H4-16,0.75,3,3,1.0,0.9871788,0.9690123533333334
HDAC3,0.75,3,3,1.0,0.9762572,0.9597119066666666
HDGFL2,0.75,3,3,1.0,0.9692523,0.9292981466666667
HINT1,0.75,3,3,1.0,0.9726839,0.9519433133333334
HLCS,0.75,3,3,1.0,0.9901574,0.9864591333333333
HLF,0.75,3,3,1.0,0.97639924,0.9748108133333333
HRG,0.75,3,3,1.0,0.9906399,0.9599565
IAH1,0.75,3,3,1.0,0.9557721,0.9189708833333333
ICAM4,0.75,3,3,1.0,0.9719805,0.9656426000000001
IFI44,0.75,3,3,1.0,0.8298017,0.8832776999999999
IFT22,0.75,3,3,1.0,0.9779701,0.9418215766666668
IGHV3-35,0.75,3,3,1.0,0.9195578,0.9264235333333333
IGHV3-43,0.75,3,3,1.0,0.98486716,0.95669592
IGHV3-48,0.75,3,3,1.0,0.9442744,0.93585499
IGHV3-7,0.75,3,3,1.0,0.96808875,0.9608917066666667
IGHV3-73,0.75,3,3,1.0,0.9692404,0.9426795
IGKV1-12,0.75,3,3,1.0,0.9823284,0.9775852
IGKV3D-20,0.75,3,3,1.0,0.9630762,0.9539965333333335
IGKV5-2,0.75,3,3,1.0,0.9420495,0.95821011
IL17RB,0.75,3,3,1.0,0.99127847,0.9123857566666667
IL3RA,0.75,3,3,1.0,0.972181,0.9646247
IL6R,0.75,3,3,1.0,0.9865819,0.98601905
ILDR2,0.75,3,3,1.0,0.9786251,0.9373124666666667
ING1,0.75,3,3,1.0,0.9323308,0.9413120666666667
IPPK,0.75,3,3,1.0,0.98089474,0.9806610533333333
IQGAP1,0.75,3,3,1.0,0.87744254,0.8934798700000001
ITGAL,0.75,3,3,1.0,0.98905367,0.9836905233333333
ITGB3,0.75,3,3,1.0,0.9913049,0.9899699466666667
JAML,0.75,3,3,1.0,0.9715798,0.9153749000000001
KCNA2,0.75,3,3,1.0,0.9841743,0.9400480666666667
KCNJ4,0.75,3,3,1.0,0.9915138,0.9810128333333333
KCNJ8,0.75,3,3,1.0,0.9769882,0.9723699333333333
KCNK3,0.75,3,3,1.0,0.9612883,0.9433344
KDELR1,0.75,3,3,1.0,0.9823286,0.9759299566666666
KDM3A,0.75,3,3,1.0,0.99135953,0.97001019
KIAA1841,0.75,3,3,1.0,0.96636814,0.9691421633333334
KIF3A,0.75,3,3,1.0,0.97903115,0.96565995
KIFC3,0.75,3,3,1.0,0.98449194,0.9453225533333333
KIR2DL1,0.75,3,3,1.0,0.990551,0.9829930266666667
KIR2DS4,0.75,3,3,1.0,0.9741595,0.9740247166666666
KIR3DL2,0.75,3,3,1.0,0.96460277,0.9583751066666667
KITLG,0.75,3,3,1.0,0.98432577,0.9827644233333334
KLC4,0.75,3,3,1.0,0.9384317,0.93965714
KLF11,0.75,3,3,1.0,0.934638,0.9524785233333333
KLHDC8A,0.75,3,3,1.0,0.98487824,0.9641383600000001
KLHL10,0.75,3,3,1.0,0.9890247,0.976111
KLHL7,0.75,3,3,1.0,0.8418239,0.8596588333333334
KLHL8,0.75,3,3,1.0,0.98684084,0.9764824466666667
KLRC2,0.75,3,3,1.0,0.9717163,0.9720884666666666
KRT39,0.75,3,3,1.0,0.9650595,0.9669841866666666
KRT6A,0.75,3,3,1.0,0.95129365,0.9623294000000001
KRT6B,0.75,3,3,1.0,0.88545924,0.8971905233333333
KRTAP10-4,0.75,3,3,1.0,0.9913121,0.9758307966666666
KRTAP10-9,0.75,3,3,1.0,0.9888571,0.9842251166666666
LAIR1,0.75,3,3,1.0,0.99085134,0.9877855166666666
LCE2C,0.75,3,3,1.0,0.99134094,0.9877715133333332
LCP1,0.75,3,3,1.0,0.9405826,0.9374644500000001
LCTL,0.75,3,3,1.0,0.9824837,0.9766623233333332
LINC02694,0.75,3,3,1.0,0.9683404,0.9198012366666667
LONRF1,0.75,3,3,1.0,0.9913954,0.9769459333333333
LPAR2,0.75,3,3,1.0,0.9193669,0.9108853199999999
LRCH3,0.75,3,3,1.0,0.9715063,0.94244758
LRRC14,0.75,3,3,1.0,0.98940045,0.9785197833333333
LSG1,0.75,3,3,1.0,0.98958874,0.9901343800000001
LSR,0.75,3,3,1.0,0.8887921,0.91246331
LY96,0.75,3,3,1.0,0.9656632,0.9476265666666667
MACO1,0.75,3,3,1.0,0.9914426,0.9913827333333334
MAN2A1,0.75,3,3,1.0,0.98743653,0.9721847866666667
MANBAL,0.75,3,3,1.0,0.9867887,0.9866966533333333
MAOB,0.75,3,3,1.0,0.9828147,0.91315278
MAP3K14,0.75,3,3,1.0,0.97205466,0.9665242666666667
MAP4,0.75,3,3,1.0,0.9873949,0.9857644233333334
MAPK13,0.75,3,3,1.0,0.98076904,0.9815749966666667
MARK1,0.75,3,3,1.0,0.99087465,0.9744309666666666
MARK4,0.75,3,3,1.0,0.99135673,0.9805415766666666
MB21D2,0.75,3,3,1.0,0.98492694,0.97576498
MECP2,0.75,3,3,1.0,0.97878236,0.9346745233333333
MED1,0.75,3,3,1.0,0.9721876,0.9341041833333333
MLXIP,0.75,3,3,1.0,0.9265948,0.9429930799999999
MMP20,0.75,3,3,1.0,0.9911698,0.9304532666666666
MNDA,0.75,3,3,1.0,0.98733413,0.97991039
MOCS3,0.75,3,3,1.0,0.9416654,0.9353782666666667
MON2,0.75,3,3,1.0,0.99138993,0.9886221433333334
MORN5,0.75,3,3,1.0,0.98879343,0.9854711066666667
MRPL32,0.75,3,3,1.0,0.9856797,0.9800577433333334
MRPS27,0.75,3,3,1.0,0.9871317,0.9847953866666667
MSH3,0.75,3,3,1.0,0.9913628,0.91334102
MSS51,0.75,3,3,1.0,0.97804046,0.9817358666666666
NAA15,0.75,3,3,1.0,0.960771,0.96221937
NAALADL1,0.75,3,3,1.0,0.9913011,0.9716681
NAGK,0.75,3,3,1.0,0.8809916,0.9124691
NAP1L3,0.75,3,3,1.0,0.9727781,0.9361349200000001
NDNF,0.75,3,3,1.0,0.9845366,0.94049438
NDUFS7,0.75,3,3,1.0,0.9116199,0.8940681
NKIRAS1,0.75,3,3,1.0,0.98127776,0.9747418533333333
NLRP10,0.75,3,3,1.0,0.99142027,0.9914168233333333
NOLC1,0.75,3,3,1.0,0.98963565,0.9879535366666667
NOX1,0.75,3,3,1.0,0.98013043,0.9768396433333333
NPBWR2,0.75,3,3,1.0,0.9506543,0.8991907333333332
NPY4R,0.75,3,3,1.0,0.95721674,0.8997003133333333
NR1I3,0.75,3,3,1.0,0.9912723,0.95887652
NUCB1,0.75,3,3,1.0,0.94025403,0.9175968733333333
NUP62,0.75,3,3,1.0,0.94794273,0.9088100200000001
OASL,0.75,3,3,1.0,0.9898337,0.9867259033333333
OCM2,0.75,3,3,1.0,0.93164426,0.9418696166666667
ODF2,0.75,3,3,1.0,0.9826932,0.97868677
ODF3,0.75,3,3,1.0,0.89903915,0.8916979333333334
OIT3,0.75,3,3,1.0,0.9903289,0.9623335166666666
OR11H12,0.75,3,3,1.0,0.9901793,0.9838785533333333
OR13D1,0.75,3,3,1.0,0.9892447,0.9860097
OR1D5,0.75,3,3,1.0,0.9829411,0.9830709666666667
OR1E2,0.75,3,3,1.0,0.99137306,0.97098531
OR2A2,0.75,3,3,1.0,0.99042773,0.9895297099999999
OR2D2,0.75,3,3,1.0,0.9798941,0.9590985
OR2L2,0.75,3,3,1.0,0.99032307,0.93565839
OR2L3,0.75,3,3,1.0,0.9872831,0.9742063766666668
OR4C3,0.75,3,3,1.0,0.93472123,0.9063361899999999
OR51A4,0.75,3,3,1.0,0.9751297,0.9738564333333333
OR52I2,0.75,3,3,1.0,0.9650382,0.9400022333333333
OR5F1,0.75,3,3,1.0,0.977918,0.94853672
OR6C75,0.75,3,3,1.0,0.9680981,0.96987179
OR6Q1,0.75,3,3,1.0,0.97139704,0.9557501133333334
OR6V1,0.75,3,3,1.0,0.9755171,0.9753279666666667
OR7D2,0.75,3,3,1.0,0.9913579,0.9831853166666668
OR8B3,0.75,3,3,1.0,0.99130577,0.9866250466666666
OR8U1,0.75,3,3,1.0,0.9904579,0.9904766333333334
ORC5,0.75,3,3,1.0,0.9478266,0.9416693899999999
OSER1,0.75,3,3,1.0,0.98992807,0.9863542233333334
OSGIN2,0.75,3,3,1.0,0.98892236,0.9884204366666666
OSR1,0.75,3,3,1.0,0.9116124,0.8621000333333333
OVOL2,0.75,3,3,1.0,0.97050583,0.9659792366666666
OXA1L,0.75,3,3,1.0,0.97888345,0.9822473966666667
P2RX7,0.75,3,3,1.0,0.9914374,0.9838672866666668
PARD6B,0.75,3,3,1.0,0.99145025,0.98901965
PARP14,0.75,3,3,1.0,0.99007165,0.9824304033333333
PARP2,0.75,3,3,1.0,0.9491043,0.9282175533333333
PAX4,0.75,3,3,1.0,0.9789817,0.9733633233333333
PCDHB8,0.75,3,3,1.0,0.98220706,0.9670448533333333
PCDHGC4,0.75,3,3,1.0,0.9826659,0.9433146466666668
PCYOX1L,0.75,3,3,1.0,0.9909882,0.9257195
PDE5A,0.75,3,3,1.0,0.9840726,0.9640674233333333
PDGFRL,0.75,3,3,1.0,0.8934166,0.88922595
PDHA1,0.75,3,3,1.0,0.9683906,0.9149662333333333
PELI2,0.75,3,3,1.0,0.89070624,0.8786943799999999
PFKP,0.75,3,3,1.0,0.9914472,0.9914109666666667
PGM3,0.75,3,3,1.0,0.9259554,0.8954962033333334
PGPEP1,0.75,3,3,1.0,0.9783077,0.98036538
PHACTR2,0.75,3,3,1.0,0.98879004,0.9615722466666666
PHLDB1,0.75,3,3,1.0,0.98967546,0.9895614199999999
PLCXD1,0.75,3,3,1.0,0.9739649,0.9164877166666666
PLPPR2,0.75,3,3,1.0,0.98716277,0.9877994666666666
POLR1B,0.75,3,3,1.0,0.981061,0.9228262666666667
PPEF1,0.75,3,3,1.0,0.929919,0.9201494333333334
PPM1J,0.75,3,3,1.0,0.98386335,0.98223136
PRAMEF1,0.75,3,3,1.0,0.99147874,0.99086098
PRCP,0.75,3,3,1.0,0.967226,0.94944792
PREP,0.75,3,3,1.0,0.8371934,0.8709359866666667
PREPL,0.75,3,3,1.0,0.96624047,0.96649251
PRKAA2,0.75,3,3,1.0,0.990462,0.9897321
PRKG1,0.75,3,3,1.0,0.9658694,0.9447712199999999
PRODH2,0.75,3,3,1.0,0.9779025,0.9686955300000001
PSMD12,0.75,3,3,1.0,0.98444647,0.9439158066666667
PSPH,0.75,3,3,1.0,0.99138075,0.9843934166666667
PTCD1,0.75,3,3,1.0,0.99119955,0.9895255500000001
PTGS2,0.75,3,3,1.0,0.99145716,0.93468631
PTPN12,0.75,3,3,1.0,0.98085177,0.9818540233333334
PVR,0.75,3,3,1.0,0.9783116,0.9099145233333333
PYGL,0.75,3,3,1.0,0.8989144,0.8911360466666668
QARS1,0.75,3,3,1.0,0.99147534,0.9911108033333335
RAB3C,0.75,3,3,1.0,0.9693634,0.9455302
RAD23B,0.75,3,3,1.0,0.93670696,0.9394134366666668
RAE1,0.75,3,3,1.0,0.99134845,0.9913486499999999
RALGAPB,0.75,3,3,1.0,0.9256249,0.9274605666666668
RAMP3,0.75,3,3,1.0,0.99104357,0.9886112566666666
RAPGEF3,0.75,3,3,1.0,0.9902856,0.9897086333333333
RAPGEF4,0.75,3,3,1.0,0.98019356,0.9242145533333334
RBBP5,0.75,3,3,1.0,0.9765559,0.9691607466666667
RBM28,0.75,3,3,1.0,0.9606259,0.9274865666666666
RGL3,0.75,3,3,1.0,0.99137384,0.9913812133333333
RINT1,0.75,3,3,1.0,0.9790299,0.9825125866666666
RNASE10,0.75,3,3,1.0,0.97447544,0.9619524466666666
RND3,0.75,3,3,1.0,0.9539361,0.9368866666666666
RNF128,0.75,3,3,1.0,0.92296153,0.9391653433333333
RNF144A,0.75,3,3,1.0,0.99150276,0.9475697200000001
RNF214,0.75,3,3,1.0,0.9914308,0.99144651
RPL30,0.75,3,3,1.0,0.9671581,0.9686684099999999
RRAGD,0.75,3,3,1.0,0.9856248,0.97248119
RSPRY1,0.75,3,3,1.0,0.9912641,0.99071115
RTBDN,0.75,3,3,1.0,0.9787839,0.9785299666666667
RTN4IP1,0.75,3,3,1.0,0.9823261,0.9649195
RTRAF,0.75,3,3,1.0,0.98733807,0.9868193399999999
RUNX1,0.75,3,3,1.0,0.98571277,0.9213469366666667
RYBP,0.75,3,3,1.0,0.97550064,0.9649518533333333
SASS6,0.75,3,3,1.0,0.9914001,0.9913260199999999
SDAD1,0.75,3,3,1.0,0.9913441,0.9896191
SEC24D,0.75,3,3,1.0,0.9741425,0.9780440133333332
SEC61A2,0.75,3,3,1.0,0.9789488,0.9812801133333333
SENP6,0.75,3,3,1.0,0.955745,0.9544538
SEPTIN10,0.75,3,3,1.0,0.960257,0.9609757800000001
SEPTIN12,0.75,3,3,1.0,0.97550255,0.9629043066666666
SESN1,0.75,3,3,1.0,0.9699847,0.9199261333333334
SFMBT2,0.75,3,3,1.0,0.9904963,0.9890518666666667
SHLD1,0.75,3,3,1.0,0.9717932,0.9597104200000001
SIGLEC1,0.75,3,3,1.0,0.9425577,0.9359483000000001
SIK3,0.75,3,3,1.0,0.9006673,0.90687391
SIL1,0.75,3,3,1.0,0.99127823,0.9865724833333332
SLC12A9,0.75,3,3,1.0,0.9899038,0.9869517999999999
SLC13A1,0.75,3,3,1.0,0.9845953,0.9813959666666667
SLC1A1,0.75,3,3,1.0,0.9763991,0.9434311666666666
SLC25A14,0.75,3,3,1.0,0.9914307,0.9790570000000001
SLC2A12,0.75,3,3,1.0,0.97343916,0.96060662
SLC2A13,0.75,3,3,1.0,0.99038833,0.9567840066666666
SLC36A3,0.75,3,3,1.0,0.93844545,0.9232027166666666
SLC38A10,0.75,3,3,1.0,0.9650814,0.9453322000000001
SLC39A8,0.75,3,3,1.0,0.99127114,0.95591018
SLC5A3,0.75,3,3,1.0,0.9909898,0.98641998
SLC7A10,0.75,3,3,1.0,0.9910734,0.98635164
SLC8A1,0.75,3,3,1.0,0.96980697,0.9592102733333334
SLX4IP,0.75,3,3,1.0,0.98965317,0.98794234
SMC4,0.75,3,3,1.0,0.98986197,0.96515659
SMG5,0.75,3,3,1.0,0.98084795,0.9816787166666666
SMPDL3B,0.75,3,3,1.0,0.9914683,0.9912512000000001
SNX19,0.75,3,3,1.0,0.991512,0.9912109466666666
SNX27,0.75,3,3,1.0,0.9912902,0.9891389866666667
SOAT1,0.75,3,3,1.0,0.9907494,0.9799878
SPDL1,0.75,3,3,1.0,0.9914511,0.981834
SPDYE1,0.75,3,3,1.0,0.97010136,0.9520049199999999
SPRYD4,0.75,3,3,1.0,0.9208648,0.9108150533333333
SPTLC1,0.75,3,3,1.0,0.9914717,0.9914654766666667
SSRP1,0.75,3,3,1.0,0.9637356,0.9176903
STAP1,0.75,3,3,1.0,0.9860211,0.9809671433333333
STARD3NL,0.75,3,3,1.0,0.9913851,0.9868519433333334
STAU2,0.75,3,3,1.0,0.97682095,0.9533838233333333
STIL,0.75,3,3,1.0,0.9838207,0.9095691333333334
STK39,0.75,3,3,1.0,0.9173513,0.9208404
SUPT20HL1,0.75,3,3,1.0,0.899482,0.91229248
TBC1D3B,0.75,3,3,1.0,0.99121666,0.9894776200000001
TBP,0.75,3,3,1.0,0.98864263,0.9731826566666667
TBX6,0.75,3,3,1.0,0.9886475,0.9861024333333334
TCAF1,0.75,3,3,1.0,0.99069095,0.9900439666666667
TCEAL5,0.75,3,3,1.0,0.99127734,0.9749345333333334
TCEAL6,0.75,3,3,1.0,0.92847353,0.9426217966666667
TCERG1,0.75,3,3,1.0,0.9912726,0.9697881333333332
TDO2,0.75,3,3,1.0,0.97311574,0.9639281233333333
TERB2,0.75,3,3,1.0,0.95803916,0.9458255966666668
TEX10,0.75,3,3,1.0,0.9239576,0.92423442
TEX101,0.75,3,3,1.0,0.98342127,0.97904407
TEX29,0.75,3,3,1.0,0.988069,0.9884608
TEX55,0.75,3,3,1.0,0.99141043,0.9795298766666667
TFAP2B,0.75,3,3,1.0,0.98776025,0.9194318066666667
TIMM44,0.75,3,3,1.0,0.9558144,0.9555424333333334
TJAP1,0.75,3,3,1.0,0.8785925,0.9000149333333334
TM4SF20,0.75,3,3,1.0,0.9715694,0.9587696333333332
TM7SF2,0.75,3,3,1.0,0.97983974,0.9802728366666668
TMEM144,0.75,3,3,1.0,0.99025947,0.9591621433333334
TMEM181,0.75,3,3,1.0,0.97339004,0.97422705
TMEM200C,0.75,3,3,1.0,0.991318,0.9903014233333334
TMEM38A,0.75,3,3,1.0,0.9789265,0.9544753666666667
TMEM45B,0.75,3,3,1.0,0.99127674,0.9878741666666667
TMPRSS11E,0.75,3,3,1.0,0.970192,0.9707167999999999
TMTC4,0.75,3,3,1.0,0.9188082,0.93283996
TNFAIP8L3,0.75,3,3,1.0,0.9645493,0.9596328500000001
TPH1,0.75,3,3,1.0,0.9914791,0.9894706333333333
TPST1,0.75,3,3,1.0,0.96170926,0.9645593166666666
TRAM1L1,0.75,3,3,1.0,0.9186636,0.8853767866666667
TRBV3-1,0.75,3,3,1.0,0.99056774,0.9842504433333333
TRBV4-1,0.75,3,3,1.0,0.9913966,0.9840468566666667
TRHR,0.75,3,3,1.0,0.991098,0.9728696566666667
TRIM27,0.75,3,3,1.0,0.9886457,0.9194081533333334
TRIM65,0.75,3,3,1.0,0.98408276,0.9753167733333333
TRMT10B,0.75,3,3,1.0,0.9742654,0.9713119866666666
TRO,0.75,3,3,1.0,0.99146336,0.9912110033333333
TSPAN12,0.75,3,3,1.0,0.9898807,0.9763506666666667
TTPAL,0.75,3,3,1.0,0.9621005,0.9689904666666666
TUBA1C,0.75,3,3,1.0,0.9709456,0.9750132366666667
TUBA4A,0.75,3,3,1.0,0.98874193,0.9683043233333333
TULP1,0.75,3,3,1.0,0.9895237,0.9576737233333333
TUT7,0.75,3,3,1.0,0.9904351,0.9906623333333333
TXNIP,0.75,3,3,1.0,0.97606885,0.9803290666666666
UBE3D,0.75,3,3,1.0,0.971754,0.9710380533333334
UBQLNL,0.75,3,3,1.0,0.9649324,0.9241142466666666
UBR3,0.75,3,3,1.0,0.90822387,0.9233148733333333
UGT2A2,0.75,3,3,1.0,0.9890983,0.98385698
USP14,0.75,3,3,1.0,0.9913361,0.9493245433333334
VAV3,0.75,3,3,1.0,0.97394377,0.9305469333333334
VEPH1,0.75,3,3,1.0,0.9872343,0.9883904333333332
VN1R4,0.75,3,3,1.0,0.97316426,0.9765951333333334
VWC2,0.75,3,3,1.0,0.9912443,0.9178327233333333
WAPL,0.75,3,3,1.0,0.9913681,0.9893412766666666
WASF3,0.75,3,3,1.0,0.97331774,0.9702048799999999
WDR35,0.75,3,3,1.0,0.9788578,0.9825091133333334
WDR92,0.75,3,3,1.0,0.96028864,0.9673312800000001
WNT4,0.75,3,3,1.0,0.9869524,0.95338081
YTHDF2,0.75,3,3,1.0,0.9550698,0.9395933166666666
ZBBX,0.75,3,3,1.0,0.98645324,0.9868556633333334
ZC3H7A,0.75,3,3,1.0,0.9901724,0.9481075333333333
ZKSCAN1,0.75,3,3,1.0,0.9911412,0.9905598966666668
ZKSCAN3,0.75,3,3,1.0,0.98602015,0.9724197766666668
ZNF112,0.75,3,3,1.0,0.9796708,0.9799622666666666
ZNF14,0.75,3,3,1.0,0.9909897,0.9898261466666667
ZNF205,0.75,3,3,1.0,0.9737178,0.9731439000000001
ZNF3,0.75,3,3,1.0,0.99081135,0.99059119
ZNF347,0.75,3,3,1.0,0.99074286,0.98958132
ZNF366,0.75,3,3,1.0,0.9728027,0.9602039666666666
ZNF417,0.75,3,3,1.0,0.9853566,0.9847783666666667
ZNF473,0.75,3,3,1.0,0.9909011,0.9667505533333333
ZNF578,0.75,3,3,1.0,0.9879992,0.9872880566666667
ZNF630,0.75,3,3,1.0,0.9602885,0.9663149333333333
ZNF662,0.75,3,3,1.0,0.9658361,0.9362450833333332
ZNF700,0.75,3,3,1.0,0.89385706,0.9217448199999999
ZNF768,0.75,3,3,1.0,0.99145013,0.99080177
ZNF77,0.75,3,3,1.0,0.9651409,0.9613366999999999
ZNF875,0.75,3,3,1.0,0.9911412,0.9867678266666667
ZPBP2,0.75,3,3,1.0,0.9885428,0.9770048533333333
ZYX,0.75,3,3,1.0,0.9727825,0.9595750833333333
ACP3,0.75,4,3,0.75,0.9587405,0.8206347549999999
ACTBL2,0.75,4,3,0.75,0.91000188,0.8175641325
ACVR1C,0.75,4,3,0.75,0.93821965,0.7173822759
ADAM9,0.75,4,3,0.75,0.95237935,0.898682565
ADCY2,0.75,4,3,0.75,0.96552175,0.7362095005
AGFG1,0.75,4,3,0.75,0.9203339,0.71290465175
AGPAT4,0.75,4,3,0.75,0.92971227,0.7126959100000917
AGTPBP1,0.75,4,3,0.75,0.97291752,0.8262882675
AKAP17A,0.75,4,3,0.75,0.951111165,0.8114305375
ALDH3B2,0.75,4,3,0.75,0.893006655,0.81215679
ANGEL2,0.75,4,3,0.75,0.918734075,0.70721717231
ANO9,0.75,4,3,0.75,0.9865616,0.75166882125
AQP9,0.75,4,3,0.75,0.98345637,0.8518555675
ARHGAP18,0.75,4,3,0.75,0.981518085,0.7386298304422501
ARHGAP29,0.75,4,3,0.75,0.99101642,0.75100252175
ARHGAP5,0.75,4,3,0.75,0.88256975,0.8338350675
ARHGEF19,0.75,4,3,0.75,0.960392015,0.879487445
ARHGEF40,0.75,4,3,0.75,0.898835975,0.83263051
ARMC6,0.75,4,3,0.75,0.94149935,0.8021286625
ART4,0.75,4,3,0.75,0.88474095,0.7468940525
ASB15,0.75,4,3,0.75,0.9887529349999999,0.8980179675
ATP13A5,0.75,4,3,0.75,0.9743126049999999,0.734423406925
ATP1A4,0.75,4,3,0.75,0.9725783800000001,0.7808144425
ATP2B4,0.75,4,3,0.75,0.9867239999999999,0.9119090249999999
ATP6V0A1,0.75,4,3,0.75,0.972798,0.7514644675
BCL6B,0.75,4,3,0.75,0.814709915,0.74284339
BCL9,0.75,4,3,0.75,0.834877935,0.665091661885
BEST3,0.75,4,3,0.75,0.98755585,0.886694925
BICC1,0.75,4,3,0.75,0.988225045,0.787195065
BTBD9,0.75,4,3,0.75,0.9131159,0.760599465
BTK,0.75,4,3,0.75,0.90078152,0.6971891904
BUB1,0.75,4,3,0.75,0.8608682249999999,0.67770441925
C10orf90,0.75,4,3,0.75,0.941941055,0.7196241288
CA8,0.75,4,3,0.75,0.8685955249999999,0.6788729200034802
CARM1,0.75,4,3,0.75,0.98988018,0.742753599396878
CASD1,0.75,4,3,0.75,0.98613035,0.808584135
CCAR2,0.75,4,3,0.75,0.8813434149999999,0.68846101225
CCDC173,0.75,4,3,0.75,0.97137235,0.8134877425
CCDC27,0.75,4,3,0.75,0.9792272,0.7750020125
CCDC6,0.75,4,3,0.75,0.990172435,0.8832266424999999
CCDC66,0.75,4,3,0.75,0.8964682500000001,0.6961039237973
CCDC7,0.75,4,3,0.75,0.9810487999999999,0.738335597659925
CCL14,0.75,4,3,0.75,0.9501228049999999,0.86963154
CCT6B,0.75,4,3,0.75,0.99103467,0.8260145050000001
CDC42BPB,0.75,4,3,0.75,0.962346495,0.7290370319804
CDH13,0.75,4,3,0.75,0.90141318,0.6985573160945066
CDH16,0.75,4,3,0.75,0.9800191,0.860178225
CDKAL1,0.75,4,3,0.75,0.859386625,0.6777076882824999
CELF5,0.75,4,3,0.75,0.9435725,0.7151360459475
CEP135,0.75,4,3,0.75,0.9764781,0.9117031175
CEP164,0.75,4,3,0.75,0.9910663,0.7434001077692239
CEP290,0.75,4,3,0.75,0.9540232,0.7248880820374
CHST1,0.75,4,3,0.75,0.9692209199999999,0.7324409381571
CKAP2,0.75,4,3,0.75,0.9506258999999999,0.8111119575
CKMT1B,0.75,4,3,0.75,0.8426488999999999,0.852869275
CLU,0.75,4,3,0.75,0.98602043,0.77926945
CNTRL,0.75,4,3,0.75,0.98652292,0.9135434025
COL10A1,0.75,4,3,0.75,0.93301205,0.79164342
COLGALT2,0.75,4,3,0.75,0.9898616950000001,0.7507130875
COPG1,0.75,4,3,0.75,0.9731460999999999,0.8555623474999999
COPG2,0.75,4,3,0.75,0.9593978000000001,0.8402879050000001
CPNE4,0.75,4,3,0.75,0.90781868,0.7891295549999999
CPXCR1,0.75,4,3,0.75,0.9536374350000001,0.7210114925000142
CSPP1,0.75,4,3,0.75,0.97758225,0.7366672317306
CXADR,0.75,4,3,0.75,0.833204775,0.7148626075
CXXC1,0.75,4,3,0.75,0.85344417,0.7492334925
CYP11B1,0.75,4,3,0.75,0.907547865,0.8678237575000001
CYP1A2,0.75,4,3,0.75,0.9004238,0.867660875
CYP2D6,0.75,4,3,0.75,0.91068473,0.70087451165
DAB2IP,0.75,4,3,0.75,0.9897508500000001,0.7426731005030265
DAGLA,0.75,4,3,0.75,0.97854084,0.87670077
DDX10,0.75,4,3,0.75,0.9834808,0.8054745075
DDX54,0.75,4,3,0.75,0.9891664499999999,0.742444525000935
DGCR2,0.75,4,3,0.75,0.949654085,0.7226450500009853
DHX40,0.75,4,3,0.75,0.9893772000000001,0.7728411225
DIABLO,0.75,4,3,0.75,0.9308643999999999,0.8129444375
DMTF1,0.75,4,3,0.75,0.9344737750000001,0.7737842925
DNAJB8,0.75,4,3,0.75,0.9776804450000001,0.8348245875
DNAJC1,0.75,4,3,0.75,0.9775422149999999,0.899974575
DNAJC2,0.75,4,3,0.75,0.98394002,0.73982236344325
DNM1,0.75,4,3,0.75,0.8733667,0.6845522760965668
DNMT3B,0.75,4,3,0.75,0.8536551,0.6798804105
DRD2,0.75,4,3,0.75,0.982008,0.8250483975
DYRK4,0.75,4,3,0.75,0.985245495,0.7497611525
DZANK1,0.75,4,3,0.75,0.9913512,0.779637385
EBF3,0.75,4,3,0.75,0.97984005,0.8833471825
EEF1AKMT4-ECE2,0.75,4,3,0.75,0.99142925,0.7437153815399999
EEF2K,0.75,4,3,0.75,0.92241045,0.709187049125
EIF3M,0.75,4,3,0.75,0.973137,0.8463351875
ELOVL2,0.75,4,3,0.75,0.99068438,0.8186808999999999
ELOVL4,0.75,4,3,0.75,0.94471768,0.871475475
ENC1,0.75,4,3,0.75,0.7775682500000001,0.7022991675
ERAP2,0.75,4,3,0.75,0.97126019,0.7337405003874999
ESCO1,0.75,4,3,0.75,0.9870578299999999,0.8732807225
ETAA1,0.75,4,3,0.75,0.9653212449999999,0.8241136824999999
ETS1,0.75,4,3,0.75,0.98182068,0.806578795
EVC,0.75,4,3,0.75,0.9815541999999999,0.738653532595526
FARSA,0.75,4,3,0.75,0.98682922,0.7411783386025
FASTKD5,0.75,4,3,0.75,0.90963538,0.766083555
FBP2,0.75,4,3,0.75,0.97159105,0.740565375
FEZ2,0.75,4,3,0.75,0.96002528,0.72749960985
FGFR3,0.75,4,3,0.75,0.91953163,0.707628772593716
FGG,0.75,4,3,0.75,0.9187916700000001,0.863086885
FGL1,0.75,4,3,0.75,0.90483605,0.7778906050000001
FOLH1,0.75,4,3,0.75,0.93325715,0.8570773975
G3BP2,0.75,4,3,0.75,0.976461,0.73809207325
GARRE1,0.75,4,3,0.75,0.990499135,0.8947847175
GBP1,0.75,4,3,0.75,0.826338535,0.7491691225
GCK,0.75,4,3,0.75,0.9882901,0.779618225
GIGYF2,0.75,4,3,0.75,0.9337750199999999,0.7103885112299999
GIMAP8,0.75,4,3,0.75,0.98654582,0.90293973
GIPC1,0.75,4,3,0.75,0.98372215,0.759049055
GK2,0.75,4,3,0.75,0.95238115,0.7241158597
GLIPR1,0.75,4,3,0.75,0.9270372499999999,0.7538693599999999
GLP1R,0.75,4,3,0.75,0.89230777,0.6889546107597855
GLYCTK,0.75,4,3,0.75,0.967232035,0.74477287675
GNGT2,0.75,4,3,0.75,0.964830815,0.8017889575
GOLM1,0.75,4,3,0.75,0.9729535,0.7343415705758249
GPR45,0.75,4,3,0.75,0.9480685,0.7178391752002871
GPR50,0.75,4,3,0.75,0.91771615,0.70554681608225
GPR61,0.75,4,3,0.75,0.96170588,0.7841395250000001
GPRIN2,0.75,4,3,0.75,0.9759826,0.8362695250000001
GPS1,0.75,4,3,0.75,0.97257493,0.7801999875
GRK2,0.75,4,3,0.75,0.9474315499999999,0.772437225
GSDMA,0.75,4,3,0.75,0.958114515,0.816742065
GTF2IRD1,0.75,4,3,0.75,0.955722095,0.747858505
HAS2,0.75,4,3,0.75,0.94751378,0.90040956
HASPIN,0.75,4,3,0.75,0.9360492650000001,0.8762423075
HCN2,0.75,4,3,0.75,0.98631135,0.741030686180575
HCRTR1,0.75,4,3,0.75,0.92658157,0.89281303
HDAC1,0.75,4,3,0.75,0.87747135,0.8396595225
HERPUD2,0.75,4,3,0.75,0.9852352449999999,0.740752956625
HMBOX1,0.75,4,3,0.75,0.99132037,0.7678711075
HNF1A,0.75,4,3,0.75,0.97733331,0.84827349
HPN,0.75,4,3,0.75,0.98992375,0.879509635
HR,0.75,4,3,0.75,0.9568951,0.726483401475
HS3ST3A1,0.75,4,3,0.75,0.9147244999999999,0.8414906375
HSF2,0.75,4,3,0.75,0.978655,0.893824725
HTR1F,0.75,4,3,0.75,0.933911575,0.805486505
IFIT5,0.75,4,3,0.75,0.95918581,0.81718782
IGF2BP3,0.75,4,3,0.75,0.9450852350000001,0.72318415875
IL1RL1,0.75,4,3,0.75,0.89102565,0.744506295
IL2RA,0.75,4,3,0.75,0.8989779,0.7276729925
IL4I1,0.75,4,3,0.75,0.950607565,0.7231650477693621
IL7R,0.75,4,3,0.75,0.991416765,0.7550619412499999
INTS10,0.75,4,3,0.75,0.8956933300000001,0.830818715
IPP,0.75,4,3,0.75,0.9610685699999999,0.7360452237499999
IQUB,0.75,4,3,0.75,0.888259295,0.8060041600000001
IRAK4,0.75,4,3,0.75,0.9839989650000001,0.8758969050000001
ISLR,0.75,4,3,0.75,0.8412304500000001,0.7980061925
KCNC4,0.75,4,3,0.75,0.9509249500000001,0.7519644725
KCNH2,0.75,4,3,0.75,0.90988035,0.8086651825
KCNS3,0.75,4,3,0.75,0.84870965,0.8387763175
KCTD19,0.75,4,3,0.75,0.906305965,0.7469400325
KIF13A,0.75,4,3,0.75,0.989189875,0.742443788279266
KIF21B,0.75,4,3,0.75,0.95962605,0.7275088276850715
KLHL38,0.75,4,3,0.75,0.990664225,0.7850995475
KRT12,0.75,4,3,0.75,0.9123458799999999,0.7010411467425
KRT33B,0.75,4,3,0.75,0.9782936,0.899288125
LAMP3,0.75,4,3,0.75,0.98034537,0.87632551
LEO1,0.75,4,3,0.75,0.924841575,0.8797661125
LGALS14,0.75,4,3,0.75,0.96514045,0.8812547375
LHFPL1,0.75,4,3,0.75,0.94958985,0.7204613100290713
LPP,0.75,4,3,0.75,0.871254505,0.6874578075
LYN,0.75,4,3,0.75,0.977052325,0.75664971
MALT1,0.75,4,3,0.75,0.9882662,0.7916690875
MAMDC2,0.75,4,3,0.75,0.96993605,0.7331784779
MAP6,0.75,4,3,0.75,0.90507308,0.7853092475
MAP9,0.75,4,3,0.75,0.97324255,0.73421679245
MAPK9,0.75,4,3,0.75,0.8961153049999999,0.806952215
MARCHF6,0.75,4,3,0.75,0.985004125,0.8812948475
MC2R,0.75,4,3,0.75,0.8376571,0.8116613500000001
MCCC1,0.75,4,3,0.75,0.988162025,0.748286695
MCOLN1,0.75,4,3,0.75,0.9035545,0.6997479175
MEIS3,0.75,4,3,0.75,0.9624908750000001,0.785369365
MEST,0.75,4,3,0.75,0.9913437949999999,0.7979500549999999
MFN1,0.75,4,3,0.75,0.9445896149999999,0.72931168625
MIDEAS,0.75,4,3,0.75,0.95473955,0.7237923738755501
MIER3,0.75,4,3,0.75,0.9792281,0.737441061044225
MINDY4,0.75,4,3,0.75,0.9448175999999999,0.90069005
MLH3,0.75,4,3,0.75,0.85363195,0.69436901
MMP9,0.75,4,3,0.75,0.973879275,0.73485117182
MMS22L,0.75,4,3,0.75,0.942077475,0.8873748850000001
MROH7,0.75,4,3,0.75,0.856566845,0.8192061150000001
MS4A6A,0.75,4,3,0.75,0.9071475200000001,0.8291915225000001
MTMR2,0.75,4,3,0.75,0.988156525,0.7827677525
MX1,0.75,4,3,0.75,0.93668775,0.8162071500000001
MYCBPAP,0.75,4,3,0.75,0.98634285,0.9017518025
MYF5,0.75,4,3,0.75,0.924244175,0.867446225
MYRF,0.75,4,3,0.75,0.89969346,0.6979606569
NBEAL1,0.75,4,3,0.75,0.84549898,0.6673252519325
NCR1,0.75,4,3,0.75,0.874043585,0.6711383791625
NECAB1,0.75,4,3,0.75,0.9699765499999999,0.7326419750026273
NFXL1,0.75,4,3,0.75,0.8694489000000001,0.7709257925
NINL,0.75,4,3,0.75,0.8798925,0.79314778
NSUN5,0.75,4,3,0.75,0.945577385,0.8630849924999999
NUP107,0.75,4,3,0.75,0.9459408499999999,0.75966031
NXPH1,0.75,4,3,0.75,0.9596247149999999,0.89540152
OPCML,0.75,4,3,0.75,0.89530387,0.8318669925
OPRL1,0.75,4,3,0.75,0.972241915,0.7391871955
OR10H1,0.75,4,3,0.75,0.99123042,0.8703878625
OR10V1,0.75,4,3,0.75,0.9757135299999999,0.8908640800000001
OR2F2,0.75,4,3,0.75,0.9692240249999999,0.806715705
OR2L8,0.75,4,3,0.75,0.890045765,0.85767577
OR2T1,0.75,4,3,0.75,0.98967978,0.8225265900000001
OR2T27,0.75,4,3,0.75,0.9573083499999999,0.722868015609
OR4N2,0.75,4,3,0.75,0.9048637150000001,0.69996808054375
OR4Q3,0.75,4,3,0.75,0.9573474200000001,0.7216681363080752
OR52E8,0.75,4,3,0.75,0.99140675,0.8704127675
OR52H1,0.75,4,3,0.75,0.8410275,0.7147458
OR5K2,0.75,4,3,0.75,0.98918353,0.8210492724999999
OR5L2,0.75,4,3,0.75,0.889573125,0.7061061985
OR5M8,0.75,4,3,0.75,0.90630835,0.70102080329425
OR6C3,0.75,4,3,0.75,0.9839675400000001,0.841453545
OR8A1,0.75,4,3,0.75,0.97563382,0.90565531
OR8G2P,0.75,4,3,0.75,0.97553405,0.73711271665
OR9A4,0.75,4,3,0.75,0.9723943349999999,0.7342815391499999
OSBP,0.75,4,3,0.75,0.9359919,0.79274688
OSBPL6,0.75,4,3,0.75,0.905643535,0.70652467325
P3H2,0.75,4,3,0.75,0.94034515,0.71892053975
PCDHB2,0.75,4,3,0.75,0.866991525,0.692537495
PCIF1,0.75,4,3,0.75,0.914379635,0.7331603600000001
PCYT1A,0.75,4,3,0.75,0.990636625,0.808565375
PFKL,0.75,4,3,0.75,0.85393988,0.674776690004686
PGGHG,0.75,4,3,0.75,0.9077985749999999,0.75473983
PHF21A,0.75,4,3,0.75,0.9135234,0.827463605
PHKB,0.75,4,3,0.75,0.949119575,0.7974255175
PIAS3,0.75,4,3,0.75,0.98021637,0.7971684225
PIK3CD,0.75,4,3,0.75,0.95677935,0.77460186
PIP5K1B,0.75,4,3,0.75,0.97628135,0.7778952975
PLIN2,0.75,4,3,0.75,0.91881802,0.79429796
PNLDC1,0.75,4,3,0.75,0.9279803799999999,0.7524105175
PON3,0.75,4,3,0.75,0.961319275,0.740561703
PPAN-P2RY11,0.75,4,3,0.75,0.9081935,0.7239745875
PPARGC1A,0.75,4,3,0.75,0.9761134499999999,0.7922842175
PPFIA1,0.75,4,3,0.75,0.84532407,0.7923247675
PPIP5K2,0.75,4,3,0.75,0.93223905,0.714160052365
PRDM1,0.75,4,3,0.75,0.93810955,0.71530046559125
PRICKLE2,0.75,4,3,0.75,0.84954832,0.6815907775
PRKAR2B,0.75,4,3,0.75,0.98140107,0.7443790325
PROC,0.75,4,3,0.75,0.93344575,0.749687225
PSG9,0.75,4,3,0.75,0.828591195,0.7890323375
PSME4,0.75,4,3,0.75,0.96761355,0.74804056
PTGER3,0.75,4,3,0.75,0.9127403000000001,0.7804572775
PTPDC1,0.75,4,3,0.75,0.84678175,0.8329078
QKI,0.75,4,3,0.75,0.8408026,0.772567305
RAB40A,0.75,4,3,0.75,0.9610034700000001,0.72963934905
RAB4B,0.75,4,3,0.75,0.9643867,0.8538114
RAD51C,0.75,4,3,0.75,0.98034712,0.73731667635
RAD54B,0.75,4,3,0.75,0.9664366200000001,0.7458271735
RASGRP2,0.75,4,3,0.75,0.972839165,0.7342701325671528
RASSF6,0.75,4,3,0.75,0.982131665,0.7389364600367979
RBM15,0.75,4,3,0.75,0.9633007650000001,0.8212000150000001
RBM33,0.75,4,3,0.75,0.91069193,0.700740316025675
RDH8,0.75,4,3,0.75,0.899786,0.8068647499999999
RFPL1,0.75,4,3,0.75,0.86322805,0.726326545
RFWD3,0.75,4,3,0.75,0.89521552,0.7989443725
RGS3,0.75,4,3,0.75,0.9543782199999999,0.7249727127465082
RIPK2,0.75,4,3,0.75,0.99135029,0.74394791135
RNF20,0.75,4,3,0.75,0.97987618,0.85354958
RP2,0.75,4,3,0.75,0.86191535,0.7347979175
RPAP1,0.75,4,3,0.75,0.9624661999999999,0.7300904590749999
RPS6KB1,0.75,4,3,0.75,0.8133849200000001,0.7372487525
RTEL1,0.75,4,3,0.75,0.98575108,0.8422673350000001
SAP130,0.75,4,3,0.75,0.97825363,0.8678907525
SATB1,0.75,4,3,0.75,0.93738223,0.715146484975
SCNN1D,0.75,4,3,0.75,0.97400972,0.764957745
SEC16B,0.75,4,3,0.75,0.866947115,0.7947678075
SEC31B,0.75,4,3,0.75,0.9712799,0.786481335
SEMA5B,0.75,4,3,0.75,0.9658698,0.770945395
SERPINB8,0.75,4,3,0.75,0.878735175,0.68724394921225
SERPINE1,0.75,4,3,0.75,0.98230593,0.776961505
SETD3,0.75,4,3,0.75,0.91149322,0.840865875
SETD7,0.75,4,3,0.75,0.845228375,0.7649209375
SFXN1,0.75,4,3,0.75,0.957515125,0.8279110974999999
SGCZ,0.75,4,3,0.75,0.98989662,0.805887625
SGK1,0.75,4,3,0.75,0.880607755,0.6832992927725
SGSM3,0.75,4,3,0.75,0.88196792,0.6888484816118174
SH3PXD2B,0.75,4,3,0.75,0.842114175,0.66115130125
SH3RF2,0.75,4,3,0.75,0.8814596,0.81320029
SH3YL1,0.75,4,3,0.75,0.9280421999999999,0.8644531
SIGLEC5,0.75,4,3,0.75,0.983156015,0.8136936925
SIMC1,0.75,4,3,0.75,0.928935555,0.7864900425
SIRT3,0.75,4,3,0.75,0.897744485,0.75567704
SKA2,0.75,4,3,0.75,0.90248578,0.6900677408224193
SLC10A4,0.75,4,3,0.75,0.89982149,0.8584826325
SLC15A2,0.75,4,3,0.75,0.8612234000000001,0.8337587900000001
SLC17A5,0.75,4,3,0.75,0.98053211,0.7380160931499999
SLC18A3,0.75,4,3,0.75,0.95703676,0.7263470551571691
SLC20A2,0.75,4,3,0.75,0.95768695,0.727674629575
SLC26A2,0.75,4,3,0.75,0.990224525,0.7491439825
SLC26A8,0.75,4,3,0.75,0.8726103000000001,0.7727866375
SLC27A1,0.75,4,3,0.75,0.9285593249999999,0.7121577922440567
SLC28A1,0.75,4,3,0.75,0.861311915,0.7876940425000001
SLC2A4,0.75,4,3,0.75,0.921663125,0.8021007275
SLC44A1,0.75,4,3,0.75,0.94175723,0.7189673411249999
SLC44A3,0.75,4,3,0.75,0.97821525,0.7477119249999999
SLC5A4,0.75,4,3,0.75,0.903253,0.6995051727880625
SLC6A1,0.75,4,3,0.75,0.98450543,0.7401238932837937
SLC7A13,0.75,4,3,0.75,0.92199685,0.7088239902333024
SLC9A1,0.75,4,3,0.75,0.95957302,0.737478375
SLCO4A1,0.75,4,3,0.75,0.85470486,0.6752232224106864
SLMAP,0.75,4,3,0.75,0.9770376,0.7361748114875
SLTM,0.75,4,3,0.75,0.9363372,0.7758114575
SMC2,0.75,4,3,0.75,0.95677703,0.756238889
SNCAIP,0.75,4,3,0.75,0.906315975,0.701000907392465
SNX9,0.75,4,3,0.75,0.94660922,0.7995526425
SOGA3,0.75,4,3,0.75,0.97453048,0.90512435
SP3,0.75,4,3,0.75,0.9239421649999999,0.857972795
SPATA22,0.75,4,3,0.75,0.911366105,0.7281998775
SPECC1,0.75,4,3,0.75,0.9759595,0.851109475
SPIC,0.75,4,3,0.75,0.9881469,0.8359200099999999
SPINT1,0.75,4,3,0.75,0.919908485,0.8547487675000001
SPOCK1,0.75,4,3,0.75,0.93101317,0.7353506224999999
SPRY3,0.75,4,3,0.75,0.87457355,0.6951649
SRPRA,0.75,4,3,0.75,0.87910355,0.6842402006871479
SRRT,0.75,4,3,0.75,0.7893591799999999,0.70736327
STAT1,0.75,4,3,0.75,0.94879625,0.811587805
STXBP2,0.75,4,3,0.75,0.91313998,0.801386725
SUV39H2,0.75,4,3,0.75,0.926691825,0.72802166
SYT12,0.75,4,3,0.75,0.9792323199999999,0.8297238025
SYT6,0.75,4,3,0.75,0.9884875,0.826096855
TAF7L,0.75,4,3,0.75,0.86751567,0.67578521373
TAOK1,0.75,4,3,0.75,0.9902046600000001,0.9289114375
TAPT1,0.75,4,3,0.75,0.991265725,0.7572864475
TAS2R9,0.75,4,3,0.75,0.98690739,0.7803350075
TET2,0.75,4,3,0.75,0.95416227,0.90937156
THRAP3,0.75,4,3,0.75,0.9914183649999999,0.89533842
TINAG,0.75,4,3,0.75,0.960015575,0.83983132
TINF2,0.75,4,3,0.75,0.90917315,0.6988189277675
TJP2,0.75,4,3,0.75,0.99008535,0.743220330575
TKTL1,0.75,4,3,0.75,0.96136365,0.73760084675
TLR3,0.75,4,3,0.75,0.8996902,0.8216630675
TMEM104,0.75,4,3,0.75,0.9618929700000001,0.793117245
TMEM215,0.75,4,3,0.75,0.9789761,0.9192136125
TMEM94,0.75,4,3,0.75,0.93639905,0.82520013
TNKS1BP1,0.75,4,3,0.75,0.90530128,0.7431830925
TOP1MT,0.75,4,3,0.75,0.99085433,0.74329258660826
TOP2A,0.75,4,3,0.75,0.9784929,0.737103370734
TOPBP1,0.75,4,3,0.75,0.92461383,0.7548515425
TOX,0.75,4,3,0.75,0.939490085,0.7384984665
TOX3,0.75,4,3,0.75,0.987960875,0.91904913
TPCN1,0.75,4,3,0.75,0.9550850799999999,0.8645096999999999
TPSD1,0.75,4,3,0.75,0.904638555,0.8712444725
TRA2A,0.75,4,3,0.75,0.9904671,0.8504038525
TRA2B,0.75,4,3,0.75,0.879685135,0.765395195
TRAF1,0.75,4,3,0.75,0.93510914,0.7131484601892906
TRAF3,0.75,4,3,0.75,0.8193569700000001,0.7428772475000001
TRAPPC9,0.75,4,3,0.75,0.99125297,0.74472929645
TREML1,0.75,4,3,0.75,0.9441233250000001,0.8095107075
TRIM23,0.75,4,3,0.75,0.838048825,0.8278791375
TRIM3,0.75,4,3,0.75,0.94999185,0.8516492625000001
TRIM46,0.75,4,3,0.75,0.9296374700000001,0.81690907
TRIP13,0.75,4,3,0.75,0.90744652,0.7066274375
TSSK1B,0.75,4,3,0.75,0.9676883700000001,0.9004520425
TTC6,0.75,4,3,0.75,0.917692245,0.830658435
TTLL12,0.75,4,3,0.75,0.9590496,0.7240102286654122
TXNRD1,0.75,4,3,0.75,0.91244468,0.83021409
TYRO3,0.75,4,3,0.75,0.89290771,0.694284921784675
TYRP1,0.75,4,3,0.75,0.98088592,0.851534035
UBA6,0.75,4,3,0.75,0.9570599,0.791659895
UGT8,0.75,4,3,0.75,0.9610399000000001,0.73539226
USP22,0.75,4,3,0.75,0.965009455,0.8720744874999999
USP33,0.75,4,3,0.75,0.991279605,0.8329095625
USP37,0.75,4,3,0.75,0.9700104,0.730247099225
USP54,0.75,4,3,0.75,0.97830114,0.80390054
USPL1,0.75,4,3,0.75,0.98102837,0.9103801775
VCL,0.75,4,3,0.75,0.982943925,0.8463477375
VCPIP1,0.75,4,3,0.75,0.9826755549999999,0.822432875
VPS18,0.75,4,3,0.75,0.88586835,0.848984825
VPS53,0.75,4,3,0.75,0.964952765,0.8572371725
VWA8,0.75,4,3,0.75,0.9788565,0.74008198375
WDPCP,0.75,4,3,0.75,0.981375545,0.73857832125
WIF1,0.75,4,3,0.75,0.947729,0.721741849661975
WSCD1,0.75,4,3,0.75,0.96289227,0.728252119
WT1,0.75,4,3,0.75,0.84800513,0.6593718846675
XYLT1,0.75,4,3,0.75,0.97387493,0.7951771825
YIPF6,0.75,4,3,0.75,0.92699888,0.891589225
ZBED1,0.75,4,3,0.75,0.9867456649999999,0.7909702825
ZFP64,0.75,4,3,0.75,0.9601084,0.7342471225
ZNF100,0.75,4,3,0.75,0.91912445,0.70380037762
ZNF135,0.75,4,3,0.75,0.85208416,0.7703335875
ZNF182,0.75,4,3,0.75,0.9729843499999999,0.7409056235
ZNF207,0.75,4,3,0.75,0.9902786800000001,0.872593705
ZNF257,0.75,4,3,0.75,0.940426835,0.718087093546925
ZNF267,0.75,4,3,0.75,0.9914047500000001,0.8664861275
ZNF285,0.75,4,3,0.75,0.9567559299999999,0.8218173799999999
ZNF302,0.75,4,3,0.75,0.935138785,0.7151344982438462
ZNF468,0.75,4,3,0.75,0.89664535,0.8483914825
ZNF483,0.75,4,3,0.75,0.902303725,0.6990215940560001
ZNF496,0.75,4,3,0.75,0.80218385,0.69178989
ZNF540,0.75,4,3,0.75,0.98057145,0.8950583
ZNF544,0.75,4,3,0.75,0.97120348,0.7334272150004267
ZNF599,0.75,4,3,0.75,0.96745178,0.77549611
ZNF623,0.75,4,3,0.75,0.976912985,0.736001413432633
ZNF664,0.75,4,3,0.75,0.983458015,0.7390165139926
ZNF674,0.75,4,3,0.75,0.84941968,0.83238934
ZNF862,0.75,4,3,0.75,0.92042397,0.7080342127478549
ZNF878,0.75,4,3,0.75,0.80772685,0.64706248522975
ZSCAN29,0.75,4,3,0.75,0.86721025,0.7813293349999999
AACS,0.75,5,3,0.6,0.9116225,0.69156681404
AC092718.9,0.75,5,3,0.6,0.83023524,0.5574652892829394
ACSM1,0.75,5,3,0.6,0.96587956,0.678391486
ACSM2A,0.75,5,3,0.6,0.94340646,0.78035454
ACTL9,0.75,5,3,0.6,0.95179045,0.8007482939999999
ACTR8,0.75,5,3,0.6,0.9577493,0.6845735964
ADGRG6,0.75,5,3,0.6,0.85702264,0.705941476
ADNP2,0.75,5,3,0.6,0.9699551,0.7358144959999999
AFP,0.75,5,3,0.6,0.89108574,0.6435065796
AHSA1,0.75,5,3,0.6,0.9115486,0.5698927745500459
AL353804.6,0.75,5,3,0.6,0.8528531,0.5627397422991824
ALDH1A2,0.75,5,3,0.6,0.85705423,0.70248006348
ANKAR,0.75,5,3,0.6,0.8458427,0.729745956
ANO6,0.75,5,3,0.6,0.8722406,0.7060096616
ARMCX2,0.75,5,3,0.6,0.81903756,0.811431672
ARSL,0.75,5,3,0.6,0.9166405,0.61033916724
ART1,0.75,5,3,0.6,0.8995585,0.7063008532376001
ASB10,0.75,5,3,0.6,0.87785393,0.59201423752
ATAD2,0.75,5,3,0.6,0.8746254,0.656035646685452
ATF7IP2,0.75,5,3,0.6,0.966714,0.830790626
ATP11B,0.75,5,3,0.6,0.89265317,0.58717573844
ATP6V1C1,0.75,5,3,0.6,0.958958,0.6817549061160115
ATXN2L,0.75,5,3,0.6,0.8597053,0.7017549707899999
BICD1,0.75,5,3,0.6,0.97240573,0.677397928
BRINP3,0.75,5,3,0.6,0.9481219,0.715863305
BRPF3,0.75,5,3,0.6,0.96872395,0.6366751458717758
BRS3,0.75,5,3,0.6,0.7796282,0.68038174
C18orf54,0.75,5,3,0.6,0.88830847,0.6386817628
CAMKK2,0.75,5,3,0.6,0.872046,0.5556739364426655
CAND2,0.75,5,3,0.6,0.93312573,0.57577043263472
CARMIL3,0.75,5,3,0.6,0.93229526,0.580110934386
CBLIF,0.75,5,3,0.6,0.97519964,0.5885791226462168
CCDC125,0.75,5,3,0.6,0.97843367,0.64237670872
CCDC141,0.75,5,3,0.6,0.80032814,0.54376450664958
CCDC33,0.75,5,3,0.6,0.7693025,0.66647015276
CD86,0.75,5,3,0.6,0.9790333,0.736267256
CDH11,0.75,5,3,0.6,0.8745093,0.656660818
CDH17,0.75,5,3,0.6,0.9813965,0.6190583438
CDHR5,0.75,5,3,0.6,0.96031994,0.6978818411232
CEACAM20,0.75,5,3,0.6,0.9575817,0.5870528542539559
CEP95,0.75,5,3,0.6,0.96499366,0.846696436
CFAP61,0.75,5,3,0.6,0.9487462,0.70733180087702
CHRND,0.75,5,3,0.6,0.97554296,0.726409006
CILP,0.75,5,3,0.6,0.7997688,0.7261128699999999
CIP2A,0.75,5,3,0.6,0.9737023,0.66913938970242
CNR1,0.75,5,3,0.6,0.89891094,0.68863847446
COL7A1,0.75,5,3,0.6,0.8879572,0.6505528960011466
CRACD,0.75,5,3,0.6,0.97062474,0.683848628858
CRISP3,0.75,5,3,0.6,0.9427929,0.6988499015018526
CSF2RB,0.75,5,3,0.6,0.87366134,0.617427379799
CWF19L2,0.75,5,3,0.6,0.9472041,0.6644541709231384
CYP2C18,0.75,5,3,0.6,0.83398175,0.5606039349710384
DCST1,0.75,5,3,0.6,0.99109274,0.681273262
DCSTAMP,0.75,5,3,0.6,0.8317955,0.652160003
DENND2A,0.75,5,3,0.6,0.81593734,0.5984477509999999
DENND4A,0.75,5,3,0.6,0.7843627,0.557451958035589
DGKE,0.75,5,3,0.6,0.96183,0.708035734329774
DHX36,0.75,5,3,0.6,0.94024074,0.6198679472
DMGDH,0.75,5,3,0.6,0.94951016,0.720672576
DNAJC10,0.75,5,3,0.6,0.8799872,0.66007203708
DNMT3A,0.75,5,3,0.6,0.840183,0.5896024394136
DOP1B,0.75,5,3,0.6,0.8186748,0.5894273760123989
DPPA4,0.75,5,3,0.6,0.9621828,0.740688338
DRP2,0.75,5,3,0.6,0.8406944,0.5365628721955928
DVL1,0.75,5,3,0.6,0.8745452,0.5534029103016211
EEF1A2,0.75,5,3,0.6,0.9005691,0.609549052940158
EHBP1L1,0.75,5,3,0.6,0.8009253,0.5540507420784302
EIF2S3,0.75,5,3,0.6,0.93450195,0.5736284100198326
EIF4G2,0.75,5,3,0.6,0.97639376,0.7497732939999999
ELAPOR1,0.75,5,3,0.6,0.96587354,0.66973616
ELF2,0.75,5,3,0.6,0.9639185,0.6183143048599999
ELOVL7,0.75,5,3,0.6,0.8755086,0.650829488
ELSPBP1,0.75,5,3,0.6,0.8520685,0.6163926586020001
EXD1,0.75,5,3,0.6,0.973449,0.7211537189999999
EXT2,0.75,5,3,0.6,0.9883377,0.63746709
FAM74A3,0.75,5,3,0.6,0.97693163,0.6170811074426216
FAM9A,0.75,5,3,0.6,0.97196084,0.5909839563690968
FANCA,0.75,5,3,0.6,0.98862594,0.704559705234
FBXO24,0.75,5,3,0.6,0.7714711,0.733181678
FECH,0.75,5,3,0.6,0.9703264,0.8347759760000001
FGFR1,0.75,5,3,0.6,0.9803223,0.59539206951
FGFR2,0.75,5,3,0.6,0.8400622,0.6562378499999999
FIZ1,0.75,5,3,0.6,0.89676934,0.60189529446
FMR1NB,0.75,5,3,0.6,0.879113,0.5611326182300217
FOXI1,0.75,5,3,0.6,0.89203423,0.6098695242561327
FYCO1,0.75,5,3,0.6,0.88533413,0.6812978980000001
GABRA2,0.75,5,3,0.6,0.9364909,0.64345461
GABRB1,0.75,5,3,0.6,0.85785544,0.8059251679999999
GABRD,0.75,5,3,0.6,0.9331439,0.7821496160000001
GALM,0.75,5,3,0.6,0.979658,0.5885986684734372
GALNT10,0.75,5,3,0.6,0.9232625,0.68013456828
GALNT14,0.75,5,3,0.6,0.95049083,0.788649318
GANAB,0.75,5,3,0.6,0.9375704,0.6245701626
GATA3,0.75,5,3,0.6,0.76625884,0.5097216806458086
GBA3,0.75,5,3,0.6,0.76990837,0.567068890061188
GBP3,0.75,5,3,0.6,0.8689175,0.6052984137052
GDF5,0.75,5,3,0.6,0.97859704,0.716478193
GLG1,0.75,5,3,0.6,0.8804188,0.5588237133020966
GLIS1,0.75,5,3,0.6,0.8203674,0.5445174513662903
GLYR1,0.75,5,3,0.6,0.8397466,0.6244442880000001
GML,0.75,5,3,0.6,0.98879284,0.7264874100000001
GNB1L,0.75,5,3,0.6,0.9909717,0.5947563581210795
GPI,0.75,5,3,0.6,0.96289706,0.6505125620800001
GPR142,0.75,5,3,0.6,0.7930768,0.5915358962945401
GPRASP2,0.75,5,3,0.6,0.90693146,0.578194982772
GRID2,0.75,5,3,0.6,0.8860986,0.574102120588
GRIK4,0.75,5,3,0.6,0.99112064,0.7388269279999999
HCAR3,0.75,5,3,0.6,0.9901827,0.6631332899
HKDC1,0.75,5,3,0.6,0.9908398,0.6126611658644029
HOXB1,0.75,5,3,0.6,0.9372032,0.611365936
HOXC11,0.75,5,3,0.6,0.7929497,0.638539372
HPS5,0.75,5,3,0.6,0.9460703,0.744983164
HS3ST1,0.75,5,3,0.6,0.8647998,0.726687626
HS6ST2,0.75,5,3,0.6,0.8497847,0.6109278472844311
IFT122,0.75,5,3,0.6,0.85867596,0.6815395661118
IGSF9B,0.75,5,3,0.6,0.77542156,0.5448337365187921
IMPDH1,0.75,5,3,0.6,0.8157806,0.63502177438
INTS1,0.75,5,3,0.6,0.9745257,0.6937962634
IQCA1,0.75,5,3,0.6,0.9727587,0.586509183235874
IRAG2,0.75,5,3,0.6,0.9832466,0.6674739040000001
IRS4,0.75,5,3,0.6,0.94876766,0.5917879846013765
ITGA1,0.75,5,3,0.6,0.86098874,0.8197859080000001
JAG1,0.75,5,3,0.6,0.80076647,0.588891664194524
KBTBD3,0.75,5,3,0.6,0.991323,0.63597156948
KCNA5,0.75,5,3,0.6,0.87600875,0.5687626888999999
KDM4B,0.75,5,3,0.6,0.88096863,0.5900459225800001
KIF1C,0.75,5,3,0.6,0.95638436,0.6151163273364559
KLKB1,0.75,5,3,0.6,0.9213488,0.628512088
KRT25,0.75,5,3,0.6,0.98278046,0.65818334734
KRT27,0.75,5,3,0.6,0.96589434,0.732992913
KRT73,0.75,5,3,0.6,0.9764781,0.762201772
KRT8,0.75,5,3,0.6,0.95004225,0.61054491662
KRTAP10-7,0.75,5,3,0.6,0.9849414,0.6701015619999999
KRTAP13-1,0.75,5,3,0.6,0.86962754,0.63085879
LATS1,0.75,5,3,0.6,0.9692078,0.850305544
LIG3,0.75,5,3,0.6,0.9700034,0.8587739620000001
LINGO4,0.75,5,3,0.6,0.9517942,0.5857895400013704
LMBRD1,0.75,5,3,0.6,0.97041434,0.62096394282
LNX1,0.75,5,3,0.6,0.97184515,0.826792466
LRRC30,0.75,5,3,0.6,0.94078505,0.7724962040000001
LRRC31,0.75,5,3,0.6,0.87553346,0.675495647
LRRIQ3,0.75,5,3,0.6,0.77975464,0.6298723940000001
LSMEM1,0.75,5,3,0.6,0.9856442,0.684542192
LZTS1,0.75,5,3,0.6,0.95259166,0.5845031183972
MACROD2,0.75,5,3,0.6,0.7881255,0.52255093654868
MAGEA10,0.75,5,3,0.6,0.95649606,0.5859826180193564
MAN2B1,0.75,5,3,0.6,0.8181321,0.5528523354007999
MAPK3,0.75,5,3,0.6,0.9897537,0.5945230290754
MASP1,0.75,5,3,0.6,0.85990757,0.663810914
MECR,0.75,5,3,0.6,0.83704925,0.6798034414534
MELTF,0.75,5,3,0.6,0.9561572,0.676793642
MEN1,0.75,5,3,0.6,0.9523426,0.6113896621887172
MGRN1,0.75,5,3,0.6,0.90098643,0.7052438708612732
MIA3,0.75,5,3,0.6,0.9651991,0.6813317019999999
MICAL1,0.75,5,3,0.6,0.97675085,0.7324175719999999
MMEL1,0.75,5,3,0.6,0.9893757,0.6919788852
MRGPRX4,0.75,5,3,0.6,0.8600989,0.5898965725322
MS4A3,0.75,5,3,0.6,0.8403383,0.815292372
MSH5,0.75,5,3,0.6,0.8164779,0.53415225753408
MTA2,0.75,5,3,0.6,0.9257816,0.64688508
MTHFD1L,0.75,5,3,0.6,0.8189095,0.5414428789338449
MTMR3,0.75,5,3,0.6,0.96290576,0.862399502
MTTP,0.75,5,3,0.6,0.83295,0.62720859502
MYO1F,0.75,5,3,0.6,0.9536055,0.73092316898
NAGA,0.75,5,3,0.6,0.8384272,0.609382026207119
NCOA5,0.75,5,3,0.6,0.92816347,0.785701638
NDST1,0.75,5,3,0.6,0.8677065,0.7871054040000001
NECTIN4,0.75,5,3,0.6,0.775362,0.5474001079999999
NEK6,0.75,5,3,0.6,0.9497448,0.605047802934256
NELL2,0.75,5,3,0.6,0.7879437,0.5293519962454429
NEU2,0.75,5,3,0.6,0.9360452,0.6186279756359999
NEXMIF,0.75,5,3,0.6,0.8826678,0.5696789829871282
NIPAL4,0.75,5,3,0.6,0.97278273,0.60067564352
NLRC5,0.75,5,3,0.6,0.80806434,0.747038576
NPR2,0.75,5,3,0.6,0.8724857,0.55867303764
NTAQ1,0.75,5,3,0.6,0.92653245,0.569541570334632
NUP133,0.75,5,3,0.6,0.9214319,0.6810055290996
NUP155,0.75,5,3,0.6,0.97604793,0.709676006
OCRL,0.75,5,3,0.6,0.9041213,0.5811053880012175
OFD1,0.75,5,3,0.6,0.8876121,0.5705034424166799
OOEP,0.75,5,3,0.6,0.96933395,0.587784472972974
OR13C9,0.75,5,3,0.6,0.951263,0.8434466799999999
OR51D1,0.75,5,3,0.6,0.9610126,0.728855542
OR52D1,0.75,5,3,0.6,0.95944303,0.6930934341999999
OR7G3,0.75,5,3,0.6,0.859933,0.67262098068748
OR8H3,0.75,5,3,0.6,0.7565691,0.705249258
OSBPL1A,0.75,5,3,0.6,0.94512147,0.62614802914
OTUD7B,0.75,5,3,0.6,0.95499647,0.6847162014
P3H1,0.75,5,3,0.6,0.9389258,0.757540894
PALLD,0.75,5,3,0.6,0.9257255,0.63393145693
PCDHGA7,0.75,5,3,0.6,0.88416183,0.6051826128
PDE11A,0.75,5,3,0.6,0.77671224,0.62490071332595
PDE3A,0.75,5,3,0.6,0.9738425,0.8652004400000001
PDE6C,0.75,5,3,0.6,0.75198895,0.6420525862816
PDIA4,0.75,5,3,0.6,0.98183537,0.670006640152312
PEAR1,0.75,5,3,0.6,0.82791233,0.6816912312
PGBD2,0.75,5,3,0.6,0.925017,0.64312985944
PHRF1,0.75,5,3,0.6,0.7609089,0.54709173204552
PIEZO2,0.75,5,3,0.6,0.98399043,0.6053959156
PIK3C2A,0.75,5,3,0.6,0.9911877,0.6681597459999999
PLCH2,0.75,5,3,0.6,0.83598435,0.5501501877450276
PLD1,0.75,5,3,0.6,0.91152316,0.695459532
PLEKHG4,0.75,5,3,0.6,0.9755105,0.6014689109026
PLEKHM3,0.75,5,3,0.6,0.97121847,0.8116601720000001
PLG,0.75,5,3,0.6,0.80667233,0.677164838
PLK3,0.75,5,3,0.6,0.9825151,0.6230323712359159
POC1B,0.75,5,3,0.6,0.84306914,0.57277708476459
POLR3C,0.75,5,3,0.6,0.7602513,0.587163938
POTED,0.75,5,3,0.6,0.9429441,0.5773270747294
PPP2R3A,0.75,5,3,0.6,0.95122564,0.72695018
PPP6R3,0.75,5,3,0.6,0.8750253,0.690545972
PRDM2,0.75,5,3,0.6,0.87957567,0.6024228041762429
PRMT7,0.75,5,3,0.6,0.99129105,0.5948614680077567
PRPF6,0.75,5,3,0.6,0.91655576,0.6772953240027839
PSMB11,0.75,5,3,0.6,0.962448,0.6272310584
PSMC4,0.75,5,3,0.6,0.99133587,0.750317146
PTCD2,0.75,5,3,0.6,0.8079049,0.796793654
PTPRK,0.75,5,3,0.6,0.931704,0.6373815826318721
QTRT1,0.75,5,3,0.6,0.9782493,0.5952934343120548
RABGEF1,0.75,5,3,0.6,0.97872865,0.718832336
RAD50,0.75,5,3,0.6,0.828833,0.726148596
RAD54L2,0.75,5,3,0.6,0.9694602,0.59008372845984
RAG2,0.75,5,3,0.6,0.7647225,0.5219299002
RAPGEF1,0.75,5,3,0.6,0.96142596,0.718066914
RBM10,0.75,5,3,0.6,0.90134823,0.573181717484193
RBM48,0.75,5,3,0.6,0.89527255,0.6032796303551999
REM1,0.75,5,3,0.6,0.92788845,0.7128988342221376
RGR,0.75,5,3,0.6,0.78766936,0.55396924894592
RHOH,0.75,5,3,0.6,0.9616596,0.5872956535085175
RICTOR,0.75,5,3,0.6,0.9823093,0.7800643620000001
RNF34,0.75,5,3,0.6,0.94922274,0.5856428117182515
ROR1,0.75,5,3,0.6,0.83524,0.695440174
RPH3A,0.75,5,3,0.6,0.9833055,0.7229960401512442
RRM1,0.75,5,3,0.6,0.9783149,0.70367018948
RRP8,0.75,5,3,0.6,0.9404872,0.653802404
RUNX2,0.75,5,3,0.6,0.9436121,0.6022714279
RXFP2,0.75,5,3,0.6,0.84409463,0.718781772
SCYL2,0.75,5,3,0.6,0.96695966,0.71057503484
SEMA6D,0.75,5,3,0.6,0.9699528,0.7235441435028
SERPINA6,0.75,5,3,0.6,0.78161615,0.724855644
SERPINB3,0.75,5,3,0.6,0.985537,0.59281860050082
SETX,0.75,5,3,0.6,0.99141073,0.5948668661276444
SFI1,0.75,5,3,0.6,0.98171705,0.72874413356
SH3TC2,0.75,5,3,0.6,0.98273647,0.8315336739999999
SIRPG,0.75,5,3,0.6,0.7765951,0.785322462
SLC1A2,0.75,5,3,0.6,0.88402224,0.6427462531
SLC22A11,0.75,5,3,0.6,0.85927486,0.55955150454
SLC5A12,0.75,5,3,0.6,0.95992666,0.778586084
SOS1,0.75,5,3,0.6,0.84756625,0.56210710042
SP4,0.75,5,3,0.6,0.9835533,0.700281166
SPATA5,0.75,5,3,0.6,0.83819187,0.60564421778
SPATC1,0.75,5,3,0.6,0.8046198,0.7159576000000001
SRBD1,0.75,5,3,0.6,0.97801745,0.782570006
SRPK2,0.75,5,3,0.6,0.97217935,0.6206645803999999
SRPK3,0.75,5,3,0.6,0.9781754,0.83950806
SSTR2,0.75,5,3,0.6,0.96210104,0.7192178639102
STAR,0.75,5,3,0.6,0.9557974,0.709324378434
STAT4,0.75,5,3,0.6,0.92571294,0.65345886752
SUFU,0.75,5,3,0.6,0.9801083,0.675721954834
SYK,0.75,5,3,0.6,0.9891788,0.594386601736414
SYNGAP1,0.75,5,3,0.6,0.82095706,0.5595863701392261
TBC1D4,0.75,5,3,0.6,0.9647525,0.6962598339999999
TBC1D9B,0.75,5,3,0.6,0.93682206,0.583151218320587
TBPL2,0.75,5,3,0.6,0.9484432,0.638692415926
TFAP2A,0.75,5,3,0.6,0.9814193,0.59764524704
THBS4,0.75,5,3,0.6,0.93369156,0.736729842
TLR5,0.75,5,3,0.6,0.97536564,0.736640242
TM7SF3,0.75,5,3,0.6,0.8580935,0.7036035788799999
TM9SF4,0.75,5,3,0.6,0.9886031,0.5936425705429699
TMC3,0.75,5,3,0.6,0.8168368,0.63889262074
TMEM214,0.75,5,3,0.6,0.9181602,0.56886817306056
TNS4,0.75,5,3,0.6,0.93812305,0.672469746272
TRPV4,0.75,5,3,0.6,0.96270514,0.747615509
TTC13,0.75,5,3,0.6,0.84244084,0.663397014
TTC14,0.75,5,3,0.6,0.8607102,0.6064884754740001
TTC21B,0.75,5,3,0.6,0.80012995,0.6689458501402055
TTC22,0.75,5,3,0.6,0.9379233,0.5802760747728339
TUSC3,0.75,5,3,0.6,0.9253435,0.821267396
TWNK,0.75,5,3,0.6,0.92327154,0.7164796165231999
UBE3B,0.75,5,3,0.6,0.82698137,0.6422862840000001
UBQLN2,0.75,5,3,0.6,0.8185001,0.579239208
UGT2B10,0.75,5,3,0.6,0.8124757,0.71270877
ULK4,0.75,5,3,0.6,0.9827512,0.5905257983459692
UNC45A,0.75,5,3,0.6,0.8330239,0.720675956
UTP14C,0.75,5,3,0.6,0.81653875,0.588249374
VANGL1,0.75,5,3,0.6,0.7525991,0.5349790891972892
VEGFA,0.75,5,3,0.6,0.911603,0.8364362200000001
WDR11,0.75,5,3,0.6,0.92497283,0.661338556
WSCD2,0.75,5,3,0.6,0.9115756,0.6492363320153467
WWC2,0.75,5,3,0.6,0.92256004,0.6059115288754149
XCL1,0.75,5,3,0.6,0.9666113,0.6581787316
YTHDC2,0.75,5,3,0.6,0.99050003,0.59872743848
YY2,0.75,5,3,0.6,0.9230315,0.627719954648
ZBTB21,0.75,5,3,0.6,0.9758232,0.7412014060000001
ZBTB40,0.75,5,3,0.6,0.95314306,0.6217184183406
ZBTB7C,0.75,5,3,0.6,0.8711779,0.565032280311733
ZCCHC14,0.75,5,3,0.6,0.93161356,0.7436864400000001
ZCWPW1,0.75,5,3,0.6,0.75498796,0.5504413692
ZMIZ2,0.75,5,3,0.6,0.9776308,0.732342208
ZMYND15,0.75,5,3,0.6,0.95179695,0.646825274
ZNF107,0.75,5,3,0.6,0.9825449,0.6726921711
ZNF217,0.75,5,3,0.6,0.9913884,0.6762897741
ZNF23,0.75,5,3,0.6,0.94041944,0.694639808312
ZNF26,0.75,5,3,0.6,0.88466614,0.5891185264
ZNF337,0.75,5,3,0.6,0.81996465,0.657421230882028
ZNF543,0.75,5,3,0.6,0.9716664,0.5904425238
ZNF572,0.75,5,3,0.6,0.99125504,0.7272526498
ZNF609,0.75,5,3,0.6,0.9408024,0.7125911415206
ZNF665,0.75,5,3,0.6,0.8388769,0.760017102
ZNF681,0.75,5,3,0.6,0.9305932,0.5662794018780001
ZNF84,0.75,5,3,0.6,0.77605397,0.512666325696
AADACL4,0.75,6,3,0.5,0.510002295,0.498925781812164
ABCD2,0.75,6,3,0.5,0.61800815,0.5756985638333333
ABCG1,0.75,6,3,0.5,0.487121515,0.48912826129236664
AC126283.2,0.75,6,3,0.5,0.7627619,0.6932991016666666
ACSL4,0.75,6,3,0.5,0.733631725,0.6028098431866667
ACSS3,0.75,6,3,0.5,0.7288616,0.6100496400000001
ACTN1,0.75,6,3,0.5,0.487359904025,0.4916059417920391
ADCY7,0.75,6,3,0.5,0.81052085,0.6490360026666667
ADGRB3,0.75,6,3,0.5,0.483089846,0.4872137417045533
AHI1,0.75,6,3,0.5,0.47040777435000003,0.48290141996553904
AL353804.4,0.75,6,3,0.5,0.638859555,0.5712959067272
ALLC,0.75,6,3,0.5,0.7783612,0.6806373733333334
ALOX12B,0.75,6,3,0.5,0.77158837,0.693684775
ALOX15,0.75,6,3,0.5,0.8308567,0.78607189
ANKEF1,0.75,6,3,0.5,0.567127755,0.5483042566666666
ANKRD33,0.75,6,3,0.5,0.69749664,0.5863961583333334
ANKRD52,0.75,6,3,0.5,0.63175985,0.5804670949766667
APBB1,0.75,6,3,0.5,0.8334624850000001,0.6446483829001667
ARHGAP45,0.75,6,3,0.5,0.4855133019862,0.49118201601850936
ASXL2,0.75,6,3,0.5,0.4840775865,0.486168462062029
ATP9A,0.75,6,3,0.5,0.611962605,0.5304156707433333
BAHD1,0.75,6,3,0.5,0.743285575,0.5808170980016417
BMX,0.75,6,3,0.5,0.6236436750000001,0.5226390588296772
BRIP1,0.75,6,3,0.5,0.451956215,0.49072951699999995
C2CD6,0.75,6,3,0.5,0.637108225,0.5423773062047167
C4BPA,0.75,6,3,0.5,0.594590865,0.5380210086666667
CABS1,0.75,6,3,0.5,0.65939806,0.5742038218483333
CCAR1,0.75,6,3,0.5,0.4868999805293605,0.4926441769007805
CCDC110,0.75,6,3,0.5,0.80413705,0.6426902687292967
CCDC144A,0.75,6,3,0.5,0.661646375,0.5510081406688899
CCDC63,0.75,6,3,0.5,0.811129065,0.6262174274166666
CD96,0.75,6,3,0.5,0.723525125,0.5877988883956456
CDH5,0.75,6,3,0.5,0.607363205,0.5131636052091667
CDYL2,0.75,6,3,0.5,0.75517532,0.6306561966550001
CLCA1,0.75,6,3,0.5,0.63489913,0.5693046461666667
CLYBL,0.75,6,3,0.5,0.529754275,0.5033119866156667
COG6,0.75,6,3,0.5,0.5418662599999999,0.5271152416666667
COL5A3,0.75,6,3,0.5,0.7796541,0.6427277885666667
CPA6,0.75,6,3,0.5,0.6368170049999999,0.5640475308333334
CPT1A,0.75,6,3,0.5,0.561075675,0.5330802745669999
CRB2,0.75,6,3,0.5,0.7614332,0.58922839665524
CSDE1,0.75,6,3,0.5,0.63213345,0.5560281038166667
CSF1R,0.75,6,3,0.5,0.79533488,0.6760601121311116
CYP11B2,0.75,6,3,0.5,0.736419375,0.6112339518610265
CYP4B1,0.75,6,3,0.5,0.6626655100000001,0.5438031041729456
DCDC1,0.75,6,3,0.5,0.763669315,0.58104221950041
DCTN1,0.75,6,3,0.5,0.69870015,0.6353062666166667
DENND1C,0.75,6,3,0.5,0.593342505,0.5282549683726204
DHCR24,0.75,6,3,0.5,0.59186966,0.5373798068
DHX38,0.75,6,3,0.5,0.60225855,0.6071191850000001
E2F2,0.75,6,3,0.5,0.67317154,0.5793012255290463
EHMT2,0.75,6,3,0.5,0.66723966,0.5990307319
ELOA2,0.75,6,3,0.5,0.71030095,0.7009751783333332
EPHA3,0.75,6,3,0.5,0.77763098,0.6893250216666665
EXOSC10,0.75,6,3,0.5,0.83519265,0.77612212
FADS6,0.75,6,3,0.5,0.638183215,0.5432209128456834
FBH1,0.75,6,3,0.5,0.58415936,0.579274355
FNIP2,0.75,6,3,0.5,0.792572865,0.7035120283333334
FOXP1,0.75,6,3,0.5,0.50224442,0.4949272248151623
FRMPD2,0.75,6,3,0.5,0.7570804950000001,0.5829710879165114
GABRQ,0.75,6,3,0.5,0.38908488550000003,0.430915188500223
GCNT2,0.75,6,3,0.5,0.76921647,0.6155062461833333
GLUD2,0.75,6,3,0.5,0.81696767,0.6208492550000331
GMEB2,0.75,6,3,0.5,0.41769352649999997,0.46857292377863097
GPATCH1,0.75,6,3,0.5,0.77264,0.6818770388605734
GPR132,0.75,6,3,0.5,0.75738653,0.5797039251262743
HIPK2,0.75,6,3,0.5,0.615664165,0.650249195
HTR3E,0.75,6,3,0.5,0.5233593,0.5546386983333333
IMPDH2,0.75,6,3,0.5,0.4359933235,0.4609616601692543
IMPG2,0.75,6,3,0.5,0.7484853499999999,0.71304793
INSR,0.75,6,3,0.5,0.67119413,0.6331842086666667
JPH3,0.75,6,3,0.5,0.46182798,0.48419757732055
KAT6A,0.75,6,3,0.5,0.76740708,0.6366787066666667
KCNA4,0.75,6,3,0.5,0.7645352750000001,0.5951283245
KCNB1,0.75,6,3,0.5,0.4912829535,0.4863177375026751
KIF20A,0.75,6,3,0.5,0.47596933950000003,0.4878738099789084
KLHL1,0.75,6,3,0.5,0.7149117300000001,0.6325956757100001
KLHL20,0.75,6,3,0.5,0.79298853,0.76436584
KLHL32,0.75,6,3,0.5,0.67064038,0.5686748936666667
KLHL34,0.75,6,3,0.5,0.7502147,0.5701231951576
KRT18,0.75,6,3,0.5,0.79773332,0.63823953275
LARS1,0.75,6,3,0.5,0.747657655,0.5791478469170367
LILRB3,0.75,6,3,0.5,0.531527322,0.5073264122301179
LLGL2,0.75,6,3,0.5,0.619054625,0.5370153178666767
LPAR4,0.75,6,3,0.5,0.412707082,0.438341675789745
LRRC8E,0.75,6,3,0.5,0.4904063415,0.4942479223033833
MAGEB6B,0.75,6,3,0.5,0.5380241099999999,0.5090967366689491
MAP4K2,0.75,6,3,0.5,0.4332805755,0.46958822157801006
MAPK15,0.75,6,3,0.5,0.3927467203965,0.4608885068489554
MED14,0.75,6,3,0.5,0.4897127793445,0.49231104317577046
MID1,0.75,6,3,0.5,0.4883418188015,0.4928055016842054
MIOS,0.75,6,3,0.5,0.78737375,0.6770117706000001
MLXIPL,0.75,6,3,0.5,0.4965703231,0.4959888970025073
MMP14,0.75,6,3,0.5,0.48451004499999994,0.4456834311653508
MSL2,0.75,6,3,0.5,0.5938230600000001,0.5345057853333334
MSR1,0.75,6,3,0.5,0.72768312,0.6786695766666667
MTREX,0.75,6,3,0.5,0.585921815,0.5780548148916667
MYT1L,0.75,6,3,0.5,0.6151594,0.5653677193333334
NBPF26,0.75,6,3,0.5,0.68590128,0.5946422766666667
NKTR,0.75,6,3,0.5,0.7303732700000001,0.5980166707666666
NLRC4,0.75,6,3,0.5,0.44675673385,0.4767977026216667
NRIP1,0.75,6,3,0.5,0.7339612,0.5751350562078
NTN4,0.75,6,3,0.5,0.7443143649999999,0.6458418731666666
NTNG2,0.75,6,3,0.5,0.40997256800825005,0.46583198975393203
OR14J1,0.75,6,3,0.5,0.79834805,0.6956721711666667
OR2G6,0.75,6,3,0.5,0.8096137050000001,0.6758589445
OR2M4,0.75,6,3,0.5,0.678401625,0.5863402745433334
OR2Z1,0.75,6,3,0.5,0.623479395,0.5223590601033333
OR4P4,0.75,6,3,0.5,0.81448871,0.6896899583485
OR51S1,0.75,6,3,0.5,0.725658735,0.5736614524651633
OR5D16,0.75,6,3,0.5,0.6433054300000001,0.5904033708333333
OR5P2,0.75,6,3,0.5,0.5957969,0.598822635
OR9K2,0.75,6,3,0.5,0.5476091200000001,0.5287915047333334
PACS2,0.75,6,3,0.5,0.481165165,0.48725184381007364
PARP9,0.75,6,3,0.5,0.52621501,0.50528790775
PASD1,0.75,6,3,0.5,0.82249421,0.5987869866681914
PCSK6,0.75,6,3,0.5,0.680889385,0.6227882769833334
PDE2A,0.75,6,3,0.5,0.79799241,0.6371571066666667
PEX14,0.75,6,3,0.5,0.46598610389,0.483041029991306
PFKFB4,0.75,6,3,0.5,0.78420775,0.6343910517933333
PINK1,0.75,6,3,0.5,0.474130544,0.48811524231667064
PLXNC1,0.75,6,3,0.5,0.68040113,0.5501395318
PMPCB,0.75,6,3,0.5,0.79422142,0.6710106173333333
POLR1A,0.75,6,3,0.5,0.8309521,0.6075035491266667
PPP1R3F,0.75,6,3,0.5,0.39416924725,0.44867761243374343
PRAMEF12,0.75,6,3,0.5,0.4921967,0.49330666684499996
PRAMEF19,0.75,6,3,0.5,0.53740932,0.509615506798058
PRRC2B,0.75,6,3,0.5,0.722875385,0.7101756216666666
RADX,0.75,6,3,0.5,0.4831578576608,0.4909240758910764
RAI1,0.75,6,3,0.5,0.666407425,0.6174736604281067
RANBP6,0.75,6,3,0.5,0.60529006,0.5282377970733333
RPS6KC1,0.75,6,3,0.5,0.71029272,0.661985615
RPTN,0.75,6,3,0.5,0.8287114,0.7144116233333334
RUNX1T1,0.75,6,3,0.5,0.592175575,0.5028776074436166
SAMD7,0.75,6,3,0.5,0.70772602,0.5946653404316667
SATL1,0.75,6,3,0.5,0.6179394,0.59359236
SDK2,0.75,6,3,0.5,0.529378445,0.5172253503287667
SEMA3G,0.75,6,3,0.5,0.791456535,0.6625409811666666
SERPING1,0.75,6,3,0.5,0.8233431,0.6993380645833334
SESTD1,0.75,6,3,0.5,0.8060058,0.6702164140439
SETDB2,0.75,6,3,0.5,0.66654055,0.547030554831
SLC17A6,0.75,6,3,0.5,0.59853778,0.52565092015
SLC27A6,0.75,6,3,0.5,0.8061525199999999,0.6666270929790813
SLC2A2,0.75,6,3,0.5,0.6519869,0.54913049885
SLC7A14,0.75,6,3,0.5,0.63251195,0.5691693971916667
SLFN5,0.75,6,3,0.5,0.7132113999999999,0.634449808
SMCHD1,0.75,6,3,0.5,0.51765905,0.5027511098276667
SMG7,0.75,6,3,0.5,0.702464075,0.6508796816674641
SPOCK3,0.75,6,3,0.5,0.8081199349999999,0.652312145
SPTBN5,0.75,6,3,0.5,0.450282728897919,0.4725042346357679
ST6GAL1,0.75,6,3,0.5,0.7687539999999999,0.573161393655
SULF1,0.75,6,3,0.5,0.7150697850000001,0.644330883
SYTL5,0.75,6,3,0.5,0.78212643,0.654252591721467
TAOK2,0.75,6,3,0.5,0.801198415,0.6403919991666667
TBXT,0.75,6,3,0.5,0.51104928,0.4938025381838295
TGM1,0.75,6,3,0.5,0.52560641,0.49458148897572496
TGM2,0.75,6,3,0.5,0.7312093,0.6224282544
TJP1,0.75,6,3,0.5,0.80496455,0.5971495754166666
TLR8,0.75,6,3,0.5,0.3787461425,0.41822574347242564
TSPAN9,0.75,6,3,0.5,0.58858135,0.56494163556276
UACA,0.75,6,3,0.5,0.79998478,0.6245521321999999
UBE4B,0.75,6,3,0.5,0.801137815,0.6047954699
UGT2A1,0.75,6,3,0.5,0.775132825,0.6381557302300264
UHRF2,0.75,6,3,0.5,0.8193634249999999,0.7150558466666667
USP35,0.75,6,3,0.5,0.44709055600000003,0.4787446518361917
VPS16,0.75,6,3,0.5,0.80607772,0.6711066306950001
VPS41,0.75,6,3,0.5,0.57053213,0.5207408840216666
VRTN,0.75,6,3,0.5,0.866074225,0.6370229361383064
WDR17,0.75,6,3,0.5,0.714462885,0.5691426879281006
XYLB,0.75,6,3,0.5,0.4834253956,0.49162745139333336
ZGRF1,0.75,6,3,0.5,0.62149319,0.5776208338566667
ZMYM2,0.75,6,3,0.5,0.7047517649999999,0.5582809485210145
ZNF117,0.75,6,3,0.5,0.83453042,0.6338602799411667
ZNF271P,0.75,6,3,0.5,0.75178006,0.6574358025
ZNF451,0.75,6,3,0.5,0.8002207299999999,0.6996461221666667
ZNF551,0.75,6,3,0.5,0.8224185150000001,0.603241707354466
ABCA6,0.75,7,3,0.42857142857142855,0.4286994,0.5631217071428571
ADAM2,0.75,7,3,0.42857142857142855,0.6401348,0.5233086312622948
AKAP10,0.75,7,3,0.42857142857142855,0.29265136,0.4887226515714285
ANKRD13B,0.75,7,3,0.42857142857142855,0.10149609,0.4243271772160028
ANLN,0.75,7,3,0.42857142857142855,0.62313014,0.5146772511642043
ARHGEF11,0.75,7,3,0.42857142857142855,0.68852746,0.5176645968932989
ASB5,0.75,7,3,0.42857142857142855,0.57392746,0.5306613768
ATF7IP,0.75,7,3,0.42857142857142855,0.6883496,0.7171970671428571
ATP6V0D1,0.75,7,3,0.42857142857142855,0.7400075,0.70458
ATXN2,0.75,7,3,0.42857142857142855,0.5041883,0.5166638562857143
BAZ2A,0.75,7,3,0.42857142857142855,1.0965182e-06,0.4244134999089231
BFSP1,0.75,7,3,0.42857142857142855,0.4521135,0.4860988482797969
CAPN6,0.75,7,3,0.42857142857142855,0.0014389567,0.39983965594742343
CARF,0.75,7,3,0.42857142857142855,0.0027842273,0.42112151942491755
CCDC85A,0.75,7,3,0.42857142857142855,0.390077,0.4799875172607471
CD101,0.75,7,3,0.42857142857142855,0.46903557,0.5696492081714286
CEP128,0.75,7,3,0.42857142857142855,0.65735775,0.4760107927621429
CFAP58,0.75,7,3,0.42857142857142855,0.057499535,0.4217195083675613
CLDN14,0.75,7,3,0.42857142857142855,0.19803756,0.4742132178803714
CNTN5,0.75,7,3,0.42857142857142855,0.2926412,0.48931140410801366
COL16A1,0.75,7,3,0.42857142857142855,0.053193294,0.42067742650977696
CPPED1,0.75,7,3,0.42857142857142855,0.5773352,0.5449010234285715
CPXM2,0.75,7,3,0.42857142857142855,0.3234176,0.5082615023651524
CRNN,0.75,7,3,0.42857142857142855,0.43038216,0.4592193004714286
CYP4F8,0.75,7,3,0.42857142857142855,0.4070894,0.5281289081015714
CYP7B1,0.75,7,3,0.42857142857142855,0.27356595,0.46718947853378573
DAO,0.75,7,3,0.42857142857142855,0.6827803,0.6071265114285714
DKC1,0.75,7,3,0.42857142857142855,0.7061113,0.5487779498090152
EFCAB6,0.75,7,3,0.42857142857142855,0.06330227,0.4278567578900937
EHD4,0.75,7,3,0.42857142857142855,0.40044913,0.4749136166036857
ELK3,0.75,7,3,0.42857142857142855,0.5806304,0.5114491740485428
EPAS1,0.75,7,3,0.42857142857142855,0.24128763,0.4833796685476286
EXOC1,0.75,7,3,0.42857142857142855,0.38935968,0.5088660869936386
EXTL3,0.75,7,3,0.42857142857142855,0.6760356,0.5503281776
FBXW11,0.75,7,3,0.42857142857142855,0.25995573,0.4963403512571429
G6PD,0.75,7,3,0.42857142857142855,0.7068442,0.58765646349198
GALNT1,0.75,7,3,0.42857142857142855,0.68083036,0.7573178799999999
GLT8D2,0.75,7,3,0.42857142857142855,0.74981326,0.6701463028359429
GOLGA3,0.75,7,3,0.42857142857142855,0.6839599,0.5582030617257143
HEATR5A,0.75,7,3,0.42857142857142855,0.40628797,0.477224342087779
HNRNPU,0.75,7,3,0.42857142857142855,0.5390481,0.5736638842857144
IFNW1,0.75,7,3,0.42857142857142855,0.0017782426,0.39563892937557715
IL31RA,0.75,7,3,0.42857142857142855,0.7476222,0.6157027411529142
IMPG1,0.75,7,3,0.42857142857142855,0.66846555,0.5698996428725712
INTS13,0.75,7,3,0.42857142857142855,0.6522896,0.6465146752285714
IPO9,0.75,7,3,0.42857142857142855,0.6579616,0.6212531771428572
ITGAE,0.75,7,3,0.42857142857142855,0.44778523,0.49109412902157856
ITSN2,0.75,7,3,0.42857142857142855,0.40166792,0.46486709362457146
KCNT1,0.75,7,3,0.42857142857142855,0.2150286,0.44447108896325427
KDM5B,0.75,7,3,0.42857142857142855,0.731673,0.6278619285714286
KHDC3L,0.75,7,3,0.42857142857142855,0.37158138,0.5126972204285715
KRT9,0.75,7,3,0.42857142857142855,0.26373148,0.46344158511882927
LPAR1,0.75,7,3,0.42857142857142855,0.7005265,0.6163124435028572
LPCAT1,0.75,7,3,0.42857142857142855,0.65987325,0.5384247681873828
LRFN2,0.75,7,3,0.42857142857142855,0.53917044,0.49829095659149253
MAML1,0.75,7,3,0.42857142857142855,0.51529217,0.49526335937571425
MAP4K4,0.75,7,3,0.42857142857142855,0.7425117,0.5787751144987402
MCM3AP,0.75,7,3,0.42857142857142855,0.14936717,0.42175344229729284
MID2,0.75,7,3,0.42857142857142855,0.5159048,0.4913340721802943
MROH5,0.75,7,3,0.42857142857142855,0.57449114,0.6234620760928572
MST1R,0.75,7,3,0.42857142857142855,0.6450879,0.5159717584228571
NCOA3,0.75,7,3,0.42857142857142855,0.6883249,0.5940537600000001
NFIB,0.75,7,3,0.42857142857142855,0.108827755,0.3981268709085235
NSD2,0.75,7,3,0.42857142857142855,0.35695496,0.48353835578945875
NXF3,0.75,7,3,0.42857142857142855,0.48424584,0.5102572683101071
OCA2,0.75,7,3,0.42857142857142855,0.51629186,0.45903136141469275
OR10W1,0.75,7,3,0.42857142857142855,0.47864485,0.5370703955428572
OR52J3,0.75,7,3,0.42857142857142855,0.68856716,0.6906004885714285
OR5K1,0.75,7,3,0.42857142857142855,0.71462715,0.511582305
OSBP2,0.75,7,3,0.42857142857142855,0.38970864,0.5449131802857143
PABPC4,0.75,7,3,0.42857142857142855,0.70663786,0.7616276385714286
PCDH17,0.75,7,3,0.42857142857142855,0.3923268,0.43491845355836883
PCDHGB6,0.75,7,3,0.42857142857142855,0.2645882,0.4767332492142925
PCF11,0.75,7,3,0.42857142857142855,0.64169985,0.5783120636506858
PHF8,0.75,7,3,0.42857142857142855,0.5805,0.4829090057857143
PKD1,0.75,7,3,0.42857142857142855,0.7108679,0.5863555237300322
PLEKHG2,0.75,7,3,0.42857142857142855,0.0072415206,0.38601174666981164
PLIN4,0.75,7,3,0.42857142857142855,0.6885434,0.5187863837142858
PLXNA3,0.75,7,3,0.42857142857142855,0.4834241,0.4877069648429135
PMFBP1,0.75,7,3,0.42857142857142855,0.5328785,0.5373330506142857
POLRMT,0.75,7,3,0.42857142857142855,0.4737163,0.5414547493296027
ROBO1,0.75,7,3,0.42857142857142855,0.34567678,0.44066635030646456
SEMA5A,0.75,7,3,0.42857142857142855,0.3347221,0.484632553133064
SERPINB10,0.75,7,3,0.42857142857142855,0.5169437,0.4960643368144037
SLCO2B1,0.75,7,3,0.42857142857142855,0.69212323,0.5300419537142925
SMC3,0.75,7,3,0.42857142857142855,0.006925108,0.4250377863388736
SP110,0.75,7,3,0.42857142857142855,0.33343235,0.45079169058852286
SREBF2,0.75,7,3,0.42857142857142855,0.056957267,0.40780142076049664
ST8SIA2,0.75,7,3,0.42857142857142855,0.59621185,0.5736624128571428
STARD8,0.75,7,3,0.42857142857142855,0.002954073,0.41843621995256325
SULF2,0.75,7,3,0.42857142857142855,0.59867835,0.5354976151245905
SYMPK,0.75,7,3,0.42857142857142855,0.0010073814,0.4229573899361224
TACR3,0.75,7,3,0.42857142857142855,0.6360629,0.5124324580042857
TMPRSS7,0.75,7,3,0.42857142857142855,0.47307125,0.4777554741
TONSL,0.75,7,3,0.42857142857142855,0.39896792,0.50326080117452
TRAPPC10,0.75,7,3,0.42857142857142855,0.62023413,0.5912598289642857
TRPC5,0.75,7,3,0.42857142857142855,3.6655442e-06,0.42260163808084583
VARS2,0.75,7,3,0.42857142857142855,0.040146925,0.4065982851549862
ZC3H12B,0.75,7,3,0.42857142857142855,0.5035917,0.5004731787266142
ZNF160,0.75,7,3,0.42857142857142855,0.6184639,0.6135043082857142
ZNF226,0.75,7,3,0.42857142857142855,0.6839439,0.48800125111059234
ZNF560,0.75,7,3,0.42857142857142855,0.16444513,0.4363567195285714
ZNF813,0.75,7,3,0.42857142857142855,0.48307484,0.49214524476436605
ABCC4,0.75,8,3,0.375,0.00011967603450000001,0.3545760258950965
ADCY8,0.75,8,3,0.375,0.42864736,0.504118218375
ALG13,0.75,8,3,0.375,0.34554561260399996,0.43171695224673606
AP002512.3,0.75,8,3,0.375,0.43075999,0.5376491492125
ARHGAP35,0.75,8,3,0.375,0.210077695,0.4318866519086463
CCDC178,0.75,8,3,0.375,0.594903945,0.5702185180750085
CD109,0.75,8,3,0.375,0.18856911999999998,0.43255453186875
CHAT,0.75,8,3,0.375,0.189134056680665,0.4125668597477457
CLNK,0.75,8,3,0.375,0.55648349,0.5099346800657436
CROCC,0.75,8,3,0.375,0.605367125,0.523441701477179
DAB1,0.75,8,3,0.375,0.5883041,0.511678136175399
DCAF12L2,0.75,8,3,0.375,0.128917692905435,0.40038657833341373
DIAPH2,0.75,8,3,0.375,0.43072958000000006,0.4708702386254959
FRMPD1,0.75,8,3,0.375,0.256954195,0.4235350281
IKZF1,0.75,8,3,0.375,0.49818087,0.48783815530336117
KDM1B,0.75,8,3,0.375,0.40423608,0.464928176914084
KIF4A,0.75,8,3,0.375,0.505042835,0.4873930344383887
KIR3DX1,0.75,8,3,0.375,0.3814086,0.5087576510321563
LRP5,0.75,8,3,0.375,0.47781143,0.5136065325677441
MCTP2,0.75,8,3,0.375,0.2677462,0.49065086625
MYO18A,0.75,8,3,0.375,0.265526365,0.4212353927498643
OGDHL,0.75,8,3,0.375,0.24401960499999997,0.43052909409882184
OR52R1,0.75,8,3,0.375,0.507420075,0.5235630190527875
OTUD6A,0.75,8,3,0.375,0.30584325732440953,0.41002976937486063
PARD3B,0.75,8,3,0.375,0.58538884,0.579511530514175
PARP8,0.75,8,3,0.375,0.220848575,0.4652925708
PCDHGA11,0.75,8,3,0.375,0.4389944,0.49420764879304624
PCNX2,0.75,8,3,0.375,0.648661175,0.6060576415214588
PDE6A,0.75,8,3,0.375,0.65066901,0.60196457625
PDZRN4,0.75,8,3,0.375,0.3226212525,0.452958989375
POLR2B,0.75,8,3,0.375,0.084383165,0.372875902174325
RPRD2,0.75,8,3,0.375,0.1584162625,0.4041029172525315
SMARCAL1,0.75,8,3,0.375,0.001905875215,0.36848897306392076
SOCS6,0.75,8,3,0.375,0.52642897,0.5095867985652042
TBC1D9,0.75,8,3,0.375,0.514615355,0.5030384716161146
TCHHL1,0.75,8,3,0.375,0.56777784,0.574179660960625
THEG,0.75,8,3,0.375,0.6178792,0.5555095500067238
TLN2,0.75,8,3,0.375,0.626385615,0.6001859420769174
TLR1,0.75,8,3,0.375,0.47719963,0.5045863341068
TMC4,0.75,8,3,0.375,0.27766205,0.45457675430132377
TRIM10,0.75,8,3,0.375,0.52129948,0.5119201763851615
USP28,0.75,8,3,0.375,0.69466068,0.60022205910875
ZMYM3,0.75,8,3,0.375,0.57471186,0.478175828312192
ZNF638,0.75,8,3,0.375,0.163989562,0.41387918666824997
ABCA8,0.75,9,3,0.3333333333333333,0.60400033,0.547323896683092
ADAMTSL1,0.75,9,3,0.3333333333333333,0.46624783,0.4356860377959997
ARHGEF28,0.75,9,3,0.3333333333333333,0.21356821,0.37633219848801347
BCL11A,0.75,9,3,0.3333333333333333,0.683084,0.5298893786399366
BLM,0.75,9,3,0.3333333333333333,0.63640267,0.5731553594111111
CACNA1C,0.75,9,3,0.3333333333333333,0.035725772,0.3402269889712172
CHRNA10,0.75,9,3,0.3333333333333333,0.1979682,0.4183892240375222
COL4A5,0.75,9,3,0.3333333333333333,0.5071365,0.4766073090833333
CRACDL,0.75,9,3,0.3333333333333333,0.08506427,0.3357635197670852
DSCAML1,0.75,9,3,0.3333333333333333,0.5153376,0.5544671715555556
ECEL1,0.75,9,3,0.3333333333333333,0.43722528,0.4672131780988622
EDC4,0.75,9,3,0.3333333333333333,0.35772902,0.46310791052333333
GABRE,0.75,9,3,0.3333333333333333,0.0004539086,0.37937757428516833
GRIK5,0.75,9,3,0.3333333333333333,0.075368114,0.3969715074425267
HCLS1,0.75,9,3,0.3333333333333333,0.0047201407,0.3778595869076988
HOOK1,0.75,9,3,0.3333333333333333,0.26137948,0.44468272578110635
IL16,0.75,9,3,0.3333333333333333,0.43316644,0.4708847580225778
KIAA1549L,0.75,9,3,0.3333333333333333,0.53886366,0.4893623383466667
NBEA,0.75,9,3,0.3333333333333333,0.29833248,0.43541804321436667
NLRP9,0.75,9,3,0.3333333333333333,0.34111392,0.46781691565025557
OR4C16,0.75,9,3,0.3333333333333333,0.35820073,0.42753137676671754
OR5K4,0.75,9,3,0.3333333333333333,0.22551629,0.386181076494833
PARP4,0.75,9,3,0.3333333333333333,0.19774458,0.4009193657340759
PPM1D,0.75,9,3,0.3333333333333333,0.0026146004,0.3309704477515369
RAG1,0.75,9,3,0.3333333333333333,0.5900393,0.5701009111111112
SEC14L5,0.75,9,3,0.3333333333333333,0.1803092,0.38307944350926654
SLC13A2,0.75,9,3,0.3333333333333333,0.39035848,0.514405766
SLC6A3,0.75,9,3,0.3333333333333333,0.49155158,0.4923380055555632
SLC9A3,0.75,9,3,0.3333333333333333,0.004315671,0.355144411552255
TASOR2,0.75,9,3,0.3333333333333333,0.517961,0.5066682882666667
WDR36,0.75,9,3,0.3333333333333333,0.00294887,0.3752266026008889
ZNF608,0.75,9,3,0.3333333333333333,0.46524793,0.4642289673555556
ANPEP,0.75,10,3,0.3,0.32129642,0.456682588224903
C10orf71,0.75,10,3,0.3,0.17056058249999997,0.397301026210401
C7,0.75,10,3,0.3,0.46208534999999995,0.47634451445400006
CILP2,0.75,10,3,0.3,0.35466529999999996,0.42588752233330196
CNGB1,0.75,10,3,0.3,0.51041326,0.4899992939884529
DIS3L2,0.75,10,3,0.3,0.00907526675,0.3295454950588981
HEPHL1,0.75,10,3,0.3,0.147539865,0.40860603577508403
IGHMBP2,0.75,10,3,0.3,0.5825060799999999,0.49095687200745913
IQGAP2,0.75,10,3,0.3,0.50037445,0.47948125678700004
ITGA8,0.75,10,3,0.3,0.149769126725,0.3911521077853196
MYH9,0.75,10,3,0.3,0.202998185,0.3977078664884617
PPP1R12B,0.75,10,3,0.3,0.333187505,0.430003969720392
PXDNL,0.75,10,3,0.3,0.22036186000000002,0.416849456095607
SORBS1,0.75,10,3,0.3,0.2082558,0.3873200902835
UBE2NL,0.75,10,3,0.3,0.33415005002745596,0.4260663960061777
USP6,0.75,10,3,0.3,0.25435479,0.41531041665896734
WNK3,0.75,10,3,0.3,0.00129023375,0.2673032759433903
ASIC5,0.75,11,3,0.2727272727272727,0.00032363602,0.3277892898577723
COL17A1,0.75,11,3,0.2727272727272727,0.20411387,0.3542385678739954
FAM47C,0.75,11,3,0.2727272727272727,0.12826811,0.3677590840838025
IQSEC3,0.75,11,3,0.2727272727272727,4.396096e-06,0.3364982307332721
MAP3K1,0.75,11,3,0.2727272727272727,0.4675919,0.4483321624545455
SHPRH,0.75,11,3,0.2727272727272727,0.00048910896,0.2894018276183143
SVIL,0.75,11,3,0.2727272727272727,0.0021255366,0.2966348472160067
WDR72,0.75,11,3,0.2727272727272727,0.17556357,0.4156212759440498
HELZ,0.75,12,3,0.25,0.26949785000000004,0.4092107027330747
LRFN5,0.75,12,3,0.25,0.5480348150000001,0.479653847529433
MUC5AC,0.75,12,3,0.25,0.0380463257,0.30883158075801
THSD7B,0.75,12,3,0.25,0.01035329865,0.26350631527689017
TRPM1,0.75,13,3,0.23076923076923078,0.37794173,0.3925571612368266
CABIN1,0.75,14,3,0.21428571428571427,0.102731305,0.28524866041771785
JCAD,0.75,14,3,0.21428571428571427,0.09166914649999999,0.32179409279565657
BCOR,0.75,15,3,0.2,0.0023228466,0.29810980638951085
DOCK1,0.75,15,3,0.2,0.05969437,0.2907502149689904
FREM1,0.75,15,3,0.2,0.004403952,0.28166518763468257
TACC2,0.75,15,3,0.2,0.053199627,0.3110277565898659
A4GNT,0.75,2,2,1.0,0.99137351,0.99137351
AADAT,0.75,2,2,1.0,0.9564288000000001,0.9564288000000001
AASDHPPT,0.75,2,2,1.0,0.9879930050000001,0.9879930050000001
ABAT,0.75,2,2,1.0,0.9807880250000001,0.9807880250000001
ABHD12,0.75,2,2,1.0,0.9848155999999999,0.9848155999999999
AC004922.1,0.75,2,2,1.0,0.90379583,0.90379583
AC092143.1,0.75,2,2,1.0,0.989419625,0.989419625
AC093525.2,0.75,2,2,1.0,0.990987895,0.990987895
AC127029.3,0.75,2,2,1.0,0.9711575,0.9711575
ACADL,0.75,2,2,1.0,0.944660455,0.944660455
ACBD3,0.75,2,2,1.0,0.97127368,0.97127368
ACCSL,0.75,2,2,1.0,0.99150275,0.99150275
ACER1,0.75,2,2,1.0,0.9913584,0.9913584
ACHE,0.75,2,2,1.0,0.9892548649999999,0.9892548649999999
ACMSD,0.75,2,2,1.0,0.9406378,0.9406378
ACOT8,0.75,2,2,1.0,0.99046185,0.99046185
ACOX1,0.75,2,2,1.0,0.9525969000000001,0.9525969000000001
ACP6,0.75,2,2,1.0,0.98497894,0.98497894
ACSBG2,0.75,2,2,1.0,0.9508298,0.9508298
ACSL5,0.75,2,2,1.0,0.98936063,0.98936063
ACTR10,0.75,2,2,1.0,0.9671451,0.9671451
ADAMTS4,0.75,2,2,1.0,0.901739675,0.901739675
ADAT1,0.75,2,2,1.0,0.9788679499999999,0.9788679499999999
ADGRG2,0.75,2,2,1.0,0.9820250349999999,0.9820250349999999
ADGRG5,0.75,2,2,1.0,0.837344415,0.837344415
AFAP1L1,0.75,2,2,1.0,0.973402715,0.973402715
AFG3L2,0.75,2,2,1.0,0.8487732100000001,0.8487732100000001
AGAP6,0.75,2,2,1.0,0.98695278,0.98695278
AGFG2,0.75,2,2,1.0,0.9514969900000001,0.9514969900000001
AIFM1,0.75,2,2,1.0,0.905169845,0.905169845
AJM1,0.75,2,2,1.0,0.9909855,0.9909855
AK9,0.75,2,2,1.0,0.90733065,0.90733065
AKAP12,0.75,2,2,1.0,0.97846272,0.97846272
AKAP7,0.75,2,2,1.0,0.8845315300000001,0.8845315300000001
AKAP8L,0.75,2,2,1.0,0.97885968,0.97885968
AKR1C2,0.75,2,2,1.0,0.90068293,0.90068293
AKT1,0.75,2,2,1.0,0.98180771,0.98180771
AL035461.3,0.75,2,2,1.0,0.99130205,0.99130205
ALDH1B1,0.75,2,2,1.0,0.99148523,0.99148523
ALG1,0.75,2,2,1.0,0.98062827,0.98062827
ALMS1P1,0.75,2,2,1.0,0.948691285,0.948691285
AMDHD2,0.75,2,2,1.0,0.9837963999999999,0.9837963999999999
ANAPC5,0.75,2,2,1.0,0.920704665,0.920704665
ANKRA2,0.75,2,2,1.0,0.99086729,0.99086729
ANKRD10,0.75,2,2,1.0,0.948008805,0.948008805
ANKRD20A4P,0.75,2,2,1.0,0.9823216,0.9823216
ANKRD29,0.75,2,2,1.0,0.894130485,0.894130485
ANO10,0.75,2,2,1.0,0.971558975,0.971558975
ANXA1,0.75,2,2,1.0,0.9294181,0.9294181
ANXA11,0.75,2,2,1.0,0.95663718,0.95663718
ANXA2R,0.75,2,2,1.0,0.91128863,0.91128863
AP1AR,0.75,2,2,1.0,0.969539615,0.969539615
AP1G1,0.75,2,2,1.0,0.9456697700000001,0.9456697700000001
AP3D1,0.75,2,2,1.0,0.9504385500000001,0.9504385500000001
APCS,0.75,2,2,1.0,0.984715115,0.984715115
APOL1,0.75,2,2,1.0,0.99132535,0.99132535
APPL1,0.75,2,2,1.0,0.98417875,0.98417875
APPL2,0.75,2,2,1.0,0.869943385,0.869943385
AQP3,0.75,2,2,1.0,0.9709890299999999,0.9709890299999999
ARF4,0.75,2,2,1.0,0.9743701300000001,0.9743701300000001
ARHGAP17,0.75,2,2,1.0,0.9872038700000001,0.9872038700000001
ARHGAP36,0.75,2,2,1.0,0.9659595350000001,0.9659595350000001
ARHGEF6,0.75,2,2,1.0,0.968377375,0.968377375
ARL1,0.75,2,2,1.0,0.9599221,0.9599221
ARL4D,0.75,2,2,1.0,0.87831898,0.87831898
ARMC1,0.75,2,2,1.0,0.877234835,0.877234835
ARMC9,0.75,2,2,1.0,0.99087665,0.99087665
ARMCX3,0.75,2,2,1.0,0.98778515,0.98778515
ARMH4,0.75,2,2,1.0,0.9678573,0.9678573
ARPP21,0.75,2,2,1.0,0.973502675,0.973502675
ARSG,0.75,2,2,1.0,0.9882879,0.9882879
ASB11,0.75,2,2,1.0,0.9914035,0.9914035
ASB3,0.75,2,2,1.0,0.979470675,0.979470675
ASCC2,0.75,2,2,1.0,0.987100545,0.987100545
ASIC4,0.75,2,2,1.0,0.94590222,0.94590222
ASL,0.75,2,2,1.0,0.97673795,0.97673795
ATE1,0.75,2,2,1.0,0.976837975,0.976837975
ATG13,0.75,2,2,1.0,0.98031237,0.98031237
ATG2A,0.75,2,2,1.0,0.946751865,0.946751865
ATG5,0.75,2,2,1.0,0.94161105,0.94161105
ATP13A3,0.75,2,2,1.0,0.81469196,0.81469196
ATP4B,0.75,2,2,1.0,0.9914152300000001,0.9914152300000001
ATP5PB,0.75,2,2,1.0,0.98414605,0.98414605
ATP6V1H,0.75,2,2,1.0,0.99114575,0.99114575
AUNIP,0.75,2,2,1.0,0.991411115,0.991411115
AURKA,0.75,2,2,1.0,0.971997765,0.971997765
AURKC,0.75,2,2,1.0,0.9908396500000001,0.9908396500000001
AZI2,0.75,2,2,1.0,0.98129758,0.98129758
BANP,0.75,2,2,1.0,0.969948115,0.969948115
BARD1,0.75,2,2,1.0,0.9267811699999999,0.9267811699999999
BBS7,0.75,2,2,1.0,0.9913691849999999,0.9913691849999999
BCAN,0.75,2,2,1.0,0.991363915,0.991363915
BCL3,0.75,2,2,1.0,0.9679057600000001,0.9679057600000001
BHLHE40,0.75,2,2,1.0,0.92570663,0.92570663
BHMT,0.75,2,2,1.0,0.95277178,0.95277178
BIRC3,0.75,2,2,1.0,0.97292775,0.97292775
BNIP3L,0.75,2,2,1.0,0.9281328,0.9281328
BORA,0.75,2,2,1.0,0.968519315,0.968519315
BPGM,0.75,2,2,1.0,0.98729515,0.98729515
BPIFA3,0.75,2,2,1.0,0.984671665,0.984671665
BRD7,0.75,2,2,1.0,0.9913882,0.9913882
BRSK2,0.75,2,2,1.0,0.9137121800000001,0.9137121800000001
BTN2A3P,0.75,2,2,1.0,0.98807635,0.98807635
BTN3A2,0.75,2,2,1.0,0.9913620999999999,0.9913620999999999
BTNL2,0.75,2,2,1.0,0.984416425,0.984416425
C10orf120,0.75,2,2,1.0,0.82524387,0.82524387
C12orf60,0.75,2,2,1.0,0.983993135,0.983993135
C14orf93,0.75,2,2,1.0,0.979677935,0.979677935
C15orf48,0.75,2,2,1.0,0.97362888,0.97362888
C16orf46,0.75,2,2,1.0,0.9381807,0.9381807
C16orf91,0.75,2,2,1.0,0.99079865,0.99079865
C1QB,0.75,2,2,1.0,0.87105245,0.87105245
C1QC,0.75,2,2,1.0,0.979622685,0.979622685
C1QTNF7,0.75,2,2,1.0,0.9352774699999999,0.9352774699999999
C1orf54,0.75,2,2,1.0,0.9045736,0.9045736
C2orf83,0.75,2,2,1.0,0.96695263,0.96695263
C3orf22,0.75,2,2,1.0,0.9876511,0.9876511
C3orf33,0.75,2,2,1.0,0.977995275,0.977995275
C3orf35,0.75,2,2,1.0,0.90671815,0.90671815
C4B,0.75,2,2,1.0,0.9465394899999999,0.9465394899999999
C5orf34,0.75,2,2,1.0,0.970880235,0.970880235
C7orf33,0.75,2,2,1.0,0.9030532250000001,0.9030532250000001
CA11,0.75,2,2,1.0,0.9744179500000001,0.9744179500000001
CA7,0.75,2,2,1.0,0.92733355,0.92733355
CADPS2,0.75,2,2,1.0,0.991027265,0.991027265
CAMK1,0.75,2,2,1.0,0.9702113699999999,0.9702113699999999
CAMK1G,0.75,2,2,1.0,0.9218915,0.9218915
CAMKMT,0.75,2,2,1.0,0.98418607,0.98418607
CAPN2,0.75,2,2,1.0,0.99065087,0.99065087
CASKIN1,0.75,2,2,1.0,0.960061465,0.960061465
CAT,0.75,2,2,1.0,0.98981425,0.98981425
CATSPER4,0.75,2,2,1.0,0.9204331299999999,0.9204331299999999
CATSPERG,0.75,2,2,1.0,0.99081873,0.99081873
CBLC,0.75,2,2,1.0,0.990915075,0.990915075
CCDC121,0.75,2,2,1.0,0.97386572,0.97386572
CCDC124,0.75,2,2,1.0,0.9772648850000001,0.9772648850000001
CCDC144B,0.75,2,2,1.0,0.987715375,0.987715375
CCDC32,0.75,2,2,1.0,0.986587315,0.986587315
CCDC38,0.75,2,2,1.0,0.94540367,0.94540367
CCDC50,0.75,2,2,1.0,0.956395625,0.956395625
CCDC69,0.75,2,2,1.0,0.879814375,0.879814375
CCL26,0.75,2,2,1.0,0.991025,0.991025
CCM2,0.75,2,2,1.0,0.9869085,0.9869085
CCN6,0.75,2,2,1.0,0.93489245,0.93489245
CCNI,0.75,2,2,1.0,0.99137732,0.99137732
CCNQP1,0.75,2,2,1.0,0.978895675,0.978895675
CCR5,0.75,2,2,1.0,0.9900032,0.9900032
CCT4,0.75,2,2,1.0,0.9834724,0.9834724
CD1C,0.75,2,2,1.0,0.99066388,0.99066388
CD200,0.75,2,2,1.0,0.9844186749999999,0.9844186749999999
CD2AP,0.75,2,2,1.0,0.9500379999999999,0.9500379999999999
CD37,0.75,2,2,1.0,0.9914035999999999,0.9914035999999999
CD72,0.75,2,2,1.0,0.9908821699999999,0.9908821699999999
CDC23,0.75,2,2,1.0,0.991314225,0.991314225
CDC25C,0.75,2,2,1.0,0.94732345,0.94732345
CDC42EP3,0.75,2,2,1.0,0.9168851,0.9168851
CDC42SE2,0.75,2,2,1.0,0.97505608,0.97505608
CDCA3,0.75,2,2,1.0,0.958246945,0.958246945
CDCA7,0.75,2,2,1.0,0.9783511300000001,0.9783511300000001
CDK11A,0.75,2,2,1.0,0.99143314,0.99143314
CDR1,0.75,2,2,1.0,0.9913990500000001,0.9913990500000001
CDRT15,0.75,2,2,1.0,0.98609347,0.98609347
CDS2,0.75,2,2,1.0,0.9722961,0.9722961
CDX1,0.75,2,2,1.0,0.96826018,0.96826018
CELA1,0.75,2,2,1.0,0.906865885,0.906865885
CENPK,0.75,2,2,1.0,0.9795765999999999,0.9795765999999999
CEP170,0.75,2,2,1.0,0.9523241650000001,0.9523241650000001
CEP76,0.75,2,2,1.0,0.937580525,0.937580525
CEP89,0.75,2,2,1.0,0.986657415,0.986657415
CERS5,0.75,2,2,1.0,0.974916325,0.974916325
CES5A,0.75,2,2,1.0,0.8220212499999999,0.8220212499999999
CFAP53,0.75,2,2,1.0,0.972558035,0.972558035
CFL2,0.75,2,2,1.0,0.941519,0.941519
CHAF1A,0.75,2,2,1.0,0.9515141,0.9515141
CHDH,0.75,2,2,1.0,0.991330745,0.991330745
CHRD,0.75,2,2,1.0,0.86009154,0.86009154
CHRFAM7A,0.75,2,2,1.0,0.94314098,0.94314098
CHRM5,0.75,2,2,1.0,0.9601656,0.9601656
CHRNA7,0.75,2,2,1.0,0.98990328,0.98990328
CHRNB1,0.75,2,2,1.0,0.912211085,0.912211085
CHRNB3,0.75,2,2,1.0,0.93827802,0.93827802
CKMT2,0.75,2,2,1.0,0.989708625,0.989708625
CLASP1,0.75,2,2,1.0,0.9194239150000001,0.9194239150000001
CLCNKA,0.75,2,2,1.0,0.9911857799999999,0.9911857799999999
CLDN2,0.75,2,2,1.0,0.98934228,0.98934228
CLEC18B,0.75,2,2,1.0,0.9718812800000001,0.9718812800000001
CLEC7A,0.75,2,2,1.0,0.9692134649999999,0.9692134649999999
CLIC4,0.75,2,2,1.0,0.9864395850000001,0.9864395850000001
CLP1,0.75,2,2,1.0,0.8945526500000001,0.8945526500000001
CLRN3,0.75,2,2,1.0,0.946811775,0.946811775
CMTM6,0.75,2,2,1.0,0.95455655,0.95455655
CNN2,0.75,2,2,1.0,0.9553035249999999,0.9553035249999999
CNNM4,0.75,2,2,1.0,0.887757745,0.887757745
CNOT4,0.75,2,2,1.0,0.990408225,0.990408225
COA7,0.75,2,2,1.0,0.96589583,0.96589583
COG2,0.75,2,2,1.0,0.9857115750000001,0.9857115750000001
COL23A1,0.75,2,2,1.0,0.974894825,0.974894825
COL26A1,0.75,2,2,1.0,0.9135742,0.9135742
COPS4,0.75,2,2,1.0,0.932564795,0.932564795
CPB2,0.75,2,2,1.0,0.9861580700000001,0.9861580700000001
CPE,0.75,2,2,1.0,0.9860887,0.9860887
CPT1C,0.75,2,2,1.0,0.98608925,0.98608925
CPT2,0.75,2,2,1.0,0.883296015,0.883296015
CR1L,0.75,2,2,1.0,0.9908668700000001,0.9908668700000001
CREB3L4,0.75,2,2,1.0,0.88991012,0.88991012
CREB5,0.75,2,2,1.0,0.987779375,0.987779375
CRISP1,0.75,2,2,1.0,0.98360885,0.98360885
CRP,0.75,2,2,1.0,0.9675647,0.9675647
CRYGA,0.75,2,2,1.0,0.967535915,0.967535915
CRYZL1,0.75,2,2,1.0,0.9523161,0.9523161
CSAG1,0.75,2,2,1.0,0.9783734150000001,0.9783734150000001
CST1,0.75,2,2,1.0,0.987963645,0.987963645
CT83,0.75,2,2,1.0,0.9855517300000001,0.9855517300000001
CTAGE15,0.75,2,2,1.0,0.9163652499999999,0.9163652499999999
CTDSPL2,0.75,2,2,1.0,0.91170655,0.91170655
CTNNA1,0.75,2,2,1.0,0.91233315,0.91233315
CUTA,0.75,2,2,1.0,0.97972053,0.97972053
CXCR2,0.75,2,2,1.0,0.887273965,0.887273965
CXCR3,0.75,2,2,1.0,0.9426580499999999,0.9426580499999999
CXorf21,0.75,2,2,1.0,0.9796710900000001,0.9796710900000001
CYB561,0.75,2,2,1.0,0.91513055,0.91513055
CYP1A1,0.75,2,2,1.0,0.916758615,0.916758615
CYP3A5,0.75,2,2,1.0,0.92506455,0.92506455
DAG1,0.75,2,2,1.0,0.9725995000000001,0.9725995000000001
DAW1,0.75,2,2,1.0,0.9677785050000001,0.9677785050000001
DAZAP2,0.75,2,2,1.0,0.931750745,0.931750745
DCAF16,0.75,2,2,1.0,0.91784355,0.91784355
DCP2,0.75,2,2,1.0,0.99035075,0.99035075
DCTN5,0.75,2,2,1.0,0.983212765,0.983212765
DCUN1D2,0.75,2,2,1.0,0.980082625,0.980082625
DDIT3,0.75,2,2,1.0,0.9633303,0.9633303
DDX39B,0.75,2,2,1.0,0.990694925,0.990694925
DDX43,0.75,2,2,1.0,0.9807055,0.9807055
DDX50,0.75,2,2,1.0,0.9749460000000001,0.9749460000000001
DDX53,0.75,2,2,1.0,0.97979697,0.97979697
DECR1,0.75,2,2,1.0,0.9907402999999999,0.9907402999999999
DEFB104A,0.75,2,2,1.0,0.990941615,0.990941615
DEFB119,0.75,2,2,1.0,0.99052355,0.99052355
DELEC1,0.75,2,2,1.0,0.93220272,0.93220272
DENND10P1,0.75,2,2,1.0,0.991144155,0.991144155
DENND5A,0.75,2,2,1.0,0.9907609500000001,0.9907609500000001
DEPDC4,0.75,2,2,1.0,0.9715798,0.9715798
DEPTOR,0.75,2,2,1.0,0.94880165,0.94880165
DFFA,0.75,2,2,1.0,0.9448018,0.9448018
DHFR,0.75,2,2,1.0,0.89032433,0.89032433
DHRS1,0.75,2,2,1.0,0.952572685,0.952572685
DHRS12,0.75,2,2,1.0,0.983248475,0.983248475
DHX33,0.75,2,2,1.0,0.98298975,0.98298975
DHX9,0.75,2,2,1.0,0.9913795000000001,0.9913795000000001
DISP2,0.75,2,2,1.0,0.896276565,0.896276565
DKKL1,0.75,2,2,1.0,0.9859332000000001,0.9859332000000001
DLGAP3,0.75,2,2,1.0,0.989211275,0.989211275
DLK2,0.75,2,2,1.0,0.92629133,0.92629133
DNAAF4,0.75,2,2,1.0,0.9766728,0.9766728
DNAI1,0.75,2,2,1.0,0.9557502,0.9557502
DNAJA4,0.75,2,2,1.0,0.87048535,0.87048535
DNAJB4,0.75,2,2,1.0,0.99140737,0.99140737
DNAJB9,0.75,2,2,1.0,0.991483745,0.991483745
DNAJC22,0.75,2,2,1.0,0.98278712,0.98278712
DNASE1L1,0.75,2,2,1.0,0.97860768,0.97860768
DOLPP1,0.75,2,2,1.0,0.9909357400000001,0.9909357400000001
DPYSL3,0.75,2,2,1.0,0.8906047500000001,0.8906047500000001
DR1,0.75,2,2,1.0,0.97802145,0.97802145
DSTYK,0.75,2,2,1.0,0.8625393800000001,0.8625393800000001
DTD1,0.75,2,2,1.0,0.99106798,0.99106798
DTX2,0.75,2,2,1.0,0.983860215,0.983860215
DUSP10,0.75,2,2,1.0,0.8771529499999999,0.8771529499999999
DUSP22,0.75,2,2,1.0,0.989291375,0.989291375
DYNLRB1,0.75,2,2,1.0,0.96883867,0.96883867
DZIP1,0.75,2,2,1.0,0.98807837,0.98807837
E4F1,0.75,2,2,1.0,0.98105005,0.98105005
EAPP,0.75,2,2,1.0,0.82652335,0.82652335
EBAG9,0.75,2,2,1.0,0.9710531,0.9710531
ECT2,0.75,2,2,1.0,0.9777591649999999,0.9777591649999999
EDNRA,0.75,2,2,1.0,0.99135423,0.99135423
EED,0.75,2,2,1.0,0.9912986500000001,0.9912986500000001
EEF1AKMT1,0.75,2,2,1.0,0.99059305,0.99059305
EFNB3,0.75,2,2,1.0,0.93317185,0.93317185
EIF2AK2,0.75,2,2,1.0,0.9835944350000001,0.9835944350000001
EIF2B3,0.75,2,2,1.0,0.991470335,0.991470335
EIF4B,0.75,2,2,1.0,0.976671285,0.976671285
EIPR1,0.75,2,2,1.0,0.940920295,0.940920295
ELAVL1,0.75,2,2,1.0,0.978012025,0.978012025
ELAVL4,0.75,2,2,1.0,0.9829597999999999,0.9829597999999999
ELP2,0.75,2,2,1.0,0.98061332,0.98061332
ENO1,0.75,2,2,1.0,0.98885238,0.98885238
ENOSF1,0.75,2,2,1.0,0.8616569199999999,0.8616569199999999
ENPP4,0.75,2,2,1.0,0.9783917,0.9783917
EPN1,0.75,2,2,1.0,0.9722326800000001,0.9722326800000001
EPO,0.75,2,2,1.0,0.9829646949999999,0.9829646949999999
ERGIC1,0.75,2,2,1.0,0.980622425,0.980622425
ERMP1,0.75,2,2,1.0,0.991301915,0.991301915
ERV3-1,0.75,2,2,1.0,0.97885027,0.97885027
ESR2,0.75,2,2,1.0,0.9801287999999999,0.9801287999999999
ETHE1,0.75,2,2,1.0,0.99067718,0.99067718
EXOC3L1,0.75,2,2,1.0,0.98457515,0.98457515
EXOC6,0.75,2,2,1.0,0.98791908,0.98791908
FA2H,0.75,2,2,1.0,0.979224735,0.979224735
FABP6,0.75,2,2,1.0,0.96895407,0.96895407
FADS2,0.75,2,2,1.0,0.89978985,0.89978985
FAH,0.75,2,2,1.0,0.90282339,0.90282339
FAHD2A,0.75,2,2,1.0,0.99009625,0.99009625
FAM102A,0.75,2,2,1.0,0.8568472,0.8568472
FAM170A,0.75,2,2,1.0,0.96783263,0.96783263
FAM200A,0.75,2,2,1.0,0.971588165,0.971588165
FAM32A,0.75,2,2,1.0,0.9588938,0.9588938
FAM3B,0.75,2,2,1.0,0.97788393,0.97788393
FAM50B,0.75,2,2,1.0,0.96368945,0.96368945
FAM71C,0.75,2,2,1.0,0.982882205,0.982882205
FANCB,0.75,2,2,1.0,0.957945265,0.957945265
FANCD2OS,0.75,2,2,1.0,0.9171117200000001,0.9171117200000001
FAR2,0.75,2,2,1.0,0.991418025,0.991418025
FARSB,0.75,2,2,1.0,0.932709575,0.932709575
FBXL20,0.75,2,2,1.0,0.8935174699999999,0.8935174699999999
FBXL21P,0.75,2,2,1.0,0.990739225,0.990739225
FBXL4,0.75,2,2,1.0,0.98389518,0.98389518
FBXL7,0.75,2,2,1.0,0.82589933,0.82589933
FBXO8,0.75,2,2,1.0,0.984964775,0.984964775
FBXW12,0.75,2,2,1.0,0.8992091099999999,0.8992091099999999
FBXW8,0.75,2,2,1.0,0.97334203,0.97334203
FCHO1,0.75,2,2,1.0,0.98918745,0.98918745
FCN1,0.75,2,2,1.0,0.99136925,0.99136925
FCN2,0.75,2,2,1.0,0.991424125,0.991424125
FCRL6,0.75,2,2,1.0,0.9907035,0.9907035
FDFT1,0.75,2,2,1.0,0.99052217,0.99052217
FERMT1,0.75,2,2,1.0,0.9867032,0.9867032
FFAR4,0.75,2,2,1.0,0.901141,0.901141
FGF16,0.75,2,2,1.0,0.96281838,0.96281838
FGF9,0.75,2,2,1.0,0.967077765,0.967077765
FGFBP2,0.75,2,2,1.0,0.9508151,0.9508151
FHL3,0.75,2,2,1.0,0.9789683,0.9789683
FKBP9,0.75,2,2,1.0,0.9829195,0.9829195
FLCN,0.75,2,2,1.0,0.897407675,0.897407675
FLRT1,0.75,2,2,1.0,0.95314772,0.95314772
FMO1,0.75,2,2,1.0,0.975176015,0.975176015
FMO4,0.75,2,2,1.0,0.94581055,0.94581055
FNDC4,0.75,2,2,1.0,0.97923625,0.97923625
FNTA,0.75,2,2,1.0,0.981277635,0.981277635
FOCAD,0.75,2,2,1.0,0.98848313,0.98848313
FOXK1,0.75,2,2,1.0,0.95743893,0.95743893
FOXO1,0.75,2,2,1.0,0.9703943,0.9703943
FRA10AC1,0.75,2,2,1.0,0.95793193,0.95793193
FRG2B,0.75,2,2,1.0,0.98359595,0.98359595
FUT3,0.75,2,2,1.0,0.9807842,0.9807842
FUT7,0.75,2,2,1.0,0.98197068,0.98197068
FUT8,0.75,2,2,1.0,0.9317795,0.9317795
FXN,0.75,2,2,1.0,0.99053925,0.99053925
G6PC3,0.75,2,2,1.0,0.93374232,0.93374232
GALR1,0.75,2,2,1.0,0.9416563250000001,0.9416563250000001
GATAD2B,0.75,2,2,1.0,0.98453423,0.98453423
GBP2,0.75,2,2,1.0,0.9913843,0.9913843
GBP6,0.75,2,2,1.0,0.99145755,0.99145755
GCAT,0.75,2,2,1.0,0.9821698999999999,0.9821698999999999
GCDH,0.75,2,2,1.0,0.9818782349999999,0.9818782349999999
GCM2,0.75,2,2,1.0,0.9862255,0.9862255
GCNT1,0.75,2,2,1.0,0.89769539,0.89769539
GEMIN4,0.75,2,2,1.0,0.94522965,0.94522965
GFI1B,0.75,2,2,1.0,0.96490212,0.96490212
GFM1,0.75,2,2,1.0,0.9477428450000001,0.9477428450000001
GFOD1,0.75,2,2,1.0,0.986780735,0.986780735
GGA1,0.75,2,2,1.0,0.9295900699999999,0.9295900699999999
GGTLC2,0.75,2,2,1.0,0.938378615,0.938378615
GHR,0.75,2,2,1.0,0.932625915,0.932625915
GIMAP2,0.75,2,2,1.0,0.9542554750000001,0.9542554750000001
GIMAP5,0.75,2,2,1.0,0.9657764449999999,0.9657764449999999
GIMAP6,0.75,2,2,1.0,0.984176575,0.984176575
GJB3,0.75,2,2,1.0,0.98965855,0.98965855
GJD2,0.75,2,2,1.0,0.91278927,0.91278927
GLMN,0.75,2,2,1.0,0.972471825,0.972471825
GLP2R,0.75,2,2,1.0,0.9747140400000001,0.9747140400000001
GOLGA1,0.75,2,2,1.0,0.9214361799999999,0.9214361799999999
GOLGA2,0.75,2,2,1.0,0.9914102499999999,0.9914102499999999
GPAT4,0.75,2,2,1.0,0.924521285,0.924521285
GPATCH3,0.75,2,2,1.0,0.98809378,0.98809378
GPM6A,0.75,2,2,1.0,0.957637165,0.957637165
GPR143,0.75,2,2,1.0,0.9862174,0.9862174
GPR19,0.75,2,2,1.0,0.9640598899999999,0.9640598899999999
GPR25,0.75,2,2,1.0,0.903008075,0.903008075
GPR37L1,0.75,2,2,1.0,0.960036785,0.960036785
GPRIN3,0.75,2,2,1.0,0.98868758,0.98868758
GPX2,0.75,2,2,1.0,0.9019156500000001,0.9019156500000001
GRIA4,0.75,2,2,1.0,0.9724485,0.9724485
GSDME,0.75,2,2,1.0,0.9724790999999999,0.9724790999999999
GSG1,0.75,2,2,1.0,0.986182975,0.986182975
GSN,0.75,2,2,1.0,0.96056868,0.96056868
GSS,0.75,2,2,1.0,0.92498573,0.92498573
GSTO1,0.75,2,2,1.0,0.9913790849999999,0.9913790849999999
GTDC1,0.75,2,2,1.0,0.9646633,0.9646633
GTF3C2,0.75,2,2,1.0,0.9804849,0.9804849
GUCA2B,0.75,2,2,1.0,0.99121115,0.99121115
GUCY1A2,0.75,2,2,1.0,0.9893964550000001,0.9893964550000001
GZMK,0.75,2,2,1.0,0.9811781049999999,0.9811781049999999
HADHA,0.75,2,2,1.0,0.9747721300000001,0.9747721300000001
HADHB,0.75,2,2,1.0,0.966257535,0.966257535
HARS1,0.75,2,2,1.0,0.96265515,0.96265515
HAUS6,0.75,2,2,1.0,0.9073644700000001,0.9073644700000001
HAVCR1,0.75,2,2,1.0,0.9883211,0.9883211
HBS1L,0.75,2,2,1.0,0.9797087600000001,0.9797087600000001
HCAR2,0.75,2,2,1.0,0.9865359650000001,0.9865359650000001
HDAC7,0.75,2,2,1.0,0.9573166500000001,0.9573166500000001
HEPACAM,0.75,2,2,1.0,0.9584733750000001,0.9584733750000001
HIBCH,0.75,2,2,1.0,0.9852740499999999,0.9852740499999999
HIPK4,0.75,2,2,1.0,0.9557031,0.9557031
HJURP,0.75,2,2,1.0,0.9905207300000001,0.9905207300000001
HLA-DRB5,0.75,2,2,1.0,0.966664425,0.966664425
HM13,0.75,2,2,1.0,0.9791484699999999,0.9791484699999999
HMGN4,0.75,2,2,1.0,0.90302583,0.90302583
HOXA10,0.75,2,2,1.0,0.9849631000000001,0.9849631000000001
HOXA13,0.75,2,2,1.0,0.9913799249999999,0.9913799249999999
HOXB13,0.75,2,2,1.0,0.9908726,0.9908726
HOXB2,0.75,2,2,1.0,0.985794245,0.985794245
HS1BP3,0.75,2,2,1.0,0.955899125,0.955899125
HS2ST1,0.75,2,2,1.0,0.99109835,0.99109835
HS3ST2,0.75,2,2,1.0,0.991387035,0.991387035
HSD17B8,0.75,2,2,1.0,0.9795053,0.9795053
HSDL2,0.75,2,2,1.0,0.99146338,0.99146338
HSPBP1,0.75,2,2,1.0,0.97015608,0.97015608
HTR2A,0.75,2,2,1.0,0.884534265,0.884534265
HTRA4,0.75,2,2,1.0,0.991214875,0.991214875
HUNK,0.75,2,2,1.0,0.9815678,0.9815678
HYI,0.75,2,2,1.0,0.9878822,0.9878822
ICAM1,0.75,2,2,1.0,0.9693375200000001,0.9693375200000001
IFIT1B,0.75,2,2,1.0,0.9514768499999999,0.9514768499999999
IFNA7,0.75,2,2,1.0,0.9910673,0.9910673
IFNAR1,0.75,2,2,1.0,0.97757383,0.97757383
IFNGR2,0.75,2,2,1.0,0.98636615,0.98636615
IFNL1,0.75,2,2,1.0,0.991355115,0.991355115
IFT57,0.75,2,2,1.0,0.982316915,0.982316915
IGFBP3,0.75,2,2,1.0,0.9678444500000001,0.9678444500000001
IGFL1,0.75,2,2,1.0,0.92815695,0.92815695
IGFLR1,0.75,2,2,1.0,0.9723909,0.9723909
IGHA1,0.75,2,2,1.0,0.900673585,0.900673585
IGHV1-12,0.75,2,2,1.0,0.97737935,0.97737935
IGHV1-58,0.75,2,2,1.0,0.9301283300000001,0.9301283300000001
IGHV3-49,0.75,2,2,1.0,0.947445605,0.947445605
IGHV4-28,0.75,2,2,1.0,0.991433335,0.991433335
IGHV6-1,0.75,2,2,1.0,0.9488887,0.9488887
IGKV1-17,0.75,2,2,1.0,0.9627124300000001,0.9627124300000001
IGKV1D-17,0.75,2,2,1.0,0.96663115,0.96663115
IGKV2-30,0.75,2,2,1.0,0.938431365,0.938431365
IGKV2D-24,0.75,2,2,1.0,0.96433452,0.96433452
IGKV3D-11,0.75,2,2,1.0,0.9845206849999999,0.9845206849999999
IGKV6-21,0.75,2,2,1.0,0.97285825,0.97285825
IGLV3-9,0.75,2,2,1.0,0.897874265,0.897874265
IGSF8,0.75,2,2,1.0,0.97311123,0.97311123
IHO1,0.75,2,2,1.0,0.9695183,0.9695183
IL11RA,0.75,2,2,1.0,0.988581955,0.988581955
IL13RA1,0.75,2,2,1.0,0.9820348999999999,0.9820348999999999
IL17F,0.75,2,2,1.0,0.967760775,0.967760775
IL1RN,0.75,2,2,1.0,0.9510258149999999,0.9510258149999999
IL22RA1,0.75,2,2,1.0,0.96046638,0.96046638
IL27,0.75,2,2,1.0,0.973533415,0.973533415
ILK,0.75,2,2,1.0,0.99124278,0.99124278
IMPA2,0.75,2,2,1.0,0.88567365,0.88567365
INTS4,0.75,2,2,1.0,0.9865785,0.9865785
INTS6,0.75,2,2,1.0,0.97889567,0.97889567
IP6K2,0.75,2,2,1.0,0.89724005,0.89724005
IRAK1,0.75,2,2,1.0,0.9819564000000001,0.9819564000000001
ISG20L2,0.75,2,2,1.0,0.922729185,0.922729185
JAM2,0.75,2,2,1.0,0.9897796000000001,0.9897796000000001
JSRP1,0.75,2,2,1.0,0.9593517,0.9593517
KANK3,0.75,2,2,1.0,0.89343692,0.89343692
KAT2B,0.75,2,2,1.0,0.97415295,0.97415295
KCNF1,0.75,2,2,1.0,0.9432726,0.9432726
KCNH3,0.75,2,2,1.0,0.950412175,0.950412175
KCNJ16,0.75,2,2,1.0,0.90013502,0.90013502
KCNK16,0.75,2,2,1.0,0.982817925,0.982817925
KCNK17,0.75,2,2,1.0,0.989868365,0.989868365
KCTD10,0.75,2,2,1.0,0.977703765,0.977703765
KCTD15,0.75,2,2,1.0,0.984737365,0.984737365
KCTD3,0.75,2,2,1.0,0.984271535,0.984271535
KCTD6,0.75,2,2,1.0,0.9914852949999999,0.9914852949999999
KCTD7,0.75,2,2,1.0,0.9867569700000001,0.9867569700000001
KDM8,0.75,2,2,1.0,0.97903215,0.97903215
KHNYN,0.75,2,2,1.0,0.90482112,0.90482112
KIAA0825,0.75,2,2,1.0,0.9601862,0.9601862
KIF18B,0.75,2,2,1.0,0.9557489299999999,0.9557489299999999
KIF3C,0.75,2,2,1.0,0.92439578,0.92439578
KIRREL1,0.75,2,2,1.0,0.9570625749999999,0.9570625749999999
KLHL18,0.75,2,2,1.0,0.982790915,0.982790915
KRBA2,0.75,2,2,1.0,0.9912913649999999,0.9912913649999999
KRT17,0.75,2,2,1.0,0.9389796749999999,0.9389796749999999
KRT2,0.75,2,2,1.0,0.9905468,0.9905468
KRT24,0.75,2,2,1.0,0.9749984199999999,0.9749984199999999
KRT26,0.75,2,2,1.0,0.829484125,0.829484125
KRT28,0.75,2,2,1.0,0.9860526300000001,0.9860526300000001
KRT35,0.75,2,2,1.0,0.9809516300000001,0.9809516300000001
KRT75,0.75,2,2,1.0,0.91217667,0.91217667
KRT76,0.75,2,2,1.0,0.95648475,0.95648475
KRT78,0.75,2,2,1.0,0.98427618,0.98427618
KRTAP10-1,0.75,2,2,1.0,0.91169715,0.91169715
KRTAP4-4,0.75,2,2,1.0,0.9879501749999999,0.9879501749999999
KRTAP6-1,0.75,2,2,1.0,0.9913616300000001,0.9913616300000001
KYAT3,0.75,2,2,1.0,0.845818925,0.845818925
LACRT,0.75,2,2,1.0,0.880034875,0.880034875
LARP1B,0.75,2,2,1.0,0.9845053500000001,0.9845053500000001
LARP4,0.75,2,2,1.0,0.9615867,0.9615867
LAX1,0.75,2,2,1.0,0.9583206200000001,0.9583206200000001
LCA5,0.75,2,2,1.0,0.9827908999999999,0.9827908999999999
LDLRAD4,0.75,2,2,1.0,0.990865945,0.990865945
LGR6,0.75,2,2,1.0,0.96006927,0.96006927
LHFPL3,0.75,2,2,1.0,0.987316215,0.987316215
LHFPL6,0.75,2,2,1.0,0.98151178,0.98151178
LILRA5,0.75,2,2,1.0,0.98982142,0.98982142
LIPE,0.75,2,2,1.0,0.9857535,0.9857535
LIPF,0.75,2,2,1.0,0.97561243,0.97561243
LLCFC1,0.75,2,2,1.0,0.9914820799999999,0.9914820799999999
LMF1,0.75,2,2,1.0,0.953670825,0.953670825
LPL,0.75,2,2,1.0,0.991182175,0.991182175
LRRC2,0.75,2,2,1.0,0.98294926,0.98294926
LRRC37A2,0.75,2,2,1.0,0.88898913,0.88898913
LRRC49,0.75,2,2,1.0,0.8703191,0.8703191
LRRC74A,0.75,2,2,1.0,0.86833735,0.86833735
LRRTM3,0.75,2,2,1.0,0.987175465,0.987175465
LUC7L,0.75,2,2,1.0,0.89554238,0.89554238
LYPD4,0.75,2,2,1.0,0.98279998,0.98279998
LZTFL1,0.75,2,2,1.0,0.976706015,0.976706015
MAGEB2,0.75,2,2,1.0,0.9618420750000001,0.9618420750000001
MAGEE2,0.75,2,2,1.0,0.89458525,0.89458525
MAP2,0.75,2,2,1.0,0.90344992,0.90344992
MAP2K3,0.75,2,2,1.0,0.98416525,0.98416525
MAP2K7,0.75,2,2,1.0,0.9493075799999999,0.9493075799999999
MAP3K13,0.75,2,2,1.0,0.9418442300000001,0.9418442300000001
MAP3K9,0.75,2,2,1.0,0.8804826,0.8804826
MAP4K1,0.75,2,2,1.0,0.95636315,0.95636315
MAPK6,0.75,2,2,1.0,0.87788125,0.87788125
MARCHF2,0.75,2,2,1.0,0.98357105,0.98357105
MARCHF8,0.75,2,2,1.0,0.98455781,0.98455781
MAVS,0.75,2,2,1.0,0.93266078,0.93266078
MBNL2,0.75,2,2,1.0,0.9764635850000001,0.9764635850000001
MCAM,0.75,2,2,1.0,0.9906712449999999,0.9906712449999999
ME2,0.75,2,2,1.0,0.9848831,0.9848831
MED21,0.75,2,2,1.0,0.9914079499999999,0.9914079499999999
MED4,0.75,2,2,1.0,0.9598187199999999,0.9598187199999999
MEGF9,0.75,2,2,1.0,0.98737455,0.98737455
MEPE,0.75,2,2,1.0,0.986194665,0.986194665
METTL14,0.75,2,2,1.0,0.94857284,0.94857284
METTL15,0.75,2,2,1.0,0.9828277999999999,0.9828277999999999
METTL17,0.75,2,2,1.0,0.99076622,0.99076622
METTL2A,0.75,2,2,1.0,0.91724615,0.91724615
MEX3C,0.75,2,2,1.0,0.9848944749999999,0.9848944749999999
MGAT4A,0.75,2,2,1.0,0.98349977,0.98349977
MIR551B,0.75,2,2,1.0,0.9171924499999999,0.9171924499999999
MKLN1,0.75,2,2,1.0,0.9890566999999999,0.9890566999999999
MLLT3,0.75,2,2,1.0,0.9010904200000001,0.9010904200000001
MMD,0.75,2,2,1.0,0.9341134,0.9341134
MMP16,0.75,2,2,1.0,0.9022665750000001,0.9022665750000001
MMP2,0.75,2,2,1.0,0.9903918,0.9903918
MNS1,0.75,2,2,1.0,0.951536895,0.951536895
MOB3C,0.75,2,2,1.0,0.99139855,0.99139855
MOSPD2,0.75,2,2,1.0,0.962877565,0.962877565
MPL,0.75,2,2,1.0,0.9866024849999999,0.9866024849999999
MPP5,0.75,2,2,1.0,0.9915055049999999,0.9915055049999999
MPP6,0.75,2,2,1.0,0.9879556,0.9879556
MRGBP,0.75,2,2,1.0,0.91429412,0.91429412
MRGPRD,0.75,2,2,1.0,0.95085885,0.95085885
MRGPRX2,0.75,2,2,1.0,0.991123645,0.991123645
MRPL54,0.75,2,2,1.0,0.975495845,0.975495845
MRPS22,0.75,2,2,1.0,0.959590275,0.959590275
MRPS7,0.75,2,2,1.0,0.7752781,0.7752781
MSANTD2,0.75,2,2,1.0,0.98458763,0.98458763
MT1A,0.75,2,2,1.0,0.959228985,0.959228985
MTARC1,0.75,2,2,1.0,0.9806051,0.9806051
MTERF3,0.75,2,2,1.0,0.908257365,0.908257365
MTMR4,0.75,2,2,1.0,0.9825726450000001,0.9825726450000001
MTSS1,0.75,2,2,1.0,0.91498672,0.91498672
MUC20,0.75,2,2,1.0,0.98076107,0.98076107
MUC7,0.75,2,2,1.0,0.99029232,0.99029232
MYBL2,0.75,2,2,1.0,0.98304266,0.98304266
MYOZ3,0.75,2,2,1.0,0.97276601,0.97276601
NAB1,0.75,2,2,1.0,0.987243205,0.987243205
NANP,0.75,2,2,1.0,0.9676738149999999,0.9676738149999999
NAP1L2,0.75,2,2,1.0,0.960665,0.960665
NBPF10,0.75,2,2,1.0,0.90558583,0.90558583
NBPF15,0.75,2,2,1.0,0.96403255,0.96403255
NCAPH,0.75,2,2,1.0,0.988873375,0.988873375
NCBP2,0.75,2,2,1.0,0.9548862,0.9548862
NDUFA4,0.75,2,2,1.0,0.99139753,0.99139753
NDUFS2,0.75,2,2,1.0,0.977007325,0.977007325
NECAP1,0.75,2,2,1.0,0.987688005,0.987688005
NECTIN1,0.75,2,2,1.0,0.932452125,0.932452125
NEDD9,0.75,2,2,1.0,0.96506235,0.96506235
NEK4,0.75,2,2,1.0,0.98729405,0.98729405
NEK9,0.75,2,2,1.0,0.91050705,0.91050705
NELFA,0.75,2,2,1.0,0.96744802,0.96744802
NELFCD,0.75,2,2,1.0,0.983875455,0.983875455
NFATC3,0.75,2,2,1.0,0.991355575,0.991355575
NFE2L2,0.75,2,2,1.0,0.934019215,0.934019215
NFIA,0.75,2,2,1.0,0.9047315499999999,0.9047315499999999
NFIC,0.75,2,2,1.0,0.99100045,0.99100045
NFKB1,0.75,2,2,1.0,0.99137075,0.99137075
NFKBIA,0.75,2,2,1.0,0.882852645,0.882852645
NICN1,0.75,2,2,1.0,0.9768495749999999,0.9768495749999999
NIF3L1,0.75,2,2,1.0,0.939530975,0.939530975
NIPSNAP2,0.75,2,2,1.0,0.99064515,0.99064515
NMD3,0.75,2,2,1.0,0.98554773,0.98554773
NMS,0.75,2,2,1.0,0.95118585,0.95118585
NMUR1,0.75,2,2,1.0,0.851508975,0.851508975
NPNT,0.75,2,2,1.0,0.82489418,0.82489418
NPSR1,0.75,2,2,1.0,0.971548225,0.971548225
NQO2,0.75,2,2,1.0,0.8716016799999999,0.8716016799999999
NR1D1,0.75,2,2,1.0,0.86254913,0.86254913
NR2F6,0.75,2,2,1.0,0.96903118,0.96903118
NUCB2,0.75,2,2,1.0,0.938108385,0.938108385
NUDCD1,0.75,2,2,1.0,0.9329002,0.9329002
NUDT12,0.75,2,2,1.0,0.91772195,0.91772195
NUDT9,0.75,2,2,1.0,0.9741554,0.9741554
NUP188,0.75,2,2,1.0,0.9911697349999999,0.9911697349999999
NUP35,0.75,2,2,1.0,0.94983637,0.94983637
NUP42,0.75,2,2,1.0,0.987144025,0.987144025
NUP58,0.75,2,2,1.0,0.979359685,0.979359685
NXNL1,0.75,2,2,1.0,0.880422375,0.880422375
OAF,0.75,2,2,1.0,0.96095865,0.96095865
OBI1,0.75,2,2,1.0,0.866253385,0.866253385
OCEL1,0.75,2,2,1.0,0.9913845,0.9913845
OFCC1,0.75,2,2,1.0,0.946653,0.946653
OGFOD1,0.75,2,2,1.0,0.93097823,0.93097823
OMA1,0.75,2,2,1.0,0.989430415,0.989430415
OR10A4,0.75,2,2,1.0,0.92439898,0.92439898
OR10X1,0.75,2,2,1.0,0.90681285,0.90681285
OR14C36,0.75,2,2,1.0,0.956175725,0.956175725
OR14K1,0.75,2,2,1.0,0.9880521499999999,0.9880521499999999
OR1C1,0.75,2,2,1.0,0.9285076,0.9285076
OR1L3,0.75,2,2,1.0,0.8768679,0.8768679
OR1L4,0.75,2,2,1.0,0.9914377,0.9914377
OR2AG2,0.75,2,2,1.0,0.9842576000000001,0.9842576000000001
OR2V2,0.75,2,2,1.0,0.9792423800000001,0.9792423800000001
OR3A2,0.75,2,2,1.0,0.9913466,0.9913466
OR4E2,0.75,2,2,1.0,0.9589213999999999,0.9589213999999999
OR4F5,0.75,2,2,1.0,0.98696115,0.98696115
OR4F6,0.75,2,2,1.0,0.9329338,0.9329338
OR4K1,0.75,2,2,1.0,0.972010255,0.972010255
OR4K14,0.75,2,2,1.0,0.979325285,0.979325285
OR51B5,0.75,2,2,1.0,0.9688602,0.9688602
OR51B6,0.75,2,2,1.0,0.90273825,0.90273825
OR56A1,0.75,2,2,1.0,0.9842886200000001,0.9842886200000001
OR5B12,0.75,2,2,1.0,0.881611315,0.881611315
OR5B3,0.75,2,2,1.0,0.9562726800000001,0.9562726800000001
OR5P3,0.75,2,2,1.0,0.9054385300000001,0.9054385300000001
OR5T1,0.75,2,2,1.0,0.9782839249999999,0.9782839249999999
OR6B2,0.75,2,2,1.0,0.9642074300000001,0.9642074300000001
OR6K3,0.75,2,2,1.0,0.991446125,0.991446125
OR7A5,0.75,2,2,1.0,0.98679935,0.98679935
OR7D4,0.75,2,2,1.0,0.99088505,0.99088505
OR9I1,0.75,2,2,1.0,0.97221515,0.97221515
ORM1,0.75,2,2,1.0,0.9676445499999999,0.9676445499999999
OSGEP,0.75,2,2,1.0,0.8976413,0.8976413
OSTF1,0.75,2,2,1.0,0.929223895,0.929223895
OTULINL,0.75,2,2,1.0,0.9332159449999999,0.9332159449999999
OTX1,0.75,2,2,1.0,0.97938165,0.97938165
OVGP1,0.75,2,2,1.0,0.989358135,0.989358135
P2RX1,0.75,2,2,1.0,0.98207908,0.98207908
P2RX5,0.75,2,2,1.0,0.978538565,0.978538565
P2RY1,0.75,2,2,1.0,0.9898490200000001,0.9898490200000001
P2RY14,0.75,2,2,1.0,0.98330458,0.98330458
PACSIN1,0.75,2,2,1.0,0.9823537250000001,0.9823537250000001
PAK1,0.75,2,2,1.0,0.99139815,0.99139815
PANK4,0.75,2,2,1.0,0.970221715,0.970221715
PATL1,0.75,2,2,1.0,0.974992325,0.974992325
PAX1,0.75,2,2,1.0,0.991077725,0.991077725
PAX7,0.75,2,2,1.0,0.9914460249999999,0.9914460249999999
PBRM1,0.75,2,2,1.0,0.92255025,0.92255025
PBX4,0.75,2,2,1.0,0.9802164,0.9802164
PCGF3,0.75,2,2,1.0,0.95514265,0.95514265
PCGF5,0.75,2,2,1.0,0.945112475,0.945112475
PCNX3,0.75,2,2,1.0,0.941393215,0.941393215
PCNX4,0.75,2,2,1.0,0.97737843,0.97737843
PCYOX1,0.75,2,2,1.0,0.912477525,0.912477525
PCYT2,0.75,2,2,1.0,0.968787525,0.968787525
PDCL,0.75,2,2,1.0,0.9859603,0.9859603
PDE12,0.75,2,2,1.0,0.92769778,0.92769778
PDIK1L,0.75,2,2,1.0,0.9844650850000001,0.9844650850000001
PDLIM1,0.75,2,2,1.0,0.9909062500000001,0.9909062500000001
PDPR,0.75,2,2,1.0,0.983690215,0.983690215
PELI1,0.75,2,2,1.0,0.8964359749999999,0.8964359749999999
PGA5,0.75,2,2,1.0,0.979376215,0.979376215
PGS1,0.75,2,2,1.0,0.94237921,0.94237921
PHC3,0.75,2,2,1.0,0.99047795,0.99047795
PHGDH,0.75,2,2,1.0,0.915936415,0.915936415
PHKG1,0.75,2,2,1.0,0.863518205,0.863518205
PI4K2B,0.75,2,2,1.0,0.9913927499999999,0.9913927499999999
PIBF1,0.75,2,2,1.0,0.96072435,0.96072435
PID1,0.75,2,2,1.0,0.98869375,0.98869375
PIF1,0.75,2,2,1.0,0.89464337,0.89464337
PIK3C3,0.75,2,2,1.0,0.99136242,0.99136242
PILRA,0.75,2,2,1.0,0.9913230550000001,0.9913230550000001
PIP4P1,0.75,2,2,1.0,0.9912768700000001,0.9912768700000001
PITX2,0.75,2,2,1.0,0.9277454350000001,0.9277454350000001
PKMYT1,0.75,2,2,1.0,0.976919885,0.976919885
PLA2R1,0.75,2,2,1.0,0.97868055,0.97868055
PLD2,0.75,2,2,1.0,0.973283125,0.973283125
PLEKHA3,0.75,2,2,1.0,0.97613272,0.97613272
PLEKHA8,0.75,2,2,1.0,0.950739445,0.950739445
PLEKHB2,0.75,2,2,1.0,0.92836085,0.92836085
PLXDC2,0.75,2,2,1.0,0.9364063149999999,0.9364063149999999
PNPLA8,0.75,2,2,1.0,0.98443565,0.98443565
POC1A,0.75,2,2,1.0,0.9914486,0.9914486
POLD4,0.75,2,2,1.0,0.9685611199999999,0.9685611199999999
POLN,0.75,2,2,1.0,0.88753955,0.88753955
POM121,0.75,2,2,1.0,0.9773387,0.9773387
POMGNT2,0.75,2,2,1.0,0.93718418,0.93718418
POU2F1,0.75,2,2,1.0,0.89566955,0.89566955
PPARA,0.75,2,2,1.0,0.853254975,0.853254975
PPFIBP2,0.75,2,2,1.0,0.8882640500000001,0.8882640500000001
PPIAL4G,0.75,2,2,1.0,0.9427914500000001,0.9427914500000001
PPID,0.75,2,2,1.0,0.98355427,0.98355427
PPIH,0.75,2,2,1.0,0.9856172249999999,0.9856172249999999
PPIL6,0.75,2,2,1.0,0.8757373749999999,0.8757373749999999
PPP1R17,0.75,2,2,1.0,0.9862192000000001,0.9862192000000001
PPP1R21,0.75,2,2,1.0,0.9108293000000001,0.9108293000000001
PPP1R3B,0.75,2,2,1.0,0.91082005,0.91082005
PPP1R7,0.75,2,2,1.0,0.8806394200000001,0.8806394200000001
PPP3R2,0.75,2,2,1.0,0.925592285,0.925592285
PQBP1,0.75,2,2,1.0,0.9702918,0.9702918
PRAMEF7,0.75,2,2,1.0,0.98492042,0.98492042
PRB1,0.75,2,2,1.0,0.9679791,0.9679791
PRDM7,0.75,2,2,1.0,0.9402514,0.9402514
PRIMA1,0.75,2,2,1.0,0.9441545,0.9441545
PRKCG,0.75,2,2,1.0,0.97523465,0.97523465
PROKR1,0.75,2,2,1.0,0.98161937,0.98161937
PRPF38A,0.75,2,2,1.0,0.9180359,0.9180359
PRSS22,0.75,2,2,1.0,0.9174127350000001,0.9174127350000001
PRSS37,0.75,2,2,1.0,0.9353987500000001,0.9353987500000001
PSMC2,0.75,2,2,1.0,0.991342395,0.991342395
PSMD1,0.75,2,2,1.0,0.98161183,0.98161183
PSMD9,0.75,2,2,1.0,0.80418295,0.80418295
PSMG2,0.75,2,2,1.0,0.974634875,0.974634875
PTGER2,0.75,2,2,1.0,0.936862115,0.936862115
PTGS1,0.75,2,2,1.0,0.8879919000000001,0.8879919000000001
PTPN1,0.75,2,2,1.0,0.99043213,0.99043213
QRICH2,0.75,2,2,1.0,0.9867504300000001,0.9867504300000001
R3HDM4,0.75,2,2,1.0,0.94927155,0.94927155
RAB10,0.75,2,2,1.0,0.9846223199999999,0.9846223199999999
RAB39A,0.75,2,2,1.0,0.9912974699999999,0.9912974699999999
RAB3D,0.75,2,2,1.0,0.964623,0.964623
RABGAP1,0.75,2,2,1.0,0.98742324,0.98742324
RAET1E,0.75,2,2,1.0,0.959478435,0.959478435
RAET1L,0.75,2,2,1.0,0.9807490249999999,0.9807490249999999
RANBP3,0.75,2,2,1.0,0.9910517249999999,0.9910517249999999
RAPGEF5,0.75,2,2,1.0,0.9782769,0.9782769
RASSF8,0.75,2,2,1.0,0.899818,0.899818
RBL2,0.75,2,2,1.0,0.991487,0.991487
RBPJ,0.75,2,2,1.0,0.9333698500000001,0.9333698500000001
RCAN3,0.75,2,2,1.0,0.8992906,0.8992906
RECQL5,0.75,2,2,1.0,0.97632165,0.97632165
REEP5,0.75,2,2,1.0,0.960449715,0.960449715
REL,0.75,2,2,1.0,0.910236375,0.910236375
RENBP,0.75,2,2,1.0,0.98532155,0.98532155
RETREG2,0.75,2,2,1.0,0.946174335,0.946174335
RETSAT,0.75,2,2,1.0,0.9874899500000001,0.9874899500000001
RFX1,0.75,2,2,1.0,0.971476475,0.971476475
RGS2,0.75,2,2,1.0,0.991375915,0.991375915
RHBDD2,0.75,2,2,1.0,0.927138575,0.927138575
RIN2,0.75,2,2,1.0,0.9617290999999999,0.9617290999999999
RIOK3,0.75,2,2,1.0,0.848005,0.848005
RIPK1,0.75,2,2,1.0,0.9907898749999999,0.9907898749999999
RMI1,0.75,2,2,1.0,0.974319965,0.974319965
RNASE4,0.75,2,2,1.0,0.99137315,0.99137315
RNF10,0.75,2,2,1.0,0.9913196,0.9913196
RNF133,0.75,2,2,1.0,0.8624594999999999,0.8624594999999999
RNF149,0.75,2,2,1.0,0.91055187,0.91055187
RNF150,0.75,2,2,1.0,0.9905619,0.9905619
RNF157,0.75,2,2,1.0,0.9573004350000001,0.9573004350000001
RNGTT,0.75,2,2,1.0,0.9800333999999999,0.9800333999999999
RNMT,0.75,2,2,1.0,0.881099225,0.881099225
RP9,0.75,2,2,1.0,0.990320925,0.990320925
RPE,0.75,2,2,1.0,0.98953815,0.98953815
RPL13A,0.75,2,2,1.0,0.92513255,0.92513255
RPL15,0.75,2,2,1.0,0.8754986849999999,0.8754986849999999
RPL36A,0.75,2,2,1.0,0.98228866,0.98228866
RPP14,0.75,2,2,1.0,0.9851942,0.9851942
RPS6KA5,0.75,2,2,1.0,0.9846367549999999,0.9846367549999999
RSL1D1,0.75,2,2,1.0,0.9244503749999999,0.9244503749999999
RSPH3,0.75,2,2,1.0,0.9773480649999999,0.9773480649999999
RSPO2,0.75,2,2,1.0,0.97607705,0.97607705
RSPO4,0.75,2,2,1.0,0.9436526000000001,0.9436526000000001
RTF1,0.75,2,2,1.0,0.9474718,0.9474718
RUNDC3B,0.75,2,2,1.0,0.90656375,0.90656375
SAMHD1,0.75,2,2,1.0,0.909507375,0.909507375
SBSN,0.75,2,2,1.0,0.88462048,0.88462048
SCMH1,0.75,2,2,1.0,0.97969556,0.97969556
SDCBP,0.75,2,2,1.0,0.88982582,0.88982582
SDR42E1,0.75,2,2,1.0,0.986536375,0.986536375
SELP,0.75,2,2,1.0,0.989842675,0.989842675
SEMA3F,0.75,2,2,1.0,0.9687621,0.9687621
SENP8,0.75,2,2,1.0,0.9869944799999999,0.9869944799999999
SETD6,0.75,2,2,1.0,0.94002348,0.94002348
SFMBT1,0.75,2,2,1.0,0.9717218750000001,0.9717218750000001
SFTPA2,0.75,2,2,1.0,0.96064995,0.96064995
SGCE,0.75,2,2,1.0,0.9326199,0.9326199
SH2B1,0.75,2,2,1.0,0.93250325,0.93250325
SHARPIN,0.75,2,2,1.0,0.991472025,0.991472025
SHISA2,0.75,2,2,1.0,0.9514247650000001,0.9514247650000001
SHMT2,0.75,2,2,1.0,0.914443965,0.914443965
SIAH2,0.75,2,2,1.0,0.97494565,0.97494565
SIGLEC14,0.75,2,2,1.0,0.969729215,0.969729215
SIGLEC6,0.75,2,2,1.0,0.98393115,0.98393115
SIGLECL1,0.75,2,2,1.0,0.97740377,0.97740377
SIRPD,0.75,2,2,1.0,0.925724475,0.925724475
SIRT2,0.75,2,2,1.0,0.9329651,0.9329651
SIRT7,0.75,2,2,1.0,0.98199345,0.98199345
SKA1,0.75,2,2,1.0,0.96437975,0.96437975
SKP1,0.75,2,2,1.0,0.96870155,0.96870155
SLC14A1,0.75,2,2,1.0,0.9289391199999999,0.9289391199999999
SLC16A12,0.75,2,2,1.0,0.8243486,0.8243486
SLC19A3,0.75,2,2,1.0,0.97071975,0.97071975
SLC1A3,0.75,2,2,1.0,0.9630145299999999,0.9630145299999999
SLC20A1,0.75,2,2,1.0,0.94770307,0.94770307
SLC22A1,0.75,2,2,1.0,0.9842065799999999,0.9842065799999999
SLC22A17,0.75,2,2,1.0,0.957183685,0.957183685
SLC25A13,0.75,2,2,1.0,0.98440835,0.98440835
SLC25A40,0.75,2,2,1.0,0.9904238000000001,0.9904238000000001
SLC25A41,0.75,2,2,1.0,0.960695445,0.960695445
SLC25A53,0.75,2,2,1.0,0.98519265,0.98519265
SLC26A7,0.75,2,2,1.0,0.90360375,0.90360375
SLC2A3,0.75,2,2,1.0,0.98665613,0.98665613
SLC30A7,0.75,2,2,1.0,0.98018217,0.98018217
SLC33A1,0.75,2,2,1.0,0.8679967550000001,0.8679967550000001
SLC34A1,0.75,2,2,1.0,0.91709575,0.91709575
SLC35B4,0.75,2,2,1.0,0.878978935,0.878978935
SLC37A1,0.75,2,2,1.0,0.9849239,0.9849239
SLC39A2,0.75,2,2,1.0,0.97445479,0.97445479
SLC39A3,0.75,2,2,1.0,0.9769766950000001,0.9769766950000001
SLC44A2,0.75,2,2,1.0,0.98423008,0.98423008
SLC7A1,0.75,2,2,1.0,0.985142425,0.985142425
SLC8A2,0.75,2,2,1.0,0.991378415,0.991378415
SLCO1A2,0.75,2,2,1.0,0.986018955,0.986018955
SMARCD1,0.75,2,2,1.0,0.98402035,0.98402035
SNORD115-21,0.75,2,2,1.0,0.79995935,0.79995935
SNORD115-22,0.75,2,2,1.0,0.98878113,0.98878113
SNPH,0.75,2,2,1.0,0.984015775,0.984015775
SP140,0.75,2,2,1.0,0.97785535,0.97785535
SPAG8,0.75,2,2,1.0,0.975281835,0.975281835
SPANXN2,0.75,2,2,1.0,0.965646785,0.965646785
SPANXN3,0.75,2,2,1.0,0.974098515,0.974098515
SPATA5L1,0.75,2,2,1.0,0.9887639800000001,0.9887639800000001
SPATA7,0.75,2,2,1.0,0.98281095,0.98281095
SPDYE3,0.75,2,2,1.0,0.9906631699999999,0.9906631699999999
SPNS1,0.75,2,2,1.0,0.97116328,0.97116328
SPP1,0.75,2,2,1.0,0.9824187449999999,0.9824187449999999
SPPL2C,0.75,2,2,1.0,0.982527135,0.982527135
SPRR1A,0.75,2,2,1.0,0.80449433,0.80449433
SQSTM1,0.75,2,2,1.0,0.989959435,0.989959435
SRPX,0.75,2,2,1.0,0.967934545,0.967934545
SS18,0.75,2,2,1.0,0.917529115,0.917529115
SS18L1,0.75,2,2,1.0,0.97359215,0.97359215
SSH3,0.75,2,2,1.0,0.99086812,0.99086812
SSR1,0.75,2,2,1.0,0.914828885,0.914828885
SSR4,0.75,2,2,1.0,0.98183259,0.98183259
SSU72P8,0.75,2,2,1.0,0.98493048,0.98493048
STAC3,0.75,2,2,1.0,0.9386308,0.9386308
STAT3,0.75,2,2,1.0,0.981484205,0.981484205
STEAP2,0.75,2,2,1.0,0.95045852,0.95045852
STK32A,0.75,2,2,1.0,0.97903798,0.97903798
STRIP1,0.75,2,2,1.0,0.9909222799999999,0.9909222799999999
STYX,0.75,2,2,1.0,0.91983855,0.91983855
SULT6B1,0.75,2,2,1.0,0.980031605,0.980031605
SUPT5H,0.75,2,2,1.0,0.90137965,0.90137965
SUPV3L1,0.75,2,2,1.0,0.984519245,0.984519245
SVOP,0.75,2,2,1.0,0.9568211,0.9568211
SYCP3,0.75,2,2,1.0,0.910403995,0.910403995
SYDE1,0.75,2,2,1.0,0.8147340000000001,0.8147340000000001
SYTL3,0.75,2,2,1.0,0.982539115,0.982539115
SYVN1,0.75,2,2,1.0,0.9584876250000001,0.9584876250000001
TACO1,0.75,2,2,1.0,0.92272523,0.92272523
TAF1A,0.75,2,2,1.0,0.9678523,0.9678523
TAF6,0.75,2,2,1.0,0.98297863,0.98297863
TAF7,0.75,2,2,1.0,0.98992055,0.98992055
TAFA1,0.75,2,2,1.0,0.984036385,0.984036385
TARDBP,0.75,2,2,1.0,0.9545675499999999,0.9545675499999999
TARS2,0.75,2,2,1.0,0.9788259,0.9788259
TAS1R1,0.75,2,2,1.0,0.9820792,0.9820792
TAS2R10,0.75,2,2,1.0,0.986035795,0.986035795
TAS2R38,0.75,2,2,1.0,0.9690270750000001,0.9690270750000001
TBC1D29P,0.75,2,2,1.0,0.98603107,0.98603107
TBC1D5,0.75,2,2,1.0,0.971841905,0.971841905
TBRG4,0.75,2,2,1.0,0.98704222,0.98704222
TCAIM,0.75,2,2,1.0,0.97207995,0.97207995
TCF19,0.75,2,2,1.0,0.94224953,0.94224953
TCF3,0.75,2,2,1.0,0.9857470749999999,0.9857470749999999
TCTE1,0.75,2,2,1.0,0.92233988,0.92233988
TDG,0.75,2,2,1.0,0.9887525,0.9887525
TERF2,0.75,2,2,1.0,0.89976415,0.89976415
TERF2IP,0.75,2,2,1.0,0.98917083,0.98917083
TESK2,0.75,2,2,1.0,0.9844171100000001,0.9844171100000001
TEX26,0.75,2,2,1.0,0.9840109699999999,0.9840109699999999
TEX37,0.75,2,2,1.0,0.940465015,0.940465015
TEX44,0.75,2,2,1.0,0.96714795,0.96714795
TFDP2,0.75,2,2,1.0,0.974422165,0.974422165
TGFB1I1,0.75,2,2,1.0,0.9056041,0.9056041
THAP4,0.75,2,2,1.0,0.985393225,0.985393225
THPO,0.75,2,2,1.0,0.9526896499999999,0.9526896499999999
THRB,0.75,2,2,1.0,0.98126885,0.98126885
TIGD6,0.75,2,2,1.0,0.9774666999999999,0.9774666999999999
TLCD3A,0.75,2,2,1.0,0.97209637,0.97209637
TLCD5,0.75,2,2,1.0,0.87835673,0.87835673
TLK2,0.75,2,2,1.0,0.98918825,0.98918825
TLR4,0.75,2,2,1.0,0.878709475,0.878709475
TM4SF4,0.75,2,2,1.0,0.93951725,0.93951725
TMCO3,0.75,2,2,1.0,0.97201768,0.97201768
TMEM120B,0.75,2,2,1.0,0.895331655,0.895331655
TMEM150C,0.75,2,2,1.0,0.9690954,0.9690954
TMEM161B,0.75,2,2,1.0,0.98741318,0.98741318
TMEM163,0.75,2,2,1.0,0.9907376649999999,0.9907376649999999
TMEM171,0.75,2,2,1.0,0.9856027350000001,0.9856027350000001
TMEM177,0.75,2,2,1.0,0.909812765,0.909812765
TMEM196,0.75,2,2,1.0,0.9912354,0.9912354
TMEM219,0.75,2,2,1.0,0.98948843,0.98948843
TMEM39A,0.75,2,2,1.0,0.9863807200000001,0.9863807200000001
TMEM59L,0.75,2,2,1.0,0.909038,0.909038
TMEM72,0.75,2,2,1.0,0.983113235,0.983113235
TMPRSS11A,0.75,2,2,1.0,0.99020397,0.99020397
TMPRSS11B,0.75,2,2,1.0,0.882462665,0.882462665
TNFRSF9,0.75,2,2,1.0,0.87719872,0.87719872
TNRC18,0.75,2,2,1.0,0.9817979299999999,0.9817979299999999
TNS2,0.75,2,2,1.0,0.9913699250000001,0.9913699250000001
TOP1,0.75,2,2,1.0,0.98711102,0.98711102
TPSAB1,0.75,2,2,1.0,0.9552159,0.9552159
TRAFD1,0.75,2,2,1.0,0.982608425,0.982608425
TRAJ38,0.75,2,2,1.0,0.8834501,0.8834501
TRBC2,0.75,2,2,1.0,0.98699674,0.98699674
TRBV2,0.75,2,2,1.0,0.9735412,0.9735412
TRGC1,0.75,2,2,1.0,0.86538574,0.86538574
TRIB3,0.75,2,2,1.0,0.9894856,0.9894856
TRIM5,0.75,2,2,1.0,0.9914954199999999,0.9914954199999999
TRMT1,0.75,2,2,1.0,0.98571155,0.98571155
TRMT2B,0.75,2,2,1.0,0.9893543,0.9893543
TSC22D1,0.75,2,2,1.0,0.9803576350000001,0.9803576350000001
TSEN34,0.75,2,2,1.0,0.988411575,0.988411575
TSPYL6,0.75,2,2,1.0,0.90095623,0.90095623
TTBK1,0.75,2,2,1.0,0.920466455,0.920466455
TTC29,0.75,2,2,1.0,0.9826313499999999,0.9826313499999999
TTC39B,0.75,2,2,1.0,0.95403195,0.95403195
TTC5,0.75,2,2,1.0,0.989018035,0.989018035
TTC9C,0.75,2,2,1.0,0.99145113,0.99145113
TTLL11,0.75,2,2,1.0,0.9541840500000001,0.9541840500000001
TUBGCP2,0.75,2,2,1.0,0.99138675,0.99138675
TWSG1,0.75,2,2,1.0,0.991406165,0.991406165
TXLNG,0.75,2,2,1.0,0.9737912200000001,0.9737912200000001
TYMP,0.75,2,2,1.0,0.9350893499999999,0.9350893499999999
UCHL3,0.75,2,2,1.0,0.991430405,0.991430405
UGDH,0.75,2,2,1.0,0.915660935,0.915660935
UGT1A3,0.75,2,2,1.0,0.97456945,0.97456945
UHMK1,0.75,2,2,1.0,0.99000793,0.99000793
UPF3B,0.75,2,2,1.0,0.9848056199999999,0.9848056199999999
UPK1A,0.75,2,2,1.0,0.9358149499999999,0.9358149499999999
USH1G,0.75,2,2,1.0,0.99145105,0.99145105
USP25,0.75,2,2,1.0,0.98122865,0.98122865
USP4,0.75,2,2,1.0,0.9879338,0.9879338
USP50,0.75,2,2,1.0,0.92156685,0.92156685
UTP6,0.75,2,2,1.0,0.92313808,0.92313808
VAPB,0.75,2,2,1.0,0.981021045,0.981021045
VAT1L,0.75,2,2,1.0,0.991211745,0.991211745
VCX3A,0.75,2,2,1.0,0.9787330999999999,0.9787330999999999
VCX3B,0.75,2,2,1.0,0.9113549,0.9113549
VEZT,0.75,2,2,1.0,0.963121215,0.963121215
VIPR1,0.75,2,2,1.0,0.95447082,0.95447082
VKORC1L1,0.75,2,2,1.0,0.99141545,0.99141545
VPREB1,0.75,2,2,1.0,0.9192770699999999,0.9192770699999999
VPS26A,0.75,2,2,1.0,0.99091525,0.99091525
VPS4B,0.75,2,2,1.0,0.991313845,0.991313845
WAC,0.75,2,2,1.0,0.99143027,0.99143027
WDR43,0.75,2,2,1.0,0.98962353,0.98962353
WDR83,0.75,2,2,1.0,0.8937541,0.8937541
WDR89,0.75,2,2,1.0,0.9202914799999999,0.9202914799999999
WNT10B,0.75,2,2,1.0,0.8945919,0.8945919
WNT8B,0.75,2,2,1.0,0.987171,0.987171
XPNPEP3,0.75,2,2,1.0,0.9914516499999999,0.9914516499999999
XRCC1,0.75,2,2,1.0,0.95016747,0.95016747
YIPF5,0.75,2,2,1.0,0.9913328699999999,0.9913328699999999
ZBTB37,0.75,2,2,1.0,0.8997101000000001,0.8997101000000001
ZBTB46,0.75,2,2,1.0,0.9913425650000001,0.9913425650000001
ZBTB9,0.75,2,2,1.0,0.92231173,0.92231173
ZC3HAV1,0.75,2,2,1.0,0.991382875,0.991382875
ZDHHC14,0.75,2,2,1.0,0.974317385,0.974317385
ZFP2,0.75,2,2,1.0,0.988140025,0.988140025
ZFYVE28,0.75,2,2,1.0,0.9611404299999999,0.9611404299999999
ZIC5,0.75,2,2,1.0,0.9099239,0.9099239
ZIK1,0.75,2,2,1.0,0.96404195,0.96404195
ZMYND19,0.75,2,2,1.0,0.99071407,0.99071407
ZNF143,0.75,2,2,1.0,0.8998089,0.8998089
ZNF16,0.75,2,2,1.0,0.99014342,0.99014342
ZNF165,0.75,2,2,1.0,0.96668435,0.96668435
ZNF175,0.75,2,2,1.0,0.986125725,0.986125725
ZNF2,0.75,2,2,1.0,0.95618685,0.95618685
ZNF20,0.75,2,2,1.0,0.9898309000000001,0.9898309000000001
ZNF221,0.75,2,2,1.0,0.9907973299999999,0.9907973299999999
ZNF222,0.75,2,2,1.0,0.98760693,0.98760693
ZNF223,0.75,2,2,1.0,0.991030395,0.991030395
ZNF225,0.75,2,2,1.0,0.991379945,0.991379945
ZNF230,0.75,2,2,1.0,0.8727528449999999,0.8727528449999999
ZNF260,0.75,2,2,1.0,0.991408835,0.991408835
ZNF277,0.75,2,2,1.0,0.9878865,0.9878865
ZNF320,0.75,2,2,1.0,0.8018695,0.8018695
ZNF345,0.75,2,2,1.0,0.89251652,0.89251652
ZNF382,0.75,2,2,1.0,0.99098982,0.99098982
ZNF394,0.75,2,2,1.0,0.8658651150000001,0.8658651150000001
ZNF396,0.75,2,2,1.0,0.9885995000000001,0.9885995000000001
ZNF429,0.75,2,2,1.0,0.96411855,0.96411855
ZNF441,0.75,2,2,1.0,0.990935295,0.990935295
ZNF449,0.75,2,2,1.0,0.9651248450000001,0.9651248450000001
ZNF490,0.75,2,2,1.0,0.9504866000000001,0.9504866000000001
ZNF511-PRAP1,0.75,2,2,1.0,0.9735707250000001,0.9735707250000001
ZNF512,0.75,2,2,1.0,0.92719483,0.92719483
ZNF514,0.75,2,2,1.0,0.901883985,0.901883985
ZNF559,0.75,2,2,1.0,0.95142942,0.95142942
ZNF561,0.75,2,2,1.0,0.9314912,0.9314912
ZNF571,0.75,2,2,1.0,0.99123933,0.99123933
ZNF610,0.75,2,2,1.0,0.89616177,0.89616177
ZNF614,0.75,2,2,1.0,0.99121499,0.99121499
ZNF655,0.75,2,2,1.0,0.9871089150000001,0.9871089150000001
ZNF670,0.75,2,2,1.0,0.991422465,0.991422465
ZNF677,0.75,2,2,1.0,0.9779553400000001,0.9779553400000001
ZNF695,0.75,2,2,1.0,0.9834231,0.9834231
ZNF749,0.75,2,2,1.0,0.9845472,0.9845472
ZNF763,0.75,2,2,1.0,0.9280825500000001,0.9280825500000001
ZNF772,0.75,2,2,1.0,0.991283295,0.991283295
ZNF780A,0.75,2,2,1.0,0.98175083,0.98175083
ZNF8,0.75,2,2,1.0,0.97363742,0.97363742
ZNF829,0.75,2,2,1.0,0.95347115,0.95347115
ZNF888,0.75,2,2,1.0,0.977515905,0.977515905
ZP1,0.75,2,2,1.0,0.982850425,0.982850425
ZSCAN5B,0.75,2,2,1.0,0.9908205800000001,0.9908205800000001
ZSCAN9,0.75,2,2,1.0,0.89846435,0.89846435
ZSWIM1,0.75,2,2,1.0,0.99113495,0.99113495
ZYG11B,0.75,2,2,1.0,0.990953805,0.990953805
ABCB10,0.75,3,2,0.6666666666666666,0.94974977,0.7463220566666667
ABHD10,0.75,3,2,0.6666666666666666,0.939439,0.6840971583333334
ABHD16A,0.75,3,2,0.6666666666666666,0.86096185,0.6161434092666667
ABHD8,0.75,3,2,0.6666666666666666,0.93721044,0.6401325598714867
ABL1,0.75,3,2,0.6666666666666666,0.99135196,0.8181290733333334
ACAD11,0.75,3,2,0.6666666666666666,0.972765,0.8973718133333333
ACADVL,0.75,3,2,0.6666666666666666,0.84971154,0.6138445988533333
ACSBG1,0.75,3,2,0.6666666666666666,0.85448486,0.80565294
ACSL3,0.75,3,2,0.6666666666666666,0.87096757,0.67521551
ACTR3,0.75,3,2,0.6666666666666666,0.9602695,0.6445880687666666
ACTRT2,0.75,3,2,0.6666666666666666,0.92155975,0.7516474233333333
ACVR2A,0.75,3,2,0.6666666666666666,0.87121165,0.6178459787614
ADAM17,0.75,3,2,0.6666666666666666,0.98863864,0.6597992877923333
ADARB1,0.75,3,2,0.6666666666666666,0.8967142,0.76773609
ADCYAP1,0.75,3,2,0.6666666666666666,0.90592986,0.6320031666427134
ADCYAP1R1,0.75,3,2,0.6666666666666666,0.9336659,0.7430430333333334
ADGRB1,0.75,3,2,0.6666666666666666,0.8468316,0.612732266667154
ADH1C,0.75,3,2,0.6666666666666666,0.9405469,0.643968571400615
ADH7,0.75,3,2,0.6666666666666666,0.95176214,0.7075610800000001
AFMID,0.75,3,2,0.6666666666666666,0.9870509,0.6595999622466667
AGPAT1,0.75,3,2,0.6666666666666666,0.86289155,0.8006943733333333
AGTR1,0.75,3,2,0.6666666666666666,0.99143386,0.7045059866666668
AHCY,0.75,3,2,0.6666666666666666,0.9872149,0.7777449666666666
AIMP2,0.75,3,2,0.6666666666666666,0.9892758,0.6625909746666667
AIRE,0.75,3,2,0.6666666666666666,0.9836394,0.6583774430966667
AK5,0.75,3,2,0.6666666666666666,0.94213575,0.8391298433333333
AKNA,0.75,3,2,0.6666666666666666,0.81258637,0.6026521914333334
AKR1C1,0.75,3,2,0.6666666666666666,0.990998,0.7488848866666666
AL109984.1,0.75,3,2,0.6666666666666666,0.98898965,0.6599304501152
ALAS1,0.75,3,2,0.6666666666666666,0.82429266,0.6056304368666666
ALDH1L2,0.75,3,2,0.6666666666666666,0.9542566,0.70901551
ALDH9A1,0.75,3,2,0.6666666666666666,0.95624954,0.7538526066666668
ALDOC,0.75,3,2,0.6666666666666666,0.9905695,0.8105283666666666
ALKBH2,0.75,3,2,0.6666666666666666,0.8813831,0.67063464
ALS2,0.75,3,2,0.6666666666666666,0.7585375,0.5433167550866667
AMELX,0.75,3,2,0.6666666666666666,0.91786915,0.6361710503177849
ANGPTL1,0.75,3,2,0.6666666666666666,0.9055058,0.6386692973333333
ANKRD20A5P,0.75,3,2,0.6666666666666666,0.97096294,0.66644902
ANKRD34B,0.75,3,2,0.6666666666666666,0.97633743,0.8505283
ANKRD53,0.75,3,2,0.6666666666666666,0.94831395,0.88444083
ANO7,0.75,3,2,0.6666666666666666,0.97847843,0.7522104233333332
ANO8,0.75,3,2,0.6666666666666666,0.9139278,0.6364505704333333
ANXA13,0.75,3,2,0.6666666666666666,0.9903876,0.6611716511
AP002748.5,0.75,3,2,0.6666666666666666,0.9689868,0.6534578169042198
APBB1IP,0.75,3,2,0.6666666666666666,0.9902412,0.81070938
APH1A,0.75,3,2,0.6666666666666666,0.9235044,0.6382752667833484
APMAP,0.75,3,2,0.6666666666666666,0.986024,0.6800491750000001
AQP7,0.75,3,2,0.6666666666666666,0.97818863,0.7878149200000001
ARHGAP26,0.75,3,2,0.6666666666666666,0.9910528,0.6610295172533333
ARHGEF12,0.75,3,2,0.6666666666666666,0.9555299,0.6482130952333334
ARHGEF16,0.75,3,2,0.6666666666666666,0.9116166,0.7542521133333334
ARHGEF18,0.75,3,2,0.6666666666666666,0.93621594,0.6641367653333333
ARHGEF37,0.75,3,2,0.6666666666666666,0.9902598,0.6606168514133334
ARIH2,0.75,3,2,0.6666666666666666,0.95285994,0.81716707
ARL14,0.75,3,2,0.6666666666666666,0.96162516,0.6592257423333333
ARMC8,0.75,3,2,0.6666666666666666,0.9906489,0.7392635266666666
ARMT1,0.75,3,2,0.6666666666666666,0.9813534,0.6570711172206667
ARPP19P2,0.75,3,2,0.6666666666666666,0.9384042,0.6635664
ARRB1,0.75,3,2,0.6666666666666666,0.85403174,0.7340951466666666
ARRDC3,0.75,3,2,0.6666666666666666,0.9611355,0.6971305633333333
ARSJ,0.75,3,2,0.6666666666666666,0.9728022,0.7140605666666667
ASNS,0.75,3,2,0.6666666666666666,0.97578114,0.6583510823333333
ASNSD1,0.75,3,2,0.6666666666666666,0.9684759,0.6492885283666666
ASPHD1,0.75,3,2,0.6666666666666666,0.93465364,0.79151227
ATP2A2,0.75,3,2,0.6666666666666666,0.99132794,0.6635537043333333
ATP6V0D2,0.75,3,2,0.6666666666666666,0.9914725,0.6629060042333333
ATP8B2,0.75,3,2,0.6666666666666666,0.75272787,0.78471387
ATXN10,0.75,3,2,0.6666666666666666,0.9727774,0.7221026266666666
ATXN3L,0.75,3,2,0.6666666666666666,0.9823369,0.8058832499999999
B3GALT5,0.75,3,2,0.6666666666666666,0.898334,0.7348921533333334
B4GALT2,0.75,3,2,0.6666666666666666,0.9765019,0.8672511033333334
BACH2,0.75,3,2,0.6666666666666666,0.9171078,0.6360596129223334
BAG6,0.75,3,2,0.6666666666666666,0.9537316,0.8320344666666667
BAHCC1,0.75,3,2,0.6666666666666666,0.78552985,0.5870373841908829
BAIAP2L1,0.75,3,2,0.6666666666666666,0.9767174,0.8536661866666666
BBS12,0.75,3,2,0.6666666666666666,0.97235435,0.6653394293333333
BBX,0.75,3,2,0.6666666666666666,0.9846005,0.8393348866666667
BCAT1,0.75,3,2,0.6666666666666666,0.9568201,0.6494222945233333
BCL11B,0.75,3,2,0.6666666666666666,0.84069645,0.607107350049444
BLK,0.75,3,2,0.6666666666666666,0.9914541,0.8394376333333332
BLMH,0.75,3,2,0.6666666666666666,0.9913264,0.6820947766666666
BMPR1B,0.75,3,2,0.6666666666666666,0.77092135,0.5861361880592333
BORCS5,0.75,3,2,0.6666666666666666,0.96872383,0.653378218498
BRAT1,0.75,3,2,0.6666666666666666,0.9498948,0.6455756851430984
BRD3,0.75,3,2,0.6666666666666666,0.9910876,0.82769731
BRIX1,0.75,3,2,0.6666666666666666,0.83504987,0.6034142633416667
BSDC1,0.75,3,2,0.6666666666666666,0.98603046,0.7724293033333334
BTG3,0.75,3,2,0.6666666666666666,0.9912388,0.6842539346666666
BTG4,0.75,3,2,0.6666666666666666,0.97911364,0.6571305709333334
BUB1B,0.75,3,2,0.6666666666666666,0.81251144,0.6807545899999999
C11orf65,0.75,3,2,0.6666666666666666,0.8746228,0.8624432333333334
C12orf71,0.75,3,2,0.6666666666666666,0.83299303,0.608108368394
C16orf71,0.75,3,2,0.6666666666666666,0.9619054,0.8993415833333334
C17orf80,0.75,3,2,0.6666666666666666,0.9115694,0.6847168333333333
C20orf194,0.75,3,2,0.6666666666666666,0.9912305,0.6693667233333334
C20orf85,0.75,3,2,0.6666666666666666,0.9168036,0.7616426666666666
C2CD2,0.75,3,2,0.6666666666666666,0.8097429,0.5514829352507666
C2orf42,0.75,3,2,0.6666666666666666,0.87997407,0.5906292942256667
C3AR1,0.75,3,2,0.6666666666666666,0.77880895,0.5872845686666667
C4orf17,0.75,3,2,0.6666666666666666,0.9638915,0.71155341
C7orf65,0.75,3,2,0.6666666666666666,0.9912894,0.7149594266666667
CACNB3,0.75,3,2,0.6666666666666666,0.89670086,0.6467021233333333
CADM1,0.75,3,2,0.6666666666666666,0.96994734,0.8903782800000001
CAPS,0.75,3,2,0.6666666666666666,0.8242945,0.5900746968
CAPSL,0.75,3,2,0.6666666666666666,0.9900096,0.8194748033333333
CARS2,0.75,3,2,0.6666666666666666,0.98099613,0.8699022333333333
CAVIN3,0.75,3,2,0.6666666666666666,0.9901682,0.6724406556666667
CBX2,0.75,3,2,0.6666666666666666,0.9914322,0.8879904666666666
CC2D1A,0.75,3,2,0.6666666666666666,0.97912323,0.6568559891871667
CC2D2A,0.75,3,2,0.6666666666666666,0.9431098,0.6413655802516333
CCDC190,0.75,3,2,0.6666666666666666,0.78543264,0.5969138456666666
CCDC30,0.75,3,2,0.6666666666666666,0.9365108,0.6954061333333333
CCDC40,0.75,3,2,0.6666666666666666,0.77959913,0.7865883933333334
CCDC62,0.75,3,2,0.6666666666666666,0.9860205,0.7992241333333333
CCHCR1,0.75,3,2,0.6666666666666666,0.9492782,0.7195259533333332
CCNE2,0.75,3,2,0.6666666666666666,0.9638671,0.77083877
CCR2,0.75,3,2,0.6666666666666666,0.95550865,0.8105232933333334
CCR6,0.75,3,2,0.6666666666666666,0.96605575,0.6705478233333334
CCT5,0.75,3,2,0.6666666666666666,0.8329077,0.6475163153333333
CD226,0.75,3,2,0.6666666666666666,0.9780398,0.7825345499999999
CD3E,0.75,3,2,0.6666666666666666,0.9183757,0.70482589
CD8B,0.75,3,2,0.6666666666666666,0.88641125,0.6259904513333333
CDC20,0.75,3,2,0.6666666666666666,0.9813495,0.7130971233333333
CDC73,0.75,3,2,0.6666666666666666,0.918951,0.7789060566666667
CDCA2,0.75,3,2,0.6666666666666666,0.9294536,0.6398554994244433
CDCP2,0.75,3,2,0.6666666666666666,0.76752454,0.6142383100000001
CDHR3,0.75,3,2,0.6666666666666666,0.9379249,0.631401206942
CDIP1,0.75,3,2,0.6666666666666666,0.96466684,0.6664872056666667
CDK3,0.75,3,2,0.6666666666666666,0.9898661,0.80005622
CDKL3,0.75,3,2,0.6666666666666666,0.78772,0.6197266553333333
CELA3B,0.75,3,2,0.6666666666666666,0.8263093,0.5713161197333333
CELF6,0.75,3,2,0.6666666666666666,0.8584848,0.6141888510970109
CFAP251,0.75,3,2,0.6666666666666666,0.991269,0.75993968
CFAP45,0.75,3,2,0.6666666666666666,0.99040765,0.8880974666666667
CFAP70,0.75,3,2,0.6666666666666666,0.98075575,0.6570157389345234
CGN,0.75,3,2,0.6666666666666666,0.85971594,0.6738485066666667
CHD1L,0.75,3,2,0.6666666666666666,0.78552586,0.8036298433333333
CHST6,0.75,3,2,0.6666666666666666,0.82065856,0.7875272633333333
CHSY1,0.75,3,2,0.6666666666666666,0.9893656,0.84508986
CHUK,0.75,3,2,0.6666666666666666,0.9881811,0.6598629666705179
CITED2,0.75,3,2,0.6666666666666666,0.80815446,0.565088866
CLASRP,0.75,3,2,0.6666666666666666,0.9914255,0.6609524865790816
CLEC10A,0.75,3,2,0.6666666666666666,0.9626117,0.7179980233333333
CLEC4D,0.75,3,2,0.6666666666666666,0.9815283,0.8403054433333333
CLK3,0.75,3,2,0.6666666666666666,0.88362426,0.6199525230818234
CLK4,0.75,3,2,0.6666666666666666,0.94718647,0.8904839566666668
CLMN,0.75,3,2,0.6666666666666666,0.79296494,0.6163777266666667
CLN5,0.75,3,2,0.6666666666666666,0.97186756,0.658016556
CLTC,0.75,3,2,0.6666666666666666,0.98994094,0.7654452933333333
CMTR1,0.75,3,2,0.6666666666666666,0.9060152,0.631774282237
CNPY4,0.75,3,2,0.6666666666666666,0.82535577,0.81512204
CNTF,0.75,3,2,0.6666666666666666,0.9652433,0.6522051602286667
COIL,0.75,3,2,0.6666666666666666,0.90096784,0.7781585766666668
COL25A1,0.75,3,2,0.6666666666666666,0.9646091,0.8908907666666667
COLEC10,0.75,3,2,0.6666666666666666,0.9525164,0.8382214666666666
COLGALT1,0.75,3,2,0.6666666666666666,0.97172683,0.8779960966666667
CORO2A,0.75,3,2,0.6666666666666666,0.9561647,0.8332007666666666
COX10,0.75,3,2,0.6666666666666666,0.9384848,0.8286291333333334
CPNE2,0.75,3,2,0.6666666666666666,0.9372056,0.63733497833737
CPSF3,0.75,3,2,0.6666666666666666,0.9681078,0.6535921843333333
CREB3,0.75,3,2,0.6666666666666666,0.83482176,0.6152248883333333
CRIM1,0.75,3,2,0.6666666666666666,0.9502856,0.81830837
CROT,0.75,3,2,0.6666666666666666,0.99026185,0.7633786166666666
CRTC2,0.75,3,2,0.6666666666666666,0.768297,0.5779610803633334
CRY2,0.75,3,2,0.6666666666666666,0.96657526,0.72338716
CSH1,0.75,3,2,0.6666666666666666,0.9718399,0.7225590033333332
CSPG5,0.75,3,2,0.6666666666666666,0.8940682,0.8033272333333333
CTSC,0.75,3,2,0.6666666666666666,0.99105495,0.6760565166666667
CTSW,0.75,3,2,0.6666666666666666,0.8083361,0.7496595933333333
CWF19L1,0.75,3,2,0.6666666666666666,0.9868613,0.8836735666666667
CYP4Z1,0.75,3,2,0.6666666666666666,0.9755685,0.7229801933333334
CYTH1,0.75,3,2,0.6666666666666666,0.7592853,0.7247555866666667
DAAM1,0.75,3,2,0.6666666666666666,0.9696414,0.6519004462366667
DCAF6,0.75,3,2,0.6666666666666666,0.94207627,0.7781566566666666
DCBLD1,0.75,3,2,0.6666666666666666,0.94970196,0.6729520233333334
DCTN2,0.75,3,2,0.6666666666666666,0.90293455,0.6314167966698334
DDX42,0.75,3,2,0.6666666666666666,0.9883781,0.6665730376666666
DDX46,0.75,3,2,0.6666666666666666,0.9115075,0.8296168666666667
DDX58,0.75,3,2,0.6666666666666666,0.991271,0.8555289666666667
DEAF1,0.75,3,2,0.6666666666666666,0.91155237,0.8397769333333334
DECR2,0.75,3,2,0.6666666666666666,0.831927,0.6850940166666666
DELE1,0.75,3,2,0.6666666666666666,0.94314945,0.71545931
DENND3,0.75,3,2,0.6666666666666666,0.98644614,0.8046633333333334
DENND5B,0.75,3,2,0.6666666666666666,0.8450962,0.5728183666935197
DERA,0.75,3,2,0.6666666666666666,0.93775606,0.6430555966675856
DGAT2L6,0.75,3,2,0.6666666666666666,0.97900873,0.73106806
DHCR7,0.75,3,2,0.6666666666666666,0.98117214,0.8191789466666667
DISC1,0.75,3,2,0.6666666666666666,0.84008634,0.6696562766666667
DKK1,0.75,3,2,0.6666666666666666,0.9438767,0.6450941738735266
DLX4,0.75,3,2,0.6666666666666666,0.8089815,0.600870499
DNAH12,0.75,3,2,0.6666666666666666,0.9910614,0.8041884533333334
DNAJC14,0.75,3,2,0.6666666666666666,0.9865072,0.7763317666666666
DNAJC21,0.75,3,2,0.6666666666666666,0.9887456,0.8827972666666667
DOK1,0.75,3,2,0.6666666666666666,0.9331391,0.8066868733333333
DOK6,0.75,3,2,0.6666666666666666,0.95155376,0.7335348466666667
DPF3,0.75,3,2,0.6666666666666666,0.96568686,0.6464762880533333
DPYD,0.75,3,2,0.6666666666666666,0.9751731,0.8280908
DRG2,0.75,3,2,0.6666666666666666,0.9788753,0.74100002
DSG2,0.75,3,2,0.6666666666666666,0.98500407,0.8063871566666667
DUS1L,0.75,3,2,0.6666666666666666,0.97938305,0.6569152867280236
DUSP16,0.75,3,2,0.6666666666666666,0.9138423,0.8106211166666667
DVL2,0.75,3,2,0.6666666666666666,0.920268,0.67223108
E2F3,0.75,3,2,0.6666666666666666,0.96449417,0.6515796537266667
E2F6,0.75,3,2,0.6666666666666666,0.9684759,0.6533429929333333
EDARADD,0.75,3,2,0.6666666666666666,0.95085585,0.79534523
EDC3,0.75,3,2,0.6666666666666666,0.8270414,0.7966363900000001
EDEM1,0.75,3,2,0.6666666666666666,0.8840757,0.6262587764333333
EDRF1,0.75,3,2,0.6666666666666666,0.9731469,0.73879624
EI24P4,0.75,3,2,0.6666666666666666,0.95655,0.8406807666666666
EIF2D,0.75,3,2,0.6666666666666666,0.9325127,0.6238089906680567
EIF3B,0.75,3,2,0.6666666666666666,0.9435105,0.8646207333333334
EIF3D,0.75,3,2,0.6666666666666666,0.90896636,0.80088034
EIF4G3,0.75,3,2,0.6666666666666666,0.8677771,0.6390000466666667
EIF4H,0.75,3,2,0.6666666666666666,0.97969556,0.8848857866666666
ELK4,0.75,3,2,0.6666666666666666,0.9367785,0.7666360466666666
ELP3,0.75,3,2,0.6666666666666666,0.91700613,0.8733236
ENOX2,0.75,3,2,0.6666666666666666,0.85116404,0.83944527
ENTPD1,0.75,3,2,0.6666666666666666,0.81427264,0.576154147
ENTPD3,0.75,3,2,0.6666666666666666,0.9831849,0.8854861866666667
ENTR1,0.75,3,2,0.6666666666666666,0.98552656,0.8714568233333333
EPB41L1,0.75,3,2,0.6666666666666666,0.84009176,0.83063052
EPHX2,0.75,3,2,0.6666666666666666,0.95254546,0.7380076366666666
EPM2A,0.75,3,2,0.6666666666666666,0.95773584,0.651346641
ERCC2,0.75,3,2,0.6666666666666666,0.89763504,0.8098668133333334
ERVW-1,0.75,3,2,0.6666666666666666,0.9722012,0.8742090833333332
ETS2,0.75,3,2,0.6666666666666666,0.9860293,0.6591815667493061
EXO1,0.75,3,2,0.6666666666666666,0.9913345,0.7634628
EXO5,0.75,3,2,0.6666666666666666,0.8683181,0.7891201666666667
EXOC3,0.75,3,2,0.6666666666666666,0.9914471,0.6609827606741466
EXOC3L2,0.75,3,2,0.6666666666666666,0.86618906,0.6242637923333333
EZR,0.75,3,2,0.6666666666666666,0.96568245,0.8311067833333334
FAIM,0.75,3,2,0.6666666666666666,0.99034053,0.74515771
FAM118A,0.75,3,2,0.6666666666666666,0.83973926,0.7718699733333333
FAM118B,0.75,3,2,0.6666666666666666,0.84795153,0.6144463231
FAM153B,0.75,3,2,0.6666666666666666,0.8078054,0.5997726353602334
FAM169A,0.75,3,2,0.6666666666666666,0.8466398,0.63443486
FAM228A,0.75,3,2,0.6666666666666666,0.8892336,0.6271725994
FAM71F1,0.75,3,2,0.6666666666666666,0.94466615,0.6539754409999999
FBXO40,0.75,3,2,0.6666666666666666,0.8185438,0.67488168
FBXO47,0.75,3,2,0.6666666666666666,0.97757727,0.7849051166666667
FCGR3B,0.75,3,2,0.6666666666666666,0.94843745,0.70577703
FCRLA,0.75,3,2,0.6666666666666666,0.94276065,0.8324746833333334
FGGY,0.75,3,2,0.6666666666666666,0.7701793,0.6372814566666667
FKBP10,0.75,3,2,0.6666666666666666,0.95293945,0.7728729966666666
FMNL2,0.75,3,2,0.6666666666666666,0.93225235,0.634949136
FMO5,0.75,3,2,0.6666666666666666,0.98850316,0.74663526
FNDC3A,0.75,3,2,0.6666666666666666,0.94803995,0.6469396203333333
FOLR3,0.75,3,2,0.6666666666666666,0.9485646,0.6460642950666666
FOXD4L6,0.75,3,2,0.6666666666666666,0.87452805,0.6219074852633334
FOXN4,0.75,3,2,0.6666666666666666,0.9760884,0.6522206222666667
FOXS1,0.75,3,2,0.6666666666666666,0.9832308,0.7597208833333333
FRK,0.75,3,2,0.6666666666666666,0.91151285,0.6445819966666667
FRMD3,0.75,3,2,0.6666666666666666,0.97605956,0.8905945533333334
FRMD4B,0.75,3,2,0.6666666666666666,0.9727759,0.6524331835846423
FRRS1,0.75,3,2,0.6666666666666666,0.97452444,0.8002802633333334
FTO,0.75,3,2,0.6666666666666666,0.990568,0.7629293
G6PC,0.75,3,2,0.6666666666666666,0.9830866,0.7655930166666667
GAB1,0.75,3,2,0.6666666666666666,0.95443666,0.6363953443086666
GABRA3,0.75,3,2,0.6666666666666666,0.9505321,0.6432196668959295
GAL3ST4,0.75,3,2,0.6666666666666666,0.78543305,0.6818502066666666
GALNTL6,0.75,3,2,0.6666666666666666,0.9023316,0.6318236284666666
GALT,0.75,3,2,0.6666666666666666,0.90747106,0.62950346108
GATA4,0.75,3,2,0.6666666666666666,0.9913713,0.8373020966666666
GCC2,0.75,3,2,0.6666666666666666,0.84551114,0.6089877307333333
GCSAM,0.75,3,2,0.6666666666666666,0.953709,0.6449142648814533
GDAP2,0.75,3,2,0.6666666666666666,0.9359712,0.7929047100000001
GJA10,0.75,3,2,0.6666666666666666,0.95873487,0.7955483033333334
GJB4,0.75,3,2,0.6666666666666666,0.984082,0.7930547633333335
GJB5,0.75,3,2,0.6666666666666666,0.98417956,0.9069223666666666
GLT6D1,0.75,3,2,0.6666666666666666,0.8329681,0.7932175999999999
GOLGA6B,0.75,3,2,0.6666666666666666,0.9842135,0.6648653016666667
GPBP1,0.75,3,2,0.6666666666666666,0.9303051,0.6420599186666667
GPC4,0.75,3,2,0.6666666666666666,0.8939042,0.62846862538
GPNMB,0.75,3,2,0.6666666666666666,0.92812705,0.7425817466666667
GPR107,0.75,3,2,0.6666666666666666,0.9610789,0.6501407121025767
GPR182,0.75,3,2,0.6666666666666666,0.9913628,0.81813189
GPR34,0.75,3,2,0.6666666666666666,0.89595354,0.6261197817081396
GPR52,0.75,3,2,0.6666666666666666,0.9115808,0.6078484681999999
GPSM2,0.75,3,2,0.6666666666666666,0.96009564,0.7581099366666666
GRAMD2A,0.75,3,2,0.6666666666666666,0.84572405,0.8567357033333334
GRB7,0.75,3,2,0.6666666666666666,0.9860125,0.8978697666666666
GRK1,0.75,3,2,0.6666666666666666,0.9384761,0.6433270265802643
GRM5,0.75,3,2,0.6666666666666666,0.97139764,0.6764935786666667
GRWD1,0.75,3,2,0.6666666666666666,0.986668,0.6592673345197001
GTF3C3,0.75,3,2,0.6666666666666666,0.98852354,0.6610778248666667
H2AC4,0.75,3,2,0.6666666666666666,0.98657703,0.7502335433333333
H3-5,0.75,3,2,0.6666666666666666,0.97871006,0.6919914566666666
HAUS7,0.75,3,2,0.6666666666666666,0.8745318,0.7474587033333333
HCCS,0.75,3,2,0.6666666666666666,0.9218972,0.6183311613533333
HDAC6,0.75,3,2,0.6666666666666666,0.8966748,0.61901089337388
HDLBP,0.75,3,2,0.6666666666666666,0.8209236,0.60411500002954
HEATR6,0.75,3,2,0.6666666666666666,0.98863727,0.77816035
HEATR9,0.75,3,2,0.6666666666666666,0.99130744,0.7710717733333333
HELT,0.75,3,2,0.6666666666666666,0.9814176,0.7622022633333333
HEXA,0.75,3,2,0.6666666666666666,0.99132675,0.6609750562433333
HEXD,0.75,3,2,0.6666666666666666,0.93379974,0.6416143490864249
HEYL,0.75,3,2,0.6666666666666666,0.99143434,0.6609663000082807
HGFAC,0.75,3,2,0.6666666666666666,0.92258805,0.62536468506198
HID1,0.75,3,2,0.6666666666666666,0.97859085,0.7319323999999999
HIPK3,0.75,3,2,0.6666666666666666,0.9693391,0.8941473633333333
HJV,0.75,3,2,0.6666666666666666,0.9062225,0.6354886451666667
HK1,0.75,3,2,0.6666666666666666,0.9912458,0.69923268
HNRNPR,0.75,3,2,0.6666666666666666,0.89049774,0.66734138
HNRNPUL1,0.75,3,2,0.6666666666666666,0.99128085,0.8572983266666666
HOOK2,0.75,3,2,0.6666666666666666,0.9497404,0.8582405
HOXB3,0.75,3,2,0.6666666666666666,0.9909513,0.7209011799999999
HOXC9,0.75,3,2,0.6666666666666666,0.8825541,0.6245736715489639
HPCAL4,0.75,3,2,0.6666666666666666,0.877132,0.7795643999999999
HPGD,0.75,3,2,0.6666666666666666,0.93841374,0.6854707800000001
HPR,0.75,3,2,0.6666666666666666,0.9887736,0.7825419933333334
HPX,0.75,3,2,0.6666666666666666,0.96337557,0.6509250968474799
HSD3B1,0.75,3,2,0.6666666666666666,0.9627599,0.8825308533333334
HSPA1L,0.75,3,2,0.6666666666666666,0.98785526,0.74312838
IARS2,0.75,3,2,0.6666666666666666,0.9904051,0.8108207933333333
ICA1L,0.75,3,2,0.6666666666666666,0.9701545,0.6579520973333334
ICAM5,0.75,3,2,0.6666666666666666,0.99144346,0.6609711200802949
ICE2,0.75,3,2,0.6666666666666666,0.8245098,0.5978807334797667
IFI44L,0.75,3,2,0.6666666666666666,0.97275484,0.7458021733333333
IFIT3,0.75,3,2,0.6666666666666666,0.9467202,0.7859659133333333
IFT46,0.75,3,2,0.6666666666666666,0.836539,0.6094340407166667
IGBP1P2,0.75,3,2,0.6666666666666666,0.83729154,0.6617253666666666
IGFBP7,0.75,3,2,0.6666666666666666,0.9776599,0.7016833566666666
IGHG4,0.75,3,2,0.6666666666666666,0.793523,0.8384707800000001
IGHV3-64,0.75,3,2,0.6666666666666666,0.83294994,0.67027381
IGKV1D-42,0.75,3,2,0.6666666666666666,0.87299407,0.7934321066666666
IGSF21,0.75,3,2,0.6666666666666666,0.991273,0.660872472955
IL2RB,0.75,3,2,0.6666666666666666,0.844756,0.6774185933333333
IMMT,0.75,3,2,0.6666666666666666,0.82785946,0.6064698230866666
ING2,0.75,3,2,0.6666666666666666,0.93457067,0.6422721801666667
INIP,0.75,3,2,0.6666666666666666,0.98521924,0.8633872133333332
INO80,0.75,3,2,0.6666666666666666,0.9620612,0.8537423866666667
INTS11,0.75,3,2,0.6666666666666666,0.9302873,0.6405840255103333
IQCB1,0.75,3,2,0.6666666666666666,0.9873352,0.7052050066666666
IQCG,0.75,3,2,0.6666666666666666,0.9305835,0.8868021233333333
IRF9,0.75,3,2,0.6666666666666666,0.9350295,0.7877147533333333
ISM2,0.75,3,2,0.6666666666666666,0.97318333,0.6492945433338569
ITGA7,0.75,3,2,0.6666666666666666,0.93461895,0.6420622639533333
ITK,0.75,3,2,0.6666666666666666,0.98858726,0.6955419366666667
JADE2,0.75,3,2,0.6666666666666666,0.83498263,0.8197082766666667
JAK1,0.75,3,2,0.6666666666666666,0.9028584,0.7171986733333333
JAK3,0.75,3,2,0.6666666666666666,0.854334,0.68303505
JUN,0.75,3,2,0.6666666666666666,0.96835,0.6936862333333332
KANK2,0.75,3,2,0.6666666666666666,0.8860745,0.706819
KATNA1,0.75,3,2,0.6666666666666666,0.96257764,0.6730476799999999
KAZN,0.75,3,2,0.6666666666666666,0.9914689,0.6609945333350834
KCND3,0.75,3,2,0.6666666666666666,0.9431162,0.8139694966666666
KCNMB1,0.75,3,2,0.6666666666666666,0.9778106,0.6571281362666667
KERA,0.75,3,2,0.6666666666666666,0.9914547,0.8903478833333334
KIF7,0.75,3,2,0.6666666666666666,0.87245756,0.6162308750334333
KIFAP3,0.75,3,2,0.6666666666666666,0.8424154,0.8085737900000001
KLF1,0.75,3,2,0.6666666666666666,0.98753846,0.6595536717336467
KLF12,0.75,3,2,0.6666666666666666,0.9424168,0.6421179850000001
KLHL12,0.75,3,2,0.6666666666666666,0.8738052,0.7114013133333333
KLHL5,0.75,3,2,0.6666666666666666,0.9910341,0.8493633333333334
KLK9,0.75,3,2,0.6666666666666666,0.90252274,0.7238058966666667
KLRC1,0.75,3,2,0.6666666666666666,0.9860248,0.6603852
KLRC3,0.75,3,2,0.6666666666666666,0.8423498,0.6951647666666667
KLRK1,0.75,3,2,0.6666666666666666,0.9602937,0.644038811314
KRT10,0.75,3,2,0.6666666666666666,0.9874615,0.78393522
KRT40,0.75,3,2,0.6666666666666666,0.87875783,0.7056732599999999
KRTAP20-2,0.75,3,2,0.6666666666666666,0.8543775,0.7939971199999999
KRTAP24-1,0.75,3,2,0.6666666666666666,0.9602272,0.6503112638666666
KTN1,0.75,3,2,0.6666666666666666,0.91989386,0.7922391699999999
KYNU,0.75,3,2,0.6666666666666666,0.80784017,0.7156707133333334
LAMP5,0.75,3,2,0.6666666666666666,0.96298903,0.8204762733333334
LARGE1,0.75,3,2,0.6666666666666666,0.7799174,0.5824653666675103
LCE1F,0.75,3,2,0.6666666666666666,0.97664213,0.7764407499999999
LCMT1,0.75,3,2,0.6666666666666666,0.94142324,0.6853829766666667
LDHD,0.75,3,2,0.6666666666666666,0.9752049,0.6915320516666666
LETMD1,0.75,3,2,0.6666666666666666,0.9900035,0.7620355999999999
LHFPL2,0.75,3,2,0.6666666666666666,0.93730813,0.7135225966666666
LHX8,0.75,3,2,0.6666666666666666,0.86321753,0.82031053
LHX9,0.75,3,2,0.6666666666666666,0.75930935,0.78550207
LIN9,0.75,3,2,0.6666666666666666,0.99064004,0.663895054
LLGL1,0.75,3,2,0.6666666666666666,0.92264354,0.75865077
LMAN2L,0.75,3,2,0.6666666666666666,0.8476801,0.625768932
LMBR1,0.75,3,2,0.6666666666666666,0.9727596,0.6550269840333333
LMNTD1,0.75,3,2,0.6666666666666666,0.9821232,0.6578467700857867
LMOD3,0.75,3,2,0.6666666666666666,0.9735444,0.7783140999999999
LPAL2,0.75,3,2,0.6666666666666666,0.97547126,0.90062553
LRIT1,0.75,3,2,0.6666666666666666,0.99131143,0.8717436433333333
LRIT3,0.75,3,2,0.6666666666666666,0.9664765,0.6515097918553333
LRRC37B,0.75,3,2,0.6666666666666666,0.9913258,0.7783587666666666
LRRC8D,0.75,3,2,0.6666666666666666,0.99130815,0.66099340657
LRRCC1,0.75,3,2,0.6666666666666666,0.784999,0.5957747423333334
LRRN4,0.75,3,2,0.6666666666666666,0.9865044,0.7927422000000001
LRTM2,0.75,3,2,0.6666666666666666,0.8291279,0.6031339796333334
MAB21L2,0.75,3,2,0.6666666666666666,0.9652268,0.6519105607500001
MAB21L4,0.75,3,2,0.6666666666666666,0.97592634,0.7817683133333334
MAGEB10,0.75,3,2,0.6666666666666666,0.9873388,0.6595737800013252
MAGEB3,0.75,3,2,0.6666666666666666,0.82611126,0.6054283078353667
MAGEF1,0.75,3,2,0.6666666666666666,0.9405519,0.7258749333333334
MAMDC4,0.75,3,2,0.6666666666666666,0.90158904,0.7848926133333333
MAN1A2,0.75,3,2,0.6666666666666666,0.9912862,0.6702488126666667
MAN1B1,0.75,3,2,0.6666666666666666,0.9903639,0.6605548935400767
MAN2C1,0.75,3,2,0.6666666666666666,0.8372608,0.8275744500000001
MAP3K10,0.75,3,2,0.6666666666666666,0.80087215,0.5973937738517617
MAP7D3,0.75,3,2,0.6666666666666666,0.96475095,0.6520579666672448
MAPT,0.75,3,2,0.6666666666666666,0.8857072,0.8027857666666667
MARVELD2,0.75,3,2,0.6666666666666666,0.95819324,0.6813385833333333
MAT1A,0.75,3,2,0.6666666666666666,0.9876329,0.6596496053788466
MAT2A,0.75,3,2,0.6666666666666666,0.8999788,0.7186908066666667
MATR3,0.75,3,2,0.6666666666666666,0.8410359,0.6055312148875
MAX,0.75,3,2,0.6666666666666666,0.9256201,0.6389774333338455
MBOAT1,0.75,3,2,0.6666666666666666,0.9164774,0.6292036397666666
MCF2L,0.75,3,2,0.6666666666666666,0.8181864,0.5649621376666666
MCHR1,0.75,3,2,0.6666666666666666,0.99105585,0.6930634633333334
MCM5,0.75,3,2,0.6666666666666666,0.9846578,0.6583176336266999
MCOLN2,0.75,3,2,0.6666666666666666,0.8864088,0.7522622666666666
MCTS1,0.75,3,2,0.6666666666666666,0.9738394,0.6508082710433333
MDGA1,0.75,3,2,0.6666666666666666,0.979517,0.65370088108491
MEAK7,0.75,3,2,0.6666666666666666,0.9759376,0.70691782
METTL16,0.75,3,2,0.6666666666666666,0.99097884,0.7892295133333334
MEX3B,0.75,3,2,0.6666666666666666,0.81435627,0.8077781133333333
MFSD5,0.75,3,2,0.6666666666666666,0.9258231,0.7250730533333334
MFSD6,0.75,3,2,0.6666666666666666,0.95314044,0.6898307466666665
MIPEP,0.75,3,2,0.6666666666666666,0.8505544,0.7964516466666667
MLPH,0.75,3,2,0.6666666666666666,0.9390272,0.62639339573134
MMP7,0.75,3,2,0.6666666666666666,0.9712496,0.76723956
MOB1B,0.75,3,2,0.6666666666666666,0.9777344,0.8557929533333333
MPHOSPH8,0.75,3,2,0.6666666666666666,0.9832306,0.78089064
MR1,0.75,3,2,0.6666666666666666,0.98666465,0.7976026933333333
MRO,0.75,3,2,0.6666666666666666,0.9781603,0.9037126466666666
MRPL30,0.75,3,2,0.6666666666666666,0.9797948,0.6542425668307329
MRPS35,0.75,3,2,0.6666666666666666,0.8284181,0.6225864633333333
MRPS5,0.75,3,2,0.6666666666666666,0.9316472,0.85791622
MRPS9,0.75,3,2,0.6666666666666666,0.92872846,0.6247041943333334
MS4A12,0.75,3,2,0.6666666666666666,0.97767866,0.8822419433333334
MSX1,0.75,3,2,0.6666666666666666,0.93231046,0.6407389672333333
MTA3,0.75,3,2,0.6666666666666666,0.81108284,0.5989475653832667
MTDH,0.75,3,2,0.6666666666666666,0.9115164,0.633454704999308
MTMR8,0.75,3,2,0.6666666666666666,0.9913009,0.6609704714966668
MTR,0.75,3,2,0.6666666666666666,0.9905595,0.6633401193333334
MTUS1,0.75,3,2,0.6666666666666666,0.9877752,0.8784358766666666
MYBPC2,0.75,3,2,0.6666666666666666,0.87202847,0.6211796292628
MYLK2,0.75,3,2,0.6666666666666666,0.96190226,0.6530770966666667
MYO1C,0.75,3,2,0.6666666666666666,0.97410303,0.656567766
MYSM1,0.75,3,2,0.6666666666666666,0.9913982,0.6609933099266666
MYT1,0.75,3,2,0.6666666666666666,0.9274248,0.6734378966666666
NAT16,0.75,3,2,0.6666666666666666,0.9910745,0.6612201209333334
NCAPG,0.75,3,2,0.6666666666666666,0.96665967,0.6527279525333333
NCAPH2,0.75,3,2,0.6666666666666666,0.97521156,0.6552365200024203
NCEH1,0.75,3,2,0.6666666666666666,0.8197785,0.7454751333333333
NCF1,0.75,3,2,0.6666666666666666,0.9748047,0.8468556
NCKAP1,0.75,3,2,0.6666666666666666,0.8244135,0.78761539
NDUFA3,0.75,3,2,0.6666666666666666,0.9860306,0.8935490333333332
NECAB2,0.75,3,2,0.6666666666666666,0.90004283,0.6313720750999999
NEIL3,0.75,3,2,0.6666666666666666,0.9020132,0.6305730103833334
NEO1,0.75,3,2,0.6666666666666666,0.93845665,0.70753625
NEPRO,0.75,3,2,0.6666666666666666,0.809822,0.7855494666666667
NFIL3,0.75,3,2,0.6666666666666666,0.9878814,0.7991098500000001
NFIX,0.75,3,2,0.6666666666666666,0.8909636,0.6274348836838962
NFRKB,0.75,3,2,0.6666666666666666,0.7723881,0.62072676
NGLY1,0.75,3,2,0.6666666666666666,0.8411526,0.7911635
NID2,0.75,3,2,0.6666666666666666,0.9491944,0.6344358120233333
NIPAL2,0.75,3,2,0.6666666666666666,0.83432317,0.78156784
NKAIN2,0.75,3,2,0.6666666666666666,0.8809443,0.7707135433333333
NKD2,0.75,3,2,0.6666666666666666,0.97316223,0.654625747721925
NLGN2,0.75,3,2,0.6666666666666666,0.97898567,0.6567862001122333
NOD2,0.75,3,2,0.6666666666666666,0.9183366,0.6365895687480433
NOP56,0.75,3,2,0.6666666666666666,0.9026509,0.6774641066666667
NPDC1,0.75,3,2,0.6666666666666666,0.88271284,0.6246676132354333
NPHP3,0.75,3,2,0.6666666666666666,0.98601866,0.8271204233333332
NPHS2,0.75,3,2,0.6666666666666666,0.99038225,0.6604151171589686
NR2F2,0.75,3,2,0.6666666666666666,0.989472,0.9004954399999999
NRF1,0.75,3,2,0.6666666666666666,0.9885916,0.81914803
NRROS,0.75,3,2,0.6666666666666666,0.9509156,0.8052145133333334
NSRP1,0.75,3,2,0.6666666666666666,0.9755789,0.7132195233333333
NUP54,0.75,3,2,0.6666666666666666,0.9810348,0.6575148971785513
NUP88,0.75,3,2,0.6666666666666666,0.9913463,0.6609202666671715
NYAP1,0.75,3,2,0.6666666666666666,0.9910815,0.6607985019086121
OBSL1,0.75,3,2,0.6666666666666666,0.86621815,0.6167819311333333
OLFML1,0.75,3,2,0.6666666666666666,0.7879796,0.6945941866666666
OR10H3,0.75,3,2,0.6666666666666666,0.9506182,0.70780311
OR10H4,0.75,3,2,0.6666666666666666,0.9116118,0.6854869466666665
OR10J3,0.75,3,2,0.6666666666666666,0.7713958,0.6959119266666667
OR10Z1,0.75,3,2,0.6666666666666666,0.86062294,0.8671181566666667
OR12D2,0.75,3,2,0.6666666666666666,0.9874308,0.7963128333333334
OR2AT4,0.75,3,2,0.6666666666666666,0.9906561,0.7639578233333334
OR2D3,0.75,3,2,0.6666666666666666,0.8926636,0.6435284533333333
OR2F1,0.75,3,2,0.6666666666666666,0.9903351,0.9016878433333333
OR2T34,0.75,3,2,0.6666666666666666,0.9454129,0.7663737766666667
OR4A5,0.75,3,2,0.6666666666666666,0.9906192,0.6608010885066666
OR4K2,0.75,3,2,0.6666666666666666,0.99132675,0.8687582699999999
OR4N5,0.75,3,2,0.6666666666666666,0.9437371,0.7832542166666667
OR4S2,0.75,3,2,0.6666666666666666,0.97642106,0.6793225746666667
OR52K1,0.75,3,2,0.6666666666666666,0.9850064,0.6596518228
OR52L1,0.75,3,2,0.6666666666666666,0.9881048,0.85389725
OR5C1,0.75,3,2,0.6666666666666666,0.9429142,0.6445753671570634
OR6C4,0.75,3,2,0.6666666666666666,0.8622357,0.7650034266666667
OR6C6,0.75,3,2,0.6666666666666666,0.99121827,0.71083433
OR6C70,0.75,3,2,0.6666666666666666,0.9699384,0.8110976666666666
OR6N1,0.75,3,2,0.6666666666666666,0.8646899,0.7833406133333334
OR6N2,0.75,3,2,0.6666666666666666,0.966166,0.7125091466666666
OR6Y1,0.75,3,2,0.6666666666666666,0.9835872,0.66010928
OR8D4,0.75,3,2,0.6666666666666666,0.8856198,0.6770153433333332
OR8G5,0.75,3,2,0.6666666666666666,0.9901107,0.6649364320000001
OSCP1,0.75,3,2,0.6666666666666666,0.9285275,0.7192692666666667
OSTM1,0.75,3,2,0.6666666666666666,0.9201405,0.6240117036620457
OTC,0.75,3,2,0.6666666666666666,0.981532,0.65623499115621
OTOP2,0.75,3,2,0.6666666666666666,0.99010885,0.6602978338066666
OTOP3,0.75,3,2,0.6666666666666666,0.86339074,0.6330089600000001
OVOL1,0.75,3,2,0.6666666666666666,0.86727345,0.7944137166666666
P2RX4,0.75,3,2,0.6666666666666666,0.98853123,0.7316722633333334
P3H3,0.75,3,2,0.6666666666666666,0.8817464,0.6536172266666668
PADI4,0.75,3,2,0.6666666666666666,0.9578302,0.7661341233333333
PADI6,0.75,3,2,0.6666666666666666,0.80893177,0.7604612133333334
PAH,0.75,3,2,0.6666666666666666,0.8833114,0.6833755866666666
PARPBP,0.75,3,2,0.6666666666666666,0.8988906,0.7921432333333334
PARS2,0.75,3,2,0.6666666666666666,0.7651061,0.5872586156666667
PAX5,0.75,3,2,0.6666666666666666,0.9115468,0.6343112717303333
PCDH10,0.75,3,2,0.6666666666666666,0.9164342,0.6471534166666667
PCDHGA12,0.75,3,2,0.6666666666666666,0.83445096,0.5799327863333333
PCDHGC3,0.75,3,2,0.6666666666666666,0.9213996,0.636272047421
PCED1A,0.75,3,2,0.6666666666666666,0.9913912,0.70376435
PCK2,0.75,3,2,0.6666666666666666,0.9589716,0.7314885200000001
PDE8A,0.75,3,2,0.6666666666666666,0.8351018,0.8230813
PDGFC,0.75,3,2,0.6666666666666666,0.9425068,0.78411665
PDP2,0.75,3,2,0.6666666666666666,0.9365943,0.7778653866666666
PDZD7,0.75,3,2,0.6666666666666666,0.8540859,0.6773135566666667
PEX19,0.75,3,2,0.6666666666666666,0.96637315,0.7816535266666667
PEX2,0.75,3,2,0.6666666666666666,0.9771811,0.7610317133333333
PEX3,0.75,3,2,0.6666666666666666,0.94343096,0.64309553
PFAS,0.75,3,2,0.6666666666666666,0.98603016,0.74771162
PFKFB1,0.75,3,2,0.6666666666666666,0.9199188,0.6265048852066667
PGAP1,0.75,3,2,0.6666666666666666,0.9734282,0.6515662685566667
PHF12,0.75,3,2,0.6666666666666666,0.82338697,0.6542707333333334
PHF21B,0.75,3,2,0.6666666666666666,0.9346603,0.81378078
PHF7,0.75,3,2,0.6666666666666666,0.97652984,0.6994039066666667
PHOX2B,0.75,3,2,0.6666666666666666,0.93795365,0.8034407733333332
PHYH,0.75,3,2,0.6666666666666666,0.8528729,0.6530993733333333
PI4KB,0.75,3,2,0.6666666666666666,0.8188879,0.6767569866666667
PICALM,0.75,3,2,0.6666666666666666,0.9406701,0.6421391063333334
PIGT,0.75,3,2,0.6666666666666666,0.9568035,0.8121408866666666
PIP4K2B,0.75,3,2,0.6666666666666666,0.90730596,0.6284171769151421
PIPOX,0.75,3,2,0.6666666666666666,0.9673372,0.8809491633333334
PITPNA,0.75,3,2,0.6666666666666666,0.99126655,0.6608902693746667
PITPNB,0.75,3,2,0.6666666666666666,0.97393835,0.8524251700000001
PITPNC1,0.75,3,2,0.6666666666666666,0.89671344,0.6295676661333333
PKN3,0.75,3,2,0.6666666666666666,0.97545165,0.6556103035428181
PLA2G2F,0.75,3,2,0.6666666666666666,0.94847697,0.6351985072666667
PLA2G7,0.75,3,2,0.6666666666666666,0.7792719,0.58678517356
PLAA,0.75,3,2,0.6666666666666666,0.9831524,0.6579331476024
PLD4,0.75,3,2,0.6666666666666666,0.82096887,0.6041599285722133
PLK1,0.75,3,2,0.6666666666666666,0.78733283,0.5593495521669333
PLVAP,0.75,3,2,0.6666666666666666,0.98593265,0.7383931966666667
PLXNB2,0.75,3,2,0.6666666666666666,0.9779081,0.89807982
PMS1,0.75,3,2,0.6666666666666666,0.8370562,0.6070497687633333
PMS2,0.75,3,2,0.6666666666666666,0.8971777,0.77641904
PNLIP,0.75,3,2,0.6666666666666666,0.978327,0.8361223666666667
POFUT2,0.75,3,2,0.6666666666666666,0.962514,0.6436103928333333
POGLUT1,0.75,3,2,0.6666666666666666,0.9906447,0.6937052
POLA2,0.75,3,2,0.6666666666666666,0.9830899,0.8439722333333334
POLG,0.75,3,2,0.6666666666666666,0.95254654,0.6379196165806177
POLM,0.75,3,2,0.6666666666666666,0.9687575,0.6535692920666667
POLR1C,0.75,3,2,0.6666666666666666,0.89039415,0.7779192699999999
POLR3D,0.75,3,2,0.6666666666666666,0.991106,0.7132184966666667
POLR3G,0.75,3,2,0.6666666666666666,0.9734346,0.8182575033333334
POM121C,0.75,3,2,0.6666666666666666,0.9768098,0.7341988766666666
POMT1,0.75,3,2,0.6666666666666666,0.9482982,0.646253296753
PPA2,0.75,3,2,0.6666666666666666,0.850636,0.7204803333333333
PPBP,0.75,3,2,0.6666666666666666,0.97461367,0.6553555643133334
PPM1E,0.75,3,2,0.6666666666666666,0.9753278,0.7077185033333334
PPM1F,0.75,3,2,0.6666666666666666,0.91771007,0.6955442233333334
PPME1,0.75,3,2,0.6666666666666666,0.8540634,0.6564256533333334
PPP1R10,0.75,3,2,0.6666666666666666,0.9869517,0.8777946866666667
PPP1R12A,0.75,3,2,0.6666666666666666,0.90047926,0.6040092573389054
PPP4R2,0.75,3,2,0.6666666666666666,0.9490289,0.85595562
PPP4R3B,0.75,3,2,0.6666666666666666,0.931696,0.6242163775333333
PRAME,0.75,3,2,0.6666666666666666,0.86897594,0.6201468800007842
PRAMEF4,0.75,3,2,0.6666666666666666,0.9912956,0.6608775146461232
PRDM11,0.75,3,2,0.6666666666666666,0.79380566,0.62799403
PRKAG1,0.75,3,2,0.6666666666666666,0.98948306,0.87828432
PRKAG2,0.75,3,2,0.6666666666666666,0.95628333,0.7249530866666666
PRKCH,0.75,3,2,0.6666666666666666,0.9315427,0.6376620546099999
PRL,0.75,3,2,0.6666666666666666,0.97277045,0.7630966866666666
PRMT9,0.75,3,2,0.6666666666666666,0.961654,0.8566051133333333
PRPF19,0.75,3,2,0.6666666666666666,0.8966923,0.7547826666666667
PRPF38B,0.75,3,2,0.6666666666666666,0.9778535,0.7499024066666666
PRRC2C,0.75,3,2,0.6666666666666666,0.8965946,0.6232161675724334
PRSS48,0.75,3,2,0.6666666666666666,0.93804395,0.7614480633333333
PSMD3,0.75,3,2,0.6666666666666666,0.97776,0.7668504533333333
PSMG1,0.75,3,2,0.6666666666666666,0.99072194,0.6606961791113347
PTPN20,0.75,3,2,0.6666666666666666,0.78428215,0.5837847041356666
PTPRE,0.75,3,2,0.6666666666666666,0.80561846,0.5990218760946667
PUS3,0.75,3,2,0.6666666666666666,0.9862256,0.8082517066666667
PWWP3A,0.75,3,2,0.6666666666666666,0.989493,0.71277839
PYGB,0.75,3,2,0.6666666666666666,0.9784526,0.7077840433333332
QPCT,0.75,3,2,0.6666666666666666,0.9874977,0.659238778135
R3HDML,0.75,3,2,0.6666666666666666,0.860509,0.7518981066666667
RAD21,0.75,3,2,0.6666666666666666,0.7629161,0.71151745
RADIL,0.75,3,2,0.6666666666666666,0.9617636,0.6601742266666667
RAI14,0.75,3,2,0.6666666666666666,0.98520815,0.7344184966666667
RALGDS,0.75,3,2,0.6666666666666666,0.9795786,0.8981451100000001
RASSF5,0.75,3,2,0.6666666666666666,0.9913975,0.6609371910978252
RBFA,0.75,3,2,0.6666666666666666,0.8878321,0.6219041183333333
RBM6,0.75,3,2,0.6666666666666666,0.82831854,0.5946673641666667
RDH16,0.75,3,2,0.6666666666666666,0.9892502,0.79456521
REC8,0.75,3,2,0.6666666666666666,0.9746635,0.6532216000001527
RECQL,0.75,3,2,0.6666666666666666,0.9546407,0.6750739253333333
RFC4,0.75,3,2,0.6666666666666666,0.9114982,0.6314750147866667
RFTN1,0.75,3,2,0.6666666666666666,0.99138254,0.6611100891433334
RGL1,0.75,3,2,0.6666666666666666,0.9066186,0.6385582233333333
RGS7,0.75,3,2,0.6666666666666666,0.87120914,0.76052218
RHBDL1,0.75,3,2,0.6666666666666666,0.7877973,0.53306541419465
RHNO1,0.75,3,2,0.6666666666666666,0.89127064,0.8086941633333332
RHOQ,0.75,3,2,0.6666666666666666,0.871955,0.7556017933333333
RNF168,0.75,3,2,0.6666666666666666,0.9115584,0.6297116447733333
RNF19A,0.75,3,2,0.6666666666666666,0.95983636,0.80248851
RNF216,0.75,3,2,0.6666666666666666,0.9900192,0.6606325408
RNF40,0.75,3,2,0.6666666666666666,0.9902497,0.6943562833333333
RNF5,0.75,3,2,0.6666666666666666,0.93040484,0.6319396003000001
RPA4,0.75,3,2,0.6666666666666666,0.97686327,0.9035590066666667
RPRD1B,0.75,3,2,0.6666666666666666,0.95855,0.6503660706666666
RRAS2,0.75,3,2,0.6666666666666666,0.9063482,0.6874301433333333
RSPH4A,0.75,3,2,0.6666666666666666,0.92890483,0.6387562759533333
RTCA,0.75,3,2,0.6666666666666666,0.9517517,0.8684489666666666
RUBCNL,0.75,3,2,0.6666666666666666,0.9546028,0.6421298957979213
S100A7A,0.75,3,2,0.6666666666666666,0.9889326,0.73459808
SAFB,0.75,3,2,0.6666666666666666,0.9410441,0.6497571600000001
SAFB2,0.75,3,2,0.6666666666666666,0.9215443,0.6374751672
SAG,0.75,3,2,0.6666666666666666,0.97413343,0.6503371101098924
SALL2,0.75,3,2,0.6666666666666666,0.969662,0.6533603070999999
SAMD3,0.75,3,2,0.6666666666666666,0.97208554,0.73763734
SAMD4A,0.75,3,2,0.6666666666666666,0.96737623,0.9010428933333333
SCAF8,0.75,3,2,0.6666666666666666,0.9734858,0.6500687031676666
SEC14L4,0.75,3,2,0.6666666666666666,0.98660463,0.661968113
SEPSECS,0.75,3,2,0.6666666666666666,0.97168714,0.80784296
SERPINB6,0.75,3,2,0.6666666666666666,0.98159456,0.6582404298333333
SEZ6L2,0.75,3,2,0.6666666666666666,0.9646771,0.6924421333333334
SGCA,0.75,3,2,0.6666666666666666,0.89209867,0.6049689060424867
SGCD,0.75,3,2,0.6666666666666666,0.86959416,0.8063016566666666
SH2D3C,0.75,3,2,0.6666666666666666,0.96393657,0.7621265733333334
SH3GL3,0.75,3,2,0.6666666666666666,0.9833725,0.8806082866666666
SH3PXD2A,0.75,3,2,0.6666666666666666,0.95504487,0.7557817833333335
SH3RF1,0.75,3,2,0.6666666666666666,0.7607622,0.6205270066666667
SHPK,0.75,3,2,0.6666666666666666,0.98878634,0.6600850800251422
SIGLEC10,0.75,3,2,0.6666666666666666,0.99132216,0.85918051
SIPA1,0.75,3,2,0.6666666666666666,0.9429444,0.7155688433333335
SKIL,0.75,3,2,0.6666666666666666,0.9012133,0.63087919718
SLA,0.75,3,2,0.6666666666666666,0.99133635,0.75509327
SLAMF7,0.75,3,2,0.6666666666666666,0.7673576,0.587746793
SLC17A9,0.75,3,2,0.6666666666666666,0.9546737,0.83536781
SLC22A10,0.75,3,2,0.6666666666666666,0.9641145,0.6971451266666667
SLC22A4,0.75,3,2,0.6666666666666666,0.97468805,0.6559393356
SLC25A23,0.75,3,2,0.6666666666666666,0.97680557,0.68659743
SLC29A4,0.75,3,2,0.6666666666666666,0.9875651,0.6596906413293333
SLC2A9,0.75,3,2,0.6666666666666666,0.98528534,0.75693982
SLC30A8,0.75,3,2,0.6666666666666666,0.79810363,0.6523683166666666
SLC38A1,0.75,3,2,0.6666666666666666,0.9832086,0.8691798199999999
SLC38A11,0.75,3,2,0.6666666666666666,0.98058873,0.7450389266666667
SLC38A3,0.75,3,2,0.6666666666666666,0.9611723,0.6456351438455666
SLC38A5,0.75,3,2,0.6666666666666666,0.97479814,0.8781969033333333
SLC45A1,0.75,3,2,0.6666666666666666,0.9895056,0.68378707
SLC6A12,0.75,3,2,0.6666666666666666,0.97576636,0.655766011482
SLC7A8,0.75,3,2,0.6666666666666666,0.9683535,0.6663507016666667
SLC9B1,0.75,3,2,0.6666666666666666,0.77427703,0.8300375433333333
SMARCA5,0.75,3,2,0.6666666666666666,0.978966,0.8387498433333334
SMARCC1,0.75,3,2,0.6666666666666666,0.9244935,0.6386594597298333
SMARCC2,0.75,3,2,0.6666666666666666,0.95553875,0.8784719633333333
SMOC1,0.75,3,2,0.6666666666666666,0.97858995,0.7505468233333333
SMR3A,0.75,3,2,0.6666666666666666,0.98991054,0.665049244
SMYD2,0.75,3,2,0.6666666666666666,0.8826518,0.69764128
SNRK,0.75,3,2,0.6666666666666666,0.7964533,0.8001432633333333
SNX29,0.75,3,2,0.6666666666666666,0.98803353,0.6598133951684334
SOWAHB,0.75,3,2,0.6666666666666666,0.9632143,0.7898038333333334
SOX6,0.75,3,2,0.6666666666666666,0.99137574,0.660938713742026
SPAG1,0.75,3,2,0.6666666666666666,0.9912981,0.8299480566666667
SPANXB1,0.75,3,2,0.6666666666666666,0.96534824,0.8666939466666665
SPATS2L,0.75,3,2,0.6666666666666666,0.96621656,0.67638775
SPINT2,0.75,3,2,0.6666666666666666,0.9895244,0.6603977077
SRP72,0.75,3,2,0.6666666666666666,0.849621,0.6309383066666666
SSH1,0.75,3,2,0.6666666666666666,0.9605547,0.7434721400000001
SSTR3,0.75,3,2,0.6666666666666666,0.99126136,0.6813669786666666
SSX1,0.75,3,2,0.6666666666666666,0.86286795,0.5907755300002001
SSX6P,0.75,3,2,0.6666666666666666,0.97277033,0.654731333360198
ST3GAL1,0.75,3,2,0.6666666666666666,0.9803638,0.6992900933333334
STAM2,0.75,3,2,0.6666666666666666,0.98949695,0.6612110878666667
STAU1,0.75,3,2,0.6666666666666666,0.8864273,0.7073872566666667
STK40,0.75,3,2,0.6666666666666666,0.9901663,0.7437858
STON1,0.75,3,2,0.6666666666666666,0.8610426,0.6128579888
STON1-GTF2A1L,0.75,3,2,0.6666666666666666,0.9692908,0.8731977566666668
STS,0.75,3,2,0.6666666666666666,0.8067222,0.579264314085
STX2,0.75,3,2,0.6666666666666666,0.83809227,0.8348778033333334
STX3,0.75,3,2,0.6666666666666666,0.9908965,0.8660298700000001
SUCLA2,0.75,3,2,0.6666666666666666,0.9864494,0.74281949
SULT1C3,0.75,3,2,0.6666666666666666,0.9429259,0.8522422833333333
SULT2B1,0.75,3,2,0.6666666666666666,0.9658759,0.6522129343873169
SUPT16H,0.75,3,2,0.6666666666666666,0.83284366,0.68834871
SURF4,0.75,3,2,0.6666666666666666,0.9703968,0.89560358
SWT1,0.75,3,2,0.6666666666666666,0.90271235,0.79225325
SYNGR4,0.75,3,2,0.6666666666666666,0.99141556,0.7497687866666666
SYT10,0.75,3,2,0.6666666666666666,0.9913624,0.7046638866666667
SYT11,0.75,3,2,0.6666666666666666,0.9750371,0.7572865766666667
TADA2A,0.75,3,2,0.6666666666666666,0.9782,0.6864716133333334
TAGLN2,0.75,3,2,0.6666666666666666,0.98426706,0.72870778
TAL1,0.75,3,2,0.6666666666666666,0.9837204,0.6748450366666666
TAP1,0.75,3,2,0.6666666666666666,0.84355605,0.5960126671083333
TAS2R60,0.75,3,2,0.6666666666666666,0.98789006,0.6788743300000001
TBC1D3F,0.75,3,2,0.6666666666666666,0.98920804,0.8235807966666666
TBL3,0.75,3,2,0.6666666666666666,0.86730415,0.7259909633333334
TBXA2R,0.75,3,2,0.6666666666666666,0.9767419,0.7986122833333335
TDRD10,0.75,3,2,0.6666666666666666,0.88479596,0.66528198
TECR,0.75,3,2,0.6666666666666666,0.8544736,0.6345768686666667
TEKT1,0.75,3,2,0.6666666666666666,0.97131574,0.7017742266666667
TENT4A,0.75,3,2,0.6666666666666666,0.99139094,0.8398988800000001
TESPA1,0.75,3,2,0.6666666666666666,0.79588026,0.6168783433333332
TFCP2,0.75,3,2,0.6666666666666666,0.9437633,0.8687996533333333
TGM6,0.75,3,2,0.6666666666666666,0.8826502,0.6258032952333333
TGM7,0.75,3,2,0.6666666666666666,0.8939512,0.6270682542402167
THEM5,0.75,3,2,0.6666666666666666,0.8854308,0.6617572013333334
TICAM1,0.75,3,2,0.6666666666666666,0.98541313,0.7646216133333333
TIMELESS,0.75,3,2,0.6666666666666666,0.9767045,0.69749821
TM4SF5,0.75,3,2,0.6666666666666666,0.98975956,0.7503117066666666
TMBIM6,0.75,3,2,0.6666666666666666,0.9913031,0.6635524030000001
TMEFF2,0.75,3,2,0.6666666666666666,0.9886413,0.6599726889550493
TMEM102,0.75,3,2,0.6666666666666666,0.8654341,0.66859219
TMEM150A,0.75,3,2,0.6666666666666666,0.9860286,0.6576854922853933
TMEM156,0.75,3,2,0.6666666666666666,0.85687846,0.6064098824422667
TMEM245,0.75,3,2,0.6666666666666666,0.81792367,0.5874245451
TMEM63A,0.75,3,2,0.6666666666666666,0.981415,0.6561888349776667
TMEM63B,0.75,3,2,0.6666666666666666,0.77535367,0.6066772433333333
TMOD3,0.75,3,2,0.6666666666666666,0.79446083,0.6555738433333334
TMPO,0.75,3,2,0.6666666666666666,0.98649746,0.8023738466666668
TNFRSF21,0.75,3,2,0.6666666666666666,0.8305744,0.6070992050666667
TNKS,0.75,3,2,0.6666666666666666,0.97435534,0.8197449966666667
TNNI1,0.75,3,2,0.6666666666666666,0.9779684,0.6550917433381792
TNNI3K,0.75,3,2,0.6666666666666666,0.98947716,0.7230587700000001
TOPORS,0.75,3,2,0.6666666666666666,0.9904393,0.7168202933333334
TOR3A,0.75,3,2,0.6666666666666666,0.9728035,0.6543697296400001
TPM1,0.75,3,2,0.6666666666666666,0.86818945,0.7763871733333333
TPP1,0.75,3,2,0.6666666666666666,0.9896735,0.7065499866666666
TRAF3IP2,0.75,3,2,0.6666666666666666,0.8976493,0.636192276
TRAF3IP3,0.75,3,2,0.6666666666666666,0.986741,0.7208932333333333
TRAM1,0.75,3,2,0.6666666666666666,0.8309006,0.6053427527046333
TRAP1,0.75,3,2,0.6666666666666666,0.9398874,0.6935160633333334
TRAPPC5,0.75,3,2,0.6666666666666666,0.8352956,0.5673214603253807
TRAV20,0.75,3,2,0.6666666666666666,0.8630836,0.7992123366666667
TRBV20-1,0.75,3,2,0.6666666666666666,0.9518843,0.71119115
TRDN,0.75,3,2,0.6666666666666666,0.9292976,0.6402676000000157
TRIM4,0.75,3,2,0.6666666666666666,0.9809018,0.6574550249714334
TRIM50,0.75,3,2,0.6666666666666666,0.9873355,0.6589542001169777
TRIM59,0.75,3,2,0.6666666666666666,0.9765231,0.8162925433333333
TRMT44,0.75,3,2,0.6666666666666666,0.9186001,0.6185118922333334
TRPV3,0.75,3,2,0.6666666666666666,0.97790456,0.7203261266666666
TSBP1,0.75,3,2,0.6666666666666666,0.975583,0.6767144866666667
TSC2,0.75,3,2,0.6666666666666666,0.8731693,0.6056744122857683
TSPAN14,0.75,3,2,0.6666666666666666,0.99147934,0.6609880349718333
TSPAN16,0.75,3,2,0.6666666666666666,0.816042,0.7932790666666666
TTBK2,0.75,3,2,0.6666666666666666,0.9330842,0.8202477766666667
TTC31,0.75,3,2,0.6666666666666666,0.97278804,0.6540458589018643
TTC39A,0.75,3,2,0.6666666666666666,0.9590251,0.644057137828372
TTC8,0.75,3,2,0.6666666666666666,0.87765867,0.7352826633333333
TTI1,0.75,3,2,0.6666666666666666,0.89121985,0.8168642933333334
TTK,0.75,3,2,0.6666666666666666,0.83430094,0.77174417
TTYH1,0.75,3,2,0.6666666666666666,0.97279763,0.6547547969191908
TTYH2,0.75,3,2,0.6666666666666666,0.9906792,0.7128109
TUBA3D,0.75,3,2,0.6666666666666666,0.8744225,0.6196944521833333
TULP2,0.75,3,2,0.6666666666666666,0.9573322,0.7578260133333333
TXK,0.75,3,2,0.6666666666666666,0.9406625,0.7154565233333333
TXLNA,0.75,3,2,0.6666666666666666,0.8942249,0.6643544233333333
TXNDC16,0.75,3,2,0.6666666666666666,0.99144053,0.6611575726
UBA3,0.75,3,2,0.6666666666666666,0.89486885,0.6218323987833333
UBE2Q2,0.75,3,2,0.6666666666666666,0.94071555,0.6443114110333333
UBIAD1,0.75,3,2,0.6666666666666666,0.97470516,0.6595239195
UGT1A10,0.75,3,2,0.6666666666666666,0.9334021,0.7954317866666667
ULBP1,0.75,3,2,0.6666666666666666,0.96939015,0.8522134066666668
UNC93A,0.75,3,2,0.6666666666666666,0.91708434,0.6354809832893333
USP38,0.75,3,2,0.6666666666666666,0.99033797,0.83674999
UST,0.75,3,2,0.6666666666666666,0.9730112,0.6503492616700667
UVSSA,0.75,3,2,0.6666666666666666,0.8611072,0.6859509366666666
VCAM1,0.75,3,2,0.6666666666666666,0.9859491,0.7475115
VGLL1,0.75,3,2,0.6666666666666666,0.9840963,0.7289554066666666
VILL,0.75,3,2,0.6666666666666666,0.9815839,0.8135978333333332
VPS11,0.75,3,2,0.6666666666666666,0.8045505,0.8195369666666666
VRK2,0.75,3,2,0.6666666666666666,0.93144834,0.6256383413333334
VRK3,0.75,3,2,0.6666666666666666,0.9626132,0.6731798266666665
VSIG8,0.75,3,2,0.6666666666666666,0.9321739,0.7388421366666668
VSTM2A,0.75,3,2,0.6666666666666666,0.976919,0.6521936866667443
VTCN1,0.75,3,2,0.6666666666666666,0.9911957,0.6619653848
WDFY2,0.75,3,2,0.6666666666666666,0.9806255,0.6781020733333333
WDR38,0.75,3,2,0.6666666666666666,0.9912607,0.8584309
WDR41,0.75,3,2,0.6666666666666666,0.9913101,0.7121786533333333
WDR45,0.75,3,2,0.6666666666666666,0.9875623,0.6596192533333358
WDR47,0.75,3,2,0.6666666666666666,0.9384544,0.8758222833333335
WDR5,0.75,3,2,0.6666666666666666,0.99088085,0.6607413899719999
WDR59,0.75,3,2,0.6666666666666666,0.9567879,0.6535336865
WDR62,0.75,3,2,0.6666666666666666,0.9882386,0.6819450686666667
WDR64,0.75,3,2,0.6666666666666666,0.98355526,0.6583477993079384
WDR7,0.75,3,2,0.6666666666666666,0.99145037,0.7059175166666667
WDR70,0.75,3,2,0.6666666666666666,0.9850941,0.7245538966666666
WDSUB1,0.75,3,2,0.6666666666666666,0.9605089,0.6594380703333333
WFDC3,0.75,3,2,0.6666666666666666,0.8422683,0.6084984363333333
WFS1,0.75,3,2,0.6666666666666666,0.9468377,0.6441336431
WIPF3,0.75,3,2,0.6666666666666666,0.9675657,0.8503466333333334
WNT8A,0.75,3,2,0.6666666666666666,0.79358697,0.5721251803133334
XCR1,0.75,3,2,0.6666666666666666,0.98391706,0.658473891901
XK,0.75,3,2,0.6666666666666666,0.9739699,0.90054695
XPA,0.75,3,2,0.6666666666666666,0.99140465,0.6609649973335333
XRCC5,0.75,3,2,0.6666666666666666,0.95422626,0.6477203580666666
YBX2,0.75,3,2,0.6666666666666666,0.9879166,0.7267235133333334
ZBED2,0.75,3,2,0.6666666666666666,0.981011,0.8509032799999999
ZBTB24,0.75,3,2,0.6666666666666666,0.9685333,0.68124336
ZC3H12A,0.75,3,2,0.6666666666666666,0.95690376,0.649442338816
ZFP37,0.75,3,2,0.6666666666666666,0.99138415,0.66094090984272
ZFP90,0.75,3,2,0.6666666666666666,0.9913946,0.7216513933333334
ZIC1,0.75,3,2,0.6666666666666666,0.9877511,0.6602780895666667
ZIC2,0.75,3,2,0.6666666666666666,0.9795945,0.6557105668222011
ZMYM4,0.75,3,2,0.6666666666666666,0.99077296,0.8354165533333333
ZNF101,0.75,3,2,0.6666666666666666,0.9774631,0.6857523666666667
ZNF12,0.75,3,2,0.6666666666666666,0.9900653,0.7071604166666666
ZNF124,0.75,3,2,0.6666666666666666,0.93327904,0.68152142
ZNF174,0.75,3,2,0.6666666666666666,0.81313396,0.6051194176666667
ZNF19,0.75,3,2,0.6666666666666666,0.9913606,0.6662525356666666
ZNF227,0.75,3,2,0.6666666666666666,0.9906961,0.6752683300000001
ZNF251,0.75,3,2,0.6666666666666666,0.86359257,0.6861214766666667
ZNF362,0.75,3,2,0.6666666666666666,0.8389519,0.8334312833333334
ZNF385B,0.75,3,2,0.6666666666666666,0.87062943,0.6557531466666667
ZNF385D,0.75,3,2,0.6666666666666666,0.9226815,0.6342152387666666
ZNF414,0.75,3,2,0.6666666666666666,0.9637365,0.6507561382055667
ZNF471,0.75,3,2,0.6666666666666666,0.99126434,0.687136025
ZNF526,0.75,3,2,0.6666666666666666,0.9829487,0.89169672
ZNF546,0.75,3,2,0.6666666666666666,0.9659204,0.6524507007561615
ZNF567,0.75,3,2,0.6666666666666666,0.9789259,0.65690776456
ZNF570,0.75,3,2,0.6666666666666666,0.9912479,0.7429539099999999
ZNF654,0.75,3,2,0.6666666666666666,0.97416115,0.7748496766666667
ZNF683,0.75,3,2,0.6666666666666666,0.976533,0.8069004866666667
ZNF691,0.75,3,2,0.6666666666666666,0.9828917,0.6586107206666667
ZNF692,0.75,3,2,0.6666666666666666,0.9701349,0.8577407333333333
ZNF709,0.75,3,2,0.6666666666666666,0.99121207,0.90786497
ZNF765,0.75,3,2,0.6666666666666666,0.9912258,0.661652172
ZNF79,0.75,3,2,0.6666666666666666,0.97920024,0.78610252
ZNF799,0.75,3,2,0.6666666666666666,0.9912457,0.8751361133333333
ZNF833P,0.75,3,2,0.6666666666666666,0.94778156,0.6356001455
ZSCAN18,0.75,3,2,0.6666666666666666,0.99136907,0.6609159644070001
ZSWIM3,0.75,3,2,0.6666666666666666,0.9623913,0.67635435
A2ML1,0.75,4,2,0.5,0.64022576,0.574802824
AADACL3,0.75,4,2,0.5,0.472933198183,0.4843127585579375
ABCC6,0.75,4,2,0.5,0.79303005,0.64441321475
ABI3,0.75,4,2,0.5,0.714121935,0.6049398156948524
ACOT4,0.75,4,2,0.5,0.82891512,0.6591036179828736
ACOX3,0.75,4,2,0.5,0.497574244,0.4966248146568364
ACTL7A,0.75,4,2,0.5,0.4801598575621,0.4879008103854
ACTN2,0.75,4,2,0.5,0.7362467699999999,0.61424405672747
ACTR5,0.75,4,2,0.5,0.44808516661,0.471845160642775
ADAD1,0.75,4,2,0.5,0.79022355,0.641027031925
ADAM10,0.75,4,2,0.5,0.68032753,0.587393352275
ADAM32,0.75,4,2,0.5,0.44262813397,0.4690332451984
ADAM8,0.75,4,2,0.5,0.493015160587218,0.49432952513711603
ADAMTS1,0.75,4,2,0.5,0.594087005,0.58313344
ADCY3,0.75,4,2,0.5,0.42404800935,0.4595480069407234
ADCY6,0.75,4,2,0.5,0.4892831547,0.4882334374816987
ADGRE3,0.75,4,2,0.5,0.733929815,0.6131668669
ADGRF3,0.75,4,2,0.5,0.7750165,0.617405269593
ADH1B,0.75,4,2,0.5,0.7568594200000001,0.6454194525
ADH6,0.75,4,2,0.5,0.71493775,0.645962015
ADRA1B,0.75,4,2,0.5,0.70444785,0.6416138375
AGT,0.75,4,2,0.5,0.7563823000000001,0.6973922475
AHRR,0.75,4,2,0.5,0.80558723,0.74053413
AJUBA,0.75,4,2,0.5,0.47024855018491857,0.4826304175939512
AKAP8,0.75,4,2,0.5,0.6626778799999999,0.5908099685
AKR1C4,0.75,4,2,0.5,0.73375872,0.6122266036
AKTIP,0.75,4,2,0.5,0.81294117,0.66747493425
ALDOA,0.75,4,2,0.5,0.77047423,0.6212558402387431
AMIGO3,0.75,4,2,0.5,0.82944925,0.66265145675
ANAPC2,0.75,4,2,0.5,0.62939315,0.562673301925
ANGPTL5,0.75,4,2,0.5,0.67519562,0.6086857674999999
ANKMY1,0.75,4,2,0.5,0.7535672200000001,0.62428157897875
ANO1,0.75,4,2,0.5,0.8032639500000001,0.7460912325
ANP32D,0.75,4,2,0.5,0.73883043,0.6430666525
AP2B1,0.75,4,2,0.5,0.8298828149999999,0.8106744725
ARHGAP11A,0.75,4,2,0.5,0.38333122436,0.4372832879626
ARHGEF10L,0.75,4,2,0.5,0.507460565,0.49975383109724997
ARHGEF25,0.75,4,2,0.5,0.6040692950000001,0.5956555425
ARHGEF9,0.75,4,2,0.5,0.786353055,0.7799016775
ARID2,0.75,4,2,0.5,0.67525242,0.5870908585
ARMCX5-GPRASP2,0.75,4,2,0.5,0.425452650585,0.44621750029287816
ARNTL2,0.75,4,2,0.5,0.7200362250000001,0.6302018525
ASAP1,0.75,4,2,0.5,0.6985236850000001,0.60202329175
ATAD2B,0.75,4,2,0.5,0.82665015,0.662121528325
ATG4D,0.75,4,2,0.5,0.80931452,0.742120385
ATP13A1,0.75,4,2,0.5,0.569276785,0.53274688345
ATP2B1,0.75,4,2,0.5,0.803081245,0.65884029825
ATP2C2,0.75,4,2,0.5,0.53270155,0.52074639325
ATP6V0A2,0.75,4,2,0.5,0.684470535,0.5803301974999999
ATP6V1A,0.75,4,2,0.5,0.4429380665,0.4716674715
AUTS2,0.75,4,2,0.5,0.4900877225,0.488540264825
AXIN1,0.75,4,2,0.5,0.63022931,0.5501566411500001
BACE2,0.75,4,2,0.5,0.6911042000000001,0.593397113277575
BASP1,0.75,4,2,0.5,0.785215185,0.6396518770174999
BEND2,0.75,4,2,0.5,0.468907917,0.48230758351331593
BEND3,0.75,4,2,0.5,0.6001430249999999,0.534787548
BEST1,0.75,4,2,0.5,0.599635625,0.59086483
BLNK,0.75,4,2,0.5,0.46665740965,0.4795897660150738
BNIP1,0.75,4,2,0.5,0.4947071780645,0.49518197602277503
BPIFB6,0.75,4,2,0.5,0.45961655725,0.47764395726908676
BRAP,0.75,4,2,0.5,0.7133469,0.6997684475
BRINP2,0.75,4,2,0.5,0.5231349925,0.52833244125
BRPF1,0.75,4,2,0.5,0.5245186,0.5004022883762
BTBD7,0.75,4,2,0.5,0.43506634144906,0.46534287094668303
C2CD3,0.75,4,2,0.5,0.6908114000000001,0.597091194
C3orf20,0.75,4,2,0.5,0.571974035,0.566948555
C8orf34,0.75,4,2,0.5,0.47898823,0.47158012209426753
C9,0.75,4,2,0.5,0.5576473550000001,0.52669808698933
C9orf64,0.75,4,2,0.5,0.6897120999999999,0.583704899175
CA12,0.75,4,2,0.5,0.55768341,0.5371076625
CABP4,0.75,4,2,0.5,0.5830565799999999,0.5393998482187274
CABYR,0.75,4,2,0.5,0.780804415,0.638222852959375
CACHD1,0.75,4,2,0.5,0.681266665,0.66290801
CACNA2D4,0.75,4,2,0.5,0.3976761313,0.4466985422838643
CALB2,0.75,4,2,0.5,0.8060604,0.656098755
CAMK1D,0.75,4,2,0.5,0.503628615,0.4996452575001958
CAMSAP1,0.75,4,2,0.5,0.5508773,0.5233108652855
CCDC142,0.75,4,2,0.5,0.8653334699999999,0.8072750925
CCDC149,0.75,4,2,0.5,0.647129105,0.66968067
CCDC22,0.75,4,2,0.5,0.58459007,0.5319864278202154
CCDC80,0.75,4,2,0.5,0.75311,0.7169604925
CD44,0.75,4,2,0.5,0.704999935,0.6634441425
CDH10,0.75,4,2,0.5,0.84925642,0.844552285
CDK8,0.75,4,2,0.5,0.82845375,0.66126549964375
CEACAM7,0.75,4,2,0.5,0.804895675,0.6947858375
CEL,0.75,4,2,0.5,0.48140222467885,0.48251536292342123
CEP72,0.75,4,2,0.5,0.49047474852,0.49307345009301995
CEP83,0.75,4,2,0.5,0.6546997649999999,0.5756268354
CEP97,0.75,4,2,0.5,0.8432153,0.6695681109325
CES3,0.75,4,2,0.5,0.4427211500044824,0.4690672425022535
CES4A,0.75,4,2,0.5,0.6685572,0.6448808175
CHIA,0.75,4,2,0.5,0.641115385,0.562373392502628
CHMP4C,0.75,4,2,0.5,0.4792273692292,0.4840313521172282
CHRNA2,0.75,4,2,0.5,0.541724455,0.518704843700778
CHRNA4,0.75,4,2,0.5,0.62245363,0.55909544441
CHRNA6,0.75,4,2,0.5,0.52212456,0.509186285225
CHRNG,0.75,4,2,0.5,0.68045939,0.586958852425
CHST2,0.75,4,2,0.5,0.4955367007409175,0.49558150037861687
CHST5,0.75,4,2,0.5,0.5892327549999999,0.54243977667175
CLCN4,0.75,4,2,0.5,0.732013435,0.727056835
CLDN18,0.75,4,2,0.5,0.7959791,0.64783073825
CLIP4,0.75,4,2,0.5,0.663316905,0.5853021935
CLRN2,0.75,4,2,0.5,0.44954081819,0.468046283910575
CLSTN3,0.75,4,2,0.5,0.54217042,0.5164875031425
CNBD2,0.75,4,2,0.5,0.76241685,0.6290629505074864
CNGA1,0.75,4,2,0.5,0.8555899499999999,0.7047077775
CNGA3,0.75,4,2,0.5,0.6620682099999999,0.575519952876
CNKSR3,0.75,4,2,0.5,0.76141557,0.7827827425
CNTROB,0.75,4,2,0.5,0.589889675,0.54780990575
COL20A1,0.75,4,2,0.5,0.4747902855911575,0.4765517214662175
COL9A3,0.75,4,2,0.5,0.490109480685,0.4929032909120906
COP1,0.75,4,2,0.5,0.564762755,0.548798485
CSNK2A1,0.75,4,2,0.5,0.72423209,0.6254014725
CSTF2,0.75,4,2,0.5,0.70878097,0.6022439110274919
CSTF2T,0.75,4,2,0.5,0.689814335,0.5927358676780293
CTCF,0.75,4,2,0.5,0.7974292949999999,0.64681942425
CTHRC1,0.75,4,2,0.5,0.524676205,0.56349893
CTIF,0.75,4,2,0.5,0.6473207249999999,0.63518717
CUL7,0.75,4,2,0.5,0.764689355,0.625271042075
CYP19A1,0.75,4,2,0.5,0.544846695,0.515241163
CYP2E1,0.75,4,2,0.5,0.66643157,0.58131275175
CYP2F1,0.75,4,2,0.5,0.46062222140000003,0.46898524984325
CYP3A43,0.75,4,2,0.5,0.8134557,0.656254464825
CYP4F2,0.75,4,2,0.5,0.81890245,0.7697049
CYYR1,0.75,4,2,0.5,0.68441379,0.629821465
DACH1,0.75,4,2,0.5,0.78277815,0.68452041
DCAF11,0.75,4,2,0.5,0.581978925,0.5281459724272
DCAF4L1,0.75,4,2,0.5,0.5708626649999999,0.5764033775
DCLK2,0.75,4,2,0.5,0.7820362999999999,0.6387838101568468
DDX59,0.75,4,2,0.5,0.55156147,0.55993531
DEFB114,0.75,4,2,0.5,0.82470247,0.655693097520111
DHX34,0.75,4,2,0.5,0.409914983425,0.45089584013
DHX37,0.75,4,2,0.5,0.5399977650000001,0.51189218625
DLAT,0.75,4,2,0.5,0.4847108,0.5038924875
DMPK,0.75,4,2,0.5,0.79880667,0.7911474350000001
DNA2,0.75,4,2,0.5,0.48636243575000004,0.49100801865549326
DNHD1,0.75,4,2,0.5,0.793518275,0.6445970883475
DOK5,0.75,4,2,0.5,0.7859157,0.68609607
DPEP1,0.75,4,2,0.5,0.48306015732948254,0.486015965991404
DPYSL2,0.75,4,2,0.5,0.535108445,0.52146486175
DUS3L,0.75,4,2,0.5,0.7182771299999999,0.5940135988131
E2F8,0.75,4,2,0.5,0.768340475,0.629658546925
EEA1,0.75,4,2,0.5,0.6960937700000001,0.7274290425000001
EFCAB13,0.75,4,2,0.5,0.623341065,0.62140995
EFCAB5,0.75,4,2,0.5,0.57281055,0.535703694
EFHC2,0.75,4,2,0.5,0.53246196,0.5140971550000494
EHBP1,0.75,4,2,0.5,0.6154137199999999,0.5555554385282
ELAVL3,0.75,4,2,0.5,0.776026545,0.6357989857999999
ELF4,0.75,4,2,0.5,0.4905907392085,0.4926326304533375
EMILIN1,0.75,4,2,0.5,0.587906715,0.5417649619105332
ENPP5,0.75,4,2,0.5,0.80241148,0.6467865689359
EPS8L3,0.75,4,2,0.5,0.55483193,0.5211163171500144
ERN1,0.75,4,2,0.5,0.8288771500000001,0.82817835
ESYT2,0.75,4,2,0.5,0.5679593000000001,0.56635534
ETFBKMT,0.75,4,2,0.5,0.4936209445,0.4942800301875
EXOC2,0.75,4,2,0.5,0.65103373,0.5733880779505001
EXOC7,0.75,4,2,0.5,0.538396275,0.50441085525
EXOSC9,0.75,4,2,0.5,0.7536736500000001,0.663045295
EYA3,0.75,4,2,0.5,0.554681325,0.5265944575
F2R,0.75,4,2,0.5,0.48758548896184,0.48787647314791305
FAIM2,0.75,4,2,0.5,0.66503707,0.58514249625
FAM153CP,0.75,4,2,0.5,0.6853746000000001,0.60254959
FAM214A,0.75,4,2,0.5,0.768950425,0.6711213625
FAM214B,0.75,4,2,0.5,0.60332136,0.57072692
FAM83A,0.75,4,2,0.5,0.6462661000000001,0.5630246000876727
FATE1,0.75,4,2,0.5,0.471028243,0.484793090125
FBXW5,0.75,4,2,0.5,0.43866375676499997,0.467204643404025
FCGR3A,0.75,4,2,0.5,0.41099865080221765,0.4528845504020935
FDPS,0.75,4,2,0.5,0.74099477,0.741314035
FLI1,0.75,4,2,0.5,0.671353425,0.583546776210275
FLOT1,0.75,4,2,0.5,0.56825557,0.5687058475
FNBP4,0.75,4,2,0.5,0.5541324400000001,0.5605384025
FOXG1,0.75,4,2,0.5,0.8252542300000001,0.738689605
FOXK2,0.75,4,2,0.5,0.786149,0.6359528251402568
FOXO3,0.75,4,2,0.5,0.6911645200000001,0.6013576425
FPR3,0.75,4,2,0.5,0.681502925,0.592239976875
FUCA1,0.75,4,2,0.5,0.49605253722,0.495896214538
FZD3,0.75,4,2,0.5,0.60344061,0.599027255
FZD6,0.75,4,2,0.5,0.4965902785,0.4960900519843666
GAB4,0.75,4,2,0.5,0.74040035,0.6180696766283793
GALK2,0.75,4,2,0.5,0.82654033,0.70391647
GALNT5,0.75,4,2,0.5,0.63573907,0.5673704955
GBGT1,0.75,4,2,0.5,0.494797294024,0.49522817234333055
GBP4,0.75,4,2,0.5,0.756362675,0.7835372375
GCKR,0.75,4,2,0.5,0.48927460063365,0.49191337913266747
GFI1,0.75,4,2,0.5,0.523202077,0.506402069325365
GGT1,0.75,4,2,0.5,0.585491985,0.5402638776035681
GIPC2,0.75,4,2,0.5,0.786333415,0.6858506600000001
GIT2,0.75,4,2,0.5,0.79660994,0.7600526525
GLRB,0.75,4,2,0.5,0.7356434199999999,0.715250905
GNPAT,0.75,4,2,0.5,0.67663564,0.5861471091141333
GOSR2,0.75,4,2,0.5,0.4933508403943905,0.494540828444869
GPR158,0.75,4,2,0.5,0.688601725,0.7038298125
GPR20,0.75,4,2,0.5,0.4937619979,0.49410749895467987
GPR87,0.75,4,2,0.5,0.4978037638,0.49677221666750004
GPX5,0.75,4,2,0.5,0.798928495,0.77814163
GRAMD1A,0.75,4,2,0.5,0.77712413,0.748872285
GRAMD4,0.75,4,2,0.5,0.514770048,0.5052233865003894
GRIN1,0.75,4,2,0.5,0.4329566466595,0.4499327898389265
GSTA4,0.75,4,2,0.5,0.8303125,0.744920095
GTF2IRD2,0.75,4,2,0.5,0.59931377,0.5474521755
GTPBP6,0.75,4,2,0.5,0.733750465,0.60937116667003
GUCY1A1,0.75,4,2,0.5,0.521877662,0.5087380810009
H2AC1,0.75,4,2,0.5,0.7214664,0.5979090510282212
HCAR1,0.75,4,2,0.5,0.7504331,0.6233315119249999
HDAC8,0.75,4,2,0.5,0.83771442,0.66632740269587
HK3,0.75,4,2,0.5,0.53848468,0.5280502607500001
HMGCS2,0.75,4,2,0.5,0.52030036,0.50229249337
HNRNPDL,0.75,4,2,0.5,0.6407159099999999,0.5637832861867315
HNRNPM,0.75,4,2,0.5,0.4901173986,0.490681573225
HTR3B,0.75,4,2,0.5,0.69392463,0.71293275
IDH2,0.75,4,2,0.5,0.4719482614385425,0.47708630744271924
IFNG,0.75,4,2,0.5,0.6931155950000001,0.588157498322573
IKBKB,0.75,4,2,0.5,0.5095525215000001,0.5107212775000001
IL10RA,0.75,4,2,0.5,0.4190811769,0.45212732945427503
IL12B,0.75,4,2,0.5,0.68490943,0.58518243684175
IL13RA2,0.75,4,2,0.5,0.4926182093220935,0.4941727298511238
IL18R1,0.75,4,2,0.5,0.775535585,0.6340289963406
IL1RL2,0.75,4,2,0.5,0.761019815,0.6299546385
IL23R,0.75,4,2,0.5,0.7318251,0.646147815
IL32,0.75,4,2,0.5,0.43137232838155004,0.4598964907971899
ILKAP,0.75,4,2,0.5,0.54969707,0.5204243107884908
INTS7,0.75,4,2,0.5,0.82684167,0.6770499799999999
IPO8,0.75,4,2,0.5,0.71664756,0.6045705203682592
IQCE,0.75,4,2,0.5,0.46468724658,0.480187193195875
IRAK3,0.75,4,2,0.5,0.467927145,0.441244874925
IRF2,0.75,4,2,0.5,0.75922335,0.6960112325
IRF8,0.75,4,2,0.5,0.4345444786,0.46487711733750003
ITCH,0.75,4,2,0.5,0.839972975,0.669806117
ITGAV,0.75,4,2,0.5,0.44654301027000004,0.46462601860241176
ITGB7,0.75,4,2,0.5,0.7197689,0.607751294593
IVL,0.75,4,2,0.5,0.6192455649999999,0.59870078
KASH5,0.75,4,2,0.5,0.81623025,0.6559713000003652
KAT5,0.75,4,2,0.5,0.69062263,0.683783975
KAT8,0.75,4,2,0.5,0.6521422649999999,0.5614279168918925
KCNJ1,0.75,4,2,0.5,0.625499135,0.6073216175
KCNK9,0.75,4,2,0.5,0.8004819000000001,0.6651922985000001
KCNN3,0.75,4,2,0.5,0.60314219,0.5652883599999999
KCNRG,0.75,4,2,0.5,0.59593268,0.5448516613825
KCNV2,0.75,4,2,0.5,0.3894387535,0.44255626405202503
KCTD13,0.75,4,2,0.5,0.4997574,0.4977386057291425
KIZ,0.75,4,2,0.5,0.71439679,0.61893358425
KLF3,0.75,4,2,0.5,0.771884215,0.6661713825
KLHL6,0.75,4,2,0.5,0.62281695,0.5977452225
KLK8,0.75,4,2,0.5,0.49834468049999997,0.4970576470365
KRT3,0.75,4,2,0.5,0.8180762500000001,0.6568948021486367
KRT36,0.75,4,2,0.5,0.776358565,0.7261896999999999
KRT74,0.75,4,2,0.5,0.706252735,0.5975156211672727
KRTAP10-3,0.75,4,2,0.5,0.482186520559,0.48889344440665
KRTAP5-9,0.75,4,2,0.5,0.82354517,0.70172373
L3MBTL4,0.75,4,2,0.5,0.464531875,0.4695307235
LARGE2,0.75,4,2,0.5,0.4607882346337,0.47820195332396
LGALS9,0.75,4,2,0.5,0.495080150307,0.49539473034799997
LGR4,0.75,4,2,0.5,0.7461744,0.7523858125
LIN54,0.75,4,2,0.5,0.49658093,0.4961300628376625
LPO,0.75,4,2,0.5,0.47933842870000004,0.48574001720500004
LRRC15,0.75,4,2,0.5,0.709602515,0.6474563975
LRRC41,0.75,4,2,0.5,0.73832041,0.6170463121075
LRRC43,0.75,4,2,0.5,0.83419047,0.73819742
LRRC4B,0.75,4,2,0.5,0.71418252,0.69750387
LRRC6,0.75,4,2,0.5,0.608833035,0.56770024
LSM11,0.75,4,2,0.5,0.73172702,0.6244331885
LTBP1,0.75,4,2,0.5,0.659782,0.6339232975
LTBR,0.75,4,2,0.5,0.49023929,0.48954137004094866
MAEL,0.75,4,2,0.5,0.777797045,0.6367679800758484
MAGEA11,0.75,4,2,0.5,0.63794481,0.5630405670547612
MAML2,0.75,4,2,0.5,0.41955285118499996,0.45711212477534746
MAN1C1,0.75,4,2,0.5,0.814493875,0.6541062875876877
MAP3K5,0.75,4,2,0.5,0.4383728387,0.46705322054075
MAP3K6,0.75,4,2,0.5,0.49388999971014996,0.494607024931349
MAPK1,0.75,4,2,0.5,0.7354741650000001,0.640866281
MARCHF1,0.75,4,2,0.5,0.754379575,0.6959644875
MBD5,0.75,4,2,0.5,0.7899045,0.767085705
MCC,0.75,4,2,0.5,0.80770455,0.7923449425
MEP1A,0.75,4,2,0.5,0.8050495,0.72364234
MIA2,0.75,4,2,0.5,0.736817005,0.6162757590825
MICB,0.75,4,2,0.5,0.788269365,0.7541106625
MKS1,0.75,4,2,0.5,0.719328865,0.6070917132089325
MMAA,0.75,4,2,0.5,0.6827536750000001,0.580146459775
MMP27,0.75,4,2,0.5,0.513835435,0.5024322300191078
MOB3B,0.75,4,2,0.5,0.60263473,0.5491448114514057
MPHOSPH9,0.75,4,2,0.5,0.67087848,0.63698023
MRE11,0.75,4,2,0.5,0.55280633,0.5471132
MRGPRX1,0.75,4,2,0.5,0.779984025,0.7481668125
MROH8,0.75,4,2,0.5,0.74837725,0.76524416
MRPL47,0.75,4,2,0.5,0.6766193,0.6195698325000001
MS4A5,0.75,4,2,0.5,0.7560583000000001,0.71250863
MTMR12,0.75,4,2,0.5,0.61881225,0.558490155075
MUS81,0.75,4,2,0.5,0.543105085,0.519411068720065
MYOC,0.75,4,2,0.5,0.741506135,0.662553955
NAP1L1,0.75,4,2,0.5,0.58655558,0.54188594625
NARS1,0.75,4,2,0.5,0.792257575,0.6888284975
NCKIPSD,0.75,4,2,0.5,0.49344355475769003,0.4945796567144863
NDRG1,0.75,4,2,0.5,0.5604298750000001,0.528402764525
NDST2,0.75,4,2,0.5,0.7651245,0.64104926075
NEFM,0.75,4,2,0.5,0.7397320000000001,0.61869198825
NEUROG2,0.75,4,2,0.5,0.779212885,0.6376194152
NLRX1,0.75,4,2,0.5,0.678834635,0.6208964
NPLOC4,0.75,4,2,0.5,0.614397375,0.5537043220588506
NPR1,0.75,4,2,0.5,0.59218755,0.5439994874825
NPTX1,0.75,4,2,0.5,0.471115269199525,0.47749980210022547
NTRK1,0.75,4,2,0.5,0.666789065,0.6150345875000001
NUDC,0.75,4,2,0.5,0.586084775,0.5404722875042361
NUP214,0.75,4,2,0.5,0.68976404,0.6422060975
NVL,0.75,4,2,0.5,0.75597353,0.6675285625
NXPH4,0.75,4,2,0.5,0.753895135,0.6247731675687351
OLFM4,0.75,4,2,0.5,0.4644429684378,0.4796076893014385
OLFML2A,0.75,4,2,0.5,0.4906287635,0.492796374875
OPLAH,0.75,4,2,0.5,0.45915501645,0.4757548628822675
OR10AD1,0.75,4,2,0.5,0.7953481,0.64549375447585
OR10G9,0.75,4,2,0.5,0.750525015,0.6818683325
OR11H6,0.75,4,2,0.5,0.48257132838,0.48482106877000003
OR14A16,0.75,4,2,0.5,0.6247505099999999,0.571344175
OR1L1,0.75,4,2,0.5,0.574991645,0.5497835475
OR2J3,0.75,4,2,0.5,0.768472975,0.631098198240727
OR2M5,0.75,4,2,0.5,0.7736030300000001,0.6901550975
OR4C6,0.75,4,2,0.5,0.47313068,0.508202585
OR51L1,0.75,4,2,0.5,0.71752335,0.6986641075
OR52M1,0.75,4,2,0.5,0.756785175,0.6262384285931
OR52N1,0.75,4,2,0.5,0.502203419,0.49894210699518926
OR52N4,0.75,4,2,0.5,0.57569966,0.5310947045
OR5AC2,0.75,4,2,0.5,0.743061425,0.706103615
OR5H6,0.75,4,2,0.5,0.691123695,0.59925341125
OR5K3,0.75,4,2,0.5,0.560532275,0.5151974911675
OR6B1,0.75,4,2,0.5,0.510437869,0.5034668499
OR8J3,0.75,4,2,0.5,0.81256653,0.70852939
P2RY13,0.75,4,2,0.5,0.6450577150000001,0.5912787425
PABPC3,0.75,4,2,0.5,0.7294592550000001,0.612555789363417
PACRG,0.75,4,2,0.5,0.5213915499999999,0.50122170535
PAFAH2,0.75,4,2,0.5,0.85209968,0.694787116
PCDHB11,0.75,4,2,0.5,0.7596846500000001,0.6694318575
PCDHGA10,0.75,4,2,0.5,0.77713218,0.63627574026
PCDHGB5,0.75,4,2,0.5,0.47689618500000003,0.4966591875
PCDHGB7,0.75,4,2,0.5,0.7382956,0.617011167343
PCMTD1,0.75,4,2,0.5,0.8298557150000001,0.7473088225000001
PCOLCE2,0.75,4,2,0.5,0.79489085,0.6849130925
PDE6B,0.75,4,2,0.5,0.383197686555,0.43893941910118456
PDE9A,0.75,4,2,0.5,0.80176123,0.6489408716
PEX11A,0.75,4,2,0.5,0.73632668,0.713884445
PEX5,0.75,4,2,0.5,0.535976215,0.5013373945
PEX6,0.75,4,2,0.5,0.58128575,0.5381496179075
PFKM,0.75,4,2,0.5,0.58297875,0.5702567075
PHAX,0.75,4,2,0.5,0.7562784300000001,0.643184104
PHC1,0.75,4,2,0.5,0.677012925,0.585771732725
PIAS1,0.75,4,2,0.5,0.39641790391231,0.4417228050588203
PIP5K1C,0.75,4,2,0.5,0.805339,0.7001069
PITPNM1,0.75,4,2,0.5,0.662269655,0.5787120035
PJVK,0.75,4,2,0.5,0.67194284,0.6409180875
PKLR,0.75,4,2,0.5,0.7273891800000001,0.6519221025
PLA2G12A,0.75,4,2,0.5,0.500757024,0.49712431696000003
PLA2G15,0.75,4,2,0.5,0.4040279719411122,0.44362224868108147
PLEKHG6,0.75,4,2,0.5,0.624681965,0.5564103655987686
PML,0.75,4,2,0.5,0.70216265,0.5969294164201217
PNCK,0.75,4,2,0.5,0.4975288135,0.494730794385
PNISR,0.75,4,2,0.5,0.5345660775,0.509030632552825
PNPLA5,0.75,4,2,0.5,0.538461135,0.5063904353575
POLR3B,0.75,4,2,0.5,0.631383215,0.61115186
POPDC3,0.75,4,2,0.5,0.504699781,0.49908305771592504
POT1,0.75,4,2,0.5,0.79786305,0.692714335
PPFIA2,0.75,4,2,0.5,0.817136345,0.7481668674999999
PPP4R1,0.75,4,2,0.5,0.59379545,0.54477737741375
PRKD3,0.75,4,2,0.5,0.772176625,0.6660097325000001
PRMT8,0.75,4,2,0.5,0.81018723,0.652060190032149
PRPF40A,0.75,4,2,0.5,0.488776072225,0.4918265711186746
PRR16,0.75,4,2,0.5,0.7640149700000001,0.654443895
PRSS12,0.75,4,2,0.5,0.860031605,0.8080741525
PSD,0.75,4,2,0.5,0.4715613700348043,0.48359592253223094
PSEN2,0.75,4,2,0.5,0.676619265,0.5904867135
PTCD3,0.75,4,2,0.5,0.8134997500000001,0.65360937761
PTCHD4,0.75,4,2,0.5,0.4798202625,0.471965280825
PTGIS,0.75,4,2,0.5,0.751578095,0.61788560325
PTPN4,0.75,4,2,0.5,0.4244611289,0.4601463490825
PTPRG,0.75,4,2,0.5,0.4980576863,0.496904512493975
PXK,0.75,4,2,0.5,0.560693935,0.528208313745005
PYROXD2,0.75,4,2,0.5,0.73211813,0.6815543399999999
QRFPR,0.75,4,2,0.5,0.8403384300000001,0.83782859
QSOX1,0.75,4,2,0.5,0.4886141822242485,0.49217396619554693
RALGAPA1,0.75,4,2,0.5,0.71787033,0.6063183732175
RASA3,0.75,4,2,0.5,0.521020495,0.5083259839000001
RASAL3,0.75,4,2,0.5,0.68456483,0.59014438925525
RASGRP3,0.75,4,2,0.5,0.48368662518,0.4851271402009675
RASGRP4,0.75,4,2,0.5,0.47627940158713566,0.4856573608011079
RBCK1,0.75,4,2,0.5,0.45637841875,0.4709876721134464
RBM39,0.75,4,2,0.5,0.51075843,0.5046185651
RC3H1,0.75,4,2,0.5,0.6591440399999999,0.602639315
RC3H2,0.75,4,2,0.5,0.72338383,0.6090808651718838
RFTN2,0.75,4,2,0.5,0.532073407,0.5139077035075191
RFX2,0.75,4,2,0.5,0.8266458699999999,0.6611131827745
RGS6,0.75,4,2,0.5,0.5056717425,0.49685747026025
RGS9,0.75,4,2,0.5,0.727915775,0.61155183095
RHBDF2,0.75,4,2,0.5,0.733222885,0.614453904712625
RHBDL3,0.75,4,2,0.5,0.62888765,0.571081935
RHO,0.75,4,2,0.5,0.686140365,0.60001598425
RIC8A,0.75,4,2,0.5,0.8357530799999999,0.7152479125
RNF220,0.75,4,2,0.5,0.6364267100000001,0.64952624
RNF32,0.75,4,2,0.5,0.51698281,0.505128783875
RORB,0.75,4,2,0.5,0.847326325,0.6715316129376274
RPAP2,0.75,4,2,0.5,0.777068375,0.66532
RPN2,0.75,4,2,0.5,0.77972437,0.657931095
RPS6KA2,0.75,4,2,0.5,0.716937715,0.6039844341327958
RSBN1,0.75,4,2,0.5,0.6339653700000001,0.6000683450000001
S100A7,0.75,4,2,0.5,0.78621925,0.727656415
SAMSN1,0.75,4,2,0.5,0.64082535,0.6664532974999999
SBF2,0.75,4,2,0.5,0.75917293,0.62942359325
SCAP,0.75,4,2,0.5,0.464239514405,0.468777865427775
SDR16C5,0.75,4,2,0.5,0.67445506,0.67004326
SEC14L1,0.75,4,2,0.5,0.44759747,0.471789231625
SEMA4F,0.75,4,2,0.5,0.7075661,0.597599606385
SEMA4G,0.75,4,2,0.5,0.431730322,0.46374116174809316
SENP3,0.75,4,2,0.5,0.50192936825,0.49864326370385
SERPINB11,0.75,4,2,0.5,0.734836225,0.6351324285
SEZ6,0.75,4,2,0.5,0.631760935,0.5585410702451519
SF3B2,0.75,4,2,0.5,0.42953375425,0.44747548379924995
SGIP1,0.75,4,2,0.5,0.8453708,0.8263575375000001
SGSH,0.75,4,2,0.5,0.404051263646,0.44990369186392004
SHOC1,0.75,4,2,0.5,0.7703956700000001,0.63347786775
SHROOM2,0.75,4,2,0.5,0.43532761515,0.46324728500837353
SHTN1,0.75,4,2,0.5,0.495077307311638,0.4953569900824455
SLC12A3,0.75,4,2,0.5,0.8325076499999999,0.7087623425
SLC12A4,0.75,4,2,0.5,0.46244837499999997,0.47875505725
SLC12A8,0.75,4,2,0.5,0.8224398150000001,0.7005372475
SLC17A8,0.75,4,2,0.5,0.691477,0.6264547475
SLC18A1,0.75,4,2,0.5,0.62318933,0.62261648
SLC22A3,0.75,4,2,0.5,0.80082002,0.7021254525
SLC24A2,0.75,4,2,0.5,0.48317644,0.4889509700001628
SLC25A11,0.75,4,2,0.5,0.76812855,0.7061265
SLC28A2,0.75,4,2,0.5,0.66333586,0.5649925100000001
SLC35F4,0.75,4,2,0.5,0.63638377,0.604344825
SLC44A4,0.75,4,2,0.5,0.75543067,0.673226415
SLC4A3,0.75,4,2,0.5,0.408188698635,0.448990818245
SLC5A8,0.75,4,2,0.5,0.80802302,0.72493261
SLC6A13,0.75,4,2,0.5,0.574656475,0.536734773325
SLC8A3,0.75,4,2,0.5,0.3782891209418,0.3821292613731866
SLC8B1,0.75,4,2,0.5,0.78791225,0.6727192949999999
SLCO2A1,0.75,4,2,0.5,0.74575048,0.71445336
SOAT2,0.75,4,2,0.5,0.7822630500000001,0.6366492250522349
SORBS2,0.75,4,2,0.5,0.72629458,0.6560963575
SOX3,0.75,4,2,0.5,0.61276799,0.5486999457823383
SP100,0.75,4,2,0.5,0.8287608500000001,0.82690805
SPATA31E1,0.75,4,2,0.5,0.486968737315,0.4900978033775
SPG11,0.75,4,2,0.5,0.696509705,0.595966712890461
SPICE1,0.75,4,2,0.5,0.546316435,0.5378902864999999
SPPL2B,0.75,4,2,0.5,0.57786874,0.53248832975
SRC,0.75,4,2,0.5,0.77441738,0.63494953719
SRMS,0.75,4,2,0.5,0.538075938,0.51683934008835
SRP54,0.75,4,2,0.5,0.6491940700000001,0.5702273928
SRPX2,0.75,4,2,0.5,0.7577369,0.623630518015
SSX5,0.75,4,2,0.5,0.81126045,0.6524544104000001
ST6GALNAC1,0.75,4,2,0.5,0.702213565,0.598962759765464
STAT5A,0.75,4,2,0.5,0.795416,0.704626615
STON2,0.75,4,2,0.5,0.698945375,0.60545666625
STRC,0.75,4,2,0.5,0.72021934,0.607314719558165
STRIP2,0.75,4,2,0.5,0.722665565,0.608922855295
SUGP1,0.75,4,2,0.5,0.85510762,0.8416232849999999
SULT1C2,0.75,4,2,0.5,0.42231448109999997,0.459000887362
SYNJ1,0.75,4,2,0.5,0.548050195,0.53133942
SYT4,0.75,4,2,0.5,0.629914835,0.6224542725
TAF15,0.75,4,2,0.5,0.55946623,0.5275963798537425
TAS1R2,0.75,4,2,0.5,0.56057887,0.52163820865
TAS2R1,0.75,4,2,0.5,0.7804392,0.683757485
TCF12,0.75,4,2,0.5,0.791788615,0.73921552
TCP11L2,0.75,4,2,0.5,0.745827585,0.68808046
TEAD1,0.75,4,2,0.5,0.7978923,0.7767656000000001
THAP12,0.75,4,2,0.5,0.79721752,0.71900711
THNSL2,0.75,4,2,0.5,0.49456008315,0.49526444731249997
TIGD3,0.75,4,2,0.5,0.577890835,0.57445104
TLE4,0.75,4,2,0.5,0.765800685,0.6307793819115
TMEM217,0.75,4,2,0.5,0.67069564,0.63564597
TNFAIP3,0.75,4,2,0.5,0.4886211363,0.48967814015
TNIP1,0.75,4,2,0.5,0.4908260719,0.49289627155
TNIP3,0.75,4,2,0.5,0.568579225,0.57554175
TNNT1,0.75,4,2,0.5,0.4880646825685,0.49190140288832573
TNR,0.75,4,2,0.5,0.69063696,0.61113393
TOGARAM2,0.75,4,2,0.5,0.3807915585,0.4377795598925
TOMM70,0.75,4,2,0.5,0.520151045,0.5184456005
TP53BP2,0.75,4,2,0.5,0.5605868700000001,0.529244288075
TPRN,0.75,4,2,0.5,0.4886167505447398,0.4898369402750014
TRIM15,0.75,4,2,0.5,0.547313495,0.5181422300194191
TRIM24,0.75,4,2,0.5,0.803849475,0.7213557475000001
TRIM28,0.75,4,2,0.5,0.8659477,0.7362195675000001
TSSK4,0.75,4,2,0.5,0.7058955149999999,0.643261725
TTLL7,0.75,4,2,0.5,0.695144595,0.59642668625
TUBA8,0.75,4,2,0.5,0.7722014500000001,0.671709785
UBASH3B,0.75,4,2,0.5,0.68414171,0.6682262425000001
UBE4A,0.75,4,2,0.5,0.74941133,0.674078445
UBN1,0.75,4,2,0.5,0.586526865,0.547684619
UGT1A6,0.75,4,2,0.5,0.84860872,0.83855465
UNC5D,0.75,4,2,0.5,0.580125235,0.537933207795175
UROC1,0.75,4,2,0.5,0.55951412,0.5234833635
USF1,0.75,4,2,0.5,0.6603371,0.6472246025
USP12,0.75,4,2,0.5,0.79579782,0.63585996753375
VEGFC,0.75,4,2,0.5,0.55847642,0.569250735
WASHC2A,0.75,4,2,0.5,0.56803329,0.5318434712921652
WDR86,0.75,4,2,0.5,0.4893125295,0.49250127729676074
WDR88,0.75,4,2,0.5,0.7350606799999999,0.626154193
WIZ,0.75,4,2,0.5,0.44787554257503,0.47181030514932754
XAB2,0.75,4,2,0.5,0.611348525,0.5534957309738128
ZBTB25,0.75,4,2,0.5,0.44162950015,0.46754253262632506
ZFP69,0.75,4,2,0.5,0.634746065,0.5659591555
ZFYVE1,0.75,4,2,0.5,0.4619009229599325,0.4697441117149479
ZNF157,0.75,4,2,0.5,0.57179744,0.5204303167825
ZNF266,0.75,4,2,0.5,0.37665572174514,0.436156572246275
ZNF275,0.75,4,2,0.5,0.49211095715590003,0.49391844370260246
ZNF280A,0.75,4,2,0.5,0.731758895,0.6153257897500001
ZNF280C,0.75,4,2,0.5,0.63721845,0.5944132975
ZNF330,0.75,4,2,0.5,0.83426468,0.796958955
ZNF33B,0.75,4,2,0.5,0.84271205,0.67465443925
ZNF425,0.75,4,2,0.5,0.654398815,0.623793925
ZNF554,0.75,4,2,0.5,0.575933865,0.5354415538275
ZNF555,0.75,4,2,0.5,0.7367405,0.6158744610545
ZNF585B,0.75,4,2,0.5,0.69091185,0.645738565
ZNF668,0.75,4,2,0.5,0.47787026395035004,0.4868021895502435
ZNF680,0.75,4,2,0.5,0.8632128800000001,0.681483521625
ZNF74,0.75,4,2,0.5,0.4924891615,0.49004734251643994
ZNF786,0.75,4,2,0.5,0.8458246899999999,0.66160509286995
ZNF835,0.75,4,2,0.5,0.6450545649999999,0.5704277142199999
ZRSR2,0.75,4,2,0.5,0.434522393,0.464185871521378
ZSCAN2,0.75,4,2,0.5,0.8079291749999999,0.7440208875000001
AASS,0.75,5,2,0.4,0.62100655,0.658048972
ABCD1,0.75,5,2,0.4,0.059764512,0.38790987292719314
ABL2,0.75,5,2,0.4,0.72948164,0.58861091
AC006059.2,0.75,5,2,0.4,0.15191302,0.4264953056258
ACADM,0.75,5,2,0.4,0.5783429,0.666541064
ACCS,0.75,5,2,0.4,0.6262028,0.54886788470944
ACKR2,0.75,5,2,0.4,0.11878816,0.418680683108
ACP4,0.75,5,2,0.4,0.3387256,0.51425059179125
ACTA2,0.75,5,2,0.4,0.6626082,0.5778554667539401
ACTN4,0.75,5,2,0.4,0.6536993,0.5058199580616992
ADAMTS13,0.75,5,2,0.4,0.32292074,0.513658190038466
ADAMTS15,0.75,5,2,0.4,0.12780185,0.43899079809503394
ADAMTS17,0.75,5,2,0.4,0.42667812,0.44534676915340005
AFF3,0.75,5,2,0.4,0.67689806,0.5298908117492
AIDA,0.75,5,2,0.4,0.6620996,0.5287307563402095
ALDH1L1,0.75,5,2,0.4,0.34571615,0.45313287017989595
ALOX15B,0.75,5,2,0.4,0.67468333,0.683813456
AMBRA1,0.75,5,2,0.4,0.44981495,0.5624325105154482
AMER3,0.75,5,2,0.4,0.635039,0.520608584
ANKRD26,0.75,5,2,0.4,0.6160842,0.5166583267964354
ATCAY,0.75,5,2,0.4,0.09769438,0.4187216961
ATF6B,0.75,5,2,0.4,0.18252988,0.43085478278834594
ATP1A2,0.75,5,2,0.4,0.2696107,0.471070376
BCL2L13,0.75,5,2,0.4,0.6948809,0.5359066580808001
BMP2K,0.75,5,2,0.4,0.000669868,0.39101357322212
BPIFC,0.75,5,2,0.4,0.0020974004,0.3951962412446236
BRF2,0.75,5,2,0.4,9.149097e-08,0.3904166383330871
BRSK1,0.75,5,2,0.4,0.5171944,0.5051279218120001
C1orf116,0.75,5,2,0.4,0.0312977,0.3810848065468
CACNA2D2,0.75,5,2,0.4,0.0007072176,0.3959119310655184
CALR3,0.75,5,2,0.4,0.17120165,0.412927178
CAVIN2,0.75,5,2,0.4,0.7101911,0.53458649156
CCDC180,0.75,5,2,0.4,0.1881997,0.43120540441732
CCDC93,0.75,5,2,0.4,0.716888,0.618101376
CCT2,0.75,5,2,0.4,0.7386136,0.6705849704
CD36,0.75,5,2,0.4,0.6197212,0.5578409174
CD6,0.75,5,2,0.4,0.19535595,0.4197551568820904
CDADC1,0.75,5,2,0.4,0.6295323,0.70979672
CDH26,0.75,5,2,0.4,0.46046594,0.532992091
CDKL1,0.75,5,2,0.4,0.003411767,0.3869454812841302
CENPJ,0.75,5,2,0.4,0.5233844,0.503787818044
CEP131,0.75,5,2,0.4,5.823506e-07,0.39000715530918584
CEP295,0.75,5,2,0.4,1.6887439e-06,0.3951121384589046
CFAP100,0.75,5,2,0.4,0.671959,0.76635417
CFAP206,0.75,5,2,0.4,0.5666178,0.5757513560003424
CFAP65,0.75,5,2,0.4,0.70880514,0.722681962
CFAP91,0.75,5,2,0.4,0.42722538,0.53080371752
CHD4,0.75,5,2,0.4,0.7307126,0.6218321829200001
CIDEA,0.75,5,2,0.4,0.35602084,0.4748747556
CLOCK,0.75,5,2,0.4,0.65153146,0.5838311774
CNGA2,0.75,5,2,0.4,0.66709614,0.5462924923454
CPA1,0.75,5,2,0.4,0.6441963,0.612548325702
CPN2,0.75,5,2,0.4,0.18029158,0.40729493308548925
CPO,0.75,5,2,0.4,0.004051589,0.384786902767439
CPSF6,0.75,5,2,0.4,0.33304203,0.45176621061199995
CYP17A1,0.75,5,2,0.4,0.23868926,0.4869256694
CYP27B1,0.75,5,2,0.4,0.5980899,0.6995142320000001
CYP8B1,0.75,5,2,0.4,0.5507319,0.5807578122
DAXX,0.75,5,2,0.4,0.2230171,0.43904816699
DCAF1,0.75,5,2,0.4,0.18659836,0.41870707838294063
DCLK3,0.75,5,2,0.4,0.7452193,0.729176664
DDX4,0.75,5,2,0.4,0.39291555,0.5308151482725547
DGKZ,0.75,5,2,0.4,0.60879916,0.5183600966014953
DHX35,0.75,5,2,0.4,0.64594215,0.542501804
DIAPH3,0.75,5,2,0.4,0.629984,0.52065775362819
DKK2,0.75,5,2,0.4,0.08837655,0.411741527842
DMRTB1,0.75,5,2,0.4,0.19814025,0.432712523834463
EDEM3,0.75,5,2,0.4,0.7247854,0.7687801679999999
EPB42,0.75,5,2,0.4,0.59232277,0.49640740066378
EPHA6,0.75,5,2,0.4,0.35099483,0.4838164414
ERC2,0.75,5,2,0.4,0.6657263,0.6403071060000001
ESRP2,0.75,5,2,0.4,7.24217e-07,0.39431419582901855
FAN1,0.75,5,2,0.4,0.74394816,0.6547064631199999
FBXO22,0.75,5,2,0.4,0.67885983,0.49911109128
FBXW7,0.75,5,2,0.4,0.7250738,0.607881482
FCHO2,0.75,5,2,0.4,0.53428227,0.48921391123931296
FOXJ2,0.75,5,2,0.4,0.5624056,0.64627214
G3BP1,0.75,5,2,0.4,0.5073402,0.632266584
GALNT15,0.75,5,2,0.4,0.69774586,0.5897619439999999
GALNT6,0.75,5,2,0.4,0.6580746,0.5660438902810602
GATM,0.75,5,2,0.4,0.18674155,0.40228903726140003
GCNT3,0.75,5,2,0.4,0.6012221,0.4999564685353796
GJA1,0.75,5,2,0.4,0.3865141,0.5088959710000001
GLDC,0.75,5,2,0.4,0.20560032,0.3569791997114426
GLUL,0.75,5,2,0.4,0.5921768,0.6421763460000001
GRPR,0.75,5,2,0.4,0.07329486,0.40924485232692964
HCN3,0.75,5,2,0.4,0.6056028,0.5150379345328455
HEATR3,0.75,5,2,0.4,0.056490697,0.406192347767844
HGSNAT,0.75,5,2,0.4,0.43238392,0.5053118636988
HHIPL1,0.75,5,2,0.4,0.06778681,0.387828115732
HK2,0.75,5,2,0.4,0.6575725,0.520495863299
HPS3,0.75,5,2,0.4,0.7433549,0.62882348
HPSE,0.75,5,2,0.4,0.48629737,0.49644067620000004
HSP90AB1,0.75,5,2,0.4,0.647531,0.708877074
HSPA6,0.75,5,2,0.4,0.08247054,0.397241962706
HTR1D,0.75,5,2,0.4,0.36149552,0.4634736381732475
HYAL4,0.75,5,2,0.4,0.49652606,0.56899318
IDE,0.75,5,2,0.4,0.7418527,0.63672883912
IFT80,0.75,5,2,0.4,0.69074166,0.57521043786167
IL1R2,0.75,5,2,0.4,0.68206793,0.78201404
IL26,0.75,5,2,0.4,0.70122594,0.6013547778439999
IWS1,0.75,5,2,0.4,0.56529635,0.5313539766727
JAKMIP3,0.75,5,2,0.4,0.10434026,0.41257648708475586
JPH2,0.75,5,2,0.4,0.69523996,0.5374891495603368
KCNH8,0.75,5,2,0.4,0.56940883,0.625296578
KCNJ3,0.75,5,2,0.4,0.72846675,0.5779291195167999
KCTD9,0.75,5,2,0.4,0.47773418,0.5266781113400001
KIF15,0.75,5,2,0.4,0.53524274,0.49887608774
KIF19,0.75,5,2,0.4,0.17097075,0.43077994305554357
KIF1A,0.75,5,2,0.4,0.00043853628,0.3627515524212585
KIF9,0.75,5,2,0.4,0.7147985,0.5746694821213201
KLK6,0.75,5,2,0.4,2.8606737e-05,0.3931545721178654
KNL1,0.75,5,2,0.4,0.3324251,0.50865868
KRT72,0.75,5,2,0.4,0.09922512,0.4167324292222448
KRT82,0.75,5,2,0.4,0.3880289,0.573420298
LGI2,0.75,5,2,0.4,0.016722908,0.387580442258
LMO7,0.75,5,2,0.4,0.009776746,0.3905571666801348
LNPEP,0.75,5,2,0.4,0.64601886,0.649778968
LONRF3,0.75,5,2,0.4,0.0009873976,0.3793335407239406
LOXL3,0.75,5,2,0.4,0.05657909,0.4028073034460208
LY9,0.75,5,2,0.4,0.36134866,0.48510507599999997
MAB21L3,0.75,5,2,0.4,0.6958474,0.58232604566
MAN2A2,0.75,5,2,0.4,0.48528323,0.645700492
MAP1S,0.75,5,2,0.4,1.592673e-08,0.3670610333836538
MAP4K3,0.75,5,2,0.4,0.3709927,0.51539529978735
MCF2,0.75,5,2,0.4,0.0010346017,0.37770339601860636
MEGF10,0.75,5,2,0.4,0.72423756,0.56079990062
MERTK,0.75,5,2,0.4,0.6445131,0.595128683178
MFRP,0.75,5,2,0.4,0.62351567,0.5946806574410706
MINAR1,0.75,5,2,0.4,0.592126,0.5460113339999999
MORC4,0.75,5,2,0.4,0.30122522,0.46065142640024453
MOV10,0.75,5,2,0.4,0.54242206,0.5293981420220372
MOXD1,0.75,5,2,0.4,0.17847405,0.39505285062
MRGPRE,0.75,5,2,0.4,8.223123e-09,0.36027174227915715
MUC6,0.75,5,2,0.4,0.5746066,0.573797332070144
MYLIP,0.75,5,2,0.4,0.4057645,0.4682854334682374
MYO1H,0.75,5,2,0.4,0.6216908,0.53659337286202
MYPN,0.75,5,2,0.4,0.6881923,0.5707346337382
NAA25,0.75,5,2,0.4,0.56205463,0.5325834443399999
NCOR2,0.75,5,2,0.4,0.23985554,0.44144301904872485
NEK1,0.75,5,2,0.4,0.007993762,0.3927174381
NHLRC2,0.75,5,2,0.4,0.6661922,0.530890609545136
NLRP14,0.75,5,2,0.4,0.18752603,0.47799981220000004
NMT2,0.75,5,2,0.4,0.40458918,0.435199598648358
NPC1,0.75,5,2,0.4,0.3957441,0.550290246
NRCAM,0.75,5,2,0.4,0.5378286,0.50962714496
NRDE2,0.75,5,2,0.4,0.012829546,0.37218185413858457
NSUN2,0.75,5,2,0.4,0.37277833,0.5324539692
NT5C1B,0.75,5,2,0.4,8.1781866e-07,0.3609904383717401
NUP160,0.75,5,2,0.4,0.52124745,0.530319074
OR10AG1,0.75,5,2,0.4,0.34065357,0.47399526382
OR1J1,0.75,5,2,0.4,0.50732654,0.4820357001914114
OR51M1,0.75,5,2,0.4,0.7496013,0.671099052
OR52E4,0.75,5,2,0.4,0.66988593,0.646695704
OR6K2,0.75,5,2,0.4,0.54054356,0.513787174
OR8K1,0.75,5,2,0.4,0.7278198,0.59358560042
OTOP1,0.75,5,2,0.4,0.0019044707,0.3919685237174
PADI3,0.75,5,2,0.4,0.15515561,0.41615257908128045
PDE8B,0.75,5,2,0.4,0.47122252,0.5516814412748774
PDP1,0.75,5,2,0.4,0.69396347,0.534993164033822
PERP,0.75,5,2,0.4,0.7474338,0.5188939924913614
PHF20L1,0.75,5,2,0.4,0.53836036,0.588180484
PHLPP2,0.75,5,2,0.4,0.6757375,0.5824491044
PHYHIP,0.75,5,2,0.4,0.67038697,0.53046365153326
PIR,0.75,5,2,0.4,0.656188,0.5593293
PLA2G4D,0.75,5,2,0.4,0.59235936,0.49768159506054194
PLBD2,0.75,5,2,0.4,0.6245298,0.5723695207766804
PLEKHG5,0.75,5,2,0.4,0.6366054,0.5476664120497595
PLS1,0.75,5,2,0.4,0.61902475,0.673592586
PPP2R5B,0.75,5,2,0.4,0.6723959,0.5856758032
PPP4R3A,0.75,5,2,0.4,0.58908427,0.5053673153259235
PRKCA,0.75,5,2,0.4,0.023567265,0.3688514736200946
PRPF4,0.75,5,2,0.4,0.17006958,0.430434803344
PTER,0.75,5,2,0.4,0.051053785,0.36676668689999997
PUS7,0.75,5,2,0.4,0.24766968,0.47038400659999996
RASAL2,0.75,5,2,0.4,0.5303218,0.535205994
RBBP8,0.75,5,2,0.4,0.7450922,0.675099378
RFPL2,0.75,5,2,0.4,0.21658663,0.4397643887243576
RGL4,0.75,5,2,0.4,0.045656297,0.3906525871327424
RPS6KA3,0.75,5,2,0.4,0.32960546,0.523064262
RRP1B,0.75,5,2,0.4,0.530356,0.5610828201081853
RSPH6A,0.75,5,2,0.4,0.6516167,0.49153858819999996
RUBCN,0.75,5,2,0.4,0.6626514,0.5223579444317601
SALL3,0.75,5,2,0.4,6.0356257e-07,0.37323085907776954
SAMD4B,0.75,5,2,0.4,0.73429775,0.648710982
SCAPER,0.75,5,2,0.4,0.31227523,0.49466334126
SCNN1A,0.75,5,2,0.4,0.47759366,0.60783397
SCUBE1,0.75,5,2,0.4,0.70689446,0.6364387579999999
SCYL1,0.75,5,2,0.4,0.4998166,0.546653565085508
SEC24A,0.75,5,2,0.4,0.24981971,0.4650758752
SELE,0.75,5,2,0.4,0.62015337,0.6312986
SENP1,0.75,5,2,0.4,0.20279364,0.4328303500443621
SENP5,0.75,5,2,0.4,0.6258026,0.64023792566454
SERPINB7,0.75,5,2,0.4,0.5791564,0.5744166159999999
SETD1A,0.75,5,2,0.4,0.26487368,0.438893035696419
SGSM1,0.75,5,2,0.4,0.19796123,0.41261231597328807
SH2D4A,0.75,5,2,0.4,0.6265716,0.5737999699999999
SIN3A,0.75,5,2,0.4,0.0080005,0.344597736895
SLC12A6,0.75,5,2,0.4,0.74436855,0.5991112729717815
SLC26A9,0.75,5,2,0.4,0.38541964,0.49639777008506
SLC45A4,0.75,5,2,0.4,0.29525715,0.452425063401748
SLC46A3,0.75,5,2,0.4,0.18660088,0.42867330201216003
SLF2,0.75,5,2,0.4,0.00060942984,0.3967100467343557
SNX1,0.75,5,2,0.4,0.6962176,0.705380012
SNX14,0.75,5,2,0.4,0.51778316,0.5119668449418165
SNX8,0.75,5,2,0.4,0.17106475,0.4193771373504
SPATA8,0.75,5,2,0.4,0.5185564,0.6311709139999999
SPECC1L,0.75,5,2,0.4,0.47000727,0.4825809188201178
SPNS3,0.75,5,2,0.4,0.44912905,0.593732564
SRSF5,0.75,5,2,0.4,0.0047088414,0.39260554725939245
STAT2,0.75,5,2,0.4,0.24051574,0.49168359400000006
STPG1,0.75,5,2,0.4,0.7340931,0.6550337041400001
SUSD1,0.75,5,2,0.4,0.2826425,0.48613681432
SUSD5,0.75,5,2,0.4,0.63250047,0.63529548
TAB2,0.75,5,2,0.4,0.7300499,0.5280265900861908
TADA3,0.75,5,2,0.4,0.091508284,0.378776894284452
TAF4B,0.75,5,2,0.4,0.5577598,0.5231961061
TBC1D19,0.75,5,2,0.4,0.16585858,0.42771760931265945
TBC1D8B,0.75,5,2,0.4,0.23081908,0.4354135168253892
TBX19,0.75,5,2,0.4,0.29894125,0.49872263199999994
TDP2,0.75,5,2,0.4,0.6388111,0.5537484642083313
TELO2,0.75,5,2,0.4,0.5313818,0.5670977010565168
THADA,0.75,5,2,0.4,0.417429,0.4409539170866646
THNSL1,0.75,5,2,0.4,8.931978e-08,0.3964369778653742
THRA,0.75,5,2,0.4,0.53999466,0.59071368843962
TIGD2,0.75,5,2,0.4,0.61334014,0.513332821996
TNFSF10,0.75,5,2,0.4,0.3835131,0.47665369613999997
TNFSF9,0.75,5,2,0.4,0.029669939,0.3707855598982128
TRABD2A,0.75,5,2,0.4,0.5807979,0.5630342673376479
TRAPPC12,0.75,5,2,0.4,0.6167993,0.4887482558387001
TRERF1,0.75,5,2,0.4,0.35099626,0.49534555790632
TRIM2,0.75,5,2,0.4,0.2525787,0.434412617975252
TRIM29,0.75,5,2,0.4,0.5078274,0.609973846
TRIM62,0.75,5,2,0.4,0.59739137,0.48662719751093597
TRIM7,0.75,5,2,0.4,0.41612202,0.4790455396326895
TSHR,0.75,5,2,0.4,0.36059594,0.46454991646887994
TUT4,0.75,5,2,0.4,0.590775,0.523394724
UBXN11,0.75,5,2,0.4,0.6077988,0.518640372313556
UGGT2,0.75,5,2,0.4,0.49311465,0.493886201333192
UGT1A1,0.75,5,2,0.4,0.48016268,0.4896649668824568
VPS8,0.75,5,2,0.4,0.13317704,0.3789988552068
WASHC5,0.75,5,2,0.4,5.4024525e-08,0.3701352869752741
ZAP70,0.75,5,2,0.4,0.0029915443,0.39158220635450397
ZBTB20,0.75,5,2,0.4,0.48343396,0.47889499252
ZC3H4,0.75,5,2,0.4,0.46126693,0.5334868254
ZDHHC18,0.75,5,2,0.4,0.6719796,0.52870189753687
ZFP28,0.75,5,2,0.4,0.25948733,0.44758063255999997
ZIM3,0.75,5,2,0.4,0.08889499,0.41327901321532
ZNF142,0.75,5,2,0.4,0.21113594,0.4401986425304
ZNF248,0.75,5,2,0.4,0.10499544,0.42264635629722197
ZNF263,0.75,5,2,0.4,0.52189964,0.5479117620049607
ZNF317,0.75,5,2,0.4,0.48307428,0.640149276
ZNF48,0.75,5,2,0.4,0.4873626,0.49017911066035075
ZNF528,0.75,5,2,0.4,0.7252432,0.683799866
ZNF586,0.75,5,2,0.4,0.6334108,0.699451964
ZNF71,0.75,5,2,0.4,0.0011352267,0.39186486007967003
ZNF713,0.75,5,2,0.4,0.6962749,0.5589816387401401
ABCC3,0.75,6,2,0.3333333333333333,0.500957315,0.552622261
ACAP2,0.75,6,2,0.3333333333333333,0.37434319000000005,0.45453891553711384
ADGRF4,0.75,6,2,0.3333333333333333,0.69014117,0.611758292
ADGRL4,0.75,6,2,0.3333333333333333,0.37573314999999996,0.4453510388349333
AMDHD1,0.75,6,2,0.3333333333333333,0.14213061999999999,0.376700666681889
AMFR,0.75,6,2,0.3333333333333333,0.460667735,0.5270637736508833
ARAP3,0.75,6,2,0.3333333333333333,0.24389821447,0.39783640386924995
ARHGAP9,0.75,6,2,0.3333333333333333,0.46396277,0.48156430125
ATP11C,0.75,6,2,0.3333333333333333,0.2856005102425,0.4198342459668214
BAZ1B,0.75,6,2,0.3333333333333333,0.10266649149999998,0.3629060644666667
BRD1,0.75,6,2,0.3333333333333333,0.448398285,0.4798954041665826
C2orf78,0.75,6,2,0.3333333333333333,0.0033839978,0.31597120451883337
CAPN3,0.75,6,2,0.3333333333333333,0.029838837324384998,0.34013940596787995
CBY2,0.75,6,2,0.3333333333333333,0.2632250405,0.39360747226633336
CCR9,0.75,6,2,0.3333333333333333,0.295291405,0.39376709231163326
CD19,0.75,6,2,0.3333333333333333,0.16156796880000002,0.36849999864092003
CD248,0.75,6,2,0.3333333333333333,0.0489164512,0.32280456158651727
CDH8,0.75,6,2,0.3333333333333333,0.255497595,0.3738488191517113
CDKN2A,0.75,6,2,0.3333333333333333,0.16931980998945,0.3868862380731221
CECR2,0.75,6,2,0.3333333333333333,0.008611583669999999,0.32017154811925
CFAP221,0.75,6,2,0.3333333333333333,0.5972673,0.4847136788384205
CLASP2,0.75,6,2,0.3333333333333333,0.15643828,0.38397282417954876
CRLF2,0.75,6,2,0.3333333333333333,0.3625584219271,0.4026254409028116
CSPG4,0.75,6,2,0.3333333333333333,0.0594646735,0.34396435867100417
DCN,0.75,6,2,0.3333333333333333,0.24063075,0.43017108433333334
DCX,0.75,6,2,0.3333333333333333,0.47527027,0.5748407183333334
DENND6A,0.75,6,2,0.3333333333333333,0.37381398499999996,0.4536775645583333
DSG1,0.75,6,2,0.3333333333333333,0.51719865,0.5860526983333333
DYRK2,0.75,6,2,0.3333333333333333,0.63991305,0.6464792678689361
EGFL6,0.75,6,2,0.3333333333333333,0.021305485511000002,0.3315549501763111
ELL2,0.75,6,2,0.3333333333333333,0.57299112,0.5453544625
FAM90A1,0.75,6,2,0.3333333333333333,0.16815463,0.36291423248345
FAM91A1,0.75,6,2,0.3333333333333333,0.3252196945,0.4384995406670525
FILIP1L,0.75,6,2,0.3333333333333333,0.14159881,0.34043649904333334
FPR2,0.75,6,2,0.3333333333333333,0.595279935,0.6574044666666666
FST,0.75,6,2,0.3333333333333333,0.48641915999999996,0.5035285826163133
FUT1,0.75,6,2,0.3333333333333333,0.16362714145,0.3839978862610836
GALNT2,0.75,6,2,0.3333333333333333,0.692819665,0.6848051633333333
GBF1,0.75,6,2,0.3333333333333333,0.440480985,0.46127662345000003
GPR4,0.75,6,2,0.3333333333333333,0.6454248,0.6265744158381433
GRIP2,0.75,6,2,0.3333333333333333,0.300341035,0.40611581091189497
HAL,0.75,6,2,0.3333333333333333,0.58017269,0.5344911711333333
HCRTR2,0.75,6,2,0.3333333333333333,0.685029655,0.6568767497166667
HIP1,0.75,6,2,0.3333333333333333,0.630787415,0.602116505
HTR7,0.75,6,2,0.3333333333333333,0.24361236091862,0.41128187003685707
IGSF11,0.75,6,2,0.3333333333333333,0.34778200000000004,0.39098116368999997
INTS2,0.75,6,2,0.3333333333333333,0.04589743225,0.3353163156492367
ISLR2,0.75,6,2,0.3333333333333333,0.33110028211893,0.4229476918323201
ITGA3,0.75,6,2,0.3333333333333333,0.28835049150000003,0.4128214252026667
ITIH4,0.75,6,2,0.3333333333333333,0.37268264500000003,0.45466611333518175
KCNQ2,0.75,6,2,0.3333333333333333,0.3013811655173,0.42694084546497296
KDM6A,0.75,6,2,0.3333333333333333,2.2014252841475002e-06,0.32507811214235854
KRT19,0.75,6,2,0.3333333333333333,0.556227135,0.5035553244040738
KRT38,0.75,6,2,0.3333333333333333,0.18819252,0.3863502815346474
KRTAP10-8,0.75,6,2,0.3333333333333333,0.426895645,0.4762277768975
L1TD1,0.75,6,2,0.3333333333333333,0.323618515,0.43529742722727766
LAMC3,0.75,6,2,0.3333333333333333,0.470549025,0.4994930389159013
LEKR1,0.75,6,2,0.3333333333333333,0.17997393325,0.35988202103361666
LMOD2,0.75,6,2,0.3333333333333333,0.2773704325,0.4216874289547525
MAP3K12,0.75,6,2,0.3333333333333333,0.14809818,0.37301867595000004
MAP3K15,0.75,6,2,0.3333333333333333,0.006284129124295,0.31547754402855827
MAP3K3,0.75,6,2,0.3333333333333333,0.54593199,0.543167643
MAP3K7,0.75,6,2,0.3333333333333333,0.7016032750000001,0.61709158711
MAST3,0.75,6,2,0.3333333333333333,0.6163396999999999,0.5648971952466667
MMP13,0.75,6,2,0.3333333333333333,0.52058518,0.6228615350000001
MRGPRX3,0.75,6,2,0.3333333333333333,0.39120617,0.48952335336062275
NAALAD2,0.75,6,2,0.3333333333333333,0.41479881500000004,0.47025425583333336
NBEAL2,0.75,6,2,0.3333333333333333,0.00037642832586,0.3116774438653915
NCAPD3,0.75,6,2,0.3333333333333333,0.6361926250000001,0.5613293485
NFATC4,0.75,6,2,0.3333333333333333,0.29124090612935,0.4155194941459186
NOS3,0.75,6,2,0.3333333333333333,0.21990388,0.396487222397987
ODF2L,0.75,6,2,0.3333333333333333,0.236826475,0.3787834085
OGG1,0.75,6,2,0.3333333333333333,0.334364977,0.4213096691796452
OPHN1,0.75,6,2,0.3333333333333333,0.24931132,0.42532918933333336
OR51G1,0.75,6,2,0.3333333333333333,0.43738089,0.4422680737983333
OR8I2,0.75,6,2,0.3333333333333333,0.608929075,0.5886386917499999
P2RY8,0.75,6,2,0.3333333333333333,0.46476855000000006,0.5359868616666666
PARP1,0.75,6,2,0.3333333333333333,0.437213725,0.47123249608
PCDHGA4,0.75,6,2,0.3333333333333333,0.312203495,0.4592692763187925
PCM1,0.75,6,2,0.3333333333333333,0.26859141098927497,0.4091850655818268
PGBD1,0.75,6,2,0.3333333333333333,0.491459835,0.5689410824863333
PHKA1,0.75,6,2,0.3333333333333333,0.000256546985,0.3264614098762167
PITPNM3,0.75,6,2,0.3333333333333333,0.3664034815,0.42647034889616275
PLEKHH2,0.75,6,2,0.3333333333333333,0.00061418535,0.32999278962117173
PLXNB1,0.75,6,2,0.3333333333333333,0.0913132995,0.3581394165436557
PRICKLE3,0.75,6,2,0.3333333333333333,0.165050771775,0.3794457323931096
PRKAG3,0.75,6,2,0.3333333333333333,0.00578986915,0.3294588709633333
PWWP3B,0.75,6,2,0.3333333333333333,0.003423000285,0.31411955245576667
ROR2,0.75,6,2,0.3333333333333333,0.40347142999999996,0.46496872977369036
RTKN2,0.75,6,2,0.3333333333333333,0.00271335185,0.3137012390835383
SBF1,0.75,6,2,0.3333333333333333,0.09325030449999999,0.35883156420681533
SDS,0.75,6,2,0.3333333333333333,0.5012518499999999,0.54690541
SLC11A1,0.75,6,2,0.3333333333333333,0.360448865,0.42630357811883335
SLC16A5,0.75,6,2,0.3333333333333333,0.6338601500000001,0.635890301
SLC6A17,0.75,6,2,0.3333333333333333,0.32999459,0.43294007378118
SMAD1,0.75,6,2,0.3333333333333333,0.28453291195,0.4252894583310298
SMYD3,0.75,6,2,0.3333333333333333,0.22182235,0.3985734290833333
SNX13,0.75,6,2,0.3333333333333333,0.51173691,0.5002752679825734
SOX9,0.75,6,2,0.3333333333333333,0.407921015,0.444063676719048
SPAG4,0.75,6,2,0.3333333333333333,0.204945075,0.40952995095743794
SYTL2,0.75,6,2,0.3333333333333333,0.37969915,0.542817295
TANC2,0.75,6,2,0.3333333333333333,0.53285306,0.55786751605
TAT,0.75,6,2,0.3333333333333333,0.32627167,0.45841419619999996
TCF7L2,0.75,6,2,0.3333333333333333,0.34997641999999995,0.4176928585988073
TGM5,0.75,6,2,0.3333333333333333,0.6605171000000001,0.542810444764
UNC5C,0.75,6,2,0.3333333333333333,0.57068485,0.5783628521666667
USP20,0.75,6,2,0.3333333333333333,0.14435511650000002,0.3682364280573358
USP32,0.75,6,2,0.3333333333333333,0.2853613,0.4407319983333333
VWA3A,0.75,6,2,0.3333333333333333,0.206483875,0.3831213279343833
WDR13,0.75,6,2,0.3333333333333333,0.3033588091746,0.42582902473100925
WDR90,0.75,6,2,0.3333333333333333,0.54468993,0.49026712362723335
YLPM1,0.75,6,2,0.3333333333333333,0.00143883853,0.32589072573544664
ZMAT4,0.75,6,2,0.3333333333333333,0.2129917915,0.4003972028416261
ZNF626,0.75,6,2,0.3333333333333333,0.155184305,0.35869669542816524
ZSCAN1,0.75,6,2,0.3333333333333333,0.51834495,0.5742055966666667
ZSCAN5A,0.75,6,2,0.3333333333333333,0.514269285,0.5272101151511954
ABCA2,0.75,7,2,0.2857142857142857,0.06779085,0.37579762236487557
ADAMTSL3,0.75,7,2,0.2857142857142857,0.39517644,0.49480584714285714
BCAM,0.75,7,2,0.2857142857142857,0.0007645575,0.3413978064618929
CHRM3,0.75,7,2,0.2857142857142857,0.0774746,0.3627970493628571
CPSF1,0.75,7,2,0.2857142857142857,8.477765e-05,0.33355481393740044
CUL2,0.75,7,2,0.2857142857142857,0.2523895,0.4078701397271428
CYP2A13,0.75,7,2,0.2857142857142857,0.26978892,0.4368459557227532
EGR2,0.75,7,2,0.2857142857142857,0.33516026,0.35568864935725714
EMC1,0.75,7,2,0.2857142857142857,0.36754477,0.4473563045714286
EMSY,0.75,7,2,0.2857142857142857,0.19767714,0.4083008071428571
FOXR2,0.75,7,2,0.2857142857142857,4.0682817e-12,0.27035045285822035
GZMB,0.75,7,2,0.2857142857142857,0.0001836061,0.2910398805208145
ILF3,0.75,7,2,0.2857142857142857,0.5417376,0.5099372654285714
JPH1,0.75,7,2,0.2857142857142857,0.0017774268,0.35078343786888044
KCNG1,0.75,7,2,0.2857142857142857,6.0198607e-05,0.30127923027339437
KIAA1614,0.75,7,2,0.2857142857142857,0.38046458,0.40430796153330145
KIF5C,0.75,7,2,0.2857142857142857,1.6065205e-06,0.36888575445409855
KLF17,0.75,7,2,0.2857142857142857,0.52809954,0.5151386869080142
LAMA4,0.75,7,2,0.2857142857142857,0.21664147,0.39263807448628185
MCM3,0.75,7,2,0.2857142857142857,0.61748904,0.53535016788
MORC2,0.75,7,2,0.2857142857142857,3.3435148e-07,0.3688373129950301
MTCL1,0.75,7,2,0.2857142857142857,0.078894906,0.35090375592356143
MYO9B,0.75,7,2,0.2857142857142857,0.32975292,0.4022720722042857
NAV1,0.75,7,2,0.2857142857142857,0.47927532,0.5123031018399999
NAV3,0.75,7,2,0.2857142857142857,0.29259405,0.4079013148
NCAM1,0.75,7,2,0.2857142857142857,0.3328284,0.3697007451344005
NEBL,0.75,7,2,0.2857142857142857,0.15489992,0.4053220780420187
NMUR2,0.75,7,2,0.2857142857142857,0.1979402,0.39821138406424045
NRXN2,0.75,7,2,0.2857142857142857,0.44349995,0.47438986637419545
NUP210,0.75,7,2,0.2857142857142857,0.0022806756,0.30886672770406437
OR4D5,0.75,7,2,0.2857142857142857,0.47599864,0.5216830125714286
OR5I1,0.75,7,2,0.2857142857142857,0.42139694,0.4039166148249782
P2RY4,0.75,7,2,0.2857142857142857,0.00026170933,0.2850701360131707
PAK5,0.75,7,2,0.2857142857142857,0.5857461,0.45345374163848856
PLCB2,0.75,7,2,0.2857142857142857,0.21177667,0.34755504810803656
PRDM10,0.75,7,2,0.2857142857142857,0.5390154,0.4753446272565229
PRSS36,0.75,7,2,0.2857142857142857,1.6160311e-05,0.2831324021804468
PYGM,0.75,7,2,0.2857142857142857,0.3332194,0.4607736934718357
RPL32,0.75,7,2,0.2857142857142857,0.6348592,0.47637494812857145
SASH1,0.75,7,2,0.2857142857142857,0.016750647,0.36889642617736573
SGSM2,0.75,7,2,0.2857142857142857,0.020337008,0.32975926743782036
SLC35G3,0.75,7,2,0.2857142857142857,0.30079088,0.43284982914285713
SLC6A14,0.75,7,2,0.2857142857142857,1.4074182e-07,0.3388802772711939
SLC6A19,0.75,7,2,0.2857142857142857,0.6537254,0.6500555028571429
SP1,0.75,7,2,0.2857142857142857,0.6489356,0.62585916
TET3,0.75,7,2,0.2857142857142857,1.5240417e-06,0.27234937487596866
TMC1,0.75,7,2,0.2857142857142857,0.5449766,0.4421558301741421
TMC2,0.75,7,2,0.2857142857142857,0.037894823,0.3438266369157143
TMEM132E,0.75,7,2,0.2857142857142857,0.06484123,0.3308162621356089
TRAK1,0.75,7,2,0.2857142857142857,0.24833,0.35059053855714284
UNC13A,0.75,7,2,0.2857142857142857,0.0009891787,0.312787777199103
USP15,0.75,7,2,0.2857142857142857,0.31331405,0.42750715565142855
VWCE,0.75,7,2,0.2857142857142857,8.023129e-08,0.27184992282981724
WDR44,0.75,7,2,0.2857142857142857,0.0002753371,0.28839798004104883
AGRN,0.75,8,2,0.25,0.15401917199999998,0.3692193339283539
AL353804.7,0.75,8,2,0.25,0.66485695,0.527926158710625
ASTN2,0.75,8,2,0.25,0.039538923865,0.302480975331316
BBS9,0.75,8,2,0.25,0.437767615,0.45835665881295373
CAPN1,0.75,8,2,0.25,0.510832335,0.4996208850844738
DLGAP2,0.75,8,2,0.25,2.04394765e-07,0.22670721003057137
EIF4G1,0.75,8,2,0.25,0.17603881,0.32156197488523836
F9,0.75,8,2,0.25,4.9269692349999994e-08,0.21358285882634118
FNDC3B,0.75,8,2,0.25,0.3445671,0.39727805563720864
HERC1,0.75,8,2,0.25,0.178418456,0.35172529961696863
KDM6B,0.75,8,2,0.25,0.1497146087,0.34880132871260416
MAGEB4,0.75,8,2,0.25,0.18595379499999998,0.3049314318099784
NELL1,0.75,8,2,0.25,0.2625341305,0.38799625030616003
NIN,0.75,8,2,0.25,0.34271393,0.41977016056420874
NTRK3,0.75,8,2,0.25,0.45441207,0.4552515132412651
PDCD11,0.75,8,2,0.25,0.004483665249999999,0.2691198748491375
PHLPP1,0.75,8,2,0.25,0.6205346,0.55310061925
PLA2G4A,0.75,8,2,0.25,0.551131585,0.535011162645
PNPLA7,0.75,8,2,0.25,3.2349693999999997e-07,0.23216921995849138
RASGRF1,0.75,8,2,0.25,0.593948395,0.52065769601
SI,0.75,8,2,0.25,0.55990405,0.582879425
SLC39A12,0.75,8,2,0.25,6.25336192e-07,0.30690103516599004
SORCS1,0.75,8,2,0.25,7.0656513e-06,0.25144042975800374
TBC1D1,0.75,8,2,0.25,0.344298465,0.437106887
TICRR,0.75,8,2,0.25,1.83561963e-07,0.3163336482175108
TNKS2,0.75,8,2,0.25,0.46896420000000005,0.4601572638015583
TNXB,0.75,8,2,0.25,0.09270654275,0.35448642301508126
UBR5,0.75,8,2,0.25,0.44637368,0.4872582253690855
ZNF516,0.75,8,2,0.25,0.26176775950000003,0.38590470089107604
ATM,0.75,9,2,0.2222222222222222,0.2710689,0.41531879171111113
CACNA1G,0.75,9,2,0.2222222222222222,0.00017893512,0.2960666421171111
CCSER1,0.75,9,2,0.2222222222222222,0.046301227,0.3292413953614111
CCT8L2,0.75,9,2,0.2222222222222222,0.3099277,0.40526848073962524
CELSR2,0.75,9,2,0.2222222222222222,0.20871338,0.36051833226033014
CPZ,0.75,9,2,0.2222222222222222,0.5076319,0.44033906411191664
FNDC1,0.75,9,2,0.2222222222222222,0.39032224,0.37457797136552234
GAA,0.75,9,2,0.2222222222222222,0.35131812,0.40003068825063753
GMIP,0.75,9,2,0.2222222222222222,0.00013009558,0.22062659264312112
HIRA,0.75,9,2,0.2222222222222222,0.49206978,0.4324845024968511
INSRR,0.75,9,2,0.2222222222222222,0.116672255,0.274296574238269
KIT,0.75,9,2,0.2222222222222222,0.5366639,0.4903862414978019
MAPKBP1,0.75,9,2,0.2222222222222222,0.43873316,0.5242854011111111
PCSK5,0.75,9,2,0.2222222222222222,0.082126975,0.3635926601167769
SORCS2,0.75,9,2,0.2222222222222222,5.760882e-07,0.2678129613981111
SORL1,0.75,9,2,0.2222222222222222,0.29256842,0.4264744428111111
SPTBN4,0.75,9,2,0.2222222222222222,7.2517486e-07,0.2921232304000662
CHRNB4,0.75,10,2,0.2,0.035412213,0.2782767831827084
DISP3,0.75,10,2,0.2,4.43982703e-05,0.28434730732137414
THSD4,0.75,10,2,0.2,0.296131405,0.378833014201973
TSPEAR,0.75,10,2,0.2,0.34793279,0.38690637371529274
ALPG,0.75,11,2,0.18181818181818182,0.012586436,0.22872864936955822
CFAP74,0.75,12,2,0.16666666666666666,0.21161316,0.27828690286275054
AAMDC,0.75,1,1,1.0,0.8174227,0.8174227
AAR2,0.75,1,1,1.0,0.98864776,0.98864776
ABCB9,0.75,1,1,1.0,0.96312004,0.96312004
ABCD4,0.75,1,1,1.0,0.98832345,0.98832345
ABHD1,0.75,1,1,1.0,0.97793764,0.97793764
ABHD15,0.75,1,1,1.0,0.8967289,0.8967289
ABHD2,0.75,1,1,1.0,0.9649979,0.9649979
ABHD3,0.75,1,1,1.0,0.81798196,0.81798196
ABLIM1,0.75,1,1,1.0,0.861075,0.861075
AC004997.1,0.75,1,1,1.0,0.9810651,0.9810651
AC008764.4,0.75,1,1,1.0,0.990827,0.990827
AC025165.3,0.75,1,1,1.0,0.99140877,0.99140877
AC093246.1,0.75,1,1,1.0,0.98107105,0.98107105
AC131160.1,0.75,1,1,1.0,0.99109113,0.99109113
AC139530.2,0.75,1,1,1.0,0.98010296,0.98010296
AC244258.1,0.75,1,1,1.0,0.98601806,0.98601806
AC245748.1,0.75,1,1,1.0,0.99120224,0.99120224
AC245884.12,0.75,1,1,1.0,0.9814031,0.9814031
ACAA2,0.75,1,1,1.0,0.9577611,0.9577611
ACAD8,0.75,1,1,1.0,0.93681085,0.93681085
ACBD4,0.75,1,1,1.0,0.92382294,0.92382294
ACER3,0.75,1,1,1.0,0.9913087,0.9913087
ACKR3,0.75,1,1,1.0,0.9756663,0.9756663
ACOT6,0.75,1,1,1.0,0.9914137,0.9914137
ACP2,0.75,1,1,1.0,0.90789056,0.90789056
ACRBP,0.75,1,1,1.0,0.98160386,0.98160386
ACSS2,0.75,1,1,1.0,0.9913244,0.9913244
ACTC1,0.75,1,1,1.0,0.9332138,0.9332138
ACTG1,0.75,1,1,1.0,0.90289134,0.90289134
ACTL10,0.75,1,1,1.0,0.94889057,0.94889057
ACVR2B,0.75,1,1,1.0,0.9890381,0.9890381
ADAM11,0.75,1,1,1.0,0.99096745,0.99096745
ADAM18,0.75,1,1,1.0,0.99126446,0.99126446
ADAM19,0.75,1,1,1.0,0.9462394,0.9462394
ADAM33,0.75,1,1,1.0,0.8682582,0.8682582
ADAMTSL4,0.75,1,1,1.0,0.99131,0.99131
ADAT2,0.75,1,1,1.0,0.9914936,0.9914936
ADGRE5,0.75,1,1,1.0,0.90390414,0.90390414
ADGRF1,0.75,1,1,1.0,0.9738617,0.9738617
ADGRF2,0.75,1,1,1.0,0.9911049,0.9911049
ADH4,0.75,1,1,1.0,0.9699536,0.9699536
ADI1,0.75,1,1,1.0,0.9866963,0.9866963
ADPRH,0.75,1,1,1.0,0.98063654,0.98063654
ADPRHL1,0.75,1,1,1.0,0.96946377,0.96946377
ADRM1,0.75,1,1,1.0,0.75368035,0.75368035
ADSS2,0.75,1,1,1.0,0.932086,0.932086
AFTPH,0.75,1,1,1.0,0.9273357,0.9273357
AGA,0.75,1,1,1.0,0.99111396,0.99111396
AGAP2,0.75,1,1,1.0,0.7988621,0.7988621
AGBL2,0.75,1,1,1.0,0.9855723,0.9855723
AGK,0.75,1,1,1.0,0.99129045,0.99129045
AGTRAP,0.75,1,1,1.0,0.99103653,0.99103653
AIF1,0.75,1,1,1.0,0.8694986,0.8694986
AIFM3,0.75,1,1,1.0,0.98718125,0.98718125
AK6,0.75,1,1,1.0,0.9901748,0.9901748
AKAP14,0.75,1,1,1.0,0.91157454,0.91157454
AKAP5,0.75,1,1,1.0,0.9810839,0.9810839
AKIRIN2,0.75,1,1,1.0,0.9914983,0.9914983
AKR1C8P,0.75,1,1,1.0,0.9912731,0.9912731
AKR7A2,0.75,1,1,1.0,0.9783011,0.9783011
AL133467.6,0.75,1,1,1.0,0.86893463,0.86893463
AL163540.1,0.75,1,1,1.0,0.99122834,0.99122834
ALAD,0.75,1,1,1.0,0.97118616,0.97118616
ALDH16A1,0.75,1,1,1.0,0.974246,0.974246
ALDH3B1,0.75,1,1,1.0,0.9521873,0.9521873
ALG10,0.75,1,1,1.0,0.9915148,0.9915148
ALG11,0.75,1,1,1.0,0.96584606,0.96584606
ALG8,0.75,1,1,1.0,0.99144894,0.99144894
ALKBH1,0.75,1,1,1.0,0.9914648,0.9914648
ALKBH5,0.75,1,1,1.0,0.9912833,0.9912833
ALKBH6,0.75,1,1,1.0,0.89012516,0.89012516
ALKBH7,0.75,1,1,1.0,0.97998446,0.97998446
AMER1,0.75,1,1,1.0,0.98859066,0.98859066
AMIGO2,0.75,1,1,1.0,0.97570133,0.97570133
AMOTL1,0.75,1,1,1.0,0.98743016,0.98743016
AMT,0.75,1,1,1.0,0.991323,0.991323
AMY1B,0.75,1,1,1.0,0.96995115,0.96995115
AMZ2,0.75,1,1,1.0,0.99148,0.99148
ANAPC1,0.75,1,1,1.0,0.9912004,0.9912004
ANGEL1,0.75,1,1,1.0,0.9751277,0.9751277
ANGPTL3,0.75,1,1,1.0,0.99128133,0.99128133
ANGPTL7,0.75,1,1,1.0,0.9735692,0.9735692
ANKLE2,0.75,1,1,1.0,0.9793168,0.9793168
ANKRD13A,0.75,1,1,1.0,0.99144226,0.99144226
ANKRD13C,0.75,1,1,1.0,0.8116968,0.8116968
ANKRD13D,0.75,1,1,1.0,0.8106515,0.8106515
ANKRD20A2P,0.75,1,1,1.0,0.95206475,0.95206475
ANKRD44,0.75,1,1,1.0,0.991441,0.991441
ANKRD54,0.75,1,1,1.0,0.99142796,0.99142796
ANXA4,0.75,1,1,1.0,0.9696335,0.9696335
ANXA5,0.75,1,1,1.0,0.9914624,0.9914624
ANXA8,0.75,1,1,1.0,0.99080515,0.99080515
AOAH,0.75,1,1,1.0,0.9913668,0.9913668
AP000721.1,0.75,1,1,1.0,0.9895893,0.9895893
AP001267.5,0.75,1,1,1.0,0.98240453,0.98240453
AP001425.1,0.75,1,1,1.0,0.9905986,0.9905986
AP003393.1,0.75,1,1,1.0,0.8120607,0.8120607
AP3M1,0.75,1,1,1.0,0.9848134,0.9848134
AP3S1,0.75,1,1,1.0,0.9913254,0.9913254
AP4S1,0.75,1,1,1.0,0.9848609,0.9848609
AP5M1,0.75,1,1,1.0,0.96529263,0.96529263
APOBEC1,0.75,1,1,1.0,0.9913511,0.9913511
APOL2,0.75,1,1,1.0,0.99135256,0.99135256
APOOL,0.75,1,1,1.0,0.96273464,0.96273464
APTX,0.75,1,1,1.0,0.9902097,0.9902097
AQP11,0.75,1,1,1.0,0.99140805,0.99140805
AQP12A,0.75,1,1,1.0,0.9455378,0.9455378
AQP5,0.75,1,1,1.0,0.9220567,0.9220567
ARFGAP3,0.75,1,1,1.0,0.99133563,0.99133563
ARGFX,0.75,1,1,1.0,0.9900191,0.9900191
ARHGAP1,0.75,1,1,1.0,0.9915149,0.9915149
ARHGAP12,0.75,1,1,1.0,0.9871766,0.9871766
ARHGAP15,0.75,1,1,1.0,0.9745029,0.9745029
ARHGAP22,0.75,1,1,1.0,0.9403842,0.9403842
ARHGAP24,0.75,1,1,1.0,0.9914278,0.9914278
ARHGAP42,0.75,1,1,1.0,0.96271527,0.96271527
ARHGEF38,0.75,1,1,1.0,0.9914341,0.9914341
ARID5A,0.75,1,1,1.0,0.9913084,0.9913084
ARL5B,0.75,1,1,1.0,0.99116665,0.99116665
ARL9,0.75,1,1,1.0,0.98602194,0.98602194
ARMCX5,0.75,1,1,1.0,0.8371805,0.8371805
ARNT,0.75,1,1,1.0,0.7710245,0.7710245
ARPC2,0.75,1,1,1.0,0.95032597,0.95032597
ARPC5L,0.75,1,1,1.0,0.9913469,0.9913469
ARR3,0.75,1,1,1.0,0.9913629,0.9913629
ARRB2,0.75,1,1,1.0,0.9912798,0.9912798
ARRDC1,0.75,1,1,1.0,0.9913447,0.9913447
ASAH1,0.75,1,1,1.0,0.9912656,0.9912656
ASAH2B,0.75,1,1,1.0,0.9913605,0.9913605
ASB8,0.75,1,1,1.0,0.92151713,0.92151713
ASCC1,0.75,1,1,1.0,0.9914588,0.9914588
ASH2L,0.75,1,1,1.0,0.86897993,0.86897993
ATAD5,0.75,1,1,1.0,0.9600852,0.9600852
ATF1,0.75,1,1,1.0,0.9855295,0.9855295
ATF5,0.75,1,1,1.0,0.8995745,0.8995745
ATF6,0.75,1,1,1.0,0.80052954,0.80052954
ATG10,0.75,1,1,1.0,0.9457671,0.9457671
ATG12,0.75,1,1,1.0,0.99077153,0.99077153
ATG14,0.75,1,1,1.0,0.9833739,0.9833739
ATIC,0.75,1,1,1.0,0.8799571,0.8799571
ATP1B1,0.75,1,1,1.0,0.9859298,0.9859298
ATP1B3,0.75,1,1,1.0,0.9903391,0.9903391
ATP5MC2,0.75,1,1,1.0,0.9914171,0.9914171
ATP5PD,0.75,1,1,1.0,0.9912435,0.9912435
ATP6AP1,0.75,1,1,1.0,0.9687318,0.9687318
ATP6AP2,0.75,1,1,1.0,0.86518955,0.86518955
ATP6V1B1,0.75,1,1,1.0,0.755033,0.755033
ATP6V1F,0.75,1,1,1.0,0.98939323,0.98939323
ATP6V1G2,0.75,1,1,1.0,0.97956765,0.97956765
ATPAF2,0.75,1,1,1.0,0.9914819,0.9914819
ATRAID,0.75,1,1,1.0,0.9895517,0.9895517
AUP1,0.75,1,1,1.0,0.9572212,0.9572212
AURKB,0.75,1,1,1.0,0.9210275,0.9210275
AVPR2,0.75,1,1,1.0,0.9054008,0.9054008
AZIN2,0.75,1,1,1.0,0.8730407,0.8730407
B3GALNT1,0.75,1,1,1.0,0.9914426,0.9914426
B3GALT1,0.75,1,1,1.0,0.983634,0.983634
B3GAT2,0.75,1,1,1.0,0.9734334,0.9734334
B4GALNT2,0.75,1,1,1.0,0.82792276,0.82792276
B4GALT1,0.75,1,1,1.0,0.99146956,0.99146956
B4GALT4,0.75,1,1,1.0,0.9914619,0.9914619
B9D1,0.75,1,1,1.0,0.9769363,0.9769363
BAAT,0.75,1,1,1.0,0.98830926,0.98830926
BABAM1,0.75,1,1,1.0,0.99139786,0.99139786
BABAM2,0.75,1,1,1.0,0.98989886,0.98989886
BAG2,0.75,1,1,1.0,0.99131083,0.99131083
BAMBI,0.75,1,1,1.0,0.97768354,0.97768354
BANF1,0.75,1,1,1.0,0.99074835,0.99074835
BARHL1,0.75,1,1,1.0,0.9741691,0.9741691
BBS10,0.75,1,1,1.0,0.9914936,0.9914936
BCKDHA,0.75,1,1,1.0,0.94507676,0.94507676
BCKDK,0.75,1,1,1.0,0.9827298,0.9827298
BCL7A,0.75,1,1,1.0,0.94142646,0.94142646
BCO2,0.75,1,1,1.0,0.99000156,0.99000156
BCR,0.75,1,1,1.0,0.9890026,0.9890026
BCS1L,0.75,1,1,1.0,0.9101266,0.9101266
BDH1,0.75,1,1,1.0,0.9871815,0.9871815
BDH2,0.75,1,1,1.0,0.98947734,0.98947734
BEND4,0.75,1,1,1.0,0.99147874,0.99147874
BEND6,0.75,1,1,1.0,0.94502765,0.94502765
BEND7,0.75,1,1,1.0,0.93811274,0.93811274
BET1,0.75,1,1,1.0,0.87997544,0.87997544
BEX4,0.75,1,1,1.0,0.9727888,0.9727888
BGN,0.75,1,1,1.0,0.97893083,0.97893083
BHMT2,0.75,1,1,1.0,0.9914106,0.9914106
BIN3,0.75,1,1,1.0,0.9914072,0.9914072
BLVRA,0.75,1,1,1.0,0.99119204,0.99119204
BMP10,0.75,1,1,1.0,0.98180515,0.98180515
BMP2,0.75,1,1,1.0,0.94676256,0.94676256
BMP8B,0.75,1,1,1.0,0.9864806,0.9864806
BMT2,0.75,1,1,1.0,0.991413,0.991413
BNIP5,0.75,1,1,1.0,0.96704626,0.96704626
BPY2C,0.75,1,1,1.0,0.9699584,0.9699584
BST1,0.75,1,1,1.0,0.99126524,0.99126524
BTBD1,0.75,1,1,1.0,0.89496243,0.89496243
BTBD8,0.75,1,1,1.0,0.8282945,0.8282945
BZW2,0.75,1,1,1.0,0.99121475,0.99121475
C10orf62,0.75,1,1,1.0,0.975723,0.975723
C11orf1,0.75,1,1,1.0,0.989219,0.989219
C11orf24,0.75,1,1,1.0,0.99144953,0.99144953
C11orf58,0.75,1,1,1.0,0.99150616,0.99150616
C11orf94,0.75,1,1,1.0,0.99145424,0.99145424
C12orf43,0.75,1,1,1.0,0.8995065,0.8995065
C12orf77,0.75,1,1,1.0,0.9704475,0.9704475
C15orf40,0.75,1,1,1.0,0.9839941,0.9839941
C16orf78,0.75,1,1,1.0,0.99101955,0.99101955
C18orf25,0.75,1,1,1.0,0.9912703,0.9912703
C19orf44,0.75,1,1,1.0,0.9914478,0.9914478
C19orf54,0.75,1,1,1.0,0.9703523,0.9703523
C1GALT1C1,0.75,1,1,1.0,0.9857085,0.9857085
C1QTNF1,0.75,1,1,1.0,0.99049765,0.99049765
C1QTNF12,0.75,1,1,1.0,0.9848748,0.9848748
C1QTNF9,0.75,1,1,1.0,0.99150956,0.99150956
C1RL,0.75,1,1,1.0,0.99146175,0.99146175
C1orf105,0.75,1,1,1.0,0.9731092,0.9731092
C1orf131,0.75,1,1,1.0,0.9912832,0.9912832
C1orf162,0.75,1,1,1.0,0.9892517,0.9892517
C1orf43,0.75,1,1,1.0,0.9018848,0.9018848
C1orf74,0.75,1,1,1.0,0.9910527,0.9910527
C21orf58,0.75,1,1,1.0,0.97210026,0.97210026
C21orf91,0.75,1,1,1.0,0.99138665,0.99138665
C2orf69,0.75,1,1,1.0,0.99046284,0.99046284
C2orf80,0.75,1,1,1.0,0.9906714,0.9906714
C4A,0.75,1,1,1.0,0.98942685,0.98942685
C4orf33,0.75,1,1,1.0,0.9180282,0.9180282
C5AR2,0.75,1,1,1.0,0.9915177,0.9915177
C5orf15,0.75,1,1,1.0,0.99137187,0.99137187
C5orf38,0.75,1,1,1.0,0.9914517,0.9914517
C5orf58,0.75,1,1,1.0,0.98514974,0.98514974
C6orf120,0.75,1,1,1.0,0.91951275,0.91951275
C6orf136,0.75,1,1,1.0,0.9505497,0.9505497
C6orf15,0.75,1,1,1.0,0.9898622,0.9898622
C6orf62,0.75,1,1,1.0,0.95835197,0.95835197
C7orf25,0.75,1,1,1.0,0.9914875,0.9914875
C8orf76,0.75,1,1,1.0,0.8536643,0.8536643
C9orf152,0.75,1,1,1.0,0.9730085,0.9730085
C9orf163,0.75,1,1,1.0,0.81587064,0.81587064
C9orf50,0.75,1,1,1.0,0.99105495,0.99105495
C9orf72,0.75,1,1,1.0,0.99126875,0.99126875
C9orf78,0.75,1,1,1.0,0.99144906,0.99144906
CA1,0.75,1,1,1.0,0.9915046,0.9915046
CA9,0.75,1,1,1.0,0.98763925,0.98763925
CABP2,0.75,1,1,1.0,0.9581872,0.9581872
CABP5,0.75,1,1,1.0,0.9301084,0.9301084
CACNB1,0.75,1,1,1.0,0.9823636,0.9823636
CACNG7,0.75,1,1,1.0,0.99128085,0.99128085
CALB1,0.75,1,1,1.0,0.99002784,0.99002784
CALHM4,0.75,1,1,1.0,0.9427752,0.9427752
CAMK2G,0.75,1,1,1.0,0.9557723,0.9557723
CAMLG,0.75,1,1,1.0,0.99131024,0.99131024
CAMTA2,0.75,1,1,1.0,0.9890981,0.9890981
CAP2,0.75,1,1,1.0,0.9730566,0.9730566
CAPG,0.75,1,1,1.0,0.9804047,0.9804047
CAPN11,0.75,1,1,1.0,0.9782827,0.9782827
CAPN12,0.75,1,1,1.0,0.9914498,0.9914498
CAPNS1,0.75,1,1,1.0,0.88911134,0.88911134
CAPRIN1,0.75,1,1,1.0,0.9772305,0.9772305
CAPZA3,0.75,1,1,1.0,0.98602355,0.98602355
CASP14,0.75,1,1,1.0,0.85003734,0.85003734
CASP3,0.75,1,1,1.0,0.9658221,0.9658221
CASP5,0.75,1,1,1.0,0.99143094,0.99143094
CASP6,0.75,1,1,1.0,0.99092007,0.99092007
CASP8,0.75,1,1,1.0,0.9880525,0.9880525
CATSPER1,0.75,1,1,1.0,0.98163384,0.98163384
CATSPERB,0.75,1,1,1.0,0.82516253,0.82516253
CAVIN4,0.75,1,1,1.0,0.9897385,0.9897385
CBFA2T2,0.75,1,1,1.0,0.99148285,0.99148285
CBL,0.75,1,1,1.0,0.9294638,0.9294638
CBLL2,0.75,1,1,1.0,0.90726966,0.90726966
CBLN1,0.75,1,1,1.0,0.92858434,0.92858434
CBLN4,0.75,1,1,1.0,0.9894881,0.9894881
CBR1,0.75,1,1,1.0,0.98521984,0.98521984
CBWD1,0.75,1,1,1.0,0.96847737,0.96847737
CBX3,0.75,1,1,1.0,0.9909644,0.9909644
CBY1,0.75,1,1,1.0,0.9913053,0.9913053
CC2D2B,0.75,1,1,1.0,0.98667693,0.98667693
CCDC102B,0.75,1,1,1.0,0.89187855,0.89187855
CCDC107,0.75,1,1,1.0,0.9617378,0.9617378
CCDC114,0.75,1,1,1.0,0.9849711,0.9849711
CCDC134,0.75,1,1,1.0,0.99137574,0.99137574
CCDC150,0.75,1,1,1.0,0.9497071,0.9497071
CCDC167,0.75,1,1,1.0,0.99141544,0.99141544
CCDC186,0.75,1,1,1.0,0.99112564,0.99112564
CCDC198,0.75,1,1,1.0,0.9773865,0.9773865
CCDC57,0.75,1,1,1.0,0.98802036,0.98802036
CCDC65,0.75,1,1,1.0,0.9883161,0.9883161
CCDC74B,0.75,1,1,1.0,0.968229,0.968229
CCDC86,0.75,1,1,1.0,0.9877506,0.9877506
CCDC88A,0.75,1,1,1.0,0.9914819,0.9914819
CCK,0.75,1,1,1.0,0.9683257,0.9683257
CCL13,0.75,1,1,1.0,0.99098915,0.99098915
CCL28,0.75,1,1,1.0,0.9915149,0.9915149
CCL4,0.75,1,1,1.0,0.7988957,0.7988957
CCL7,0.75,1,1,1.0,0.99131775,0.99131775
CCNA2,0.75,1,1,1.0,0.92319554,0.92319554
CCNB2,0.75,1,1,1.0,0.7811901,0.7811901
CCNI2,0.75,1,1,1.0,0.98371387,0.98371387
CCNJ,0.75,1,1,1.0,0.9558004,0.9558004
CCR7,0.75,1,1,1.0,0.99147636,0.99147636
CCRL2,0.75,1,1,1.0,0.9773117,0.9773117
CCT3,0.75,1,1,1.0,0.98984617,0.98984617
CD200R1,0.75,1,1,1.0,0.98407525,0.98407525
CD207,0.75,1,1,1.0,0.92696524,0.92696524
CD300E,0.75,1,1,1.0,0.9504458,0.9504458
CD300LB,0.75,1,1,1.0,0.9833264,0.9833264
CD3G,0.75,1,1,1.0,0.97673845,0.97673845
CD40,0.75,1,1,1.0,0.989808,0.989808
CD40LG,0.75,1,1,1.0,0.9800136,0.9800136
CD46,0.75,1,1,1.0,0.78516746,0.78516746
CD63,0.75,1,1,1.0,0.9908405,0.9908405
CD69,0.75,1,1,1.0,0.9598409,0.9598409
CD70,0.75,1,1,1.0,0.9789249,0.9789249
CD79B,0.75,1,1,1.0,0.8281314,0.8281314
CD81,0.75,1,1,1.0,0.9902553,0.9902553
CD99,0.75,1,1,1.0,0.9860312,0.9860312
CD99L2,0.75,1,1,1.0,0.99151295,0.99151295
CDA,0.75,1,1,1.0,0.9708576,0.9708576
CDC123,0.75,1,1,1.0,0.9547992,0.9547992
CDC14A,0.75,1,1,1.0,0.95400566,0.95400566
CDC14B,0.75,1,1,1.0,0.80426854,0.80426854
CDC16,0.75,1,1,1.0,0.93839556,0.93839556
CDC25B,0.75,1,1,1.0,0.9896757,0.9896757
CDC34,0.75,1,1,1.0,0.87388504,0.87388504
CDC37L1,0.75,1,1,1.0,0.99151784,0.99151784
CDC6,0.75,1,1,1.0,0.94660497,0.94660497
CDCA8,0.75,1,1,1.0,0.9914043,0.9914043
CDK10,0.75,1,1,1.0,0.9906487,0.9906487
CDK18,0.75,1,1,1.0,0.99140257,0.99140257
CDK19,0.75,1,1,1.0,0.9854857,0.9854857
CDK2,0.75,1,1,1.0,0.82798475,0.82798475
CDK5R1,0.75,1,1,1.0,0.97075975,0.97075975
CDKN2D,0.75,1,1,1.0,0.9882059,0.9882059
CDKN3,0.75,1,1,1.0,0.9912917,0.9912917
CDR2,0.75,1,1,1.0,0.99066633,0.99066633
CDV3,0.75,1,1,1.0,0.9004333,0.9004333
CEACAM1,0.75,1,1,1.0,0.9913924,0.9913924
CEACAM3,0.75,1,1,1.0,0.9551438,0.9551438
CEACAM6,0.75,1,1,1.0,0.8829608,0.8829608
CELA2B,0.75,1,1,1.0,0.9913641,0.9913641
CELF3,0.75,1,1,1.0,0.97674495,0.97674495
CEMP1,0.75,1,1,1.0,0.95876545,0.95876545
CENATAC,0.75,1,1,1.0,0.99077374,0.99077374
CENPH,0.75,1,1,1.0,0.9703288,0.9703288
CENPM,0.75,1,1,1.0,0.9847969,0.9847969
CENPT,0.75,1,1,1.0,0.9812614,0.9812614
CEP120,0.75,1,1,1.0,0.98009217,0.98009217
CEP43,0.75,1,1,1.0,0.99049133,0.99049133
CEP68,0.75,1,1,1.0,0.9912123,0.9912123
CEP78,0.75,1,1,1.0,0.9902919,0.9902919
CFAP126,0.75,1,1,1.0,0.9912884,0.9912884
CFAP298-TCP10L,0.75,1,1,1.0,0.9890316,0.9890316
CFI,0.75,1,1,1.0,0.9571812,0.9571812
CFL1,0.75,1,1,1.0,0.9475865,0.9475865
CFLAR,0.75,1,1,1.0,0.9706777,0.9706777
CGB1,0.75,1,1,1.0,0.9871804,0.9871804
CHCHD3,0.75,1,1,1.0,0.9870639,0.9870639
CHCHD5,0.75,1,1,1.0,0.94850045,0.94850045
CHCHD6,0.75,1,1,1.0,0.9915001,0.9915001
CHIC1,0.75,1,1,1.0,0.98083293,0.98083293
CHIC2,0.75,1,1,1.0,0.9805978,0.9805978
CHKA,0.75,1,1,1.0,0.99133766,0.99133766
CHMP1A,0.75,1,1,1.0,0.82438946,0.82438946
CHODL,0.75,1,1,1.0,0.86123914,0.86123914
CHP1,0.75,1,1,1.0,0.77796215,0.77796215
CHPF2,0.75,1,1,1.0,0.99149066,0.99149066
CHRM1,0.75,1,1,1.0,0.92956454,0.92956454
CHRNA9,0.75,1,1,1.0,0.84371555,0.84371555
CIAO3,0.75,1,1,1.0,0.942923,0.942923
CIART,0.75,1,1,1.0,0.9914916,0.9914916
CIBAR2,0.75,1,1,1.0,0.9914792,0.9914792
CISD2,0.75,1,1,1.0,0.99130356,0.99130356
CKAP4,0.75,1,1,1.0,0.8629681,0.8629681
CLDN12,0.75,1,1,1.0,0.9818345,0.9818345
CLDN15,0.75,1,1,1.0,0.9889865,0.9889865
CLDN22,0.75,1,1,1.0,0.99141824,0.99141824
CLEC1B,0.75,1,1,1.0,0.8133721,0.8133721
CLEC4A,0.75,1,1,1.0,0.9913864,0.9913864
CLIC6,0.75,1,1,1.0,0.99145645,0.99145645
CLPSL1,0.75,1,1,1.0,0.96872956,0.96872956
CLTB,0.75,1,1,1.0,0.9907274,0.9907274
CLUL1,0.75,1,1,1.0,0.9842852,0.9842852
CMBL,0.75,1,1,1.0,0.85973316,0.85973316
CMPK1,0.75,1,1,1.0,0.8675465,0.8675465
CMTM2,0.75,1,1,1.0,0.93125075,0.93125075
CMTM3,0.75,1,1,1.0,0.991499,0.991499
CNDP2,0.75,1,1,1.0,0.9846026,0.9846026
CNIH2,0.75,1,1,1.0,0.97349656,0.97349656
CNIH4,0.75,1,1,1.0,0.9758099,0.9758099
CNN3,0.75,1,1,1.0,0.77410686,0.77410686
CNOT11,0.75,1,1,1.0,0.9362562,0.9362562
CNOT6,0.75,1,1,1.0,0.9912754,0.9912754
CNPPD1,0.75,1,1,1.0,0.9892903,0.9892903
CNPY2,0.75,1,1,1.0,0.97822136,0.97822136
CNRIP1,0.75,1,1,1.0,0.9849973,0.9849973
COA4,0.75,1,1,1.0,0.9869845,0.9869845
COA8,0.75,1,1,1.0,0.99127066,0.99127066
COCH,0.75,1,1,1.0,0.97177446,0.97177446
COL8A2,0.75,1,1,1.0,0.98864645,0.98864645
COLEC12,0.75,1,1,1.0,0.920273,0.920273
COMMD5,0.75,1,1,1.0,0.99140406,0.99140406
COMMD6,0.75,1,1,1.0,0.95356375,0.95356375
COMMD7,0.75,1,1,1.0,0.98544574,0.98544574
COPA,0.75,1,1,1.0,0.9914943,0.9914943
COPS3,0.75,1,1,1.0,0.9603561,0.9603561
COPS5,0.75,1,1,1.0,0.9912811,0.9912811
COPS7A,0.75,1,1,1.0,0.9536142,0.9536142
COPS8,0.75,1,1,1.0,0.9510667,0.9510667
COPS9,0.75,1,1,1.0,0.93216044,0.93216044
COPZ1,0.75,1,1,1.0,0.99129546,0.99129546
COQ10B,0.75,1,1,1.0,0.9666334,0.9666334
COQ9,0.75,1,1,1.0,0.99137634,0.99137634
CORO1C,0.75,1,1,1.0,0.95729524,0.95729524
COX11,0.75,1,1,1.0,0.9806138,0.9806138
CPEB4,0.75,1,1,1.0,0.99133754,0.99133754
CPM,0.75,1,1,1.0,0.9842063,0.9842063
CPNE1,0.75,1,1,1.0,0.88493073,0.88493073
CPNE6,0.75,1,1,1.0,0.99151576,0.99151576
CPNE9,0.75,1,1,1.0,0.9816846,0.9816846
CRCP,0.75,1,1,1.0,0.8920326,0.8920326
CREBRF,0.75,1,1,1.0,0.9895808,0.9895808
CREBZF,0.75,1,1,1.0,0.9366325,0.9366325
CRIP1,0.75,1,1,1.0,0.99149346,0.99149346
CRK,0.75,1,1,1.0,0.9910183,0.9910183
CRLF1,0.75,1,1,1.0,0.97994286,0.97994286
CRTAP,0.75,1,1,1.0,0.9757734,0.9757734
CRX,0.75,1,1,1.0,0.99096876,0.99096876
CRYAB,0.75,1,1,1.0,0.98938835,0.98938835
CRYL1,0.75,1,1,1.0,0.9682921,0.9682921
CRYM,0.75,1,1,1.0,0.97838163,0.97838163
CSAG3,0.75,1,1,1.0,0.9844977,0.9844977
CSKMT,0.75,1,1,1.0,0.90583295,0.90583295
CSNK1D,0.75,1,1,1.0,0.97548884,0.97548884
CSNK1G2,0.75,1,1,1.0,0.9635345,0.9635345
CSRP2,0.75,1,1,1.0,0.9914239,0.9914239
CSRP3,0.75,1,1,1.0,0.9822068,0.9822068
CST6,0.75,1,1,1.0,0.98441374,0.98441374
CST7,0.75,1,1,1.0,0.9429122,0.9429122
CSTL1,0.75,1,1,1.0,0.99138767,0.99138767
CTNS,0.75,1,1,1.0,0.9886423,0.9886423
CTSA,0.75,1,1,1.0,0.99139386,0.99139386
CTSH,0.75,1,1,1.0,0.983808,0.983808
CUL4A,0.75,1,1,1.0,0.99131197,0.99131197
CX3CL1,0.75,1,1,1.0,0.9811297,0.9811297
CXCL13,0.75,1,1,1.0,0.9666776,0.9666776
CXXC5,0.75,1,1,1.0,0.9589251,0.9589251
CXorf38,0.75,1,1,1.0,0.9363706,0.9363706
CYB5R4,0.75,1,1,1.0,0.93008256,0.93008256
CYFIP2,0.75,1,1,1.0,0.9110253,0.9110253
CYGB,0.75,1,1,1.0,0.96925575,0.96925575
CYP20A1,0.75,1,1,1.0,0.9914454,0.9914454
CYP24A1,0.75,1,1,1.0,0.99143106,0.99143106
CYP26A1,0.75,1,1,1.0,0.97793627,0.97793627
CYP2A7,0.75,1,1,1.0,0.95196044,0.95196044
CYP39A1,0.75,1,1,1.0,0.9906661,0.9906661
CYP51A1,0.75,1,1,1.0,0.9906025,0.9906025
CYRIB,0.75,1,1,1.0,0.99137723,0.99137723
CYSLTR1,0.75,1,1,1.0,0.9865058,0.9865058
CYTH2,0.75,1,1,1.0,0.9903474,0.9903474
CYTH4,0.75,1,1,1.0,0.98338956,0.98338956
DALRD3,0.75,1,1,1.0,0.9735363,0.9735363
DAPP1,0.75,1,1,1.0,0.9903867,0.9903867
DARS2,0.75,1,1,1.0,0.9913936,0.9913936
DAZAP1,0.75,1,1,1.0,0.99100983,0.99100983
DBI,0.75,1,1,1.0,0.9829402,0.9829402
DCAF4,0.75,1,1,1.0,0.9718463,0.9718463
DCANP1,0.75,1,1,1.0,0.9825996,0.9825996
DCBLD2,0.75,1,1,1.0,0.9415753,0.9415753
DCP1A,0.75,1,1,1.0,0.8704365,0.8704365
DCST2,0.75,1,1,1.0,0.9912868,0.9912868
DCTD,0.75,1,1,1.0,0.991435,0.991435
DCTN6,0.75,1,1,1.0,0.98518133,0.98518133
DDHD1,0.75,1,1,1.0,0.9718746,0.9718746
DDIAS,0.75,1,1,1.0,0.8790953,0.8790953
DDIT4L,0.75,1,1,1.0,0.99151367,0.99151367
DDN,0.75,1,1,1.0,0.9914488,0.9914488
DDO,0.75,1,1,1.0,0.7648246,0.7648246
DDRGK1,0.75,1,1,1.0,0.9506374,0.9506374
DDX18,0.75,1,1,1.0,0.93924266,0.93924266
DDX28,0.75,1,1,1.0,0.9912629,0.9912629
DDX51,0.75,1,1,1.0,0.984347,0.984347
DDX55,0.75,1,1,1.0,0.991458,0.991458
DDX6,0.75,1,1,1.0,0.9584171,0.9584171
DEF6,0.75,1,1,1.0,0.8081121,0.8081121
DEFB135,0.75,1,1,1.0,0.9718802,0.9718802
DEPDC1B,0.75,1,1,1.0,0.99109155,0.99109155
DEPP1,0.75,1,1,1.0,0.9901404,0.9901404
DERL2,0.75,1,1,1.0,0.890039,0.890039
DHRS7C,0.75,1,1,1.0,0.95553243,0.95553243
DHTKD1,0.75,1,1,1.0,0.9706236,0.9706236
DHX57,0.75,1,1,1.0,0.9817499,0.9817499
DIRAS2,0.75,1,1,1.0,0.99127054,0.99127054
DIRAS3,0.75,1,1,1.0,0.9895579,0.9895579
DLL3,0.75,1,1,1.0,0.95955783,0.95955783
DLX1,0.75,1,1,1.0,0.9812207,0.9812207
DLX5,0.75,1,1,1.0,0.83520293,0.83520293
DMAC2,0.75,1,1,1.0,0.8442557,0.8442557
DMRT1,0.75,1,1,1.0,0.99048704,0.99048704
DMRT2,0.75,1,1,1.0,0.99149066,0.99149066
DMRTA1,0.75,1,1,1.0,0.9713596,0.9713596
DNAJA2,0.75,1,1,1.0,0.99151295,0.99151295
DNAJB12,0.75,1,1,1.0,0.97794104,0.97794104
DNAJB14,0.75,1,1,1.0,0.9867035,0.9867035
DNAJB6,0.75,1,1,1.0,0.99040025,0.99040025
DNAJC12,0.75,1,1,1.0,0.9801759,0.9801759
DNAJC15,0.75,1,1,1.0,0.991486,0.991486
DNAJC19,0.75,1,1,1.0,0.9789099,0.9789099
DNALI1,0.75,1,1,1.0,0.8158305,0.8158305
DNASE1L3,0.75,1,1,1.0,0.9798329,0.9798329
DND1,0.75,1,1,1.0,0.93914527,0.93914527
DNLZ,0.75,1,1,1.0,0.9894525,0.9894525
DNMT3L,0.75,1,1,1.0,0.9874408,0.9874408
DOK3,0.75,1,1,1.0,0.9274425,0.9274425
DPEP2,0.75,1,1,1.0,0.90136606,0.90136606
DPEP3,0.75,1,1,1.0,0.9825326,0.9825326
DPF1,0.75,1,1,1.0,0.98968726,0.98968726
DPF2,0.75,1,1,1.0,0.87421757,0.87421757
DPH1,0.75,1,1,1.0,0.9011903,0.9011903
DPH6,0.75,1,1,1.0,0.96134645,0.96134645
DPY19L4,0.75,1,1,1.0,0.91151,0.91151
DPY30,0.75,1,1,1.0,0.99041057,0.99041057
DPYS,0.75,1,1,1.0,0.9905806,0.9905806
DTL,0.75,1,1,1.0,0.99135613,0.99135613
DTNA,0.75,1,1,1.0,0.99141204,0.99141204
DTWD2,0.75,1,1,1.0,0.9635093,0.9635093
DTX3,0.75,1,1,1.0,0.9796593,0.9796593
DTYMK,0.75,1,1,1.0,0.9871622,0.9871622
DUOXA2,0.75,1,1,1.0,0.86589104,0.86589104
DUSP1,0.75,1,1,1.0,0.76756686,0.76756686
DUSP12,0.75,1,1,1.0,0.9894449,0.9894449
DUSP26,0.75,1,1,1.0,0.937333,0.937333
DUSP29,0.75,1,1,1.0,0.89779246,0.89779246
DUSP7,0.75,1,1,1.0,0.9911315,0.9911315
DYDC1,0.75,1,1,1.0,0.8441021,0.8441021
DYNC1LI1,0.75,1,1,1.0,0.97995836,0.97995836
DYNC2I1,0.75,1,1,1.0,0.7900725,0.7900725
DYNLL2,0.75,1,1,1.0,0.99113095,0.99113095
DYNLRB2,0.75,1,1,1.0,0.99147826,0.99147826
EAF2,0.75,1,1,1.0,0.9671397,0.9671397
EBNA1BP2,0.75,1,1,1.0,0.94382554,0.94382554
ECRG4,0.75,1,1,1.0,0.9220594,0.9220594
EDN3,0.75,1,1,1.0,0.98710036,0.98710036
EEF1B2,0.75,1,1,1.0,0.9440542,0.9440542
EFCAB14,0.75,1,1,1.0,0.9860174,0.9860174
EFCAB3,0.75,1,1,1.0,0.9794504,0.9794504
EFCC1,0.75,1,1,1.0,0.9115693,0.9115693
EFEMP1,0.75,1,1,1.0,0.9767875,0.9767875
EFNA4,0.75,1,1,1.0,0.9914477,0.9914477
EGLN1,0.75,1,1,1.0,0.98966485,0.98966485
EGLN2,0.75,1,1,1.0,0.96625906,0.96625906
EIF1AD,0.75,1,1,1.0,0.9869986,0.9869986
EIF1AX,0.75,1,1,1.0,0.8327129,0.8327129
EIF2AK3,0.75,1,1,1.0,0.9914726,0.9914726
EIF2B1,0.75,1,1,1.0,0.8005341,0.8005341
EIF2B2,0.75,1,1,1.0,0.97071606,0.97071606
EIF2B4,0.75,1,1,1.0,0.9835011,0.9835011
EIF2S2,0.75,1,1,1.0,0.99146944,0.99146944
EIF3I,0.75,1,1,1.0,0.99126375,0.99126375
EIF3L,0.75,1,1,1.0,0.9697824,0.9697824
EIF4E2,0.75,1,1,1.0,0.94314355,0.94314355
EIF5,0.75,1,1,1.0,0.8382246,0.8382246
ELAC2,0.75,1,1,1.0,0.9429234,0.9429234
ELL,0.75,1,1,1.0,0.96261275,0.96261275
ELOB,0.75,1,1,1.0,0.9799397,0.9799397
ELOVL3,0.75,1,1,1.0,0.98572886,0.98572886
ELOVL5,0.75,1,1,1.0,0.9712914,0.9712914
EMC3,0.75,1,1,1.0,0.9812065,0.9812065
EMP3,0.75,1,1,1.0,0.9764607,0.9764607
ENKUR,0.75,1,1,1.0,0.97306204,0.97306204
ENSA,0.75,1,1,1.0,0.9914262,0.9914262
EPDR1,0.75,1,1,1.0,0.99127394,0.99127394
EPHA2,0.75,1,1,1.0,0.98784304,0.98784304
EPM2AIP1,0.75,1,1,1.0,0.9371761,0.9371761
EPSTI1,0.75,1,1,1.0,0.9746814,0.9746814
EQTN,0.75,1,1,1.0,0.91151947,0.91151947
ERAL1,0.75,1,1,1.0,0.99147207,0.99147207
ERAP1,0.75,1,1,1.0,0.92979544,0.92979544
ERCC5,0.75,1,1,1.0,0.9814208,0.9814208
ERCC8,0.75,1,1,1.0,0.9912812,0.9912812
ERF,0.75,1,1,1.0,0.99142444,0.99142444
ERGIC2,0.75,1,1,1.0,0.9912465,0.9912465
ERGIC3,0.75,1,1,1.0,0.98941094,0.98941094
ERLEC1,0.75,1,1,1.0,0.99056375,0.99056375
ERLIN2,0.75,1,1,1.0,0.9555058,0.9555058
ERP44,0.75,1,1,1.0,0.9914042,0.9914042
ESM1,0.75,1,1,1.0,0.9913736,0.9913736
ESRP1,0.75,1,1,1.0,0.99144685,0.99144685
ETV7,0.75,1,1,1.0,0.9220067,0.9220067
EVA1C,0.75,1,1,1.0,0.99149793,0.99149793
EVI5,0.75,1,1,1.0,0.9888343,0.9888343
EVX2,0.75,1,1,1.0,0.9631312,0.9631312
EXOSC2,0.75,1,1,1.0,0.96010333,0.96010333
EYS,0.75,1,1,1.0,0.9504954,0.9504954
F3,0.75,1,1,1.0,0.990493,0.990493
FABP7,0.75,1,1,1.0,0.94051945,0.94051945
FABP9,0.75,1,1,1.0,0.99135196,0.99135196
FAHD2B,0.75,1,1,1.0,0.9866431,0.9866431
FAM114A1,0.75,1,1,1.0,0.99131715,0.99131715
FAM114A2,0.75,1,1,1.0,0.991327,0.991327
FAM117A,0.75,1,1,1.0,0.95697963,0.95697963
FAM122B,0.75,1,1,1.0,0.9850004,0.9850004
FAM131C,0.75,1,1,1.0,0.96933514,0.96933514
FAM135A,0.75,1,1,1.0,0.9180397,0.9180397
FAM136A,0.75,1,1,1.0,0.84111744,0.84111744
FAM153A,0.75,1,1,1.0,0.8834124,0.8834124
FAM155B,0.75,1,1,1.0,0.95255595,0.95255595
FAM160B1,0.75,1,1,1.0,0.9825989,0.9825989
FAM161A,0.75,1,1,1.0,0.9713262,0.9713262
FAM163A,0.75,1,1,1.0,0.99151564,0.99151564
FAM166B,0.75,1,1,1.0,0.98769844,0.98769844
FAM166C,0.75,1,1,1.0,0.8439258,0.8439258
FAM169B,0.75,1,1,1.0,0.9371505,0.9371505
FAM171A1,0.75,1,1,1.0,0.9914846,0.9914846
FAM180A,0.75,1,1,1.0,0.9911946,0.9911946
FAM189B,0.75,1,1,1.0,0.9914175,0.9914175
FAM193B,0.75,1,1,1.0,0.99143934,0.99143934
FAM199X,0.75,1,1,1.0,0.93747324,0.93747324
FAM219A,0.75,1,1,1.0,0.9913585,0.9913585
FAM221B,0.75,1,1,1.0,0.991331,0.991331
FAM227B,0.75,1,1,1.0,0.985999,0.985999
FAM24B,0.75,1,1,1.0,0.99137235,0.99137235
FAM53A,0.75,1,1,1.0,0.9847631,0.9847631
FAM53B,0.75,1,1,1.0,0.9282707,0.9282707
FAM71F2,0.75,1,1,1.0,0.99076146,0.99076146
FAM76A,0.75,1,1,1.0,0.9914169,0.9914169
FAM78A,0.75,1,1,1.0,0.9115711,0.9115711
FAM86C1P,0.75,1,1,1.0,0.9776899,0.9776899
FAM89A,0.75,1,1,1.0,0.83175385,0.83175385
FAM8A1,0.75,1,1,1.0,0.99141884,0.99141884
FANCC,0.75,1,1,1.0,0.99148643,0.99148643
FANCF,0.75,1,1,1.0,0.9867994,0.9867994
FAR1,0.75,1,1,1.0,0.9913196,0.9913196
FARS2,0.75,1,1,1.0,0.8181275,0.8181275
FAS,0.75,1,1,1.0,0.97183716,0.97183716
FASTKD2,0.75,1,1,1.0,0.942493,0.942493
FAU,0.75,1,1,1.0,0.9913946,0.9913946
FAXC,0.75,1,1,1.0,0.96326005,0.96326005
FBL,0.75,1,1,1.0,0.9891622,0.9891622
FBLN1,0.75,1,1,1.0,0.990054,0.990054
FBXO16,0.75,1,1,1.0,0.9910392,0.9910392
FBXO17,0.75,1,1,1.0,0.99134946,0.99134946
FBXO25,0.75,1,1,1.0,0.9544142,0.9544142
FBXO28,0.75,1,1,1.0,0.98940456,0.98940456
FBXO30,0.75,1,1,1.0,0.9839168,0.9839168
FBXO32,0.75,1,1,1.0,0.9716836,0.9716836
FBXO36,0.75,1,1,1.0,0.9462301,0.9462301
FBXO45,0.75,1,1,1.0,0.93151474,0.93151474
FBXO9,0.75,1,1,1.0,0.98863995,0.98863995
FCER1G,0.75,1,1,1.0,0.9913119,0.9913119
FCGR2B,0.75,1,1,1.0,0.9794276,0.9794276
FCSK,0.75,1,1,1.0,0.9204665,0.9204665
FERMT2,0.75,1,1,1.0,0.97831374,0.97831374
FEZ1,0.75,1,1,1.0,0.9781506,0.9781506
FGF10,0.75,1,1,1.0,0.777233,0.777233
FGF12,0.75,1,1,1.0,0.99137986,0.99137986
FGF8,0.75,1,1,1.0,0.8373027,0.8373027
FGFBP3,0.75,1,1,1.0,0.9913829,0.9913829
FGL2,0.75,1,1,1.0,0.8471245,0.8471245
FIBCD1,0.75,1,1,1.0,0.9429323,0.9429323
FIS1,0.75,1,1,1.0,0.9796616,0.9796616
FITM1,0.75,1,1,1.0,0.99135053,0.99135053
FKBP14,0.75,1,1,1.0,0.9914665,0.9914665
FKBP3,0.75,1,1,1.0,0.8745382,0.8745382
FKTN,0.75,1,1,1.0,0.99141276,0.99141276
FLRT3,0.75,1,1,1.0,0.991442,0.991442
FMC1-LUC7L2,0.75,1,1,1.0,0.9914967,0.9914967
FMNL3,0.75,1,1,1.0,0.9912185,0.9912185
FMR1,0.75,1,1,1.0,0.9915045,0.9915045
FN3KRP,0.75,1,1,1.0,0.99149597,0.99149597
FOXA2,0.75,1,1,1.0,0.97191024,0.97191024
FOXC1,0.75,1,1,1.0,0.97278917,0.97278917
FOXD4L4,0.75,1,1,1.0,0.97399175,0.97399175
FOXN2,0.75,1,1,1.0,0.97759014,0.97759014
FOXO4,0.75,1,1,1.0,0.88825375,0.88825375
FRMD5,0.75,1,1,1.0,0.8813851,0.8813851
FRMD6,0.75,1,1,1.0,0.9903984,0.9903984
FRS2,0.75,1,1,1.0,0.93415064,0.93415064
FRS3,0.75,1,1,1.0,0.97925574,0.97925574
FSCN1,0.75,1,1,1.0,0.99144816,0.99144816
FSD1,0.75,1,1,1.0,0.88272035,0.88272035
FUT10,0.75,1,1,1.0,0.97922826,0.97922826
FUT11,0.75,1,1,1.0,0.9706343,0.9706343
FUZ,0.75,1,1,1.0,0.9869925,0.9869925
FXYD4,0.75,1,1,1.0,0.8472212,0.8472212
GAB3,0.75,1,1,1.0,0.9770397,0.9770397
GAL,0.75,1,1,1.0,0.99142843,0.99142843
GAL3ST1,0.75,1,1,1.0,0.9662616,0.9662616
GALK1,0.75,1,1,1.0,0.98742956,0.98742956
GALNT11,0.75,1,1,1.0,0.9910705,0.9910705
GALNT16,0.75,1,1,1.0,0.9116025,0.9116025
GALP,0.75,1,1,1.0,0.9825318,0.9825318
GAPDH,0.75,1,1,1.0,0.8626038,0.8626038
GAPT,0.75,1,1,1.0,0.9775488,0.9775488
GARS1,0.75,1,1,1.0,0.9819149,0.9819149
GAS2L3,0.75,1,1,1.0,0.9446961,0.9446961
GAS6,0.75,1,1,1.0,0.98003507,0.98003507
GAS7,0.75,1,1,1.0,0.83016694,0.83016694
GATA2,0.75,1,1,1.0,0.9860335,0.9860335
GATB,0.75,1,1,1.0,0.81039065,0.81039065
GBA2,0.75,1,1,1.0,0.93351036,0.93351036
GBE1,0.75,1,1,1.0,0.9860152,0.9860152
GCFC2,0.75,1,1,1.0,0.8426684,0.8426684
GCG,0.75,1,1,1.0,0.9727664,0.9727664
GCLM,0.75,1,1,1.0,0.97369516,0.97369516
GCNT4,0.75,1,1,1.0,0.8819398,0.8819398
GDPGP1,0.75,1,1,1.0,0.8497926,0.8497926
GEMIN6,0.75,1,1,1.0,0.9322501,0.9322501
GET1,0.75,1,1,1.0,0.9913809,0.9913809
GET1-SH3BGR,0.75,1,1,1.0,0.83618706,0.83618706
GET4,0.75,1,1,1.0,0.991446,0.991446
GFER,0.75,1,1,1.0,0.9774604,0.9774604
GFRA3,0.75,1,1,1.0,0.95679444,0.95679444
GGA3,0.75,1,1,1.0,0.9914225,0.9914225
GGCT,0.75,1,1,1.0,0.9204264,0.9204264
GHDC,0.75,1,1,1.0,0.9914915,0.9914915
GHRL,0.75,1,1,1.0,0.9914048,0.9914048
GIN1,0.75,1,1,1.0,0.9903133,0.9903133
GINS1,0.75,1,1,1.0,0.98327774,0.98327774
GINS3,0.75,1,1,1.0,0.85320115,0.85320115
GIT1,0.75,1,1,1.0,0.99136615,0.99136615
GJB2,0.75,1,1,1.0,0.92768884,0.92768884
GJB6,0.75,1,1,1.0,0.990593,0.990593
GJB7,0.75,1,1,1.0,0.98992467,0.98992467
GJC1,0.75,1,1,1.0,0.9892347,0.9892347
GJC3,0.75,1,1,1.0,0.98508286,0.98508286
GLB1L2,0.75,1,1,1.0,0.98154676,0.98154676
GLB1L3,0.75,1,1,1.0,0.965229,0.965229
GLCCI1,0.75,1,1,1.0,0.76774055,0.76774055
GLDN,0.75,1,1,1.0,0.7671062,0.7671062
GLE1,0.75,1,1,1.0,0.9719963,0.9719963
GLIPR1L1,0.75,1,1,1.0,0.9348055,0.9348055
GLOD4,0.75,1,1,1.0,0.9913408,0.9913408
GLRXP3,0.75,1,1,1.0,0.971712,0.971712
GLS2,0.75,1,1,1.0,0.9913326,0.9913326
GLT8D1,0.75,1,1,1.0,0.9876462,0.9876462
GLUD1,0.75,1,1,1.0,0.8569991,0.8569991
GMDS,0.75,1,1,1.0,0.87306476,0.87306476
GMPPA,0.75,1,1,1.0,0.97699237,0.97699237
GNA13,0.75,1,1,1.0,0.9912725,0.9912725
GNAI1,0.75,1,1,1.0,0.98602307,0.98602307
GNB1,0.75,1,1,1.0,0.9913982,0.9913982
GNB2,0.75,1,1,1.0,0.99142027,0.99142027
GNB5,0.75,1,1,1.0,0.9913788,0.9913788
GNG2,0.75,1,1,1.0,0.9886127,0.9886127
GNG5,0.75,1,1,1.0,0.98221004,0.98221004
GNLY,0.75,1,1,1.0,0.98819226,0.98819226
GNRH1,0.75,1,1,1.0,0.9903932,0.9903932
GOLGA6L22,0.75,1,1,1.0,0.99136275,0.99136275
GOLGA7,0.75,1,1,1.0,0.9913994,0.9913994
GORASP2,0.75,1,1,1.0,0.82216,0.82216
GOSR1,0.75,1,1,1.0,0.99150825,0.99150825
GOT2,0.75,1,1,1.0,0.8028864,0.8028864
GP6,0.75,1,1,1.0,0.967266,0.967266
GPA33,0.75,1,1,1.0,0.9803662,0.9803662
GPALPP1,0.75,1,1,1.0,0.9910657,0.9910657
GPANK1,0.75,1,1,1.0,0.9912457,0.9912457
GPAT2,0.75,1,1,1.0,0.9913735,0.9913735
GPC2,0.75,1,1,1.0,0.9466911,0.9466911
GPN1,0.75,1,1,1.0,0.952182,0.952182
GPR108,0.75,1,1,1.0,0.85745627,0.85745627
GPR119,0.75,1,1,1.0,0.98124814,0.98124814
GPR139,0.75,1,1,1.0,0.9889951,0.9889951
GPR151,0.75,1,1,1.0,0.99130285,0.99130285
GPR157,0.75,1,1,1.0,0.99149936,0.99149936
GPR160,0.75,1,1,1.0,0.96680397,0.96680397
GPR162,0.75,1,1,1.0,0.96820986,0.96820986
GPR17,0.75,1,1,1.0,0.83769405,0.83769405
GPR176,0.75,1,1,1.0,0.7644452,0.7644452
GPR18,0.75,1,1,1.0,0.9632409,0.9632409
GPR180,0.75,1,1,1.0,0.9801205,0.9801205
GPR22,0.75,1,1,1.0,0.991364,0.991364
GPR31,0.75,1,1,1.0,0.98746026,0.98746026
GPR68,0.75,1,1,1.0,0.9839754,0.9839754
GPR75,0.75,1,1,1.0,0.989934,0.989934
GPR84,0.75,1,1,1.0,0.98027325,0.98027325
GPRC5C,0.75,1,1,1.0,0.9863977,0.9863977
GPX6,0.75,1,1,1.0,0.96268433,0.96268433
GRAP2,0.75,1,1,1.0,0.9791296,0.9791296
GRB14,0.75,1,1,1.0,0.9914432,0.9914432
GRIFIN,0.75,1,1,1.0,0.8740446,0.8740446
GRINA,0.75,1,1,1.0,0.9913981,0.9913981
GRK3,0.75,1,1,1.0,0.97626424,0.97626424
GRK6,0.75,1,1,1.0,0.976487,0.976487
GRM2,0.75,1,1,1.0,0.9414382,0.9414382
GRN,0.75,1,1,1.0,0.9914185,0.9914185
GRPEL1,0.75,1,1,1.0,0.86535674,0.86535674
GSDMC,0.75,1,1,1.0,0.99142504,0.99142504
GSR,0.75,1,1,1.0,0.984649,0.984649
GTF2A1,0.75,1,1,1.0,0.976074,0.976074
GTF2E2,0.75,1,1,1.0,0.9913024,0.9913024
GTF2H1,0.75,1,1,1.0,0.98384386,0.98384386
GTF3C5,0.75,1,1,1.0,0.96083426,0.96083426
GTPBP10,0.75,1,1,1.0,0.9882238,0.9882238
GTPBP2,0.75,1,1,1.0,0.9905923,0.9905923
GTPBP8,0.75,1,1,1.0,0.991344,0.991344
GTSF1,0.75,1,1,1.0,0.99143434,0.99143434
GUCY1B1,0.75,1,1,1.0,0.9676734,0.9676734
GUF1,0.75,1,1,1.0,0.9909054,0.9909054
GZMH,0.75,1,1,1.0,0.86898106,0.86898106
H1-0,0.75,1,1,1.0,0.9830441,0.9830441
H1-6,0.75,1,1,1.0,0.865938,0.865938
H2AC17,0.75,1,1,1.0,0.9340028,0.9340028
H2AZ1,0.75,1,1,1.0,0.9914902,0.9914902
H2BC10,0.75,1,1,1.0,0.97559524,0.97559524
H2BC21,0.75,1,1,1.0,0.9893499,0.9893499
H3C11,0.75,1,1,1.0,0.9914657,0.9914657
H3C13,0.75,1,1,1.0,0.9912737,0.9912737
H3C8,0.75,1,1,1.0,0.97793853,0.97793853
H4C9,0.75,1,1,1.0,0.9823307,0.9823307
HACD4,0.75,1,1,1.0,0.99134946,0.99134946
HAGHL,0.75,1,1,1.0,0.988634,0.988634
HARS2,0.75,1,1,1.0,0.98397267,0.98397267
HAT1,0.75,1,1,1.0,0.89446354,0.89446354
HAUS2,0.75,1,1,1.0,0.7723008,0.7723008
HAUS3,0.75,1,1,1.0,0.9912826,0.9912826
HBE1,0.75,1,1,1.0,0.88358456,0.88358456
HBG2,0.75,1,1,1.0,0.98240936,0.98240936
HBZ,0.75,1,1,1.0,0.99150074,0.99150074
HCFC1,0.75,1,1,1.0,0.80799633,0.80799633
HDAC10,0.75,1,1,1.0,0.9914794,0.9914794
HDHD3,0.75,1,1,1.0,0.9913243,0.9913243
HEBP1,0.75,1,1,1.0,0.9914711,0.9914711
HECTD2,0.75,1,1,1.0,0.9903336,0.9903336
HEMK1,0.75,1,1,1.0,0.9566221,0.9566221
HEXB,0.75,1,1,1.0,0.9904935,0.9904935
HGD,0.75,1,1,1.0,0.9913039,0.9913039
HGH1,0.75,1,1,1.0,0.85239875,0.85239875
HGS,0.75,1,1,1.0,0.991295,0.991295
HHATL,0.75,1,1,1.0,0.9915081,0.9915081
HHLA2,0.75,1,1,1.0,0.93050677,0.93050677
HIF1A,0.75,1,1,1.0,0.9840338,0.9840338
HIF1AN,0.75,1,1,1.0,0.9908875,0.9908875
HINFP,0.75,1,1,1.0,0.9913669,0.9913669
HIRIP3,0.75,1,1,1.0,0.9650953,0.9650953
HLA-B,0.75,1,1,1.0,0.991409,0.991409
HLA-DPA1,0.75,1,1,1.0,0.8563671,0.8563671
HLA-DPB1,0.75,1,1,1.0,0.9870243,0.9870243
HLA-DRB1,0.75,1,1,1.0,0.9667622,0.9667622
HLA-G,0.75,1,1,1.0,0.9082984,0.9082984
HMG20B,0.75,1,1,1.0,0.97790706,0.97790706
HMGA1,0.75,1,1,1.0,0.98276454,0.98276454
HMGB3,0.75,1,1,1.0,0.9893889,0.9893889
HMGCLL1,0.75,1,1,1.0,0.984166,0.984166
HMGN1,0.75,1,1,1.0,0.99143994,0.99143994
HMOX2,0.75,1,1,1.0,0.9906097,0.9906097
HNF4G,0.75,1,1,1.0,0.90142965,0.90142965
HNMT,0.75,1,1,1.0,0.9437352,0.9437352
HNRNPA2B1,0.75,1,1,1.0,0.99142647,0.99142647
HNRNPH1,0.75,1,1,1.0,0.98137486,0.98137486
HNRNPLL,0.75,1,1,1.0,0.9681732,0.9681732
HOATZ,0.75,1,1,1.0,0.99097365,0.99097365
HOXA2,0.75,1,1,1.0,0.982463,0.982463
HOXA9,0.75,1,1,1.0,0.9874642,0.9874642
HOXC10,0.75,1,1,1.0,0.8280782,0.8280782
HOXD11,0.75,1,1,1.0,0.9739688,0.9739688
HOXD13,0.75,1,1,1.0,0.92403066,0.92403066
HOXD3,0.75,1,1,1.0,0.95698214,0.95698214
HOXD8,0.75,1,1,1.0,0.9875386,0.9875386
HPD,0.75,1,1,1.0,0.9913536,0.9913536
HPGDS,0.75,1,1,1.0,0.9623168,0.9623168
HRC,0.75,1,1,1.0,0.98726255,0.98726255
HRH1,0.75,1,1,1.0,0.9731802,0.9731802
HSD11B2,0.75,1,1,1.0,0.9735656,0.9735656
HSD17B13,0.75,1,1,1.0,0.98324376,0.98324376
HSH2D,0.75,1,1,1.0,0.89602685,0.89602685
HSPA12B,0.75,1,1,1.0,0.9776989,0.9776989
HSPA1A,0.75,1,1,1.0,0.9418127,0.9418127
HSPA4L,0.75,1,1,1.0,0.97269374,0.97269374
HSPA5,0.75,1,1,1.0,0.99131256,0.99131256
HSPB2,0.75,1,1,1.0,0.99120003,0.99120003
HSPE1,0.75,1,1,1.0,0.9285026,0.9285026
HTATSF1,0.75,1,1,1.0,0.8885488,0.8885488
HTR2B,0.75,1,1,1.0,0.9702698,0.9702698
HTR6,0.75,1,1,1.0,0.9315783,0.9315783
HVCN1,0.75,1,1,1.0,0.9743759,0.9743759
HYAL3,0.75,1,1,1.0,0.9914164,0.9914164
HYLS1,0.75,1,1,1.0,0.9914995,0.9914995
IAPP,0.75,1,1,1.0,0.9913344,0.9913344
IDH3A,0.75,1,1,1.0,0.91170096,0.91170096
IDH3B,0.75,1,1,1.0,0.9776789,0.9776789
IDNK,0.75,1,1,1.0,0.96609336,0.96609336
IFFO1,0.75,1,1,1.0,0.8046398,0.8046398
IFIH1,0.75,1,1,1.0,0.97962534,0.97962534
IFNA1,0.75,1,1,1.0,0.7712342,0.7712342
IFNA14,0.75,1,1,1.0,0.76251996,0.76251996
IFNA16,0.75,1,1,1.0,0.9803403,0.9803403
IFNA5,0.75,1,1,1.0,0.99129206,0.99129206
IFNA6,0.75,1,1,1.0,0.99139434,0.99139434
IFNAR2,0.75,1,1,1.0,0.8131385,0.8131385
IFNGR1,0.75,1,1,1.0,0.93778944,0.93778944
IFNK,0.75,1,1,1.0,0.941774,0.941774
IFNL2,0.75,1,1,1.0,0.98234034,0.98234034
IFRD1,0.75,1,1,1.0,0.99122405,0.99122405
IFT20,0.75,1,1,1.0,0.99147123,0.99147123
IFT27,0.75,1,1,1.0,0.7634371,0.7634371
IFT52,0.75,1,1,1.0,0.9913458,0.9913458
IFT81,0.75,1,1,1.0,0.9914758,0.9914758
IGDCC4,0.75,1,1,1.0,0.9557267,0.9557267
IGFBP1,0.75,1,1,1.0,0.99147886,0.99147886
IGFL4,0.75,1,1,1.0,0.9860286,0.9860286
IGHV1-24,0.75,1,1,1.0,0.9550318,0.9550318
IGHV2-70,0.75,1,1,1.0,0.832948,0.832948
IGHV3-23,0.75,1,1,1.0,0.99050784,0.99050784
IGHV3-30,0.75,1,1,1.0,0.98125494,0.98125494
IGHV3-53,0.75,1,1,1.0,0.9028206,0.9028206
IGHV3-72,0.75,1,1,1.0,0.82721317,0.82721317
IGHV3-74,0.75,1,1,1.0,0.90104246,0.90104246
IGHV4-59,0.75,1,1,1.0,0.95941985,0.95941985
IGHV7-81,0.75,1,1,1.0,0.8372583,0.8372583
IGKV1-8,0.75,1,1,1.0,0.97716993,0.97716993
IGKV1OR22-5,0.75,1,1,1.0,0.88038236,0.88038236
IGKV2-24,0.75,1,1,1.0,0.98341423,0.98341423
IGLL1,0.75,1,1,1.0,0.99127835,0.99127835
IGLV1-36,0.75,1,1,1.0,0.95851153,0.95851153
IGLV2-18,0.75,1,1,1.0,0.79734474,0.79734474
IGLV2-33,0.75,1,1,1.0,0.9547458,0.9547458
IGLV4-60,0.75,1,1,1.0,0.77978605,0.77978605
IL10,0.75,1,1,1.0,0.98460346,0.98460346
IL17B,0.75,1,1,1.0,0.9913874,0.9913874
IL1B,0.75,1,1,1.0,0.90892375,0.90892375
IL1RAP,0.75,1,1,1.0,0.9902997,0.9902997
IL33,0.75,1,1,1.0,0.98141325,0.98141325
IL34,0.75,1,1,1.0,0.9900378,0.9900378
IL36G,0.75,1,1,1.0,0.9904357,0.9904357
IL37,0.75,1,1,1.0,0.9856396,0.9856396
ILF2,0.75,1,1,1.0,0.9808653,0.9808653
IMP4,0.75,1,1,1.0,0.927421,0.927421
IMPA1,0.75,1,1,1.0,0.9571799,0.9571799
INAVA,0.75,1,1,1.0,0.9913988,0.9913988
INKA2,0.75,1,1,1.0,0.99132407,0.99132407
INSM2,0.75,1,1,1.0,0.97120553,0.97120553
INTU,0.75,1,1,1.0,0.9871984,0.9871984
IPMK,0.75,1,1,1.0,0.91960293,0.91960293
IQCC,0.75,1,1,1.0,0.8057751,0.8057751
IQCJ-SCHIP1,0.75,1,1,1.0,0.9899565,0.9899565
IRAK1BP1,0.75,1,1,1.0,0.974441,0.974441
IREB2,0.75,1,1,1.0,0.9280276,0.9280276
ISCA1P1,0.75,1,1,1.0,0.7873262,0.7873262
ISL2,0.75,1,1,1.0,0.99138135,0.99138135
IST1,0.75,1,1,1.0,0.7907757,0.7907757
ISY1-RAB43,0.75,1,1,1.0,0.98153174,0.98153174
ITGA5,0.75,1,1,1.0,0.9915093,0.9915093
ITGBL1,0.75,1,1,1.0,0.7561486,0.7561486
ITLN2,0.75,1,1,1.0,0.93851906,0.93851906
JAM3,0.75,1,1,1.0,0.9913901,0.9913901
JMJD6,0.75,1,1,1.0,0.92470616,0.92470616
JUND,0.75,1,1,1.0,0.9886354,0.9886354
KANSL1L,0.75,1,1,1.0,0.9215159,0.9215159
KAT2A,0.75,1,1,1.0,0.8019496,0.8019496
KATNAL1,0.75,1,1,1.0,0.9503054,0.9503054
KBTBD7,0.75,1,1,1.0,0.9913981,0.9913981
KBTBD8,0.75,1,1,1.0,0.98194444,0.98194444
KCNAB2,0.75,1,1,1.0,0.98602784,0.98602784
KCNAB3,0.75,1,1,1.0,0.99129796,0.99129796
KCNG3,0.75,1,1,1.0,0.9672345,0.9672345
KCNG4,0.75,1,1,1.0,0.9718607,0.9718607
KCNIP1,0.75,1,1,1.0,0.9913837,0.9913837
KCNIP3,0.75,1,1,1.0,0.97712564,0.97712564
KCNIP4,0.75,1,1,1.0,0.97187567,0.97187567
KCNJ13,0.75,1,1,1.0,0.9913874,0.9913874
KCNJ14,0.75,1,1,1.0,0.9910812,0.9910812
KCNJ6,0.75,1,1,1.0,0.9913919,0.9913919
KCNK1,0.75,1,1,1.0,0.9914498,0.9914498
KCNK15,0.75,1,1,1.0,0.96874017,0.96874017
KCNK4,0.75,1,1,1.0,0.8436599,0.8436599
KCNK7,0.75,1,1,1.0,0.9658707,0.9658707
KCNMB3,0.75,1,1,1.0,0.99127007,0.99127007
KCNMB4,0.75,1,1,1.0,0.9914699,0.9914699
KCNN1,0.75,1,1,1.0,0.98602957,0.98602957
KCTD1,0.75,1,1,1.0,0.9912792,0.9912792
KCTD14,0.75,1,1,1.0,0.98667616,0.98667616
KCTD8,0.75,1,1,1.0,0.8244126,0.8244126
KDELR2,0.75,1,1,1.0,0.99144286,0.99144286
KDF1,0.75,1,1,1.0,0.98603046,0.98603046
KEAP1,0.75,1,1,1.0,0.9913306,0.9913306
KHDRBS1,0.75,1,1,1.0,0.95576847,0.95576847
KIAA0319L,0.75,1,1,1.0,0.991392,0.991392
KIAA0513,0.75,1,1,1.0,0.9850042,0.9850042
KIAA0586,0.75,1,1,1.0,0.9718328,0.9718328
KIAA0895,0.75,1,1,1.0,0.82115436,0.82115436
KIAA0895L,0.75,1,1,1.0,0.9898352,0.9898352
KIF25,0.75,1,1,1.0,0.91907704,0.91907704
KIF3B,0.75,1,1,1.0,0.81729436,0.81729436
KIFC1,0.75,1,1,1.0,0.8917423,0.8917423
KISS1R,0.75,1,1,1.0,0.9578347,0.9578347
KLC1,0.75,1,1,1.0,0.93601483,0.93601483
KLC3,0.75,1,1,1.0,0.85707545,0.85707545
KLF2,0.75,1,1,1.0,0.9910226,0.9910226
KLHDC10,0.75,1,1,1.0,0.95674235,0.95674235
KLHDC7B,0.75,1,1,1.0,0.99144894,0.99144894
KLHL14,0.75,1,1,1.0,0.99143606,0.99143606
KLHL17,0.75,1,1,1.0,0.99141324,0.99141324
KLHL22,0.75,1,1,1.0,0.92806584,0.92806584
KLHL31,0.75,1,1,1.0,0.9733901,0.9733901
KLHL35,0.75,1,1,1.0,0.9866867,0.9866867
KLK11,0.75,1,1,1.0,0.9886497,0.9886497
KLK14,0.75,1,1,1.0,0.97932154,0.97932154
KLK3,0.75,1,1,1.0,0.9913316,0.9913316
KLRA1P,0.75,1,1,1.0,0.98746395,0.98746395
KLRC4,0.75,1,1,1.0,0.97348195,0.97348195
KMO,0.75,1,1,1.0,0.93258524,0.93258524
KMT5C,0.75,1,1,1.0,0.9782672,0.9782672
KPNA1,0.75,1,1,1.0,0.94951457,0.94951457
KPNA4,0.75,1,1,1.0,0.96655107,0.96655107
KPNB1,0.75,1,1,1.0,0.9362724,0.9362724
KRR1,0.75,1,1,1.0,0.9890933,0.9890933
KRT18P55,0.75,1,1,1.0,0.9914603,0.9914603
KRT5,0.75,1,1,1.0,0.9904953,0.9904953
KRT6C,0.75,1,1,1.0,0.9915005,0.9915005
KRT84,0.75,1,1,1.0,0.9307766,0.9307766
KRT85,0.75,1,1,1.0,0.89836675,0.89836675
KRTAP13-2,0.75,1,1,1.0,0.8791365,0.8791365
KRTAP15-1,0.75,1,1,1.0,0.96812046,0.96812046
KRTAP19-3,0.75,1,1,1.0,0.94349647,0.94349647
KRTAP19-4,0.75,1,1,1.0,0.99001956,0.99001956
KRTAP22-1,0.75,1,1,1.0,0.99142504,0.99142504
KRTAP4-2,0.75,1,1,1.0,0.99136156,0.99136156
KRTAP5-2,0.75,1,1,1.0,0.97768253,0.97768253
KRTAP5-8,0.75,1,1,1.0,0.90105224,0.90105224
KRTAP6-3,0.75,1,1,1.0,0.9912941,0.9912941
KRTAP8-1,0.75,1,1,1.0,0.9765227,0.9765227
KRTAP9-2,0.75,1,1,1.0,0.9913557,0.9913557
KRTAP9-4,0.75,1,1,1.0,0.98966867,0.98966867
KRTDAP,0.75,1,1,1.0,0.9907872,0.9907872
L3MBTL3,0.75,1,1,1.0,0.97793156,0.97793156
LAPTM4A,0.75,1,1,1.0,0.9480967,0.9480967
LARP7,0.75,1,1,1.0,0.8507321,0.8507321
LBX2,0.75,1,1,1.0,0.971439,0.971439
LCA5L,0.75,1,1,1.0,0.9910971,0.9910971
LCE1C,0.75,1,1,1.0,0.8801202,0.8801202
LCE1D,0.75,1,1,1.0,0.77264833,0.77264833
LCE2D,0.75,1,1,1.0,0.9912664,0.9912664
LCE3E,0.75,1,1,1.0,0.7608255,0.7608255
LCE4A,0.75,1,1,1.0,0.9456575,0.9456575
LCN15,0.75,1,1,1.0,0.9914431,0.9914431
LCN6,0.75,1,1,1.0,0.93227285,0.93227285
LCN8,0.75,1,1,1.0,0.9913043,0.9913043
LCORL,0.75,1,1,1.0,0.9841675,0.9841675
LDLRAD1,0.75,1,1,1.0,0.9910052,0.9910052
LEMD1,0.75,1,1,1.0,0.9914574,0.9914574
LGALS4,0.75,1,1,1.0,0.99145365,0.99145365
LGMN,0.75,1,1,1.0,0.97957295,0.97957295
LHX1,0.75,1,1,1.0,0.9915031,0.9915031
LHX2,0.75,1,1,1.0,0.9894163,0.9894163
LIM2,0.75,1,1,1.0,0.76081055,0.76081055
LIMD1,0.75,1,1,1.0,0.9609276,0.9609276
LINC00303,0.75,1,1,1.0,0.99148303,0.99148303
LINC02210-CRHR1,0.75,1,1,1.0,0.991379,0.991379
LINS1,0.75,1,1,1.0,0.87945855,0.87945855
LIPH,0.75,1,1,1.0,0.990308,0.990308
LIX1,0.75,1,1,1.0,0.9903358,0.9903358
LMBR1L,0.75,1,1,1.0,0.99049556,0.99049556
LMO1,0.75,1,1,1.0,0.97832674,0.97832674
LMO2,0.75,1,1,1.0,0.9909672,0.9909672
LMTK3,0.75,1,1,1.0,0.9483208,0.9483208
LNP1,0.75,1,1,1.0,0.99131036,0.99131036
LRMDA,0.75,1,1,1.0,0.98520607,0.98520607
LRP10,0.75,1,1,1.0,0.97034824,0.97034824
LRR1,0.75,1,1,1.0,0.9218747,0.9218747
LRRC10,0.75,1,1,1.0,0.9912128,0.9912128
LRRC20,0.75,1,1,1.0,0.9914135,0.9914135
LRRC27,0.75,1,1,1.0,0.98622847,0.98622847
LRRC28,0.75,1,1,1.0,0.84967005,0.84967005
LRRC4,0.75,1,1,1.0,0.9838987,0.9838987
LRRC42,0.75,1,1,1.0,0.99145573,0.99145573
LRRC47,0.75,1,1,1.0,0.9875014,0.9875014
LRRC59,0.75,1,1,1.0,0.98429984,0.98429984
LRRC61,0.75,1,1,1.0,0.99128765,0.99128765
LRRC8A,0.75,1,1,1.0,0.9871793,0.9871793
LRRFIP2,0.75,1,1,1.0,0.9915023,0.9915023
LRRN3,0.75,1,1,1.0,0.99126726,0.99126726
LSM14A,0.75,1,1,1.0,0.88417375,0.88417375
LSM14B,0.75,1,1,1.0,0.9914442,0.9914442
LSM2,0.75,1,1,1.0,0.9786185,0.9786185
LSM3,0.75,1,1,1.0,0.97832537,0.97832537
LTA,0.75,1,1,1.0,0.8241358,0.8241358
LTK,0.75,1,1,1.0,0.93081963,0.93081963
LTV1,0.75,1,1,1.0,0.99090916,0.99090916
LUC7L3,0.75,1,1,1.0,0.9795624,0.9795624
LURAP1L,0.75,1,1,1.0,0.99127835,0.99127835
LXN,0.75,1,1,1.0,0.99067897,0.99067897
LY6G5B,0.75,1,1,1.0,0.91054875,0.91054875
LYG1,0.75,1,1,1.0,0.9814107,0.9814107
LYNX1-SLURP2,0.75,1,1,1.0,0.98603106,0.98603106
LYPD3,0.75,1,1,1.0,0.9856808,0.9856808
LYPD5,0.75,1,1,1.0,0.9907863,0.9907863
LYZL4,0.75,1,1,1.0,0.9913867,0.9913867
LZTS3,0.75,1,1,1.0,0.9798151,0.9798151
MAD2L1,0.75,1,1,1.0,0.9703471,0.9703471
MAFF,0.75,1,1,1.0,0.94875664,0.94875664
MAGEL2,0.75,1,1,1.0,0.975201,0.975201
MAGT1,0.75,1,1,1.0,0.9717605,0.9717605
MAIP1,0.75,1,1,1.0,0.9771523,0.9771523
MAJIN,0.75,1,1,1.0,0.9912294,0.9912294
MAK,0.75,1,1,1.0,0.9356081,0.9356081
MAK16,0.75,1,1,1.0,0.9095372,0.9095372
MAL,0.75,1,1,1.0,0.8690357,0.8690357
MALAT1,0.75,1,1,1.0,0.98155516,0.98155516
MAML3,0.75,1,1,1.0,0.98948634,0.98948634
MANBA,0.75,1,1,1.0,0.9509632,0.9509632
MANF,0.75,1,1,1.0,0.9765204,0.9765204
MAP3K7CL,0.75,1,1,1.0,0.97419083,0.97419083
MAP3K8,0.75,1,1,1.0,0.990244,0.990244
MAPK14,0.75,1,1,1.0,0.9878114,0.9878114
MAPKAP1,0.75,1,1,1.0,0.9914352,0.9914352
MAPKAPK3,0.75,1,1,1.0,0.99140394,0.99140394
MARCHF11,0.75,1,1,1.0,0.92585784,0.92585784
MARCHF5,0.75,1,1,1.0,0.97276783,0.97276783
MARCHF7,0.75,1,1,1.0,0.8885155,0.8885155
MAT2B,0.75,1,1,1.0,0.95170707,0.95170707
MATN3,0.75,1,1,1.0,0.99148506,0.99148506
MAU2,0.75,1,1,1.0,0.99028647,0.99028647
MBD6,0.75,1,1,1.0,0.99057263,0.99057263
MBLAC2,0.75,1,1,1.0,0.99144065,0.99144065
MBOAT2,0.75,1,1,1.0,0.79892075,0.79892075
MC1R,0.75,1,1,1.0,0.99139214,0.99139214
MCCC2,0.75,1,1,1.0,0.9914028,0.9914028
MCEMP1,0.75,1,1,1.0,0.9311671,0.9311671
MCM10,0.75,1,1,1.0,0.9260765,0.9260765
MDFIC,0.75,1,1,1.0,0.9913196,0.9913196
MDH1,0.75,1,1,1.0,0.9703132,0.9703132
MED17,0.75,1,1,1.0,0.9383581,0.9383581
MED18,0.75,1,1,1.0,0.76860803,0.76860803
MED27,0.75,1,1,1.0,0.98542607,0.98542607
MED28,0.75,1,1,1.0,0.9772978,0.9772978
MED6,0.75,1,1,1.0,0.9892681,0.9892681
MEF2D,0.75,1,1,1.0,0.9913794,0.9913794
MEIS2,0.75,1,1,1.0,0.98961496,0.98961496
MEOX2,0.75,1,1,1.0,0.9914493,0.9914493
METAP1D,0.75,1,1,1.0,0.9808832,0.9808832
METTL18,0.75,1,1,1.0,0.9903978,0.9903978
METTL22,0.75,1,1,1.0,0.9773796,0.9773796
METTL25,0.75,1,1,1.0,0.9874178,0.9874178
METTL27,0.75,1,1,1.0,0.92858857,0.92858857
METTL2B,0.75,1,1,1.0,0.8357529,0.8357529
METTL3,0.75,1,1,1.0,0.9417921,0.9417921
METTL4,0.75,1,1,1.0,0.9912559,0.9912559
METTL9,0.75,1,1,1.0,0.9663902,0.9663902
MEX3A,0.75,1,1,1.0,0.98623264,0.98623264
MFAP5,0.75,1,1,1.0,0.98852146,0.98852146
MFSD14B,0.75,1,1,1.0,0.9480245,0.9480245
MFSD4A,0.75,1,1,1.0,0.85709244,0.85709244
MGAT5,0.75,1,1,1.0,0.9910868,0.9910868
MGST3,0.75,1,1,1.0,0.99062437,0.99062437
MICAL2,0.75,1,1,1.0,0.99138707,0.99138707
MIEF2,0.75,1,1,1.0,0.96728265,0.96728265
MIER2,0.75,1,1,1.0,0.99133575,0.99133575
MIGA2,0.75,1,1,1.0,0.8497968,0.8497968
MINDY1,0.75,1,1,1.0,0.9915023,0.9915023
MINDY2,0.75,1,1,1.0,0.94055134,0.94055134
MINDY3,0.75,1,1,1.0,0.8929927,0.8929927
MIPOL1,0.75,1,1,1.0,0.9655704,0.9655704
MIR1185-2,0.75,1,1,1.0,0.97035587,0.97035587
MIR133B,0.75,1,1,1.0,0.97277653,0.97277653
MIR147A,0.75,1,1,1.0,0.84055656,0.84055656
MIR30C2,0.75,1,1,1.0,0.8632273,0.8632273
MIR325,0.75,1,1,1.0,0.95218426,0.95218426
MIR371A,0.75,1,1,1.0,0.9799473,0.9799473
MIR411,0.75,1,1,1.0,0.8401591,0.8401591
MIR513B,0.75,1,1,1.0,0.9889157,0.9889157
MIR517A,0.75,1,1,1.0,0.99125177,0.99125177
MIR518C,0.75,1,1,1.0,0.98602504,0.98602504
MIR519C,0.75,1,1,1.0,0.9914914,0.9914914
MIR519D,0.75,1,1,1.0,0.991321,0.991321
MIR525,0.75,1,1,1.0,0.9835581,0.9835581
MIR541,0.75,1,1,1.0,0.9667522,0.9667522
MIR543,0.75,1,1,1.0,0.98338944,0.98338944
MIR548I2,0.75,1,1,1.0,0.9864835,0.9864835
MIR550A2,0.75,1,1,1.0,0.99095905,0.99095905
MIR646,0.75,1,1,1.0,0.99133295,0.99133295
MIR654,0.75,1,1,1.0,0.97627604,0.97627604
MLN,0.75,1,1,1.0,0.9712504,0.9712504
MMP11,0.75,1,1,1.0,0.9902608,0.9902608
MOG,0.75,1,1,1.0,0.961647,0.961647
MOGAT1,0.75,1,1,1.0,0.96933246,0.96933246
MOGAT2,0.75,1,1,1.0,0.9741915,0.9741915
MON1A,0.75,1,1,1.0,0.991443,0.991443
MORF4L1,0.75,1,1,1.0,0.93306977,0.93306977
MOS,0.75,1,1,1.0,0.87265325,0.87265325
MPLKIP,0.75,1,1,1.0,0.9912776,0.9912776
MPP2,0.75,1,1,1.0,0.99150753,0.99150753
MPZL3,0.75,1,1,1.0,0.99076486,0.99076486
MRAP2,0.75,1,1,1.0,0.9832182,0.9832182
MRFAP1L1,0.75,1,1,1.0,0.9384315,0.9384315
MRM1,0.75,1,1,1.0,0.87455344,0.87455344
MRNIP,0.75,1,1,1.0,0.88341236,0.88341236
MROH1,0.75,1,1,1.0,0.99136883,0.99136883
MRPL14,0.75,1,1,1.0,0.9876951,0.9876951
MRPL19,0.75,1,1,1.0,0.9789373,0.9789373
MRPL20,0.75,1,1,1.0,0.9914471,0.9914471
MRPL3,0.75,1,1,1.0,0.9699532,0.9699532
MRPL35,0.75,1,1,1.0,0.9890082,0.9890082
MRPL55,0.75,1,1,1.0,0.838018,0.838018
MRPL58,0.75,1,1,1.0,0.99144274,0.99144274
MRPS10,0.75,1,1,1.0,0.99126095,0.99126095
MRPS12,0.75,1,1,1.0,0.9913726,0.9913726
MRPS30,0.75,1,1,1.0,0.9816326,0.9816326
MSC,0.75,1,1,1.0,0.9914518,0.9914518
MSI1,0.75,1,1,1.0,0.9906475,0.9906475
MSI2,0.75,1,1,1.0,0.99142504,0.99142504
MSL1,0.75,1,1,1.0,0.8039061,0.8039061
MSRA,0.75,1,1,1.0,0.9913799,0.9913799
MST1,0.75,1,1,1.0,0.98793143,0.98793143
MSTN,0.75,1,1,1.0,0.9799345,0.9799345
MT1H,0.75,1,1,1.0,0.99149793,0.99149793
MTAP,0.75,1,1,1.0,0.96905553,0.96905553
MTFR1L,0.75,1,1,1.0,0.9701761,0.9701761
MTHFD1,0.75,1,1,1.0,0.87538564,0.87538564
MTHFSD,0.75,1,1,1.0,0.9876988,0.9876988
MTIF3,0.75,1,1,1.0,0.97769064,0.97769064
MTMR9,0.75,1,1,1.0,0.98494095,0.98494095
MTPAP,0.75,1,1,1.0,0.9538824,0.9538824
MTRES1,0.75,1,1,1.0,0.9914282,0.9914282
MTRF1L,0.75,1,1,1.0,0.99134505,0.99134505
MTX1,0.75,1,1,1.0,0.98077065,0.98077065
MUC21,0.75,1,1,1.0,0.9849679,0.9849679
MXD4,0.75,1,1,1.0,0.991306,0.991306
MXI1,0.75,1,1,1.0,0.99040717,0.99040717
MXRA7,0.75,1,1,1.0,0.9912553,0.9912553
MYBPHL,0.75,1,1,1.0,0.99150014,0.99150014
MYD88,0.75,1,1,1.0,0.9914704,0.9914704
MYL10,0.75,1,1,1.0,0.99000764,0.99000764
MYL3,0.75,1,1,1.0,0.98098844,0.98098844
MYL5,0.75,1,1,1.0,0.99005437,0.99005437
MYL6B,0.75,1,1,1.0,0.9557271,0.9557271
MYNN,0.75,1,1,1.0,0.9913907,0.9913907
MYOT,0.75,1,1,1.0,0.98890746,0.98890746
MYOZ2,0.75,1,1,1.0,0.9114549,0.9114549
MZT2B,0.75,1,1,1.0,0.9912463,0.9912463
NAA10,0.75,1,1,1.0,0.99067897,0.99067897
NAA60,0.75,1,1,1.0,0.99042445,0.99042445
NACA2,0.75,1,1,1.0,0.95493585,0.95493585
NAGS,0.75,1,1,1.0,0.96199226,0.96199226
NAIF1,0.75,1,1,1.0,0.9913816,0.9913816
NAP1L5,0.75,1,1,1.0,0.81108856,0.81108856
NAPA,0.75,1,1,1.0,0.9776349,0.9776349
NAPB,0.75,1,1,1.0,0.96963567,0.96963567
NAPG,0.75,1,1,1.0,0.99148166,0.99148166
NARF,0.75,1,1,1.0,0.99135953,0.99135953
NASP,0.75,1,1,1.0,0.98733985,0.98733985
NAT1,0.75,1,1,1.0,0.9721667,0.9721667
NAT10,0.75,1,1,1.0,0.9705594,0.9705594
NAT8,0.75,1,1,1.0,0.83544636,0.83544636
NBPF7,0.75,1,1,1.0,0.99138486,0.99138486
NBPF9,0.75,1,1,1.0,0.9867639,0.9867639
NCAM2,0.75,1,1,1.0,0.99132967,0.99132967
NCBP1,0.75,1,1,1.0,0.9863063,0.9863063
NCOA4,0.75,1,1,1.0,0.96775645,0.96775645
NCR2,0.75,1,1,1.0,0.76640975,0.76640975
NDOR1,0.75,1,1,1.0,0.99083287,0.99083287
NDRG3,0.75,1,1,1.0,0.9914716,0.9914716
NDUFA5,0.75,1,1,1.0,0.9658102,0.9658102
NDUFA9,0.75,1,1,1.0,0.9628514,0.9628514
NDUFAF2,0.75,1,1,1.0,0.99073094,0.99073094
NDUFAF4,0.75,1,1,1.0,0.9568122,0.9568122
NDUFB6,0.75,1,1,1.0,0.9884979,0.9884979
NDUFS4,0.75,1,1,1.0,0.97666967,0.97666967
NEIL2,0.75,1,1,1.0,0.928012,0.928012
NEK11,0.75,1,1,1.0,0.9914398,0.9914398
NEU3,0.75,1,1,1.0,0.9688014,0.9688014
NFYB,0.75,1,1,1.0,0.9691038,0.9691038
NGDN,0.75,1,1,1.0,0.8672933,0.8672933
NGEF,0.75,1,1,1.0,0.9751501,0.9751501
NHLRC3,0.75,1,1,1.0,0.93457294,0.93457294
NINJ2,0.75,1,1,1.0,0.94033027,0.94033027
NIP7,0.75,1,1,1.0,0.990092,0.990092
NIPSNAP3A,0.75,1,1,1.0,0.9301009,0.9301009
NKG7,0.75,1,1,1.0,0.97196645,0.97196645
NKIRAS2,0.75,1,1,1.0,0.95054305,0.95054305
NLK,0.75,1,1,1.0,0.9779288,0.9779288
NME4,0.75,1,1,1.0,0.9687233,0.9687233
NME5,0.75,1,1,1.0,0.9914718,0.9914718
NMRAL1,0.75,1,1,1.0,0.9913756,0.9913756
NMRK1,0.75,1,1,1.0,0.9913754,0.9913754
NNMT,0.75,1,1,1.0,0.99063385,0.99063385
NNT,0.75,1,1,1.0,0.9707464,0.9707464
NOA1,0.75,1,1,1.0,0.9914511,0.9914511
NOL9,0.75,1,1,1.0,0.80486846,0.80486846
NOP58,0.75,1,1,1.0,0.93442,0.93442
NOP9,0.75,1,1,1.0,0.9215583,0.9215583
NOTUM,0.75,1,1,1.0,0.99145365,0.99145365
NPIPA1,0.75,1,1,1.0,0.99128586,0.99128586
NPL,0.75,1,1,1.0,0.98015434,0.98015434
NPM1,0.75,1,1,1.0,0.8961653,0.8961653
NPY1R,0.75,1,1,1.0,0.97032183,0.97032183
NR0B1,0.75,1,1,1.0,0.86111146,0.86111146
NR1H2,0.75,1,1,1.0,0.9839257,0.9839257
NR1I2,0.75,1,1,1.0,0.9914552,0.9914552
NR3C1,0.75,1,1,1.0,0.9913741,0.9913741
NRBF2,0.75,1,1,1.0,0.97829026,0.97829026
NREP,0.75,1,1,1.0,0.93160766,0.93160766
NRG2,0.75,1,1,1.0,0.9868357,0.9868357
NRG4,0.75,1,1,1.0,0.9819713,0.9819713
NRN1L,0.75,1,1,1.0,0.81756836,0.81756836
NSDHL,0.75,1,1,1.0,0.9811125,0.9811125
NSG2,0.75,1,1,1.0,0.96291167,0.96291167
NSUN6,0.75,1,1,1.0,0.81504005,0.81504005
NT5C,0.75,1,1,1.0,0.99148047,0.99148047
NT5C3A,0.75,1,1,1.0,0.99011314,0.99011314
NT5DC3,0.75,1,1,1.0,0.752249,0.752249
NT5E,0.75,1,1,1.0,0.99138486,0.99138486
NTAN1,0.75,1,1,1.0,0.870698,0.870698
NTMT1,0.75,1,1,1.0,0.99139714,0.99139714
NTPCR,0.75,1,1,1.0,0.9910715,0.9910715
NUDCD3,0.75,1,1,1.0,0.9913175,0.9913175
NUDT1,0.75,1,1,1.0,0.98924154,0.98924154
NUDT13,0.75,1,1,1.0,0.9575792,0.9575792
NUDT16,0.75,1,1,1.0,0.9910924,0.9910924
NUDT2,0.75,1,1,1.0,0.765607,0.765607
NUDT7,0.75,1,1,1.0,0.9767395,0.9767395
NUFIP2,0.75,1,1,1.0,0.988794,0.988794
NUGGC,0.75,1,1,1.0,0.97904164,0.97904164
NUP37,0.75,1,1,1.0,0.98910904,0.98910904
NUTM2A,0.75,1,1,1.0,0.976704,0.976704
NUTM2G,0.75,1,1,1.0,0.99109745,0.99109745
NXPE1,0.75,1,1,1.0,0.8920246,0.8920246
NYX,0.75,1,1,1.0,0.84444666,0.84444666
OAT,0.75,1,1,1.0,0.9826583,0.9826583
OAZ1,0.75,1,1,1.0,0.9566316,0.9566316
ODF3L2,0.75,1,1,1.0,0.97750455,0.97750455
OGFOD2,0.75,1,1,1.0,0.99137306,0.99137306
OLA1,0.75,1,1,1.0,0.9915023,0.9915023
OLFM2,0.75,1,1,1.0,0.8244071,0.8244071
OPALIN,0.75,1,1,1.0,0.97948325,0.97948325
OPN3,0.75,1,1,1.0,0.96308994,0.96308994
OPTC,0.75,1,1,1.0,0.9913532,0.9913532
OR10G7,0.75,1,1,1.0,0.9856192,0.9856192
OR10J1,0.75,1,1,1.0,0.9871796,0.9871796
OR10T2,0.75,1,1,1.0,0.97165537,0.97165537
OR13C4,0.75,1,1,1.0,0.99144405,0.99144405
OR13C5,0.75,1,1,1.0,0.97782224,0.97782224
OR13J1,0.75,1,1,1.0,0.9041876,0.9041876
OR1A2,0.75,1,1,1.0,0.99138707,0.99138707
OR1J2,0.75,1,1,1.0,0.9913613,0.9913613
OR1K1,0.75,1,1,1.0,0.9913489,0.9913489
OR2A4,0.75,1,1,1.0,0.94124943,0.94124943
OR2A5,0.75,1,1,1.0,0.99093515,0.99093515
OR2AE1,0.75,1,1,1.0,0.99122953,0.99122953
OR2G3,0.75,1,1,1.0,0.9914307,0.9914307
OR2U1P,0.75,1,1,1.0,0.9914786,0.9914786
OR2W1,0.75,1,1,1.0,0.9913487,0.9913487
OR3A1,0.75,1,1,1.0,0.99126726,0.99126726
OR4A16,0.75,1,1,1.0,0.9913769,0.9913769
OR4F15,0.75,1,1,1.0,0.9763471,0.9763471
OR4F17,0.75,1,1,1.0,0.9605822,0.9605822
OR4F4,0.75,1,1,1.0,0.9913617,0.9913617
OR51B2,0.75,1,1,1.0,0.98209065,0.98209065
OR51V1,0.75,1,1,1.0,0.9371379,0.9371379
OR52A4P,0.75,1,1,1.0,0.97031677,0.97031677
OR52B4,0.75,1,1,1.0,0.95463675,0.95463675
OR52I1,0.75,1,1,1.0,0.9070597,0.9070597
OR52N2,0.75,1,1,1.0,0.9176986,0.9176986
OR56B4,0.75,1,1,1.0,0.941421,0.941421
OR5A2,0.75,1,1,1.0,0.9868929,0.9868929
OR5AP2,0.75,1,1,1.0,0.9908619,0.9908619
OR5B2,0.75,1,1,1.0,0.97597337,0.97597337
OR5B21,0.75,1,1,1.0,0.9913258,0.9913258
OR5H15,0.75,1,1,1.0,0.9914181,0.9914181
OR5V1,0.75,1,1,1.0,0.94135803,0.94135803
OR6C2,0.75,1,1,1.0,0.9580917,0.9580917
OR6C74,0.75,1,1,1.0,0.9155937,0.9155937
OR6X1,0.75,1,1,1.0,0.969963,0.969963
OR8B12,0.75,1,1,1.0,0.9912621,0.9912621
ORAI2,0.75,1,1,1.0,0.9658978,0.9658978
ORMDL2,0.75,1,1,1.0,0.98734134,0.98734134
ORMDL3,0.75,1,1,1.0,0.99128175,0.99128175
OS9,0.75,1,1,1.0,0.8376438,0.8376438
OSBPL2,0.75,1,1,1.0,0.83639085,0.83639085
OSBPL5,0.75,1,1,1.0,0.9670027,0.9670027
OSBPL7,0.75,1,1,1.0,0.97832537,0.97832537
OSBPL9,0.75,1,1,1.0,0.9397133,0.9397133
OSGIN1,0.75,1,1,1.0,0.99083203,0.99083203
OTUD3,0.75,1,1,1.0,0.8365717,0.8365717
OTUD7A,0.75,1,1,1.0,0.8855267,0.8855267
OXCT2,0.75,1,1,1.0,0.92384785,0.92384785
OXNAD1,0.75,1,1,1.0,0.9741182,0.9741182
P2RX6,0.75,1,1,1.0,0.9658703,0.9658703
PABPC5,0.75,1,1,1.0,0.9045181,0.9045181
PABPN1,0.75,1,1,1.0,0.84050477,0.84050477
PAGE1,0.75,1,1,1.0,0.9860218,0.9860218
PAIP2B,0.75,1,1,1.0,0.9745885,0.9745885
PAK1IP1,0.75,1,1,1.0,0.9616928,0.9616928
PALMD,0.75,1,1,1.0,0.9229665,0.9229665
PANK2,0.75,1,1,1.0,0.8701816,0.8701816
PAPSS2,0.75,1,1,1.0,0.99134916,0.99134916
PAQR7,0.75,1,1,1.0,0.9832517,0.9832517
PARK7,0.75,1,1,1.0,0.96965283,0.96965283
PARN,0.75,1,1,1.0,0.8540938,0.8540938
PARP10,0.75,1,1,1.0,0.96394277,0.96394277
PATE1,0.75,1,1,1.0,0.9785427,0.9785427
PATE2,0.75,1,1,1.0,0.9865377,0.9865377
PAX6,0.75,1,1,1.0,0.9321358,0.9321358
PCBP1,0.75,1,1,1.0,0.9914927,0.9914927
PCBP3,0.75,1,1,1.0,0.99149525,0.99149525
PCDH8,0.75,1,1,1.0,0.90471894,0.90471894
PCDHAC2,0.75,1,1,1.0,0.95099187,0.95099187
PCDHGC5,0.75,1,1,1.0,0.9914328,0.9914328
PCMT1,0.75,1,1,1.0,0.9849948,0.9849948
PCNP,0.75,1,1,1.0,0.99024934,0.99024934
PCSK4,0.75,1,1,1.0,0.98427063,0.98427063
PCSK7,0.75,1,1,1.0,0.93461293,0.93461293
PDC,0.75,1,1,1.0,0.9914792,0.9914792
PDCD10,0.75,1,1,1.0,0.9114699,0.9114699
PDCD6IP,0.75,1,1,1.0,0.9605312,0.9605312
PDE6D,0.75,1,1,1.0,0.9842614,0.9842614
PDE7B,0.75,1,1,1.0,0.9734851,0.9734851
PDIA6,0.75,1,1,1.0,0.9786402,0.9786402
PDK1,0.75,1,1,1.0,0.9667045,0.9667045
PDK2,0.75,1,1,1.0,0.9878686,0.9878686
PDK4,0.75,1,1,1.0,0.9910902,0.9910902
PDXK,0.75,1,1,1.0,0.99124897,0.99124897
PDZK1,0.75,1,1,1.0,0.8620087,0.8620087
PEMT,0.75,1,1,1.0,0.99126107,0.99126107
PENK,0.75,1,1,1.0,0.94760126,0.94760126
PEX13,0.75,1,1,1.0,0.99143654,0.99143654
PEX16,0.75,1,1,1.0,0.99127805,0.99127805
PFKFB2,0.75,1,1,1.0,0.99080884,0.99080884
PFKFB3,0.75,1,1,1.0,0.9789322,0.9789322
PGAM4,0.75,1,1,1.0,0.979882,0.979882
PGC,0.75,1,1,1.0,0.97349995,0.97349995
PGLYRP3,0.75,1,1,1.0,0.99140465,0.99140465
PGP,0.75,1,1,1.0,0.9870946,0.9870946
PHF19,0.75,1,1,1.0,0.9646642,0.9646642
PHF6,0.75,1,1,1.0,0.9812362,0.9812362
PHKG2,0.75,1,1,1.0,0.87717897,0.87717897
PHLDA2,0.75,1,1,1.0,0.9116423,0.9116423
PHLDB3,0.75,1,1,1.0,0.97805697,0.97805697
PHOX2A,0.75,1,1,1.0,0.991247,0.991247
PHYHIPL,0.75,1,1,1.0,0.9909504,0.9909504
PHYKPL,0.75,1,1,1.0,0.99143374,0.99143374
PI15,0.75,1,1,1.0,0.8298342,0.8298342
PI16,0.75,1,1,1.0,0.9331105,0.9331105
PI3,0.75,1,1,1.0,0.9589459,0.9589459
PIGA,0.75,1,1,1.0,0.9884842,0.9884842
PIGM,0.75,1,1,1.0,0.9913435,0.9913435
PIGY,0.75,1,1,1.0,0.99140394,0.99140394
PILRB,0.75,1,1,1.0,0.98734415,0.98734415
PIM1,0.75,1,1,1.0,0.9908482,0.9908482
PIP,0.75,1,1,1.0,0.9399488,0.9399488
PIP4P2,0.75,1,1,1.0,0.99139833,0.99139833
PIP5KL1,0.75,1,1,1.0,0.9799486,0.9799486
PIRT,0.75,1,1,1.0,0.7549676,0.7549676
PITHD1,0.75,1,1,1.0,0.973435,0.973435
PITRM1,0.75,1,1,1.0,0.9860103,0.9860103
PLA2G4C,0.75,1,1,1.0,0.89824754,0.89824754
PLA2G4E,0.75,1,1,1.0,0.9669953,0.9669953
PLA2G4F,0.75,1,1,1.0,0.90316004,0.90316004
PLA2G6,0.75,1,1,1.0,0.96277595,0.96277595
PLAAT1,0.75,1,1,1.0,0.8709104,0.8709104
PLAAT2,0.75,1,1,1.0,0.98784316,0.98784316
PLAC8,0.75,1,1,1.0,0.98360115,0.98360115
PLAG1,0.75,1,1,1.0,0.9542985,0.9542985
PLAT,0.75,1,1,1.0,0.9912593,0.9912593
PLAUR,0.75,1,1,1.0,0.8862942,0.8862942
PLD5,0.75,1,1,1.0,0.9776904,0.9776904
PLEK2,0.75,1,1,1.0,0.95954907,0.95954907
PLEKHA4,0.75,1,1,1.0,0.97731906,0.97731906
PLEKHN1,0.75,1,1,1.0,0.99146044,0.99146044
PLOD3,0.75,1,1,1.0,0.9902955,0.9902955
PLP2,0.75,1,1,1.0,0.9557961,0.9557961
PLPP1,0.75,1,1,1.0,0.99126107,0.99126107
PLPP6,0.75,1,1,1.0,0.9844332,0.9844332
PLPPR4,0.75,1,1,1.0,0.98862606,0.98862606
PLS3,0.75,1,1,1.0,0.9541875,0.9541875
PLSCR4,0.75,1,1,1.0,0.94564223,0.94564223
PMEPA1,0.75,1,1,1.0,0.991434,0.991434
PNMA1,0.75,1,1,1.0,0.94409883,0.94409883
PNMA8B,0.75,1,1,1.0,0.97777325,0.97777325
PNO1,0.75,1,1,1.0,0.7536103,0.7536103
PNPLA3,0.75,1,1,1.0,0.98351604,0.98351604
PNPLA4,0.75,1,1,1.0,0.78812784,0.78812784
PNPT1,0.75,1,1,1.0,0.90465784,0.90465784
POGLUT2,0.75,1,1,1.0,0.9892664,0.9892664
POLDIP2,0.75,1,1,1.0,0.7606776,0.7606776
POLH,0.75,1,1,1.0,0.96685547,0.96685547
POLR1G,0.75,1,1,1.0,0.9909314,0.9909314
POLR1H,0.75,1,1,1.0,0.9880883,0.9880883
POLR3GL,0.75,1,1,1.0,0.99150544,0.99150544
POMGNT1,0.75,1,1,1.0,0.9800649,0.9800649
POMP,0.75,1,1,1.0,0.97886616,0.97886616
POMT2,0.75,1,1,1.0,0.9232874,0.9232874
POP4,0.75,1,1,1.0,0.9618691,0.9618691
POP7,0.75,1,1,1.0,0.900185,0.900185
POU4F3,0.75,1,1,1.0,0.9913874,0.9913874
PPA1,0.75,1,1,1.0,0.99150324,0.99150324
PPARD,0.75,1,1,1.0,0.9660583,0.9660583
PPARG,0.75,1,1,1.0,0.9804432,0.9804432
PPIL1,0.75,1,1,1.0,0.98981434,0.98981434
PPIL4,0.75,1,1,1.0,0.93068117,0.93068117
PPM1B,0.75,1,1,1.0,0.97358197,0.97358197
PPM1G,0.75,1,1,1.0,0.9699451,0.9699451
PPOX,0.75,1,1,1.0,0.8933898,0.8933898
PPP1CB,0.75,1,1,1.0,0.99149406,0.99149406
PPP1R11,0.75,1,1,1.0,0.8129247,0.8129247
PPP1R15B,0.75,1,1,1.0,0.9914152,0.9914152
PPP1R16A,0.75,1,1,1.0,0.9914888,0.9914888
PPP1R3D,0.75,1,1,1.0,0.9866996,0.9866996
PPP1R42,0.75,1,1,1.0,0.991409,0.991409
PPP2CB,0.75,1,1,1.0,0.9913065,0.9913065
PPP2R5A,0.75,1,1,1.0,0.85213804,0.85213804
PPP3CA,0.75,1,1,1.0,0.95799595,0.95799595
PPP3CB,0.75,1,1,1.0,0.8418253,0.8418253
PPP6C,0.75,1,1,1.0,0.8026214,0.8026214
PPP6R2,0.75,1,1,1.0,0.97312474,0.97312474
PRADC1,0.75,1,1,1.0,0.9403372,0.9403372
PRAMEF17,0.75,1,1,1.0,0.9553919,0.9553919
PRAMEF18,0.75,1,1,1.0,0.99126923,0.99126923
PRAMEF5,0.75,1,1,1.0,0.9914386,0.9914386
PRAMEF6,0.75,1,1,1.0,0.99134254,0.99134254
PRB2,0.75,1,1,1.0,0.8990887,0.8990887
PRC1,0.75,1,1,1.0,0.9881599,0.9881599
PRDM12,0.75,1,1,1.0,0.9850036,0.9850036
PRDM8,0.75,1,1,1.0,0.90098196,0.90098196
PRDX2,0.75,1,1,1.0,0.95863175,0.95863175
PRELID2,0.75,1,1,1.0,0.9913306,0.9913306
PRELID3A,0.75,1,1,1.0,0.9914493,0.9914493
PRELP,0.75,1,1,1.0,0.89221686,0.89221686
PRH2,0.75,1,1,1.0,0.9701826,0.9701826
PRKAA1,0.75,1,1,1.0,0.9220312,0.9220312
PRKAB2,0.75,1,1,1.0,0.9655303,0.9655303
PRKCSH,0.75,1,1,1.0,0.93849,0.93849
PRKRIP1,0.75,1,1,1.0,0.9903989,0.9903989
PRKX,0.75,1,1,1.0,0.85329765,0.85329765
PRMT1,0.75,1,1,1.0,0.9480424,0.9480424
PROCA1,0.75,1,1,1.0,0.9882399,0.9882399
PROZ,0.75,1,1,1.0,0.9866317,0.9866317
PRPF4B,0.75,1,1,1.0,0.9898089,0.9898089
PRR35,0.75,1,1,1.0,0.9814182,0.9814182
PRRX2,0.75,1,1,1.0,0.84360915,0.84360915
PRSS38,0.75,1,1,1.0,0.88320416,0.88320416
PRSS45P,0.75,1,1,1.0,0.99138355,0.99138355
PRSS53,0.75,1,1,1.0,0.9662307,0.9662307
PRTFDC1,0.75,1,1,1.0,0.92793,0.92793
PRUNE1,0.75,1,1,1.0,0.9913366,0.9913366
PRXL2A,0.75,1,1,1.0,0.991377,0.991377
PRXL2B,0.75,1,1,1.0,0.97915053,0.97915053
PSAP,0.75,1,1,1.0,0.9847478,0.9847478
PSAPL1,0.75,1,1,1.0,0.9624037,0.9624037
PSG2,0.75,1,1,1.0,0.982477,0.982477
PSMA5,0.75,1,1,1.0,0.99034727,0.99034727
PSMB1,0.75,1,1,1.0,0.8852133,0.8852133
PSMB2,0.75,1,1,1.0,0.86656773,0.86656773
PSMB7,0.75,1,1,1.0,0.93005407,0.93005407
PSMB8,0.75,1,1,1.0,0.9908048,0.9908048
PSMC3,0.75,1,1,1.0,0.9391544,0.9391544
PSMD11,0.75,1,1,1.0,0.9907828,0.9907828
PSORS1C1,0.75,1,1,1.0,0.94197375,0.94197375
PTAR1,0.75,1,1,1.0,0.9914908,0.9914908
PTBP1,0.75,1,1,1.0,0.95256364,0.95256364
PTBP2,0.75,1,1,1.0,0.99150556,0.99150556
PTCHD1,0.75,1,1,1.0,0.8484505,0.8484505
PTDSS1,0.75,1,1,1.0,0.9008944,0.9008944
PTGDR,0.75,1,1,1.0,0.9873869,0.9873869
PTGES3L-AARSD1,0.75,1,1,1.0,0.991417,0.991417
PTGR1,0.75,1,1,1.0,0.98831964,0.98831964
PTPN2,0.75,1,1,1.0,0.83277506,0.83277506
PTPN5,0.75,1,1,1.0,0.8677199,0.8677199
PTRH2,0.75,1,1,1.0,0.989537,0.989537
PUM3,0.75,1,1,1.0,0.99145573,0.99145573
PURA,0.75,1,1,1.0,0.99129105,0.99129105
PUS7L,0.75,1,1,1.0,0.98833907,0.98833907
PXMP4,0.75,1,1,1.0,0.9914586,0.9914586
PYCR2,0.75,1,1,1.0,0.9066498,0.9066498
PYM1,0.75,1,1,1.0,0.9001154,0.9001154
QPCTL,0.75,1,1,1.0,0.99136883,0.99136883
QRICH1,0.75,1,1,1.0,0.9912833,0.9912833
RAB11A,0.75,1,1,1.0,0.8362478,0.8362478
RAB11FIP2,0.75,1,1,1.0,0.99144685,0.99144685
RAB15,0.75,1,1,1.0,0.99149114,0.99149114
RAB17,0.75,1,1,1.0,0.93769896,0.93769896
RAB27B,0.75,1,1,1.0,0.9784273,0.9784273
RAB28,0.75,1,1,1.0,0.98743325,0.98743325
RAB38,0.75,1,1,1.0,0.968329,0.968329
RAB43,0.75,1,1,1.0,0.9912573,0.9912573
RAB8B,0.75,1,1,1.0,0.87020355,0.87020355
RAB9B,0.75,1,1,1.0,0.89450014,0.89450014
RABEPK,0.75,1,1,1.0,0.9913829,0.9913829
RABGAP1L,0.75,1,1,1.0,0.99126863,0.99126863
RABL6,0.75,1,1,1.0,0.9906448,0.9906448
RAC2,0.75,1,1,1.0,0.99135935,0.99135935
RAC3,0.75,1,1,1.0,0.87210035,0.87210035
RAD1,0.75,1,1,1.0,0.9913846,0.9913846
RAD51D,0.75,1,1,1.0,0.99138945,0.99138945
RAD52,0.75,1,1,1.0,0.9914023,0.9914023
RAD9A,0.75,1,1,1.0,0.7549838,0.7549838
RALA,0.75,1,1,1.0,0.99139565,0.99139565
RANBP2,0.75,1,1,1.0,0.98628855,0.98628855
RANBP3L,0.75,1,1,1.0,0.99139893,0.99139893
RAP1GAP2,0.75,1,1,1.0,0.9869801,0.9869801
RARA,0.75,1,1,1.0,0.9914528,0.9914528
RARB,0.75,1,1,1.0,0.9223409,0.9223409
RARRES1,0.75,1,1,1.0,0.991424,0.991424
RASA2,0.75,1,1,1.0,0.991359,0.991359
RASGEF1A,0.75,1,1,1.0,0.9912838,0.9912838
RBBP4,0.75,1,1,1.0,0.7752249,0.7752249
RBBP7,0.75,1,1,1.0,0.9723361,0.9723361
RBFOX2,0.75,1,1,1.0,0.99129194,0.99129194
RBM11,0.75,1,1,1.0,0.9744916,0.9744916
RBM17,0.75,1,1,1.0,0.99150205,0.99150205
RBM24,0.75,1,1,1.0,0.911578,0.911578
RBM3,0.75,1,1,1.0,0.9896756,0.9896756
RBM34,0.75,1,1,1.0,0.8001895,0.8001895
RBM38,0.75,1,1,1.0,0.9905862,0.9905862
RBM4B,0.75,1,1,1.0,0.99143183,0.99143183
RBM5,0.75,1,1,1.0,0.9914233,0.9914233
RBMS2,0.75,1,1,1.0,0.965229,0.965229
RBMX,0.75,1,1,1.0,0.9738261,0.9738261
RBMX2,0.75,1,1,1.0,0.9912935,0.9912935
RBP1,0.75,1,1,1.0,0.9830209,0.9830209
RBP4,0.75,1,1,1.0,0.98636067,0.98636067
RCC1,0.75,1,1,1.0,0.9913049,0.9913049
RCC1L,0.75,1,1,1.0,0.96337265,0.96337265
RCE1,0.75,1,1,1.0,0.9881363,0.9881363
RCOR1,0.75,1,1,1.0,0.9749051,0.9749051
RCOR3,0.75,1,1,1.0,0.99140406,0.99140406
RCVRN,0.75,1,1,1.0,0.9860286,0.9860286
RDH10,0.75,1,1,1.0,0.99139345,0.99139345
RDM1,0.75,1,1,1.0,0.91182375,0.91182375
REEP6,0.75,1,1,1.0,0.9913482,0.9913482
RELL1,0.75,1,1,1.0,0.9894554,0.9894554
RELL2,0.75,1,1,1.0,0.9417701,0.9417701
REM2,0.75,1,1,1.0,0.98823243,0.98823243
REP15,0.75,1,1,1.0,0.9815352,0.9815352
REPS1,0.75,1,1,1.0,0.91699624,0.91699624
RER1,0.75,1,1,1.0,0.9914027,0.9914027
RETN,0.75,1,1,1.0,0.94509995,0.94509995
RETREG3,0.75,1,1,1.0,0.8978242,0.8978242
REXO4,0.75,1,1,1.0,0.9913243,0.9913243
REXO5,0.75,1,1,1.0,0.99150765,0.99150765
RFFL,0.75,1,1,1.0,0.9854395,0.9854395
RFK,0.75,1,1,1.0,0.9837599,0.9837599
RFX5,0.75,1,1,1.0,0.9887553,0.9887553
RFXANK,0.75,1,1,1.0,0.99125963,0.99125963
RGPD2,0.75,1,1,1.0,0.9909883,0.9909883
RGS5,0.75,1,1,1.0,0.991454,0.991454
RGS8,0.75,1,1,1.0,0.99118817,0.99118817
RHBDL2,0.75,1,1,1.0,0.9910992,0.9910992
RHEB,0.75,1,1,1.0,0.9894484,0.9894484
RHEX,0.75,1,1,1.0,0.9912951,0.9912951
RHOA,0.75,1,1,1.0,0.81794834,0.81794834
RHOF,0.75,1,1,1.0,0.99060947,0.99060947
RHOG,0.75,1,1,1.0,0.98348904,0.98348904
RHOXF2,0.75,1,1,1.0,0.80085164,0.80085164
RILPL1,0.75,1,1,1.0,0.9828766,0.9828766
RILPL2,0.75,1,1,1.0,0.93532395,0.93532395
RIMKLA,0.75,1,1,1.0,0.973962,0.973962
RIMKLB,0.75,1,1,1.0,0.97789246,0.97789246
RIMS3,0.75,1,1,1.0,0.9529933,0.9529933
RIPPLY2,0.75,1,1,1.0,0.9874648,0.9874648
RIT1,0.75,1,1,1.0,0.87224203,0.87224203
RLN2,0.75,1,1,1.0,0.955635,0.955635
RMND5B,0.75,1,1,1.0,0.9517959,0.9517959
RN7SL176P,0.75,1,1,1.0,0.96455437,0.96455437
RNASE12,0.75,1,1,1.0,0.95192623,0.95192623
RNASE13,0.75,1,1,1.0,0.82239467,0.82239467
RNASE2,0.75,1,1,1.0,0.9800981,0.9800981
RNASE3,0.75,1,1,1.0,0.97585005,0.97585005
RNASEH1,0.75,1,1,1.0,0.93363065,0.93363065
RNF103,0.75,1,1,1.0,0.9908958,0.9908958
RNF113A,0.75,1,1,1.0,0.9504862,0.9504862
RNF13,0.75,1,1,1.0,0.9914323,0.9914323
RNF139,0.75,1,1,1.0,0.79492044,0.79492044
RNF165,0.75,1,1,1.0,0.9871804,0.9871804
RNF166,0.75,1,1,1.0,0.9894108,0.9894108
RNF167,0.75,1,1,1.0,0.99128646,0.99128646
RNF185,0.75,1,1,1.0,0.99141324,0.99141324
RNF2,0.75,1,1,1.0,0.99148905,0.99148905
RNF212,0.75,1,1,1.0,0.98424006,0.98424006
RNF38,0.75,1,1,1.0,0.98989725,0.98989725
RNF41,0.75,1,1,1.0,0.978885,0.978885
RNF8,0.75,1,1,1.0,0.94881743,0.94881743
ROPN1B,0.75,1,1,1.0,0.9892315,0.9892315
ROPN1L,0.75,1,1,1.0,0.9252498,0.9252498
RPF2,0.75,1,1,1.0,0.9774523,0.9774523
RPL11,0.75,1,1,1.0,0.9915127,0.9915127
RPL19,0.75,1,1,1.0,0.99145824,0.99145824
RPL22,0.75,1,1,1.0,0.849197,0.849197
RPL26L1,0.75,1,1,1.0,0.8316603,0.8316603
RPL35A,0.75,1,1,1.0,0.99129534,0.99129534
RPL36AL,0.75,1,1,1.0,0.97450906,0.97450906
RPL6,0.75,1,1,1.0,0.82624006,0.82624006
RPN1,0.75,1,1,1.0,0.80581933,0.80581933
RPS11,0.75,1,1,1.0,0.9892903,0.9892903
RPS21,0.75,1,1,1.0,0.9749237,0.9749237
RPS26,0.75,1,1,1.0,0.9914724,0.9914724
RPS26P15,0.75,1,1,1.0,0.9842832,0.9842832
RPS4X,0.75,1,1,1.0,0.96944034,0.96944034
RPS6KA4,0.75,1,1,1.0,0.97187006,0.97187006
RPS6KA6,0.75,1,1,1.0,0.8469919,0.8469919
RPSA,0.75,1,1,1.0,0.95895964,0.95895964
RRM2B,0.75,1,1,1.0,0.87455887,0.87455887
RRP1,0.75,1,1,1.0,0.9815856,0.9815856
RRP15,0.75,1,1,1.0,0.99137163,0.99137163
RRP9,0.75,1,1,1.0,0.9881874,0.9881874
RSAD2,0.75,1,1,1.0,0.9750049,0.9750049
RSBN1L,0.75,1,1,1.0,0.9913728,0.9913728
RSKR,0.75,1,1,1.0,0.89013016,0.89013016
RSPH1,0.75,1,1,1.0,0.9883498,0.9883498
RSPH9,0.75,1,1,1.0,0.99013036,0.99013036
RSRC1,0.75,1,1,1.0,0.99144334,0.99144334
RTCB,0.75,1,1,1.0,0.82109857,0.82109857
RTL8A,0.75,1,1,1.0,0.96630335,0.96630335
RTN4R,0.75,1,1,1.0,0.9914688,0.9914688
S100A10,0.75,1,1,1.0,0.9914471,0.9914471
S100A2,0.75,1,1,1.0,0.9892278,0.9892278
S100A3,0.75,1,1,1.0,0.9913741,0.9913741
S100B,0.75,1,1,1.0,0.99144065,0.99144065
S1PR1,0.75,1,1,1.0,0.991456,0.991456
SAA2,0.75,1,1,1.0,0.991435,0.991435
SACM1L,0.75,1,1,1.0,0.93675256,0.93675256
SAE1,0.75,1,1,1.0,0.97505194,0.97505194
SAMD1,0.75,1,1,1.0,0.9915051,0.9915051
SAMD15,0.75,1,1,1.0,0.9871934,0.9871934
SAP30,0.75,1,1,1.0,0.77222544,0.77222544
SAP30BP,0.75,1,1,1.0,0.9914893,0.9914893
SART1,0.75,1,1,1.0,0.99150836,0.99150836
SAT1,0.75,1,1,1.0,0.96093667,0.96093667
SATB2,0.75,1,1,1.0,0.93981266,0.93981266
SCAMP2,0.75,1,1,1.0,0.9355879,0.9355879
SCARB2,0.75,1,1,1.0,0.9833852,0.9833852
SCARF1,0.75,1,1,1.0,0.8168649,0.8168649
SCGN,0.75,1,1,1.0,0.99145013,0.99145013
SCML4,0.75,1,1,1.0,0.9639386,0.9639386
SCN4B,0.75,1,1,1.0,0.9774573,0.9774573
SCO1,0.75,1,1,1.0,0.99132186,0.99132186
SCOC,0.75,1,1,1.0,0.9912812,0.9912812
SCRG1,0.75,1,1,1.0,0.9839399,0.9839399
SCRN3,0.75,1,1,1.0,0.98074913,0.98074913
SCUBE2,0.75,1,1,1.0,0.9913017,0.9913017
SDCBP2,0.75,1,1,1.0,0.7951136,0.7951136
SDHAF2,0.75,1,1,1.0,0.99145436,0.99145436
SDR39U1,0.75,1,1,1.0,0.98225087,0.98225087
SDSL,0.75,1,1,1.0,0.988958,0.988958
SEBOX,0.75,1,1,1.0,0.9911457,0.9911457
SEC14L2,0.75,1,1,1.0,0.9799755,0.9799755
SEH1L,0.75,1,1,1.0,0.9847912,0.9847912
SELENBP1,0.75,1,1,1.0,0.98479617,0.98479617
SELENOF,0.75,1,1,1.0,0.9630765,0.9630765
SELENOM,0.75,1,1,1.0,0.9884753,0.9884753
SEM1,0.75,1,1,1.0,0.8275021,0.8275021
SEMA3B,0.75,1,1,1.0,0.89732414,0.89732414
SEMA4A,0.75,1,1,1.0,0.8247533,0.8247533
SEMA4D,0.75,1,1,1.0,0.9899249,0.9899249
SEPTIN6,0.75,1,1,1.0,0.9864439,0.9864439
SERBP1,0.75,1,1,1.0,0.9913526,0.9913526
SERHL,0.75,1,1,1.0,0.9914792,0.9914792
SERINC3,0.75,1,1,1.0,0.9846468,0.9846468
SERPINB13,0.75,1,1,1.0,0.82666975,0.82666975
SETD4,0.75,1,1,1.0,0.9914752,0.9914752
SETD9,0.75,1,1,1.0,0.99150157,0.99150157
SF3B3,0.75,1,1,1.0,0.9730769,0.9730769
SF3B4,0.75,1,1,1.0,0.9894085,0.9894085
SFRP5,0.75,1,1,1.0,0.9908999,0.9908999
SFSWAP,0.75,1,1,1.0,0.9897222,0.9897222
SFXN2,0.75,1,1,1.0,0.97878265,0.97878265
SFXN4,0.75,1,1,1.0,0.9696371,0.9696371
SGO1,0.75,1,1,1.0,0.991479,0.991479
SGTA,0.75,1,1,1.0,0.99071807,0.99071807
SGTB,0.75,1,1,1.0,0.7894257,0.7894257
SH2B3,0.75,1,1,1.0,0.7694319,0.7694319
SH2D2A,0.75,1,1,1.0,0.991441,0.991441
SH3GLB1,0.75,1,1,1.0,0.99060166,0.99060166
SH3GLB2,0.75,1,1,1.0,0.9903578,0.9903578
SHBG,0.75,1,1,1.0,0.9914051,0.9914051
SHC3,0.75,1,1,1.0,0.8232611,0.8232611
SHISA3,0.75,1,1,1.0,0.99009013,0.99009013
SHOC2,0.75,1,1,1.0,0.987884,0.987884
SHROOM1,0.75,1,1,1.0,0.96007717,0.96007717
SIDT2,0.75,1,1,1.0,0.939883,0.939883
SIGIRR,0.75,1,1,1.0,0.9914928,0.9914928
SIKE1,0.75,1,1,1.0,0.9912288,0.9912288
SINHCAF,0.75,1,1,1.0,0.991286,0.991286
SIRPB2,0.75,1,1,1.0,0.9793361,0.9793361
SIX2,0.75,1,1,1.0,0.8224416,0.8224416
SIX6,0.75,1,1,1.0,0.98972917,0.98972917
SLAMF9,0.75,1,1,1.0,0.99148834,0.99148834
SLC10A3,0.75,1,1,1.0,0.91796255,0.91796255
SLC11A2,0.75,1,1,1.0,0.95885694,0.95885694
SLC15A3,0.75,1,1,1.0,0.8747568,0.8747568
SLC16A13,0.75,1,1,1.0,0.884196,0.884196
SLC16A14,0.75,1,1,1.0,0.9645368,0.9645368
SLC16A3,0.75,1,1,1.0,0.99129736,0.99129736
SLC22A12,0.75,1,1,1.0,0.80817556,0.80817556
SLC22A6,0.75,1,1,1.0,0.91158265,0.91158265
SLC25A21,0.75,1,1,1.0,0.949673,0.949673
SLC25A24,0.75,1,1,1.0,0.99139214,0.99139214
SLC25A25,0.75,1,1,1.0,0.9914745,0.9914745
SLC25A27,0.75,1,1,1.0,0.97601366,0.97601366
SLC25A28,0.75,1,1,1.0,0.99146944,0.99146944
SLC25A44,0.75,1,1,1.0,0.9898901,0.9898901
SLC25A45,0.75,1,1,1.0,0.98397577,0.98397577
SLC25A47,0.75,1,1,1.0,0.9716181,0.9716181
SLC2A10,0.75,1,1,1.0,0.99148023,0.99148023
SLC30A2,0.75,1,1,1.0,0.9734838,0.9734838
SLC30A5,0.75,1,1,1.0,0.964645,0.964645
SLC31A1,0.75,1,1,1.0,0.9914581,0.9914581
SLC34A2,0.75,1,1,1.0,0.8669161,0.8669161
SLC35A1,0.75,1,1,1.0,0.96996415,0.96996415
SLC35A3,0.75,1,1,1.0,0.99049145,0.99049145
SLC35A4,0.75,1,1,1.0,0.7954855,0.7954855
SLC35A5,0.75,1,1,1.0,0.99137914,0.99137914
SLC35D1,0.75,1,1,1.0,0.99141055,0.99141055
SLC35D2,0.75,1,1,1.0,0.9818236,0.9818236
SLC35E1,0.75,1,1,1.0,0.9914381,0.9914381
SLC35E4,0.75,1,1,1.0,0.9635195,0.9635195
SLC35G1,0.75,1,1,1.0,0.99127287,0.99127287
SLC37A2,0.75,1,1,1.0,0.99139625,0.99139625
SLC38A2,0.75,1,1,1.0,0.98717904,0.98717904
SLC38A9,0.75,1,1,1.0,0.99106663,0.99106663
SLC39A1,0.75,1,1,1.0,0.9505417,0.9505417
SLC39A11,0.75,1,1,1.0,0.97210693,0.97210693
SLC39A13,0.75,1,1,1.0,0.9352774,0.9352774
SLC39A14,0.75,1,1,1.0,0.970709,0.970709
SLC39A5,0.75,1,1,1.0,0.9546651,0.9546651
SLC3A2,0.75,1,1,1.0,0.98603106,0.98603106
SLC40A1,0.75,1,1,1.0,0.97276545,0.97276545
SLC41A2,0.75,1,1,1.0,0.9711112,0.9711112
SLC48A1,0.75,1,1,1.0,0.98142034,0.98142034
SLC4A1AP,0.75,1,1,1.0,0.99036914,0.99036914
SLC51A,0.75,1,1,1.0,0.9914961,0.9914961
SLC51B,0.75,1,1,1.0,0.9831845,0.9831845
SLC52A1,0.75,1,1,1.0,0.9914042,0.9914042
SLC66A3,0.75,1,1,1.0,0.9913532,0.9913532
SLC6A2,0.75,1,1,1.0,0.99144685,0.99144685
SLC6A9,0.75,1,1,1.0,0.93623286,0.93623286
SLC7A4,0.75,1,1,1.0,0.9913986,0.9913986
SLC7A6,0.75,1,1,1.0,0.9913145,0.9913145
SLC9A3R1,0.75,1,1,1.0,0.94565654,0.94565654
SLC9A7,0.75,1,1,1.0,0.9713246,0.9713246
SLC9A9,0.75,1,1,1.0,0.9914027,0.9914027
SLF1,0.75,1,1,1.0,0.97857624,0.97857624
SLFN12,0.75,1,1,1.0,0.98949033,0.98949033
SLN,0.75,1,1,1.0,0.9908013,0.9908013
SLURP1,0.75,1,1,1.0,0.99147147,0.99147147
SMAD2,0.75,1,1,1.0,0.9800868,0.9800868
SMAD9,0.75,1,1,1.0,0.98941046,0.98941046
SMAGP,0.75,1,1,1.0,0.9833884,0.9833884
SMAP1,0.75,1,1,1.0,0.9891784,0.9891784
SMARCD3,0.75,1,1,1.0,0.97986275,0.97986275
SMCP,0.75,1,1,1.0,0.99145156,0.99145156
SMDT1,0.75,1,1,1.0,0.84977835,0.84977835
SMIM14,0.75,1,1,1.0,0.96304893,0.96304893
SMO,0.75,1,1,1.0,0.9914172,0.9914172
SMS,0.75,1,1,1.0,0.9665619,0.9665619
SMYD1,0.75,1,1,1.0,0.9472476,0.9472476
SNAI1,0.75,1,1,1.0,0.9915154,0.9915154
SNN,0.75,1,1,1.0,0.9912838,0.9912838
SNORA26,0.75,1,1,1.0,0.99148494,0.99148494
SNORA71E,0.75,1,1,1.0,0.99133646,0.99133646
SNORD114-15,0.75,1,1,1.0,0.9823156,0.9823156
SNORD114-23,0.75,1,1,1.0,0.9789042,0.9789042
SNORD115-10,0.75,1,1,1.0,0.98848736,0.98848736
SNORD115-31,0.75,1,1,1.0,0.9901202,0.9901202
SNORD115-33,0.75,1,1,1.0,0.8860563,0.8860563
SNORD115-7,0.75,1,1,1.0,0.9882554,0.9882554
SNORD116-12,0.75,1,1,1.0,0.97500867,0.97500867
SNORD116-17,0.75,1,1,1.0,0.99143,0.99143
SNORD116-20,0.75,1,1,1.0,0.7695763,0.7695763
SNRNP40,0.75,1,1,1.0,0.991482,0.991482
SNRPN,0.75,1,1,1.0,0.97965103,0.97965103
SNUPN,0.75,1,1,1.0,0.93657804,0.93657804
SNW1,0.75,1,1,1.0,0.9725594,0.9725594
SNX15,0.75,1,1,1.0,0.9913976,0.9913976
SNX2,0.75,1,1,1.0,0.97198594,0.97198594
SNX21,0.75,1,1,1.0,0.94776034,0.94776034
SNX31,0.75,1,1,1.0,0.99147403,0.99147403
SNX5,0.75,1,1,1.0,0.97723526,0.97723526
SOBP,0.75,1,1,1.0,0.9832118,0.9832118
SOD2,0.75,1,1,1.0,0.98517966,0.98517966
SOST,0.75,1,1,1.0,0.99113363,0.99113363
SOSTDC1,0.75,1,1,1.0,0.9914569,0.9914569
SP7,0.75,1,1,1.0,0.9788952,0.9788952
SPACA5B,0.75,1,1,1.0,0.9910942,0.9910942
SPAG16,0.75,1,1,1.0,0.84451985,0.84451985
SPAG7,0.75,1,1,1.0,0.8130647,0.8130647
SPANXN5,0.75,1,1,1.0,0.9228002,0.9228002
SPATA13,0.75,1,1,1.0,0.97355956,0.97355956
SPATA21,0.75,1,1,1.0,0.9280231,0.9280231
SPATA25,0.75,1,1,1.0,0.9915177,0.9915177
SPATA6,0.75,1,1,1.0,0.98205525,0.98205525
SPC25,0.75,1,1,1.0,0.96772534,0.96772534
SPESP1,0.75,1,1,1.0,0.9912491,0.9912491
SPIB,0.75,1,1,1.0,0.98389685,0.98389685
SPINK2,0.75,1,1,1.0,0.99144965,0.99144965
SPINK4,0.75,1,1,1.0,0.99064505,0.99064505
SPINT4,0.75,1,1,1.0,0.99125224,0.99125224
SPN,0.75,1,1,1.0,0.98327684,0.98327684
SPOCK2,0.75,1,1,1.0,0.85780585,0.85780585
SPPL2A,0.75,1,1,1.0,0.9804819,0.9804819
SPRED2,0.75,1,1,1.0,0.9754302,0.9754302
SPRR1B,0.75,1,1,1.0,0.9752941,0.9752941
SPRR2A,0.75,1,1,1.0,0.9913276,0.9913276
SPRR2F,0.75,1,1,1.0,0.99137163,0.99137163
SPRR4,0.75,1,1,1.0,0.97698945,0.97698945
SPRY1,0.75,1,1,1.0,0.98540133,0.98540133
SPRYD3,0.75,1,1,1.0,0.9883211,0.9883211
SPTLC2,0.75,1,1,1.0,0.92350584,0.92350584
SQLE,0.75,1,1,1.0,0.9886727,0.9886727
SRD5A1,0.75,1,1,1.0,0.99065745,0.99065745
SREK1IP1,0.75,1,1,1.0,0.9913175,0.9913175
SRF,0.75,1,1,1.0,0.9755726,0.9755726
SRGN,0.75,1,1,1.0,0.9913722,0.9913722
SRRD,0.75,1,1,1.0,0.952514,0.952514
SRSF2,0.75,1,1,1.0,0.91466236,0.91466236
SRSF3,0.75,1,1,1.0,0.97386044,0.97386044
SRSF6,0.75,1,1,1.0,0.972082,0.972082
SRSF7,0.75,1,1,1.0,0.99147415,0.99147415
SSBP3,0.75,1,1,1.0,0.9914418,0.9914418
SSMEM1,0.75,1,1,1.0,0.9772404,0.9772404
SSX2IP,0.75,1,1,1.0,0.99127674,0.99127674
SSX4,0.75,1,1,1.0,0.99086916,0.99086916
SSX7,0.75,1,1,1.0,0.8462364,0.8462364
ST3GAL2,0.75,1,1,1.0,0.95572865,0.95572865
ST6GALNAC4,0.75,1,1,1.0,0.98983616,0.98983616
ST6GALNAC5,0.75,1,1,1.0,0.96280855,0.96280855
ST6GALNAC6,0.75,1,1,1.0,0.9915114,0.9915114
ST8SIA1,0.75,1,1,1.0,0.99132794,0.99132794
STAMBP,0.75,1,1,1.0,0.8996346,0.8996346
STARD7,0.75,1,1,1.0,0.9071606,0.9071606
STARD7-AS1,0.75,1,1,1.0,0.99133235,0.99133235
STAT5B,0.75,1,1,1.0,0.9874412,0.9874412
STC2,0.75,1,1,1.0,0.85715276,0.85715276
STEAP4,0.75,1,1,1.0,0.98259693,0.98259693
STIM2,0.75,1,1,1.0,0.98601705,0.98601705
STING1,0.75,1,1,1.0,0.9912689,0.9912689
STK33,0.75,1,1,1.0,0.97649115,0.97649115
STK38L,0.75,1,1,1.0,0.9860218,0.9860218
STK4,0.75,1,1,1.0,0.9913538,0.9913538
STOM,0.75,1,1,1.0,0.87598944,0.87598944
STOML2,0.75,1,1,1.0,0.9727763,0.9727763
STPG2,0.75,1,1,1.0,0.96994364,0.96994364
STRA8,0.75,1,1,1.0,0.9913591,0.9913591
STRN,0.75,1,1,1.0,0.9742133,0.9742133
STT3A,0.75,1,1,1.0,0.9910862,0.9910862
STUB1,0.75,1,1,1.0,0.9896744,0.9896744
STX19,0.75,1,1,1.0,0.97687745,0.97687745
STX5,0.75,1,1,1.0,0.9914581,0.9914581
STXBP3,0.75,1,1,1.0,0.9860174,0.9860174
STXBP4,0.75,1,1,1.0,0.9898582,0.9898582
STYXL1,0.75,1,1,1.0,0.85702455,0.85702455
SUDS3,0.75,1,1,1.0,0.99131924,0.99131924
SULT1A2,0.75,1,1,1.0,0.98969007,0.98969007
SUMF2,0.75,1,1,1.0,0.98448884,0.98448884
SUMO1,0.75,1,1,1.0,0.99124885,0.99124885
SUN5,0.75,1,1,1.0,0.99134856,0.99134856
SUPT20HL2,0.75,1,1,1.0,0.9796427,0.9796427
SUPT4H1,0.75,1,1,1.0,0.99137855,0.99137855
SURF1,0.75,1,1,1.0,0.9729551,0.9729551
SUSD3,0.75,1,1,1.0,0.9727898,0.9727898
SWI5,0.75,1,1,1.0,0.99133486,0.99133486
SYNCRIP,0.75,1,1,1.0,0.97479546,0.97479546
SYNGR3,0.75,1,1,1.0,0.94378877,0.94378877
SYNPO2L,0.75,1,1,1.0,0.98663414,0.98663414
SYT15,0.75,1,1,1.0,0.97127265,0.97127265
SYT5,0.75,1,1,1.0,0.9915097,0.9915097
TAAR2,0.75,1,1,1.0,0.9830336,0.9830336
TAAR5,0.75,1,1,1.0,0.9835512,0.9835512
TAAR6,0.75,1,1,1.0,0.99140465,0.99140465
TAB1,0.75,1,1,1.0,0.9913564,0.9913564
TAC1,0.75,1,1,1.0,0.9895253,0.9895253
TACR1,0.75,1,1,1.0,0.94376194,0.94376194
TAF11,0.75,1,1,1.0,0.9914274,0.9914274
TAF12,0.75,1,1,1.0,0.980525,0.980525
TAF13,0.75,1,1,1.0,0.99140716,0.99140716
TAF5,0.75,1,1,1.0,0.9727621,0.9727621
TAF8,0.75,1,1,1.0,0.98226947,0.98226947
TAF9B,0.75,1,1,1.0,0.99142027,0.99142027
TAGLN3,0.75,1,1,1.0,0.99151015,0.99151015
TAMM41,0.75,1,1,1.0,0.9727958,0.9727958
TANGO2,0.75,1,1,1.0,0.99132794,0.99132794
TAS2R19,0.75,1,1,1.0,0.9912649,0.9912649
TAS2R3,0.75,1,1,1.0,0.99143195,0.99143195
TAS2R30,0.75,1,1,1.0,0.97733647,0.97733647
TAS2R31,0.75,1,1,1.0,0.98161733,0.98161733
TAS2R40,0.75,1,1,1.0,0.96393037,0.96393037
TAS2R50,0.75,1,1,1.0,0.7660964,0.7660964
TAS2R8,0.75,1,1,1.0,0.9914656,0.9914656
TATDN2,0.75,1,1,1.0,0.99127847,0.99127847
TBC1D10C,0.75,1,1,1.0,0.93082654,0.93082654
TBC1D14,0.75,1,1,1.0,0.9885749,0.9885749
TBC1D23,0.75,1,1,1.0,0.9913538,0.9913538
TBCCD1,0.75,1,1,1.0,0.98918694,0.98918694
TBK1,0.75,1,1,1.0,0.8839791,0.8839791
TBL1XR1,0.75,1,1,1.0,0.99097836,0.99097836
TBRG1,0.75,1,1,1.0,0.9914751,0.9914751
TBX15,0.75,1,1,1.0,0.9906977,0.9906977
TC2N,0.75,1,1,1.0,0.87224686,0.87224686
TCEAL1,0.75,1,1,1.0,0.991088,0.991088
TCEAL4,0.75,1,1,1.0,0.9593108,0.9593108
TCEANC,0.75,1,1,1.0,0.98982847,0.98982847
TCERG1L,0.75,1,1,1.0,0.8157128,0.8157128
TCOF1,0.75,1,1,1.0,0.9866419,0.9866419
TCP1,0.75,1,1,1.0,0.98678696,0.98678696
TCP10L3,0.75,1,1,1.0,0.9614989,0.9614989
TCTE3,0.75,1,1,1.0,0.9909897,0.9909897
TCTN3,0.75,1,1,1.0,0.9337327,0.9337327
TEDDM1,0.75,1,1,1.0,0.97899365,0.97899365
TEX19,0.75,1,1,1.0,0.9910936,0.9910936
TEX43,0.75,1,1,1.0,0.80785537,0.80785537
TEX47,0.75,1,1,1.0,0.8871255,0.8871255
TFAP2C,0.75,1,1,1.0,0.9257717,0.9257717
TFAP2E,0.75,1,1,1.0,0.99100316,0.99100316
TFAP4,0.75,1,1,1.0,0.99130285,0.99130285
TFEB,0.75,1,1,1.0,0.9860303,0.9860303
TFIP11,0.75,1,1,1.0,0.9905866,0.9905866
TFPT,0.75,1,1,1.0,0.96935946,0.96935946
TFRC,0.75,1,1,1.0,0.99132526,0.99132526
TGFBI,0.75,1,1,1.0,0.9116076,0.9116076
THOC6,0.75,1,1,1.0,0.9912009,0.9912009
THSD1,0.75,1,1,1.0,0.9822213,0.9822213
THUMPD3,0.75,1,1,1.0,0.94504726,0.94504726
TIA1,0.75,1,1,1.0,0.98709977,0.98709977
TIAL1,0.75,1,1,1.0,0.92323434,0.92323434
TIFAB,0.75,1,1,1.0,0.99135536,0.99135536
TIGD7,0.75,1,1,1.0,0.99150324,0.99150324
TIGIT,0.75,1,1,1.0,0.99136096,0.99136096
TIMM17B,0.75,1,1,1.0,0.97469145,0.97469145
TIMM21,0.75,1,1,1.0,0.93493825,0.93493825
TK1,0.75,1,1,1.0,0.9727941,0.9727941
TLE6,0.75,1,1,1.0,0.98338944,0.98338944
TLK1,0.75,1,1,1.0,0.9797575,0.9797575
TM2D2,0.75,1,1,1.0,0.9914738,0.9914738
TM6SF2,0.75,1,1,1.0,0.9899781,0.9899781
TM9SF3,0.75,1,1,1.0,0.9533598,0.9533598
TMA16,0.75,1,1,1.0,0.9009025,0.9009025
TMC8,0.75,1,1,1.0,0.9860318,0.9860318
TMCC1,0.75,1,1,1.0,0.9911266,0.9911266
TMED1,0.75,1,1,1.0,0.9911917,0.9911917
TMED3,0.75,1,1,1.0,0.9912636,0.9912636
TMED4,0.75,1,1,1.0,0.99133646,0.99133646
TMEM100,0.75,1,1,1.0,0.9913129,0.9913129
TMEM101,0.75,1,1,1.0,0.9901771,0.9901771
TMEM106C,0.75,1,1,1.0,0.9913015,0.9913015
TMEM120A,0.75,1,1,1.0,0.99097544,0.99097544
TMEM121B,0.75,1,1,1.0,0.9866963,0.9866963
TMEM123,0.75,1,1,1.0,0.99151164,0.99151164
TMEM126B,0.75,1,1,1.0,0.9913624,0.9913624
TMEM134,0.75,1,1,1.0,0.9914972,0.9914972
TMEM143,0.75,1,1,1.0,0.9912526,0.9912526
TMEM154,0.75,1,1,1.0,0.91150254,0.91150254
TMEM164,0.75,1,1,1.0,0.819907,0.819907
TMEM168,0.75,1,1,1.0,0.9166975,0.9166975
TMEM17,0.75,1,1,1.0,0.9467472,0.9467472
TMEM174,0.75,1,1,1.0,0.7565101,0.7565101
TMEM184B,0.75,1,1,1.0,0.9495816,0.9495816
TMEM184C,0.75,1,1,1.0,0.969637,0.969637
TMEM185A,0.75,1,1,1.0,0.7980234,0.7980234
TMEM186,0.75,1,1,1.0,0.99148655,0.99148655
TMEM187,0.75,1,1,1.0,0.9072718,0.9072718
TMEM190,0.75,1,1,1.0,0.9912683,0.9912683
TMEM213,0.75,1,1,1.0,0.9084254,0.9084254
TMEM216,0.75,1,1,1.0,0.9914818,0.9914818
TMEM229B,0.75,1,1,1.0,0.9657111,0.9657111
TMEM248,0.75,1,1,1.0,0.9903916,0.9903916
TMEM268,0.75,1,1,1.0,0.9550441,0.9550441
TMEM273,0.75,1,1,1.0,0.9912935,0.9912935
TMEM35A,0.75,1,1,1.0,0.9626091,0.9626091
TMEM39B,0.75,1,1,1.0,0.99024326,0.99024326
TMEM50B,0.75,1,1,1.0,0.97969306,0.97969306
TMEM52,0.75,1,1,1.0,0.9894019,0.9894019
TMEM52B,0.75,1,1,1.0,0.9905945,0.9905945
TMEM64,0.75,1,1,1.0,0.85701215,0.85701215
TMEM68,0.75,1,1,1.0,0.98602194,0.98602194
TMEM69,0.75,1,1,1.0,0.98755395,0.98755395
TMEM71,0.75,1,1,1.0,0.9915073,0.9915073
TMEM74B,0.75,1,1,1.0,0.98036534,0.98036534
TMEM87B,0.75,1,1,1.0,0.984318,0.984318
TMEM8B,0.75,1,1,1.0,0.991063,0.991063
TMEM92,0.75,1,1,1.0,0.99089164,0.99089164
TMEM99,0.75,1,1,1.0,0.9913322,0.9913322
TMIE,0.75,1,1,1.0,0.97119665,0.97119665
TMIGD1,0.75,1,1,1.0,0.96810997,0.96810997
TMLHE,0.75,1,1,1.0,0.9914868,0.9914868
TMPRSS13,0.75,1,1,1.0,0.9915168,0.9915168
TMSB15A,0.75,1,1,1.0,0.80783844,0.80783844
TMSB4X,0.75,1,1,1.0,0.88729507,0.88729507
TMTC3,0.75,1,1,1.0,0.9814074,0.9814074
TNFAIP6,0.75,1,1,1.0,0.9171115,0.9171115
TNFRSF10B,0.75,1,1,1.0,0.87807447,0.87807447
TNFSF13B,0.75,1,1,1.0,0.9890759,0.9890759
TNFSF15,0.75,1,1,1.0,0.9791255,0.9791255
TNFSF8,0.75,1,1,1.0,0.99148154,0.99148154
TNIP2,0.75,1,1,1.0,0.8629206,0.8629206
TNK2,0.75,1,1,1.0,0.9885971,0.9885971
TNMD,0.75,1,1,1.0,0.9327776,0.9327776
TNPO1,0.75,1,1,1.0,0.9913195,0.9913195
TOB1,0.75,1,1,1.0,0.9854791,0.9854791
TOLLIP,0.75,1,1,1.0,0.95022315,0.95022315
TOMM20L,0.75,1,1,1.0,0.9888592,0.9888592
TOR1B,0.75,1,1,1.0,0.98076457,0.98076457
TP53I11,0.75,1,1,1.0,0.98770034,0.98770034
TP53RK,0.75,1,1,1.0,0.98917365,0.98917365
TP73-AS1,0.75,1,1,1.0,0.9909473,0.9909473
TPCN2,0.75,1,1,1.0,0.9860307,0.9860307
TPD52L2,0.75,1,1,1.0,0.98975617,0.98975617
TPGS2,0.75,1,1,1.0,0.97997653,0.97997653
TPRKB,0.75,1,1,1.0,0.9914185,0.9914185
TPX2,0.75,1,1,1.0,0.97449636,0.97449636
TRAC,0.75,1,1,1.0,0.97119147,0.97119147
TRAIP,0.75,1,1,1.0,0.99150896,0.99150896
TRAV1-1,0.75,1,1,1.0,0.9628919,0.9628919
TRAV12-1,0.75,1,1,1.0,0.9914363,0.9914363
TRAV14DV4,0.75,1,1,1.0,0.9209145,0.9209145
TRAV26-1,0.75,1,1,1.0,0.82780945,0.82780945
TRAV27,0.75,1,1,1.0,0.9892865,0.9892865
TRAV8-1,0.75,1,1,1.0,0.9333665,0.9333665
TRAV8-4,0.75,1,1,1.0,0.9906606,0.9906606
TRAV8-6,0.75,1,1,1.0,0.98488903,0.98488903
TRAV9-1,0.75,1,1,1.0,0.97872853,0.97872853
TRBV29-1,0.75,1,1,1.0,0.99148154,0.99148154
TRBV5-1,0.75,1,1,1.0,0.99137586,0.99137586
TRBV6-1,0.75,1,1,1.0,0.9914186,0.9914186
TRDV1,0.75,1,1,1.0,0.9577602,0.9577602
TRGC2,0.75,1,1,1.0,0.9321245,0.9321245
TRGJ2,0.75,1,1,1.0,0.9410192,0.9410192
TRGV9,0.75,1,1,1.0,0.9906758,0.9906758
TRIB1,0.75,1,1,1.0,0.9769766,0.9769766
TRIM21,0.75,1,1,1.0,0.9021156,0.9021156
TRIM32,0.75,1,1,1.0,0.9391567,0.9391567
TRIM41,0.75,1,1,1.0,0.8213341,0.8213341
TRIM56,0.75,1,1,1.0,0.99129796,0.99129796
TRIM61,0.75,1,1,1.0,0.8586168,0.8586168
TRIM67,0.75,1,1,1.0,0.99144673,0.99144673
TRIM75P,0.75,1,1,1.0,0.88651264,0.88651264
TRIP4,0.75,1,1,1.0,0.7928737,0.7928737
TRMT10A,0.75,1,1,1.0,0.991384,0.991384
TRMT12,0.75,1,1,1.0,0.9908029,0.9908029
TRMT13,0.75,1,1,1.0,0.89423174,0.89423174
TRMT6,0.75,1,1,1.0,0.98646,0.98646
TRMT9B,0.75,1,1,1.0,0.9814212,0.9814212
TRPT1,0.75,1,1,1.0,0.9914335,0.9914335
TRPV1,0.75,1,1,1.0,0.980998,0.980998
TSC22D2,0.75,1,1,1.0,0.99073607,0.99073607
TSC22D3,0.75,1,1,1.0,0.9907279,0.9907279
TSN,0.75,1,1,1.0,0.8263314,0.8263314
TSNAXIP1,0.75,1,1,1.0,0.9915005,0.9915005
TSPAN4,0.75,1,1,1.0,0.9720104,0.9720104
TSPAN5,0.75,1,1,1.0,0.97813535,0.97813535
TSPAN8,0.75,1,1,1.0,0.9832434,0.9832434
TSPY2,0.75,1,1,1.0,0.95933396,0.95933396
TSPYL2,0.75,1,1,1.0,0.9914597,0.9914597
TSTD2,0.75,1,1,1.0,0.9914765,0.9914765
TTC12,0.75,1,1,1.0,0.9913412,0.9913412
TTC19,0.75,1,1,1.0,0.990135,0.990135
TTC25,0.75,1,1,1.0,0.99146736,0.99146736
TTLL6,0.75,1,1,1.0,0.9912913,0.9912913
TTLL9,0.75,1,1,1.0,0.9914853,0.9914853
TTYH3,0.75,1,1,1.0,0.95065165,0.95065165
TUB,0.75,1,1,1.0,0.9915153,0.9915153
TUBA1B,0.75,1,1,1.0,0.9912152,0.9912152
TUBA3E,0.75,1,1,1.0,0.8364188,0.8364188
TUBAL3,0.75,1,1,1.0,0.9915127,0.9915127
TUBB2A,0.75,1,1,1.0,0.9241134,0.9241134
TUBB8,0.75,1,1,1.0,0.9913083,0.9913083
TUBE1,0.75,1,1,1.0,0.95336705,0.95336705
TUBGCP3,0.75,1,1,1.0,0.9799612,0.9799612
TUFM,0.75,1,1,1.0,0.9913594,0.9913594
TULP3,0.75,1,1,1.0,0.8192895,0.8192895
TVP23B,0.75,1,1,1.0,0.9912845,0.9912845
TXLNB,0.75,1,1,1.0,0.9118638,0.9118638
TXN2,0.75,1,1,1.0,0.9651307,0.9651307
TXNDC12,0.75,1,1,1.0,0.9912089,0.9912089
TXNDC15,0.75,1,1,1.0,0.9914569,0.9914569
TXNL1,0.75,1,1,1.0,0.9912026,0.9912026
TXNL4A,0.75,1,1,1.0,0.8272641,0.8272641
TYMS,0.75,1,1,1.0,0.9868074,0.9868074
U2AF1L4,0.75,1,1,1.0,0.99137235,0.99137235
U2AF2,0.75,1,1,1.0,0.77545744,0.77545744
UBA2,0.75,1,1,1.0,0.99107355,0.99107355
UBA52,0.75,1,1,1.0,0.9677614,0.9677614
UBAP1,0.75,1,1,1.0,0.94745123,0.94745123
UBC,0.75,1,1,1.0,0.98545974,0.98545974
UBE2A,0.75,1,1,1.0,0.9872944,0.9872944
UBE2D2,0.75,1,1,1.0,0.99132955,0.99132955
UBE2E2,0.75,1,1,1.0,0.9915108,0.9915108
UBE2G1,0.75,1,1,1.0,0.8799186,0.8799186
UBE2L6,0.75,1,1,1.0,0.99126196,0.99126196
UBE2Q1,0.75,1,1,1.0,0.84468144,0.84468144
UBLCP1,0.75,1,1,1.0,0.9907164,0.9907164
UBOX5,0.75,1,1,1.0,0.9914021,0.9914021
UBR7,0.75,1,1,1.0,0.9530089,0.9530089
UBTFL2,0.75,1,1,1.0,0.9787425,0.9787425
UBXN4,0.75,1,1,1.0,0.96473944,0.96473944
UCHL1,0.75,1,1,1.0,0.9883156,0.9883156
UCHL5,0.75,1,1,1.0,0.83658296,0.83658296
UCK2,0.75,1,1,1.0,0.99146515,0.99146515
UCN,0.75,1,1,1.0,0.9869516,0.9869516
UCP1,0.75,1,1,1.0,0.99141604,0.99141604
UCP2,0.75,1,1,1.0,0.99131316,0.99131316
UGT1A4,0.75,1,1,1.0,0.97160834,0.97160834
UGT1A7,0.75,1,1,1.0,0.82804954,0.82804954
UIMC1,0.75,1,1,1.0,0.95621943,0.95621943
UPB1,0.75,1,1,1.0,0.99137676,0.99137676
UPF3A,0.75,1,1,1.0,0.81262046,0.81262046
UPK2,0.75,1,1,1.0,0.9915127,0.9915127
UPK3A,0.75,1,1,1.0,0.98522514,0.98522514
UPP2,0.75,1,1,1.0,0.9815895,0.9815895
UQCC1,0.75,1,1,1.0,0.9913784,0.9913784
UQCC3,0.75,1,1,1.0,0.84436566,0.84436566
URI1,0.75,1,1,1.0,0.97072417,0.97072417
UROS,0.75,1,1,1.0,0.99136376,0.99136376
USHBP1,0.75,1,1,1.0,0.99145824,0.99145824
USP10,0.75,1,1,1.0,0.9115892,0.9115892
USP13,0.75,1,1,1.0,0.9895293,0.9895293
USP21,0.75,1,1,1.0,0.9908682,0.9908682
USP30,0.75,1,1,1.0,0.9346477,0.9346477
USP31,0.75,1,1,1.0,0.96719915,0.96719915
USP36,0.75,1,1,1.0,0.97373563,0.97373563
USP39,0.75,1,1,1.0,0.9674155,0.9674155
USP44,0.75,1,1,1.0,0.991245,0.991245
UTS2,0.75,1,1,1.0,0.832916,0.832916
UXS1,0.75,1,1,1.0,0.99145937,0.99145937
Unknown,0.75,1,1,1.0,0.9913613,0.9913613
VAMP5,0.75,1,1,1.0,0.8653928,0.8653928
VASP,0.75,1,1,1.0,0.9898947,0.9898947
VAT1,0.75,1,1,1.0,0.9687274,0.9687274
VEZF1,0.75,1,1,1.0,0.9915071,0.9915071
VGLL4,0.75,1,1,1.0,0.960951,0.960951
VIM,0.75,1,1,1.0,0.99140453,0.99140453
VIPAS39,0.75,1,1,1.0,0.9890764,0.9890764
VMO1,0.75,1,1,1.0,0.9405666,0.9405666
VN1R10P,0.75,1,1,1.0,0.8372319,0.8372319
VN1R5,0.75,1,1,1.0,0.754032,0.754032
VNN3,0.75,1,1,1.0,0.9915057,0.9915057
VOPP1,0.75,1,1,1.0,0.99124676,0.99124676
VPREB3,0.75,1,1,1.0,0.9832882,0.9832882
VPS26C,0.75,1,1,1.0,0.99141073,0.99141073
VPS28,0.75,1,1,1.0,0.98321664,0.98321664
VPS37B,0.75,1,1,1.0,0.9915081,0.9915081
VSIR,0.75,1,1,1.0,0.99140024,0.99140024
VSX1,0.75,1,1,1.0,0.99140865,0.99140865
VWC2L,0.75,1,1,1.0,0.9720311,0.9720311
Vault,0.75,1,1,1.0,0.9724901,0.9724901
WASF1,0.75,1,1,1.0,0.98049396,0.98049396
WBP1,0.75,1,1,1.0,0.9760994,0.9760994
WBP11,0.75,1,1,1.0,0.98060256,0.98060256
WDCP,0.75,1,1,1.0,0.84391236,0.84391236
WDR20,0.75,1,1,1.0,0.9810612,0.9810612
WDR3,0.75,1,1,1.0,0.99132556,0.99132556
WDR53,0.75,1,1,1.0,0.9914317,0.9914317
WDR54,0.75,1,1,1.0,0.9343248,0.9343248
WFDC12,0.75,1,1,1.0,0.99125415,0.99125415
WFDC13,0.75,1,1,1.0,0.81573117,0.81573117
WFDC9,0.75,1,1,1.0,0.99142927,0.99142927
WNT1,0.75,1,1,1.0,0.9660624,0.9660624
WNT7B,0.75,1,1,1.0,0.89607817,0.89607817
WTIP,0.75,1,1,1.0,0.9909642,0.9909642
XBP1,0.75,1,1,1.0,0.98099124,0.98099124
XCL2,0.75,1,1,1.0,0.9890744,0.9890744
YAP1,0.75,1,1,1.0,0.81297046,0.81297046
YARS1,0.75,1,1,1.0,0.9890127,0.9890127
YBX1,0.75,1,1,1.0,0.90292,0.90292
YEATS4,0.75,1,1,1.0,0.9428579,0.9428579
YIPF1,0.75,1,1,1.0,0.9914904,0.9914904
YIPF4,0.75,1,1,1.0,0.96434283,0.96434283
YTHDF1,0.75,1,1,1.0,0.9894118,0.9894118
YTHDF3,0.75,1,1,1.0,0.9913634,0.9913634
YWHAB,0.75,1,1,1.0,0.9072924,0.9072924
Z82195.2,0.75,1,1,1.0,0.9783813,0.9783813
ZAR1,0.75,1,1,1.0,0.8660199,0.8660199
ZBTB17,0.75,1,1,1.0,0.9914511,0.9914511
ZBTB26,0.75,1,1,1.0,0.9915161,0.9915161
ZBTB3,0.75,1,1,1.0,0.790822,0.790822
ZBTB32,0.75,1,1,1.0,0.99149936,0.99149936
ZBTB47,0.75,1,1,1.0,0.98602724,0.98602724
ZBTB49,0.75,1,1,1.0,0.9889542,0.9889542
ZC2HC1A,0.75,1,1,1.0,0.98973405,0.98973405
ZC3H14,0.75,1,1,1.0,0.94505197,0.94505197
ZC3HAV1L,0.75,1,1,1.0,0.7723561,0.7723561
ZCCHC13,0.75,1,1,1.0,0.99061567,0.99061567
ZCWPW2,0.75,1,1,1.0,0.9587125,0.9587125
ZDHHC1,0.75,1,1,1.0,0.75588435,0.75588435
ZDHHC13,0.75,1,1,1.0,0.9912986,0.9912986
ZDHHC16,0.75,1,1,1.0,0.9912122,0.9912122
ZDHHC17,0.75,1,1,1.0,0.991343,0.991343
ZDHHC5,0.75,1,1,1.0,0.9909667,0.9909667
ZER1,0.75,1,1,1.0,0.99114615,0.99114615
ZFAND5,0.75,1,1,1.0,0.991347,0.991347
ZFP3,0.75,1,1,1.0,0.99149173,0.99149173
ZFP36L1,0.75,1,1,1.0,0.9616723,0.9616723
ZFPL1,0.75,1,1,1.0,0.96533495,0.96533495
ZMAT5,0.75,1,1,1.0,0.9405618,0.9405618
ZNF121,0.75,1,1,1.0,0.97095585,0.97095585
ZNF138,0.75,1,1,1.0,0.99112165,0.99112165
ZNF148,0.75,1,1,1.0,0.9911322,0.9911322
ZNF200,0.75,1,1,1.0,0.9896736,0.9896736
ZNF232,0.75,1,1,1.0,0.9913243,0.9913243
ZNF256,0.75,1,1,1.0,0.94428325,0.94428325
ZNF281,0.75,1,1,1.0,0.9747984,0.9747984
ZNF284,0.75,1,1,1.0,0.99131936,0.99131936
ZNF286A,0.75,1,1,1.0,0.99147344,0.99147344
ZNF296,0.75,1,1,1.0,0.99034345,0.99034345
ZNF304,0.75,1,1,1.0,0.9691339,0.9691339
ZNF32,0.75,1,1,1.0,0.92333,0.92333
ZNF329,0.75,1,1,1.0,0.979509,0.979509
ZNF333,0.75,1,1,1.0,0.9913312,0.9913312
ZNF334,0.75,1,1,1.0,0.99137986,0.99137986
ZNF34,0.75,1,1,1.0,0.9876375,0.9876375
ZNF35,0.75,1,1,1.0,0.99142927,0.99142927
ZNF350,0.75,1,1,1.0,0.9697777,0.9697777
ZNF354B,0.75,1,1,1.0,0.93515474,0.93515474
ZNF397,0.75,1,1,1.0,0.90715086,0.90715086
ZNF41,0.75,1,1,1.0,0.991492,0.991492
ZNF410,0.75,1,1,1.0,0.9342794,0.9342794
ZNF419,0.75,1,1,1.0,0.9791788,0.9791788
ZNF420,0.75,1,1,1.0,0.99026567,0.99026567
ZNF431,0.75,1,1,1.0,0.7604283,0.7604283
ZNF433,0.75,1,1,1.0,0.9912913,0.9912913
ZNF438,0.75,1,1,1.0,0.99142843,0.99142843
ZNF440,0.75,1,1,1.0,0.9415596,0.9415596
ZNF454,0.75,1,1,1.0,0.9470719,0.9470719
ZNF486,0.75,1,1,1.0,0.9781537,0.9781537
ZNF488,0.75,1,1,1.0,0.84591025,0.84591025
ZNF500,0.75,1,1,1.0,0.9914488,0.9914488
ZNF501,0.75,1,1,1.0,0.80236757,0.80236757
ZNF502,0.75,1,1,1.0,0.99140036,0.99140036
ZNF519,0.75,1,1,1.0,0.9912521,0.9912521
ZNF529,0.75,1,1,1.0,0.9914111,0.9914111
ZNF530,0.75,1,1,1.0,0.99147004,0.99147004
ZNF552,0.75,1,1,1.0,0.96577483,0.96577483
ZNF558,0.75,1,1,1.0,0.8628647,0.8628647
ZNF565,0.75,1,1,1.0,0.99151015,0.99151015
ZNF574,0.75,1,1,1.0,0.977382,0.977382
ZNF582,0.75,1,1,1.0,0.9914044,0.9914044
ZNF589,0.75,1,1,1.0,0.9115455,0.9115455
ZNF598,0.75,1,1,1.0,0.9816057,0.9816057
ZNF627,0.75,1,1,1.0,0.9912828,0.9912828
ZNF628,0.75,1,1,1.0,0.99143434,0.99143434
ZNF652,0.75,1,1,1.0,0.99102753,0.99102753
ZNF660,0.75,1,1,1.0,0.9469544,0.9469544
ZNF671,0.75,1,1,1.0,0.9115701,0.9115701
ZNF682,0.75,1,1,1.0,0.99132055,0.99132055
ZNF687,0.75,1,1,1.0,0.907,0.907
ZNF69,0.75,1,1,1.0,0.94579107,0.94579107
ZNF70,0.75,1,1,1.0,0.96961796,0.96961796
ZNF704,0.75,1,1,1.0,0.9914552,0.9914552
ZNF761,0.75,1,1,1.0,0.98469365,0.98469365
ZNF773,0.75,1,1,1.0,0.89269894,0.89269894
ZNF789,0.75,1,1,1.0,0.9914587,0.9914587
ZNF791,0.75,1,1,1.0,0.85855186,0.85855186
ZNF793,0.75,1,1,1.0,0.9072149,0.9072149
ZNF816-ZNF321P,0.75,1,1,1.0,0.9912934,0.9912934
ZNHIT3,0.75,1,1,1.0,0.99150264,0.99150264
ZPR1,0.75,1,1,1.0,0.9901293,0.9901293
ZRANB2,0.75,1,1,1.0,0.99140644,0.99140644
ZSCAN16,0.75,1,1,1.0,0.9914498,0.9914498
ZSCAN25,0.75,1,1,1.0,0.9394645,0.9394645
ZSCAN30,0.75,1,1,1.0,0.9914488,0.9914488
ZSCAN31,0.75,1,1,1.0,0.9906764,0.9906764
ZSCAN4,0.75,1,1,1.0,0.9897453,0.9897453
ZUP1,0.75,1,1,1.0,0.9912697,0.9912697
ZWILCH,0.75,1,1,1.0,0.9866955,0.9866955
ZZZ3,0.75,1,1,1.0,0.9913483,0.9913483
A1BG,0.75,2,1,0.5,0.61286439,0.61286439
AAAS,0.75,2,1,0.5,0.6952286,0.6952286
AADAC,0.75,2,1,0.5,0.4963186496,0.4963186496
AAMP,0.75,2,1,0.5,0.46477419276320003,0.46477419276320003
AANAT,0.75,2,1,0.5,0.49301465286534374,0.49301465286534374
ABCB7,0.75,2,1,0.5,0.4925206500003531,0.4925206500003531
ABCE1,0.75,2,1,0.5,0.800201025,0.800201025
ABCF1,0.75,2,1,0.5,0.487653965420415,0.487653965420415
ABCF2,0.75,2,1,0.5,0.8685261950000001,0.8685261950000001
ABCG8,0.75,2,1,0.5,0.46572991132999997,0.46572991132999997
ABHD14A-ACY1,0.75,2,1,0.5,0.775317995,0.775317995
ABHD17B,0.75,2,1,0.5,0.83966462,0.83966462
ABHD4,0.75,2,1,0.5,0.49560333916903004,0.49560333916903004
ABHD5,0.75,2,1,0.5,0.85817947,0.85817947
ABO,0.75,2,1,0.5,0.4699449851751518,0.4699449851751518
ABRA,0.75,2,1,0.5,0.490999489,0.490999489
AC005863.1,0.75,2,1,0.5,0.82860975,0.82860975
AC011455.2,0.75,2,1,0.5,0.597441005,0.597441005
AC013489.1,0.75,2,1,0.5,0.536803665,0.536803665
AC023055.1,0.75,2,1,0.5,0.382312106287,0.382312106287
AC090517.4,0.75,2,1,0.5,0.461111897388,0.461111897388
AC098582.1,0.75,2,1,0.5,0.8125356450000001,0.8125356450000001
AC104452.1,0.75,2,1,0.5,0.717569125,0.717569125
AC242842.3,0.75,2,1,0.5,0.6285324400000001,0.6285324400000001
ACAA1,0.75,2,1,0.5,0.491300380935,0.491300380935
ACAD9,0.75,2,1,0.5,0.55250944,0.55250944
ACAT2,0.75,2,1,0.5,0.598432195,0.598432195
ACLY,0.75,2,1,0.5,0.7495861,0.7495861
ACOT9,0.75,2,1,0.5,0.684622285,0.684622285
ACSM5,0.75,2,1,0.5,0.597303285,0.597303285
ACY3,0.75,2,1,0.5,0.49320981999999997,0.49320981999999997
ADAM15,0.75,2,1,0.5,0.626951385,0.626951385
ADAM21,0.75,2,1,0.5,0.41752960372,0.41752960372
ADCK2,0.75,2,1,0.5,0.789085075,0.789085075
ADCK5,0.75,2,1,0.5,0.4262350329905,0.4262350329905
ADCY4,0.75,2,1,0.5,0.8042497049999999,0.8042497049999999
ADGRA1,0.75,2,1,0.5,0.48713654500799997,0.48713654500799997
ADGRG1,0.75,2,1,0.5,0.631082485,0.631082485
ADGRL1,0.75,2,1,0.5,0.4402343350000039,0.4402343350000039
ADH5,0.75,2,1,0.5,0.44085484115,0.44085484115
ADNP,0.75,2,1,0.5,0.448976783,0.448976783
ADPGK,0.75,2,1,0.5,0.47579298996,0.47579298996
ADRA1A,0.75,2,1,0.5,0.70115105,0.70115105
AFG1L,0.75,2,1,0.5,0.4967485755,0.4967485755
AGBL1,0.75,2,1,0.5,0.758657395,0.758657395
AGO3,0.75,2,1,0.5,0.7987979000000001,0.7987979000000001
AGPAT3,0.75,2,1,0.5,0.60680008,0.60680008
AGTR2,0.75,2,1,0.5,0.4870743791067175,0.4870743791067175
AHSG,0.75,2,1,0.5,0.8272860799999999,0.8272860799999999
AKAP1,0.75,2,1,0.5,0.46620921000000004,0.46620921000000004
AKAP3,0.75,2,1,0.5,0.514536792,0.514536792
AKAP4,0.75,2,1,0.5,0.624648725,0.624648725
ALDH2,0.75,2,1,0.5,0.494240478795,0.494240478795
ALDOB,0.75,2,1,0.5,0.49569984240205,0.49569984240205
ALG2,0.75,2,1,0.5,0.58397262,0.58397262
ALG9,0.75,2,1,0.5,0.64180943,0.64180943
ALKBH3,0.75,2,1,0.5,0.616583925,0.616583925
ALOXE3,0.75,2,1,0.5,0.70651827,0.70651827
AMOTL2,0.75,2,1,0.5,0.49053273234642497,0.49053273234642497
ANAPC10,0.75,2,1,0.5,0.542227393,0.542227393
ANKRD35,0.75,2,1,0.5,0.8258843,0.8258843
ANTXR1,0.75,2,1,0.5,0.4865260980535,0.4865260980535
ANXA3,0.75,2,1,0.5,0.77483647,0.77483647
ANXA9,0.75,2,1,0.5,0.584105785,0.584105785
AOC2,0.75,2,1,0.5,0.4956764305200056,0.4956764305200056
AP000769.5,0.75,2,1,0.5,0.49575204539745304,0.49575204539745304
AP001781.2,0.75,2,1,0.5,0.751959775,0.751959775
AP5Z1,0.75,2,1,0.5,0.5277730700000001,0.5277730700000001
APBB3,0.75,2,1,0.5,0.496082167485,0.496082167485
APH1B,0.75,2,1,0.5,0.7085577350000001,0.7085577350000001
APOA2,0.75,2,1,0.5,0.561863415,0.561863415
APOA4,0.75,2,1,0.5,0.49572705003254386,0.49572705003254386
APOBEC3A,0.75,2,1,0.5,0.43148628,0.43148628
APOBEC3F,0.75,2,1,0.5,0.651836575,0.651836575
APP,0.75,2,1,0.5,0.5994747300000001,0.5994747300000001
APPBP2,0.75,2,1,0.5,0.4843658855576,0.4843658855576
AQP8,0.75,2,1,0.5,0.684303,0.684303
ARAP1,0.75,2,1,0.5,0.455789473,0.455789473
ARCN1,0.75,2,1,0.5,0.518670973,0.518670973
ARFIP1,0.75,2,1,0.5,0.478509400265,0.478509400265
ARFIP2,0.75,2,1,0.5,0.5537253,0.5537253
ARG1,0.75,2,1,0.5,0.46324419675,0.46324419675
ARHGAP20,0.75,2,1,0.5,0.52403,0.52403
ARHGAP31,0.75,2,1,0.5,0.533327025,0.533327025
ARHGDIA,0.75,2,1,0.5,0.4951478002252098,0.4951478002252098
ARID5B,0.75,2,1,0.5,0.68311987,0.68311987
ARL4A,0.75,2,1,0.5,0.68065641,0.68065641
ARL6,0.75,2,1,0.5,0.742210565,0.742210565
ARL8A,0.75,2,1,0.5,0.8485559,0.8485559
ARL8B,0.75,2,1,0.5,0.58272105,0.58272105
ARMC12,0.75,2,1,0.5,0.46134049763499996,0.46134049763499996
ARMCX1,0.75,2,1,0.5,0.6166313,0.6166313
ARMH3,0.75,2,1,0.5,0.48638290000880924,0.48638290000880924
ARNTL,0.75,2,1,0.5,0.548772,0.548772
ARPIN,0.75,2,1,0.5,0.51373378,0.51373378
ARRDC4,0.75,2,1,0.5,0.68856703,0.68856703
ASAP2,0.75,2,1,0.5,0.4898740821469,0.4898740821469
ASB17,0.75,2,1,0.5,0.6836997300000001,0.6836997300000001
ASB9,0.75,2,1,0.5,0.6995993,0.6995993
ASGR2,0.75,2,1,0.5,0.475753903,0.475753903
ATG16L2,0.75,2,1,0.5,0.49432441503934826,0.49432441503934826
ATG4B,0.75,2,1,0.5,0.4951229000782585,0.4951229000782585
ATP23,0.75,2,1,0.5,0.589385925,0.589385925
ATP5F1C,0.75,2,1,0.5,0.62813948,0.62813948
ATP5IF1,0.75,2,1,0.5,0.688232875,0.688232875
ATP5MC1,0.75,2,1,0.5,0.49613947355,0.49613947355
ATXN7L2,0.75,2,1,0.5,0.4112400036225,0.4112400036225
ATXN7L3,0.75,2,1,0.5,0.658931885,0.658931885
AWAT2,0.75,2,1,0.5,0.413959946,0.413959946
AXIN2,0.75,2,1,0.5,0.5164860450000001,0.5164860450000001
AZU1,0.75,2,1,0.5,0.761533035,0.761533035
B3GALT2,0.75,2,1,0.5,0.7799516,0.7799516
B3GNT3,0.75,2,1,0.5,0.62894223,0.62894223
BAG4,0.75,2,1,0.5,0.57911991,0.57911991
BAIAP2,0.75,2,1,0.5,0.605434,0.605434
BCL2L14,0.75,2,1,0.5,0.642230725,0.642230725
BCLAF1,0.75,2,1,0.5,0.53345486,0.53345486
BDKRB1,0.75,2,1,0.5,0.6911148,0.6911148
BDNF,0.75,2,1,0.5,0.5657800749999999,0.5657800749999999
BICRAL,0.75,2,1,0.5,0.467156974071,0.467156974071
BIK,0.75,2,1,0.5,0.5167292935,0.5167292935
BIRC2,0.75,2,1,0.5,0.505189387,0.505189387
BMI1,0.75,2,1,0.5,0.42093790033700024,0.42093790033700024
BMP1,0.75,2,1,0.5,0.59963734,0.59963734
BMPR1A,0.75,2,1,0.5,0.75358455,0.75358455
BPI,0.75,2,1,0.5,0.7138403,0.7138403
BPNT2,0.75,2,1,0.5,0.73049374,0.73049374
BRD9,0.75,2,1,0.5,0.6070392499999999,0.6070392499999999
BST2,0.75,2,1,0.5,0.49570569464,0.49570569464
BTBD3,0.75,2,1,0.5,0.755077395,0.755077395
BTNL3,0.75,2,1,0.5,0.4948433350004053,0.4948433350004053
C12orf54,0.75,2,1,0.5,0.8165166349999999,0.8165166349999999
C15orf39,0.75,2,1,0.5,0.4817676532156253,0.4817676532156253
C19orf18,0.75,2,1,0.5,0.597301545,0.597301545
C19orf57,0.75,2,1,0.5,0.389994540585,0.389994540585
C1QA,0.75,2,1,0.5,0.48923784744137,0.48923784744137
C1QTNF5,0.75,2,1,0.5,0.494478211936792,0.494478211936792
C1QTNF8,0.75,2,1,0.5,0.4819710059042955,0.4819710059042955
C1R,0.75,2,1,0.5,0.4953322155,0.4953322155
C1orf100,0.75,2,1,0.5,0.81652517,0.81652517
C1orf112,0.75,2,1,0.5,0.58035618,0.58035618
C1orf127,0.75,2,1,0.5,0.49137941500000004,0.49137941500000004
C1orf141,0.75,2,1,0.5,0.44158185800000005,0.44158185800000005
C1orf198,0.75,2,1,0.5,0.41366318950000003,0.41366318950000003
C1orf210,0.75,2,1,0.5,0.8512571,0.8512571
C1orf87,0.75,2,1,0.5,0.582009485,0.582009485
C20orf27,0.75,2,1,0.5,0.598658835,0.598658835
C3P1,0.75,2,1,0.5,0.833020715,0.833020715
C5AR1,0.75,2,1,0.5,0.5644793,0.5644793
C5orf22,0.75,2,1,0.5,0.6626181250000001,0.6626181250000001
C6orf201,0.75,2,1,0.5,0.649116215,0.649116215
C7orf57,0.75,2,1,0.5,0.45108649775000004,0.45108649775000004
C8orf58,0.75,2,1,0.5,0.694293115,0.694293115
C9orf129,0.75,2,1,0.5,0.582147685,0.582147685
CA5A,0.75,2,1,0.5,0.81011,0.81011
CABLES1,0.75,2,1,0.5,0.581154155,0.581154155
CACNG2,0.75,2,1,0.5,0.461670675,0.461670675
CACNG8,0.75,2,1,0.5,0.4868467,0.4868467
CACUL1,0.75,2,1,0.5,0.711191745,0.711191745
CALCRL,0.75,2,1,0.5,0.60049615,0.60049615
CALHM5,0.75,2,1,0.5,0.41402836415,0.41402836415
CALM1,0.75,2,1,0.5,0.59306892,0.59306892
CALR,0.75,2,1,0.5,0.503666215,0.503666215
CAMK2D,0.75,2,1,0.5,0.66636816,0.66636816
CAMK4,0.75,2,1,0.5,0.676517365,0.676517365
CAPZA1,0.75,2,1,0.5,0.66427305,0.66427305
CARTPT,0.75,2,1,0.5,0.7787917799999999,0.7787917799999999
CASP4,0.75,2,1,0.5,0.570644105,0.570644105
CATSPER3,0.75,2,1,0.5,0.68929263,0.68929263
CBX5,0.75,2,1,0.5,0.49972217700000005,0.49972217700000005
CBX6,0.75,2,1,0.5,0.480282068,0.480282068
CCDC113,0.75,2,1,0.5,0.548402695,0.548402695
CCDC115,0.75,2,1,0.5,0.633676915,0.633676915
CCDC130,0.75,2,1,0.5,0.49513251833964095,0.49513251833964095
CCDC151,0.75,2,1,0.5,0.504086913,0.504086913
CCDC191,0.75,2,1,0.5,0.6941623,0.6941623
CCDC42,0.75,2,1,0.5,0.83728718,0.83728718
CCDC73,0.75,2,1,0.5,0.8355662349999999,0.8355662349999999
CCDC82,0.75,2,1,0.5,0.775730975,0.775730975
CCDC90B,0.75,2,1,0.5,0.62106568,0.62106568
CCDC91,0.75,2,1,0.5,0.81436955,0.81436955
CCN1,0.75,2,1,0.5,0.49500812824100004,0.49500812824100004
CCNA1,0.75,2,1,0.5,0.495877021525,0.495877021525
CCND2,0.75,2,1,0.5,0.84760715,0.84760715
CCNT1,0.75,2,1,0.5,0.67072645,0.67072645
CCP110,0.75,2,1,0.5,0.47419540824999995,0.47419540824999995
CCR3,0.75,2,1,0.5,0.806779175,0.806779175
CCR8,0.75,2,1,0.5,0.501614,0.501614
CD2,0.75,2,1,0.5,0.56700187,0.56700187
CD244,0.75,2,1,0.5,0.73780165,0.73780165
CD28,0.75,2,1,0.5,0.49699365300000004,0.49699365300000004
CD300C,0.75,2,1,0.5,0.74831505,0.74831505
CD5L,0.75,2,1,0.5,0.82878248,0.82878248
CD80,0.75,2,1,0.5,0.49088260013999996,0.49088260013999996
CDAN1,0.75,2,1,0.5,0.4906573793,0.4906573793
CDC25A,0.75,2,1,0.5,0.8449839,0.8449839
CDH3,0.75,2,1,0.5,0.562374335,0.562374335
CDH6,0.75,2,1,0.5,0.492036957547875,0.492036957547875
CDK1,0.75,2,1,0.5,0.495679635496085,0.495679635496085
CDK14,0.75,2,1,0.5,0.610878755,0.610878755
CDKL2,0.75,2,1,0.5,0.652053115,0.652053115
CDKN1B,0.75,2,1,0.5,0.53092141,0.53092141
CDKN2C,0.75,2,1,0.5,0.720313275,0.720313275
CDS1,0.75,2,1,0.5,0.488170171865,0.488170171865
CEACAM19,0.75,2,1,0.5,0.495811185015,0.495811185015
CEBPE,0.75,2,1,0.5,0.4919911437954,0.4919911437954
CELA3A,0.75,2,1,0.5,0.8549547200000001,0.8549547200000001
CELF2,0.75,2,1,0.5,0.45578630156205857,0.45578630156205857
CELF4,0.75,2,1,0.5,0.8234266,0.8234266
CEP192,0.75,2,1,0.5,0.59716371,0.59716371
CEP44,0.75,2,1,0.5,0.5898070950000001,0.5898070950000001
CERS4,0.75,2,1,0.5,0.4825730506938048,0.4825730506938048
CES2,0.75,2,1,0.5,0.687105215,0.687105215
CETN1,0.75,2,1,0.5,0.46020539174474995,0.46020539174474995
CFAP157,0.75,2,1,0.5,0.69569328,0.69569328
CFAP69,0.75,2,1,0.5,0.868410415,0.868410415
CFAP92,0.75,2,1,0.5,0.855243975,0.855243975
CFDP1,0.75,2,1,0.5,0.77969675,0.77969675
CFHR4,0.75,2,1,0.5,0.4957435003769131,0.4957435003769131
CFHR5,0.75,2,1,0.5,0.49704278465,0.49704278465
CGNL1,0.75,2,1,0.5,0.522180917,0.522180917
CHCHD2P9,0.75,2,1,0.5,0.48174971250000004,0.48174971250000004
CHID1,0.75,2,1,0.5,0.66695237,0.66695237
CHKB,0.75,2,1,0.5,0.49496638236535,0.49496638236535
CHRM4,0.75,2,1,0.5,0.495637835961716,0.495637835961716
CIBAR1,0.75,2,1,0.5,0.4705920039,0.4705920039
CIRBP,0.75,2,1,0.5,0.4309044504722322,0.4309044504722322
CITED1,0.75,2,1,0.5,0.44146585000002686,0.44146585000002686
CKM,0.75,2,1,0.5,0.63744991,0.63744991
CLBA1,0.75,2,1,0.5,0.738899915,0.738899915
CLCA4,0.75,2,1,0.5,0.5615802750000001,0.5615802750000001
CLDN11,0.75,2,1,0.5,0.50492179,0.50492179
CLEC4C,0.75,2,1,0.5,0.56276801,0.56276801
CLEC4E,0.75,2,1,0.5,0.616776465,0.616776465
CLEC4F,0.75,2,1,0.5,0.4210059135075,0.4210059135075
CLEC9A,0.75,2,1,0.5,0.6414442650000001,0.6414442650000001
CLK2,0.75,2,1,0.5,0.53757816,0.53757816
CLPP,0.75,2,1,0.5,0.747496275,0.747496275
CLVS1,0.75,2,1,0.5,0.49279262,0.49279262
CMC2,0.75,2,1,0.5,0.5520564769999999,0.5520564769999999
CMSS1,0.75,2,1,0.5,0.52903032,0.52903032
CNIH3,0.75,2,1,0.5,0.526562765,0.526562765
CNMD,0.75,2,1,0.5,0.46969025051131613,0.46969025051131613
CNOT10,0.75,2,1,0.5,0.49808274350000004,0.49808274350000004
CNR2,0.75,2,1,0.5,0.475170415,0.475170415
COG8,0.75,2,1,0.5,0.67653855,0.67653855
COL9A1,0.75,2,1,0.5,0.6503559750000001,0.6503559750000001
COLEC11,0.75,2,1,0.5,0.486781603017029,0.486781603017029
COMP,0.75,2,1,0.5,0.4098517548754345,0.4098517548754345
COQ4,0.75,2,1,0.5,0.562975735,0.562975735
CPED1,0.75,2,1,0.5,0.49028025678444,0.49028025678444
CPSF7,0.75,2,1,0.5,0.5073128425,0.5073128425
CPXM1,0.75,2,1,0.5,0.68269397,0.68269397
CRAT,0.75,2,1,0.5,0.48817512399999996,0.48817512399999996
CRELD1,0.75,2,1,0.5,0.71908256,0.71908256
CRISPLD1,0.75,2,1,0.5,0.510919009,0.510919009
CRMP1,0.75,2,1,0.5,0.7120766000000001,0.7120766000000001
CRNKL1,0.75,2,1,0.5,0.528120785,0.528120785
CRTC1,0.75,2,1,0.5,0.80954868,0.80954868
CRTC3,0.75,2,1,0.5,0.69913789,0.69913789
CRYBB2,0.75,2,1,0.5,0.71234554,0.71234554
CRYGD,0.75,2,1,0.5,0.49136002249285005,0.49136002249285005
CRYGS,0.75,2,1,0.5,0.76527855,0.76527855
CSK,0.75,2,1,0.5,0.488062065,0.488062065
CSN1S1,0.75,2,1,0.5,0.602708115,0.602708115
CSN3,0.75,2,1,0.5,0.748273925,0.748273925
CSNK1A1,0.75,2,1,0.5,0.84897853,0.84897853
CST3,0.75,2,1,0.5,0.6898345,0.6898345
CSTA,0.75,2,1,0.5,0.72695268,0.72695268
CTCFL,0.75,2,1,0.5,0.440959485,0.440959485
CTDNEP1,0.75,2,1,0.5,0.537526875,0.537526875
CTDSP1,0.75,2,1,0.5,0.721759625,0.721759625
CTH,0.75,2,1,0.5,0.546789165,0.546789165
CTNNAL1,0.75,2,1,0.5,0.8397786,0.8397786
CTNNB1,0.75,2,1,0.5,0.86040842,0.86040842
CTPS1,0.75,2,1,0.5,0.661162925,0.661162925
CTRB1,0.75,2,1,0.5,0.59035437,0.59035437
CTSL,0.75,2,1,0.5,0.5450019625,0.5450019625
CTSV,0.75,2,1,0.5,0.704056375,0.704056375
CTU2,0.75,2,1,0.5,0.4772224284,0.4772224284
CUEDC1,0.75,2,1,0.5,0.66509713,0.66509713
CUL4B,0.75,2,1,0.5,0.72615372,0.72615372
CXorf58,0.75,2,1,0.5,0.67416847,0.67416847
CXorf65,0.75,2,1,0.5,0.4863891500114252,0.4863891500114252
CXorf66,0.75,2,1,0.5,0.66868641,0.66868641
CYB5D1,0.75,2,1,0.5,0.513448185,0.513448185
CYB5D2,0.75,2,1,0.5,0.60355344,0.60355344
CYP1B1,0.75,2,1,0.5,0.49382459716313004,0.49382459716313004
CYP2U1,0.75,2,1,0.5,0.4305045133285,0.4305045133285
CYP46A1,0.75,2,1,0.5,0.4659899592,0.4659899592
CYSLTR2,0.75,2,1,0.5,0.53076536,0.53076536
DACH2,0.75,2,1,0.5,0.495032900015035,0.495032900015035
DACT1,0.75,2,1,0.5,0.48786125000111324,0.48786125000111324
DAPK3,0.75,2,1,0.5,0.4569845296465,0.4569845296465
DCAF12,0.75,2,1,0.5,0.82335263,0.82335263
DCAF15,0.75,2,1,0.5,0.55927079,0.55927079
DCTN4,0.75,2,1,0.5,0.500696953,0.500696953
DCUN1D1,0.75,2,1,0.5,0.79273102,0.79273102
DDOST,0.75,2,1,0.5,0.63440505,0.63440505
DDX19B,0.75,2,1,0.5,0.6514081199999999,0.6514081199999999
DDX24,0.75,2,1,0.5,0.783625535,0.783625535
DDX31,0.75,2,1,0.5,0.45585181213000003,0.45585181213000003
DDX49,0.75,2,1,0.5,0.471888752,0.471888752
DDX5,0.75,2,1,0.5,0.40888379150000004,0.40888379150000004
DEDD,0.75,2,1,0.5,0.6042182700000001,0.6042182700000001
DEF8,0.75,2,1,0.5,0.4794486543010375,0.4794486543010375
DEFB110,0.75,2,1,0.5,0.6153289,0.6153289
DEFB118,0.75,2,1,0.5,0.482859907,0.482859907
DENND2D,0.75,2,1,0.5,0.616189295,0.616189295
DEPDC1,0.75,2,1,0.5,0.513488388,0.513488388
DHRS9,0.75,2,1,0.5,0.49230267325,0.49230267325
DHX29,0.75,2,1,0.5,0.55692907,0.55692907
DLGAP5,0.75,2,1,0.5,0.490284134,0.490284134
DLL4,0.75,2,1,0.5,0.433128277822,0.433128277822
DLST,0.75,2,1,0.5,0.49490280671355,0.49490280671355
DNAJC4,0.75,2,1,0.5,0.60006249,0.60006249
DNAJC5,0.75,2,1,0.5,0.4954256000415134,0.4954256000415134
DNAJC5G,0.75,2,1,0.5,0.4967232351,0.4967232351
DNASE1,0.75,2,1,0.5,0.635926925,0.635926925
DNPEP,0.75,2,1,0.5,0.63859595,0.63859595
DONSON,0.75,2,1,0.5,0.57822556,0.57822556
DOT1L,0.75,2,1,0.5,0.596854595,0.596854595
DPAGT1,0.75,2,1,0.5,0.67986589,0.67986589
DPCD,0.75,2,1,0.5,0.64743522,0.64743522
DPM1,0.75,2,1,0.5,0.594836375,0.594836375
DPY19L1,0.75,2,1,0.5,0.7195469,0.7195469
DRC3,0.75,2,1,0.5,0.47859275000525625,0.47859275000525625
DUSP19,0.75,2,1,0.5,0.48760672695,0.48760672695
DUSP21,0.75,2,1,0.5,0.82652473,0.82652473
DUSP5,0.75,2,1,0.5,0.49572372737289033,0.49572372737289033
DYM,0.75,2,1,0.5,0.8183391250000001,0.8183391250000001
DYRK1B,0.75,2,1,0.5,0.51813488,0.51813488
ECD,0.75,2,1,0.5,0.73232465,0.73232465
ECE1,0.75,2,1,0.5,0.55068498,0.55068498
EDEM2,0.75,2,1,0.5,0.525955482,0.525955482
EEF1D,0.75,2,1,0.5,0.4218188000404256,0.4218188000404256
EEF1E1,0.75,2,1,0.5,0.48385503989620005,0.48385503989620005
EFS,0.75,2,1,0.5,0.55990408,0.55990408
EID3,0.75,2,1,0.5,0.5239280275,0.5239280275
EIF3E,0.75,2,1,0.5,0.59970603,0.59970603
EIF3H,0.75,2,1,0.5,0.7599949500000001,0.7599949500000001
EIF4E,0.75,2,1,0.5,0.592242425,0.592242425
EIF4E1B,0.75,2,1,0.5,0.5084842,0.5084842
EIF5B,0.75,2,1,0.5,0.4782240962435,0.4782240962435
ELF5,0.75,2,1,0.5,0.7571364,0.7571364
ENAH,0.75,2,1,0.5,0.679615485,0.679615485
EPB41,0.75,2,1,0.5,0.46071307063865,0.46071307063865
EPS15L1,0.75,2,1,0.5,0.60169508,0.60169508
EPS8L2,0.75,2,1,0.5,0.4975407009,0.4975407009
ERC1,0.75,2,1,0.5,0.7072060250000001,0.7072060250000001
ERMARD,0.75,2,1,0.5,0.49583849656,0.49583849656
ERRFI1,0.75,2,1,0.5,0.553389425,0.553389425
ESAM,0.75,2,1,0.5,0.740147715,0.740147715
ESPNL,0.75,2,1,0.5,0.4674906560228618,0.4674906560228618
ESS2,0.75,2,1,0.5,0.59154271,0.59154271
ETV1,0.75,2,1,0.5,0.6517294499999999,0.6517294499999999
ETV3L,0.75,2,1,0.5,0.66869225,0.66869225
ETV5,0.75,2,1,0.5,0.7746264,0.7746264
EXOC3L4,0.75,2,1,0.5,0.49446015000003,0.49446015000003
EXOSC4,0.75,2,1,0.5,0.5154620525,0.5154620525
EXOSC8,0.75,2,1,0.5,0.7574343800000001,0.7574343800000001
EYA2,0.75,2,1,0.5,0.49141646732,0.49141646732
EZHIP,0.75,2,1,0.5,0.4957565521935185,0.4957565521935185
F2RL2,0.75,2,1,0.5,0.438790733,0.438790733
FAAH,0.75,2,1,0.5,0.4683680017504,0.4683680017504
FAF2,0.75,2,1,0.5,0.7118100549999999,0.7118100549999999
FAM111A,0.75,2,1,0.5,0.618336825,0.618336825
FAM149A,0.75,2,1,0.5,0.49700586770000005,0.49700586770000005
FAM171B,0.75,2,1,0.5,0.481952481019,0.481952481019
FAM172A,0.75,2,1,0.5,0.49570749156,0.49570749156
FAM183BP,0.75,2,1,0.5,0.545662485,0.545662485
FAM20A,0.75,2,1,0.5,0.78214198,0.78214198
FAM217A,0.75,2,1,0.5,0.48281274462249996,0.48281274462249996
FAM222B,0.75,2,1,0.5,0.495362257319857,0.495362257319857
FAM241A,0.75,2,1,0.5,0.549358215,0.549358215
FAM71E1,0.75,2,1,0.5,0.45415845000263,0.45415845000263
FAM78B,0.75,2,1,0.5,0.611912985,0.611912985
FAM83F,0.75,2,1,0.5,0.4905208249,0.4905208249
FBLN7,0.75,2,1,0.5,0.48640727375,0.48640727375
FBXL14,0.75,2,1,0.5,0.5087440715,0.5087440715
FBXO10,0.75,2,1,0.5,0.5079923975,0.5079923975
FBXO39,0.75,2,1,0.5,0.66281125,0.66281125
FBXO4,0.75,2,1,0.5,0.689844635,0.689844635
FCGR2A,0.75,2,1,0.5,0.814924025,0.814924025
FCGR2C,0.75,2,1,0.5,0.605933835,0.605933835
FCGRT,0.75,2,1,0.5,0.49526823945,0.49526823945
FCHSD2,0.75,2,1,0.5,0.66549352,0.66549352
FEM1C,0.75,2,1,0.5,0.49583469631000004,0.49583469631000004
FER1L5,0.75,2,1,0.5,0.49560159592999997,0.49560159592999997
FEZF2,0.75,2,1,0.5,0.5490957200000001,0.5490957200000001
FFAR1,0.75,2,1,0.5,0.578655135,0.578655135
FGF18,0.75,2,1,0.5,0.4956998366161025,0.4956998366161025
FGR,0.75,2,1,0.5,0.473839335545,0.473839335545
FKBP1A,0.75,2,1,0.5,0.49793069949999996,0.49793069949999996
FKBP5,0.75,2,1,0.5,0.4921442349,0.4921442349
FLAD1,0.75,2,1,0.5,0.8442544,0.8442544
FMO2,0.75,2,1,0.5,0.581977505,0.581977505
FNDC7,0.75,2,1,0.5,0.8596982,0.8596982
FOLH1B,0.75,2,1,0.5,0.684775225,0.684775225
FOXJ1,0.75,2,1,0.5,0.68418169,0.68418169
FOXL2,0.75,2,1,0.5,0.65208796,0.65208796
FOXL2NB,0.75,2,1,0.5,0.6319379,0.6319379
FOXN3,0.75,2,1,0.5,0.461518608,0.461518608
FOXRED2,0.75,2,1,0.5,0.68892996,0.68892996
FRMD8,0.75,2,1,0.5,0.4489293499,0.4489293499
FSCN3,0.75,2,1,0.5,0.495740427581466,0.495740427581466
FYN,0.75,2,1,0.5,0.84103403,0.84103403
FYTTD1,0.75,2,1,0.5,0.49967663900000003,0.49967663900000003
FZD2,0.75,2,1,0.5,0.49567777523699996,0.49567777523699996
FZD5,0.75,2,1,0.5,0.41405919743946,0.41405919743946
FZR1,0.75,2,1,0.5,0.4999146625,0.4999146625
G2E3,0.75,2,1,0.5,0.49514873221575,0.49514873221575
GABPB1,0.75,2,1,0.5,0.4961212113,0.4961212113
GABRG1,0.75,2,1,0.5,0.65869797,0.65869797
GAD2,0.75,2,1,0.5,0.49552832943,0.49552832943
GAL3ST2,0.75,2,1,0.5,0.455821372055135,0.455821372055135
GAMT,0.75,2,1,0.5,0.43605330237567075,0.43605330237567075
GANC,0.75,2,1,0.5,0.49549071499999997,0.49549071499999997
GATA1,0.75,2,1,0.5,0.48872286246068003,0.48872286246068003
GBX2,0.75,2,1,0.5,0.78405653,0.78405653
GCLC,0.75,2,1,0.5,0.49797814,0.49797814
GDA,0.75,2,1,0.5,0.58731421,0.58731421
GDAP1L1,0.75,2,1,0.5,0.49708122509999997,0.49708122509999997
GDPD2,0.75,2,1,0.5,0.40542201805,0.40542201805
GEMIN2,0.75,2,1,0.5,0.6554605099999999,0.6554605099999999
GEMIN8,0.75,2,1,0.5,0.7397148,0.7397148
GGCX,0.75,2,1,0.5,0.557504905,0.557504905
GGT5,0.75,2,1,0.5,0.44334870487198547,0.44334870487198547
GIGYF1,0.75,2,1,0.5,0.728457095,0.728457095
GIPR,0.75,2,1,0.5,0.63386059,0.63386059
GJA4,0.75,2,1,0.5,0.5061771005,0.5061771005
GJA9,0.75,2,1,0.5,0.577737965,0.577737965
GK,0.75,2,1,0.5,0.48894065061,0.48894065061
GKN1,0.75,2,1,0.5,0.482726654,0.482726654
GLB1L,0.75,2,1,0.5,0.8182319,0.8182319
GLMP,0.75,2,1,0.5,0.49723099325,0.49723099325
GLRX,0.75,2,1,0.5,0.63715765,0.63715765
GLT1D1,0.75,2,1,0.5,0.64183751,0.64183751
GLYATL2,0.75,2,1,0.5,0.590417445,0.590417445
GMFG,0.75,2,1,0.5,0.481457715,0.481457715
GMPR,0.75,2,1,0.5,0.49553003507,0.49553003507
GMPR2,0.75,2,1,0.5,0.427994147395,0.427994147395
GNA11,0.75,2,1,0.5,0.49557722884,0.49557722884
GNA12,0.75,2,1,0.5,0.60878394,0.60878394
GNAL,0.75,2,1,0.5,0.502436189,0.502436189
GOLGA5,0.75,2,1,0.5,0.6607684500000001,0.6607684500000001
GP9,0.75,2,1,0.5,0.49569280008192385,0.49569280008192385
GPAT3,0.75,2,1,0.5,0.43482694022,0.43482694022
GPC5,0.75,2,1,0.5,0.48984138951,0.48984138951
GPHN,0.75,2,1,0.5,0.43653674811,0.43653674811
GPKOW,0.75,2,1,0.5,0.729966435,0.729966435
GPR101,0.75,2,1,0.5,0.43633854850000003,0.43633854850000003
GPR149,0.75,2,1,0.5,0.40050180839,0.40050180839
GPR173,0.75,2,1,0.5,0.71901456,0.71901456
GPR183,0.75,2,1,0.5,0.47036600258512995,0.47036600258512995
GPR32,0.75,2,1,0.5,0.56015233,0.56015233
GPR63,0.75,2,1,0.5,0.495943497615,0.495943497615
GPS2,0.75,2,1,0.5,0.47246276,0.47246276
GPX1,0.75,2,1,0.5,0.694133905,0.694133905
GRIN3B,0.75,2,1,0.5,0.5000499700000001,0.5000499700000001
GRSF1,0.75,2,1,0.5,0.559104225,0.559104225
GSDMD,0.75,2,1,0.5,0.4957597687,0.4957597687
GSE1,0.75,2,1,0.5,0.49571346894385004,0.49571346894385004
GSK3B,0.75,2,1,0.5,0.49571702249989996,0.49571702249989996
GSTM3,0.75,2,1,0.5,0.5090616625,0.5090616625
GSTO2,0.75,2,1,0.5,0.45481652372605,0.45481652372605
GTF2B,0.75,2,1,0.5,0.586314825,0.586314825
GTPBP4,0.75,2,1,0.5,0.49573982092724017,0.49573982092724017
GUSB,0.75,2,1,0.5,0.72125864,0.72125864
GYG2,0.75,2,1,0.5,0.49025142542354,0.49025142542354
GYPA,0.75,2,1,0.5,0.592645015,0.592645015
H2AC11,0.75,2,1,0.5,0.49304040099999996,0.49304040099999996
H2AP,0.75,2,1,0.5,0.81138518,0.81138518
H2BW1,0.75,2,1,0.5,0.62093197,0.62093197
H3-3A,0.75,2,1,0.5,0.49634099325000003,0.49634099325000003
HABP4,0.75,2,1,0.5,0.8328221499999999,0.8328221499999999
HAO2,0.75,2,1,0.5,0.80219995,0.80219995
HAPLN3,0.75,2,1,0.5,0.5156902050000001,0.5156902050000001
HAUS5,0.75,2,1,0.5,0.6093046950000001,0.6093046950000001
HBP1,0.75,2,1,0.5,0.5629259950000001,0.5629259950000001
HCST,0.75,2,1,0.5,0.49610624753,0.49610624753
HDAC4,0.75,2,1,0.5,0.47981086313,0.47981086313
HERPUD1,0.75,2,1,0.5,0.64716324,0.64716324
HEY2,0.75,2,1,0.5,0.4740857055,0.4740857055
HIC2,0.75,2,1,0.5,0.45136286757985,0.45136286757985
HLA-DQA2,0.75,2,1,0.5,0.711066845,0.711066845
HLA-DRA,0.75,2,1,0.5,0.48089407747499996,0.48089407747499996
HMCES,0.75,2,1,0.5,0.73388334,0.73388334
HMG20A,0.75,2,1,0.5,0.7750870249999999,0.7750870249999999
HMGB4,0.75,2,1,0.5,0.60737403,0.60737403
HMGN2P46,0.75,2,1,0.5,0.5060917300000001,0.5060917300000001
HMMR,0.75,2,1,0.5,0.504180908,0.504180908
HNRNPH2,0.75,2,1,0.5,0.624125665,0.624125665
HNRNPL,0.75,2,1,0.5,0.4936390175,0.4936390175
HOMER3,0.75,2,1,0.5,0.49565835227389654,0.49565835227389654
HORMAD1,0.75,2,1,0.5,0.51013805,0.51013805
HORMAD2,0.75,2,1,0.5,0.5303156,0.5303156
HOXA7,0.75,2,1,0.5,0.84614465,0.84614465
HOXD4,0.75,2,1,0.5,0.7998668,0.7998668
HPDL,0.75,2,1,0.5,0.49506932102499995,0.49506932102499995
HPS1,0.75,2,1,0.5,0.47823006691500003,0.47823006691500003
HPS4,0.75,2,1,0.5,0.47790410000241446,0.47790410000241446
HSPA4,0.75,2,1,0.5,0.47655150165,0.47655150165
HSPB3,0.75,2,1,0.5,0.658103645,0.658103645
HTR3D,0.75,2,1,0.5,0.4950095520049542,0.4950095520049542
HTRA2,0.75,2,1,0.5,0.4834827085,0.4834827085
HTRA3,0.75,2,1,0.5,0.48792931216817503,0.48792931216817503
HUS1,0.75,2,1,0.5,0.4969949645,0.4969949645
HYAL2,0.75,2,1,0.5,0.490696947865,0.490696947865
ICA1,0.75,2,1,0.5,0.651295795,0.651295795
IDH3G,0.75,2,1,0.5,0.49251186656025,0.49251186656025
IDI2,0.75,2,1,0.5,0.49565930326344304,0.49565930326344304
IFI35,0.75,2,1,0.5,0.48807996693,0.48807996693
IFNL3,0.75,2,1,0.5,0.726924275,0.726924275
IGBP1,0.75,2,1,0.5,0.49181658369000003,0.49181658369000003
IGDCC3,0.75,2,1,0.5,0.48849409126332,0.48849409126332
IGF2BP2,0.75,2,1,0.5,0.4807245913777,0.4807245913777
IGHV1-18,0.75,2,1,0.5,0.733274,0.733274
IGHV2-26,0.75,2,1,0.5,0.4010757518295,0.4010757518295
IGHV3-11,0.75,2,1,0.5,0.525479775,0.525479775
IGHV3-33,0.75,2,1,0.5,0.483085286525,0.483085286525
IGKJ1,0.75,2,1,0.5,0.713743225,0.713743225
IGKV1-16,0.75,2,1,0.5,0.8350472499999999,0.8350472499999999
IGLV3-1,0.75,2,1,0.5,0.537604665,0.537604665
IGLV3-25,0.75,2,1,0.5,0.77869063,0.77869063
IHH,0.75,2,1,0.5,0.48676765875,0.48676765875
IL17RE,0.75,2,1,0.5,0.465131652123567,0.465131652123567
IL1A,0.75,2,1,0.5,0.86671957,0.86671957
IL2,0.75,2,1,0.5,0.467994256729864,0.467994256729864
IL36RN,0.75,2,1,0.5,0.513438302,0.513438302
IL7,0.75,2,1,0.5,0.81754185,0.81754185
IL9R,0.75,2,1,0.5,0.49468175000000025,0.49468175000000025
ING5,0.75,2,1,0.5,0.40790755911800003,0.40790755911800003
INHBB,0.75,2,1,0.5,0.4512802702387345,0.4512802702387345
INKA1,0.75,2,1,0.5,0.46065846077344996,0.46065846077344996
INPP5E,0.75,2,1,0.5,0.570340455,0.570340455
INTS5,0.75,2,1,0.5,0.49572277473369597,0.49572277473369597
INTS9,0.75,2,1,0.5,0.5036436009999999,0.5036436009999999
INVS,0.75,2,1,0.5,0.49435091154000005,0.49435091154000005
IP6K3,0.75,2,1,0.5,0.495789127755,0.495789127755
IRF1,0.75,2,1,0.5,0.586583105,0.586583105
IRF5,0.75,2,1,0.5,0.504171395,0.504171395
IRGQ,0.75,2,1,0.5,0.49571229302799996,0.49571229302799996
ISM1,0.75,2,1,0.5,0.4803663080565,0.4803663080565
ISX,0.75,2,1,0.5,0.63984057,0.63984057
ITFG2,0.75,2,1,0.5,0.49800188285,0.49800188285
ITLN1,0.75,2,1,0.5,0.758242695,0.758242695
JAZF1,0.75,2,1,0.5,0.8024796,0.8024796
JCHAIN,0.75,2,1,0.5,0.617402105,0.617402105
KAZALD1,0.75,2,1,0.5,0.6792112699999999,0.6792112699999999
KBTBD12,0.75,2,1,0.5,0.6086876,0.6086876
KBTBD6,0.75,2,1,0.5,0.5457120449999999,0.5457120449999999
KCNA6,0.75,2,1,0.5,0.4956972306634882,0.4956972306634882
KCNC3,0.75,2,1,0.5,0.49572447091114596,0.49572447091114596
KCNE5,0.75,2,1,0.5,0.49038693274,0.49038693274
KCNG2,0.75,2,1,0.5,0.4345342504781114,0.4345342504781114
KCNJ11,0.75,2,1,0.5,0.49000109725,0.49000109725
KCNK13,0.75,2,1,0.5,0.49045545430423054,0.49045545430423054
KCTD18,0.75,2,1,0.5,0.4217681300309259,0.4217681300309259
KCTD20,0.75,2,1,0.5,0.833689465,0.833689465
KDM1A,0.75,2,1,0.5,0.5502926850000001,0.5502926850000001
KHSRP,0.75,2,1,0.5,0.60110675,0.60110675
KIAA1958,0.75,2,1,0.5,0.7611623,0.7611623
KIAA2013,0.75,2,1,0.5,0.48233146732000004,0.48233146732000004
KIF11,0.75,2,1,0.5,0.491489283,0.491489283
KIF12,0.75,2,1,0.5,0.48480745029211003,0.48480745029211003
KIF2C,0.75,2,1,0.5,0.715534075,0.715534075
KIF5B,0.75,2,1,0.5,0.521755777,0.521755777
KIFBP,0.75,2,1,0.5,0.518586742,0.518586742
KIFC2,0.75,2,1,0.5,0.5564289575,0.5564289575
KIR2DL3,0.75,2,1,0.5,0.7701846050000001,0.7701846050000001
KLF10,0.75,2,1,0.5,0.6364843499999999,0.6364843499999999
KLF8,0.75,2,1,0.5,0.69433433,0.69433433
KLHDC1,0.75,2,1,0.5,0.47482644105300004,0.47482644105300004
KLHDC3,0.75,2,1,0.5,0.43027731769208,0.43027731769208
KLHL24,0.75,2,1,0.5,0.6143855899999999,0.6143855899999999
KLK10,0.75,2,1,0.5,0.49575360453036676,0.49575360453036676
KLK12,0.75,2,1,0.5,0.49453940077906505,0.49453940077906505
KLRF1,0.75,2,1,0.5,0.5416574900000001,0.5416574900000001
KLRG1,0.75,2,1,0.5,0.7491317749999999,0.7491317749999999
KMT5A,0.75,2,1,0.5,0.4957260576748,0.4957260576748
KNOP1P1,0.75,2,1,0.5,0.821605935,0.821605935
KPNA2,0.75,2,1,0.5,0.4277381735,0.4277381735
KRBA1,0.75,2,1,0.5,0.49565792016489213,0.49565792016489213
KRCC1,0.75,2,1,0.5,0.71770555,0.71770555
KRT1,0.75,2,1,0.5,0.559017955,0.559017955
KRT71,0.75,2,1,0.5,0.724873535,0.724873535
KRT80,0.75,2,1,0.5,0.503573441,0.503573441
KRT81,0.75,2,1,0.5,0.487838715781,0.487838715781
KRT83,0.75,2,1,0.5,0.463834015185,0.463834015185
KRTAP1-3,0.75,2,1,0.5,0.78753155,0.78753155
KRTAP10-11,0.75,2,1,0.5,0.72387305,0.72387305
KRTAP19-2,0.75,2,1,0.5,0.8054812499999999,0.8054812499999999
KRTCAP3,0.75,2,1,0.5,0.49169617092212003,0.49169617092212003
LAD1,0.75,2,1,0.5,0.49574515982362105,0.49574515982362105
LAMB2,0.75,2,1,0.5,0.4557937000818422,0.4557937000818422
LANCL1,0.75,2,1,0.5,0.8154006899999999,0.8154006899999999
LARP6,0.75,2,1,0.5,0.74863725,0.74863725
LCN1,0.75,2,1,0.5,0.4957108304896715,0.4957108304896715
LCN2,0.75,2,1,0.5,0.491398872505,0.491398872505
LDB2,0.75,2,1,0.5,0.6267349799999999,0.6267349799999999
LDHAL6A,0.75,2,1,0.5,0.8390099,0.8390099
LDHAL6B,0.75,2,1,0.5,0.471968027836,0.471968027836
LDLRAD2,0.75,2,1,0.5,0.7747907,0.7747907
LEMD2,0.75,2,1,0.5,0.4846224512999266,0.4846224512999266
LGALS1,0.75,2,1,0.5,0.67113029,0.67113029
LGALS3BP,0.75,2,1,0.5,0.860965165,0.860965165
LGI1,0.75,2,1,0.5,0.75966534,0.75966534
LHPP,0.75,2,1,0.5,0.47023960493222,0.47023960493222
LHX3,0.75,2,1,0.5,0.48915527505883505,0.48915527505883505
LIAS,0.75,2,1,0.5,0.778879775,0.778879775
LIMK2,0.75,2,1,0.5,0.7339059649999999,0.7339059649999999
LIN28A,0.75,2,1,0.5,0.50559723,0.50559723
LINGO3,0.75,2,1,0.5,0.473779036,0.473779036
LMBRD2,0.75,2,1,0.5,0.51199852,0.51199852
LMNB2,0.75,2,1,0.5,0.495664932498535,0.495664932498535
LNPK,0.75,2,1,0.5,0.83957063,0.83957063
LNX2,0.75,2,1,0.5,0.49763922225,0.49763922225
LOX,0.75,2,1,0.5,0.497657175,0.497657175
LPCAT3,0.75,2,1,0.5,0.7082285500000001,0.7082285500000001
LPCAT4,0.75,2,1,0.5,0.840621355,0.840621355
LRAT,0.75,2,1,0.5,0.76530185,0.76530185
LRG1,0.75,2,1,0.5,0.48999065145,0.48999065145
LRGUK,0.75,2,1,0.5,0.59983947,0.59983947
LRP2BP,0.75,2,1,0.5,0.52283968,0.52283968
LRRC19,0.75,2,1,0.5,0.486525475,0.486525475
LRRC36,0.75,2,1,0.5,0.624685375,0.624685375
LRRC52,0.75,2,1,0.5,0.553168455,0.553168455
LRRC56,0.75,2,1,0.5,0.4592545507412257,0.4592545507412257
LRRC57,0.75,2,1,0.5,0.49612268969999995,0.49612268969999995
LRRN1,0.75,2,1,0.5,0.4893810689,0.4893810689
LSMEM2,0.75,2,1,0.5,0.461420206176,0.461420206176
LUZP4,0.75,2,1,0.5,0.48938966289,0.48938966289
LY6G6F-LY6G6D,0.75,2,1,0.5,0.489235550771965,0.489235550771965
LYPLAL1,0.75,2,1,0.5,0.729944115,0.729944115
LYSMD3,0.75,2,1,0.5,0.61499352,0.61499352
MAD1L1,0.75,2,1,0.5,0.49013158641,0.49013158641
MADCAM1,0.75,2,1,0.5,0.49575482111,0.49575482111
MAEA,0.75,2,1,0.5,0.49564259511000003,0.49564259511000003
MAGI3,0.75,2,1,0.5,0.5939132,0.5939132
MAL2,0.75,2,1,0.5,0.49563956162475,0.49563956162475
MANSC1,0.75,2,1,0.5,0.503300267,0.503300267
MAP11,0.75,2,1,0.5,0.493013488631275,0.493013488631275
MAP2K2,0.75,2,1,0.5,0.49751306824999997,0.49751306824999997
MAP3K11,0.75,2,1,0.5,0.495628185092715,0.495628185092715
MAPK8,0.75,2,1,0.5,0.495505727515,0.495505727515
MAPRE2,0.75,2,1,0.5,0.70188256,0.70188256
MARF1,0.75,2,1,0.5,0.6775808,0.6775808
MARS1,0.75,2,1,0.5,0.63104956,0.63104956
MBD2,0.75,2,1,0.5,0.85383765,0.85383765
MCU,0.75,2,1,0.5,0.64873665,0.64873665
MDK,0.75,2,1,0.5,0.4939520738086585,0.4939520738086585
MED16,0.75,2,1,0.5,0.4900621323,0.4900621323
MED7,0.75,2,1,0.5,0.82406025,0.82406025
METTL1,0.75,2,1,0.5,0.6597324,0.6597324
METTL6,0.75,2,1,0.5,0.49648449404999995,0.49648449404999995
MFN2,0.75,2,1,0.5,0.49582448267,0.49582448267
MGME1,0.75,2,1,0.5,0.48817566255,0.48817566255
MIA,0.75,2,1,0.5,0.503150485,0.503150485
MICALL1,0.75,2,1,0.5,0.54416547,0.54416547
MICU2,0.75,2,1,0.5,0.465496385,0.465496385
MINK1,0.75,2,1,0.5,0.495759358247,0.495759358247
MINPP1,0.75,2,1,0.5,0.7137818250000001,0.7137818250000001
MIP,0.75,2,1,0.5,0.5403838,0.5403838
MIR1270,0.75,2,1,0.5,0.48928942750000004,0.48928942750000004
MIR376A2,0.75,2,1,0.5,0.49574345983335,0.49574345983335
MIR509-3,0.75,2,1,0.5,0.70515738,0.70515738
MIR516A2,0.75,2,1,0.5,0.48142148139999996,0.48142148139999996
MIR522,0.75,2,1,0.5,0.524321685,0.524321685
MISP,0.75,2,1,0.5,0.46297090590059253,0.46297090590059253
MLIP,0.75,2,1,0.5,0.47283868500000004,0.47283868500000004
MLLT1,0.75,2,1,0.5,0.49564206694303087,0.49564206694303087
MMP1,0.75,2,1,0.5,0.5078909465,0.5078909465
MMP28,0.75,2,1,0.5,0.73480579,0.73480579
MMP8,0.75,2,1,0.5,0.73760702,0.73760702
MOAP1,0.75,2,1,0.5,0.4625205007582709,0.4625205007582709
MOCS2,0.75,2,1,0.5,0.58235903,0.58235903
MON1B,0.75,2,1,0.5,0.62911157,0.62911157
MRI1,0.75,2,1,0.5,0.4917173042948895,0.4917173042948895
MRPL11,0.75,2,1,0.5,0.5033487535000001,0.5033487535000001
MRPL15,0.75,2,1,0.5,0.441585175,0.441585175
MRPL39,0.75,2,1,0.5,0.48592069,0.48592069
MRPL4,0.75,2,1,0.5,0.4615050205,0.4615050205
MRTO4,0.75,2,1,0.5,0.49573642143560903,0.49573642143560903
MSH2,0.75,2,1,0.5,0.4967760812,0.4967760812
MTERF1,0.75,2,1,0.5,0.59402025,0.59402025
MTHFR,0.75,2,1,0.5,0.71792042,0.71792042
MTMR10,0.75,2,1,0.5,0.438523357185945,0.438523357185945
MTNR1A,0.75,2,1,0.5,0.813025805,0.813025805
MTO1,0.75,2,1,0.5,0.58639142,0.58639142
MTRF1,0.75,2,1,0.5,0.494694138258,0.494694138258
MTRR,0.75,2,1,0.5,0.49961995600000003,0.49961995600000003
MXD1,0.75,2,1,0.5,0.72054273,0.72054273
MYB,0.75,2,1,0.5,0.7879083,0.7879083
MYBBP1A,0.75,2,1,0.5,0.4636281108,0.4636281108
MYBPH,0.75,2,1,0.5,0.4611844227115,0.4611844227115
MYEF2,0.75,2,1,0.5,0.487949837175,0.487949837175
MYL4,0.75,2,1,0.5,0.49592287447000005,0.49592287447000005
MYOD1,0.75,2,1,0.5,0.49567295755108504,0.49567295755108504
MYORG,0.75,2,1,0.5,0.49574163276905997,0.49574163276905997
MYRIP,0.75,2,1,0.5,0.55056796,0.55056796
N4BP2L1,0.75,2,1,0.5,0.539384983,0.539384983
NAAA,0.75,2,1,0.5,0.818948835,0.818948835
NACA,0.75,2,1,0.5,0.4972526731,0.4972526731
NADK,0.75,2,1,0.5,0.5360241299999999,0.5360241299999999
NADSYN1,0.75,2,1,0.5,0.47107150018,0.47107150018
NAMPT,0.75,2,1,0.5,0.594403725,0.594403725
NANS,0.75,2,1,0.5,0.70943562,0.70943562
NAP1L4,0.75,2,1,0.5,0.70194015,0.70194015
NCALD,0.75,2,1,0.5,0.78863165,0.78863165
NCF2,0.75,2,1,0.5,0.7344608,0.7344608
NCSTN,0.75,2,1,0.5,0.73472801,0.73472801
NDFIP1,0.75,2,1,0.5,0.60631714,0.60631714
NDRG2,0.75,2,1,0.5,0.496137824025,0.496137824025
NDRG4,0.75,2,1,0.5,0.66003592,0.66003592
NDUFAF5,0.75,2,1,0.5,0.48033887999999997,0.48033887999999997
NDUFAF6,0.75,2,1,0.5,0.6031389,0.6031389
NEIL1,0.75,2,1,0.5,0.533364625,0.533364625
NEK5,0.75,2,1,0.5,0.495100784641,0.495100784641
NEK8,0.75,2,1,0.5,0.62204815,0.62204815
NEMP1,0.75,2,1,0.5,0.735272195,0.735272195
NFAM1,0.75,2,1,0.5,0.47578945216472374,0.47578945216472374
NFE2,0.75,2,1,0.5,0.62650845,0.62650845
NFKBIB,0.75,2,1,0.5,0.675246965,0.675246965
NFKBIZ,0.75,2,1,0.5,0.5120098550000001,0.5120098550000001
NIPAL3,0.75,2,1,0.5,0.72882375,0.72882375
NKAIN1,0.75,2,1,0.5,0.48997013398915,0.48997013398915
NKAP,0.75,2,1,0.5,0.4788010000005656,0.4788010000005656
NLE1,0.75,2,1,0.5,0.49567945478977,0.49567945478977
NLRC3,0.75,2,1,0.5,0.6905702,0.6905702
NLRP6,0.75,2,1,0.5,0.47738710055517986,0.47738710055517986
NMNAT2,0.75,2,1,0.5,0.56116501,0.56116501
NOMO3,0.75,2,1,0.5,0.48868140305,0.48868140305
NOP53,0.75,2,1,0.5,0.638801395,0.638801395
NOS2,0.75,2,1,0.5,0.49568635066266226,0.49568635066266226
NOVA1,0.75,2,1,0.5,0.45369564875,0.45369564875
NPRL3,0.75,2,1,0.5,0.48426895258499997,0.48426895258499997
NR0B2,0.75,2,1,0.5,0.66729092,0.66729092
NR4A2,0.75,2,1,0.5,0.49573180000002426,0.49573180000002426
NSF,0.75,2,1,0.5,0.7572550149999999,0.7572550149999999
NSMCE1,0.75,2,1,0.5,0.4904738050931815,0.4904738050931815
NSMCE2,0.75,2,1,0.5,0.48888151175,0.48888151175
NT5C2,0.75,2,1,0.5,0.52589978,0.52589978
NTM,0.75,2,1,0.5,0.74177988,0.74177988
NTRK2,0.75,2,1,0.5,0.7598719,0.7598719
NUBPL,0.75,2,1,0.5,0.4889617048588,0.4889617048588
NUDCD2,0.75,2,1,0.5,0.6420113350000001,0.6420113350000001
NUDT19,0.75,2,1,0.5,0.8230392200000001,0.8230392200000001
NUFIP1,0.75,2,1,0.5,0.67625062,0.67625062
NUP43,0.75,2,1,0.5,0.8030642,0.8030642
NUP62CL,0.75,2,1,0.5,0.49621112315,0.49621112315
NUP93,0.75,2,1,0.5,0.6438702199999999,0.6438702199999999
NUTM2D,0.75,2,1,0.5,0.49563757095000005,0.49563757095000005
NXF5,0.75,2,1,0.5,0.48075941104000003,0.48075941104000003
NXPH2,0.75,2,1,0.5,0.49431535353313855,0.49431535353313855
OBP2B,0.75,2,1,0.5,0.53616279,0.53616279
ODAM,0.75,2,1,0.5,0.47484490000275886,0.47484490000275886
ODC1,0.75,2,1,0.5,0.49565919792499996,0.49565919792499996
OLFML3,0.75,2,1,0.5,0.489462167097366,0.489462167097366
OOSP2,0.75,2,1,0.5,0.5760002,0.5760002
OPA3,0.75,2,1,0.5,0.7140883650000001,0.7140883650000001
OPN4,0.75,2,1,0.5,0.40669332440835,0.40669332440835
OPTN,0.75,2,1,0.5,0.6947859750000001,0.6947859750000001
OR10A6,0.75,2,1,0.5,0.726142225,0.726142225
OR10G4,0.75,2,1,0.5,0.796738145,0.796738145
OR10K2,0.75,2,1,0.5,0.5238551535,0.5238551535
OR10Q1,0.75,2,1,0.5,0.7115266899999999,0.7115266899999999
OR11H1,0.75,2,1,0.5,0.662523685,0.662523685
OR12D3,0.75,2,1,0.5,0.63375772,0.63375772
OR13C2,0.75,2,1,0.5,0.7420238800000001,0.7420238800000001
OR13H1,0.75,2,1,0.5,0.4884120517,0.4884120517
OR1A1,0.75,2,1,0.5,0.49300457575,0.49300457575
OR1D2,0.75,2,1,0.5,0.5099370249999999,0.5099370249999999
OR1F1,0.75,2,1,0.5,0.41847693138,0.41847693138
OR1L8,0.75,2,1,0.5,0.7049444,0.7049444
OR1N2,0.75,2,1,0.5,0.484456199463,0.484456199463
OR1Q1,0.75,2,1,0.5,0.56958178,0.56958178
OR2A42,0.75,2,1,0.5,0.58630726,0.58630726
OR2B6,0.75,2,1,0.5,0.81793447,0.81793447
OR2C1,0.75,2,1,0.5,0.70015761,0.70015761
OR2J2,0.75,2,1,0.5,0.531237365,0.531237365
OR2S2,0.75,2,1,0.5,0.755487625,0.755487625
OR2T11,0.75,2,1,0.5,0.7764443249999999,0.7764443249999999
OR4C13,0.75,2,1,0.5,0.794008,0.794008
OR4C46,0.75,2,1,0.5,0.490256025,0.490256025
OR4D11,0.75,2,1,0.5,0.74951682,0.74951682
OR4D9,0.75,2,1,0.5,0.520021965,0.520021965
OR4K17,0.75,2,1,0.5,0.55959976,0.55959976
OR4X1,0.75,2,1,0.5,0.66271965,0.66271965
OR51B4,0.75,2,1,0.5,0.5331058949999999,0.5331058949999999
OR52A1,0.75,2,1,0.5,0.771797265,0.771797265
OR52N5,0.75,2,1,0.5,0.44605863000206547,0.44605863000206547
OR52W1,0.75,2,1,0.5,0.669066965,0.669066965
OR5M10,0.75,2,1,0.5,0.741049735,0.741049735
OR5R1,0.75,2,1,0.5,0.495705521648239,0.495705521648239
OR5T2,0.75,2,1,0.5,0.800132175,0.800132175
OR7C2,0.75,2,1,0.5,0.644805955,0.644805955
OR7E24,0.75,2,1,0.5,0.7679874600000001,0.7679874600000001
OR8B2,0.75,2,1,0.5,0.5945921949999999,0.5945921949999999
OR9Q2,0.75,2,1,0.5,0.575411415,0.575411415
ORC1,0.75,2,1,0.5,0.5407834725,0.5407834725
ORC2,0.75,2,1,0.5,0.6916925700000001,0.6916925700000001
OSBPL11,0.75,2,1,0.5,0.66632049,0.66632049
OTOS,0.75,2,1,0.5,0.43086142323000004,0.43086142323000004
P2RX2,0.75,2,1,0.5,0.49438850002858015,0.49438850002858015
P4HA1,0.75,2,1,0.5,0.516544621,0.516544621
PA2G4,0.75,2,1,0.5,0.57673569,0.57673569
PACC1,0.75,2,1,0.5,0.67763982,0.67763982
PACSIN2,0.75,2,1,0.5,0.53072556,0.53072556
PAIP1,0.75,2,1,0.5,0.8315801,0.8315801
PAK6,0.75,2,1,0.5,0.4957281650001836,0.4957281650001836
PAM,0.75,2,1,0.5,0.457742168,0.457742168
PAN2,0.75,2,1,0.5,0.57761165,0.57761165
PANK3,0.75,2,1,0.5,0.42796849166499995,0.42796849166499995
PAOX,0.75,2,1,0.5,0.4916098594689315,0.4916098594689315
PARD3,0.75,2,1,0.5,0.49529457003779587,0.49529457003779587
PARP15,0.75,2,1,0.5,0.49593059622999996,0.49593059622999996
PARP16,0.75,2,1,0.5,0.77617205,0.77617205
PARVB,0.75,2,1,0.5,0.49513817000022453,0.49513817000022453
PATZ1,0.75,2,1,0.5,0.65555646,0.65555646
PAX9,0.75,2,1,0.5,0.48538202023500004,0.48538202023500004
PAXIP1,0.75,2,1,0.5,0.40443108365,0.40443108365
PCDHGA5,0.75,2,1,0.5,0.4734533750017919,0.4734533750017919
PCGF1,0.75,2,1,0.5,0.5064532715,0.5064532715
PCNA,0.75,2,1,0.5,0.61052008,0.61052008
PCP4L1,0.75,2,1,0.5,0.477849095,0.477849095
PCYT1B,0.75,2,1,0.5,0.49254955001508466,0.49254955001508466
PDCD2,0.75,2,1,0.5,0.42964847349999996,0.42964847349999996
PDCL2,0.75,2,1,0.5,0.49070190155760196,0.49070190155760196
PDCL3,0.75,2,1,0.5,0.815985765,0.815985765
PDE1A,0.75,2,1,0.5,0.6391626499999999,0.6391626499999999
PDE1B,0.75,2,1,0.5,0.5820998900000001,0.5820998900000001
PDE4A,0.75,2,1,0.5,0.4978920148,0.4978920148
PDHX,0.75,2,1,0.5,0.49572763066377545,0.49572763066377545
PDZD9,0.75,2,1,0.5,0.759819775,0.759819775
PER2,0.75,2,1,0.5,0.6361079,0.6361079
PER3,0.75,2,1,0.5,0.769736735,0.769736735
PGAM5,0.75,2,1,0.5,0.520413018,0.520413018
PGBD5,0.75,2,1,0.5,0.60269589,0.60269589
PGLYRP1,0.75,2,1,0.5,0.4863951511389075,0.4863951511389075
PGLYRP4,0.75,2,1,0.5,0.77868713,0.77868713
PHOSPHO2,0.75,2,1,0.5,0.4899649985,0.4899649985
PI4K2A,0.75,2,1,0.5,0.4956555500072651,0.4956555500072651
PIGF,0.75,2,1,0.5,0.49060211465,0.49060211465
PIK3R4,0.75,2,1,0.5,0.693629485,0.693629485
PKNOX1,0.75,2,1,0.5,0.4664114980269,0.4664114980269
PKP4,0.75,2,1,0.5,0.72390306,0.72390306
PLA1A,0.75,2,1,0.5,0.49572747054897,0.49572747054897
PLA2G5,0.75,2,1,0.5,0.41401849030792,0.41401849030792
PLBD1,0.75,2,1,0.5,0.61670509,0.61670509
PLCD4,0.75,2,1,0.5,0.449478100205105,0.449478100205105
PLCXD2,0.75,2,1,0.5,0.7513947000000001,0.7513947000000001
PLEKHA2,0.75,2,1,0.5,0.494772532575,0.494772532575
PLEKHH1,0.75,2,1,0.5,0.42131116097737,0.42131116097737
PLEKHO1,0.75,2,1,0.5,0.74519985,0.74519985
PLK2,0.75,2,1,0.5,0.8197431550000001,0.8197431550000001
PLPP2,0.75,2,1,0.5,0.46235964225,0.46235964225
PLPP4,0.75,2,1,0.5,0.539542135,0.539542135
PLPP5,0.75,2,1,0.5,0.585733035,0.585733035
PLRG1,0.75,2,1,0.5,0.518821652,0.518821652
PLTP,0.75,2,1,0.5,0.497334659,0.497334659
PMVK,0.75,2,1,0.5,0.80864075,0.80864075
PNKD,0.75,2,1,0.5,0.54556848,0.54556848
PNKP,0.75,2,1,0.5,0.3862207885,0.3862207885
PNLIPRP1,0.75,2,1,0.5,0.49570462002740945,0.49570462002740945
PNMA5,0.75,2,1,0.5,0.675444625,0.675444625
PNOC,0.75,2,1,0.5,0.41754377,0.41754377
PODXL2,0.75,2,1,0.5,0.69871193,0.69871193
POGK,0.75,2,1,0.5,0.495529836117675,0.495529836117675
POLB,0.75,2,1,0.5,0.6436248,0.6436248
POLD1,0.75,2,1,0.5,0.473918171427,0.473918171427
POLD3,0.75,2,1,0.5,0.741762065,0.741762065
POLL,0.75,2,1,0.5,0.502228704,0.502228704
POTEA,0.75,2,1,0.5,0.58090707,0.58090707
POU5F1,0.75,2,1,0.5,0.64207072,0.64207072
POU6F1,0.75,2,1,0.5,0.61055226,0.61055226
PPFIA4,0.75,2,1,0.5,0.5138253525,0.5138253525
PPHLN1,0.75,2,1,0.5,0.721797775,0.721797775
PPIC,0.75,2,1,0.5,0.837730325,0.837730325
PPP1R2,0.75,2,1,0.5,0.48110845275,0.48110845275
PPP2R5C,0.75,2,1,0.5,0.465098405,0.465098405
PPP2R5E,0.75,2,1,0.5,0.49324823155345,0.49324823155345
PPP3R1,0.75,2,1,0.5,0.86090168,0.86090168
PRAMEF14,0.75,2,1,0.5,0.56616126,0.56616126
PRDM14,0.75,2,1,0.5,0.7332202,0.7332202
PRIM1,0.75,2,1,0.5,0.73420675,0.73420675
PRKCI,0.75,2,1,0.5,0.8346677250000001,0.8346677250000001
PRKCZ,0.75,2,1,0.5,0.49517453309,0.49517453309
PROCR,0.75,2,1,0.5,0.7172593700000001,0.7172593700000001
PROS1,0.75,2,1,0.5,0.46916824,0.46916824
PROSER1,0.75,2,1,0.5,0.86003679,0.86003679
PRPF3,0.75,2,1,0.5,0.590450225,0.590450225
PRPF31,0.75,2,1,0.5,0.49575150012947916,0.49575150012947916
PRR12,0.75,2,1,0.5,0.838883845,0.838883845
PRRT1,0.75,2,1,0.5,0.5256338375,0.5256338375
PRRT3,0.75,2,1,0.5,0.404028832442235,0.404028832442235
PRSS1,0.75,2,1,0.5,0.70018878,0.70018878
PRSS21,0.75,2,1,0.5,0.5003021089999999,0.5003021089999999
PRSS55,0.75,2,1,0.5,0.6875351,0.6875351
PSG11,0.75,2,1,0.5,0.818422275,0.818422275
PSMA3,0.75,2,1,0.5,0.49567892445100004,0.49567892445100004
PSMA8,0.75,2,1,0.5,0.403319606925,0.403319606925
PSMC1,0.75,2,1,0.5,0.8335757850000001,0.8335757850000001
PSMD4,0.75,2,1,0.5,0.45596170599,0.45596170599
PSMD5,0.75,2,1,0.5,0.4954193577907,0.4954193577907
PSMD8,0.75,2,1,0.5,0.813853835,0.813853835
PSME2,0.75,2,1,0.5,0.48452980077830166,0.48452980077830166
PSPC1,0.75,2,1,0.5,0.484605509,0.484605509
PTK2,0.75,2,1,0.5,0.7688025199999999,0.7688025199999999
PTK6,0.75,2,1,0.5,0.49111241826883,0.49111241826883
PTK7,0.75,2,1,0.5,0.7623186500000001,0.7623186500000001
PTPN21,0.75,2,1,0.5,0.4944527164830317,0.4944527164830317
PVRIG,0.75,2,1,0.5,0.49497431889680377,0.49497431889680377
PWP1,0.75,2,1,0.5,0.5017117975000001,0.5017117975000001
QPRT,0.75,2,1,0.5,0.53918135,0.53918135
QSOX2,0.75,2,1,0.5,0.6349414600000001,0.6349414600000001
R3HDM2,0.75,2,1,0.5,0.646093275,0.646093275
RAB11FIP3,0.75,2,1,0.5,0.5302041000000001,0.5302041000000001
RAB3IP,0.75,2,1,0.5,0.5041590705,0.5041590705
RAB7A,0.75,2,1,0.5,0.57961397,0.57961397
RACK1,0.75,2,1,0.5,0.495153563375,0.495153563375
RAD17,0.75,2,1,0.5,0.79590557,0.79590557
RAD23A,0.75,2,1,0.5,0.4954810186,0.4954810186
RAN,0.75,2,1,0.5,0.6553715250000001,0.6553715250000001
RAP1B,0.75,2,1,0.5,0.7308408949999999,0.7308408949999999
RAP1GDS1,0.75,2,1,0.5,0.75320303,0.75320303
RAPH1,0.75,2,1,0.5,0.4789997514,0.4789997514
RARG,0.75,2,1,0.5,0.6671892,0.6671892
RASAL1,0.75,2,1,0.5,0.77823312,0.77823312
RASGEF1B,0.75,2,1,0.5,0.8468538,0.8468538
RASL10B,0.75,2,1,0.5,0.49836537384999996,0.49836537384999996
RBM23,0.75,2,1,0.5,0.8193373500000001,0.8193373500000001
RBM26,0.75,2,1,0.5,0.49790303750000003,0.49790303750000003
RBM43,0.75,2,1,0.5,0.8280013500000001,0.8280013500000001
RBM7,0.75,2,1,0.5,0.691631345,0.691631345
RBMY1E,0.75,2,1,0.5,0.58491,0.58491
RCBTB1,0.75,2,1,0.5,0.47009752802,0.47009752802
RCC2,0.75,2,1,0.5,0.86195782,0.86195782
RCN2,0.75,2,1,0.5,0.49122680965,0.49122680965
RCOR2,0.75,2,1,0.5,0.495741384666435,0.495741384666435
RDX,0.75,2,1,0.5,0.525661702,0.525661702
REEP1,0.75,2,1,0.5,0.49494803000063115,0.49494803000063115
REG1B,0.75,2,1,0.5,0.8110439199999999,0.8110439199999999
RELT,0.75,2,1,0.5,0.585153355,0.585153355
RFC5,0.75,2,1,0.5,0.719067925,0.719067925
RFPL3,0.75,2,1,0.5,0.539833198,0.539833198
RFT1,0.75,2,1,0.5,0.495746628617,0.495746628617
RGS14,0.75,2,1,0.5,0.7846893349999999,0.7846893349999999
RGS17,0.75,2,1,0.5,0.3908928411,0.3908928411
RGS9BP,0.75,2,1,0.5,0.495656116885,0.495656116885
RHBDD1,0.75,2,1,0.5,0.49574650359,0.49574650359
RHBDF1,0.75,2,1,0.5,0.459046661,0.459046661
RHOD,0.75,2,1,0.5,0.68862304,0.68862304
RHPN2,0.75,2,1,0.5,0.6861756450000001,0.6861756450000001
RIN1,0.75,2,1,0.5,0.7970200000000001,0.7970200000000001
RIPK3,0.75,2,1,0.5,0.4860610422167,0.4860610422167
RIPOR3,0.75,2,1,0.5,0.42591036,0.42591036
RNASE7,0.75,2,1,0.5,0.495403659985,0.495403659985
RNF113B,0.75,2,1,0.5,0.47411285704,0.47411285704
RNF141,0.75,2,1,0.5,0.546449065,0.546449065
RNF145,0.75,2,1,0.5,0.69744134,0.69744134
RNF183,0.75,2,1,0.5,0.4946029800643017,0.4946029800643017
RNF19B,0.75,2,1,0.5,0.658734995,0.658734995
RNF217,0.75,2,1,0.5,0.49367179745,0.49367179745
RNF31,0.75,2,1,0.5,0.817349975,0.817349975
RNF6,0.75,2,1,0.5,0.730976215,0.730976215
RNPEPL1,0.75,2,1,0.5,0.493177354175,0.493177354175
RORA,0.75,2,1,0.5,0.72509368,0.72509368
RPE65,0.75,2,1,0.5,0.640519115,0.640519115
RPH3AL,0.75,2,1,0.5,0.62869052,0.62869052
RPL10,0.75,2,1,0.5,0.4957484286151,0.4957484286151
RPL10L,0.75,2,1,0.5,0.66859819,0.66859819
RPL26P30,0.75,2,1,0.5,0.4960333304,0.4960333304
RPL39,0.75,2,1,0.5,0.48992181592,0.48992181592
RPL7A,0.75,2,1,0.5,0.5160891249999999,0.5160891249999999
RPLP2,0.75,2,1,0.5,0.48658674980055,0.48658674980055
RPP30,0.75,2,1,0.5,0.7586183,0.7586183
RPRD1A,0.75,2,1,0.5,0.41606554999999995,0.41606554999999995
RPS10-NUDT3,0.75,2,1,0.5,0.452003459276,0.452003459276
RPS9,0.75,2,1,0.5,0.488788263,0.488788263
RRAGA,0.75,2,1,0.5,0.49614808207,0.49614808207
RRH,0.75,2,1,0.5,0.801418215,0.801418215
RRM2,0.75,2,1,0.5,0.479767485911,0.479767485911
RS1,0.75,2,1,0.5,0.4917633965492,0.4917633965492
RSPH10B2,0.75,2,1,0.5,0.4951093542128955,0.4951093542128955
RTP3,0.75,2,1,0.5,0.8126784499999999,0.8126784499999999
RUNDC1,0.75,2,1,0.5,0.49566780108506925,0.49566780108506925
RUNX3,0.75,2,1,0.5,0.4954847514380672,0.4954847514380672
RUVBL1,0.75,2,1,0.5,0.5390350825,0.5390350825
RXYLT1,0.75,2,1,0.5,0.70025625,0.70025625
S1PR2,0.75,2,1,0.5,0.7776047500000001,0.7776047500000001
SALL1,0.75,2,1,0.5,0.4527738718,0.4527738718
SAMD11,0.75,2,1,0.5,0.47017660509322,0.47017660509322
SC5D,0.75,2,1,0.5,0.74817714,0.74817714
SCAMP4,0.75,2,1,0.5,0.47681895509271505,0.47681895509271505
SCAMP5,0.75,2,1,0.5,0.584565785,0.584565785
SCARB1,0.75,2,1,0.5,0.48398355052446,0.48398355052446
SCD5,0.75,2,1,0.5,0.502194297,0.502194297
SCFD2,0.75,2,1,0.5,0.60989997,0.60989997
SCN1B,0.75,2,1,0.5,0.46237685,0.46237685
SCN2B,0.75,2,1,0.5,0.7651920000000001,0.7651920000000001
SCRN2,0.75,2,1,0.5,0.53595819,0.53595819
SDCCAG8,0.75,2,1,0.5,0.6128968300000001,0.6128968300000001
SEC11A,0.75,2,1,0.5,0.74929402,0.74929402
SEC14L3,0.75,2,1,0.5,0.684606195,0.684606195
SEC23A,0.75,2,1,0.5,0.61605076,0.61605076
SEC61A1,0.75,2,1,0.5,0.4654817175,0.4654817175
SECTM1,0.75,2,1,0.5,0.737983775,0.737983775
SELPLG,0.75,2,1,0.5,0.6270899600000001,0.6270899600000001
SEMA4C,0.75,2,1,0.5,0.633753665,0.633753665
SEMA6B,0.75,2,1,0.5,0.49575558788,0.49575558788
SEPTIN8,0.75,2,1,0.5,0.398057822,0.398057822
SEPTIN9,0.75,2,1,0.5,0.620230035,0.620230035
SERPINA10,0.75,2,1,0.5,0.523838896,0.523838896
SERPINI1,0.75,2,1,0.5,0.80638722,0.80638722
SERTAD4,0.75,2,1,0.5,0.49594416033,0.49594416033
SETMAR,0.75,2,1,0.5,0.806999145,0.806999145
SF1,0.75,2,1,0.5,0.578636965,0.578636965
SF3A1,0.75,2,1,0.5,0.81539648,0.81539648
SF3A3,0.75,2,1,0.5,0.5991497050000001,0.5991497050000001
SF3B1,0.75,2,1,0.5,0.564312385,0.564312385
SFN,0.75,2,1,0.5,0.76978245,0.76978245
SFRP4,0.75,2,1,0.5,0.4962495285,0.4962495285
SGCG,0.75,2,1,0.5,0.64851759,0.64851759
SGK2,0.75,2,1,0.5,0.868803925,0.868803925
SGPP2,0.75,2,1,0.5,0.8147795,0.8147795
SH2D1B,0.75,2,1,0.5,0.69952748,0.69952748
SH3BP5L,0.75,2,1,0.5,0.49568922256632,0.49568922256632
SH3GL1,0.75,2,1,0.5,0.6568877,0.6568877
SH3GL2,0.75,2,1,0.5,0.48469396784999996,0.48469396784999996
SHMT1,0.75,2,1,0.5,0.812317975,0.812317975
SHOX,0.75,2,1,0.5,0.41649598258528664,0.41649598258528664
SHQ1,0.75,2,1,0.5,0.8347238299999999,0.8347238299999999
SIAH3,0.75,2,1,0.5,0.480831815180163,0.480831815180163
SIGLEC7,0.75,2,1,0.5,0.48395697667,0.48395697667
SIM2,0.75,2,1,0.5,0.85230402,0.85230402
SIRPA,0.75,2,1,0.5,0.4750662285,0.4750662285
SIX4,0.75,2,1,0.5,0.577412695,0.577412695
SKA3,0.75,2,1,0.5,0.5218942,0.5218942
SKAP2,0.75,2,1,0.5,0.7286524,0.7286524
SLAMF1,0.75,2,1,0.5,0.77974643,0.77974643
SLAMF8,0.75,2,1,0.5,0.821914875,0.821914875
SLBP,0.75,2,1,0.5,0.64523151,0.64523151
SLC10A6,0.75,2,1,0.5,0.746827365,0.746827365
SLC16A6,0.75,2,1,0.5,0.44125262675000004,0.44125262675000004
SLC17A3,0.75,2,1,0.5,0.6088028999999999,0.6088028999999999
SLC22A16,0.75,2,1,0.5,0.533213345,0.533213345
SLC22A5,0.75,2,1,0.5,0.649371355,0.649371355
SLC23A3,0.75,2,1,0.5,0.6162298,0.6162298
SLC25A12,0.75,2,1,0.5,0.48171811743,0.48171811743
SLC25A30,0.75,2,1,0.5,0.582874635,0.582874635
SLC25A34,0.75,2,1,0.5,0.48769767849999995,0.48769767849999995
SLC25A36,0.75,2,1,0.5,0.67377807,0.67377807
SLC25A37,0.75,2,1,0.5,0.59021792,0.59021792
SLC25A48,0.75,2,1,0.5,0.579678275,0.579678275
SLC25A51,0.75,2,1,0.5,0.485916297285,0.485916297285
SLC27A4,0.75,2,1,0.5,0.4957342113575,0.4957342113575
SLC29A1,0.75,2,1,0.5,0.8169909799999999,0.8169909799999999
SLC2A5,0.75,2,1,0.5,0.726854265,0.726854265
SLC30A10,0.75,2,1,0.5,0.6691961,0.6691961
SLC30A4,0.75,2,1,0.5,0.49571623772976997,0.49571623772976997
SLC35A2,0.75,2,1,0.5,0.4741497350000271,0.4741497350000271
SLC35C2,0.75,2,1,0.5,0.7652340150000001,0.7652340150000001
SLC35D3,0.75,2,1,0.5,0.4935796298644175,0.4935796298644175
SLC35F3,0.75,2,1,0.5,0.539751805,0.539751805
SLC38A6,0.75,2,1,0.5,0.689002635,0.689002635
SLC38A8,0.75,2,1,0.5,0.71093205,0.71093205
SLC39A7,0.75,2,1,0.5,0.527381065,0.527381065
SLC45A2,0.75,2,1,0.5,0.498416595,0.498416595
SLC46A1,0.75,2,1,0.5,0.6562769049999999,0.6562769049999999
SLC4A11,0.75,2,1,0.5,0.65390984,0.65390984
SLC52A2,0.75,2,1,0.5,0.5033686687500001,0.5033686687500001
SLC52A3,0.75,2,1,0.5,0.495671990694175,0.495671990694175
SLC5A2,0.75,2,1,0.5,0.4979805285,0.4979805285
SLC5A6,0.75,2,1,0.5,0.76847285,0.76847285
SLC6A11,0.75,2,1,0.5,0.494447964628,0.494447964628
SLC6A8,0.75,2,1,0.5,0.4948853236,0.4948853236
SLC7A2,0.75,2,1,0.5,0.702142715,0.702142715
SLC9A8,0.75,2,1,0.5,0.488409825575,0.488409825575
SLC9B2,0.75,2,1,0.5,0.4853405055,0.4853405055
SLITRK1,0.75,2,1,0.5,0.7282784,0.7282784
SLITRK5,0.75,2,1,0.5,0.63215326,0.63215326
SLPI,0.75,2,1,0.5,0.728734965,0.728734965
SMAP2,0.75,2,1,0.5,0.8279992350000001,0.8279992350000001
SMG6,0.75,2,1,0.5,0.70155737,0.70155737
SMG9,0.75,2,1,0.5,0.67392355,0.67392355
SMOX,0.75,2,1,0.5,0.46856623999999997,0.46856623999999997
SMPD4,0.75,2,1,0.5,0.4448560139715,0.4448560139715
SMTNL1,0.75,2,1,0.5,0.47185802551908895,0.47185802551908895
SMTNL2,0.75,2,1,0.5,0.5511367,0.5511367
SMURF2,0.75,2,1,0.5,0.49617070855,0.49617070855
SNAI2,0.75,2,1,0.5,0.6419576,0.6419576
SNORD114-20,0.75,2,1,0.5,0.79446751,0.79446751
SNORD115-16,0.75,2,1,0.5,0.73904137,0.73904137
SNORD115-20,0.75,2,1,0.5,0.40974653347,0.40974653347
SNORD116-24,0.75,2,1,0.5,0.49001606585,0.49001606585
SNORD116-27,0.75,2,1,0.5,0.60312055,0.60312055
SNTA1,0.75,2,1,0.5,0.49541989965,0.49541989965
SNTB1,0.75,2,1,0.5,0.5433643275000001,0.5433643275000001
SNX20,0.75,2,1,0.5,0.38678041985,0.38678041985
SNX24,0.75,2,1,0.5,0.59278208,0.59278208
SNX33,0.75,2,1,0.5,0.4549947015,0.4549947015
SOCS4,0.75,2,1,0.5,0.4743819953164,0.4743819953164
SOCS5,0.75,2,1,0.5,0.49130791025,0.49130791025
SOX14,0.75,2,1,0.5,0.486393957749997,0.486393957749997
SOX7,0.75,2,1,0.5,0.4815212362575,0.4815212362575
SP8,0.75,2,1,0.5,0.738244295,0.738244295
SPATA18,0.75,2,1,0.5,0.4957251863735986,0.4957251863735986
SPATA32,0.75,2,1,0.5,0.81598255,0.81598255
SPATA6L,0.75,2,1,0.5,0.68317289,0.68317289
SPATS2,0.75,2,1,0.5,0.48284880996999996,0.48284880996999996
SPDYC,0.75,2,1,0.5,0.6218953700000001,0.6218953700000001
SPG21,0.75,2,1,0.5,0.7753226,0.7753226
SPINK7,0.75,2,1,0.5,0.71901375,0.71901375
SPNS2,0.75,2,1,0.5,0.500844157,0.500844157
SPP2,0.75,2,1,0.5,0.56605267,0.56605267
SPRR2B,0.75,2,1,0.5,0.7092106499999999,0.7092106499999999
SPRR3,0.75,2,1,0.5,0.6044948099999999,0.6044948099999999
SPRY2,0.75,2,1,0.5,0.5181689469999999,0.5181689469999999
SPSB1,0.75,2,1,0.5,0.7898449999999999,0.7898449999999999
SQOR,0.75,2,1,0.5,0.6373514,0.6373514
SRCIN1,0.75,2,1,0.5,0.49264582546129154,0.49264582546129154
SRD5A3,0.75,2,1,0.5,0.812712015,0.812712015
SREBF1,0.75,2,1,0.5,0.6223385699999999,0.6223385699999999
SREK1,0.75,2,1,0.5,0.65116915,0.65116915
SRRM1,0.75,2,1,0.5,0.58149607,0.58149607
SRSF10,0.75,2,1,0.5,0.60979112,0.60979112
SRSF12,0.75,2,1,0.5,0.67824751,0.67824751
SSTR1,0.75,2,1,0.5,0.48240235692735,0.48240235692735
ST3GAL3,0.75,2,1,0.5,0.6480641,0.6480641
ST8SIA5,0.75,2,1,0.5,0.495642631785,0.495642631785
STBD1,0.75,2,1,0.5,0.6999781,0.6999781
STEAP3,0.75,2,1,0.5,0.419401782,0.419401782
STK17A,0.75,2,1,0.5,0.495798558835,0.495798558835
STK17B,0.75,2,1,0.5,0.531670375,0.531670375
STK19,0.75,2,1,0.5,0.5711964150000001,0.5711964150000001
STK3,0.75,2,1,0.5,0.695560455,0.695560455
STMN3,0.75,2,1,0.5,0.643547385,0.643547385
STRBP,0.75,2,1,0.5,0.4953143495977315,0.4953143495977315
STX1B,0.75,2,1,0.5,0.494993753263505,0.494993753263505
STX4,0.75,2,1,0.5,0.532428825,0.532428825
SUCNR1,0.75,2,1,0.5,0.5940826800000001,0.5940826800000001
SUCO,0.75,2,1,0.5,0.678607285,0.678607285
SUGP2,0.75,2,1,0.5,0.406136390765,0.406136390765
SULT1C4,0.75,2,1,0.5,0.78433793,0.78433793
SYPL2,0.75,2,1,0.5,0.657689935,0.657689935
SYT2,0.75,2,1,0.5,0.6769882,0.6769882
SYT8,0.75,2,1,0.5,0.487587836255,0.487587836255
TACC1,0.75,2,1,0.5,0.523108655,0.523108655
TADA2B,0.75,2,1,0.5,0.49066434244,0.49066434244
TAF5L,0.75,2,1,0.5,0.53058883,0.53058883
TAMALIN,0.75,2,1,0.5,0.49545259579122497,0.49545259579122497
TAPBPL,0.75,2,1,0.5,0.42332180953000004,0.42332180953000004
TARBP2,0.75,2,1,0.5,0.82763922,0.82763922
TAS2R13,0.75,2,1,0.5,0.660320205,0.660320205
TAS2R39,0.75,2,1,0.5,0.55629197,0.55629197
TBC1D15,0.75,2,1,0.5,0.8324849750000001,0.8324849750000001
TBC1D20,0.75,2,1,0.5,0.5215344150000001,0.5215344150000001
TBC1D22A,0.75,2,1,0.5,0.4758761604807515,0.4758761604807515
TBC1D24,0.75,2,1,0.5,0.72499287,0.72499287
TBL2,0.75,2,1,0.5,0.57885947,0.57885947
TBX2,0.75,2,1,0.5,0.4604478032137245,0.4604478032137245
TCF21,0.75,2,1,0.5,0.60912755,0.60912755
TCF7L1,0.75,2,1,0.5,0.49339668214891297,0.49339668214891297
TCHP,0.75,2,1,0.5,0.475643990759885,0.475643990759885
TCL1B,0.75,2,1,0.5,0.47890555819999997,0.47890555819999997
TDGF1,0.75,2,1,0.5,0.588744415,0.588744415
TEAD3,0.75,2,1,0.5,0.466160738258395,0.466160738258395
TECTB,0.75,2,1,0.5,0.4956383183117485,0.4956383183117485
TEPP,0.75,2,1,0.5,0.499723335,0.499723335
TESMIN,0.75,2,1,0.5,0.49216767,0.49216767
TEX13A,0.75,2,1,0.5,0.586684495,0.586684495
TEX30,0.75,2,1,0.5,0.47625869356734996,0.47625869356734996
TF,0.75,2,1,0.5,0.49599368094999996,0.49599368094999996
TFAM,0.75,2,1,0.5,0.58698063,0.58698063
TFE3,0.75,2,1,0.5,0.49590525,0.49590525
TFPI,0.75,2,1,0.5,0.68115323,0.68115323
THBS3,0.75,2,1,0.5,0.54639319,0.54639319
THRSP,0.75,2,1,0.5,0.839886845,0.839886845
THUMPD1,0.75,2,1,0.5,0.552373795,0.552373795
THYN1,0.75,2,1,0.5,0.52882379,0.52882379
TIMM50,0.75,2,1,0.5,0.569379575,0.569379575
TIMM8A,0.75,2,1,0.5,0.532951975,0.532951975
TINAGL1,0.75,2,1,0.5,0.4951899190584635,0.4951899190584635
TLDC2,0.75,2,1,0.5,0.49607968199999997,0.49607968199999997
TM2D1,0.75,2,1,0.5,0.63685639,0.63685639
TMC7,0.75,2,1,0.5,0.7792829800000001,0.7792829800000001
TMED6,0.75,2,1,0.5,0.65696309,0.65696309
TMEM109,0.75,2,1,0.5,0.6903813,0.6903813
TMEM132A,0.75,2,1,0.5,0.37684074328968,0.37684074328968
TMEM184A,0.75,2,1,0.5,0.59474835,0.59474835
TMEM19,0.75,2,1,0.5,0.832167,0.832167
TMEM208,0.75,2,1,0.5,0.41456333924778005,0.41456333924778005
TMEM266,0.75,2,1,0.5,0.67966378,0.67966378
TMEM79,0.75,2,1,0.5,0.8481154799999999,0.8481154799999999
TMEM86A,0.75,2,1,0.5,0.4957510261884127,0.4957510261884127
TMPRSS2,0.75,2,1,0.5,0.6356404849999999,0.6356404849999999
TMUB2,0.75,2,1,0.5,0.50856634,0.50856634
TNF,0.75,2,1,0.5,0.5755604,0.5755604
TNFAIP1,0.75,2,1,0.5,0.472006776,0.472006776
TNFAIP8,0.75,2,1,0.5,0.5359597500000001,0.5359597500000001
TNFRSF1A,0.75,2,1,0.5,0.79656902,0.79656902
TNFRSF1B,0.75,2,1,0.5,0.509021275,0.509021275
TNFSF4,0.75,2,1,0.5,0.70769662,0.70769662
TNNT2,0.75,2,1,0.5,0.724027215,0.724027215
TOP3A,0.75,2,1,0.5,0.60647507,0.60647507
TOP3B,0.75,2,1,0.5,0.45583339581,0.45583339581
TOR1A,0.75,2,1,0.5,0.4920297699133,0.4920297699133
TOR1AIP1,0.75,2,1,0.5,0.539941765,0.539941765
TP73,0.75,2,1,0.5,0.6570867300000001,0.6570867300000001
TPH2,0.75,2,1,0.5,0.81235223,0.81235223
TPK1,0.75,2,1,0.5,0.495634583262515,0.495634583262515
TPM2,0.75,2,1,0.5,0.7254948,0.7254948
TPP2,0.75,2,1,0.5,0.7114754000000001,0.7114754000000001
TPPP3,0.75,2,1,0.5,0.5009007885,0.5009007885
TPST2,0.75,2,1,0.5,0.47928473570339986,0.47928473570339986
TRAF5,0.75,2,1,0.5,0.47878964965,0.47878964965
TRAPPC6B,0.75,2,1,0.5,0.48579526143737,0.48579526143737
TRAV7,0.75,2,1,0.5,0.4830082152,0.4830082152
TRDMT1,0.75,2,1,0.5,0.621753395,0.621753395
TRGV5,0.75,2,1,0.5,0.76814575,0.76814575
TRIL,0.75,2,1,0.5,0.49822096964999996,0.49822096964999996
TRIM38,0.75,2,1,0.5,0.53296316,0.53296316
TRIM45,0.75,2,1,0.5,0.6389659649999999,0.6389659649999999
TRIM48,0.75,2,1,0.5,0.58960675,0.58960675
TRIM54,0.75,2,1,0.5,0.4946467000129,0.4946467000129
TRIM6-TRIM34,0.75,2,1,0.5,0.49338942870665,0.49338942870665
TRIM68,0.75,2,1,0.5,0.49227657065,0.49227657065
TRIM8,0.75,2,1,0.5,0.48915666256631,0.48915666256631
TRIT1,0.75,2,1,0.5,0.515856878,0.515856878
TRMT2A,0.75,2,1,0.5,0.57028102,0.57028102
TRMT61B,0.75,2,1,0.5,0.49570687488123,0.49570687488123
TRPC3,0.75,2,1,0.5,0.442657089652,0.442657089652
TSEN2,0.75,2,1,0.5,0.5351425125,0.5351425125
TSKU,0.75,2,1,0.5,0.57683742,0.57683742
TSNAX,0.75,2,1,0.5,0.545679865,0.545679865
TSPYL1,0.75,2,1,0.5,0.4779068886059765,0.4779068886059765
TTC23L,0.75,2,1,0.5,0.450453252,0.450453252
TTLL3,0.75,2,1,0.5,0.5506765025,0.5506765025
TUBB6,0.75,2,1,0.5,0.49630586885,0.49630586885
TVP23A,0.75,2,1,0.5,0.489269628535,0.489269628535
TYK2,0.75,2,1,0.5,0.3990937754652915,0.3990937754652915
UBAC1,0.75,2,1,0.5,0.81322685,0.81322685
UBAP2,0.75,2,1,0.5,0.495998614225,0.495998614225
UBB,0.75,2,1,0.5,0.7776508,0.7776508
UBE2J1,0.75,2,1,0.5,0.764892325,0.764892325
UBE2W,0.75,2,1,0.5,0.4922041500337336,0.4922041500337336
UBFD1,0.75,2,1,0.5,0.4957740240625,0.4957740240625
UBXN2B,0.75,2,1,0.5,0.50878016,0.50878016
UBXN8,0.75,2,1,0.5,0.7915401500000001,0.7915401500000001
UCP3,0.75,2,1,0.5,0.4996764805,0.4996764805
UEVLD,0.75,2,1,0.5,0.6063275100000001,0.6063275100000001
UFD1,0.75,2,1,0.5,0.49038017055479455,0.49038017055479455
UGT1A9,0.75,2,1,0.5,0.797204555,0.797204555
UGT2B17,0.75,2,1,0.5,0.72890385,0.72890385
UHRF1,0.75,2,1,0.5,0.56460539,0.56460539
UMPS,0.75,2,1,0.5,0.800319515,0.800319515
UNC119,0.75,2,1,0.5,0.49503486059594554,0.49503486059594554
UNC5CL,0.75,2,1,0.5,0.76817592,0.76817592
UNK,0.75,2,1,0.5,0.49450880004,0.49450880004
UQCRC1,0.75,2,1,0.5,0.733047545,0.733047545
URB1,0.75,2,1,0.5,0.657169025,0.657169025
UROD,0.75,2,1,0.5,0.67666574,0.67666574
USO1,0.75,2,1,0.5,0.4970702825,0.4970702825
USP18,0.75,2,1,0.5,0.404201689585,0.404201689585
USP2,0.75,2,1,0.5,0.7214556,0.7214556
USP40,0.75,2,1,0.5,0.81549677,0.81549677
USP45,0.75,2,1,0.5,0.47650060000126504,0.47650060000126504
USP48,0.75,2,1,0.5,0.810564275,0.810564275
USP51,0.75,2,1,0.5,0.48967955000932994,0.48967955000932994
USP8,0.75,2,1,0.5,0.815462135,0.815462135
UTP11,0.75,2,1,0.5,0.518596405,0.518596405
UTP23,0.75,2,1,0.5,0.49496972684914997,0.49496972684914997
VANGL2,0.75,2,1,0.5,0.7014194850000001,0.7014194850000001
VIT,0.75,2,1,0.5,0.542828202,0.542828202
VN1R2,0.75,2,1,0.5,0.67152734,0.67152734
VPS33B,0.75,2,1,0.5,0.64548336,0.64548336
VPS35,0.75,2,1,0.5,0.71224021,0.71224021
VPS35L,0.75,2,1,0.5,0.49667649525,0.49667649525
VPS45,0.75,2,1,0.5,0.79914893,0.79914893
VSIG1,0.75,2,1,0.5,0.60504184,0.60504184
WDR26,0.75,2,1,0.5,0.65012689,0.65012689
WDR4,0.75,2,1,0.5,0.45133336150000003,0.45133336150000003
WDR45B,0.75,2,1,0.5,0.48962413,0.48962413
WDR74,0.75,2,1,0.5,0.70980612,0.70980612
WDR93,0.75,2,1,0.5,0.52446992,0.52446992
WFIKKN2,0.75,2,1,0.5,0.81537755,0.81537755
WHRN,0.75,2,1,0.5,0.49562493818000003,0.49562493818000003
WNT16,0.75,2,1,0.5,0.7711036,0.7711036
WSB2,0.75,2,1,0.5,0.60114199,0.60114199
WWTR1,0.75,2,1,0.5,0.688421285,0.688421285
XIST,0.75,2,1,0.5,0.49549258001000884,0.49549258001000884
XKR4,0.75,2,1,0.5,0.52810685,0.52810685
XKR6,0.75,2,1,0.5,0.8536402000000001,0.8536402000000001
XPO4,0.75,2,1,0.5,0.55947257,0.55947257
XPO6,0.75,2,1,0.5,0.72611606,0.72611606
XPO7,0.75,2,1,0.5,0.7494446699999999,0.7494446699999999
XRCC4,0.75,2,1,0.5,0.412301004913,0.412301004913
XRCC6,0.75,2,1,0.5,0.523759275,0.523759275
YES1,0.75,2,1,0.5,0.57185973,0.57185973
YJU2,0.75,2,1,0.5,0.4956145312881044,0.4956145312881044
ZBED8,0.75,2,1,0.5,0.549809805,0.549809805
ZBTB1,0.75,2,1,0.5,0.46956258242,0.46956258242
ZBTB12,0.75,2,1,0.5,0.65453242,0.65453242
ZBTB34,0.75,2,1,0.5,0.519410665,0.519410665
ZBTB43,0.75,2,1,0.5,0.49290742418,0.49290742418
ZBTB44,0.75,2,1,0.5,0.505709265,0.505709265
ZBTB48,0.75,2,1,0.5,0.697023965,0.697023965
ZBTB5,0.75,2,1,0.5,0.43906283765,0.43906283765
ZBTB7A,0.75,2,1,0.5,0.49566169438,0.49566169438
ZBTB7B,0.75,2,1,0.5,0.7770326000000001,0.7770326000000001
ZBTB8A,0.75,2,1,0.5,0.519403745,0.519403745
ZBTB8OS,0.75,2,1,0.5,0.53410404,0.53410404
ZC3H6,0.75,2,1,0.5,0.541128305,0.541128305
ZC3H8,0.75,2,1,0.5,0.467306013967693,0.467306013967693
ZCRB1,0.75,2,1,0.5,0.8391409000000001,0.8391409000000001
ZDHHC11,0.75,2,1,0.5,0.81184495,0.81184495
ZDHHC19,0.75,2,1,0.5,0.40564473010635,0.40564473010635
ZDHHC7,0.75,2,1,0.5,0.613111045,0.613111045
ZDHHC8,0.75,2,1,0.5,0.613868635,0.613868635
ZEB1,0.75,2,1,0.5,0.5341592549999999,0.5341592549999999
ZFAND4,0.75,2,1,0.5,0.66329204,0.66329204
ZFP82,0.75,2,1,0.5,0.580205815,0.580205815
ZIC3,0.75,2,1,0.5,0.4956798256845731,0.4956798256845731
ZKSCAN8,0.75,2,1,0.5,0.506339436,0.506339436
ZMAT1,0.75,2,1,0.5,0.49043051981900004,0.49043051981900004
ZMPSTE24,0.75,2,1,0.5,0.68213418,0.68213418
ZNF141,0.75,2,1,0.5,0.49607022325,0.49607022325
ZNF146,0.75,2,1,0.5,0.5082918125,0.5082918125
ZNF154,0.75,2,1,0.5,0.8360230200000001,0.8360230200000001
ZNF195,0.75,2,1,0.5,0.6654095800000001,0.6654095800000001
ZNF212,0.75,2,1,0.5,0.5006451005,0.5006451005
ZNF233,0.75,2,1,0.5,0.83395635,0.83395635
ZNF273,0.75,2,1,0.5,0.7406654349999999,0.7406654349999999
ZNF282,0.75,2,1,0.5,0.49569435712182996,0.49569435712182996
ZNF287,0.75,2,1,0.5,0.542955555,0.542955555
ZNF311,0.75,2,1,0.5,0.542831185,0.542831185
ZNF322P1,0.75,2,1,0.5,0.426830502525601,0.426830502525601
ZNF324B,0.75,2,1,0.5,0.62417188,0.62417188
ZNF331,0.75,2,1,0.5,0.5199170200000001,0.5199170200000001
ZNF343,0.75,2,1,0.5,0.4957059820575,0.4957059820575
ZNF358,0.75,2,1,0.5,0.4956869812864838,0.4956869812864838
ZNF383,0.75,2,1,0.5,0.611126395,0.611126395
ZNF398,0.75,2,1,0.5,0.536832455,0.536832455
ZNF408,0.75,2,1,0.5,0.581191575,0.581191575
ZNF436,0.75,2,1,0.5,0.554459065,0.554459065
ZNF439,0.75,2,1,0.5,0.627089265,0.627089265
ZNF45,0.75,2,1,0.5,0.820152615,0.820152615
ZNF484,0.75,2,1,0.5,0.48380228264999997,0.48380228264999997
ZNF510,0.75,2,1,0.5,0.49570774236963,0.49570774236963
ZNF513,0.75,2,1,0.5,0.5742543,0.5742543
ZNF518A,0.75,2,1,0.5,0.4957000023626927,0.4957000023626927
ZNF534,0.75,2,1,0.5,0.82310515,0.82310515
ZNF566,0.75,2,1,0.5,0.61774223,0.61774223
ZNF57,0.75,2,1,0.5,0.57097709,0.57097709
ZNF573,0.75,2,1,0.5,0.49608118105000004,0.49608118105000004
ZNF584,0.75,2,1,0.5,0.54390554,0.54390554
ZNF594,0.75,2,1,0.5,0.7437553,0.7437553
ZNF600,0.75,2,1,0.5,0.66128374,0.66128374
ZNF613,0.75,2,1,0.5,0.568461865,0.568461865
ZNF615,0.75,2,1,0.5,0.573233625,0.573233625
ZNF616,0.75,2,1,0.5,0.518024328,0.518024328
ZNF621,0.75,2,1,0.5,0.49311590384000004,0.49311590384000004
ZNF625,0.75,2,1,0.5,0.7296507649999999,0.7296507649999999
ZNF629,0.75,2,1,0.5,0.4885911266,0.4885911266
ZNF639,0.75,2,1,0.5,0.7953432149999999,0.7953432149999999
ZNF708,0.75,2,1,0.5,0.53740824,0.53740824
ZNF718,0.75,2,1,0.5,0.386106153588035,0.386106153588035
ZNF75A,0.75,2,1,0.5,0.578226895,0.578226895
ZNF777,0.75,2,1,0.5,0.461224403,0.461224403
ZNF781,0.75,2,1,0.5,0.588518965,0.588518965
ZNF785,0.75,2,1,0.5,0.781994715,0.781994715
ZNF80,0.75,2,1,0.5,0.49658246615,0.49658246615
ZNF823,0.75,2,1,0.5,0.6442423,0.6442423
ZNF83,0.75,2,1,0.5,0.53647777,0.53647777
ZNF92,0.75,2,1,0.5,0.471288415,0.471288415
ZNF93,0.75,2,1,0.5,0.49709816149999997,0.49709816149999997
ZNHIT6,0.75,2,1,0.5,0.80505618,0.80505618
ZPLD1,0.75,2,1,0.5,0.595256955,0.595256955
ZRANB1,0.75,2,1,0.5,0.514407485,0.514407485
ZSCAN21,0.75,2,1,0.5,0.4974517206,0.4974517206
ZSCAN32,0.75,2,1,0.5,0.6474155850000001,0.6474155850000001
ZXDB,0.75,2,1,0.5,0.53619812,0.53619812
AARS1,0.75,3,1,0.3333333333333333,0.73401624,0.6367638233333334
AATF,0.75,3,1,0.3333333333333333,0.5569644,0.520524011
ABCB6,0.75,3,1,0.3333333333333333,2.6202043e-09,0.3304670875402091
AC011462.1,0.75,3,1,0.3333333333333333,0.6948438,0.6125348233333333
AC068580.4,0.75,3,1,0.3333333333333333,1.4441507e-07,0.3280592148050395
ADD3,0.75,3,1,0.3333333333333333,0.33690292,0.44278349591746663
AGO1,0.75,3,1,0.3333333333333333,0.12910523,0.3885017753333333
AL133500.1,0.75,3,1,0.3333333333333333,0.0009888456,0.29763371520417015
AL136295.1,0.75,3,1,0.3333333333333333,0.6324374,0.5330560896666667
AL669918.1,0.75,3,1,0.3333333333333333,0.44135162,0.499393268
ALCAM,0.75,3,1,0.3333333333333333,0.16971289,0.39187280566666666
ALDH3A2,0.75,3,1,0.3333333333333333,7.6290546e-10,0.33029883359316875
ALDH5A1,0.75,3,1,0.3333333333333333,0.61064595,0.5289449270833333
ALG3,0.75,3,1,0.3333333333333333,0.015636558,0.33178144695205
ALPI,0.75,3,1,0.3333333333333333,0.012575424,0.32705843566666665
AMBN,0.75,3,1,0.3333333333333333,0.5026091,0.6238789933333333
AMER2,0.75,3,1,0.3333333333333333,0.005315814,0.33225429076855
AMOT,0.75,3,1,0.3333333333333333,0.26561606,0.4013261200011904
ANGPT1,0.75,3,1,0.3333333333333333,0.15680148,0.3303028935
ANKFY1,0.75,3,1,0.3333333333333333,0.50059193,0.5633669833333333
ANKRD40,0.75,3,1,0.3333333333333333,0.09531354,0.38501358
ANKRD42,0.75,3,1,0.3333333333333333,0.6265714,0.6131002333333334
ANKS1A,0.75,3,1,0.3333333333333333,0.7066386,0.5615255533341653
ANKZF1,0.75,3,1,0.3333333333333333,0.011428817,0.3275555707666667
ANXA8L1,0.75,3,1,0.3333333333333333,0.4199673,0.4526398138674666
AOC3,0.75,3,1,0.3333333333333333,0.33433002,0.4323931456666667
AP1B1,0.75,3,1,0.3333333333333333,0.56763446,0.5729688566666666
AP1M2,0.75,3,1,0.3333333333333333,0.4371778,0.47584102585232335
AP5S1,0.75,3,1,0.3333333333333333,0.57017714,0.5205275803584685
APLP1,0.75,3,1,0.3333333333333333,0.58965296,0.6015844633333333
APOBEC3G,0.75,3,1,0.3333333333333333,0.11295788,0.28890979023333335
APOH,0.75,3,1,0.3333333333333333,0.56442034,0.5818186466666666
AQP12B,0.75,3,1,0.3333333333333333,0.003634624,0.3319244536
ARHGEF4,0.75,3,1,0.3333333333333333,3.1075413e-07,0.3167803713488773
ARMC2,0.75,3,1,0.3333333333333333,0.3291675,0.43839558698872905
ARSB,0.75,3,1,0.3333333333333333,0.12284272,0.39048734
ARSH,0.75,3,1,0.3333333333333333,0.6684857,0.5427473000209391
ASPH,0.75,3,1,0.3333333333333333,0.70009565,0.6891604466666666
ATF2,0.75,3,1,0.3333333333333333,0.6881445,0.53970087705
ATMIN,0.75,3,1,0.3333333333333333,0.31650934,0.43592215254743394
ATRN,0.75,3,1,0.3333333333333333,0.0819483,0.35903668866666666
AURKAIP1,0.75,3,1,0.3333333333333333,0.4442744,0.55583185
AVPR1A,0.75,3,1,0.3333333333333333,0.3061717,0.4128120416010373
B3GNT9,0.75,3,1,0.3333333333333333,8.00804e-08,0.31383128270610666
B4GALT6,0.75,3,1,0.3333333333333333,0.30710098,0.5140195333333334
BAIAP3,0.75,3,1,0.3333333333333333,0.00016164209,0.3182355745193333
BANK1,0.75,3,1,0.3333333333333333,0.26208296,0.38324196805995997
BAP1,0.75,3,1,0.3333333333333333,0.6024873,0.5309778210433334
BARHL2,0.75,3,1,0.3333333333333333,0.090190955,0.31807559943173447
BCL6,0.75,3,1,0.3333333333333333,0.26426816,0.4088012336749944
BMP6,0.75,3,1,0.3333333333333333,1.0998928e-08,0.32457308390937806
BORCS6,0.75,3,1,0.3333333333333333,0.00020419575,0.33054436382333335
BPNT1,0.75,3,1,0.3333333333333333,0.63896817,0.72321459
BRDT,0.75,3,1,0.3333333333333333,0.5362108,0.4668803736840583
BTBD16,0.75,3,1,0.3333333333333333,0.49910623,0.49681681000061
BTN1A1,0.75,3,1,0.3333333333333333,0.7248525,0.8033708533333334
C1orf220,0.75,3,1,0.3333333333333333,5.5180085e-08,0.32836675179575253
C6orf118,0.75,3,1,0.3333333333333333,0.39565465,0.58385869
C7orf26,0.75,3,1,0.3333333333333333,2.8099984e-07,0.3252975105424702
C8G,0.75,3,1,0.3333333333333333,0.20879415,0.399768085627
CA5B,0.75,3,1,0.3333333333333333,0.71100205,0.562818121125
CABLES2,0.75,3,1,0.3333333333333333,2.624365e-06,0.326944774788596
CACNB2,0.75,3,1,0.3333333333333333,0.00021871534,0.3305361529186666
CACYBP,0.75,3,1,0.3333333333333333,2.8018662e-06,0.2935189893967607
CAMKK1,0.75,3,1,0.3333333333333333,3.6712013e-06,0.32652697186296603
CASKIN2,0.75,3,1,0.3333333333333333,0.24592073,0.4124514167493963
CASP10,0.75,3,1,0.3333333333333333,0.67143846,0.5441885604333333
CAV3,0.75,3,1,0.3333333333333333,0.013508973,0.3353952204333333
CBLN2,0.75,3,1,0.3333333333333333,1.2044115e-08,0.3111738217363044
CCDC103,0.75,3,1,0.3333333333333333,0.15183751,0.38374232
CCDC116,0.75,3,1,0.3333333333333333,0.54978883,0.6613784933333333
CCDC172,0.75,3,1,0.3333333333333333,3.391368e-07,0.2519258797122847
CCDC185,0.75,3,1,0.3333333333333333,0.6635466,0.6176240599999999
CCDC81,0.75,3,1,0.3333333333333333,0.59207726,0.5951723800000001
CCKAR,0.75,3,1,0.3333333333333333,0.15630476,0.3768336967333334
CCKBR,0.75,3,1,0.3333333333333333,0.3624244,0.4513121888922633
CCL22,0.75,3,1,0.3333333333333333,1.6552306e-08,0.26605205439782675
CCNY,0.75,3,1,0.3333333333333333,0.18473701,0.3926760861333333
CCSER2,0.75,3,1,0.3333333333333333,0.38984004,0.4722761853333333
CD1B,0.75,3,1,0.3333333333333333,0.22585867,0.4051204955216667
CD1E,0.75,3,1,0.3333333333333333,0.5984873,0.68506726
CD276,0.75,3,1,0.3333333333333333,1.8858785e-07,0.3110437429755111
CD53,0.75,3,1,0.3333333333333333,4.3228714e-09,0.320861168342802
CD7,0.75,3,1,0.3333333333333333,0.3458859,0.5223618600000001
CD9,0.75,3,1,0.3333333333333333,0.3457138,0.4331336433342368
CDC37,0.75,3,1,0.3333333333333333,0.45487824,0.4576965390566667
CENPN,0.75,3,1,0.3333333333333333,0.745335,0.5770677066666666
CENPS-CORT,0.75,3,1,0.3333333333333333,0.52025276,0.4727996753333333
CERKL,0.75,3,1,0.3333333333333333,0.46329582,0.41032767594
CFAP94,0.75,3,1,0.3333333333333333,0.40585023,0.48673100666666663
CFP,0.75,3,1,0.3333333333333333,4.674288e-07,0.2814278358096026
CGA,0.75,3,1,0.3333333333333333,0.55494744,0.5058844490601961
CGB5,0.75,3,1,0.3333333333333333,2.0982984e-08,0.32941354044456495
CHI3L2,0.75,3,1,0.3333333333333333,0.51889575,0.5447788686666667
CHMP2A,0.75,3,1,0.3333333333333333,1.0419958e-07,0.33048911505500017
CHRDL1,0.75,3,1,0.3333333333333333,6.1654365e-10,0.29627216687238683
CHST10,0.75,3,1,0.3333333333333333,0.6884289,0.5593507533333334
CHST8,0.75,3,1,0.3333333333333333,0.68858725,0.6528120266666667
CIB2,0.75,3,1,0.3333333333333333,0.001442208,0.31826488735666664
CIB3,0.75,3,1,0.3333333333333333,0.08909563,0.35977951268636366
CILK1,0.75,3,1,0.3333333333333333,0.00054928754,0.26998018659833334
CIZ1,0.75,3,1,0.3333333333333333,1.1852766e-05,0.33045681060073334
CLCA3P,0.75,3,1,0.3333333333333333,0.6210919,0.6453763
CLDN23,0.75,3,1,0.3333333333333333,1.2077676e-06,0.28571656292133335
COASY,0.75,3,1,0.3333333333333333,0.66287994,0.5661837366666667
COQ8A,0.75,3,1,0.3333333333333333,0.46242848,0.4758596355675433
CORO1A,0.75,3,1,0.3333333333333333,0.0037303534,0.32464910367333333
CORO6,0.75,3,1,0.3333333333333333,0.5152879,0.6393007466666667
CPNE3,0.75,3,1,0.3333333333333333,0.078895494,0.32967367
CPNE5,0.75,3,1,0.3333333333333333,0.020054454,0.30551925090533333
CPNE7,0.75,3,1,0.3333333333333333,0.7310176,0.5741329833395826
CPQ,0.75,3,1,0.3333333333333333,0.41742924,0.42432218010000006
CPT1B,0.75,3,1,0.3333333333333333,5.9823197e-12,0.3304970466686772
CRBN,0.75,3,1,0.3333333333333333,0.56226385,0.5179877831466667
CRY1,0.75,3,1,0.3333333333333333,0.21251391,0.40136685233
CRYGB,0.75,3,1,0.3333333333333333,0.1953256,0.31911102236666666
CSF3R,0.75,3,1,0.3333333333333333,0.08542285,0.3712804033333333
CSNK1G3,0.75,3,1,0.3333333333333333,0.6321296,0.4920982000519978
CSRNP1,0.75,3,1,0.3333333333333333,0.40011784,0.4598159160225887
CT55,0.75,3,1,0.3333333333333333,2.0172114e-10,0.32588255340783506
CTBS,0.75,3,1,0.3333333333333333,0.24527614,0.45546998
CYP26B1,0.75,3,1,0.3333333333333333,0.48254848,0.487414191611389
CYP2S1,0.75,3,1,0.3333333333333333,0.6025283,0.6361652833333333
CYP4X1,0.75,3,1,0.3333333333333333,0.6512975,0.5182453686666667
D2HGDH,0.75,3,1,0.3333333333333333,0.005089587,0.2779079653571053
DBF4,0.75,3,1,0.3333333333333333,0.016306715,0.3331379643333333
DBR1,0.75,3,1,0.3333333333333333,0.24423487,0.4120327446
DCAF4L2,0.75,3,1,0.3333333333333333,0.2565082,0.41600810142000005
DCDC2,0.75,3,1,0.3333333333333333,0.42351517,0.47451458166666666
DCK,0.75,3,1,0.3333333333333333,0.6205677,0.6527418533333333
DCLRE1C,0.75,3,1,0.3333333333333333,0.4306817,0.5251444833333333
DDAH1,0.75,3,1,0.3333333333333333,0.0044773784,0.3315134194607
DDR1,0.75,3,1,0.3333333333333333,0.46627313,0.4803655460309933
DDX47,0.75,3,1,0.3333333333333333,0.467592,0.4868517333333333
DFFB,0.75,3,1,0.3333333333333333,2.6420293e-09,0.3304520843482292
DHODH,0.75,3,1,0.3333333333333333,0.00014316893,0.3304687330018452
DHRS11,0.75,3,1,0.3333333333333333,3.7846296e-11,0.33047240001758343
DHRS2,0.75,3,1,0.3333333333333333,0.4439128,0.5946948533333334
DHX58,0.75,3,1,0.3333333333333333,0.34207004,0.5015601566666666
DIP2A,0.75,3,1,0.3333333333333333,0.0007823701,0.32982854396250966
DIS3L,0.75,3,1,0.3333333333333333,0.5073951,0.5636117266666667
DLG2,0.75,3,1,0.3333333333333333,0.29251736,0.44136969200000004
DLG4,0.75,3,1,0.3333333333333333,0.0008820674,0.32715135655670113
DMRT3,0.75,3,1,0.3333333333333333,0.021126632,0.31391172623333335
DNAJB5,0.75,3,1,0.3333333333333333,0.39695522,0.45565108499266666
DNAJC11,0.75,3,1,0.3333333333333333,0.00043802365,0.32825482457390004
DOC2A,0.75,3,1,0.3333333333333333,0.008018644,0.3358490703333333
DPP4,0.75,3,1,0.3333333333333333,0.5922992,0.47645615333333335
DRGX,0.75,3,1,0.3333333333333333,3.0103565e-11,0.32890420001018034
DTNB,0.75,3,1,0.3333333333333333,0.53214574,0.5078586164503306
DUS4L-BCAP29,0.75,3,1,0.3333333333333333,0.6122785,0.6434836666666667
DXO,0.75,3,1,0.3333333333333333,0.06776666,0.35053265333606737
DZIP1L,0.75,3,1,0.3333333333333333,0.5076932,0.5083001516666666
DZIP3,0.75,3,1,0.3333333333333333,0.22309567,0.39646962963991234
EEF1AKNMT,0.75,3,1,0.3333333333333333,0.74164337,0.6293373733333333
EFCAB12,0.75,3,1,0.3333333333333333,6.477371e-06,0.2575346867879
EFHC1,0.75,3,1,0.3333333333333333,0.64172536,0.5092954737166667
EFR3A,0.75,3,1,0.3333333333333333,0.007983749,0.3331242454048
ELMO2,0.75,3,1,0.3333333333333333,0.65000546,0.5351564876666667
ELMOD1,0.75,3,1,0.3333333333333333,2.0297597e-09,0.3304634011176323
ENTPD6,0.75,3,1,0.3333333333333333,0.20210984,0.39615035590060005
EPB41L4A,0.75,3,1,0.3333333333333333,0.616483,0.54182412
EPC1,0.75,3,1,0.3333333333333333,0.0011487062,0.27941640223160996
EPS15,0.75,3,1,0.3333333333333333,0.26387426,0.4183908379094667
ERBB4,0.75,3,1,0.3333333333333333,0.037733357,0.3164424300136667
ERCC6L2,0.75,3,1,0.3333333333333333,0.6231897,0.6554524233333333
EVI2B,0.75,3,1,0.3333333333333333,0.21937445,0.45457223666666663
EXOC4,0.75,3,1,0.3333333333333333,0.69480854,0.7195198633333334
EYA1,0.75,3,1,0.3333333333333333,0.04036348,0.3434897976
F2,0.75,3,1,0.3333333333333333,0.6410249,0.6675493366666667
FAM110B,0.75,3,1,0.3333333333333333,1.8573545e-09,0.3272458672874174
FAM120C,0.75,3,1,0.3333333333333333,4.660568e-05,0.33051212526782386
FAM122A,0.75,3,1,0.3333333333333333,0.57276064,0.5909996033333333
FAM151A,0.75,3,1,0.3333333333333333,0.4366135,0.5218923533333334
FAM181A,0.75,3,1,0.3333333333333333,0.00070984865,0.2641275445833333
FAM184A,0.75,3,1,0.3333333333333333,0.21086405,0.4056419216666667
FAM237A,0.75,3,1,0.3333333333333333,0.30583417,0.40580423613568667
FAM71A,0.75,3,1,0.3333333333333333,0.019677544,0.33971697300000003
FANCI,0.75,3,1,0.3333333333333333,0.45446602,0.47532901177676007
FBF1,0.75,3,1,0.3333333333333333,0.089215465,0.35593544272471367
FBLIM1,0.75,3,1,0.3333333333333333,0.077471726,0.2977611369742333
FBXO3,0.75,3,1,0.3333333333333333,0.6303637,0.50056262
FBXW4,0.75,3,1,0.3333333333333333,0.3901,0.46048215672033327
FCHSD1,0.75,3,1,0.3333333333333333,1.1243985e-05,0.3303824495100463
FEM1A,0.75,3,1,0.3333333333333333,0.0008082808,0.32503004569468336
FGD3,0.75,3,1,0.3333333333333333,0.3583495,0.46506253
FGF5,0.75,3,1,0.3333333333333333,0.24945378,0.4232560766666667
FHL1,0.75,3,1,0.3333333333333333,0.74728966,0.7013042366666666
FO393400.1,0.75,3,1,0.3333333333333333,0.38402343,0.48832814333333335
FOXRED1,0.75,3,1,0.3333333333333333,0.0006175237,0.3306181488427667
FPR1,0.75,3,1,0.3333333333333333,0.20256682,0.38392980704197827
FSHR,0.75,3,1,0.3333333333333333,0.688921,0.5551601250433333
FSTL1,0.75,3,1,0.3333333333333333,0.5821007,0.5469656733333333
FTSJ3,0.75,3,1,0.3333333333333333,0.60886616,0.5333885826666667
FUBP1,0.75,3,1,0.3333333333333333,0.6329913,0.6357095966666667
FUT2,0.75,3,1,0.3333333333333333,0.24523811,0.4076917576666667
GABRR1,0.75,3,1,0.3333333333333333,9.1534254e-08,0.32980107181699997
GALNT18,0.75,3,1,0.3333333333333333,0.6233853,0.58369424
GALNT7,0.75,3,1,0.3333333333333333,0.002221566,0.3311790997733333
GASK1B,0.75,3,1,0.3333333333333333,0.0061620674,0.3314627764666667
GATA6,0.75,3,1,0.3333333333333333,0.6162324,0.5305120846666668
GBP5,0.75,3,1,0.3333333333333333,0.72831964,0.5276412896666667
GC,0.75,3,1,0.3333333333333333,0.6143954,0.4956804076666667
GCA,0.75,3,1,0.3333333333333333,0.22125581,0.4452087633333333
GDPD4,0.75,3,1,0.3333333333333333,0.63456076,0.6332666833333332
GDPD5,0.75,3,1,0.3333333333333333,0.6394056,0.5487083323333334
GFRA2,0.75,3,1,0.3333333333333333,0.5545849,0.5693773433333333
GGA2,0.75,3,1,0.3333333333333333,0.51820904,0.55566566
GGT7,0.75,3,1,0.3333333333333333,0.00026201212,0.33037138663176663
GJA5,0.75,3,1,0.3333333333333333,0.6699093,0.7256999033333335
GLIS3,0.75,3,1,0.3333333333333333,0.57445246,0.5072982303473005
GLRA2,0.75,3,1,0.3333333333333333,0.42517182,0.47217632667610004
GNL2,0.75,3,1,0.3333333333333333,0.16769938,0.40195169999999997
GNRHR,0.75,3,1,0.3333333333333333,0.60093707,0.6213845433333333
GPR26,0.75,3,1,0.3333333333333333,0.67038924,0.5369839511697206
GPR35,0.75,3,1,0.3333333333333333,0.26175478,0.3861527945166667
GPRC5A,0.75,3,1,0.3333333333333333,0.4635196,0.5338435266666667
GPRC5B,0.75,3,1,0.3333333333333333,1.7924613e-07,0.31985296891062004
GPRC5D,0.75,3,1,0.3333333333333333,0.004679328,0.3326622496
GRIN2C,0.75,3,1,0.3333333333333333,1.144868e-09,0.31871833371627206
GRIN2D,0.75,3,1,0.3333333333333333,0.37848023,0.45059298298666667
GUCA1C,0.75,3,1,0.3333333333333333,0.43195182,0.49052245833333336
GUK1,0.75,3,1,0.3333333333333333,0.30605337,0.4302750958101
GZF1,0.75,3,1,0.3333333333333333,0.041472547,0.3420840451666667
H3-4,0.75,3,1,0.3333333333333333,0.31392205,0.435114884391874
HAP1,0.75,3,1,0.3333333333333333,0.35354882,0.46683584000000006
HAUS8,0.75,3,1,0.3333333333333333,5.516219e-08,0.3285497420872852
HDAC5,0.75,3,1,0.3333333333333333,0.23986666,0.4606890733333333
HENMT1,0.75,3,1,0.3333333333333333,0.682526,0.5648182853333333
HHAT,0.75,3,1,0.3333333333333333,0.6156941,0.5575037733333333
HLA-E,0.75,3,1,0.3333333333333333,0.57443964,0.6720699066666667
HLA-F,0.75,3,1,0.3333333333333333,0.2929319,0.42789737162862
HMSD,0.75,3,1,0.3333333333333333,0.66348875,0.55107918789515
HNRNPH3,0.75,3,1,0.3333333333333333,0.025609957,0.33699738958266034
HOMER1,0.75,3,1,0.3333333333333333,0.092207156,0.3744668
HOXD10,0.75,3,1,0.3333333333333333,0.0018062501,0.2877314056009
HROB,0.75,3,1,0.3333333333333333,0.5244166,0.6224309866666667
HS3ST4,0.75,3,1,0.3333333333333333,0.21097893,0.3551212583180334
HS3ST5,0.75,3,1,0.3333333333333333,3.9950084e-08,0.32624373737842866
HSD11B1,0.75,3,1,0.3333333333333333,0.4788179,0.5543549333333334
HSD17B4,0.75,3,1,0.3333333333333333,0.12629682,0.3934848133333333
HSP90B1,0.75,3,1,0.3333333333333333,0.40414694,0.46266858666666666
HSPA13,0.75,3,1,0.3333333333333333,0.47993076,0.49045248831336
HTR1A,0.75,3,1,0.3333333333333333,0.5436555,0.62950998
HTR1E,0.75,3,1,0.3333333333333333,0.45430046,0.6028112866666667
IDO2,0.75,3,1,0.3333333333333333,0.21370447,0.39659215384905666
IFRD2,0.75,3,1,0.3333333333333333,0.020740194,0.33691115866666665
IGKV1-6,0.75,3,1,0.3333333333333333,0.5016176,0.4478450766666667
IGSF22,0.75,3,1,0.3333333333333333,0.34399223,0.46327319
IL15RA,0.75,3,1,0.3333333333333333,1.5692017e-08,0.281176338675275
IL20RB,0.75,3,1,0.3333333333333333,0.62131846,0.6152614266666667
IL27RA,0.75,3,1,0.3333333333333333,0.43815064,0.43569761751435004
IL36B,0.75,3,1,0.3333333333333333,0.6084524,0.6265204233333334
INCENP,0.75,3,1,0.3333333333333333,0.26179814,0.3784540433333334
INF2,0.75,3,1,0.3333333333333333,5.7273657e-09,0.32052400191036784
INO80D,0.75,3,1,0.3333333333333333,0.0015137858,0.3129656374277933
INSL6,0.75,3,1,0.3333333333333333,0.5185363,0.5033073414060633
IQCF1,0.75,3,1,0.3333333333333333,0.03648597,0.33606424759433334
IQCH,0.75,3,1,0.3333333333333333,0.15488797,0.33650686280000003
IQSEC2,0.75,3,1,0.3333333333333333,4.5309994e-06,0.3261022969998208
IRAK2,0.75,3,1,0.3333333333333333,0.008013483,0.3331434994553667
IRF2BP1,0.75,3,1,0.3333333333333333,0.18147574,0.403049532
ITM2C,0.75,3,1,0.3333333333333333,0.4697544,0.48704327401666664
ITPRIPL2,0.75,3,1,0.3333333333333333,0.42415622,0.4713303726
KCNAB1,0.75,3,1,0.3333333333333333,0.6182566,0.5365561067380513
KCNE1,0.75,3,1,0.3333333333333333,0.044152886,0.34519755787600004
KIF26A,0.75,3,1,0.3333333333333333,2.1693135e-05,0.31050835210340133
KIF26B,0.75,3,1,0.3333333333333333,0.6950571,0.53832141275
KLHL25,0.75,3,1,0.3333333333333333,0.07747223,0.32644137257666667
KLHL26,0.75,3,1,0.3333333333333333,0.65586215,0.6304460833333333
KRAS,0.75,3,1,0.3333333333333333,6.7991896e-05,0.318725143283596
KRI1,0.75,3,1,0.3333333333333333,0.7222624,0.7905073633333334
KRT32,0.75,3,1,0.3333333333333333,0.4365488,0.61217102
KRT33A,0.75,3,1,0.3333333333333333,0.5493558,0.5136234903363334
KRT79,0.75,3,1,0.3333333333333333,0.59824467,0.5359925176666667
KRTAP10-2,0.75,3,1,0.3333333333333333,0.4157967,0.5931347666666666
KRTAP10-5,0.75,3,1,0.3333333333333333,0.6372122,0.5172413456666667
KRTAP27-1,0.75,3,1,0.3333333333333333,0.06266426,0.33999960166666665
KRTAP5-10,0.75,3,1,0.3333333333333333,0.21399462,0.41170260866666664
KTI12,0.75,3,1,0.3333333333333333,0.15182284,0.4240808266666667
L3MBTL2,0.75,3,1,0.3333333333333333,3.407089e-08,0.330461195226786
LAT,0.75,3,1,0.3333333333333333,9.762149e-06,0.32457872074494715
LCE1E,0.75,3,1,0.3333333333333333,0.0008198141,0.33004852470142954
LDB1,0.75,3,1,0.3333333333333333,0.6375227,0.55549113
LENG8,0.75,3,1,0.3333333333333333,1.1259995e-05,0.25129477077763696
LETM1,0.75,3,1,0.3333333333333333,0.0043130983,0.32129053281760994
LGALS8,0.75,3,1,0.3333333333333333,0.22125451,0.46947321666666664
LIFR,0.75,3,1,0.3333333333333333,0.5645249,0.5712430066666667
LMAN2,0.75,3,1,0.3333333333333333,0.5881415,0.5164040609999999
LMCD1,0.75,3,1,0.3333333333333333,9.472991e-09,0.3296601798951319
LMNTD2,0.75,3,1,0.3333333333333333,3.2910268e-06,0.31283637066952763
LOXL1,0.75,3,1,0.3333333333333333,3.8897795e-07,0.29423043004464317
LPCAT2,0.75,3,1,0.3333333333333333,0.1501913,0.3805502277200426
LPIN3,0.75,3,1,0.3333333333333333,5.4325223e-08,0.3304910545255633
LRCH1,0.75,3,1,0.3333333333333333,0.029568084,0.3346937270333334
LRCH2,0.75,3,1,0.3333333333333333,8.1379477e-07,0.31701311793159553
LRIG2,0.75,3,1,0.3333333333333333,0.0049948758,0.33000924612693905
LRP8,0.75,3,1,0.3333333333333333,0.56807166,0.6110347533333332
LRRC18,0.75,3,1,0.3333333333333333,0.2988834,0.43008726666686586
LRRC23,0.75,3,1,0.3333333333333333,0.6445971,0.5827407083333334
LRRC25,0.75,3,1,0.3333333333333333,1.7506748e-06,0.32185023911415667
LRRC8C,0.75,3,1,0.3333333333333333,0.3409379,0.5003638566666667
LRRIQ4,0.75,3,1,0.3333333333333333,0.6297411,0.529742879300659
LRSAM1,0.75,3,1,0.3333333333333333,0.6430872,0.5158997738516667
LTA4H,0.75,3,1,0.3333333333333333,0.0009863089,0.330768251455
LUZP2,0.75,3,1,0.3333333333333333,0.2484611,0.4093540661997766
LYZL6,0.75,3,1,0.3333333333333333,0.011645594,0.33257670656233335
MACROH2A2,0.75,3,1,0.3333333333333333,1.3651492e-08,0.3302839417067473
MAGEA12,0.75,3,1,0.3333333333333333,3.6158943e-07,0.279638126252019
MAGEA8,0.75,3,1,0.3333333333333333,0.24296637,0.40848717798049833
MAGED1,0.75,3,1,0.3333333333333333,0.03572235,0.3426438463333333
MAGEE1,0.75,3,1,0.3333333333333333,0.0002579838,0.32913202371666667
MAN1A1,0.75,3,1,0.3333333333333333,0.0044965306,0.300366131663127
MAPKAPK2,0.75,3,1,0.3333333333333333,0.6234911,0.5117039817146667
MARCHF3,0.75,3,1,0.3333333333333333,0.5235331,0.5025160705333334
MBNL3,0.75,3,1,0.3333333333333333,3.613356e-05,0.25902065243012334
MC5R,0.75,3,1,0.3333333333333333,0.5698248,0.4969980726666667
MCF2L2,0.75,3,1,0.3333333333333333,0.6489394,0.6984850800000001
MDM2,0.75,3,1,0.3333333333333333,0.3027226,0.5161177633333334
MDM4,0.75,3,1,0.3333333333333333,0.5840034,0.7031195333333334
ME3,0.75,3,1,0.3333333333333333,0.23930159,0.41026585102633334
MEI1,0.75,3,1,0.3333333333333333,0.026227884,0.33920867209766664
METTL21C,0.75,3,1,0.3333333333333333,0.33771425,0.4896187066666666
MFSD2B,0.75,3,1,0.3333333333333333,0.63277906,0.6572011133333333
MGAT3,0.75,3,1,0.3333333333333333,0.4269462,0.47280225333333625
MGLL,0.75,3,1,0.3333333333333333,6.393681e-08,0.33045087500793574
MIDN,0.75,3,1,0.3333333333333333,0.067796506,0.35158284376390664
MKNK1,0.75,3,1,0.3333333333333333,0.6526593,0.6006304299999999
MKRN2,0.75,3,1,0.3333333333333333,0.1523819,0.39021012633333335
MKX,0.75,3,1,0.3333333333333333,2.875586e-09,0.32890488764840625
MLH1,0.75,3,1,0.3333333333333333,0.14883125,0.3673951877133333
MME,0.75,3,1,0.3333333333333333,0.41151115,0.59360289
MOB4,0.75,3,1,0.3333333333333333,0.17795926,0.4031482943333333
MPRIP,0.75,3,1,0.3333333333333333,0.23875204,0.41007438646613337
MRPL1,0.75,3,1,0.3333333333333333,0.39333236,0.5082321366666667
MSANTD1,0.75,3,1,0.3333333333333333,0.08248089,0.352310296316
MTERF2,0.75,3,1,0.3333333333333333,0.42616832,0.5987970166666666
MUTYH,0.75,3,1,0.3333333333333333,0.2929416,0.4250859668045137
MVD,0.75,3,1,0.3333333333333333,0.0009956226,0.3307392082568
MVK,0.75,3,1,0.3333333333333333,0.5376926,0.4792377335874785
MYCT1,0.75,3,1,0.3333333333333333,0.7339645,0.6639013100000001
MYDGF,0.75,3,1,0.3333333333333333,0.6180854,0.535618797827
MYF6,0.75,3,1,0.3333333333333333,0.37826422,0.4510340453108043
MYOZ1,0.75,3,1,0.3333333333333333,1.0648662e-05,0.33045616400329264
MZF1,0.75,3,1,0.3333333333333333,0.045971554,0.3443967515
NADK2,0.75,3,1,0.3333333333333333,0.24156618,0.40655901997666666
NAIP,0.75,3,1,0.3333333333333333,0.66006255,0.6866536633333333
NANOG,0.75,3,1,0.3333333333333333,0.675191,0.6318796999999999
NAT9,0.75,3,1,0.3333333333333333,0.2614138,0.3949770323333333
NCK2,0.75,3,1,0.3333333333333333,7.90937e-08,0.33045781303768373
NECTIN2,0.75,3,1,0.3333333333333333,1.5248604e-06,0.32941922882219143
NECTIN3,0.75,3,1,0.3333333333333333,0.6391299,0.5443319554
NEK2,0.75,3,1,0.3333333333333333,0.42540693,0.4974032533333334
NETO2,0.75,3,1,0.3333333333333333,0.5787246,0.6191532866666667
NEU1,0.75,3,1,0.3333333333333333,0.6274125,0.5421668823333333
NFYC,0.75,3,1,0.3333333333333333,0.3310655,0.49664771
NIPA1,0.75,3,1,0.3333333333333333,0.61629075,0.5327289593266666
NOC3L,0.75,3,1,0.3333333333333333,0.00014802805,0.32849884268498897
NOMO2,0.75,3,1,0.3333333333333333,1.01687565e-08,0.33043526206376067
NOP2,0.75,3,1,0.3333333333333333,0.4441241,0.4296263784373333
NOS1AP,0.75,3,1,0.3333333333333333,0.6055267,0.5294102361888667
NPAS3,0.75,3,1,0.3333333333333333,3.0294267e-08,0.32984584343336537
NPTXR,0.75,3,1,0.3333333333333333,0.16157915,0.3844681460333333
NR1H3,0.75,3,1,0.3333333333333333,0.6661809,0.6282236066666667
NTN1,0.75,3,1,0.3333333333333333,0.6224223,0.49161903635333
NUP85,0.75,3,1,0.3333333333333333,0.26460734,0.39040705666666664
OAS3,0.75,3,1,0.3333333333333333,0.41584358,0.476760255
OLFM1,0.75,3,1,0.3333333333333333,1.0478844e-05,0.2915119089260733
OPN1LW,0.75,3,1,0.3333333333333333,4.9387592e-05,0.3262443211316666
OPRPN,0.75,3,1,0.3333333333333333,0.46167627,0.4858184666666667
OR10A2,0.75,3,1,0.3333333333333333,0.7267077,0.59528737
OR10G2,0.75,3,1,0.3333333333333333,0.0006846485,0.31431593991333334
OR13C3,0.75,3,1,0.3333333333333333,0.5446308,0.6328819933333333
OR13F1,0.75,3,1,0.3333333333333333,0.4529895,0.5728626833333333
OR1I1,0.75,3,1,0.3333333333333333,0.35838294,0.47112857999999996
OR2A14,0.75,3,1,0.3333333333333333,0.7020118,0.5355562494
OR2B3,0.75,3,1,0.3333333333333333,0.31960556,0.4481548176666667
OR2K2,0.75,3,1,0.3333333333333333,0.26716772,0.4240894863333333
OR2T10,0.75,3,1,0.3333333333333333,0.23348282,0.40830730669864534
OR4A15,0.75,3,1,0.3333333333333333,0.6258328,0.5185208277132333
OR4D2,0.75,3,1,0.3333333333333333,0.16272822,0.32283962633333335
OR52B2,0.75,3,1,0.3333333333333333,0.67345506,0.6658643
OR5AU1,0.75,3,1,0.3333333333333333,0.013271277,0.33348214067666665
OR5J2,0.75,3,1,0.3333333333333333,0.5114474,0.57348542
OR5M1,0.75,3,1,0.3333333333333333,0.38404462,0.5146018733333334
OR6C65,0.75,3,1,0.3333333333333333,0.6180027,0.5962789766666666
ORC3,0.75,3,1,0.3333333333333333,0.064119406,0.35171098316666666
OTX2,0.75,3,1,0.3333333333333333,0.23120514,0.357703798183691
P2RY2,0.75,3,1,0.3333333333333333,0.68317235,0.5829118
P3H4,0.75,3,1,0.3333333333333333,0.20768651,0.3775793106736667
P4HB,0.75,3,1,0.3333333333333333,0.027123086,0.33945993099663013
PAK4,0.75,3,1,0.3333333333333333,6.822902e-06,0.3155096412341262
PAMR1,0.75,3,1,0.3333333333333333,0.022201756,0.3199019862
PAPOLB,0.75,3,1,0.3333333333333333,0.30875155,0.44767678666666666
PAQR3,0.75,3,1,0.3333333333333333,0.0050125574,0.3290134145953333
PAQR9,0.75,3,1,0.3333333333333333,0.6884769,0.70616191
PARP3,0.75,3,1,0.3333333333333333,0.68339515,0.5636063633333334
PASK,0.75,3,1,0.3333333333333333,0.21093144,0.398952342
PBX2,0.75,3,1,0.3333333333333333,7.524268e-05,0.31755481422751775
PCARE,0.75,3,1,0.3333333333333333,0.23585312,0.38690042102666666
PCCA,0.75,3,1,0.3333333333333333,0.007989218,0.3331502487906677
PCCB,0.75,3,1,0.3333333333333333,0.0012683263,0.3201331423518526
PCDHA10,0.75,3,1,0.3333333333333333,0.5409078,0.4773819866666667
PDCD2L,0.75,3,1,0.3333333333333333,0.5074655,0.4996514767836328
PDE4B,0.75,3,1,0.3333333333333333,0.6635,0.5172410926666666
PDGFD,0.75,3,1,0.3333333333333333,0.06828802,0.3703152046666667
PDK3,0.75,3,1,0.3333333333333333,0.00015851494,0.27285691844984
PDLIM3,0.75,3,1,0.3333333333333333,0.29276422,0.4924812966666667
PDS5B,0.75,3,1,0.3333333333333333,0.55410206,0.6742234933333333
PDSS1,0.75,3,1,0.3333333333333333,0.28230578,0.4239673836926667
PDZD8,0.75,3,1,0.3333333333333333,0.67665935,0.6619438966666666
PELP1,0.75,3,1,0.3333333333333333,0.5579888,0.5164743003546087
PER1,0.75,3,1,0.3333333333333333,0.07893861,0.35680715832114335
PGBD4,0.75,3,1,0.3333333333333333,0.3276084,0.44013245576666665
PHC2,0.75,3,1,0.3333333333333333,0.63769823,0.5956332133333334
PHTF2,0.75,3,1,0.3333333333333333,0.6935841,0.68756308
PI4KA,0.75,3,1,0.3333333333333333,0.60856134,0.5224084196488207
PIM2,0.75,3,1,0.3333333333333333,0.7320024,0.572236449067773
PIP4K2A,0.75,3,1,0.3333333333333333,0.7307404,0.6641596566666667
PJA1,0.75,3,1,0.3333333333333333,3.8822097e-09,0.32824701129458306
PKM,0.75,3,1,0.3333333333333333,0.28173977,0.3865762066
PLCZ1,0.75,3,1,0.3333333333333333,0.63572705,0.5429890423333333
PLIN5,0.75,3,1,0.3333333333333333,0.19100071,0.3943354790333333
PLOD2,0.75,3,1,0.3333333333333333,0.28121254,0.5105302133333334
PNLIPRP3,0.75,3,1,0.3333333333333333,0.20931867,0.4014862722333334
PNPLA1,0.75,3,1,0.3333333333333333,0.49780288,0.6307166599999999
PNPLA2,0.75,3,1,0.3333333333333333,0.51857466,0.498051609534244
POLE2,0.75,3,1,0.3333333333333333,0.055030044,0.3485734872436
POLE3,0.75,3,1,0.3333333333333333,0.12132855,0.3705852541702
POLR2A,0.75,3,1,0.3333333333333333,0.074002646,0.30589524895277903
POU4F2,0.75,3,1,0.3333333333333333,0.0005700891,0.2967413877622
PPIG,0.75,3,1,0.3333333333333333,0.47212434,0.5125786950000001
PPM1H,0.75,3,1,0.3333333333333333,0.31555787,0.4231655833333334
PPM1K,0.75,3,1,0.3333333333333333,0.21935302,0.3981259446666667
PPP1CC,0.75,3,1,0.3333333333333333,0.24537048,0.4125001019
PPP1R18,0.75,3,1,0.3333333333333333,4.7414397e-07,0.33011833811716884
PPP1R32,0.75,3,1,0.3333333333333333,0.615589,0.5173666051826754
PPP2R1A,0.75,3,1,0.3333333333333333,0.5000718,0.45321792651
PPP2R2C,0.75,3,1,0.3333333333333333,0.4690358,0.5336485966666666
PPRC1,0.75,3,1,0.3333333333333333,0.0664341,0.35263903476766667
PRIMPOL,0.75,3,1,0.3333333333333333,0.21634595,0.34853814008
PRR11,0.75,3,1,0.3333333333333333,0.20595433,0.41684777999999995
PRRC2A,0.75,3,1,0.3333333333333333,0.6883351,0.5533155975533334
PSG8,0.75,3,1,0.3333333333333333,0.64277565,0.6923615666666666
PSTK,0.75,3,1,0.3333333333333333,0.58674043,0.5681706599999999
PTAFR,0.75,3,1,0.3333333333333333,0.48848215,0.47735776
PTHLH,0.75,3,1,0.3333333333333333,0.72187054,0.5799175486666667
PTOV1,0.75,3,1,0.3333333333333333,0.51536036,0.49457242136993335
PTX4,0.75,3,1,0.3333333333333333,0.0053141583,0.26174745227633334
PUDP,0.75,3,1,0.3333333333333333,0.4455395,0.47411051073629995
PUF60,0.75,3,1,0.3333333333333333,0.58087575,0.5228381303073001
PUM2,0.75,3,1,0.3333333333333333,0.0050186897,0.32937760823333334
PXYLP1,0.75,3,1,0.3333333333333333,0.50752866,0.4916209356666667
R3HDM1,0.75,3,1,0.3333333333333333,0.03221073,0.2877276236733333
RAB11B,0.75,3,1,0.3333333333333333,0.056061197,0.27439110800000005
RAB39B,0.75,3,1,0.3333333333333333,4.786723e-10,0.33044440017473126
RAD54L,0.75,3,1,0.3333333333333333,0.6401471,0.60291689
RALBP1,0.75,3,1,0.3333333333333333,0.4061147,0.5963854733333332
RASD2,0.75,3,1,0.3333333333333333,2.3485645e-05,0.3305109333352669
RASEF,0.75,3,1,0.3333333333333333,0.16719832,0.41706983333333336
RBFOX1,0.75,3,1,0.3333333333333333,0.39546266,0.5246695166666667
RBM25,0.75,3,1,0.3333333333333333,0.48166177,0.4889187264443433
RBM46,0.75,3,1,0.3333333333333333,0.5038982,0.49456962931666665
RCHY1,0.75,3,1,0.3333333333333333,0.13992518,0.3752002527566667
REXO1,0.75,3,1,0.3333333333333333,3.38829e-07,0.33016639398576764
RHOXF1,0.75,3,1,0.3333333333333333,0.53963,0.6634723366666667
RILP,0.75,3,1,0.3333333333333333,0.21120942,0.4008888214101334
RIPOR2,0.75,3,1,0.3333333333333333,0.011211955,0.335792889
RMC1,0.75,3,1,0.3333333333333333,0.32431164,0.42584003666666675
RNASE11,0.75,3,1,0.3333333333333333,0.57500154,0.6548540066666667
RNASET2,0.75,3,1,0.3333333333333333,0.24166219,0.40450224683266667
RNF25,0.75,3,1,0.3333333333333333,0.56413585,0.5130866186666666
RNF43,0.75,3,1,0.3333333333333333,0.50738436,0.5330204566666666
RNFT2,0.75,3,1,0.3333333333333333,0.5833345,0.6338648133333333
RNH1,0.75,3,1,0.3333333333333333,0.27433416,0.3662489606666666
ROBO4,0.75,3,1,0.3333333333333333,0.004296015,0.3319278015293333
RPF1,0.75,3,1,0.3333333333333333,0.20589721,0.3959024537333333
RPGRIP1,0.75,3,1,0.3333333333333333,3.9984305e-05,0.30707454751780666
RRAGB,0.75,3,1,0.3333333333333333,0.0152371265,0.3264163781458
RTL4,0.75,3,1,0.3333333333333333,9.510317e-10,0.3289492336506528
SAXO2,0.75,3,1,0.3333333333333333,0.15716596,0.39199483166666665
SBNO2,0.75,3,1,0.3333333333333333,0.21686606,0.4027350859190076
SBSPON,0.75,3,1,0.3333333333333333,0.3884729,0.41068290139958624
SCYL3,0.75,3,1,0.3333333333333333,0.6645004,0.6861116099999999
SDC2,0.75,3,1,0.3333333333333333,0.19950414,0.4385463733333333
SEC23IP,0.75,3,1,0.3333333333333333,1.0939675e-06,0.3304538230289756
SEC24C,0.75,3,1,0.3333333333333333,0.4742634,0.49834531866666665
SEC63,0.75,3,1,0.3333333333333333,0.4111275,0.5018912666666666
SECISBP2,0.75,3,1,0.3333333333333333,0.6025486,0.5313490937393334
SELENOO,0.75,3,1,0.3333333333333333,9.164396e-08,0.3302927972166642
SEMA6A,0.75,3,1,0.3333333333333333,2.9918442e-07,0.3274986164865122
SERTM1,0.75,3,1,0.3333333333333333,1.1090247e-05,0.3269608458346333
SFTPC,0.75,3,1,0.3333333333333333,0.60423654,0.6871095333333334
SFXN5,0.75,3,1,0.3333333333333333,0.00014108352,0.3153542031182333
SH3BP2,0.75,3,1,0.3333333333333333,0.3630031,0.4499336937166667
SHANK1,0.75,3,1,0.3333333333333333,6.916494e-07,0.2996926331311567
SHISA5,0.75,3,1,0.3333333333333333,0.20742531,0.3988332103140273
SIGLEC12,0.75,3,1,0.3333333333333333,0.26177856,0.4803272333333333
SIGLEC15,0.75,3,1,0.3333333333333333,4.3471973e-06,0.3304894427287767
SIK2,0.75,3,1,0.3333333333333333,0.44027954,0.43064357866666664
SLAIN2,0.75,3,1,0.3333333333333333,0.20939721,0.41282086
SLC17A1,0.75,3,1,0.3333333333333333,0.004844364,0.3232310952
SLC22A13,0.75,3,1,0.3333333333333333,0.016768415,0.331468178370722
SLC22A7,0.75,3,1,0.3333333333333333,0.562613,0.6207857766666667
SLC22A8,0.75,3,1,0.3333333333333333,0.27426398,0.4187706472333333
SLC34A3,0.75,3,1,0.3333333333333333,0.6001048,0.4954959319666667
SLC35B3,0.75,3,1,0.3333333333333333,0.51782274,0.498279086288202
SLC43A3,0.75,3,1,0.3333333333333333,0.46540084,0.48555389747518335
SLC49A3,0.75,3,1,0.3333333333333333,0.59732586,0.5003951666666667
SLC7A9,0.75,3,1,0.3333333333333333,0.18992561,0.41193255333333334
SLITRK3,0.75,3,1,0.3333333333333333,0.0010584838,0.33099274960999997
SMIM19,0.75,3,1,0.3333333333333333,0.28475648,0.4245012602666667
SNAP91,0.75,3,1,0.3333333333333333,0.36322704,0.4045531138511254
SNIP1,0.75,3,1,0.3333333333333333,0.20988579,0.42568644166666664
SOGA1,0.75,3,1,0.3333333333333333,1.4593662e-07,0.3305013819793868
SORBS3,0.75,3,1,0.3333333333333333,0.54851335,0.5375970333333333
SPI1,0.75,3,1,0.3333333333333333,0.3903823,0.46035555505333337
SPIRE1,0.75,3,1,0.3333333333333333,0.61245227,0.5745947349999999
SPO11,0.75,3,1,0.3333333333333333,0.65519273,0.7639961266666667
SPON1,0.75,3,1,0.3333333333333333,0.06477489,0.30345221073333334
SPON2,0.75,3,1,0.3333333333333333,0.020782392,0.32710679735851783
SRD5A2,0.75,3,1,0.3333333333333333,0.0012187423,0.29342011810140267
SSX9P,0.75,3,1,0.3333333333333333,0.7336886,0.8154055133333333
STAC,0.75,3,1,0.3333333333333333,0.6054478,0.5314658200000176
STAM,0.75,3,1,0.3333333333333333,0.3351052,0.4379019863333333
STC1,0.75,3,1,0.3333333333333333,0.39745978,0.45830276786466667
STK26,0.75,3,1,0.3333333333333333,0.0034183005,0.31002065291666664
STK32B,0.75,3,1,0.3333333333333333,0.67317176,0.5152676533393482
STRA6,0.75,3,1,0.3333333333333333,0.07889154,0.35380779222661335
STRN4,0.75,3,1,0.3333333333333333,0.55513537,0.5402033116666667
SULT1E1,0.75,3,1,0.3333333333333333,0.63712054,0.5619752686666667
SUSD2,0.75,3,1,0.3333333333333333,0.6310052,0.5410135935666667
SYBU,0.75,3,1,0.3333333333333333,0.042977884,0.3417029553745667
SYCP2L,0.75,3,1,0.3333333333333333,0.3779324,0.4798362166666667
SYNE3,0.75,3,1,0.3333333333333333,0.54068154,0.48002533635
SYT7,0.75,3,1,0.3333333333333333,0.25488183,0.4454824933333333
SYT9,0.75,3,1,0.3333333333333333,0.2429484,0.42282000999999997
TAB3,0.75,3,1,0.3333333333333333,0.7134337,0.6327337733333334
TAC3,0.75,3,1,0.3333333333333333,2.5801684e-08,0.3294914086064556
TARS1,0.75,3,1,0.3333333333333333,0.4582566,0.5289742566666668
TAS1R3,0.75,3,1,0.3333333333333333,7.2030934e-07,0.3293340761262917
TAS2R14,0.75,3,1,0.3333333333333333,0.03284969,0.34532594366666663
TAS2R16,0.75,3,1,0.3333333333333333,0.3665485,0.48735612
TAS2R20,0.75,3,1,0.3333333333333333,0.5175797,0.5061297673333334
TBC1D25,0.75,3,1,0.3333333333333333,0.001343845,0.324967333090109
TBC1D2B,0.75,3,1,0.3333333333333333,0.58646566,0.5172332419892
TBCK,0.75,3,1,0.3333333333333333,0.006500142,0.3334146019
TBL1X,0.75,3,1,0.3333333333333333,6.19625e-11,0.32213028335398863
TBR1,0.75,3,1,0.3333333333333333,0.60878617,0.5243458236840876
TBX18,0.75,3,1,0.3333333333333333,0.002755643,0.33079701652807625
TBX20,0.75,3,1,0.3333333333333333,0.2015905,0.41357837533333336
TBX5,0.75,3,1,0.3333333333333333,0.67291504,0.66060862
TCEAL3,0.75,3,1,0.3333333333333333,0.38625574,0.45325851800593336
TCF25,0.75,3,1,0.3333333333333333,0.70361036,0.5925537033333333
TCF4,0.75,3,1,0.3333333333333333,1.1263114e-07,0.25882965198060515
TCTN2,0.75,3,1,0.3333333333333333,0.32100466,0.42737510942029
TECPR2,0.75,3,1,0.3333333333333333,0.20165598,0.3976740702722467
TEF,0.75,3,1,0.3333333333333333,0.6349229,0.49285928216433333
TGFB1,0.75,3,1,0.3333333333333333,0.082272306,0.35784050468538536
TGFB2,0.75,3,1,0.3333333333333333,0.5360883,0.5210826423333333
TGS1,0.75,3,1,0.3333333333333333,0.5636382,0.5069050573333334
THAP11,0.75,3,1,0.3333333333333333,0.691022,0.5608114533360754
THEMIS2,0.75,3,1,0.3333333333333333,0.5643226,0.5872498066666666
TIGD4,0.75,3,1,0.3333333333333333,0.6291224,0.4735380077723333
TM4SF1,0.75,3,1,0.3333333333333333,0.71354645,0.6748466066666667
TM6SF1,0.75,3,1,0.3333333333333333,0.29847363,0.4352542286666667
TMC6,0.75,3,1,0.3333333333333333,0.48011127,0.5488207900000001
TMCC3,0.75,3,1,0.3333333333333333,0.6393262,0.5453693735666666
TMEM135,0.75,3,1,0.3333333333333333,1.9299817e-08,0.3130666880588751
TMEM159,0.75,3,1,0.3333333333333333,0.27772492,0.47972365666666666
TMEM161A,0.75,3,1,0.3333333333333333,0.5076942,0.5012965335666667
TMEM25,0.75,3,1,0.3333333333333333,0.4037701,0.46506715533091336
TMEM260,0.75,3,1,0.3333333333333333,0.2305291,0.40345603788421663
TMPRSS3,0.75,3,1,0.3333333333333333,0.52895224,0.6188932666666667
TMPRSS9,0.75,3,1,0.3333333333333333,2.1684986e-05,0.3302329332840193
TMTC2,0.75,3,1,0.3333333333333333,0.68397164,0.6067074566666667
TNFRSF10A,0.75,3,1,0.3333333333333333,0.6286981,0.5427065059999999
TNFRSF4,0.75,3,1,0.3333333333333333,5.7275407e-09,0.32816356866752094
TNFSF18,0.75,3,1,0.3333333333333333,0.49601865,0.6360842633333333
TNNC1,0.75,3,1,0.3333333333333333,0.010813908,0.2836621706272872
TNPO2,0.75,3,1,0.3333333333333333,3.7357913e-06,0.33049794547671835
TOM1,0.75,3,1,0.3333333333333333,7.352571e-08,0.323994045590148
TOMM40L,0.75,3,1,0.3333333333333333,0.15820849,0.38572898666666666
TOX4,0.75,3,1,0.3333333333333333,0.52632505,0.5037480766
TPM3,0.75,3,1,0.3333333333333333,0.1410749,0.39917805333333334
TREX2,0.75,3,1,0.3333333333333333,0.011723709,0.32941962026833
TRIM11,0.75,3,1,0.3333333333333333,0.17705677,0.38041774700000003
TRIM33,0.75,3,1,0.3333333333333333,0.54959875,0.5157383333333333
TRIM37,0.75,3,1,0.3333333333333333,0.4875316,0.5772822
TRIM40,0.75,3,1,0.3333333333333333,0.09536172,0.3569127449998533
TRIM9,0.75,3,1,0.3333333333333333,5.0251238e-08,0.32678663741443936
TRNAU1AP,0.75,3,1,0.3333333333333333,0.3934146,0.46374551299999994
TSR2,0.75,3,1,0.3333333333333333,3.9959045e-07,0.3279659332151506
TSSK6,0.75,3,1,0.3333333333333333,8.230937e-09,0.3304592360914597
TTLL4,0.75,3,1,0.3333333333333333,0.2927192,0.3761734452666667
TUBD1,0.75,3,1,0.3333333333333333,0.29241648,0.47829821999999994
UBA1,0.75,3,1,0.3333333333333333,0.679061,0.5383566013333333
UBE2O,0.75,3,1,0.3333333333333333,7.6221375e-05,0.330530817484133
UCKL1,0.75,3,1,0.3333333333333333,0.37443724,0.5013007566666666
UFSP2,0.75,3,1,0.3333333333333333,0.015418601,0.33231097626666667
UGCG,0.75,3,1,0.3333333333333333,0.6064935,0.6503189266666667
USH1C,0.75,3,1,0.3333333333333333,3.7568527e-06,0.330431492604148
USP16,0.75,3,1,0.3333333333333333,0.182142,0.41493379
UTP25,0.75,3,1,0.3333333333333333,0.39159277,0.5421910266666666
VAMP7,0.75,3,1,0.3333333333333333,0.24260639,0.41355459499999997
VEGFD,0.75,3,1,0.3333333333333333,2.8261027e-11,0.32166038000980485
VMP1,0.75,3,1,0.3333333333333333,0.080568865,0.35731912166679725
VNN1,0.75,3,1,0.3333333333333333,0.5623655,0.5493637516666666
VPS54,0.75,3,1,0.3333333333333333,0.00076161645,0.31681364034
WAS,0.75,3,1,0.3333333333333333,0.5602215,0.5163577006777968
WDR37,0.75,3,1,0.3333333333333333,0.12504639,0.37232478244666667
WDR49,0.75,3,1,0.3333333333333333,0.21658196,0.4013785216056467
WDR76,0.75,3,1,0.3333333333333333,0.6662253,0.6322675333333333
WEE2,0.75,3,1,0.3333333333333333,0.69196725,0.7274400633333333
WIPF1,0.75,3,1,0.3333333333333333,0.26273042,0.41682004584800003
XPNPEP2,0.75,3,1,0.3333333333333333,0.00075238966,0.32920798390333333
XYLT2,0.75,3,1,0.3333333333333333,0.66015387,0.58846572
YARS2,0.75,3,1,0.3333333333333333,0.15173128,0.38104105810499994
Z83844.2,0.75,3,1,0.3333333333333333,0.6138216,0.5896315633333333
ZBTB10,0.75,3,1,0.3333333333333333,0.6776876,0.5563988980757066
ZC3H11A,0.75,3,1,0.3333333333333333,0.0062514707,0.3308654485004667
ZCCHC12,0.75,3,1,0.3333333333333333,0.20623584,0.353792826698
ZDHHC23,0.75,3,1,0.3333333333333333,0.12836297,0.35047630036666666
ZFAND2B,0.75,3,1,0.3333333333333333,0.57006204,0.5204689821772767
ZGPAT,0.75,3,1,0.3333333333333333,0.13320914,0.35085649699558896
ZIC4,0.75,3,1,0.3333333333333333,0.23624766,0.40834576448700005
ZKSCAN7,0.75,3,1,0.3333333333333333,0.49118266,0.49535932633333335
ZNF18,0.75,3,1,0.3333333333333333,3.5752066e-05,0.3305212658666667
ZNF180,0.75,3,1,0.3333333333333333,0.16211939,0.36809746
ZNF189,0.75,3,1,0.3333333333333333,0.52596927,0.5061705847000001
ZNF300,0.75,3,1,0.3333333333333333,0.027255908,0.32331854085666667
ZNF384,0.75,3,1,0.3333333333333333,0.6146817,0.5699544666666666
ZNF430,0.75,3,1,0.3333333333333333,0.3536852,0.5236261133333333
ZNF442,0.75,3,1,0.3333333333333333,0.5984067,0.7003651333333334
ZNF461,0.75,3,1,0.3333333333333333,0.36346143,0.44857871466666666
ZNF527,0.75,3,1,0.3333333333333333,0.41065317,0.5302765500000001
ZNF557,0.75,3,1,0.3333333333333333,0.075555295,0.35582939476666664
ZNF564,0.75,3,1,0.3333333333333333,0.73788786,0.5773372773666666
ZNF583,0.75,3,1,0.3333333333333333,0.004634001,0.3319736719333333
ZNF597,0.75,3,1,0.3333333333333333,0.4583782,0.48327690913933335
ZNF611,0.75,3,1,0.3333333333333333,0.3376376,0.5174319766666666
ZNF619,0.75,3,1,0.3333333333333333,0.13387942,0.37260054975100004
ZNF641,0.75,3,1,0.3333333333333333,0.4801597,0.5906789333333333
ZNF76,0.75,3,1,0.3333333333333333,0.6540864,0.7507060499999999
ZNF787,0.75,3,1,0.3333333333333333,0.69101113,0.5569300043023334
ZRANB3,0.75,3,1,0.3333333333333333,0.0009718715,0.33067694852333335
ZSWIM2,0.75,3,1,0.3333333333333333,0.44215402,0.47940042
ZXDA,0.75,3,1,0.3333333333333333,0.41555676,0.5443166433333334
ABCC2,0.75,4,1,0.25,0.42816115499999996,0.4615094131775
ACAP1,0.75,4,1,0.25,0.08491871699999999,0.29027283217042504
ACOT12,0.75,4,1,0.25,0.67376262,0.59057019325
ACOXL,0.75,4,1,0.25,0.38461188999999996,0.42632116922249996
ADAMTS14,0.75,4,1,0.25,1.38495806932e-07,0.22790159424809114
ADD1,0.75,4,1,0.25,0.5041976,0.4988316349728412
ADGRA2,0.75,4,1,0.25,0.18807659,0.3327057475454155
ADGRB2,0.75,4,1,0.25,0.16558244852929999,0.3306343150443775
ADORA1,0.75,4,1,0.25,0.32801721,0.413357055075
ADRA2C,0.75,4,1,0.25,1.7600930999999998e-07,0.241492638004761
AIPL1,0.75,4,1,0.25,5.245846727e-05,0.2117322792349491
ANAPC4,0.75,4,1,0.25,0.7467481499999999,0.58590918801
ANKIB1,0.75,4,1,0.25,0.07225957756315,0.2808736798115075
ANKRD28,0.75,4,1,0.25,0.0020566474,0.24693772370465425
ANKS4B,0.75,4,1,0.25,0.00425409555,0.25039133565
AP2A1,0.75,4,1,0.25,0.0709978009293719,0.2833507004789692
APAF1,0.75,4,1,0.25,0.1497494875,0.30029166915488753
ARHGEF10,0.75,4,1,0.25,0.62465975,0.56024328935
ARHGEF17,0.75,4,1,0.25,0.488075885,0.48977556743888
ARID1B,0.75,4,1,0.25,0.33328130175,0.4088744517125
ARID4A,0.75,4,1,0.25,0.44317537500000004,0.46290700043554484
ARNT2,0.75,4,1,0.25,0.4833601,0.489916870425
ARSI,0.75,4,1,0.25,0.6367944999999999,0.6039666025
ATP1A3,0.75,4,1,0.25,0.244036748,0.36867191346671
BCKDHB,0.75,4,1,0.25,0.032533885835,0.26050824506042497
BDKRB2,0.75,4,1,0.25,0.3137195205,0.36722008570686604
BRINP1,0.75,4,1,0.25,0.16098402,0.314064947757554
BTRC,0.75,4,1,0.25,5.6749741499999996e-09,0.21500822785007298
C12orf4,0.75,4,1,0.25,0.307030365,0.4229078025
C16orf70,0.75,4,1,0.25,0.014274874340066,0.21313508766795156
C2CD5,0.75,4,1,0.25,0.42726113,0.5159517725
C3orf38,0.75,4,1,0.25,0.002713169461,0.24919562170175
CALCOCO2,0.75,4,1,0.25,0.301731725,0.391528736125
CAPS2,0.75,4,1,0.25,0.5760883400000001,0.588977795
CCDC88C,0.75,4,1,0.25,0.26631333354505005,0.38036094446108126
CCNF,0.75,4,1,0.25,0.126585985375,0.3112617540025
CD300A,0.75,4,1,0.25,0.48157188500000003,0.53103576
CD38,0.75,4,1,0.25,0.3815724065,0.41054574656000004
CD93,0.75,4,1,0.25,0.33742447665,0.41279575174500005
CDC42EP4,0.75,4,1,0.25,0.19102644000000002,0.3182162304022151
CEP55,0.75,4,1,0.25,0.335498196936305,0.41142048770387096
CEP57L1,0.75,4,1,0.25,0.0042476716,0.239924167363525
CETP,0.75,4,1,0.25,0.619856075,0.56745729625
CFHR2,0.75,4,1,0.25,0.39260071,0.4300690125
CHST15,0.75,4,1,0.25,0.0154705325,0.20155424959350002
CLCC1,0.75,4,1,0.25,0.46391020000000005,0.481745866
CLCN6,0.75,4,1,0.25,0.5439935,0.54097125
CNKSR2,0.75,4,1,0.25,0.70335258,0.557809114955
COPB1,0.75,4,1,0.25,0.151440935,0.323589397415475
CREB3L1,0.75,4,1,0.25,0.0228222722753285,0.20590788614580954
CSH2,0.75,4,1,0.25,0.215945365,0.3558495332966465
CSNK1G1,0.75,4,1,0.25,0.15840637,0.28298377025
CSTF1,0.75,4,1,0.25,0.43698706,0.509607815
CTBP1,0.75,4,1,0.25,0.49114431999999997,0.49163886015699976
CTSE,0.75,4,1,0.25,0.26777096,0.38195055116
CTSG,0.75,4,1,0.25,0.45220382,0.5124546675
CTSS,0.75,4,1,0.25,0.300993115,0.398325191819075
DAB2,0.75,4,1,0.25,0.45686205999999996,0.538374205
DBF4B,0.75,4,1,0.25,0.449082695,0.5115624775
DCAF5,0.75,4,1,0.25,0.17508434182750002,0.3336825725320201
DCLRE1B,0.75,4,1,0.25,0.61780998,0.55853448025
DENND4B,0.75,4,1,0.25,0.234627000879505,0.3651480004540211
DENND4C,0.75,4,1,0.25,0.08133292344649999,0.27368298676366143
DRICH1,0.75,4,1,0.25,0.48559212500000004,0.567263655
DROSHA,0.75,4,1,0.25,0.3071928544,0.3963872641245
DTX4,0.75,4,1,0.25,0.6150047000000001,0.55583444325
EFTUD2,0.75,4,1,0.25,0.441655045,0.46276262253238865
EGR3,0.75,4,1,0.25,0.15064171499999998,0.3233028401
ELMOD3,0.75,4,1,0.25,0.631483815,0.578460235
ENO3,0.75,4,1,0.25,0.43730096500000004,0.543750615
ENPP6,0.75,4,1,0.25,0.31599863,0.4665894875
EPHX4,0.75,4,1,0.25,0.1570625434,0.31058203502384174
ERICH6,0.75,4,1,0.25,0.506368485,0.5691193425
ERP27,0.75,4,1,0.25,0.42924941000000005,0.44736421875
ESRRB,0.75,4,1,0.25,0.070436658325,0.28309004215525
ESX1,0.75,4,1,0.25,0.17553484930000002,0.3334041121501103
FADS3,0.75,4,1,0.25,0.30133978035008496,0.3976875477637908
FAF1,0.75,4,1,0.25,0.27442118,0.372709927593424
FAM13C,0.75,4,1,0.25,0.21038457209165498,0.328015951720863
FAM234A,0.75,4,1,0.25,0.312271905,0.3600956527415785
FGD4,0.75,4,1,0.25,0.3335987005,0.4146594671445
FGF20,0.75,4,1,0.25,0.05938678190418,0.26203864327369447
FKBP8,0.75,4,1,0.25,0.4675382,0.4640749771836
FOXR1,0.75,4,1,0.25,0.6438501000000001,0.5590217588749999
FZD10,0.75,4,1,0.25,0.377405175,0.423894660675
FZD4,0.75,4,1,0.25,0.03913148535,0.2670781676751971
GAB2,0.75,4,1,0.25,0.5093592650000001,0.5952421075
GALNT9,0.75,4,1,0.25,0.17151917,0.35802062500000004
GAPDHS,0.75,4,1,0.25,0.1666515325,0.32718691625339985
GDF2,0.75,4,1,0.25,0.22200808386350002,0.3291538532757891
GGTLC1,0.75,4,1,0.25,0.568725475,0.5885584975
GIPC3,0.75,4,1,0.25,0.18078067309999998,0.321056636394
GM2A,0.75,4,1,0.25,0.012627996499999999,0.245787900325
GNAS,0.75,4,1,0.25,0.00862223435,0.2435927444385
GRHL2,0.75,4,1,0.25,0.390143975,0.4325335989
GTSE1,0.75,4,1,0.25,0.14799679,0.3162090950834504
GUCY2F,0.75,4,1,0.25,0.6514012650000001,0.5567353625525
HIP1R,0.75,4,1,0.25,0.24627337475,0.3577402273776298
HMGCS1,0.75,4,1,0.25,0.45582124999999996,0.4764309928
HP1BP3,0.75,4,1,0.25,0.16734134650000002,0.29501086100669
HTR4,0.75,4,1,0.25,0.581200865,0.53864226425
IDO1,0.75,4,1,0.25,0.02328899941,0.259443990713335
IGHM,0.75,4,1,0.25,0.047075716275,0.255195263382246
IL22,0.75,4,1,0.25,0.54691294,0.4926091735
INPP1,0.75,4,1,0.25,0.44922825,0.454100575
INPP5J,0.75,4,1,0.25,0.098969016373725,0.2973041581869122
IQGAP3,0.75,4,1,0.25,0.6099322300000001,0.652466115
ITIH3,0.75,4,1,0.25,0.277584705,0.38784380825
KCNN4,0.75,4,1,0.25,0.25805157,0.34828092050000004
KCNQ4,0.75,4,1,0.25,0.0001612692165,0.20139979869240002
KCNS1,0.75,4,1,0.25,0.004005406002476729,0.23266336550140998
KIAA1586,0.75,4,1,0.25,0.41407962,0.45308163175
KIRREL3,0.75,4,1,0.25,0.031098218349999998,0.20971716185759925
KLB,0.75,4,1,0.25,0.24636180000000002,0.41184287
KLHL4,0.75,4,1,0.25,0.32435236084525004,0.399531941241069
KLHL40,0.75,4,1,0.25,0.0022480458975999997,0.241541320066375
KNG1,0.75,4,1,0.25,0.208328765,0.3467360553
KNSTRN,0.75,4,1,0.25,0.31843006596463336,0.4041140330011779
KRT20,0.75,4,1,0.25,0.446031085,0.46433433749999997
KRTAP12-3,0.75,4,1,0.25,0.43917198,0.525752335
LAS1L,0.75,4,1,0.25,0.47029616,0.48788046075
LBR,0.75,4,1,0.25,0.6920202,0.5853230535
LEFTY1,0.75,4,1,0.25,0.331495833,0.41150415643626703
LGALS12,0.75,4,1,0.25,0.046693048,0.27177620855
LGI3,0.75,4,1,0.25,0.590486225,0.5430673878891019
LIMCH1,0.75,4,1,0.25,0.530977415,0.509127105305569
LINGO1,0.75,4,1,0.25,0.362088218,0.4222448662104325
LMX1A,0.75,4,1,0.25,0.123221875,0.31226589250000003
LONRF2,0.75,4,1,0.25,0.0311999419,0.22380682297024998
LRRC40,0.75,4,1,0.25,0.5241057,0.510212013125
LRRC4C,0.75,4,1,0.25,0.5598155,0.5250876262874999
MAGED2,0.75,4,1,0.25,3.5878980985e-07,0.24120739189490575
MAMLD1,0.75,4,1,0.25,0.0012027099369,0.23763731496868204
MAPK7,0.75,4,1,0.25,0.00314211914,0.23187176496775
MARCHF4,0.75,4,1,0.25,0.001331046198708,0.2360915306396905
MATN2,0.75,4,1,0.25,0.0663732417,0.2810085651529709
MBTPS1,0.75,4,1,0.25,0.36357492999999996,0.476072195
MCM4,0.75,4,1,0.25,0.434688,0.45188060500000005
MCRS1,0.75,4,1,0.25,0.31971068517645496,0.37556924259576013
MGAT2,0.75,4,1,0.25,0.2447627485,0.311309115322875
MGAT5B,0.75,4,1,0.25,0.056258866426565,0.2354995282909525
MIS12,0.75,4,1,0.25,0.114512834685,0.305132453626825
MLKL,0.75,4,1,0.25,0.648604825,0.5718458977435332
MMP10,0.75,4,1,0.25,0.38995114,0.50065147
MMP17,0.75,4,1,0.25,0.44336423,0.46884415812044
MPP1,0.75,4,1,0.25,7.972085500000001e-07,0.2334423744394675
MPP4,0.75,4,1,0.25,8.285231775e-05,0.247377626197911
MSLN,0.75,4,1,0.25,0.1347643615,0.3201877195
MTMR1,0.75,4,1,0.25,0.04789020515,0.26848140712
MTMR7,0.75,4,1,0.25,0.35592300825538997,0.4253790078136205
MYH10,0.75,4,1,0.25,0.5239785450000001,0.52754276
MYO7B,0.75,4,1,0.25,0.07650655840000001,0.283587537075
NDUFV1,0.75,4,1,0.25,0.057713833500000006,0.2766485641225
NEFL,0.75,4,1,0.25,0.523038635,0.5025014202449267
NF2,0.75,4,1,0.25,0.30212431500000003,0.38591295535
NIBAN1,0.75,4,1,0.25,0.359837705,0.4251398316
NIT2,0.75,4,1,0.25,0.115941275,0.30232488225
NKAPL,0.75,4,1,0.25,0.10866181655000001,0.2997241781817785
NMRK2,0.75,4,1,0.25,0.0031339288972999997,0.24940769897390253
NOL4,0.75,4,1,0.25,0.452919735,0.513023495
NPAT,0.75,4,1,0.25,0.37107095999999995,0.45841615999999996
NPBWR1,0.75,4,1,0.25,0.30376567215,0.399599112878
NPEPPS,0.75,4,1,0.25,0.419533835,0.43791035125
NR2C1,0.75,4,1,0.25,0.386615065,0.43198035749999997
NUDT21,0.75,4,1,0.25,0.47292468,0.48431532882329253
NUF2,0.75,4,1,0.25,0.272549905,0.38403264435
OCLN,0.75,4,1,0.25,0.49032636500000004,0.5424465675
OPRM1,0.75,4,1,0.25,0.73184615,0.6453185699999999
OR10C1,0.75,4,1,0.25,0.618996205,0.60270296
OR1M1,0.75,4,1,0.25,0.124356305,0.3044033869
OR2C3,0.75,4,1,0.25,0.36215499500000004,0.4187460391275
OR4C12,0.75,4,1,0.25,0.624723795,0.57837644
OR4D6,0.75,4,1,0.25,0.60307484,0.606954515
OR4K13,0.75,4,1,0.25,0.010446145169999999,0.20068203510358107
OR51G2,0.75,4,1,0.25,0.41947362,0.492482535
OR52K2,0.75,4,1,0.25,0.28829678,0.37377594717499246
OR6F1,0.75,4,1,0.25,0.0161465915,0.229420390906275
OR8D1,0.75,4,1,0.25,0.19411649,0.36953886
OR8S1,0.75,4,1,0.25,0.1294062455,0.31258390164824995
OSBPL10,0.75,4,1,0.25,0.13566145000000002,0.312282442473125
PARGP1,0.75,4,1,0.25,0.3193521305,0.401308917125
PAX8,0.75,4,1,0.25,1.385364648e-05,0.24262131439923548
PCID2,0.75,4,1,0.25,0.522363015,0.500378497675
PDZD3,0.75,4,1,0.25,0.20826327353000001,0.33220283915903526
PDZD4,0.75,4,1,0.25,0.000254216735,0.216293920693415
PEG10,0.75,4,1,0.25,0.246536345,0.367867297299345
PEX10,0.75,4,1,0.25,0.15693031505694596,0.31995559504049864
PGPEP1L,0.75,4,1,0.25,0.43457745999999997,0.5250645775
PIAS2,0.75,4,1,0.25,0.387792415,0.42026208675
PLAGL2,0.75,4,1,0.25,0.60616094,0.5509251715098876
PLEKHA6,0.75,4,1,0.25,0.18534142,0.31755090121248497
PLEKHG3,0.75,4,1,0.25,0.039466434411,0.2676054251809525
PLEKHS1,0.75,4,1,0.25,0.21357195112433,0.35461590422511025
PLXDC1,0.75,4,1,0.25,0.21398773945,0.35483582241749995
PLXNA1,0.75,4,1,0.25,0.38845405,0.4398062650146225
PNMA3,0.75,4,1,0.25,0.313714007,0.40398670350037424
POP1,0.75,4,1,0.25,0.492807015,0.532684955
PPFIBP1,0.75,4,1,0.25,0.56650272,0.568865155
PPIL2,0.75,4,1,0.25,2.7604125225e-08,0.24784168880518972
PRDM13,0.75,4,1,0.25,0.18933384004999998,0.33822770455254253
PRDM16,0.75,4,1,0.25,0.370950745,0.43334554774247225
PRKACA,0.75,4,1,0.25,0.11162348514065,0.2780061514797965
PRKACG,0.75,4,1,0.25,0.0005625012500000001,0.248103877615675
PROX2,0.75,4,1,0.25,0.14864813999999998,0.32218716443783746
PTPN14,0.75,4,1,0.25,0.14567823,0.320684932437325
RABGGTA,0.75,4,1,0.25,0.24405719113656,0.36434084593863847
RALGPS2,0.75,4,1,0.25,0.14982655884999999,0.306031886475
RAVER1,0.75,4,1,0.25,0.050749622495,0.25825114881075
RIMS1,0.75,4,1,0.25,0.3045513815,0.39979766601173183
RIOK1,0.75,4,1,0.25,0.42538306,0.5023833875
RNF130,0.75,4,1,0.25,0.10660021935,0.29771129902500004
RPS6KL1,0.75,4,1,0.25,0.080273691865,0.27476186491800003
RSPO1,0.75,4,1,0.25,0.62509135,0.6176228025
RTF2,0.75,4,1,0.25,0.466166065,0.48089496086938877
RTN2,0.75,4,1,0.25,0.43514023,0.50243183
RTP1,0.75,4,1,0.25,0.16803287,0.329754236955425
SCAF1,0.75,4,1,0.25,0.002157871837666,0.2475866709730061
SCTR,0.75,4,1,0.25,0.0002065347895,0.2395033174255817
SEMA4B,0.75,4,1,0.25,0.31446076300000003,0.390213476
SEPHS1,0.75,4,1,0.25,0.253860857631,0.37479421529362755
SEPTIN11,0.75,4,1,0.25,0.60375145,0.6126356900000001
SERPINA12,0.75,4,1,0.25,7.14651745e-05,0.24785355018217123
SERPINB1,0.75,4,1,0.25,0.643869195,0.5697823325175723
SERPINC1,0.75,4,1,0.25,0.251191088,0.3956967775
SERTAD2,0.75,4,1,0.25,0.32862586875,0.38514952010000003
SH2D4B,0.75,4,1,0.25,0.03065831495,0.234329974975015
SH3BP5,0.75,4,1,0.25,0.232925048315885,0.3566940758986057
SLC15A1,0.75,4,1,0.25,0.00585679225947,0.21207932148939082
SLC18A2,0.75,4,1,0.25,0.57491431,0.5350797051035199
SLC24A1,0.75,4,1,0.25,0.51036773,0.5609730875
SLC26A11,0.75,4,1,0.25,0.301878705,0.38159698045378154
SLC32A1,0.75,4,1,0.25,0.61665275,0.582591585
SLC36A1,0.75,4,1,0.25,0.565472825,0.52678963905
SLC41A1,0.75,4,1,0.25,0.11460190323265951,0.3026151916207507
SLC5A1,0.75,4,1,0.25,0.50599572,0.48082200031
SLC7A3,0.75,4,1,0.25,7.000868967015001e-05,0.24780663950287982
SLC9A6,0.75,4,1,0.25,0.6119475999999999,0.5515862526549999
SMTN,0.75,4,1,0.25,0.0016474423932564,0.22657933869718555
SMYD5,0.75,4,1,0.25,0.12196195962499999,0.3053361322323
SPACA1,0.75,4,1,0.25,0.270673307547,0.3771028256671275
SSR2,0.75,4,1,0.25,0.274437445,0.39398548499999997
STAT6,0.75,4,1,0.25,0.42862863500000004,0.5028792025
STK36,0.75,4,1,0.25,0.52269992,0.488477759375
STOML3,0.75,4,1,0.25,0.0495523583785915,0.27215171329323073
STOX1,0.75,4,1,0.25,0.56996295,0.5326498520518163
STRN3,0.75,4,1,0.25,0.6060362,0.550649237925
TAF6L,0.75,4,1,0.25,0.317833725,0.42566430250000004
TAP2,0.75,4,1,0.25,0.326851435,0.40661794367500004
TARBP1,0.75,4,1,0.25,0.42504829,0.461336931075
TARS3,0.75,4,1,0.25,0.3544828,0.424506338625
TAX1BP1,0.75,4,1,0.25,0.369290265,0.43277626464999996
TBX21,0.75,4,1,0.25,0.017115529071499998,0.2563960464359625
TCEA1,0.75,4,1,0.25,0.23543180355299997,0.361731829082117
TECPR1,0.75,4,1,0.25,4.0547971934e-05,0.23629272504887308
TFCP2L1,0.75,4,1,0.25,9.179923141999999e-05,0.20827006219602467
TGFBR3,0.75,4,1,0.25,0.32260623499999996,0.41762453
TM9SF2,0.75,4,1,0.25,0.09657913,0.29633862461
TMEM255B,0.75,4,1,0.25,0.340295525,0.4084532501
TMEM26,0.75,4,1,0.25,4.0109369e-06,0.24392575994304175
TMEM30A,0.75,4,1,0.25,0.33446540799999996,0.41091917501249997
TMF1,0.75,4,1,0.25,0.21587466149999998,0.35127233760918597
TPRG1,0.75,4,1,0.25,0.1604596697,0.3275243878575
TRIM26,0.75,4,1,0.25,0.205746285,0.35055649141064
TRMT1L,0.75,4,1,0.25,0.380338735,0.43635619433177497
TUBA1A,0.75,4,1,0.25,0.370837645,0.5129704125
TUBB7P,0.75,4,1,0.25,0.0796200249,0.28687716245337364
TUBG1,0.75,4,1,0.25,0.1744856615,0.3208540717825
TUBGCP5,0.75,4,1,0.25,0.001230927151155,0.224551383127018
ULK1,0.75,4,1,0.25,1.72932135e-05,0.23272127391973152
USP1,0.75,4,1,0.25,0.5096515699999999,0.5282821535
USP6NL,0.75,4,1,0.25,0.3027125537,0.395031528434499
UTP15,0.75,4,1,0.25,0.563685185,0.609899985
UVRAG,0.75,4,1,0.25,0.62995653,0.60862991
VPS39,0.75,4,1,0.25,0.33115894,0.43089508
WIPI1,0.75,4,1,0.25,0.323534785,0.43833373
XPNPEP1,0.75,4,1,0.25,0.0469818554614,0.27133936745799203
YWHAE,0.75,4,1,0.25,0.436857635,0.4663335285975
ZC3H18,0.75,4,1,0.25,0.006383430799999999,0.250882499121025
ZC3H3,0.75,4,1,0.25,0.33123198,0.41345676983012497
ZFR2,0.75,4,1,0.25,0.04467322705,0.2622527398182179
ZFX,0.75,4,1,0.25,0.01573514200390201,0.246386881002305
ZKSCAN2,0.75,4,1,0.25,0.51948515,0.507831903725
ZMIZ1,0.75,4,1,0.25,0.0010307732115,0.23216697663311062
ZMYND11,0.75,4,1,0.25,0.221270991,0.358478068601
ZNF235,0.75,4,1,0.25,0.31240482999999997,0.4343830875
ZNF283,0.75,4,1,0.25,0.34560525,0.41712456110249996
ZNF33A,0.75,4,1,0.25,0.5595914399999999,0.52763198548685
ZNF341,0.75,4,1,0.25,0.0884382935,0.29157590361675
ZNF37A,0.75,4,1,0.25,0.128936040839,0.31233434559751
ZNF443,0.75,4,1,0.25,0.41705651,0.45625854040930003
ZNF592,0.75,4,1,0.25,0.2458068425835,0.3707591493616
ZNF792,0.75,4,1,0.25,0.189734105,0.34782539825
ZNF883,0.75,4,1,0.25,0.32192047418,0.39134397190125003
ZSCAN10,0.75,4,1,0.25,0.387964425,0.460008711
A4GALT,0.75,5,1,0.2,0.057377342,0.29010388081156
ABCF3,0.75,5,1,0.2,0.00013309902,0.1708561268028
ACTL8,0.75,5,1,0.2,0.3898316,0.3976428597901371
ADAMTS5,0.75,5,1,0.2,0.43791324,0.4331947862227544
AHDC1,0.75,5,1,0.2,0.3971942,0.4424378600005109
AICDA,0.75,5,1,0.2,0.3291736,0.35651113403285545
ALDH1A3,0.75,5,1,0.2,0.37837163,0.47509299
AMHR2,0.75,5,1,0.2,0.30379745,0.3674500824429952
AOX1,0.75,5,1,0.2,0.4528688,0.414741045252
ARHGEF7,0.75,5,1,0.2,2.0048172e-07,0.19825101583959864
ASB2,0.75,5,1,0.2,0.25772992,0.29108677136189
AVPR1B,0.75,5,1,0.2,0.1388378,0.2682484345664763
BCHE,0.75,5,1,0.2,0.61615837,0.642847074
BMPER,0.75,5,1,0.2,0.5637398,0.540880446
C1S,0.75,5,1,0.2,0.5678928,0.53996525398
CABP1,0.75,5,1,0.2,0.3924777,0.4266491130940075
CDC5L,0.75,5,1,0.2,0.66683316,0.549873943186
CDH15,0.75,5,1,0.2,1.5246976e-06,0.19362776369551882
CDH19,0.75,5,1,0.2,0.00041603833,0.20034706021177923
CEMIP,0.75,5,1,0.2,0.48290247,0.44355306910000003
CHML,0.75,5,1,0.2,0.11921048,0.35666837240000004
CHRNB2,0.75,5,1,0.2,0.3939038,0.47425664
CNTNAP4,0.75,5,1,0.2,0.03530825,0.21555143155120002
COL18A1,0.75,5,1,0.2,2.0817814e-07,0.23366456164968213
CORO7,0.75,5,1,0.2,0.4086288,0.4312772924428
DDX23,0.75,5,1,0.2,0.2560437,0.3933573604
DNM1P46,0.75,5,1,0.2,7.257166e-07,0.258519271365119
EIF3A,0.75,5,1,0.2,0.53552043,0.5178374267558
ENG,0.75,5,1,0.2,1.2051685e-05,0.206255351240256
EOMES,0.75,5,1,0.2,0.13816959,0.33712577518914955
ERCC1,0.75,5,1,0.2,0.45504168,0.4092222180986
ESYT1,0.75,5,1,0.2,0.18685085,0.32852566697354
FBXO43,0.75,5,1,0.2,0.6473628,0.542084598
FERD3L,0.75,5,1,0.2,0.044183422,0.2343625553818
FOSL2,0.75,5,1,0.2,0.0039729923,0.2015270860695761
FTMT,0.75,5,1,0.2,0.5391757,0.4159743683293188
GABRP,0.75,5,1,0.2,0.6723934,0.58674222009401
GAREM1,0.75,5,1,0.2,0.67591035,0.660614126
GART,0.75,5,1,0.2,0.2761509,0.353237604
GPAM,0.75,5,1,0.2,0.011387887,0.23308246305914002
GPR174,0.75,5,1,0.2,0.14126444,0.33598470943199
GPR78,0.75,5,1,0.2,1.8582264e-09,0.19233409080996955
GRIN3A,0.75,5,1,0.2,0.0007091545,0.3248220756909826
HECA,0.75,5,1,0.2,0.15265115,0.35952504252238837
IFT172,0.75,5,1,0.2,0.6264824,0.4956111079
INPP5B,0.75,5,1,0.2,0.20678891,0.40120321919999996
INSC,0.75,5,1,0.2,0.41268152,0.43544987919199996
IRF4,0.75,5,1,0.2,0.54936874,0.45829809814239547
ITIH2,0.75,5,1,0.2,0.3532726,0.40761361200824203
KANK4,0.75,5,1,0.2,0.48443788,0.456796688
KCNA10,0.75,5,1,0.2,0.26126844,0.36058103118
KCNH4,0.75,5,1,0.2,0.008013168,0.22866347510410798
KCNQ1,0.75,5,1,0.2,0.011039893,0.21168726804550803
KRT37,0.75,5,1,0.2,0.52215713,0.645156326
LATS2,0.75,5,1,0.2,0.00023291612,0.32852059114534404
LCK,0.75,5,1,0.2,0.562846,0.611206076
LRRC3B,0.75,5,1,0.2,0.5072964,0.469735834
MAGEB18,0.75,5,1,0.2,0.00018704274,0.19847074790832944
MAGEC3,0.75,5,1,0.2,5.181441e-07,0.19640052746140008
MAP3K20,0.75,5,1,0.2,2.6597823e-05,0.19252375062504157
MCM2,0.75,5,1,0.2,0.5454581,0.504002164
MDM1,0.75,5,1,0.2,0.22111022,0.40833510262
MED23,0.75,5,1,0.2,0.0023242326,0.2035662215002
MLLT6,0.75,5,1,0.2,0.04638774,0.30825972726
MYBPC3,0.75,5,1,0.2,0.002661462,0.22219751636035298
N4BP3,0.75,5,1,0.2,0.5700442,0.4162489059687199
NAF1,0.75,5,1,0.2,0.15205534,0.276451329440486
NCKAP5,0.75,5,1,0.2,0.2809063,0.3149100909197886
NEMF,0.75,5,1,0.2,2.5998206e-05,0.1986391417720241
NGF,0.75,5,1,0.2,0.3411597,0.37952885689140003
NID1,0.75,5,1,0.2,0.5153031,0.5043647008
NOC2L,0.75,5,1,0.2,1.401669e-07,0.31712307808306694
NPFFR2,0.75,5,1,0.2,0.5678476,0.639256836
NPHP4,0.75,5,1,0.2,4.343389e-06,0.2866863779756483
NR2C2,0.75,5,1,0.2,0.05687592,0.3022110200377475
NRAS,0.75,5,1,0.2,0.21744326,0.362828882644828
NT5C1A,0.75,5,1,0.2,0.0003860636,0.32876265087534245
NXPE4,0.75,5,1,0.2,0.26685226,0.3666207006
OGA,0.75,5,1,0.2,0.3755728,0.346432405062404
OR51T1,0.75,5,1,0.2,0.5176394,0.41901325851489135
OR5AN1,0.75,5,1,0.2,0.4574937,0.5095521599999999
OTOL1,0.75,5,1,0.2,0.17270708,0.382320110656
OXSM,0.75,5,1,0.2,0.66010463,0.644675758
P4HTM,0.75,5,1,0.2,1.6914823e-06,0.19803795057291404
PCMTD2,0.75,5,1,0.2,0.27116722,0.35323875866140214
PHACTR4,0.75,5,1,0.2,0.437961,0.35162442148267686
PIGV,0.75,5,1,0.2,0.6326651,0.45024064700000005
PIK3R2,0.75,5,1,0.2,1.198897e-08,0.19427882054714227
PLA2G3,0.75,5,1,0.2,0.082036436,0.3329764861291868
PLCB3,0.75,5,1,0.2,6.034653e-07,0.17485750983444454
PLXND1,0.75,5,1,0.2,5.570618e-07,0.20746661500585292
PPP2R5D,0.75,5,1,0.2,0.20691438,0.3429344087476111
PRPS2,0.75,5,1,0.2,2.6984265e-10,0.1873855483264205
PXN,0.75,5,1,0.2,0.06351636,0.32358557903860274
RANBP10,0.75,5,1,0.2,0.5384165,0.4900601668499454
RBMXL1,0.75,5,1,0.2,0.30083326,0.35629073928189803
REEP2,0.75,5,1,0.2,0.24824747,0.416024
RIC1,0.75,5,1,0.2,0.2629369,0.381897285994
RMDN2,0.75,5,1,0.2,0.2682719,0.3657567168
RMND5A,0.75,5,1,0.2,0.0024784,0.22111754024299998
ROBO2,0.75,5,1,0.2,0.27412406,0.42255962195999996
SERPINA7,0.75,5,1,0.2,2.5817953e-10,0.1953463986046959
SH3TC1,0.75,5,1,0.2,0.39662546,0.413980011524
SKOR1,0.75,5,1,0.2,0.00038336104,0.320031627254016
SLAMF6,0.75,5,1,0.2,0.18775086,0.329362756126
SLC35F5,0.75,5,1,0.2,0.0018844419,0.27526980783480004
SLK,0.75,5,1,0.2,0.15232223,0.30539113739725643
SNAP25,0.75,5,1,0.2,0.27552894,0.29596982188553783
SOHLH1,0.75,5,1,0.2,0.0005744406,0.19683026684978802
SP2,0.75,5,1,0.2,0.10927042,0.32412595065
SRL,0.75,5,1,0.2,0.00080517936,0.24406029252392702
SYN3,0.75,5,1,0.2,0.14028017,0.24246991246162164
TACSTD2,0.75,5,1,0.2,2.7510367e-08,0.2100489051167192
TBC1D12,0.75,5,1,0.2,1.9184272e-09,0.3108412723897248
TDRD5,0.75,5,1,0.2,0.20112611,0.3181737902
TEKT5,0.75,5,1,0.2,0.45883295,0.503096666
TGFBRAP1,0.75,5,1,0.2,0.03450263,0.3512053870001911
TMEM183B,0.75,5,1,0.2,1.416769e-08,0.21333220035057474
TNRC6B,0.75,5,1,0.2,0.23598251,0.35489411415981753
TNS1,0.75,5,1,0.2,0.4800922,0.3927986323321644
TRPM5,0.75,5,1,0.2,6.480874e-06,0.2500242944097102
TUBGCP6,0.75,5,1,0.2,0.07108847,0.28653779782681466
UGT2B11,0.75,5,1,0.2,0.17673622,0.40489626869999995
UGT2B15,0.75,5,1,0.2,0.00096035434,0.326841013695982
UGT3A1,0.75,5,1,0.2,0.61642766,0.42574585720440006
USP11,0.75,5,1,0.2,0.5288879,0.43866820697544673
VSIG10,0.75,5,1,0.2,0.026758322,0.34812731834
YEATS2,0.75,5,1,0.2,0.33237615,0.4053175228
ZBTB33,0.75,5,1,0.2,0.45835054,0.432589566614
ZKSCAN4,0.75,5,1,0.2,0.46147874,0.45551999260000003
ZNF699,0.75,5,1,0.2,0.67514336,0.46549887407999996
ACTL7B,0.75,6,1,0.16666666666666666,0.05599164499999999,0.28449429768333334
ADGRL3,0.75,6,1,0.16666666666666666,0.25856089,0.3346377105473333
AEBP1,0.75,6,1,0.16666666666666666,0.1501445,0.3284415724665333
ATN1,0.75,6,1,0.16666666666666666,0.1327421675,0.2688585736400833
ATP13A4,0.75,6,1,0.16666666666666666,0.0070022933,0.17162616076631665
CANT1,0.75,6,1,0.16666666666666666,0.035094552183,0.26394790800140555
CD55,0.75,6,1,0.16666666666666666,0.15272059500000001,0.308182279
CLEC14A,0.75,6,1,0.16666666666666666,0.132863405,0.2716394101384583
CNKSR1,0.75,6,1,0.16666666666666666,0.087822903,0.24222155341148474
CNTLN,0.75,6,1,0.16666666666666666,0.40667148,0.4017724951815045
COLQ,0.75,6,1,0.16666666666666666,0.20061266,0.3163930600266667
CRYBG2,0.75,6,1,0.16666666666666666,0.10151431449000001,0.283597483890124
CTBP2,0.75,6,1,0.16666666666666666,0.330924365,0.34622718170184413
DDX60L,0.75,6,1,0.16666666666666666,0.021977575200000002,0.21064955271435
DEPDC5,0.75,6,1,0.16666666666666666,0.3620306625,0.39842778092177517
DPPA2,0.75,6,1,0.16666666666666666,0.098576935,0.2504334011666667
EML1,0.75,6,1,0.16666666666666666,0.044561500000000004,0.25925432289957334
ERCC6,0.75,6,1,0.16666666666666666,0.0167563945,0.2395265103141667
FAM83G,0.75,6,1,0.16666666666666666,0.048919907,0.2795472297343972
FOXP3,0.75,6,1,0.16666666666666666,0.105907534053777,0.29624421801793627
HSPA12A,0.75,6,1,0.16666666666666666,0.019596453990000002,0.1760038076076441
IFT140,0.75,6,1,0.16666666666666666,0.23070002750000002,0.3239819980288646
IRAG1,0.75,6,1,0.16666666666666666,0.30550166,0.36111167964191965
IRS1,0.75,6,1,0.16666666666666666,0.257558925,0.34837443519701367
ITGA11,0.75,6,1,0.16666666666666666,1.5309585334999998e-08,0.14899941118885687
KCNMA1,0.75,6,1,0.16666666666666666,1.2191124799999999e-07,0.1677951924552372
KNTC1,0.75,6,1,0.16666666666666666,0.02985330328,0.251574571950555
MTA1,0.75,6,1,0.16666666666666666,0.0006804280000000001,0.16731613974226656
NOL8,0.75,6,1,0.16666666666666666,0.002514370955,0.18682473715061934
OXSR1,0.75,6,1,0.16666666666666666,0.00342920755,0.17704011809833334
PCDH9,0.75,6,1,0.16666666666666666,0.42671327000000003,0.4637455816666667
PDS5A,0.75,6,1,0.16666666666666666,0.00597227365,0.18108917418258766
PRDM5,0.75,6,1,0.16666666666666666,0.42534842,0.4657981916666667
PRG4,0.75,6,1,0.16666666666666666,0.277338535,0.3798105256666666
PTCHD3,0.75,6,1,0.16666666666666666,5.3130744e-10,0.20631867684537078
RAI2,0.75,6,1,0.16666666666666666,0.59062402,0.50736124549181
RTL9,0.75,6,1,0.16666666666666666,0.06405952519152501,0.21038669173184324
SCN4A,0.75,6,1,0.16666666666666666,0.10842791399999999,0.27269902989476247
SH3BP4,0.75,6,1,0.16666666666666666,0.29001628999999995,0.3577761399796749
SIRPB1,0.75,6,1,0.16666666666666666,0.48261023000000003,0.4693982333363684
SLC22A2,0.75,6,1,0.16666666666666666,0.14078960000000001,0.33134879025
SLX4,0.75,6,1,0.16666666666666666,0.30646351,0.37982292766666664
SORCS3,0.75,6,1,0.16666666666666666,0.00065952577,0.1666343404061987
SOX30,0.75,6,1,0.16666666666666666,0.0925284771425,0.2522806705572705
UBTF,0.75,6,1,0.16666666666666666,0.044609213995775,0.21710706801902638
VAV2,0.75,6,1,0.16666666666666666,1.26746264e-06,0.18517818901564073
WDR19,0.75,6,1,0.16666666666666666,0.121641802,0.24932752721385598
ABCA7,0.75,7,1,0.14285714285714285,0.121321805,0.3209746586384714
BNC1,0.75,7,1,0.14285714285714285,0.37835896,0.40204965201342674
CTNNA3,0.75,7,1,0.14285714285714285,0.31779897,0.39489190801428575
FBXO38,0.75,7,1,0.14285714285714285,0.13102601,0.2262755778188743
GRIK3,0.75,7,1,0.14285714285714285,0.0026602938,0.23077620015110495
IRX1,0.75,7,1,0.14285714285714285,0.13330458,0.3111778442068149
KCNT2,0.75,7,1,0.14285714285714285,0.19222198,0.34523596123748
MAGEB16,0.75,7,1,0.14285714285714285,9.6425666e-08,0.2236469352033443
MYH14,0.75,7,1,0.14285714285714285,0.17293413,0.255499831026515
NISCH,0.75,7,1,0.14285714285714285,0.0007109563,0.15385251858915197
NMBR,0.75,7,1,0.14285714285714285,0.41972184,0.39212574456544286
NXN,0.75,7,1,0.14285714285714285,0.00031889332,0.28707180693720075
NYNRIN,0.75,7,1,0.14285714285714285,0.00044675803,0.19752129336998
PC,0.75,7,1,0.14285714285714285,0.21959914,0.29649910007019403
PNPLA6,0.75,7,1,0.14285714285714285,0.00029947812,0.17734859178802725
SLC38A4,0.75,7,1,0.14285714285714285,0.4135759,0.46915985428571433
SRGAP1,0.75,7,1,0.14285714285714285,0.12453497,0.21132321631871
TSNARE1,0.75,7,1,0.14285714285714285,0.20883396,0.40467000963585714
U2SURP,0.75,7,1,0.14285714285714285,0.0030703126,0.2243830626045419
UBE3A,0.75,7,1,0.14285714285714285,0.41920513,0.3586976403857142
A1CF,0.75,8,1,0.125,0.009651383999999999,0.22901722992563042
ARHGAP6,0.75,8,1,0.125,0.020354914800000002,0.30935905803782476
DNMBP,0.75,8,1,0.125,0.023634757250000003,0.14017818738370663
HELZ2,0.75,8,1,0.125,0.076032980505,0.20831820353332922
ITIH6,0.75,8,1,0.125,8.79668225e-05,0.20384903428692677
LINGO2,0.75,8,1,0.125,0.44407415,0.38796387905431523
PIK3R5,0.75,8,1,0.125,2.6639145499999998e-05,0.19531823631654724
SCNN1G,0.75,8,1,0.125,0.41880512999999997,0.40136002070375
SLC2A1,0.75,8,1,0.125,0.1508156025,0.3085208763798241
SLC2A14,0.75,8,1,0.125,0.393912095,0.3774196422885
FLT1,0.75,9,1,0.1111111111111111,0.17263469,0.28945170197433334
MAGEC2,0.75,9,1,0.1111111111111111,0.099167086,0.23928135348065135
MAST4,0.75,9,1,0.1111111111111111,0.0009870685,0.18446291281518723
TDRD6,0.75,9,1,0.1111111111111111,0.20981002,0.34569041089365915
ANKRD11,0.75,10,1,0.1,0.24826862,0.33680600448881
USP24,0.75,10,1,0.1,0.0006545092,0.16209233120885616
CASZ1,0.75,11,1,0.09090909090909091,0.007111402,0.14323308597648296
FAM83H,0.75,12,1,0.08333333333333333,0.0090518796,0.2822098253084926
PCDH11Y,0.75,12,1,0.08333333333333333,1.075504527e-09,0.12673949437827117
TRPC4,0.75,12,1,0.08333333333333333,0.0050484066,0.1785977295986025
A3GALT2,0.75,1,0,0.0,3.6889727e-05,3.6889727e-05
AAK1,0.75,1,0,0.0,0.0005678616,0.0005678616
AATK,0.75,2,0,0.0,9.353551802065001e-05,9.353551802065001e-05
ABCA3,0.75,4,0,0.0,0.21884098,0.250306618925
ABCG5,0.75,5,0,0.0,2.448196e-07,0.0186205737510022
ABHD16B,0.75,1,0,0.0,0.56819123,0.56819123
ABHD6,0.75,1,0,0.0,0.05317589,0.05317589
ABI1,0.75,1,0,0.0,0.26916924,0.26916924
ABITRAM,0.75,1,0,0.0,1.0859916e-06,1.0859916e-06
ABRAXAS2,0.75,3,0,0.0,3.607153e-07,0.05757224309510884
ABTB1,0.75,3,0,0.0,0.21123666,0.273358109088563
ABTB2,0.75,1,0,0.0,0.4196699,0.4196699
AC007040.2,0.75,1,0,0.0,4.1082436e-05,4.1082436e-05
AC013477.1,0.75,1,0,0.0,0.0026825976,0.0026825976
AC016747.4,0.75,1,0,0.0,9.5634e-09,9.5634e-09
AC024598.1,0.75,1,0,0.0,0.078833364,0.078833364
AC097636.1,0.75,1,0,0.0,2.5527718e-06,2.5527718e-06
AC109583.1,0.75,2,0,0.0,0.56254155,0.56254155
AC132217.2,0.75,2,0,0.0,0.199661545,0.199661545
AC134980.2,0.75,3,0,0.0,3.813002e-08,3.7614196974633337e-06
ACADSB,0.75,2,0,0.0,0.6424570000000001,0.6424570000000001
ACBD5,0.75,1,0,0.0,0.72949743,0.72949743
ACER2,0.75,2,0,0.0,0.155177611872171,0.155177611872171
ACKR1,0.75,2,0,0.0,0.0017910559,0.0017910559
ACKR4,0.75,1,0,0.0,0.5074412,0.5074412
ACO1,0.75,2,0,0.0,0.44134774,0.44134774
ACO2,0.75,2,0,0.0,0.733549515,0.733549515
ACOT11,0.75,2,0,0.0,0.11680129221300001,0.11680129221300001
ACOT2,0.75,1,0,0.0,0.021702653,0.021702653
ACR,0.75,1,0,0.0,3.027376e-08,3.027376e-08
ACSF3,0.75,1,0,0.0,0.29479912,0.29479912
ACSL1,0.75,2,0,0.0,0.17351282545,0.17351282545
ACSL6,0.75,1,0,0.0,2.7068631e-06,2.7068631e-06
ACSM3,0.75,2,0,0.0,0.470681085,0.470681085
ACTA1,0.75,1,0,0.0,0.0020497395,0.0020497395
ACTL6A,0.75,1,0,0.0,0.6210166,0.6210166
ACTL6B,0.75,1,0,0.0,0.05318357,0.05318357
ACTN3,0.75,1,0,0.0,0.61164325,0.61164325
ACTR1B,0.75,1,0,0.0,0.6025222,0.6025222
ACTR3B,0.75,1,0,0.0,0.4878728,0.4878728
ACTR6,0.75,1,0,0.0,0.66329783,0.66329783
ACTRT3,0.75,1,0,0.0,0.5135702,0.5135702
ACVR1,0.75,5,0,0.0,0.0023994413,0.0316554499458506
ACYP1,0.75,2,0,0.0,0.3488665335,0.3488665335
ADA,0.75,1,0,0.0,6.42414e-09,6.42414e-09
ADA2,0.75,2,0,0.0,0.12954762513350002,0.12954762513350002
ADAL,0.75,2,0,0.0,0.02103161655443646,0.02103161655443646
ADAM12,0.75,1,0,0.0,0.6003272,0.6003272
ADAMTS7,0.75,3,0,0.0,1.3464995e-07,1.9254814608e-06
ADAMTS8,0.75,1,0,0.0,0.65347093,0.65347093
ADAMTSL5,0.75,3,0,0.0,0.2639877,0.31148683573537433
ADAR,0.75,1,0,0.0,0.0047167083,0.0047167083
ADARB2,0.75,8,0,0.0,5.663695865e-09,0.05526616001053484
ADAT3,0.75,1,0,0.0,0.059788447,0.059788447
ADIPOQ,0.75,1,0,0.0,0.00042096808,0.00042096808
ADM2,0.75,2,0,0.0,0.31520158430116046,0.31520158430116046
ADO,0.75,1,0,0.0,4.796474e-14,4.796474e-14
ADORA2A,0.75,2,0,0.0,0.013566954000003779,0.013566954000003779
ADPRS,0.75,2,0,0.0,9.85666441e-10,9.85666441e-10
ADRA1D,0.75,1,0,0.0,2.7532558e-09,2.7532558e-09
ADRA2B,0.75,1,0,0.0,3.033983e-08,3.033983e-08
ADRB1,0.75,1,0,0.0,0.0008542719,0.0008542719
ADRB2,0.75,1,0,0.0,0.0050158952,0.0050158952
AFAP1L2,0.75,4,0,0.0,0.01161070685,0.16356292059815
AGAP4,0.75,1,0,0.0,1.1325602e-12,1.1325602e-12
AGAP7P,0.75,1,0,0.0,0.66635996,0.66635996
AGBL4,0.75,2,0,0.0,0.125806409,0.125806409
AGBL5,0.75,1,0,0.0,7.0737755e-05,7.0737755e-05
AGPAT2,0.75,1,0,0.0,0.00069827767,0.00069827767
AGPS,0.75,1,0,0.0,0.4739663,0.4739663
AGR2,0.75,1,0,0.0,0.5944353,0.5944353
AGXT,0.75,2,0,0.0,0.571405465,0.571405465
AIFM2,0.75,1,0,0.0,3.932539e-08,3.932539e-08
AIG1,0.75,1,0,0.0,2.0110667e-12,2.0110667e-12
AIM2,0.75,3,0,0.0,0.7070198,0.6812113133333333
AIMP1,0.75,1,0,0.0,3.9880644e-05,3.9880644e-05
AJAP1,0.75,1,0,0.0,0.46658465,0.46658465
AK8,0.75,1,0,0.0,0.6019479,0.6019479
AKIP1,0.75,1,0,0.0,0.05512525,0.05512525
AKR1A1,0.75,1,0,0.0,0.0739574,0.0739574
AKR1B1,0.75,1,0,0.0,0.35102868,0.35102868
AKT3,0.75,1,0,0.0,0.11549756,0.11549756
AL162417.1,0.75,1,0,0.0,3.5229013e-15,3.5229013e-15
AL441992.2,0.75,1,0,0.0,0.02962304,0.02962304
AL645933.1,0.75,1,0,0.0,0.6388544,0.6388544
AL662899.2,0.75,1,0,0.0,0.5996737,0.5996737
ALAS2,0.75,1,0,0.0,3.023452e-08,3.023452e-08
ALDH18A1,0.75,3,0,0.0,3.3252896e-08,0.05392259441815403
ALDH3A1,0.75,4,0,0.0,0.0058093455749999995,0.1604791564231
ALG12,0.75,2,0,0.0,0.433985985,0.433985985
ALG5,0.75,1,0,0.0,0.00011407028,0.00011407028
ALG6,0.75,1,0,0.0,0.07729206,0.07729206
ALKAL1,0.75,3,0,0.0,0.0019930995,0.03128327798666667
ALOX12,0.75,1,0,0.0,0.0002991816,0.0002991816
ALOX5,0.75,2,0,0.0,0.28656295,0.28656295
ALPL,0.75,2,0,0.0,0.400994285,0.400994285
ALS2CL,0.75,3,0,0.0,0.0007381833,0.003984891791425333
ALX4,0.75,5,0,0.0,0.14034809,0.21975117619889623
AMIGO1,0.75,1,0,0.0,0.008011358,0.008011358
AMMECR1,0.75,1,0,0.0,0.18031098,0.18031098
AMN,0.75,1,0,0.0,0.15276334,0.15276334
AMN1,0.75,3,0,0.0,0.18541002,0.16722350118776666
ANG,0.75,2,0,0.0,0.71474695,0.71474695
ANGPTL2,0.75,2,0,0.0,4.34202512e-07,4.34202512e-07
ANGPTL8,0.75,1,0,0.0,0.36133292,0.36133292
ANKDD1A,0.75,2,0,0.0,0.2034479110172829,0.2034479110172829
ANKK1,0.75,2,0,0.0,0.1632232319235,0.1632232319235
ANKLE1,0.75,1,0,0.0,0.5077926,0.5077926
ANKRD27,0.75,2,0,0.0,0.16549155,0.16549155
ANKRD36B,0.75,1,0,0.0,0.021057585,0.021057585
ANKRD6,0.75,1,0,0.0,0.6455065,0.6455065
ANOS1,0.75,3,0,0.0,0.0002987048,0.06519006634703715
ANP32A,0.75,1,0,0.0,0.0862896,0.0862896
ANP32E,0.75,2,0,0.0,0.24194875500000002,0.24194875500000002
ANTKMT,0.75,1,0,0.0,0.6742885,0.6742885
ANXA2,0.75,1,0,0.0,0.2925408,0.2925408
ANXA6,0.75,1,0,0.0,0.045649104,0.045649104
AP1M1,0.75,2,0,0.0,0.001203326082535,0.001203326082535
AP2A2,0.75,3,0,0.0,2.793139e-08,0.00019000967629149998
AP2M1,0.75,2,0,0.0,0.1661300719,0.1661300719
AP3B2,0.75,1,0,0.0,0.60556215,0.60556215
AP4B1,0.75,2,0,0.0,0.32821251599999995,0.32821251599999995
AP4M1,0.75,1,0,0.0,0.7414137,0.7414137
AP5B1,0.75,2,0,0.0,9.652602837000001e-05,9.652602837000001e-05
APBA2,0.75,5,0,0.0,0.23560517,0.20485008688658665
APBA3,0.75,1,0,0.0,9.553879e-10,9.553879e-10
APC2,0.75,2,0,0.0,0.0001623649109733,0.0001623649109733
APCDD1,0.75,1,0,0.0,0.40153703,0.40153703
APEH,0.75,1,0,0.0,0.6602558,0.6602558
APLF,0.75,1,0,0.0,0.15477224,0.15477224
APLN,0.75,1,0,0.0,4.809481e-11,4.809481e-11
APOA5,0.75,3,0,0.0,0.0011187904,0.07359873484333333
APOBEC3H,0.75,2,0,0.0,0.38774772,0.38774772
APOBR,0.75,3,0,0.0,4.108134e-09,1.980128331816667e-05
APOC3,0.75,1,0,0.0,0.07025006,0.07025006
APOD,0.75,1,0,0.0,0.45876852,0.45876852
APOE,0.75,1,0,0.0,5.185035e-07,5.185035e-07
APOF,0.75,3,0,0.0,0.15711689,0.16646089
APOL5,0.75,1,0,0.0,0.7107276,0.7107276
APOL6,0.75,1,0,0.0,0.45522758,0.45522758
APOO,0.75,1,0,0.0,0.623099,0.623099
AQP1,0.75,1,0,0.0,0.06780198,0.06780198
AQP2,0.75,2,0,0.0,0.00051894063395,0.00051894063395
AQP4,0.75,3,0,0.0,0.027936168,0.0612983952
AR,0.75,4,0,0.0,2.845712169065e-05,0.08913007106085065
ARAF,0.75,1,0,0.0,2.2452285e-15,2.2452285e-15
ARF5,0.75,2,0,0.0,0.4851001,0.4851001
ARFGAP1,0.75,3,0,0.0,9.047817e-09,0.19754761684305436
ARG2,0.75,1,0,0.0,0.0004179798,0.0004179798
ARHGAP19,0.75,1,0,0.0,4.51521e-08,4.51521e-08
ARHGAP27,0.75,4,0,0.0,0.269613405397075,0.29768940269855454
ARHGAP33,0.75,4,0,0.0,0.09901220499999999,0.114708139
ARHGAP39,0.75,3,0,0.0,2.305826e-09,4.781720953333334e-09
ARHGAP4,0.75,3,0,0.0,2.279223e-09,2.6632850249586332e-06
ARHGEF1,0.75,2,0,0.0,0.000848864851605,0.000848864851605
ARHGEF2,0.75,1,0,0.0,0.11246569,0.11246569
ARHGEF26,0.75,2,0,0.0,0.001328973311225,0.001328973311225
ARHGEF39,0.75,1,0,0.0,0.0156306,0.0156306
ARID3B,0.75,1,0,0.0,0.0021040116,0.0021040116
ARID3C,0.75,1,0,0.0,5.151911e-07,5.151911e-07
ARIH1,0.75,2,0,0.0,0.27174112000885425,0.27174112000885425
ARL11,0.75,2,0,0.0,0.573717275,0.573717275
ARL13B,0.75,1,0,0.0,0.31940195,0.31940195
ARL6IP5,0.75,1,0,0.0,0.0016113404,0.0016113404
ARMC5,0.75,5,0,0.0,1.947413e-06,0.2327223195843228
ARMC7,0.75,1,0,0.0,0.6830389,0.6830389
ARPP19P1,0.75,1,0,0.0,5.1338425e-08,5.1338425e-08
ARRDC5,0.75,1,0,0.0,0.6234894,0.6234894
ARSA,0.75,1,0,0.0,1.349165e-08,1.349165e-08
ARV1,0.75,1,0,0.0,0.6812298,0.6812298
AS3MT,0.75,2,0,0.0,0.07283780575,0.07283780575
ASB13,0.75,1,0,0.0,0.011730806,0.011730806
ASB18,0.75,1,0,0.0,1.2280931e-09,1.2280931e-09
ASB4,0.75,3,0,0.0,0.022510584,0.16307671095666668
ASIC1,0.75,2,0,0.0,0.01239731375,0.01239731375
ASIP,0.75,1,0,0.0,0.04588374,0.04588374
ASPDH,0.75,1,0,0.0,5.8710502e-06,5.8710502e-06
ASPG,0.75,1,0,0.0,7.200649e-07,7.200649e-07
ASPHD2,0.75,2,0,0.0,0.07041259733206949,0.07041259733206949
ASPN,0.75,1,0,0.0,0.49329576,0.49329576
ASPSCR1,0.75,1,0,0.0,1.0742335e-08,1.0742335e-08
ASS1,0.75,2,0,0.0,0.28728101887380997,0.28728101887380997
ASTN1,0.75,2,0,0.0,0.39490298,0.39490298
ASXL3,0.75,4,0,0.0,0.13188505897,0.165110975816365
ATAD1,0.75,3,0,0.0,2.42932e-07,0.05596436099140235
ATAD3B,0.75,1,0,0.0,0.0015769259,0.0015769259
ATAD3C,0.75,1,0,0.0,1.7500655e-06,1.7500655e-06
ATG9A,0.75,2,0,0.0,1.39482335e-07,1.39482335e-07
ATL2,0.75,1,0,0.0,0.0009923659,0.0009923659
ATL3,0.75,1,0,0.0,0.15268375,0.15268375
ATOX1,0.75,1,0,0.0,1.0156835e-08,1.0156835e-08
ATP11AUN,0.75,1,0,0.0,5.5662127e-05,5.5662127e-05
ATP1B4,0.75,2,0,0.0,0.348929878035,0.348929878035
ATP5F1A,0.75,2,0,0.0,0.17483373416458,0.17483373416458
ATP5ME,0.75,2,0,0.0,0.29616485895225,0.29616485895225
ATP6AP1L,0.75,1,0,0.0,0.4678255,0.4678255
ATP6V0B,0.75,1,0,0.0,0.13227762,0.13227762
ATP6V1B2,0.75,1,0,0.0,0.4520119,0.4520119
ATP6V1G1,0.75,3,0,0.0,0.34786654,0.25010908826034234
ATP6V1G3,0.75,1,0,0.0,1.8800979e-07,1.8800979e-07
ATP8B3,0.75,2,0,0.0,7.64065325e-08,7.64065325e-08
ATXN3,0.75,1,0,0.0,4.1341373e-06,4.1341373e-06
AVIL,0.75,2,0,0.0,0.43279460000000003,0.43279460000000003
AWAT1,0.75,2,0,0.0,0.34789512121525,0.34789512121525
B2M,0.75,1,0,0.0,0.639129,0.639129
B3GALNT2,0.75,2,0,0.0,0.24224675750000002,0.24224675750000002
B3GAT1,0.75,3,0,0.0,1.4288745e-06,0.15546687164794668
B3GNT4,0.75,2,0,0.0,0.34775203499999996,0.34775203499999996
B3GNT5,0.75,1,0,0.0,0.666125,0.666125
B3GNT6,0.75,2,0,0.0,2.5762955e-09,2.5762955e-09
B3GNT7,0.75,2,0,0.0,0.00120404279325,0.00120404279325
B3GNT8,0.75,1,0,0.0,0.3387242,0.3387242
B4GALNT4,0.75,1,0,0.0,0.0003190259,0.0003190259
B4GAT1,0.75,1,0,0.0,4.885805e-07,4.885805e-07
BAG3,0.75,1,0,0.0,0.5423921,0.5423921
BAG5,0.75,1,0,0.0,7.031182e-09,7.031182e-09
BARX2,0.75,1,0,0.0,3.7540844e-06,3.7540844e-06
BATF,0.75,1,0,0.0,8.389824e-08,8.389824e-08
BATF2,0.75,1,0,0.0,0.00019196888,0.00019196888
BBOF1,0.75,1,0,0.0,0.66247463,0.66247463
BCCIP,0.75,1,0,0.0,0.42131156,0.42131156
BCDIN3D,0.75,1,0,0.0,0.0034232899,0.0034232899
BCL2,0.75,1,0,0.0,0.04191901,0.04191901
BCL2L1,0.75,1,0,0.0,0.001646429,0.001646429
BCL2L10,0.75,2,0,0.0,0.08585791047822,0.08585791047822
BCL2L11,0.75,2,0,0.0,0.0016646709005000001,0.0016646709005000001
BCL7B,0.75,1,0,0.0,0.4923567,0.4923567
BCL9L,0.75,1,0,0.0,1.666733e-09,1.666733e-09
BCO1,0.75,1,0,0.0,0.05412,0.05412
BECN1,0.75,1,0,0.0,1.9298334e-09,1.9298334e-09
BEGAIN,0.75,1,0,0.0,1.5579695e-09,1.5579695e-09
BEST4,0.75,2,0,0.0,0.39368000999999997,0.39368000999999997
BEX2,0.75,1,0,0.0,2.1530419e-05,2.1530419e-05
BEX5,0.75,1,0,0.0,3.034579e-12,3.034579e-12
BHLHE41,0.75,1,0,0.0,0.0006589451,0.0006589451
BICD2,0.75,2,0,0.0,0.31502480595,0.31502480595
BICRA,0.75,1,0,0.0,3.1298726e-09,3.1298726e-09
BID,0.75,1,0,0.0,0.00204828,0.00204828
BIRC8,0.75,1,0,0.0,0.0046712314,0.0046712314
BLID,0.75,1,0,0.0,0.0045169634,0.0045169634
BLOC1S5,0.75,2,0,0.0,0.000485222355,0.000485222355
BLZF1,0.75,2,0,0.0,0.36644143322837114,0.36644143322837114
BMERB1,0.75,1,0,0.0,0.42463773,0.42463773
BMP15,0.75,4,0,0.0,2.3418554500000002e-09,4.9046775175e-08
BMP4,0.75,1,0,0.0,0.02708621,0.02708621
BMP7,0.75,1,0,0.0,0.09326896,0.09326896
BNIP3,0.75,3,0,0.0,0.00035624858,0.11789735750645668
BNIPL,0.75,1,0,0.0,0.29283616,0.29283616
BOLA3,0.75,1,0,0.0,0.25250474,0.25250474
BOLL,0.75,1,0,0.0,0.7106168,0.7106168
BOP1,0.75,2,0,0.0,0.0026472416065677,0.0026472416065677
BPIFA2,0.75,1,0,0.0,0.20024227,0.20024227
BPIFB1,0.75,2,0,0.0,0.371339665,0.371339665
BRCC3,0.75,1,0,0.0,6.209017e-14,6.209017e-14
BRD2,0.75,6,0,0.0,0.516783065,0.43553653666666664
BRICD5,0.75,1,0,0.0,3.130219e-09,3.130219e-09
BRMS1,0.75,2,0,0.0,0.39453614,0.39453614
BROX,0.75,1,0,0.0,0.6146599,0.6146599
BSND,0.75,2,0,0.0,0.6150576,0.6150576
BSPRY,0.75,1,0,0.0,6.2203134e-07,6.2203134e-07
BSX,0.75,1,0,0.0,3.668173e-08,3.668173e-08
BTBD17,0.75,1,0,0.0,0.0031996318,0.0031996318
BTBD2,0.75,2,0,0.0,0.355443715040449,0.355443715040449
BTBD6,0.75,1,0,0.0,0.5869302,0.5869302
BTD,0.75,1,0,0.0,0.0012038563,0.0012038563
BTF3,0.75,1,0,0.0,0.16068713,0.16068713
BUB3,0.75,1,0,0.0,0.05556054,0.05556054
BUD13,0.75,3,0,0.0,0.26719385,0.20354760600000002
BUD23,0.75,1,0,0.0,0.31391755,0.31391755
BVES,0.75,1,0,0.0,0.20602076,0.20602076
C10orf53,0.75,1,0,0.0,6.446712e-13,6.446712e-13
C11orf80,0.75,1,0,0.0,0.4970856,0.4970856
C12orf29,0.75,1,0,0.0,0.535542,0.535542
C12orf57,0.75,1,0,0.0,0.646408,0.646408
C12orf66,0.75,2,0,0.0,0.25641774500000003,0.25641774500000003
C14orf177,0.75,1,0,0.0,0.6445034,0.6445034
C15orf54,0.75,1,0,0.0,0.22345519,0.22345519
C16orf54,0.75,2,0,0.0,8.848695805e-09,8.848695805e-09
C16orf89,0.75,1,0,0.0,2.3028657e-05,2.3028657e-05
C17orf64,0.75,1,0,0.0,5.8202136e-07,5.8202136e-07
C17orf67,0.75,1,0,0.0,1.1848854e-05,1.1848854e-05
C18orf21,0.75,2,0,0.0,0.35085014999999997,0.35085014999999997
C19orf12,0.75,1,0,0.0,0.5010136,0.5010136
C1GALT1,0.75,1,0,0.0,0.057823572,0.057823572
C1GALT1C1L,0.75,1,0,0.0,1.2745459e-05,1.2745459e-05
C1QBP,0.75,1,0,0.0,0.41312134,0.41312134
C1QL2,0.75,1,0,0.0,2.3037861e-05,2.3037861e-05
C1QL4,0.75,1,0,0.0,2.6400028e-05,2.6400028e-05
C1QTNF6,0.75,2,0,0.0,0.27546628,0.27546628
C1QTNF9B,0.75,1,0,0.0,1.3147081e-08,1.3147081e-08
C1orf122,0.75,1,0,0.0,0.5153433,0.5153433
C1orf158,0.75,1,0,0.0,6.371824e-13,6.371824e-13
C1orf194,0.75,1,0,0.0,0.09824999,0.09824999
C1orf21,0.75,1,0,0.0,0.63741153,0.63741153
C1orf56,0.75,1,0,0.0,0.31751615,0.31751615
C1orf94,0.75,4,0,0.0,0.175547907,0.15326204734999999
C2,0.75,2,0,0.0,0.3415717981047,0.3415717981047
C22orf23,0.75,1,0,0.0,0.15937142,0.15937142
C2CD2L,0.75,4,0,0.0,0.1025912435,0.11851583774999999
C2orf68,0.75,1,0,0.0,3.9991642e-07,3.9991642e-07
C3orf18,0.75,1,0,0.0,2.5993474e-09,2.5993474e-09
C5orf24,0.75,1,0,0.0,0.12935576,0.12935576
C9orf116,0.75,2,0,0.0,0.075823351827413,0.075823351827413
C9orf43,0.75,2,0,0.0,0.58274525,0.58274525
C9orf85,0.75,1,0,0.0,0.040381934,0.040381934
CA4,0.75,1,0,0.0,4.1168717e-09,4.1168717e-09
CA6,0.75,1,0,0.0,0.2526617,0.2526617
CAB39L,0.75,1,0,0.0,0.044373292,0.044373292
CACNG1,0.75,1,0,0.0,0.6109424,0.6109424
CACNG5,0.75,1,0,0.0,0.706686,0.706686
CADM3,0.75,1,0,0.0,0.09500486,0.09500486
CAGE1,0.75,1,0,0.0,0.53960526,0.53960526
CALCA,0.75,3,0,0.0,0.0039374544,0.21388115056666668
CALCOCO1,0.75,3,0,0.0,0.6156189,0.4186007719926666
CALHM1,0.75,1,0,0.0,0.058465354,0.058465354
CALHM2,0.75,3,0,0.0,9.757505e-06,0.03181243083518009
CALM3,0.75,1,0,0.0,0.20544486,0.20544486
CALML5,0.75,2,0,0.0,1.5965444e-06,1.5965444e-06
CALY,0.75,1,0,0.0,0.5947154,0.5947154
CAMK2A,0.75,2,0,0.0,0.3012022515,0.3012022515
CAMP,0.75,1,0,0.0,3.3829975e-10,3.3829975e-10
CAPN13,0.75,4,0,0.0,0.12955334383612502,0.18919369477737
CAPN15,0.75,1,0,0.0,0.0029550071,0.0029550071
CAPN5,0.75,3,0,0.0,2.303896e-05,0.00961164981325
CAPN9,0.75,1,0,0.0,0.28533974,0.28533974
CAPZA2,0.75,1,0,0.0,0.43264735,0.43264735
CARD10,0.75,2,0,0.0,0.0058747935505,0.0058747935505
CARD16,0.75,3,0,0.0,0.31890163,0.3720392066666667
CASQ1,0.75,1,0,0.0,0.6499473,0.6499473
CASQ2,0.75,4,0,0.0,0.253784030683897,0.29482974046480076
CASS4,0.75,5,0,0.0,0.16526355,0.16795721828000001
CATIP,0.75,1,0,0.0,0.5583526,0.5583526
CATSPERE,0.75,1,0,0.0,0.38473514,0.38473514
CATSPERZ,0.75,1,0,0.0,0.001218224,0.001218224
CAV2,0.75,3,0,0.0,0.019548286,0.050400469160587165
CBLN3,0.75,1,0,0.0,3.106679e-07,3.106679e-07
CBWD6,0.75,1,0,0.0,2.378255e-08,2.378255e-08
CBX4,0.75,1,0,0.0,0.008028386,0.008028386
CBX7,0.75,1,0,0.0,7.2553994e-09,7.2553994e-09
CBX8,0.75,2,0,0.0,5.07837165985e-07,5.07837165985e-07
CC2D1B,0.75,2,0,0.0,0.269349292540985,0.269349292540985
CCBE1,0.75,2,0,0.0,0.316137456567876,0.316137456567876
CCDC102A,0.75,1,0,0.0,5.0051487e-09,5.0051487e-09
CCDC106,0.75,1,0,0.0,4.5291227e-08,4.5291227e-08
CCDC12,0.75,2,0,0.0,1.05359685e-08,1.05359685e-08
CCDC122,0.75,1,0,0.0,0.007991608,0.007991608
CCDC14,0.75,1,0,0.0,2.028649e-09,2.028649e-09
CCDC15,0.75,1,0,0.0,0.40638152,0.40638152
CCDC157,0.75,3,0,0.0,0.31180224,0.2760928243333333
CCDC17,0.75,1,0,0.0,7.623111e-05,7.623111e-05
CCDC183,0.75,1,0,0.0,0.5641407,0.5641407
CCDC184,0.75,3,0,0.0,0.22967643,0.25656263769710996
CCDC189,0.75,1,0,0.0,0.0063103153,0.0063103153
CCDC25,0.75,1,0,0.0,0.11685116,0.11685116
CCDC3,0.75,2,0,0.0,0.2757965855,0.2757965855
CCDC34,0.75,1,0,0.0,0.005989771,0.005989771
CCDC39,0.75,4,0,0.0,0.0333033673726,0.064818186013645
CCDC47,0.75,1,0,0.0,0.16778658,0.16778658
CCDC54,0.75,3,0,0.0,0.30236486,0.29920340333333334
CCDC68,0.75,2,0,0.0,0.37512664500000004,0.37512664500000004
CCDC74A,0.75,1,0,0.0,0.67401695,0.67401695
CCDC78,0.75,1,0,0.0,2.7531632e-07,2.7531632e-07
CCDC83,0.75,1,0,0.0,0.625719,0.625719
CCDC89,0.75,2,0,0.0,0.31152688,0.31152688
CCDC9,0.75,3,0,0.0,1.6171462e-08,0.14556650875618435
CCDC9B,0.75,1,0,0.0,0.017475637,0.017475637
CCL11,0.75,1,0,0.0,0.053137332,0.053137332
CCL19,0.75,1,0,0.0,0.623407,0.623407
CCL2,0.75,1,0,0.0,0.1840839,0.1840839
CCL20,0.75,1,0,0.0,3.6641604e-06,3.6641604e-06
CCL5,0.75,1,0,0.0,0.15100004,0.15100004
CCN2,0.75,2,0,0.0,0.1501340890193,0.1501340890193
CCNB1,0.75,1,0,0.0,0.19568083,0.19568083
CCNC,0.75,1,0,0.0,0.31323865,0.31323865
CCNG1,0.75,1,0,0.0,0.0017749243,0.0017749243
CCNG2,0.75,1,0,0.0,0.3678806,0.3678806
CCNK,0.75,1,0,0.0,0.00013986115,0.00013986115
CCNO,0.75,1,0,0.0,2.8719902e-09,2.8719902e-09
CCPG1,0.75,2,0,0.0,0.6013457849999999,0.6013457849999999
CCR10,0.75,1,0,0.0,3.673849e-06,3.673849e-06
CCR4,0.75,2,0,0.0,0.422552795,0.422552795
CCT7,0.75,1,0,0.0,0.06115458,0.06115458
CD164,0.75,2,0,0.0,0.23861863655,0.23861863655
CD177,0.75,3,0,0.0,1.0117377e-07,0.24264750040131633
CD1D,0.75,2,0,0.0,0.3422419905,0.3422419905
CD200R1L,0.75,2,0,0.0,0.18514249500000002,0.18514249500000002
CD247,0.75,1,0,0.0,0.3512906,0.3512906
CD300LD,0.75,3,0,0.0,0.028559638,0.22175563290956565
CD320,0.75,1,0,0.0,6.422731e-09,6.422731e-09
CD34,0.75,3,0,0.0,3.4061017e-08,0.10434427894935024
CD4,0.75,2,0,0.0,0.44676083499999997,0.44676083499999997
CD58,0.75,2,0,0.0,0.45098268999999996,0.45098268999999996
CDC27,0.75,2,0,0.0,0.3731887965,0.3731887965
CDC40,0.75,1,0,0.0,2.0880499e-08,2.0880499e-08
CDC42EP1,0.75,1,0,0.0,1.7620007e-08,1.7620007e-08
CDC45,0.75,1,0,0.0,0.6753365,0.6753365
CDCA4,0.75,2,0,0.0,0.32238627980375,0.32238627980375
CDCA5,0.75,1,0,0.0,0.24175148,0.24175148
CDH2,0.75,2,0,0.0,0.302237875,0.302237875
CDH22,0.75,4,0,0.0,0.00031913635,0.020063573228625002
CDH24,0.75,1,0,0.0,0.53602284,0.53602284
CDHR4,0.75,1,0,0.0,0.0021114715,0.0021114715
CDK11B,0.75,1,0,0.0,2.8692273e-07,2.8692273e-07
CDK16,0.75,2,0,0.0,2.2716782e-05,2.2716782e-05
CDK5R2,0.75,2,0,0.0,0.18921482254098002,0.18921482254098002
CDK6,0.75,1,0,0.0,7.1283884e-10,7.1283884e-10
CDK9,0.75,2,0,0.0,0.087013838251195,0.087013838251195
CDKN1A,0.75,2,0,0.0,0.269536905199175,0.269536905199175
CDKN2AIP,0.75,3,0,0.0,0.036560934,0.08597089593
CDPF1,0.75,1,0,0.0,0.5344845,0.5344845
CDT1,0.75,1,0,0.0,0.00070956966,0.00070956966
CDX2,0.75,1,0,0.0,0.0001919784,0.0001919784
CEACAM16,0.75,2,0,0.0,0.09254878999999999,0.09254878999999999
CEACAM21,0.75,2,0,0.0,0.069726654855,0.069726654855
CEACAM4,0.75,1,0,0.0,0.0026935658,0.0026935658
CEACAM8,0.75,2,0,0.0,0.184077075,0.184077075
CEBPD,0.75,1,0,0.0,7.674587e-11,7.674587e-11
CENPBD1,0.75,1,0,0.0,0.4881879,0.4881879
CENPC,0.75,3,0,0.0,0.008084177,0.0626448858911
CENPQ,0.75,1,0,0.0,2.5934987e-09,2.5934987e-09
CENPV,0.75,1,0,0.0,0.50756705,0.50756705
CEP152,0.75,4,0,0.0,0.1494028675,0.233873708365425
CEP162,0.75,1,0,0.0,1.3098099e-08,1.3098099e-08
CEP170B,0.75,3,0,0.0,0.00083703245,0.07015119756828485
CERK,0.75,1,0,0.0,0.5898931,0.5898931
CERS1,0.75,2,0,0.0,0.05453234850000001,0.05453234850000001
CERS2,0.75,1,0,0.0,0.012509524,0.012509524
CERT1,0.75,1,0,0.0,0.003551871,0.003551871
CFAP299,0.75,1,0,0.0,0.741199,0.741199
CFAP410,0.75,2,0,0.0,0.30131524149654,0.30131524149654
CFAP46,0.75,2,0,0.0,0.3384000075,0.3384000075
CFAP77,0.75,5,0,0.0,0.5076884,0.33712003514731287
CFAP97,0.75,1,0,0.0,0.18007456,0.18007456
CGB7,0.75,1,0,0.0,0.66647416,0.66647416
CHAC1,0.75,1,0,0.0,0.6550734,0.6550734
CHAD,0.75,1,0,0.0,0.0080198655,0.0080198655
CHCHD4,0.75,1,0,0.0,7.836589e-05,7.836589e-05
CHCHD7,0.75,1,0,0.0,6.983469e-07,6.983469e-07
CHERP,0.75,1,0,0.0,0.0004894336,0.0004894336
CHM,0.75,4,0,0.0,6.0791927e-10,1.6922284354025002e-07
CHMP2B,0.75,1,0,0.0,0.000806959,0.000806959
CHMP7,0.75,1,0,0.0,0.35385272,0.35385272
CHORDC1,0.75,2,0,0.0,0.47358845,0.47358845
CHRDL2,0.75,4,0,0.0,8.03475303e-05,0.05177912171580075
CHST11,0.75,1,0,0.0,0.3181909,0.3181909
CHST13,0.75,1,0,0.0,1.2043677e-08,1.2043677e-08
CHST4,0.75,2,0,0.0,0.204986354,0.204986354
CHST7,0.75,2,0,0.0,0.018966065570675,0.018966065570675
CHTF18,0.75,1,0,0.0,0.10147121,0.10147121
CIB1,0.75,1,0,0.0,0.5923258,0.5923258
CIB4,0.75,2,0,0.0,0.324492052934185,0.324492052934185
CKB,0.75,1,0,0.0,0.7477244,0.7477244
CLCF1,0.75,2,0,0.0,0.044591480005804575,0.044591480005804575
CLCN2,0.75,1,0,0.0,0.72069246,0.72069246
CLCN5,0.75,2,0,0.0,0.14096440000000152,0.14096440000000152
CLDN16,0.75,1,0,0.0,0.06503116,0.06503116
CLDN17,0.75,1,0,0.0,0.3051402,0.3051402
CLDN19,0.75,1,0,0.0,5.726481e-09,5.726481e-09
CLDN20,0.75,1,0,0.0,1.1454878e-06,1.1454878e-06
CLDN6,0.75,2,0,0.0,0.35955751,0.35955751
CLDN7,0.75,1,0,0.0,0.5521618,0.5521618
CLDN8,0.75,2,0,0.0,0.051925786200000004,0.051925786200000004
CLEC12A,0.75,2,0,0.0,0.146239606595,0.146239606595
CLEC16A,0.75,1,0,0.0,0.73818564,0.73818564
CLEC17A,0.75,1,0,0.0,0.18585354,0.18585354
CLEC2B,0.75,1,0,0.0,0.0014389368,0.0014389368
CLEC2L,0.75,1,0,0.0,0.6327011,0.6327011
CLEC3B,0.75,1,0,0.0,0.21669193,0.21669193
CLEC4G,0.75,1,0,0.0,0.006676529,0.006676529
CLEC6A,0.75,1,0,0.0,0.3079424,0.3079424
CLHC1,0.75,1,0,0.0,0.02672413,0.02672413
CLIP2,0.75,3,0,0.0,1.4277523e-06,0.0008267840644106667
CLLU1,0.75,1,0,0.0,0.14002337,0.14002337
CLMP,0.75,1,0,0.0,0.3485841,0.3485841
CLN3,0.75,1,0,0.0,3.6476897e-07,3.6476897e-07
CLN8,0.75,1,0,0.0,0.44209895,0.44209895
CLNS1A,0.75,1,0,0.0,0.25457674,0.25457674
CLPB,0.75,3,0,0.0,0.151441,0.17620254
CLSTN1,0.75,1,0,0.0,3.613385e-07,3.613385e-07
CLTRN,0.75,1,0,0.0,0.49908686,0.49908686
CLUAP1,0.75,2,0,0.0,0.010377972501194734,0.010377972501194734
CLUH,0.75,5,0,0.0,5.72671e-09,0.26227116114636795
CMAS,0.75,1,0,0.0,3.28175e-06,3.28175e-06
CMIP,0.75,1,0,0.0,0.17818835,0.17818835
CMKLR1,0.75,1,0,0.0,0.020745065,0.020745065
CMTM8,0.75,1,0,0.0,0.14641844,0.14641844
CMTR2,0.75,1,0,0.0,0.0003731012,0.0003731012
CNEP1R1,0.75,1,0,0.0,0.081724554,0.081724554
CNNM1,0.75,2,0,0.0,4.632124265e-08,4.632124265e-08
CNNM3,0.75,1,0,0.0,1.0651218e-06,1.0651218e-06
CNOT7,0.75,1,0,0.0,0.32406667,0.32406667
COL21A1,0.75,3,0,0.0,0.0050695734,0.022684186633333336
COL8A1,0.75,5,0,0.0,0.13010572,0.2987234124971961
COL9A2,0.75,1,0,0.0,1.565117e-10,1.565117e-10
COLCA2,0.75,1,0,0.0,0.032429453,0.032429453
COMT,0.75,1,0,0.0,0.0015570372,0.0015570372
COPS7B,0.75,1,0,0.0,0.19777746,0.19777746
COQ6,0.75,1,0,0.0,0.000897117,0.000897117
COQ8B,0.75,2,0,0.0,0.2116732815,0.2116732815
CORO2B,0.75,3,0,0.0,0.033591423,0.20748962630746662
CORO7-PAM16,0.75,1,0,0.0,0.00015953316,0.00015953316
COX15,0.75,2,0,0.0,0.6605289000000001,0.6605289000000001
COX5A,0.75,1,0,0.0,0.0504939,0.0504939
COX7B2,0.75,1,0,0.0,0.047300056,0.047300056
CPEB1,0.75,1,0,0.0,0.673952,0.673952
CPLX2,0.75,1,0,0.0,0.01958409,0.01958409
CPLX3,0.75,1,0,0.0,1.8204783e-09,1.8204783e-09
CPOX,0.75,2,0,0.0,0.22993626814999998,0.22993626814999998
CPSF4,0.75,1,0,0.0,0.17784524,0.17784524
CRACR2A,0.75,2,0,0.0,0.525994285,0.525994285
CRACR2B,0.75,3,0,0.0,1.8239122e-09,7.834188895433333e-09
CRADD,0.75,1,0,0.0,0.43651003,0.43651003
CRAMP1,0.75,1,0,0.0,0.0013038123,0.0013038123
CREBL2,0.75,2,0,0.0,0.00010023627530000001,0.00010023627530000001
CREG2,0.75,1,0,0.0,0.00016138937,0.00016138937
CRHR1,0.75,1,0,0.0,0.48266548,0.48266548
CRISP2,0.75,1,0,0.0,0.025307782,0.025307782
CRLF3,0.75,2,0,0.0,0.356851268,0.356851268
CRYBA2,0.75,1,0,0.0,0.028064538,0.028064538
CRYZ,0.75,1,0,0.0,0.41314587,0.41314587
CSAD,0.75,1,0,0.0,0.36160737,0.36160737
CSDC2,0.75,1,0,0.0,0.17973462,0.17973462
CSF2,0.75,1,0,0.0,0.09883131,0.09883131
CSGALNACT1,0.75,1,0,0.0,0.3034579,0.3034579
CSNK1A1L,0.75,2,0,0.0,9.722700415e-06,9.722700415e-06
CSRNP2,0.75,2,0,0.0,0.18183024350000002,0.18183024350000002
CSRNP3,0.75,1,0,0.0,0.5073761,0.5073761
CST11,0.75,1,0,0.0,0.054107416,0.054107416
CST9,0.75,1,0,0.0,0.55444574,0.55444574
CST9L,0.75,1,0,0.0,1.3526609e-05,1.3526609e-05
CSTF3,0.75,1,0,0.0,0.09014187,0.09014187
CTPS2,0.75,2,0,0.0,0.33935192000108416,0.33935192000108416
CTRL,0.75,2,0,0.0,0.32060194,0.32060194
CTSB,0.75,1,0,0.0,0.55827993,0.55827993
CTSD,0.75,2,0,0.0,3.8759824381265e-08,3.8759824381265e-08
CTSF,0.75,4,0,0.0,0.132436003735731,0.15404759293009057
CUL3,0.75,1,0,0.0,0.00069890573,0.00069890573
CUZD1,0.75,1,0,0.0,0.18658428,0.18658428
CWC22,0.75,1,0,0.0,0.6588367,0.6588367
CWC27,0.75,1,0,0.0,0.42174035,0.42174035
CXCL16,0.75,1,0,0.0,0.08486517,0.08486517
CXCR4,0.75,1,0,0.0,0.2932953,0.2932953
CXCR6,0.75,1,0,0.0,0.17873704,0.17873704
CXXC4,0.75,1,0,0.0,0.41583624,0.41583624
CXorf56,0.75,2,0,0.0,0.693552885,0.693552885
CYB561D2,0.75,1,0,0.0,0.46130732,0.46130732
CYB5R1,0.75,1,0,0.0,8.455397e-09,8.455397e-09
CYB5R2,0.75,1,0,0.0,6.31883e-08,6.31883e-08
CYBB,0.75,3,0,0.0,2.8432702e-05,0.10357209090068936
CYC1,0.75,1,0,0.0,0.2726115,0.2726115
CYFIP1,0.75,5,0,0.0,0.00067818596,0.2192059924008848
CYLC1,0.75,1,0,0.0,0.0048362506,0.0048362506
CYP11A1,0.75,4,0,0.0,0.27864843,0.3203982975
CYP21A2,0.75,1,0,0.0,3.3337297e-08,3.3337297e-08
CYP26C1,0.75,1,0,0.0,0.0393865,0.0393865
CYP27A1,0.75,1,0,0.0,0.0038243346,0.0038243346
CYP2C8,0.75,4,0,0.0,2.551522626322e-05,0.14305923263396947
CYP4V2,0.75,1,0,0.0,0.008011653,0.008011653
CYTH3,0.75,2,0,0.0,0.07899943499999999,0.07899943499999999
DAAM2,0.75,1,0,0.0,6.7961786e-08,6.7961786e-08
DAOA,0.75,1,0,0.0,0.11223573,0.11223573
DBT,0.75,2,0,0.0,0.6051910899999999,0.6051910899999999
DBX2,0.75,2,0,0.0,0.20441511235,0.20441511235
DCAF13,0.75,1,0,0.0,6.6043043e-12,6.6043043e-12
DCAF17,0.75,1,0,0.0,0.6664527,0.6664527
DCLRE1A,0.75,1,0,0.0,1.0625813e-08,1.0625813e-08
DCT,0.75,2,0,0.0,0.10755571532500001,0.10755571532500001
DCTN3,0.75,1,0,0.0,0.015974548,0.015974548
DCUN1D5,0.75,1,0,0.0,1.7667783e-09,1.7667783e-09
DDAH2,0.75,1,0,0.0,0.0020407788,0.0020407788
DDB2,0.75,1,0,0.0,3.0808722e-05,3.0808722e-05
DDX1,0.75,1,0,0.0,6.276965e-06,6.276965e-06
DDX20,0.75,1,0,0.0,0.11013063,0.11013063
DDX25,0.75,1,0,0.0,2.6719664e-07,2.6719664e-07
DDX27,0.75,1,0,0.0,0.015623681,0.015623681
DDX39A,0.75,1,0,0.0,0.004893103,0.004893103
DDX41,0.75,4,0,0.0,0.46510724000000003,0.37713625263850004
DEDD2,0.75,1,0,0.0,0.2508416,0.2508416
DEFB108B,0.75,1,0,0.0,7.8334233e-07,7.8334233e-07
DEFB113,0.75,3,0,0.0,2.6657156e-07,0.04435996553007094
DEFB116,0.75,1,0,0.0,0.23936282,0.23936282
DEFB125,0.75,1,0,0.0,0.097345434,0.097345434
DEFB127,0.75,1,0,0.0,0.00086184044,0.00086184044
DEGS2,0.75,1,0,0.0,2.4820434e-08,2.4820434e-08
DENND11,0.75,1,0,0.0,0.0005456026,0.0005456026
DENND6B,0.75,1,0,0.0,1.315458e-08,1.315458e-08
DEPDC7,0.75,1,0,0.0,0.26937374,0.26937374
DERL3,0.75,1,0,0.0,0.55231494,0.55231494
DESI1,0.75,1,0,0.0,3.0366817e-07,3.0366817e-07
DEUP1,0.75,3,0,0.0,0.15464193,0.23940003285297803
DGKA,0.75,2,0,0.0,0.6376287700000001,0.6376287700000001
DGKQ,0.75,2,0,0.0,0.0013465740505144998,0.0013465740505144998
DGLUCY,0.75,2,0,0.0,1.6201615e-08,1.6201615e-08
DHDH,0.75,2,0,0.0,0.052950760433479994,0.052950760433479994
DHH,0.75,1,0,0.0,9.365825e-09,9.365825e-09
DHPS,0.75,1,0,0.0,0.064776726,0.064776726
DHRS13,0.75,3,0,0.0,0.3714787,0.3738189292068253
DHRS7,0.75,1,0,0.0,5.930082e-05,5.930082e-05
DHRS7B,0.75,1,0,0.0,0.54603934,0.54603934
DHX15,0.75,2,0,0.0,8.147433e-07,8.147433e-07
DIAPH1,0.75,2,0,0.0,0.15611223005,0.15611223005
DIO1,0.75,1,0,0.0,0.6540803,0.6540803
DIPK1B,0.75,1,0,0.0,0.3679888,0.3679888
DIPK2A,0.75,1,0,0.0,0.0061560636,0.0061560636
DIS3,0.75,3,0,0.0,0.0013447227,0.13782350757015804
DIXDC1,0.75,1,0,0.0,2.6903973e-07,2.6903973e-07
DLG1,0.75,3,0,0.0,0.0061665513,0.07945124023333333
DLG3,0.75,1,0,0.0,1.3250946e-09,1.3250946e-09
DLL1,0.75,3,0,0.0,0.29301834,0.32165999636933335
DLX2,0.75,1,0,0.0,1.0523899e-11,1.0523899e-11
DLX3,0.75,1,0,0.0,0.20871776,0.20871776
DMAP1,0.75,1,0,0.0,0.47351083,0.47351083
DMRTC2,0.75,1,0,0.0,0.3459713,0.3459713
DNAAF2,0.75,3,0,0.0,0.0009200098,0.21191258449633332
DNAAF3,0.75,1,0,0.0,0.2548167,0.2548167
DNAH6,0.75,1,0,0.0,0.067560956,0.067560956
DNAI2,0.75,1,0,0.0,0.5304189,0.5304189
DNAJB1,0.75,2,0,0.0,0.0002190700375,0.0002190700375
DNAJB7,0.75,1,0,0.0,3.2809466e-10,3.2809466e-10
DNAJC16,0.75,3,0,0.0,8.508292e-07,1.2784300977000001e-05
DNAJC18,0.75,1,0,0.0,0.028010141,0.028010141
DNAJC7,0.75,1,0,0.0,0.049194295,0.049194295
DNAJC8,0.75,1,0,0.0,1.0724865e-09,1.0724865e-09
DNASE2,0.75,1,0,0.0,3.51521e-06,3.51521e-06
DNASE2B,0.75,1,0,0.0,0.00064083864,0.00064083864
DNM1L,0.75,2,0,0.0,0.36528577365622,0.36528577365622
DNM3,0.75,2,0,0.0,6.7235432345e-09,6.7235432345e-09
DNTT,0.75,4,0,0.0,0.00010203087677,0.001563994018856627
DNTTIP2,0.75,1,0,0.0,0.002033281,0.002033281
DPP3,0.75,1,0,0.0,0.4892965,0.4892965
DPP8,0.75,1,0,0.0,0.72870123,0.72870123
DPP9,0.75,1,0,0.0,0.13335562,0.13335562
DPPA3,0.75,1,0,0.0,0.60536766,0.60536766
DPPA5,0.75,1,0,0.0,0.56924963,0.56924963
DPRX,0.75,2,0,0.0,0.10900159000000001,0.10900159000000001
DPT,0.75,4,0,0.0,0.6991385299999999,0.5765190175
DPY19L3,0.75,1,0,0.0,0.632192,0.632192
DPYSL4,0.75,1,0,0.0,0.14597313,0.14597313
DRAM1,0.75,1,0,0.0,0.22698008,0.22698008
DRD3,0.75,2,0,0.0,0.0029099648340147,0.0029099648340147
DSPP,0.75,1,0,0.0,0.13876624,0.13876624
DTNBP1,0.75,1,0,0.0,0.57942,0.57942
DUOX1,0.75,2,0,0.0,0.60210106,0.60210106
DUOXA1,0.75,1,0,0.0,0.3501466,0.3501466
DUS2,0.75,2,0,0.0,0.34439959,0.34439959
DUSP13,0.75,1,0,0.0,2.3466213e-05,2.3466213e-05
DUSP18,0.75,1,0,0.0,0.32285833,0.32285833
DUSP3,0.75,1,0,0.0,0.6368443,0.6368443
DUSP4,0.75,1,0,0.0,0.00015674334,0.00015674334
DUSP6,0.75,1,0,0.0,0.5418499,0.5418499
DUSP8,0.75,1,0,0.0,1.281173e-07,1.281173e-07
DUSP9,0.75,3,0,0.0,0.00057214644,0.09384382808701332
DVL3,0.75,1,0,0.0,0.6652387,0.6652387
DYNAP,0.75,2,0,0.0,0.39366844,0.39366844
DYRK3,0.75,1,0,0.0,0.67028815,0.67028815
DYTN,0.75,2,0,0.0,0.0007759243289925,0.0007759243289925
EARS2,0.75,2,0,0.0,0.3311813731204,0.3311813731204
EBLN2,0.75,1,0,0.0,0.18386044,0.18386044
ECE2,0.75,2,0,0.0,9.4012605e-09,9.4012605e-09
ECHDC2,0.75,1,0,0.0,0.053206764,0.053206764
ECHS1,0.75,2,0,0.0,0.08536297018501911,0.08536297018501911
ECI2,0.75,1,0,0.0,0.25226396,0.25226396
ECSIT,0.75,1,0,0.0,0.22766304,0.22766304
EDA2R,0.75,1,0,0.0,7.848978e-07,7.848978e-07
EDAR,0.75,2,0,0.0,0.195472685,0.195472685
EDDM3A,0.75,2,0,0.0,0.27386435,0.27386435
EDDM3B,0.75,3,0,0.0,0.05875266,0.06340857655333333
EFCAB1,0.75,1,0,0.0,0.32228714,0.32228714
EFNA3,0.75,2,0,0.0,0.129053514715,0.129053514715
EFNA5,0.75,2,0,0.0,0.41327297500000004,0.41327297500000004
EFNB1,0.75,1,0,0.0,0.008098573,0.008098573
EFNB2,0.75,2,0,0.0,0.3434690215,0.3434690215
EGFL7,0.75,1,0,0.0,0.536207,0.536207
EHD2,0.75,1,0,0.0,2.0282494e-10,2.0282494e-10
EHF,0.75,2,0,0.0,2.14436005e-07,2.14436005e-07
EHHADH,0.75,4,0,0.0,0.0075105829,0.05590342291
EHMT1,0.75,3,0,0.0,0.0050906814,0.0943729451872
EIF2A,0.75,2,0,0.0,0.52160551,0.52160551
EIF2B5,0.75,2,0,0.0,0.001910436869605,0.001910436869605
EIF3J,0.75,1,0,0.0,0.47939757,0.47939757
EIF3K,0.75,1,0,0.0,0.1447217,0.1447217
EIF4A3,0.75,2,0,0.0,0.17140152749999998,0.17140152749999998
EIF5A,0.75,1,0,0.0,6.4706355e-06,6.4706355e-06
ELFN2,0.75,3,0,0.0,0.06782682,0.23735959302133333
ELK1,0.75,3,0,0.0,0.2690089,0.33370048668731855
ELMO3,0.75,1,0,0.0,0.17519966,0.17519966
ELMOD2,0.75,1,0,0.0,0.13768141,0.13768141
ELOA,0.75,2,0,0.0,0.31039696499999997,0.31039696499999997
ELOVL6,0.75,1,0,0.0,0.6294129,0.6294129
ELP5,0.75,2,0,0.0,1.24520444965e-10,1.24520444965e-10
EMC10,0.75,1,0,0.0,0.3672094,0.3672094
EMC6,0.75,1,0,0.0,0.6885282,0.6885282
EMC8,0.75,1,0,0.0,0.0053216014,0.0053216014
EMC9,0.75,1,0,0.0,0.008010205,0.008010205
EME1,0.75,2,0,0.0,0.334118665,0.334118665
EMG1,0.75,1,0,0.0,0.00019159804,0.00019159804
EMID1,0.75,1,0,0.0,0.084743984,0.084743984
EML3,0.75,1,0,0.0,0.09062948,0.09062948
EML5,0.75,5,0,0.0,2.0146642e-08,0.01841800594479586
EMX1,0.75,1,0,0.0,4.6657633e-10,4.6657633e-10
EN2,0.75,1,0,0.0,2.2209173e-05,2.2209173e-05
ENDOU,0.75,1,0,0.0,0.000383824,0.000383824
ENDOV,0.75,2,0,0.0,1.29845633e-08,1.29845633e-08
ENO2,0.75,2,0,0.0,0.20178076699999997,0.20178076699999997
ENOPH1,0.75,3,0,0.0,9.608756e-05,0.053476796808733344
ENOX1,0.75,1,0,0.0,0.05978403,0.05978403
ENTPD4,0.75,2,0,0.0,0.37240671265,0.37240671265
ENTPD5,0.75,1,0,0.0,0.109232984,0.109232984
ENTPD8,0.75,1,0,0.0,0.7477352,0.7477352
EOLA1,0.75,1,0,0.0,2.1238161e-10,2.1238161e-10
EPC2,0.75,1,0,0.0,0.00085068285,0.00085068285
EPCAM,0.75,1,0,0.0,0.0016745602,0.0016745602
EPHB3,0.75,1,0,0.0,0.059829418,0.059829418
EPHX1,0.75,1,0,0.0,0.538175,0.538175
EPN2,0.75,1,0,0.0,0.015263565,0.015263565
EPN3,0.75,2,0,0.0,1.523635e-08,1.523635e-08
EPRS1,0.75,5,0,0.0,0.12974025,0.22950431778459998
EPS8L1,0.75,3,0,0.0,1.3808792e-05,0.23449064730702426
ERAS,0.75,1,0,0.0,0.62986493,0.62986493
ERBB3,0.75,3,0,0.0,0.00034937382,0.13408858792
ERCC4,0.75,7,0,0.0,0.06766057,0.12862511158285714
EREG,0.75,1,0,0.0,0.6999433,0.6999433
ERLIN1,0.75,1,0,0.0,7.828248e-07,7.828248e-07
ERO1B,0.75,1,0,0.0,0.23137234,0.23137234
ESCO2,0.75,1,0,0.0,0.19745307,0.19745307
ESPN,0.75,1,0,0.0,2.3279497e-07,2.3279497e-07
ESRRA,0.75,1,0,0.0,0.008016599,0.008016599
ESYT3,0.75,1,0,0.0,1.4674575e-08,1.4674575e-08
ETF1,0.75,3,0,0.0,0.12799066,0.15832636866666666
ETFB,0.75,2,0,0.0,0.3654178700000258,0.3654178700000258
ETNK1,0.75,1,0,0.0,0.0021620565,0.0021620565
ETNK2,0.75,1,0,0.0,0.16262761,0.16262761
EVI2A,0.75,1,0,0.0,0.70834047,0.70834047
EWSR1,0.75,2,0,0.0,0.32453400000000177,0.32453400000000177
EXD2,0.75,1,0,0.0,0.07889239,0.07889239
EXD3,0.75,4,0,0.0,8.29828e-07,0.001124338505978955
EXOC6B,0.75,1,0,0.0,7.977572e-10,7.977572e-10
EXOG,0.75,1,0,0.0,0.0037543434,0.0037543434
EXOSC3,0.75,1,0,0.0,0.39704952,0.39704952
EXOSC5,0.75,1,0,0.0,0.69970596,0.69970596
EXTL1,0.75,1,0,0.0,0.5425756,0.5425756
F11R,0.75,2,0,0.0,0.0242701073,0.0242701073
F2RL1,0.75,1,0,0.0,5.244853e-07,5.244853e-07
F2RL3,0.75,2,0,0.0,1.1123112643599999e-05,1.1123112643599999e-05
FAAP20,0.75,1,0,0.0,7.411071e-07,7.411071e-07
FADS1,0.75,3,0,0.0,1.8564982e-08,2.544859214666667e-07
FAM107B,0.75,2,0,0.0,0.040828354935,0.040828354935
FAM111B,0.75,3,0,0.0,0.05488218,0.2639670734333333
FAM117B,0.75,1,0,0.0,6.957561e-11,6.957561e-11
FAM124B,0.75,1,0,0.0,0.55013585,0.55013585
FAM126B,0.75,1,0,0.0,0.00028097152,0.00028097152
FAM133A,0.75,1,0,0.0,5.960935e-14,5.960935e-14
FAM155A,0.75,2,0,0.0,0.2651607951295,0.2651607951295
FAM160A2,0.75,2,0,0.0,0.2697700465,0.2697700465
FAM161B,0.75,2,0,0.0,4.668941135e-05,4.668941135e-05
FAM163B,0.75,1,0,0.0,1.6390869e-10,1.6390869e-10
FAM167A,0.75,1,0,0.0,0.08244153,0.08244153
FAM168B,0.75,2,0,0.0,2.68936945e-08,2.68936945e-08
FAM181B,0.75,1,0,0.0,1.4669175e-08,1.4669175e-08
FAM210B,0.75,1,0,0.0,0.24090359,0.24090359
FAM217B,0.75,3,0,0.0,0.14353175,0.11190876233333334
FAM21FP,0.75,1,0,0.0,3.8726844e-09,3.8726844e-09
FAM220A,0.75,1,0,0.0,0.6650636,0.6650636
FAM27E5,0.75,1,0,0.0,0.04900219,0.04900219
FAM53C,0.75,1,0,0.0,0.18854147,0.18854147
FAM83C,0.75,4,0,0.0,0.00166315156,0.00968215607432575
FAM89B,0.75,1,0,0.0,0.71939546,0.71939546
FAM9B,0.75,1,0,0.0,0.42186227,0.42186227
FANCG,0.75,1,0,0.0,0.00092050695,0.00092050695
FANK1,0.75,1,0,0.0,0.17603955,0.17603955
FARP1,0.75,5,0,0.0,2.2677069e-08,0.09603172850239554
FARP2,0.75,1,0,0.0,0.0040252833,0.0040252833
FASLG,0.75,1,0,0.0,3.1264182e-09,3.1264182e-09
FASN,0.75,4,0,0.0,0.01190413485,0.048188538870694124
FAXDC2,0.75,1,0,0.0,0.5651511,0.5651511
FBXL12,0.75,1,0,0.0,0.055204883,0.055204883
FBXL16,0.75,1,0,0.0,4.550135e-09,4.550135e-09
FBXL17,0.75,2,0,0.0,7.40260026644e-08,7.40260026644e-08
FBXL19,0.75,2,0,0.0,0.11964893500783358,0.11964893500783358
FBXL2,0.75,1,0,0.0,0.014850598,0.014850598
FBXL22,0.75,1,0,0.0,0.25779766,0.25779766
FBXL3,0.75,1,0,0.0,0.007983832,0.007983832
FBXO15,0.75,2,0,0.0,0.32056664944999996,0.32056664944999996
FBXO21,0.75,1,0,0.0,0.0048509333,0.0048509333
FBXO27,0.75,1,0,0.0,0.6026253,0.6026253
FBXO33,0.75,1,0,0.0,1.0531023e-06,1.0531023e-06
FBXO41,0.75,1,0,0.0,9.1524825e-08,9.1524825e-08
FBXO42,0.75,1,0,0.0,0.4569672,0.4569672
FBXO46,0.75,1,0,0.0,0.15188627,0.15188627
FBXW9,0.75,2,0,0.0,0.00037624435645500004,0.00037624435645500004
FCAMR,0.75,2,0,0.0,0.096572,0.096572
FCAR,0.75,2,0,0.0,0.188324375,0.188324375
FCER1A,0.75,4,0,0.0,0.242168815,0.21742888999999999
FCMR,0.75,1,0,0.0,0.5181599,0.5181599
FCRL5,0.75,5,0,0.0,0.020820504,0.2729935291226344
FEM1B,0.75,1,0,0.0,0.00022227773,0.00022227773
FER,0.75,2,0,0.0,0.0028089817999999997,0.0028089817999999997
FES,0.75,2,0,0.0,0.44476938,0.44476938
FEZF1,0.75,1,0,0.0,0.4153147,0.4153147
FGD2,0.75,1,0,0.0,0.5711338,0.5711338
FGF13,0.75,1,0,0.0,8.37026e-08,8.37026e-08
FGF2,0.75,2,0,0.0,0.35756084,0.35756084
FGF21,0.75,1,0,0.0,0.2689533,0.2689533
FGF3,0.75,1,0,0.0,0.66298723,0.66298723
FGF6,0.75,3,0,0.0,0.104965754,0.08516367446337998
FGF7,0.75,1,0,0.0,0.6345137,0.6345137
FGFRL1,0.75,2,0,0.0,4.12815803e-05,4.12815803e-05
FHL2,0.75,1,0,0.0,0.03823789,0.03823789
FHOD1,0.75,2,0,0.0,7.2118739185e-06,7.2118739185e-06
FIGLA,0.75,1,0,0.0,0.0009867755,0.0009867755
FIGNL1,0.75,2,0,0.0,0.0035195997500000005,0.0035195997500000005
FIGNL2,0.75,1,0,0.0,1.4277916e-06,1.4277916e-06
FITM2,0.75,2,0,0.0,5.4084894250000004e-09,5.4084894250000004e-09
FKBP11,0.75,1,0,0.0,3.6026702e-07,3.6026702e-07
FKBP4,0.75,1,0,0.0,0.012111541,0.012111541
FKBPL,0.75,1,0,0.0,6.677425e-09,6.677425e-09
FKRP,0.75,1,0,0.0,5.619285e-10,5.619285e-10
FLII,0.75,1,0,0.0,0.53714496,0.53714496
FLVCR2,0.75,1,0,0.0,4.844787e-05,4.844787e-05
FLYWCH1,0.75,1,0,0.0,2.6037488e-09,2.6037488e-09
FN3K,0.75,2,0,0.0,0.28980217342205,0.28980217342205
FNBP1L,0.75,1,0,0.0,1.6286565e-10,1.6286565e-10
FOLR1,0.75,2,0,0.0,0.40973496,0.40973496
FOXA3,0.75,1,0,0.0,0.00014311774,0.00014311774
FOXB1,0.75,2,0,0.0,1.51814681275e-08,1.51814681275e-08
FOXB2,0.75,2,0,0.0,0.0109226863,0.0109226863
FOXF2,0.75,1,0,0.0,0.0026620554,0.0026620554
FOXH1,0.75,1,0,0.0,9.0801583e-10,9.0801583e-10
FOXL1,0.75,2,0,0.0,0.39258329999999997,0.39258329999999997
FOXP4,0.75,1,0,0.0,0.45887172,0.45887172
FPGT-TNNI3K,0.75,2,0,0.0,3.707681074135e-09,3.707681074135e-09
FRG2,0.75,3,0,0.0,0.05879139,0.11424161916666666
FRMD4A,0.75,1,0,0.0,2.2142125e-08,2.2142125e-08
FSCN2,0.75,1,0,0.0,4.9160573e-14,4.9160573e-14
FSD2,0.75,1,0,0.0,0.16619922,0.16619922
FSTL3,0.75,1,0,0.0,2.0258735e-08,2.0258735e-08
FTCD,0.75,2,0,0.0,0.481325925,0.481325925
FTHL17,0.75,4,0,0.0,0.18810562349999999,0.18588489007749998
FTSJ1,0.75,3,0,0.0,1.6461166e-11,1.4444797957333334e-10
FUBP3,0.75,1,0,0.0,1.0243782e-06,1.0243782e-06
FUNDC1,0.75,1,0,0.0,0.100468256,0.100468256
FURIN,0.75,2,0,0.0,0.158488438205,0.158488438205
FUS,0.75,2,0,0.0,0.00285419735735,0.00285419735735
FXR1,0.75,3,0,0.0,0.0010026476,0.18433697591433332
GABARAPL1,0.75,1,0,0.0,0.028863126,0.028863126
GABARAPL2,0.75,1,0,0.0,0.25412428,0.25412428
GABRR2,0.75,2,0,0.0,0.10625577516474438,0.10625577516474438
GAD1,0.75,6,0,0.0,0.0625980201,0.17471079401703873
GADD45A,0.75,1,0,0.0,9.590123e-09,9.590123e-09
GAGE2E,0.75,1,0,0.0,0.65466547,0.65466547
GALE,0.75,3,0,0.0,0.46181077,0.39859817000000003
GALNS,0.75,3,0,0.0,0.001945203,0.003346717888876667
GALNT3,0.75,2,0,0.0,0.249415902,0.249415902
GALR2,0.75,1,0,0.0,0.10508864,0.10508864
GAN,0.75,1,0,0.0,0.11382004,0.11382004
GAP43,0.75,1,0,0.0,0.43038094,0.43038094
GAR1,0.75,1,0,0.0,0.0054227957,0.0054227957
GAS1,0.75,1,0,0.0,0.0072483146,0.0072483146
GAS2,0.75,3,0,0.0,4.044444e-08,5.01830965e-08
GAS2L1,0.75,2,0,0.0,0.25699012431054996,0.25699012431054996
GATA5,0.75,1,0,0.0,0.50781906,0.50781906
GATAD2A,0.75,1,0,0.0,0.000112599955,0.000112599955
GBA,0.75,2,0,0.0,0.069940202,0.069940202
GDF10,0.75,2,0,0.0,2.274626973575e-09,2.274626973575e-09
GDF7,0.75,1,0,0.0,1.4680846e-08,1.4680846e-08
GDI1,0.75,1,0,0.0,0.037242677,0.037242677
GDPD3,0.75,1,0,0.0,0.0021916493,0.0021916493
GFOD2,0.75,1,0,0.0,0.5512151,0.5512151
GFRA1,0.75,3,0,0.0,3.1485616e-08,0.07166859717015342
GGH,0.75,1,0,0.0,0.06755908,0.06755908
GGT6,0.75,1,0,0.0,7.611861e-06,7.611861e-06
GH2,0.75,3,0,0.0,0.15436508,0.220292244
GID4,0.75,1,0,0.0,9.557979e-10,9.557979e-10
GID8,0.75,2,0,0.0,6.43435825e-09,6.43435825e-09
GJB1,0.75,2,0,0.0,0.1756262725486,0.1756262725486
GJC2,0.75,1,0,0.0,0.05766939,0.05766939
GJD4,0.75,1,0,0.0,0.06957265,0.06957265
GLB1,0.75,2,0,0.0,0.00041905257,0.00041905257
GLIPR1L2,0.75,1,0,0.0,0.24745627,0.24745627
GLRA1,0.75,1,0,0.0,0.13170052,0.13170052
GLRA4,0.75,1,0,0.0,2.7832565e-13,2.7832565e-13
GLTP,0.75,2,0,0.0,0.62529868,0.62529868
GMPS,0.75,1,0,0.0,0.00973821,0.00973821
GNA15,0.75,1,0,0.0,0.71689683,0.71689683
GNAO1,0.75,2,0,0.0,0.149234982,0.149234982
GNAQ,0.75,1,0,0.0,0.023286935,0.023286935
GNAT2,0.75,1,0,0.0,0.24831155,0.24831155
GNAZ,0.75,2,0,0.0,0.404068255,0.404068255
GNB3,0.75,1,0,0.0,0.17056891,0.17056891
GNB4,0.75,1,0,0.0,7.2176794e-05,7.2176794e-05
GNGT1,0.75,1,0,0.0,0.46281627,0.46281627
GNL1,0.75,1,0,0.0,0.013278229,0.013278229
GNL3L,0.75,1,0,0.0,0.4662103,0.4662103
GNPTG,0.75,1,0,0.0,0.15142849,0.15142849
GNRH2,0.75,1,0,0.0,0.47630686,0.47630686
GOLM2,0.75,1,0,0.0,9.584835e-05,9.584835e-05
GORASP1,0.75,1,0,0.0,0.008006701,0.008006701
GOT1,0.75,1,0,0.0,2.4048324e-10,2.4048324e-10
GPATCH2,0.75,1,0,0.0,0.4051868,0.4051868
GPBP1L1,0.75,1,0,0.0,0.34373382,0.34373382
GPC3,0.75,1,0,0.0,0.70017797,0.70017797
GPC6,0.75,2,0,0.0,2.2233554e-13,2.2233554e-13
GPD1L,0.75,1,0,0.0,0.680432,0.680432
GPER1,0.75,2,0,0.0,0.03675344775,0.03675344775
GPHA2,0.75,1,0,0.0,7.199894e-07,7.199894e-07
GPHB5,0.75,1,0,0.0,1.8021256e-05,1.8021256e-05
GPN2,0.75,1,0,0.0,3.0279306e-08,3.0279306e-08
GPR12,0.75,1,0,0.0,0.14013332,0.14013332
GPR137,0.75,3,0,0.0,0.34600565,0.39713930000000003
GPR137B,0.75,1,0,0.0,0.0008548093,0.0008548093
GPR146,0.75,1,0,0.0,0.4339785,0.4339785
GPR150,0.75,2,0,0.0,8.92589925e-10,8.92589925e-10
GPR153,0.75,1,0,0.0,0.26156673,0.26156673
GPR155,0.75,2,0,0.0,1.8866301605000002e-06,1.8866301605000002e-06
GPR171,0.75,1,0,0.0,0.01883743,0.01883743
GPR6,0.75,2,0,0.0,0.16047087679505,0.16047087679505
GPR62,0.75,1,0,0.0,3.998005e-07,3.998005e-07
GPR82,0.75,1,0,0.0,0.744216,0.744216
GPR89A,0.75,1,0,0.0,0.00018663461,0.00018663461
GPRASP1,0.75,2,0,0.0,0.047665097919999996,0.047665097919999996
GPRIN1,0.75,1,0,0.0,2.716099e-12,2.716099e-12
GPX3,0.75,1,0,0.0,0.29284585,0.29284585
GPX4,0.75,1,0,0.0,0.64916015,0.64916015
GPX7,0.75,1,0,0.0,3.7547926e-10,3.7547926e-10
GPX8,0.75,1,0,0.0,0.007998157,0.007998157
GRAMD1B,0.75,4,0,0.0,0.001023364282451,0.164412857180363
GRAMD1C,0.75,1,0,0.0,0.12678723,0.12678723
GREM1,0.75,3,0,0.0,0.0008405713,0.1694560904375015
GREM2,0.75,1,0,0.0,0.21505494,0.21505494
GRIK1,0.75,7,0,0.0,0.2373177,0.23833128826632427
GRM7,0.75,5,0,0.0,0.23380372,0.2662112756458948
GRTP1,0.75,1,0,0.0,0.536046,0.536046
GRXCR1,0.75,1,0,0.0,0.50313836,0.50313836
GRXCR2,0.75,1,0,0.0,0.09539758,0.09539758
GSG1L,0.75,2,0,0.0,0.26941007455108,0.26941007455108
GSTA1,0.75,1,0,0.0,0.7363321,0.7363321
GSTA5,0.75,2,0,0.0,0.0360523935,0.0360523935
GSTK1,0.75,1,0,0.0,0.2638043,0.2638043
GSTM1,0.75,2,0,0.0,4.2105708e-11,4.2105708e-11
GSTT2,0.75,1,0,0.0,7.66768e-11,7.66768e-11
GSTT2B,0.75,2,0,0.0,0.24488730823535,0.24488730823535
GTF2E1,0.75,1,0,0.0,0.55097526,0.55097526
GTF2H4,0.75,3,0,0.0,0.17694183,0.13120923190565467
GTF3C4,0.75,1,0,0.0,4.8531803e-14,4.8531803e-14
GTF3C6,0.75,1,0,0.0,0.53398776,0.53398776
GTSF1L,0.75,1,0,0.0,0.2192669,0.2192669
GUCA1B,0.75,2,0,0.0,0.08274960649999999,0.08274960649999999
GXYLT2,0.75,1,0,0.0,0.013602065,0.013602065
GYG1,0.75,1,0,0.0,0.24073297,0.24073297
GZMA,0.75,1,0,0.0,0.0011503669,0.0011503669
H1-10,0.75,1,0,0.0,0.518683,0.518683
H1-3,0.75,2,0,0.0,0.45508436500000005,0.45508436500000005
H1-5,0.75,1,0,0.0,0.464496,0.464496
H1-7,0.75,2,0,0.0,1.0271516875e-09,1.0271516875e-09
H1-8,0.75,1,0,0.0,0.0046372083,0.0046372083
H2BC11,0.75,1,0,0.0,0.6422546,0.6422546
H6PD,0.75,1,0,0.0,9.626723e-05,9.626723e-05
HAAO,0.75,1,0,0.0,0.044159796,0.044159796
HABP2,0.75,2,0,0.0,0.004007033634115,0.004007033634115
HACL1,0.75,1,0,0.0,0.09192117,0.09192117
HADH,0.75,1,0,0.0,0.5853897,0.5853897
HAND1,0.75,1,0,0.0,0.0002579063,0.0002579063
HAPLN1,0.75,1,0,0.0,0.17556582,0.17556582
HARBI1,0.75,2,0,0.0,0.202420425,0.202420425
HAVCR2,0.75,3,0,0.0,0.5398286,0.4137979941246666
HBEGF,0.75,1,0,0.0,0.08626062,0.08626062
HCFC2,0.75,2,0,0.0,0.33142387500000003,0.33142387500000003
HCN4,0.75,4,0,0.0,0.162188385,0.151700193
HDAC2,0.75,3,0,0.0,0.31578517,0.3618727933333333
HDGF,0.75,1,0,0.0,0.16293818,0.16293818
HDHD5,0.75,2,0,0.0,0.07486568160000001,0.07486568160000001
HDX,0.75,3,0,0.0,0.5075737,0.3419231963
HEG1,0.75,1,0,0.0,0.41150054,0.41150054
HELLS,0.75,1,0,0.0,0.2990311,0.2990311
HELQ,0.75,2,0,0.0,0.230264245,0.230264245
HERC6,0.75,3,0,0.0,6.1939426e-07,0.13849453089151714
HES1,0.75,1,0,0.0,0.021185424,0.021185424
HEXIM2,0.75,1,0,0.0,0.16288838,0.16288838
HFE,0.75,2,0,0.0,0.112721786415,0.112721786415
HHEX,0.75,2,0,0.0,0.32297625665,0.32297625665
HIBADH,0.75,1,0,0.0,0.21830362,0.21830362
HINT2,0.75,1,0,0.0,0.16787,0.16787
HLA-C,0.75,1,0,0.0,0.0188903,0.0188903
HLA-DMA,0.75,2,0,0.0,0.081668307965,0.081668307965
HLA-DMB,0.75,1,0,0.0,0.740056,0.740056
HLA-DOA,0.75,3,0,0.0,0.162653,0.16182956775033333
HLA-DQB1,0.75,2,0,0.0,0.00460922385,0.00460922385
HLX,0.75,2,0,0.0,0.23879262900565,0.23879262900565
HMBS,0.75,1,0,0.0,0.55815643,0.55815643
HMGA2,0.75,1,0,0.0,0.14452803,0.14452803
HMGB1,0.75,2,0,0.0,0.007615011903235,0.007615011903235
HMGXB4,0.75,1,0,0.0,0.68360406,0.68360406
HMOX1,0.75,2,0,0.0,0.055350896999999996,0.055350896999999996
HNRNPA1L2,0.75,3,0,0.0,8.514425e-05,0.029897456223609998
HNRNPK,0.75,1,0,0.0,1.5209246e-06,1.5209246e-06
HOGA1,0.75,1,0,0.0,9.104567e-08,9.104567e-08
HOPX,0.75,1,0,0.0,8.008246e-10,8.008246e-10
HOXB5,0.75,1,0,0.0,0.057341743,0.057341743
HOXB8,0.75,2,0,0.0,0.0490255996758885,0.0490255996758885
HOXB9,0.75,1,0,0.0,1.1860455e-05,1.1860455e-05
HOXC13,0.75,1,0,0.0,4.3850044e-09,4.3850044e-09
HPF1,0.75,2,0,0.0,0.161711575,0.161711575
HRH3,0.75,3,0,0.0,0.028072529,0.10486505300000248
HRH4,0.75,1,0,0.0,0.40426707,0.40426707
HS3ST6,0.75,2,0,0.0,2.3338277295e-06,2.3338277295e-06
HS6ST1,0.75,2,0,0.0,0.26332537702415004,0.26332537702415004
HSD17B1,0.75,1,0,0.0,0.37850887,0.37850887
HSD17B12,0.75,1,0,0.0,0.05712071,0.05712071
HSD3B2,0.75,3,0,0.0,0.40258837,0.37157123666666664
HSDL1,0.75,1,0,0.0,0.023899093,0.023899093
HSF1,0.75,2,0,0.0,0.00049495556055,0.00049495556055
HSPB7,0.75,1,0,0.0,0.16055427,0.16055427
HSPD1,0.75,1,0,0.0,0.00029883356,0.00029883356
HTR1B,0.75,1,0,0.0,0.17278495,0.17278495
HUS1B,0.75,1,0,0.0,0.0072432035,0.0072432035
HYAL1,0.75,1,0,0.0,0.001612533,0.001612533
IBA57,0.75,1,0,0.0,2.4545739e-11,2.4545739e-11
ICAM3,0.75,1,0,0.0,4.797602e-05,4.797602e-05
IDI1,0.75,1,0,0.0,0.4880401,0.4880401
IFI30,0.75,1,0,0.0,8.065396e-09,8.065396e-09
IFIT2,0.75,2,0,0.0,0.250443315,0.250443315
IFITM1,0.75,1,0,0.0,0.18339515,0.18339515
IFITM2,0.75,1,0,0.0,0.06156465,0.06156465
IFITM5,0.75,1,0,0.0,2.097358e-08,2.097358e-08
IFNA10,0.75,2,0,0.0,9.18682525e-09,9.18682525e-09
IFNA21,0.75,2,0,0.0,2.4716352e-12,2.4716352e-12
IFNB1,0.75,2,0,0.0,2.7153564e-08,2.7153564e-08
IFNE,0.75,2,0,0.0,0.008579972,0.008579972
IFNLR1,0.75,1,0,0.0,0.41577935,0.41577935
IFT88,0.75,1,0,0.0,0.00013177344,0.00013177344
IFTAP,0.75,1,0,0.0,0.007998388,0.007998388
IGF1,0.75,1,0,0.0,0.15221836,0.15221836
IGFALS,0.75,1,0,0.0,1.4655163e-08,1.4655163e-08
IGHA2,0.75,2,0,0.0,0.0008354645261925,0.0008354645261925
IGHD,0.75,3,0,0.0,1.0993474e-08,8.395498533333334e-09
IGHE,0.75,3,0,0.0,4.472268e-05,0.0003412916617233333
IGHG1,0.75,3,0,0.0,0.5278014,0.40028244766666665
IGHG2,0.75,1,0,0.0,2.817956e-09,2.817956e-09
IGHJ6,0.75,1,0,0.0,0.38792622,0.38792622
IGHV1-45,0.75,1,0,0.0,0.0008361019,0.0008361019
IGHV1OR15-9,0.75,2,0,0.0,0.53199943,0.53199943
IGHV2-5,0.75,1,0,0.0,0.15305687,0.15305687
IGHV3-13,0.75,1,0,0.0,0.29273906,0.29273906
IGHV3-15,0.75,1,0,0.0,2.0924205e-11,2.0924205e-11
IGHV3-16,0.75,1,0,0.0,1.915809e-09,1.915809e-09
IGHV3-38,0.75,1,0,0.0,0.62974524,0.62974524
IGHV3-66,0.75,1,0,0.0,0.4664661,0.4664661
IGHV3OR16-8,0.75,1,0,0.0,0.44234157,0.44234157
IGKV1-13,0.75,1,0,0.0,0.42304268,0.42304268
IGKV1-5,0.75,1,0,0.0,9.613358e-05,9.613358e-05
IGKV1D-43,0.75,2,0,0.0,9.65490713335e-10,9.65490713335e-10
IGKV3-7,0.75,1,0,0.0,0.0064544105,0.0064544105
IGKV4-1,0.75,1,0,0.0,0.17816494,0.17816494
IGLON5,0.75,2,0,0.0,0.0329827905567,0.0329827905567
IGLV1-40,0.75,1,0,0.0,0.4411937,0.4411937
IGLV1-50,0.75,1,0,0.0,0.36509776,0.36509776
IGLV1-51,0.75,1,0,0.0,1.7228498e-11,1.7228498e-11
IGLV2-11,0.75,1,0,0.0,0.17466812,0.17466812
IGLV3-19,0.75,3,0,0.0,0.3492589,0.3165265483333333
IGLV8OR8-1,0.75,1,0,0.0,0.3310741,0.3310741
IK,0.75,1,0,0.0,2.6860337e-07,2.6860337e-07
IKBIP,0.75,1,0,0.0,0.3101169,0.3101169
IKZF4,0.75,1,0,0.0,0.021113954,0.021113954
IL13,0.75,1,0,0.0,0.13954473,0.13954473
IL17RA,0.75,2,0,0.0,0.014910887690000001,0.014910887690000001
IL1R1,0.75,2,0,0.0,0.24601814397222,0.24601814397222
IL21,0.75,1,0,0.0,0.14774217,0.14774217
IL22RA2,0.75,2,0,0.0,0.311571333185,0.311571333185
IL23A,0.75,1,0,0.0,0.17542402,0.17542402
IL24,0.75,1,0,0.0,0.22278516,0.22278516
IL25,0.75,1,0,0.0,7.8475625e-07,7.8475625e-07
IL3,0.75,1,0,0.0,0.71931493,0.71931493
IL4,0.75,1,0,0.0,0.5622162,0.5622162
IL6,0.75,2,0,0.0,0.10498141,0.10498141
ILDR1,0.75,2,0,0.0,0.2033370047,0.2033370047
IMP3,0.75,1,0,0.0,6.2183153e-07,6.2183153e-07
IMPACT,0.75,2,0,0.0,0.06093753815,0.06093753815
INA,0.75,1,0,0.0,5.6957533e-12,5.6957533e-12
ING4,0.75,1,0,0.0,0.44108096,0.44108096
INHBE,0.75,2,0,0.0,2.93434255e-12,2.93434255e-12
INO80B,0.75,2,0,0.0,3.810792323137425e-05,3.810792323137425e-05
INO80C,0.75,1,0,0.0,0.26156548,0.26156548
INPP5A,0.75,1,0,0.0,0.35835165,0.35835165
INPPL1,0.75,3,0,0.0,4.886699e-08,7.845947678e-06
INS,0.75,1,0,0.0,3.832642e-07,3.832642e-07
INSIG1,0.75,2,0,0.0,0.23305141499999998,0.23305141499999998
INTS14,0.75,2,0,0.0,0.5564382999999999,0.5564382999999999
INTS3,0.75,2,0,0.0,0.33108705031403907,0.33108705031403907
INTS8,0.75,2,0,0.0,0.083411652,0.083411652
IPCEF1,0.75,1,0,0.0,0.12109633,0.12109633
IPO13,0.75,3,0,0.0,2.6253717e-09,0.1684018009430376
IPO4,0.75,3,0,0.0,4.0682316e-05,0.00010189028563466668
IQCJ,0.75,1,0,0.0,0.55478173,0.55478173
IRF7,0.75,1,0,0.0,0.00031908645,0.00031908645
IRS2,0.75,2,0,0.0,2.48562679e-07,2.48562679e-07
IRX2,0.75,2,0,0.0,0.07557365000176329,0.07557365000176329
IRX4,0.75,1,0,0.0,2.7967747e-08,2.7967747e-08
IRX5,0.75,2,0,0.0,0.12971915905188702,0.12971915905188702
IRX6,0.75,2,0,0.0,0.31838524549999997,0.31838524549999997
ISG20,0.75,1,0,0.0,0.01772713,0.01772713
ISOC2,0.75,1,0,0.0,2.168955e-09,2.168955e-09
ITGA2B,0.75,1,0,0.0,0.48738825,0.48738825
ITGB8,0.75,3,0,0.0,0.29234055,0.32264000694800005
ITM2A,0.75,2,0,0.0,2.7156110498174e-08,2.7156110498174e-08
ITM2B,0.75,1,0,0.0,0.0031336974,0.0031336974
ITPK1,0.75,1,0,0.0,0.5305111,0.5305111
ITPRIP,0.75,1,0,0.0,0.0740217,0.0740217
ITPRIPL1,0.75,2,0,0.0,0.15479968516919695,0.15479968516919695
IZUMO1R,0.75,1,0,0.0,0.016144713,0.016144713
JADE1,0.75,4,0,0.0,0.021148732,0.08378209293847749
JAG2,0.75,9,0,0.0,1.0026976e-06,0.020525108219907315
JAKMIP1,0.75,4,0,0.0,6.8642308e-07,0.18497819800167753
JMJD7-PLA2G4B,0.75,1,0,0.0,0.32802677,0.32802677
JPH4,0.75,1,0,0.0,0.3110832,0.3110832
JPT1,0.75,1,0,0.0,0.037680797,0.037680797
JRKL,0.75,1,0,0.0,2.2140614e-05,2.2140614e-05
JUP,0.75,1,0,0.0,8.0041834e-10,8.0041834e-10
KANSL1,0.75,1,0,0.0,0.3107748,0.3107748
KAT7,0.75,1,0,0.0,0.15889707,0.15889707
KATNAL2,0.75,2,0,0.0,0.438218275,0.438218275
KATNB1,0.75,1,0,0.0,0.55909735,0.55909735
KBTBD11,0.75,1,0,0.0,9.260258e-09,9.260258e-09
KCNC1,0.75,1,0,0.0,1.479086e-06,1.479086e-06
KCNC2,0.75,8,0,0.0,0.233786922,0.28814017138298964
KCND1,0.75,4,0,0.0,0.07752279938881501,0.19994784219469042
KCNE3,0.75,1,0,0.0,0.00416257,0.00416257
KCNE4,0.75,1,0,0.0,0.4275202,0.4275202
KCNJ10,0.75,1,0,0.0,0.008009201,0.008009201
KCNJ12,0.75,3,0,0.0,6.0373986e-07,0.12043954750691
KCNJ2,0.75,1,0,0.0,0.5651704,0.5651704
KCNJ5,0.75,4,0,0.0,0.087995565,0.218599296075
KCNK12,0.75,1,0,0.0,2.85756e-05,2.85756e-05
KCNK18,0.75,2,0,0.0,0.198450617064361,0.198450617064361
KCTD11,0.75,1,0,0.0,0.4949784,0.4949784
KCTD12,0.75,3,0,0.0,8.308746e-06,0.015464131425920001
KCTD2,0.75,3,0,0.0,0.059721295,0.09849536523568651
KDM5D,0.75,6,0,0.0,4.099297e-11,8.658215693333332e-11
KHDC1,0.75,1,0,0.0,0.004665178,0.004665178
KIAA0408,0.75,2,0,0.0,0.00041068352,0.00041068352
KIAA1191,0.75,1,0,0.0,0.097879924,0.097879924
KIAA1328,0.75,1,0,0.0,0.045852605,0.045852605
KIF22,0.75,1,0,0.0,0.013128732,0.013128732
KIF23,0.75,3,0,0.0,0.069009125,0.19715497651836
KIF24,0.75,1,0,0.0,1.6556977e-12,1.6556977e-12
KIF2A,0.75,2,0,0.0,0.10602121835,0.10602121835
KIF6,0.75,1,0,0.0,0.015244376,0.015244376
KIN,0.75,1,0,0.0,0.6586611,0.6586611
KLC2,0.75,2,0,0.0,0.16489629848499998,0.16489629848499998
KLF14,0.75,2,0,0.0,0.00016256275345,0.00016256275345
KLF5,0.75,2,0,0.0,0.09427479400000001,0.09427479400000001
KLF7,0.75,2,0,0.0,0.3219310125,0.3219310125
KLF9,0.75,1,0,0.0,4.3738164e-05,4.3738164e-05
KLHDC2,0.75,1,0,0.0,6.672755e-08,6.672755e-08
KLHDC4,0.75,1,0,0.0,0.07365445,0.07365445
KLHL2,0.75,1,0,0.0,0.0005698607,0.0005698607
KLK1,0.75,1,0,0.0,0.024677746,0.024677746
KLK5,0.75,3,0,0.0,0.15499607,0.11531129001036526
KLK7,0.75,2,0,0.0,9.171842662085e-05,9.171842662085e-05
KLRD1,0.75,1,0,0.0,0.7031414,0.7031414
KLRG2,0.75,1,0,0.0,0.11592956,0.11592956
KMT5B,0.75,1,0,0.0,1.1324391e-05,1.1324391e-05
KNCN,0.75,1,0,0.0,0.008006523,0.008006523
KNOP1,0.75,3,0,0.0,1.44053865e-05,0.013500316814663333
KPNA6,0.75,2,0,0.0,0.451900935,0.451900935
KRBOX4,0.75,2,0,0.0,9.918170101e-07,9.918170101e-07
KREMEN2,0.75,1,0,0.0,0.07107638,0.07107638
KRIT1,0.75,2,0,0.0,0.25388061,0.25388061
KRT18P23,0.75,1,0,0.0,0.6087739,0.6087739
KRT77,0.75,2,0,0.0,0.185923155,0.185923155
KRT86,0.75,2,0,0.0,0.15762387885,0.15762387885
KRTAP10-10,0.75,2,0,0.0,0.31111337485,0.31111337485
KRTAP10-12,0.75,1,0,0.0,0.00802831,0.00802831
KRTAP11-1,0.75,1,0,0.0,0.39238495,0.39238495
KRTAP12-4,0.75,2,0,0.0,0.36460339499999994,0.36460339499999994
KRTAP19-1,0.75,2,0,0.0,0.50536528,0.50536528
KRTAP26-1,0.75,1,0,0.0,4.873154e-05,4.873154e-05
KRTAP3-3,0.75,3,0,0.0,7.0452865e-07,0.0006661491588
KRTAP4-1,0.75,1,0,0.0,9.052908e-09,9.052908e-09
KRTAP4-5,0.75,3,0,0.0,2.1670514e-05,0.06429208689946668
KRTAP6-2,0.75,3,0,0.0,0.27282026,0.31506959381666666
KSR1,0.75,4,0,0.0,0.052106669,0.1481148180961905
KXD1,0.75,1,0,0.0,0.007230737,0.007230737
LACTB,0.75,2,0,0.0,0.075590198477725,0.075590198477725
LAMP1,0.75,1,0,0.0,0.54631853,0.54631853
LAMTOR1,0.75,1,0,0.0,3.667082e-08,3.667082e-08
LAMTOR2,0.75,1,0,0.0,0.31109294,0.31109294
LAMTOR3,0.75,1,0,0.0,0.29218072,0.29218072
LANCL3,0.75,1,0,0.0,8.605045e-09,8.605045e-09
LARS2,0.75,1,0,0.0,0.0021110836,0.0021110836
LAT2,0.75,1,0,0.0,0.2850499,0.2850499
LBX1,0.75,2,0,0.0,1.75180132e-11,1.75180132e-11
LCE3A,0.75,1,0,0.0,0.09060871,0.09060871
LCN10,0.75,1,0,0.0,1.9741514e-13,1.9741514e-13
LDHA,0.75,2,0,0.0,0.08050524213063949,0.08050524213063949
LDHC,0.75,1,0,0.0,0.15691115,0.15691115
LDLRAP1,0.75,1,0,0.0,0.22168097,0.22168097
LEFTY2,0.75,3,0,0.0,6.5308834e-09,1.5141773961333334e-06
LELP1,0.75,1,0,0.0,0.00010754392,0.00010754392
LENG1,0.75,1,0,0.0,0.099664,0.099664
LEPR,0.75,1,0,0.0,0.0019785347,0.0019785347
LGALS3,0.75,1,0,0.0,0.0016438906,0.0016438906
LGALS9B,0.75,1,0,0.0,0.7322056,0.7322056
LGI4,0.75,1,0,0.0,0.00014314543,0.00014314543
LHFPL4,0.75,1,0,0.0,1.7292184e-07,1.7292184e-07
LHFPL5,0.75,1,0,0.0,0.00082347315,0.00082347315
LHX4,0.75,3,0,0.0,0.1333779,0.12840329013333332
LHX5,0.75,1,0,0.0,2.244195e-09,2.244195e-09
LHX6,0.75,2,0,0.0,0.363996657017895,0.363996657017895
LIG1,0.75,3,0,0.0,0.21358019,0.1484522553399
LIG4,0.75,1,0,0.0,0.0023270727,0.0023270727
LIMK1,0.75,3,0,0.0,0.5076931,0.3992942466666667
LIMS1,0.75,2,0,0.0,0.218197451105,0.218197451105
LINC00174,0.75,1,0,0.0,2.0339648e-09,2.0339648e-09
LINC01098,0.75,1,0,0.0,0.02576124,0.02576124
LINC01587,0.75,1,0,0.0,0.0048249546,0.0048249546
LINC01600,0.75,2,0,0.0,0.23739392157,0.23739392157
LINC02843,0.75,1,0,0.0,0.46519858,0.46519858
LINC02870,0.75,1,0,0.0,0.44303957,0.44303957
LIPC,0.75,1,0,0.0,0.0013464475,0.0013464475
LIPK,0.75,2,0,0.0,0.30605258,0.30605258
LIPN,0.75,1,0,0.0,0.059701983,0.059701983
LMAN1,0.75,2,0,0.0,0.35825649815,0.35825649815
LMAN1L,0.75,3,0,0.0,0.15517631,0.25361354179025003
LMF2,0.75,1,0,0.0,0.0006976025,0.0006976025
LMNA,0.75,1,0,0.0,2.4829534e-11,2.4829534e-11
LMNB1,0.75,1,0,0.0,0.00061701896,0.00061701896
LMOD1,0.75,1,0,0.0,1.7634866e-08,1.7634866e-08
LMX1B,0.75,2,0,0.0,1.6846800199999999e-06,1.6846800199999999e-06
LONP2,0.75,3,0,0.0,0.07769416,0.09140427703333333
LPAR5,0.75,2,0,0.0,1.0518554275000001e-08,1.0518554275000001e-08
LPAR6,0.75,2,0,0.0,0.000941996346275,0.000941996346275
LPIN2,0.75,5,0,0.0,0.50409347,0.3327024992109706
LPXN,0.75,3,0,0.0,0.0007190504,0.006527081457948901
LRFN3,0.75,2,0,0.0,0.000341675572175,0.000341675572175
LRFN4,0.75,1,0,0.0,8.2007975e-14,8.2007975e-14
LRP11,0.75,1,0,0.0,0.00045658348,0.00045658348
LRP3,0.75,4,0,0.0,4.19138317e-08,7.12413356575e-08
LRPAP1,0.75,1,0,0.0,4.1121004e-09,4.1121004e-09
LRPPRC,0.75,5,0,0.0,1.3350164e-05,0.14846527107720786
LRRC17,0.75,1,0,0.0,0.4996865,0.4996865
LRRC3,0.75,2,0,0.0,0.28914302000000003,0.28914302000000003
LRRC34,0.75,2,0,0.0,0.55588076,0.55588076
LRRC73,0.75,1,0,0.0,4.885292e-07,4.885292e-07
LRRC75A,0.75,3,0,0.0,0.0011357983,0.16313794848007665
LRRN4CL,0.75,1,0,0.0,5.1887446e-07,5.1887446e-07
LRRTM1,0.75,2,0,0.0,0.000733342075,0.000733342075
LRRTM4,0.75,2,0,0.0,4.6500102375e-05,4.6500102375e-05
LSM12,0.75,1,0,0.0,0.24162647,0.24162647
LSS,0.75,1,0,0.0,0.5463062,0.5463062
LTB4R2,0.75,1,0,0.0,5.215007e-05,5.215007e-05
LTBP2,0.75,14,0,0.0,0.0009831429,0.10266609630096853
LTBP3,0.75,1,0,0.0,6.649034e-07,6.649034e-07
LTF,0.75,2,0,0.0,0.13635009299999998,0.13635009299999998
LUC7L2,0.75,2,0,0.0,0.55149609,0.55149609
LY6G5C,0.75,1,0,0.0,0.00069114944,0.00069114944
LY6G6D,0.75,1,0,0.0,0.6873517,0.6873517
LY6K,0.75,1,0,0.0,0.24836111,0.24836111
LY86,0.75,1,0,0.0,0.0172225,0.0172225
LYAR,0.75,1,0,0.0,6.230035e-05,6.230035e-05
LYSMD4,0.75,3,0,0.0,0.22442865,0.25601958545523334
M1AP,0.75,3,0,0.0,0.0018822971,0.2325218759666667
M6PR,0.75,1,0,0.0,0.68401545,0.68401545
MAD2L1BP,0.75,1,0,0.0,0.00022991649,0.00022991649
MAF1,0.75,1,0,0.0,0.40899464,0.40899464
MAFG,0.75,1,0,0.0,1.01866e-07,1.01866e-07
MAGEA1,0.75,1,0,0.0,0.28905445,0.28905445
MAGEA5,0.75,2,0,0.0,0.5184786450000001,0.5184786450000001
MAGEH1,0.75,1,0,0.0,1.5542683e-09,1.5542683e-09
MAGIX,0.75,1,0,0.0,0.016787851,0.016787851
MALSU1,0.75,1,0,0.0,0.013713758,0.013713758
MANEAL,0.75,1,0,0.0,0.19794999,0.19794999
MAOA,0.75,1,0,0.0,2.96129e-05,2.96129e-05
MAP10,0.75,3,0,0.0,0.068563186,0.128067291
MAP1LC3B,0.75,1,0,0.0,0.36512405,0.36512405
MAP2K5,0.75,1,0,0.0,0.65698856,0.65698856
MAP2K6,0.75,1,0,0.0,0.51825565,0.51825565
MAP4K5,0.75,1,0,0.0,0.4653745,0.4653745
MAP7,0.75,4,0,0.0,0.00040953271473,0.14696832918911415
MAPK10,0.75,2,0,0.0,0.236104094867165,0.236104094867165
MAPK1IP1L,0.75,1,0,0.0,1.5209224e-08,1.5209224e-08
MAPK4,0.75,2,0,0.0,0.5365141600000001,0.5365141600000001
MAPRE3,0.75,1,0,0.0,0.36121497,0.36121497
MARK2,0.75,1,0,0.0,9.25205e-09,9.25205e-09
MARK3,0.75,1,0,0.0,0.06565276,0.06565276
MAS1,0.75,1,0,0.0,0.65985584,0.65985584
MASP2,0.75,4,0,0.0,5.275882145e-08,0.06267938388078864
MASTL,0.75,1,0,0.0,0.059628148,0.059628148
MATN1,0.75,1,0,0.0,0.6086589,0.6086589
MAZ,0.75,1,0,0.0,4.3841506e-13,4.3841506e-13
MBD3,0.75,1,0,0.0,0.62360555,0.62360555
MBD4,0.75,1,0,0.0,0.09128854,0.09128854
MBIP,0.75,2,0,0.0,1.26522255e-09,1.26522255e-09
MBL2,0.75,2,0,0.0,2.0281544499999998e-10,2.0281544499999998e-10
MBLAC1,0.75,1,0,0.0,3.1284344e-09,3.1284344e-09
MBOAT7,0.75,1,0,0.0,6.0288085e-07,6.0288085e-07
MBTD1,0.75,1,0,0.0,0.44009182,0.44009182
MBTPS2,0.75,1,0,0.0,9.055598e-10,9.055598e-10
MCAT,0.75,1,0,0.0,3.672217e-06,3.672217e-06
MCMBP,0.75,2,0,0.0,0.030167904007735294,0.030167904007735294
MCMDC2,0.75,3,0,0.0,0.03411954,0.13730978803094002
MCPH1,0.75,4,0,0.0,0.00215270802301,0.1279088123627725
MCRIP2,0.75,1,0,0.0,0.3514747,0.3514747
MDH1B,0.75,2,0,0.0,0.3566839730475,0.3566839730475
MDH2,0.75,2,0,0.0,0.238539445,0.238539445
MDP1,0.75,1,0,0.0,0.20430711,0.20430711
MDS2,0.75,2,0,0.0,0.036543206979,0.036543206979
MED10,0.75,1,0,0.0,0.22940488,0.22940488
MED12L,0.75,7,0,0.0,0.19312976,0.2610724810582714
MED22,0.75,3,0,0.0,0.13014562,0.2684388200138697
MED25,0.75,2,0,0.0,0.312112195,0.312112195
MEF2A,0.75,2,0,0.0,0.1064442897175,0.1064442897175
MEGF11,0.75,3,0,0.0,0.26157653,0.22675559833333334
MELK,0.75,3,0,0.0,0.006433319,0.019490331146666668
MEP1B,0.75,4,0,0.0,0.0046716150000000005,0.12007647503907244
MESP2,0.75,1,0,0.0,0.44415593,0.44415593
METAP1,0.75,1,0,0.0,0.072744496,0.072744496
METAP2,0.75,1,0,0.0,0.36376372,0.36376372
METRNL,0.75,2,0,0.0,0.414043735,0.414043735
METTL21A,0.75,1,0,0.0,0.3676305,0.3676305
METTL24,0.75,1,0,0.0,0.6054032,0.6054032
METTL7A,0.75,2,0,0.0,0.516539735,0.516539735
METTL8,0.75,1,0,0.0,0.001212746,0.001212746
MFAP3L,0.75,3,0,0.0,4.8087913e-06,0.00010130861186666668
MFF,0.75,1,0,0.0,0.01673833,0.01673833
MFNG,0.75,3,0,0.0,2.7509988e-09,0.004918192321421467
MFSD10,0.75,2,0,0.0,9.0237132e-07,9.0237132e-07
MFSD11,0.75,2,0,0.0,0.0827257315,0.0827257315
MFSD12,0.75,1,0,0.0,7.653416e-08,7.653416e-08
MFSD13A,0.75,1,0,0.0,0.23217528,0.23217528
MFSD14A,0.75,1,0,0.0,0.008003842,0.008003842
MFSD3,0.75,1,0,0.0,0.0016659431,0.0016659431
MFSD4B,0.75,1,0,0.0,0.0006268191,0.0006268191
MFSD8,0.75,3,0,0.0,0.0026531892,0.16487647396666666
MGARP,0.75,1,0,0.0,0.60661,0.60661
MGAT1,0.75,1,0,0.0,3.291146e-09,3.291146e-09
MGMT,0.75,5,0,0.0,4.2419974e-11,1.81370120610964e-06
MGST1,0.75,1,0,0.0,0.25893858,0.25893858
MIB2,0.75,2,0,0.0,0.000333164175,0.000333164175
MICALL2,0.75,2,0,0.0,0.004009410093852,0.004009410093852
MICU1,0.75,2,0,0.0,0.029915717315,0.029915717315
MIER1,0.75,1,0,0.0,2.2952338e-05,2.2952338e-05
MIGA1,0.75,1,0,0.0,0.62107,0.62107
MIIP,0.75,1,0,0.0,1.863655e-11,1.863655e-11
MILR1,0.75,1,0,0.0,0.67300606,0.67300606
MIOX,0.75,1,0,0.0,6.2422616e-05,6.2422616e-05
MIR1-1HG-AS1,0.75,2,0,0.0,0.34994590773605,0.34994590773605
MIR1179,0.75,1,0,0.0,0.3910872,0.3910872
MIR124-1,0.75,1,0,0.0,0.037875254,0.037875254
MIR1261,0.75,1,0,0.0,0.41518718,0.41518718
MIR1283-1,0.75,1,0,0.0,0.15210034,0.15210034
MIR1323,0.75,1,0,0.0,0.012216761,0.012216761
MIR15A,0.75,1,0,0.0,0.007981151,0.007981151
MIR16-1,0.75,2,0,0.0,0.222620335,0.222620335
MIR1915,0.75,1,0,0.0,6.8071024e-08,6.8071024e-08
MIR20A,0.75,1,0,0.0,0.000120916484,0.000120916484
MIR302F,0.75,1,0,0.0,0.69327444,0.69327444
MIR372,0.75,1,0,0.0,0.0003243576,0.0003243576
MIR380,0.75,1,0,0.0,0.6326189,0.6326189
MIR424,0.75,1,0,0.0,0.13007402,0.13007402
MIR492,0.75,1,0,0.0,0.28442225,0.28442225
MIR495,0.75,1,0,0.0,0.64471656,0.64471656
MIR498,0.75,2,0,0.0,0.20670344499999999,0.20670344499999999
MIR508,0.75,2,0,0.0,0.08442681895,0.08442681895
MIR515-1,0.75,2,0,0.0,0.09578744619879,0.09578744619879
MIR758,0.75,1,0,0.0,0.07548242,0.07548242
MIR9-1HG,0.75,1,0,0.0,0.06905006,0.06905006
MIS18BP1,0.75,1,0,0.0,0.2691382,0.2691382
MITF,0.75,2,0,0.0,0.25697991,0.25697991
MLEC,0.75,1,0,0.0,0.48882896,0.48882896
MLST8,0.75,3,0,0.0,0.5394838,0.47954106
MLYCD,0.75,1,0,0.0,3.678372e-06,3.678372e-06
MMP12,0.75,4,0,0.0,0.02853295457634845,0.058484212302567215
MMP15,0.75,6,0,0.0,4.0469855249999995e-07,0.014168426110683521
MMP19,0.75,3,0,0.0,0.34566167,0.23821101633333333
MMP21,0.75,4,0,0.0,1.56558991e-05,0.04664950544960239
MMP24,0.75,2,0,0.0,0.0054095553194245,0.0054095553194245
MMP26,0.75,2,0,0.0,0.3163524505,0.3163524505
MMRN2,0.75,3,0,0.0,1.6065834e-11,6.749999314883334e-09
MMS19,0.75,2,0,0.0,0.12499310948664999,0.12499310948664999
MN1,0.75,4,0,0.0,0.2602859485,0.28707641925
MNT,0.75,2,0,0.0,5.619211e-09,5.619211e-09
MOB3A,0.75,2,0,0.0,0.019268275749999998,0.019268275749999998
MOCOS,0.75,5,0,0.0,0.09066456,0.22183300818
MOGAT3,0.75,2,0,0.0,0.0764711232106182,0.0764711232106182
MOK,0.75,2,0,0.0,6.21831173e-07,6.21831173e-07
MORC3,0.75,4,0,0.0,0.214227565,0.18687016075000001
MORF4,0.75,1,0,0.0,0.18135996,0.18135996
MORN3,0.75,2,0,0.0,0.209074983,0.209074983
MOSPD3,0.75,1,0,0.0,0.15435229,0.15435229
MPG,0.75,1,0,0.0,0.63263756,0.63263756
MPHOSPH10,0.75,2,0,0.0,4.861476091649999e-06,4.861476091649999e-06
MPIG6B,0.75,1,0,0.0,0.4562178,0.4562178
MPZ,0.75,1,0,0.0,0.01996385,0.01996385
MPZL1,0.75,1,0,0.0,0.1791378,0.1791378
MPZL2,0.75,1,0,0.0,0.5075314,0.5075314
MRAS,0.75,1,0,0.0,0.0011439176,0.0011439176
MRC2,0.75,6,0,0.0,0.104097535,0.229227445136975
MRM2,0.75,1,0,0.0,0.44420463,0.44420463
MRPL2,0.75,2,0,0.0,0.37586762,0.37586762
MRPL24,0.75,1,0,0.0,0.06117192,0.06117192
MRPL28,0.75,1,0,0.0,0.20241752,0.20241752
MRPL33,0.75,1,0,0.0,0.0013520779,0.0013520779
MRPL44,0.75,1,0,0.0,0.1784587,0.1784587
MRPL45,0.75,1,0,0.0,0.65534693,0.65534693
MRPL49,0.75,2,0,0.0,0.316249562401462,0.316249562401462
MRPL9,0.75,1,0,0.0,0.16781065,0.16781065
MRPS17,0.75,1,0,0.0,0.019966686,0.019966686
MRPS17P9,0.75,1,0,0.0,5.8050075e-14,5.8050075e-14
MRTFA,0.75,2,0,0.0,0.2639440433655,0.2639440433655
MRTFB,0.75,4,0,0.0,0.221609435,0.300377795
MS4A10,0.75,1,0,0.0,0.18425122,0.18425122
MS4A14,0.75,5,0,0.0,0.36673203,0.36714714399
MS4A15,0.75,1,0,0.0,0.18064368,0.18064368
MS4A4A,0.75,2,0,0.0,0.34216429389999997,0.34216429389999997
MS4A6E,0.75,2,0,0.0,0.348234065,0.348234065
MS4A8,0.75,4,0,0.0,0.50644965,0.5157329075
MSANTD3,0.75,2,0,0.0,0.000349535928208,0.000349535928208
MSANTD4,0.75,1,0,0.0,0.043016843,0.043016843
MSL3,0.75,4,0,0.0,1.84546065e-11,0.12838512501014052
MSLNL,0.75,4,0,0.0,1.7041474e-07,0.02902787772654099
MSN,0.75,3,0,0.0,1.7802183e-12,1.9772521660000002e-12
MSTO1,0.75,1,0,0.0,0.5150367,0.5150367
MSX2,0.75,1,0,0.0,0.47046798,0.47046798
MT1B,0.75,1,0,0.0,0.4947147,0.4947147
MT1F,0.75,1,0,0.0,0.137686,0.137686
MTARC2,0.75,2,0,0.0,0.0005759254034999999,0.0005759254034999999
MTCH2,0.75,1,0,0.0,0.43805134,0.43805134
MTCP1,0.75,2,0,0.0,0.28329505,0.28329505
MTF2,0.75,3,0,0.0,0.086152,0.260751734
MTG1,0.75,1,0,0.0,2.7509461e-09,2.7509461e-09
MTX3,0.75,2,0,0.0,0.07555042748965249,0.07555042748965249
MUC13,0.75,1,0,0.0,0.4306253,0.4306253
MUCL1,0.75,1,0,0.0,0.6481058,0.6481058
MXD3,0.75,1,0,0.0,0.00021965618,0.00021965618
MYBL1,0.75,3,0,0.0,8.565793e-09,0.02068314952277501
MYCL,0.75,1,0,0.0,0.47402242,0.47402242
MYCN,0.75,3,0,0.0,0.73818165,0.4942746660647433
MYEOV,0.75,1,0,0.0,0.004354986,0.004354986
MYL2,0.75,2,0,0.0,0.339309175,0.339309175
MYLPF,0.75,1,0,0.0,4.466561e-05,4.466561e-05
MYMK,0.75,1,0,0.0,0.13337404,0.13337404
MYO5A,0.75,3,0,0.0,0.29242158,0.27600681033333335
MYOG,0.75,1,0,0.0,9.600336e-09,9.600336e-09
NAA16,0.75,1,0,0.0,0.10339502,0.10339502
NAA35,0.75,2,0,0.0,0.09456707668037001,0.09456707668037001
NAB2,0.75,2,0,0.0,0.19261959,0.19261959
NABP1,0.75,2,0,0.0,0.27536218901255,0.27536218901255
NACC2,0.75,2,0,0.0,2.07773285e-10,2.07773285e-10
NAPEPLD,0.75,1,0,0.0,0.23369658,0.23369658
NAPSA,0.75,1,0,0.0,0.046966005,0.046966005
NARS2,0.75,2,0,0.0,0.4069144975,0.4069144975
NBPF11,0.75,1,0,0.0,0.04599702,0.04599702
NBR1,0.75,3,0,0.0,0.0015743416,0.035476727553
NCAPD2,0.75,2,0,0.0,0.252913255,0.252913255
NCBP3,0.75,1,0,0.0,0.258406,0.258406
NCCRP1,0.75,1,0,0.0,0.69171125,0.69171125
NCDN,0.75,5,0,0.0,0.07741163,0.1817361224081016
NCKAP5L,0.75,2,0,0.0,0.1694091415656887,0.1694091415656887
NCLN,0.75,2,0,0.0,0.0016279156152525,0.0016279156152525
NDC80,0.75,1,0,0.0,0.37957907,0.37957907
NDE1,0.75,1,0,0.0,0.55794775,0.55794775
NDEL1,0.75,1,0,0.0,0.0203011,0.0203011
NDP,0.75,1,0,0.0,0.044147495,0.044147495
NDUFA10,0.75,3,0,0.0,0.60088414,0.421779013334503
NDUFA4L2,0.75,1,0,0.0,0.5775118,0.5775118
NDUFAF1,0.75,1,0,0.0,0.5201161,0.5201161
NDUFB1,0.75,2,0,0.0,3.22231155e-08,3.22231155e-08
NDUFB11,0.75,1,0,0.0,0.1402517,0.1402517
NDUFV2,0.75,1,0,0.0,1.1103756e-07,1.1103756e-07
NDUFV3,0.75,3,0,0.0,0.031504087,0.1193410535521
NEBL-AS1,0.75,2,0,0.0,0.150888993,0.150888993
NECAP2,0.75,2,0,0.0,0.10294065649999999,0.10294065649999999
NEDD1,0.75,2,0,0.0,0.032107870600000005,0.032107870600000005
NEFH,0.75,2,0,0.0,2.6744619e-08,2.6744619e-08
NEK3,0.75,5,0,0.0,2.0288773e-09,0.11523183514608382
NET1,0.75,1,0,0.0,0.061130386,0.061130386
NEU4,0.75,3,0,0.0,1.3473552e-07,0.12237265299729966
NEURL1,0.75,2,0,0.0,0.315240906023562,0.315240906023562
NEURL2,0.75,1,0,0.0,0.74998224,0.74998224
NEUROD2,0.75,1,0,0.0,0.042189136,0.042189136
NFATC2IP,0.75,2,0,0.0,0.09141706953,0.09141706953
NFKB2,0.75,3,0,0.0,3.7048595e-10,0.011336922790163758
NFKBIE,0.75,1,0,0.0,0.7252854,0.7252854
NFKBIL1,0.75,1,0,0.0,1.0639857e-06,1.0639857e-06
NFS1,0.75,1,0,0.0,0.3417583,0.3417583
NGFR,0.75,2,0,0.0,0.10904675085,0.10904675085
NHEJ1,0.75,1,0,0.0,0.52843493,0.52843493
NHLRC1,0.75,3,0,0.0,0.0011619925,0.0011452371666666667
NHSL2,0.75,1,0,0.0,0.25248468,0.25248468
NIBAN3,0.75,1,0,0.0,0.49710876,0.49710876
NINJ1,0.75,1,0,0.0,0.0002192442,0.0002192442
NIPAL1,0.75,1,0,0.0,0.018249305,0.018249305
NKD1,0.75,1,0,0.0,8.454316e-09,8.454316e-09
NKRF,0.75,1,0,0.0,2.6681302e-05,2.6681302e-05
NKX2-1,0.75,1,0,0.0,1.4799368e-06,1.4799368e-06
NKX2-3,0.75,1,0,0.0,0.00031858217,0.00031858217
NKX3-1,0.75,1,0,0.0,0.61377865,0.61377865
NKX3-2,0.75,1,0,0.0,6.649884e-07,6.649884e-07
NKX6-1,0.75,1,0,0.0,1.8107592e-07,1.8107592e-07
NLGN3,0.75,2,0,0.0,0.1149301250000237,0.1149301250000237
NMNAT3,0.75,1,0,0.0,0.000675368,0.000675368
NOC4L,0.75,1,0,0.0,0.73398054,0.73398054
NOL10,0.75,1,0,0.0,7.5173374e-11,7.5173374e-11
NOL11,0.75,2,0,0.0,0.158626315,0.158626315
NOL3,0.75,1,0,0.0,1.1248842e-05,1.1248842e-05
NOL4L,0.75,2,0,0.0,2.1656997594999998e-09,2.1656997594999998e-09
NOL6,0.75,6,0,0.0,0.015384562000000001,0.10920502728333333
NOMO1,0.75,2,0,0.0,0.13324300025,0.13324300025
NONO,0.75,4,0,0.0,0.39024767,0.34257075575
NOX3,0.75,5,0,0.0,0.50751597,0.3478071020040483
NOXA1,0.75,1,0,0.0,7.2613937e-09,7.2613937e-09
NOXRED1,0.75,1,0,0.0,6.667977e-07,6.667977e-07
NPEPL1,0.75,1,0,0.0,6.003662e-08,6.003662e-08
NPFFR1,0.75,3,0,0.0,7.6243174e-05,9.3403228074e-05
NPTN,0.75,1,0,0.0,0.6883762,0.6883762
NR2E1,0.75,1,0,0.0,8.543281e-05,8.543281e-05
NR2E3,0.75,1,0,0.0,1.5570368e-09,1.5570368e-09
NR4A1,0.75,5,0,0.0,0.001357075,0.081063966933164
NR5A1,0.75,3,0,0.0,0.00021016764,0.005661373920166667
NR5A2,0.75,2,0,0.0,0.32646807,0.32646807
NR6A1,0.75,1,0,0.0,0.037197582,0.037197582
NRIP2,0.75,1,0,0.0,0.51526606,0.51526606
NRIP3,0.75,1,0,0.0,0.58166134,0.58166134
NRM,0.75,1,0,0.0,0.25759685,0.25759685
NRN1,0.75,2,0,0.0,0.002758524785,0.002758524785
NRSN2,0.75,3,0,0.0,0.031099556,0.07991701706666667
NSFL1C,0.75,4,0,0.0,0.00042961710497,0.0447543748659
NSG1,0.75,1,0,0.0,0.116094865,0.116094865
NSUN3,0.75,1,0,0.0,0.60170275,0.60170275
NT5C1B-RDH14,0.75,1,0,0.0,0.70912033,0.70912033
NT5DC2,0.75,3,0,0.0,0.13016239,0.2235032358
NTF4,0.75,1,0,0.0,0.3954543,0.3954543
NUBP1,0.75,2,0,0.0,0.122399793939275,0.122399793939275
NUDT11,0.75,2,0,0.0,0.09028420007,0.09028420007
NUDT14,0.75,1,0,0.0,0.1135706,0.1135706
NUMBL,0.75,1,0,0.0,7.889131e-13,7.889131e-13
NUTM2F,0.75,1,0,0.0,5.4552793e-06,5.4552793e-06
NXF1,0.75,4,0,0.0,0.39519656,0.347200685
NXPH3,0.75,1,0,0.0,0.3203963,0.3203963
OAS1,0.75,1,0,0.0,0.09153203,0.09153203
OAZ3,0.75,1,0,0.0,0.0007725621,0.0007725621
ODF1,0.75,2,0,0.0,0.38787254299999996,0.38787254299999996
ODF4,0.75,3,0,0.0,0.083634965,0.23131193026666666
ODR4,0.75,1,0,0.0,2.0447676e-08,2.0447676e-08
OGFRL1,0.75,1,0,0.0,0.00096023263,0.00096023263
OLAH,0.75,1,0,0.0,0.62590206,0.62590206
OLIG2,0.75,1,0,0.0,1.1861575e-05,1.1861575e-05
OLR1,0.75,5,0,0.0,0.22513184,0.31177073229999996
OMD,0.75,1,0,0.0,1.7769673e-06,1.7769673e-06
OMG,0.75,1,0,0.0,0.24621026,0.24621026
ONECUT1,0.75,1,0,0.0,4.442094e-07,4.442094e-07
OPN1MW,0.75,1,0,0.0,0.676864,0.676864
OPRD1,0.75,2,0,0.0,3.6286596698899995e-07,3.6286596698899995e-07
OR10G3,0.75,1,0,0.0,0.00062299747,0.00062299747
OR10G8,0.75,3,0,0.0,0.0001588928,0.152420551025
OR10H2,0.75,1,0,0.0,0.000361907,0.000361907
OR11A1,0.75,2,0,0.0,0.0001544314218185,0.0001544314218185
OR11L1,0.75,1,0,0.0,0.0017051274,0.0017051274
OR13A1,0.75,3,0,0.0,0.5952149,0.41905310033856874
OR14I1,0.75,3,0,0.0,0.54334635,0.51822312
OR1B1,0.75,2,0,0.0,0.00025332277,0.00025332277
OR1J4,0.75,2,0,0.0,3.2575341e-08,3.2575341e-08
OR1S2,0.75,1,0,0.0,0.5990057,0.5990057
OR2AK2,0.75,1,0,0.0,0.6198694,0.6198694
OR2B11,0.75,1,0,0.0,0.0058998913,0.0058998913
OR2B2,0.75,1,0,0.0,0.06607558,0.06607558
OR2M7,0.75,1,0,0.0,0.6192923,0.6192923
OR2T2,0.75,4,0,0.0,0.09951289,0.21775834503714697
OR2T35,0.75,1,0,0.0,6.352621e-06,6.352621e-06
OR2T8,0.75,1,0,0.0,1.1554561e-07,1.1554561e-07
OR4B1,0.75,2,0,0.0,0.19516472499999998,0.19516472499999998
OR4C11,0.75,3,0,0.0,2.0326681e-06,0.09751426468331
OR4S1,0.75,1,0,0.0,0.055169202,0.055169202
OR51A7,0.75,1,0,0.0,0.0714757,0.0714757
OR51F2,0.75,2,0,0.0,0.0307128632265,0.0307128632265
OR51I2,0.75,1,0,0.0,0.38662076,0.38662076
OR52E2,0.75,3,0,0.0,0.21332912,0.26422026022899997
OR52E6,0.75,2,0,0.0,0.274810005,0.274810005
OR56A3,0.75,2,0,0.0,0.3478570938167225,0.3478570938167225
OR56B1,0.75,1,0,0.0,0.7002413,0.7002413
OR5AK2,0.75,3,0,0.0,0.37589338,0.43623726
OR5AS1,0.75,3,0,0.0,0.15816128,0.28126088499999996
OR5H14,0.75,3,0,0.0,0.00018343162,0.004343903168333334
OR5M11,0.75,3,0,0.0,0.46508357,0.4177277466666667
OR5M3,0.75,2,0,0.0,0.375007745,0.375007745
OR6C68,0.75,1,0,0.0,0.19470881,0.19470881
OR6K6,0.75,1,0,0.0,0.31927398,0.31927398
OR6S1,0.75,2,0,0.0,4.32012285e-05,4.32012285e-05
OR7C1,0.75,3,0,0.0,0.08137903,0.2522166986766667
OR8B4,0.75,1,0,0.0,0.20840952,0.20840952
OR8G1,0.75,3,0,0.0,0.31300524,0.28121402403333334
OR8J1,0.75,1,0,0.0,0.25516367,0.25516367
ORAI3,0.75,1,0,0.0,8.010911e-08,8.010911e-08
ORC6,0.75,1,0,0.0,0.4053344,0.4053344
ORM2,0.75,2,0,0.0,0.0198573285,0.0198573285
OSCAR,0.75,1,0,0.0,2.0795531e-07,2.0795531e-07
OSM,0.75,1,0,0.0,0.12138569,0.12138569
OSR2,0.75,1,0,0.0,0.12122043,0.12122043
OTUD5,0.75,3,0,0.0,0.61721945,0.41158570787146664
OVCH1,0.75,4,0,0.0,0.001533330533585,0.04675651237365825
OVCH2,0.75,2,0,0.0,0.00712448986106,0.00712448986106
OXCT1,0.75,1,0,0.0,0.24547751,0.24547751
OXGR1,0.75,2,0,0.0,0.2436009447325,0.2436009447325
OXR1,0.75,4,0,0.0,0.40583279000000005,0.359384860639473
P2RX3,0.75,1,0,0.0,3.3684132e-14,3.3684132e-14
P2RY6,0.75,3,0,0.0,1.873204e-07,0.22818366518592534
P4HA3,0.75,1,0,0.0,0.11734275,0.11734275
PAAF1,0.75,2,0,0.0,0.329328153,0.329328153
PABPC1,0.75,1,0,0.0,0.47590134,0.47590134
PABPN1L,0.75,2,0,0.0,0.044546985160434,0.044546985160434
PACRGL,0.75,1,0,0.0,0.14315325,0.14315325
PACSIN3,0.75,1,0,0.0,0.17407306,0.17407306
PAEP,0.75,1,0,0.0,2.8080484e-07,2.8080484e-07
PAF1,0.75,1,0,0.0,0.07951519,0.07951519
PAG1,0.75,1,0,0.0,0.0014419764,0.0014419764
PAGE2B,0.75,2,0,0.0,0.033374908,0.033374908
PAGE5,0.75,1,0,0.0,3.3889106e-07,3.3889106e-07
PAK3,0.75,1,0,0.0,0.00012566685,0.00012566685
PALD1,0.75,1,0,0.0,3.444438e-08,3.444438e-08
PALM,0.75,2,0,0.0,3.574149639e-07,3.574149639e-07
PANX2,0.75,5,0,0.0,0.00014316743,0.06296073706577894
PANX3,0.75,3,0,0.0,0.22472908,0.21336411200000002
PAPLN,0.75,2,0,0.0,0.3117980077571625,0.3117980077571625
PAQR4,0.75,2,0,0.0,0.17299811502632406,0.17299811502632406
PARD6G,0.75,2,0,0.0,3.79864305e-08,3.79864305e-08
PARM1,0.75,1,0,0.0,0.26674104,0.26674104
PARP6,0.75,2,0,0.0,0.30604121500000003,0.30604121500000003
PARVG,0.75,1,0,0.0,0.35106993,0.35106993
PAX2,0.75,1,0,0.0,9.102795e-12,9.102795e-12
PBDC1,0.75,1,0,0.0,0.32887328,0.32887328
PBLD,0.75,1,0,0.0,0.4893701,0.4893701
PBOV1,0.75,1,0,0.0,0.00010521273,0.00010521273
PCDHB1,0.75,2,0,0.0,0.0108160355,0.0108160355
PCGF6,0.75,1,0,0.0,0.0013008974,0.0013008974
PCP4,0.75,1,0,0.0,0.6160181,0.6160181
PDCD1,0.75,1,0,0.0,9.547794e-10,9.547794e-10
PDCD1LG2,0.75,1,0,0.0,0.092275016,0.092275016
PDCD4,0.75,1,0,0.0,0.68084997,0.68084997
PDE10A,0.75,1,0,0.0,0.18376642,0.18376642
PDGFA,0.75,1,0,0.0,0.27035418,0.27035418
PDHB,0.75,1,0,0.0,0.0051172283,0.0051172283
PDIA2,0.75,1,0,0.0,1.0993936e-08,1.0993936e-08
PDIA3,0.75,2,0,0.0,0.145633465,0.145633465
PDX1,0.75,1,0,0.0,7.4505657e-10,7.4505657e-10
PDZD11,0.75,1,0,0.0,1.0966857e-08,1.0966857e-08
PDZRN3,0.75,6,0,0.0,0.128729955,0.25141862190175335
PEAK3,0.75,2,0,0.0,1.22702325e-08,1.22702325e-08
PEBP1,0.75,1,0,0.0,0.0008657854,0.0008657854
PELI3,0.75,1,0,0.0,0.31881276,0.31881276
PEPD,0.75,1,0,0.0,0.7007513,0.7007513
PES1,0.75,1,0,0.0,6.816554e-06,6.816554e-06
PEX11B,0.75,2,0,0.0,0.1034166,0.1034166
PEX11G,0.75,1,0,0.0,6.6466264e-08,6.6466264e-08
PEX12,0.75,2,0,0.0,0.26896544465,0.26896544465
PF4V1,0.75,1,0,0.0,0.45859256,0.45859256
PFDN4,0.75,1,0,0.0,0.6132321,0.6132321
PFN1,0.75,1,0,0.0,3.6193583e-07,3.6193583e-07
PGF,0.75,1,0,0.0,8.009565e-07,8.009565e-07
PGK1,0.75,2,0,0.0,0.72191605,0.72191605
PGLS,0.75,2,0,0.0,0.18914056424735,0.18914056424735
PGRMC1,0.75,1,0,0.0,8.011828e-08,8.011828e-08
PHETA2,0.75,1,0,0.0,2.9266218e-07,2.9266218e-07
PHF1,0.75,2,0,0.0,0.2516931,0.2516931
PHF10,0.75,2,0,0.0,0.04315248643,0.04315248643
PHF13,0.75,3,0,0.0,6.888028e-11,3.84414626113844e-05
PHF23,0.75,1,0,0.0,0.5213455,0.5213455
PHF24,0.75,1,0,0.0,0.0049655708,0.0049655708
PHF5A,0.75,1,0,0.0,0.27873364,0.27873364
PHLDA1,0.75,2,0,0.0,3.9052783788375e-07,3.9052783788375e-07
PHOSPHO1,0.75,1,0,0.0,7.4464745e-10,7.4464745e-10
PHTF1,0.75,3,0,0.0,0.09129249,0.23814523148153335
PIAS4,0.75,3,0,0.0,0.0066130552,0.24038737635533333
PICK1,0.75,3,0,0.0,0.012509953,0.24595245683966668
PIDD1,0.75,1,0,0.0,0.0016797633,0.0016797633
PIGB,0.75,1,0,0.0,0.31170326,0.31170326
PIGH,0.75,1,0,0.0,3.1596175e-09,3.1596175e-09
PIGU,0.75,1,0,0.0,0.5398919,0.5398919
PIGX,0.75,1,0,0.0,1.721424e-06,1.721424e-06
PIH1D2,0.75,2,0,0.0,0.12905782194999998,0.12905782194999998
PIM3,0.75,1,0,0.0,3.0414526e-07,3.0414526e-07
PIMREG,0.75,1,0,0.0,0.11124521,0.11124521
PIP5K1A,0.75,1,0,0.0,0.11111785,0.11111785
PISD,0.75,2,0,0.0,0.0017419309475000002,0.0017419309475000002
PITPNM2,0.75,1,0,0.0,1.936425e-10,1.936425e-10
PITX3,0.75,1,0,0.0,5.424523e-14,5.424523e-14
PKDCC,0.75,1,0,0.0,0.70675313,0.70675313
PKIA,0.75,1,0,0.0,0.018429114,0.018429114
PKP1,0.75,2,0,0.0,0.0017552533313940002,0.0017552533313940002
PKP3,0.75,1,0,0.0,1.2899976e-05,1.2899976e-05
PLA2G12B,0.75,1,0,0.0,1.8444698e-08,1.8444698e-08
PLAU,0.75,1,0,0.0,0.2548751,0.2548751
PLCD1,0.75,3,0,0.0,3.7004358e-07,0.08190611899606
PLCD3,0.75,4,0,0.0,0.0038983572499999997,0.112560613389531
PLEKHA1,0.75,2,0,0.0,0.2803560203244883,0.2803560203244883
PLEKHF1,0.75,1,0,0.0,0.24299069,0.24299069
PLEKHF2,0.75,1,0,0.0,0.17697047,0.17697047
PLEKHH3,0.75,1,0,0.0,0.01563484,0.01563484
PLEKHM1,0.75,2,0,0.0,0.15998274074768,0.15998274074768
PLEKHM2,0.75,2,0,0.0,0.155115834295365,0.155115834295365
PLGRKT,0.75,1,0,0.0,0.4269988,0.4269988
PLIN1,0.75,1,0,0.0,0.0046081366,0.0046081366
PLIN3,0.75,1,0,0.0,0.5323934,0.5323934
PLOD1,0.75,3,0,0.0,0.03140019,0.13740752342297968
PLPBP,0.75,2,0,0.0,0.37491011547650455,0.37491011547650455
PLPP7,0.75,2,0,0.0,0.007824673710045001,0.007824673710045001
PLPPR3,0.75,2,0,0.0,1.755954569375e-10,1.755954569375e-10
PLSCR1,0.75,2,0,0.0,0.08951734650000001,0.08951734650000001
PLSCR3,0.75,1,0,0.0,0.5947745,0.5947745
PLXNB3,0.75,4,0,0.0,1.78351685e-08,0.0018123166675978154
PM20D1,0.75,1,0,0.0,0.69450146,0.69450146
PM20D2,0.75,1,0,0.0,0.0048504365,0.0048504365
PMCH,0.75,1,0,0.0,0.16662677,0.16662677
PMM1,0.75,2,0,0.0,0.33012447258600186,0.33012447258600186
PMPCA,0.75,1,0,0.0,7.850048e-07,7.850048e-07
PNLIPRP2,0.75,1,0,0.0,2.2217551e-12,2.2217551e-12
PNN,0.75,1,0,0.0,1.9527242e-08,1.9527242e-08
POC1B-GALNT4,0.75,1,0,0.0,0.035023373,0.035023373
POC5,0.75,2,0,0.0,0.22415827500000002,0.22415827500000002
PODN,0.75,1,0,0.0,0.11879749,0.11879749
PODXL,0.75,1,0,0.0,0.1536986,0.1536986
POFUT1,0.75,2,0,0.0,2.3047289e-07,2.3047289e-07
POLD2,0.75,1,0,0.0,0.00017891345,0.00017891345
POLG2,0.75,1,0,0.0,7.003726e-10,7.003726e-10
POLI,0.75,3,0,0.0,3.280822e-05,0.14704478279028335
POLK,0.75,3,0,0.0,0.66363955,0.46182866225
POLR2D,0.75,2,0,0.0,0.00217085359783,0.00217085359783
POLR2E,0.75,1,0,0.0,0.36141288,0.36141288
POLR2G,0.75,2,0,0.0,0.362466005052659,0.362466005052659
POLR3E,0.75,1,0,0.0,6.708724e-06,6.708724e-06
POLR3H,0.75,1,0,0.0,0.00083150045,0.00083150045
POMK,0.75,2,0,0.0,3.8320599e-06,3.8320599e-06
POPDC2,0.75,2,0,0.0,0.575203,0.575203
POR,0.75,1,0,0.0,0.021832742,0.021832742
POSTN,0.75,1,0,0.0,0.00013273148,0.00013273148
POTEM,0.75,1,0,0.0,0.0026593935,0.0026593935
POU1F1,0.75,2,0,0.0,0.123758782685,0.123758782685
POU2AF1,0.75,3,0,0.0,0.035373665,0.141868555565
POU2F2,0.75,1,0,0.0,3.6726722e-06,3.6726722e-06
POU2F3,0.75,3,0,0.0,0.15909706,0.23736525333333333
POU3F2,0.75,1,0,0.0,4.225996e-06,4.225996e-06
POU3F3,0.75,1,0,0.0,1.4021718e-07,1.4021718e-07
POU3F4,0.75,1,0,0.0,0.00080582645,0.00080582645
POU4F1,0.75,1,0,0.0,0.0016124424,0.0016124424
PPIAL4A,0.75,1,0,0.0,0.59917355,0.59917355
PPIF,0.75,1,0,0.0,0.22504942,0.22504942
PPIP5K1,0.75,1,0,0.0,0.71556383,0.71556383
PPM1N,0.75,1,0,0.0,0.6441429,0.6441429
PPP1R13L,0.75,1,0,0.0,0.0043911356,0.0043911356
PPP1R14C,0.75,1,0,0.0,0.0019495739,0.0019495739
PPP1R14D,0.75,1,0,0.0,0.15707569,0.15707569
PPP1R15A,0.75,2,0,0.0,0.44787735000000006,0.44787735000000006
PPP1R1A,0.75,1,0,0.0,0.25541285,0.25541285
PPP1R36,0.75,1,0,0.0,0.00798903,0.00798903
PPP1R3C,0.75,1,0,0.0,0.15010673,0.15010673
PPP2CA,0.75,1,0,0.0,0.3325473,0.3325473
PPP2R2A,0.75,2,0,0.0,0.22240067900000002,0.22240067900000002
PPP2R2B,0.75,2,0,0.0,0.130185692357,0.130185692357
PPP2R2D,0.75,1,0,0.0,0.041670986,0.041670986
PPP6R1,0.75,1,0,0.0,6.5025683e-06,6.5025683e-06
PPWD1,0.75,1,0,0.0,0.18926242,0.18926242
PRAM1,0.75,1,0,0.0,2.750528e-08,2.750528e-08
PRCC,0.75,1,0,0.0,0.52876294,0.52876294
PRDM4,0.75,1,0,0.0,0.507575,0.507575
PRG2,0.75,2,0,0.0,0.09228929500000001,0.09228929500000001
PRICKLE4,0.75,2,0,0.0,0.13232392865,0.13232392865
PRIM2,0.75,1,0,0.0,0.74750715,0.74750715
PRKAB1,0.75,1,0,0.0,0.43659413,0.43659413
PRKACB,0.75,1,0,0.0,0.64181393,0.64181393
PRKCQ,0.75,1,0,0.0,4.8170812e-05,4.8170812e-05
PRKN,0.75,1,0,0.0,1.01649405e-07,1.01649405e-07
PRLH,0.75,1,0,0.0,0.0010950868,0.0010950868
PRLHR,0.75,1,0,0.0,0.0062646074,0.0062646074
PRMT2,0.75,3,0,0.0,0.1510721,0.11983192599999999
PRMT3,0.75,2,0,0.0,3.934303e-07,3.934303e-07
PRMT5,0.75,1,0,0.0,0.001092294,0.001092294
PROM2,0.75,2,0,0.0,9.83124839e-09,9.83124839e-09
PRORP,0.75,1,0,0.0,0.00083439273,0.00083439273
PROSER2,0.75,1,0,0.0,6.108578e-08,6.108578e-08
PROSER3,0.75,1,0,0.0,7.099391e-07,7.099391e-07
PRPF39,0.75,1,0,0.0,0.0013225147,0.0013225147
PRPH2,0.75,1,0,0.0,7.0930105e-07,7.0930105e-07
PRR14,0.75,1,0,0.0,1.7502525e-06,1.7502525e-06
PRR27,0.75,3,0,0.0,0.13565856,0.17568298059466667
PRR5-ARHGAP8,0.75,3,0,0.0,0.002973576,0.20487143016120835
PRR5L,0.75,1,0,0.0,0.21780775,0.21780775
PRRG4,0.75,1,0,0.0,0.68100315,0.68100315
PRRT2,0.75,1,0,0.0,0.018272419,0.018272419
PRSS23,0.75,3,0,0.0,0.10830955,0.20688013483333334
PRXL2C,0.75,1,0,0.0,0.44445434,0.44445434
PSCA,0.75,1,0,0.0,0.0015760425,0.0015760425
PSKH1,0.75,1,0,0.0,0.5356978,0.5356978
PSMA1,0.75,1,0,0.0,0.069444895,0.069444895
PSMA4,0.75,2,0,0.0,0.0006558247099999999,0.0006558247099999999
PSMB4,0.75,2,0,0.0,0.32338323,0.32338323
PSMB9,0.75,2,0,0.0,0.164552053,0.164552053
PSMD14,0.75,1,0,0.0,0.00014270483,0.00014270483
PSMD2,0.75,3,0,0.0,0.55890876,0.4580191666666667
PSMD6,0.75,1,0,0.0,0.33675882,0.33675882
PSMD7,0.75,1,0,0.0,7.1015466e-10,7.1015466e-10
PSMG3,0.75,1,0,0.0,9.748334e-10,9.748334e-10
PSRC1,0.75,1,0,0.0,0.5823803,0.5823803
PSTPIP1,0.75,1,0,0.0,1.0518922e-11,1.0518922e-11
PSTPIP2,0.75,1,0,0.0,3.2850721e-06,3.2850721e-06
PTDSS2,0.75,1,0,0.0,1.3504574e-08,1.3504574e-08
PTGDS,0.75,1,0,0.0,1.4113793e-09,1.4113793e-09
PTGFR,0.75,3,0,0.0,0.023336789,0.04709615633333333
PTGR2,0.75,1,0,0.0,0.00038253018,0.00038253018
PTN,0.75,1,0,0.0,0.00038808832,0.00038808832
PTPMT1,0.75,1,0,0.0,0.15859112,0.15859112
PTPN18,0.75,1,0,0.0,1.18119265e-08,1.18119265e-08
PTPN22,0.75,1,0,0.0,6.199645e-07,6.199645e-07
PTPN23,0.75,1,0,0.0,0.06777663,0.06777663
PTPN9,0.75,2,0,0.0,0.532743375,0.532743375
PTRHD1,0.75,1,0,0.0,7.2272096e-06,7.2272096e-06
PTX3,0.75,1,0,0.0,0.21328391,0.21328391
PUSL1,0.75,1,0,0.0,8.0008465e-07,8.0008465e-07
PWWP2A,0.75,1,0,0.0,1.7561893e-08,1.7561893e-08
PYCARD,0.75,1,0,0.0,8.466112e-09,8.466112e-09
PYDC1,0.75,1,0,0.0,0.16759275,0.16759275
PYGO2,0.75,1,0,0.0,0.18860382,0.18860382
PYROXD1,0.75,3,0,0.0,0.6450909,0.51865855
QRFP,0.75,1,0,0.0,0.29292703,0.29292703
QRSL1,0.75,1,0,0.0,0.12107089,0.12107089
QTRT2,0.75,1,0,0.0,0.64428043,0.64428043
R3HCC1L,0.75,2,0,0.0,0.5583987100000001,0.5583987100000001
RAB11FIP4,0.75,3,0,0.0,0.52451736,0.5251424733333333
RAB24,0.75,2,0,0.0,0.177962434,0.177962434
RAB2A,0.75,1,0,0.0,1.3257317e-09,1.3257317e-09
RAB31,0.75,1,0,0.0,0.71093535,0.71093535
RAB36,0.75,1,0,0.0,2.785992e-13,2.785992e-13
RAB40C,0.75,1,0,0.0,0.0011683423,0.0011683423
RAB6B,0.75,1,0,0.0,0.14987771,0.14987771
RABAC1,0.75,1,0,0.0,0.0080957785,0.0080957785
RABIF,0.75,1,0,0.0,0.4453329,0.4453329
RACGAP1,0.75,3,0,0.0,0.55994964,0.4694516633333334
RAD51B,0.75,1,0,0.0,0.007992565,0.007992565
RAF1,0.75,1,0,0.0,0.001242202,0.001242202
RALB,0.75,1,0,0.0,0.00011905877,0.00011905877
RALYL,0.75,5,0,0.0,0.07728574,0.17928874398572592
RANBP9,0.75,1,0,0.0,0.0026832076,0.0026832076
RAP1GAP,0.75,1,0,0.0,0.3711021,0.3711021
RAP2A,0.75,1,0,0.0,0.17586917,0.17586917
RAP2B,0.75,1,0,0.0,0.6936751,0.6936751
RAP2C,0.75,1,0,0.0,0.6075167,0.6075167
RAPGEFL1,0.75,2,0,0.0,0.35573142,0.35573142
RAPSN,0.75,1,0,0.0,3.1273308e-09,3.1273308e-09
RARS1,0.75,2,0,0.0,0.21577664149999998,0.21577664149999998
RARS2,0.75,1,0,0.0,8.235592e-05,8.235592e-05
RASA1,0.75,2,0,0.0,0.38489564499999995,0.38489564499999995
RASGEF1C,0.75,3,0,0.0,2.3905892e-08,0.149933536053111
RASGRP1,0.75,3,0,0.0,0.08358429,0.13489977940214
RASIP1,0.75,1,0,0.0,0.008008099,0.008008099
RASSF3,0.75,1,0,0.0,0.018392507,0.018392507
RASSF9,0.75,1,0,0.0,0.3491599,0.3491599
RAVER2,0.75,1,0,0.0,0.0059932526,0.0059932526
RBBP8NL,0.75,1,0,0.0,9.070002e-09,9.070002e-09
RBBP9,0.75,1,0,0.0,0.6269057,0.6269057
RBM15B,0.75,2,0,0.0,0.0762173823047,0.0762173823047
RBM22,0.75,1,0,0.0,0.38349923,0.38349923
RBM4,0.75,4,0,0.0,0.17812653280019,0.25471119224728817
RBMXL2,0.75,2,0,0.0,0.01482345046892,0.01482345046892
RCAN1,0.75,2,0,0.0,0.1041057625,0.1041057625
RCBTB2,0.75,2,0,0.0,0.38271240650000005,0.38271240650000005
RCL1,0.75,2,0,0.0,0.049373894453499996,0.049373894453499996
RCN1,0.75,2,0,0.0,0.03942519539903,0.03942519539903
RCN3,0.75,1,0,0.0,0.49888667,0.49888667
RCSD1,0.75,1,0,0.0,5.6977662e-11,5.6977662e-11
RDH13,0.75,1,0,0.0,0.02950243,0.02950243
RDH5,0.75,1,0,0.0,0.08242206,0.08242206
RECQL4,0.75,2,0,0.0,0.3044304000819562,0.3044304000819562
REEP3,0.75,2,0,0.0,4.15119275e-08,4.15119275e-08
RELA,0.75,2,0,0.0,0.10928642999999999,0.10928642999999999
RELB,0.75,1,0,0.0,0.29282975,0.29282975
RELCH,0.75,2,0,0.0,0.11116023407,0.11116023407
RERG,0.75,2,0,0.0,5.5602580165e-07,5.5602580165e-07
RETNLB,0.75,1,0,0.0,0.67747104,0.67747104
RFC3,0.75,1,0,0.0,0.15163071,0.15163071
RFPL4B,0.75,1,0,0.0,0.010670375,0.010670375
RFX7,0.75,3,0,0.0,3.4418358e-06,0.018274750685032
RGL2,0.75,1,0,0.0,0.023542479,0.023542479
RGMA,0.75,1,0,0.0,7.659447e-08,7.659447e-08
RGMB,0.75,1,0,0.0,0.6066414,0.6066414
RGN,0.75,1,0,0.0,0.48790017,0.48790017
RGS1,0.75,1,0,0.0,0.19476596,0.19476596
RGS21,0.75,2,0,0.0,0.448779465,0.448779465
RGS4,0.75,1,0,0.0,0.43971065,0.43971065
RHBG,0.75,1,0,0.0,8.730886e-06,8.730886e-06
RHCG,0.75,1,0,0.0,0.16877602,0.16877602
RHD,0.75,1,0,0.0,0.3782892,0.3782892
RHEBL1,0.75,1,0,0.0,0.2760544,0.2760544
RHOBTB2,0.75,1,0,0.0,0.121404834,0.121404834
RHPN1,0.75,1,0,0.0,7.5716344e-10,7.5716344e-10
RIBC2,0.75,2,0,0.0,0.18369241790000002,0.18369241790000002
RIC8B,0.75,1,0,0.0,0.2539159,0.2539159
RIN3,0.75,3,0,0.0,5.652893e-09,1.1225766099999999e-08
RIOK2,0.75,2,0,0.0,0.616682385,0.616682385
RIOX1,0.75,2,0,0.0,0.354176203036325,0.354176203036325
RIPPLY3,0.75,2,0,0.0,0.2029297115,0.2029297115
RIT2,0.75,2,0,0.0,0.026544388642625,0.026544388642625
RLIM,0.75,1,0,0.0,5.5592453e-10,5.5592453e-10
RMDN3,0.75,1,0,0.0,0.0008665724,0.0008665724
RMND1,0.75,1,0,0.0,4.255014e-07,4.255014e-07
RN7SL106P,0.75,1,0,0.0,0.074601844,0.074601844
RNASE6,0.75,1,0,0.0,0.39120382,0.39120382
RNASE9,0.75,1,0,0.0,0.6767123,0.6767123
RNASEH2C,0.75,1,0,0.0,0.0005703087,0.0005703087
RND1,0.75,1,0,0.0,0.4727955,0.4727955
RNF111,0.75,5,0,0.0,0.21078497,0.23973973948
RNF112,0.75,2,0,0.0,0.54525085,0.54525085
RNF123,0.75,2,0,0.0,0.362660830093473,0.362660830093473
RNF126,0.75,1,0,0.0,0.035744946,0.035744946
RNF138,0.75,1,0,0.0,0.4009338,0.4009338
RNF148,0.75,1,0,0.0,5.0487387e-07,5.0487387e-07
RNF169,0.75,1,0,0.0,0.46858683,0.46858683
RNF207,0.75,1,0,0.0,0.029654574,0.029654574
RNF217-AS1,0.75,4,0,0.0,2.9598752e-06,0.000279090447372375
RNF26,0.75,1,0,0.0,1.8800096e-08,1.8800096e-08
RNF7,0.75,1,0,0.0,0.0017779422,0.0017779422
RNLS,0.75,1,0,0.0,7.59561e-05,7.59561e-05
ROCK2,0.75,4,0,0.0,0.609269115,0.5128520750000001
RORC,0.75,4,0,0.0,0.0921379098089,0.18032940524633528
RPA1,0.75,1,0,0.0,2.158639e-11,2.158639e-11
RPAP3,0.75,1,0,0.0,0.21745889,0.21745889
RPGR,0.75,2,0,0.0,0.36934005000000003,0.36934005000000003
RPL14,0.75,2,0,0.0,0.18591563514999998,0.18591563514999998
RPL18A,0.75,2,0,0.0,6.867136e-09,6.867136e-09
RPL22L1,0.75,1,0,0.0,0.084822536,0.084822536
RPL3,0.75,2,0,0.0,0.18446150000046402,0.18446150000046402
RPL37A,0.75,1,0,0.0,0.00048663234,0.00048663234
RPL7L1,0.75,1,0,0.0,0.1576779,0.1576779
RPLP0,0.75,1,0,0.0,0.00070623093,0.00070623093
RPP25,0.75,1,0,0.0,1.3689294e-09,1.3689294e-09
RPP40,0.75,1,0,0.0,0.36862168,0.36862168
RPRM,0.75,1,0,0.0,0.63268816,0.63268816
RPS12,0.75,1,0,0.0,0.35335788,0.35335788
RPS20,0.75,2,0,0.0,0.10215263215,0.10215263215
RPS3,0.75,1,0,0.0,0.688486,0.688486
RPS3A,0.75,1,0,0.0,0.41058105,0.41058105
RPS7,0.75,1,0,0.0,1.3513121e-05,1.3513121e-05
RRN3,0.75,1,0,0.0,0.42786518,0.42786518
RRNAD1,0.75,4,0,0.0,0.035277788247775,0.037728546202570004
RRP12,0.75,1,0,0.0,0.25009608,0.25009608
RRP36,0.75,1,0,0.0,0.4304851,0.4304851
RSC1A1,0.75,1,0,0.0,0.1741664,0.1741664
RSPH14,0.75,1,0,0.0,4.2615073e-07,4.2615073e-07
RSPO3,0.75,3,0,0.0,0.27403146,0.3084336033333333
RSRC2,0.75,2,0,0.0,0.299041705,0.299041705
RSU1,0.75,1,0,0.0,0.5073273,0.5073273
RTL6,0.75,2,0,0.0,0.000353565132493,0.000353565132493
RTL8B,0.75,1,0,0.0,2.3303977e-11,2.3303977e-11
RTN4RL1,0.75,1,0,0.0,0.045687363,0.045687363
RTN4RL2,0.75,1,0,0.0,0.0046055918,0.0046055918
RTP2,0.75,1,0,0.0,0.10733061,0.10733061
RTP5,0.75,1,0,0.0,3.1297833e-09,3.1297833e-09
RUFY1,0.75,1,0,0.0,0.00072703883,0.00072703883
RUFY2,0.75,3,0,0.0,2.359427e-06,5.84803731e-05
RUFY4,0.75,1,0,0.0,0.43645766,0.43645766
RUNDC3A,0.75,1,0,0.0,0.0028256949,0.0028256949
RWDD2A,0.75,2,0,0.0,0.59407845,0.59407845
RWDD4,0.75,1,0,0.0,6.0193965e-05,6.0193965e-05
RXFP3,0.75,3,0,0.0,1.2594737e-05,0.010474939288877999
RXFP4,0.75,1,0,0.0,1.3508573e-11,1.3508573e-11
RXRG,0.75,2,0,0.0,0.20801099033499998,0.20801099033499998
RYK,0.75,2,0,0.0,0.1597636265411465,0.1597636265411465
S100A4,0.75,1,0,0.0,0.15449983,0.15449983
S100A7L2,0.75,1,0,0.0,0.4416589,0.4416589
S100A8,0.75,1,0,0.0,0.655113,0.655113
S100Z,0.75,1,0,0.0,0.24572799,0.24572799
S1PR3,0.75,2,0,0.0,0.04242709435,0.04242709435
S1PR5,0.75,1,0,0.0,1.0734019e-08,1.0734019e-08
SAC3D1,0.75,1,0,0.0,3.5084732e-10,3.5084732e-10
SAMD14,0.75,1,0,0.0,0.23384903,0.23384903
SAMD8,0.75,1,0,0.0,0.6738826,0.6738826
SAP18,0.75,1,0,0.0,0.56220436,0.56220436
SAPCD2,0.75,2,0,0.0,1.562763735e-07,1.562763735e-07
SAR1B,0.75,1,0,0.0,0.0014888622,0.0014888622
SARAF,0.75,1,0,0.0,0.50823885,0.50823885
SARDH,0.75,1,0,0.0,0.0055112755,0.0055112755
SAT2,0.75,1,0,0.0,0.3158708,0.3158708
SBDS,0.75,1,0,0.0,0.17682722,0.17682722
SBK1,0.75,2,0,0.0,0.31163925000000003,0.31163925000000003
SBK2,0.75,2,0,0.0,0.619934275,0.619934275
SCARA5,0.75,1,0,0.0,0.0009904323,0.0009904323
SCARF2,0.75,1,0,0.0,8.168544e-07,8.168544e-07
SCD,0.75,2,0,0.0,0.39662258,0.39662258
SCGB1A1,0.75,1,0,0.0,0.5075788,0.5075788
SCGB1D1,0.75,1,0,0.0,0.6086942,0.6086942
SCIN,0.75,1,0,0.0,4.875025e-07,4.875025e-07
SCLT1,0.75,1,0,0.0,0.6388769,0.6388769
SCLY,0.75,1,0,0.0,0.26382008,0.26382008
SCML1,0.75,2,0,0.0,3.46289075807476e-07,3.46289075807476e-07
SCN3B,0.75,1,0,0.0,1.1867318e-06,1.1867318e-06
SCRIB,0.75,3,0,0.0,2.4361577e-09,4.641942266666667e-08
SCRT2,0.75,2,0,0.0,0.0022726528565000003,0.0022726528565000003
SDC1,0.75,2,0,0.0,0.47472619,0.47472619
SDHB,0.75,1,0,0.0,0.15846391,0.15846391
SEC22C,0.75,2,0,0.0,0.36268838,0.36268838
SEC62,0.75,1,0,0.0,0.19770719,0.19770719
SEL1L,0.75,2,0,0.0,0.16913174496475,0.16913174496475
SEL1L3,0.75,2,0,0.0,0.0002120627,0.0002120627
SELENOI,0.75,1,0,0.0,0.02110556,0.02110556
SELL,0.75,1,0,0.0,0.002161532,0.002161532
SEMA7A,0.75,2,0,0.0,0.07234920823797,0.07234920823797
SENP2,0.75,1,0,0.0,0.00093765755,0.00093765755
SEPTIN2,0.75,2,0,0.0,1.0813067999999999e-05,1.0813067999999999e-05
SEPTIN5,0.75,2,0,0.0,0.161953915,0.161953915
SERINC2,0.75,2,0,0.0,0.10599178000000001,0.10599178000000001
SERINC5,0.75,1,0,0.0,0.012428267,0.012428267
SERPINA9,0.75,3,0,0.0,0.029080296,0.09823483492859998
SERPINE3,0.75,1,0,0.0,0.65410435,0.65410435
SERPINF1,0.75,1,0,0.0,0.12601931,0.12601931
SERPINH1,0.75,1,0,0.0,0.3820226,0.3820226
SERTAD1,0.75,1,0,0.0,1.676829e-05,1.676829e-05
SESN2,0.75,1,0,0.0,0.07151443,0.07151443
SETD5,0.75,1,0,0.0,0.53483856,0.53483856
SEZ6L,0.75,2,0,0.0,0.23718206607205,0.23718206607205
SFRP1,0.75,1,0,0.0,0.005087352,0.005087352
SFRP2,0.75,1,0,0.0,0.47559848,0.47559848
SFTPD,0.75,1,0,0.0,0.2588821,0.2588821
SGMS1,0.75,2,0,0.0,0.35758987285,0.35758987285
SGPL1,0.75,1,0,0.0,0.6778172,0.6778172
SGPP1,0.75,1,0,0.0,1.2919335e-07,1.2919335e-07
SH2D3A,0.75,4,0,0.0,0.144639690549324,0.18472215777529952
SH2D5,0.75,2,0,0.0,0.169990224752,0.169990224752
SH2D6,0.75,1,0,0.0,7.615775e-06,7.615775e-06
SH3RF3,0.75,3,0,0.0,6.6673735e-08,0.00045170701995666667
SHANK3,0.75,1,0,0.0,8.025716e-08,8.025716e-08
SHB,0.75,1,0,0.0,0.039340936,0.039340936
SHC4,0.75,2,0,0.0,3.8110369674285e-05,3.8110369674285e-05
SHCBP1,0.75,2,0,0.0,0.223660565,0.223660565
SHH,0.75,1,0,0.0,0.378533,0.378533
SHISAL1,0.75,2,0,0.0,0.05067450025,0.05067450025
SHISAL2A,0.75,1,0,0.0,0.089091994,0.089091994
SHLD2,0.75,1,0,0.0,0.16042775,0.16042775
SIAE,0.75,3,0,0.0,0.23732476,0.3898784466666667
SIRT1,0.75,1,0,0.0,0.16635738,0.16635738
SIRT4,0.75,2,0,0.0,0.001665552055,0.001665552055
SIT1,0.75,2,0,0.0,0.0009413292170076,0.0009413292170076
SIX3,0.75,2,0,0.0,0.000277183187730777,0.000277183187730777
SIX5,0.75,4,0,0.0,0.037978412965,0.042035209245608274
SKI,0.75,2,0,0.0,0.128389013,0.128389013
SLAIN1,0.75,1,0,0.0,0.124332055,0.124332055
SLC10A1,0.75,1,0,0.0,0.1979896,0.1979896
SLC10A2,0.75,1,0,0.0,0.002463668,0.002463668
SLC10A7,0.75,1,0,0.0,0.07409707,0.07409707
SLC12A1,0.75,3,0,0.0,0.6599787,0.5404387033333333
SLC13A5,0.75,2,0,0.0,0.077591632845,0.077591632845
SLC16A1,0.75,1,0,0.0,0.12102742,0.12102742
SLC16A10,0.75,1,0,0.0,0.13382843,0.13382843
SLC16A2,0.75,2,0,0.0,0.00078418774,0.00078418774
SLC16A7,0.75,2,0,0.0,0.49439256,0.49439256
SLC16A8,0.75,1,0,0.0,0.22863893,0.22863893
SLC19A1,0.75,1,0,0.0,0.13598698,0.13598698
SLC19A2,0.75,1,0,0.0,0.06625795,0.06625795
SLC1A4,0.75,3,0,0.0,0.27792656,0.21363181824148833
SLC1A7,0.75,1,0,0.0,3.6717083e-08,3.6717083e-08
SLC22A14,0.75,2,0,0.0,0.31217338499999997,0.31217338499999997
SLC22A18,0.75,1,0,0.0,3.0635064e-07,3.0635064e-07
SLC22A25,0.75,2,0,0.0,0.23743091500000002,0.23743091500000002
SLC23A1,0.75,1,0,0.0,9.63911e-06,9.63911e-06
SLC24A4,0.75,2,0,0.0,0.01592537975,0.01592537975
SLC25A16,0.75,1,0,0.0,0.00015460614,0.00015460614
SLC25A17,0.75,1,0,0.0,4.3707589e-13,4.3707589e-13
SLC25A20,0.75,1,0,0.0,0.26151192,0.26151192
SLC25A32,0.75,3,0,0.0,0.25256115,0.29413787687700005
SLC25A39,0.75,2,0,0.0,3.9512109000000004e-07,3.9512109000000004e-07
SLC25A42,0.75,1,0,0.0,0.21777897,0.21777897
SLC25A46,0.75,1,0,0.0,0.0034222014,0.0034222014
SLC25A52,0.75,1,0,0.0,0.49882996,0.49882996
SLC25A6,0.75,1,0,0.0,1.5660277e-10,1.5660277e-10
SLC26A1,0.75,1,0,0.0,1.0186791e-08,1.0186791e-08
SLC26A6,0.75,2,0,0.0,1.039822245e-08,1.039822245e-08
SLC27A3,0.75,1,0,0.0,0.6504714,0.6504714
SLC27A5,0.75,1,0,0.0,2.4817479e-07,2.4817479e-07
SLC2A11,0.75,3,0,0.0,0.08467946,0.09268161333529919
SLC2A6,0.75,1,0,0.0,0.0005544525,0.0005544525
SLC2A7,0.75,2,0,0.0,0.020855018082574,0.020855018082574
SLC30A6,0.75,1,0,0.0,5.657838e-05,5.657838e-05
SLC35C1,0.75,1,0,0.0,1.4993038e-11,1.4993038e-11
SLC35F1,0.75,1,0,0.0,0.00020205641,0.00020205641
SLC35F2,0.75,1,0,0.0,0.15105955,0.15105955
SLC35F6,0.75,1,0,0.0,1.3408373e-05,1.3408373e-05
SLC35G2,0.75,3,0,0.0,0.20193578,0.232290548
SLC36A2,0.75,3,0,0.0,0.005076582,0.22934330083333335
SLC36A4,0.75,1,0,0.0,0.0009180982,0.0009180982
SLC38A7,0.75,1,0,0.0,0.35833126,0.35833126
SLC39A4,0.75,4,0,0.0,2.0687880999999998e-08,0.0004161853236268385
SLC41A3,0.75,3,0,0.0,5.9494744e-07,0.10143641738457566
SLC45A3,0.75,2,0,0.0,0.42575463999999996,0.42575463999999996
SLC47A2,0.75,3,0,0.0,0.500189,0.5137883433333333
SLC49A4,0.75,1,0,0.0,1.2600275e-05,1.2600275e-05
SLC4A9,0.75,2,0,0.0,0.217016243,0.217016243
SLC50A1,0.75,1,0,0.0,0.35407886,0.35407886
SLC5A10,0.75,1,0,0.0,2.4328097e-09,2.4328097e-09
SLC66A2,0.75,1,0,0.0,6.161489e-13,6.161489e-13
SLC6A5,0.75,4,0,0.0,0.1408803265,0.184397306861
SLC7A11,0.75,2,0,0.0,0.30822747310000004,0.30822747310000004
SLC7A5,0.75,3,0,0.0,0.016363006,0.057153381410453334
SLC7A7,0.75,3,0,0.0,0.03133781,0.22121725832000003
SLCO1C1,0.75,1,0,0.0,0.31229335,0.31229335
SLFNL1,0.75,3,0,0.0,0.0003840824,0.22785742758354954
SLIT1,0.75,4,0,0.0,0.02138847785,0.06749475745075001
SMAD3,0.75,2,0,0.0,1.1647133729e-05,1.1647133729e-05
SMAD4,0.75,3,0,0.0,0.0014391348,0.0167157591
SMARCD2,0.75,1,0,0.0,0.5823705,0.5823705
SMC5,0.75,2,0,0.0,0.30340638173546003,0.30340638173546003
SMCO4,0.75,1,0,0.0,0.48733476,0.48733476
SMOC2,0.75,1,0,0.0,0.7439884,0.7439884
SMPD3,0.75,3,0,0.0,4.3939876e-06,0.16929682427536133
SMU1,0.75,1,0,0.0,6.4648248e-06,6.4648248e-06
SNAI3,0.75,1,0,0.0,0.00026227982,0.00026227982
SNAP23,0.75,1,0,0.0,0.5240726,0.5240726
SNAP29,0.75,1,0,0.0,0.2903243,0.2903243
SNED1,0.75,1,0,0.0,0.7445633,0.7445633
SNORD114-25,0.75,2,0,0.0,0.5354989,0.5354989
SNORD115-23,0.75,1,0,0.0,0.027241789,0.027241789
SNORD115-40,0.75,1,0,0.0,0.26800483,0.26800483
SNORD116-14,0.75,1,0,0.0,0.5723382,0.5723382
SNORD116-22,0.75,1,0,0.0,0.08600425,0.08600425
SNORD116-23,0.75,2,0,0.0,0.5285358,0.5285358
SNORD116-6,0.75,1,0,0.0,0.08718065,0.08718065
SNRNP35,0.75,1,0,0.0,0.5074864,0.5074864
SNRNP48,0.75,1,0,0.0,0.65976405,0.65976405
SNRPB,0.75,1,0,0.0,0.05913071,0.05913071
SNRPB2,0.75,1,0,0.0,0.3536211,0.3536211
SNRPD1,0.75,1,0,0.0,0.51774156,0.51774156
SNTB2,0.75,1,0,0.0,0.04141475,0.04141475
SNTG2,0.75,2,0,0.0,0.284450029304,0.284450029304
SNX12,0.75,1,0,0.0,0.2929315,0.2929315
SNX16,0.75,2,0,0.0,0.38543369000000005,0.38543369000000005
SNX30,0.75,2,0,0.0,0.0354368634,0.0354368634
SNX4,0.75,2,0,0.0,2.109519365e-08,2.109519365e-08
SNX6,0.75,1,0,0.0,1.7099414e-07,1.7099414e-07
SOCS1,0.75,1,0,0.0,0.0006759649,0.0006759649
SOCS2,0.75,2,0,0.0,0.32619189000000004,0.32619189000000004
SOHLH2,0.75,2,0,0.0,0.41539538,0.41539538
SORT1,0.75,1,0,0.0,0.5074557,0.5074557
SOWAHD,0.75,3,0,0.0,0.01173593,0.10154552462650167
SOX10,0.75,1,0,0.0,3.6522704e-07,3.6522704e-07
SOX17,0.75,1,0,0.0,1.1811746e-08,1.1811746e-08
SOX4,0.75,3,0,0.0,9.732362e-09,8.148129433333333e-09
SOX5,0.75,2,0,0.0,0.122045807,0.122045807
SP5,0.75,2,0,0.0,6.7255681e-07,6.7255681e-07
SP6,0.75,1,0,0.0,0.2484965,0.2484965
SPACA3,0.75,1,0,0.0,0.51536274,0.51536274
SPACA7,0.75,1,0,0.0,0.0026074068,0.0026074068
SPACA9,0.75,1,0,0.0,1.9661506e-06,1.9661506e-06
SPAG6,0.75,1,0,0.0,0.3371115,0.3371115
SPARCL1,0.75,1,0,0.0,0.6114555,0.6114555
SPART,0.75,1,0,0.0,3.5457097e-07,3.5457097e-07
SPATA19,0.75,2,0,0.0,0.26373881,0.26373881
SPATA2,0.75,2,0,0.0,1.69577381e-07,1.69577381e-07
SPATA20,0.75,1,0,0.0,3.2925461e-06,3.2925461e-06
SPATA2L,0.75,3,0,0.0,7.2634165e-09,4.410703159491e-08
SPATA4,0.75,1,0,0.0,8.0538026e-05,8.0538026e-05
SPATA46,0.75,1,0,0.0,0.7110672,0.7110672
SPATA9,0.75,1,0,0.0,0.5278088,0.5278088
SPATS1,0.75,1,0,0.0,0.0017337945,0.0017337945
SPC24,0.75,1,0,0.0,1.8699145e-11,1.8699145e-11
SPCS3,0.75,1,0,0.0,6.4741535e-06,6.4741535e-06
SPDEF,0.75,1,0,0.0,5.4328538e-08,5.4328538e-08
SPEF1,0.75,1,0,0.0,0.01829267,0.01829267
SPEM2,0.75,1,0,0.0,0.40274444,0.40274444
SPG7,0.75,2,0,0.0,0.04454569121521295,0.04454569121521295
SPHK1,0.75,2,0,0.0,0.504397915,0.504397915
SPHK2,0.75,2,0,0.0,0.000848988361965,0.000848988361965
SPIDR,0.75,1,0,0.0,0.34584913,0.34584913
SPIN2B,0.75,2,0,0.0,0.000590349486035,0.000590349486035
SPIN3,0.75,1,0,0.0,4.8016664e-05,4.8016664e-05
SPIRE2,0.75,2,0,0.0,1.334613615505e-05,1.334613615505e-05
SPOPL,0.75,1,0,0.0,3.6852594e-05,3.6852594e-05
SPOUT1,0.75,1,0,0.0,0.00029939733,0.00029939733
SPRED1,0.75,2,0,0.0,0.43717419999999996,0.43717419999999996
SPRTN,0.75,3,0,0.0,0.6375479,0.5460277666666666
SPSB4,0.75,1,0,0.0,0.18243068,0.18243068
SPTSSB,0.75,2,0,0.0,0.538301935,0.538301935
SPX,0.75,2,0,0.0,0.1820566751139,0.1820566751139
SPZ1,0.75,1,0,0.0,0.023173533,0.023173533
SRA1,0.75,1,0,0.0,0.09425929,0.09425929
SRFBP1,0.75,2,0,0.0,0.036651186555,0.036651186555
SRPK1,0.75,3,0,0.0,0.005300366,0.006329797940004367
SRSF1,0.75,1,0,0.0,0.70068616,0.70068616
SRXN1,0.75,1,0,0.0,0.00072638225,0.00072638225
SSNA1,0.75,1,0,0.0,4.2666716e-07,4.2666716e-07
SSTR5,0.75,3,0,0.0,2.4528325e-07,0.004198122827533333
SSU72,0.75,1,0,0.0,0.28053048,0.28053048
SSUH2,0.75,1,0,0.0,0.023345508,0.023345508
SSX3,0.75,1,0,0.0,0.34050804,0.34050804
ST13,0.75,1,0,0.0,0.00055332505,0.00055332505
ST8SIA6,0.75,3,0,0.0,0.4152588,0.3883545918795333
STAMBPL1,0.75,2,0,0.0,3.4246467700000003e-06,3.4246467700000003e-06
STARD3,0.75,1,0,0.0,1.991674e-13,1.991674e-13
STARD4,0.75,1,0,0.0,0.5539529,0.5539529
STARD5,0.75,2,0,0.0,0.107344385493205,0.107344385493205
STIP1,0.75,1,0,0.0,0.6883683,0.6883683
STK11IP,0.75,1,0,0.0,9.749269e-09,9.749269e-09
STK16,0.75,1,0,0.0,0.21167797,0.21167797
STK24,0.75,3,0,0.0,7.8970006e-05,0.00015351588330000002
STK25,0.75,1,0,0.0,0.68851495,0.68851495
STMN1,0.75,1,0,0.0,0.6166756,0.6166756
STOML1,0.75,1,0,0.0,0.061581694,0.061581694
STOX2,0.75,2,0,0.0,2.4546574573e-08,2.4546574573e-08
STRADA,0.75,1,0,0.0,0.45366848,0.45366848
STRADB,0.75,1,0,0.0,0.7283312,0.7283312
STRAP,0.75,2,0,0.0,0.11538251535097134,0.11538251535097134
STX18,0.75,1,0,0.0,0.63261694,0.63261694
STX7,0.75,1,0,0.0,2.2586073e-05,2.2586073e-05
STX8,0.75,1,0,0.0,0.41914085,0.41914085
STXBP6,0.75,1,0,0.0,0.03562495,0.03562495
SUCLG1,0.75,2,0,0.0,0.450490775,0.450490775
SULT1A1,0.75,1,0,0.0,0.008016451,0.008016451
SULT2A1,0.75,1,0,0.0,0.42578727,0.42578727
SUN2,0.75,1,0,0.0,2.987727e-07,2.987727e-07
SUOX,0.75,2,0,0.0,0.25474495199999997,0.25474495199999997
SUPT3H,0.75,1,0,0.0,0.5526016,0.5526016
SUPT7L,0.75,1,0,0.0,1.51175955e-05,1.51175955e-05
SUSD4,0.75,1,0,0.0,4.3394536e-08,4.3394536e-08
SUV39H1,0.75,1,0,0.0,0.019516852,0.019516852
SUZ12,0.75,3,0,0.0,0.000108401684,0.08128178608504667
SWAP70,0.75,1,0,0.0,0.021674938,0.021674938
SYAP1,0.75,1,0,0.0,0.0001787133,0.0001787133
SYN1,0.75,3,0,0.0,7.981557e-06,0.00033231310639533334
SYN2,0.75,1,0,0.0,0.0009870036,0.0009870036
SYNDIG1,0.75,1,0,0.0,0.07402879,0.07402879
SYNDIG1L,0.75,1,0,0.0,2.7290633e-05,2.7290633e-05
SYNM,0.75,5,0,0.0,0.52663934,0.3409277773874
SYP,0.75,2,0,0.0,0.3069130006632123,0.3069130006632123
SYS1,0.75,1,0,0.0,0.16622745,0.16622745
SYT1,0.75,2,0,0.0,0.343046585,0.343046585
SYT14,0.75,1,0,0.0,6.901004e-07,6.901004e-07
SYT17,0.75,1,0,0.0,0.35099962,0.35099962
SYT3,0.75,1,0,0.0,0.078951575,0.078951575
SYTL1,0.75,1,0,0.0,0.072855644,0.072855644
SYTL4,0.75,1,0,0.0,0.0015756794,0.0015756794
SZRD1,0.75,1,0,0.0,0.49921873,0.49921873
TAAR1,0.75,2,0,0.0,0.000196471837,0.000196471837
TAC4,0.75,1,0,0.0,0.23610914,0.23610914
TACC3,0.75,1,0,0.0,0.23608577,0.23608577
TAF3,0.75,2,0,0.0,8.89349896e-10,8.89349896e-10
TAFA2,0.75,1,0,0.0,0.22949365,0.22949365
TAFA4,0.75,2,0,0.0,0.231006201472462,0.231006201472462
TAFA5,0.75,1,0,0.0,2.6651494e-09,2.6651494e-09
TAGAP,0.75,3,0,0.0,2.8520458e-07,4.50259741e-06
TAGLN,0.75,1,0,0.0,0.5290535,0.5290535
TANGO6,0.75,1,0,0.0,4.3862003e-09,4.3862003e-09
TAPBP,0.75,1,0,0.0,0.60347134,0.60347134
TAS2R42,0.75,1,0,0.0,0.2887912,0.2887912
TAS2R5,0.75,1,0,0.0,0.24411498,0.24411498
TASOR,0.75,3,0,0.0,0.123470046,0.09430567814464734
TASP1,0.75,1,0,0.0,0.40634558,0.40634558
TAX1BP3,0.75,2,0,0.0,9.44126035e-07,9.44126035e-07
TBATA,0.75,1,0,0.0,0.74161494,0.74161494
TBC1D10B,0.75,1,0,0.0,0.40967628,0.40967628
TBC1D13,0.75,1,0,0.0,9.5290645e-08,9.5290645e-08
TBC1D17,0.75,2,0,0.0,0.5119691399999999,0.5119691399999999
TBC1D28,0.75,1,0,0.0,0.66269475,0.66269475
TBC1D7,0.75,2,0,0.0,0.1096768375,0.1096768375
TBKBP1,0.75,1,0,0.0,3.0407352e-10,3.0407352e-10
TBL1Y,0.75,1,0,0.0,9.732065e-09,9.732065e-09
TBX1,0.75,1,0,0.0,0.008008474,0.008008474
TBX3,0.75,3,0,0.0,0.27429828,0.22386736667083865
TCAP,0.75,1,0,0.0,0.36805785,0.36805785
TCEA3,0.75,1,0,0.0,0.63637245,0.63637245
TCEANC2,0.75,1,0,0.0,0.38251543,0.38251543
TCF15,0.75,1,0,0.0,0.0026640694,0.0026640694
TCF23,0.75,2,0,0.0,0.0710202771405,0.0710202771405
TCF7,0.75,1,0,0.0,0.114187434,0.114187434
TCIRG1,0.75,2,0,0.0,0.333998982,0.333998982
TCN2,0.75,1,0,0.0,0.6067958,0.6067958
TCP11,0.75,1,0,0.0,0.57974887,0.57974887
TCP11L1,0.75,1,0,0.0,0.12769961,0.12769961
TCTEX1D4,0.75,1,0,0.0,9.553095e-10,9.553095e-10
TDRP,0.75,2,0,0.0,0.046640575723331995,0.046640575723331995
TEAD2,0.75,1,0,0.0,0.32897288,0.32897288
TEAD4,0.75,2,0,0.0,0.10907441699999999,0.10907441699999999
TEKT2,0.75,1,0,0.0,5.8227505e-07,5.8227505e-07
TEKT3,0.75,1,0,0.0,0.14356612,0.14356612
TEKT4,0.75,4,0,0.0,0.2893763705,0.326675517142
TENT4B,0.75,1,0,0.0,0.002047672,0.002047672
TENT5B,0.75,1,0,0.0,1.7296686e-07,1.7296686e-07
TENT5D,0.75,2,0,0.0,0.32995417510035724,0.32995417510035724
TEX33,0.75,1,0,0.0,0.4643148,0.4643148
TEX35,0.75,1,0,0.0,0.031381067,0.031381067
TFB2M,0.75,2,0,0.0,0.34097159,0.34097159
TFDP1,0.75,2,0,0.0,5.22517587165e-05,5.22517587165e-05
TFF2,0.75,1,0,0.0,0.03508985,0.03508985
TGDS,0.75,1,0,0.0,0.00016881687,0.00016881687
TGFA,0.75,7,0,0.0,0.00038352265,0.1109248191795467
TGFB3,0.75,1,0,0.0,0.7456616,0.7456616
TGFBR1,0.75,1,0,0.0,0.39000413,0.39000413
TGIF2LX,0.75,7,0,0.0,4.6731863e-08,0.05641649349026306
TGIF2LY,0.75,1,0,0.0,2.2156339e-10,2.2156339e-10
TGOLN2,0.75,1,0,0.0,2.247829e-05,2.247829e-05
TH,0.75,1,0,0.0,0.0006273187,0.0006273187
THAP10,0.75,1,0,0.0,2.0812315e-07,2.0812315e-07
THAP8,0.75,1,0,0.0,0.26154116,0.26154116
THEM4,0.75,1,0,0.0,0.13134086,0.13134086
THOC1,0.75,1,0,0.0,2.7073372e-12,2.7073372e-12
THTPA,0.75,1,0,0.0,1.1667221e-06,1.1667221e-06
TIGD5,0.75,2,0,0.0,6.06156235e-09,6.06156235e-09
TIMMDC1,0.75,1,0,0.0,0.4438564,0.4438564
TIMP3,0.75,2,0,0.0,0.39714935500000004,0.39714935500000004
TLNRD1,0.75,2,0,0.0,2.71539894167e-08,2.71539894167e-08
TLR9,0.75,4,0,0.0,0.0001695477875,0.0563657826385
TLX2,0.75,1,0,0.0,3.67488e-13,3.67488e-13
TLX3,0.75,1,0,0.0,0.00014316673,0.00014316673
TM2D3,0.75,1,0,0.0,0.093153276,0.093153276
TM4SF19,0.75,1,0,0.0,0.24527374,0.24527374
TM9SF1,0.75,2,0,0.0,0.08929597889336,0.08929597889336
TMBIM4,0.75,1,0,0.0,0.31920254,0.31920254
TMCC2,0.75,3,0,0.0,3.702726e-10,0.06602115357355505
TMCO6,0.75,1,0,0.0,0.53276104,0.53276104
TMED9,0.75,1,0,0.0,7.993738e-07,7.993738e-07
TMEM106A,0.75,1,0,0.0,0.6815013,0.6815013
TMEM116,0.75,1,0,0.0,0.05489856,0.05489856
TMEM117,0.75,2,0,0.0,0.398919935,0.398919935
TMEM121,0.75,1,0,0.0,2.7541037e-07,2.7541037e-07
TMEM127,0.75,2,0,0.0,2.53691157015e-07,2.53691157015e-07
TMEM150B,0.75,1,0,0.0,5.4463226e-06,5.4463226e-06
TMEM151A,0.75,4,0,0.0,0.00380256485,0.004836224387615
TMEM160,0.75,1,0,0.0,0.421686,0.421686
TMEM167B,0.75,1,0,0.0,2.572482e-09,2.572482e-09
TMEM175,0.75,2,0,0.0,1.406027647085e-08,1.406027647085e-08
TMEM176A,0.75,1,0,0.0,0.68844676,0.68844676
TMEM176B,0.75,1,0,0.0,0.6366666,0.6366666
TMEM18,0.75,1,0,0.0,0.00011221987,0.00011221987
TMEM198,0.75,2,0,0.0,0.60191028,0.60191028
TMEM201,0.75,1,0,0.0,0.0008318464,0.0008318464
TMEM202,0.75,2,0,0.0,0.00032582597012464795,0.00032582597012464795
TMEM205,0.75,2,0,0.0,0.6686079250000001,0.6686079250000001
TMEM207,0.75,2,0,0.0,0.237744123,0.237744123
TMEM209,0.75,2,0,0.0,0.41045883499999997,0.41045883499999997
TMEM231,0.75,1,0,0.0,0.044110987,0.044110987
TMEM236,0.75,1,0,0.0,1.2572959e-06,1.2572959e-06
TMEM251,0.75,1,0,0.0,0.54372954,0.54372954
TMEM270,0.75,1,0,0.0,0.68864745,0.68864745
TMEM40,0.75,1,0,0.0,0.16841984,0.16841984
TMEM41B,0.75,1,0,0.0,0.32166082,0.32166082
TMEM44,0.75,1,0,0.0,6.497094e-06,6.497094e-06
TMEM51,0.75,1,0,0.0,0.5122513,0.5122513
TMEM53,0.75,3,0,0.0,0.30295295,0.34655341
TMEM59,0.75,1,0,0.0,0.4480087,0.4480087
TMEM61,0.75,1,0,0.0,0.31490964,0.31490964
TMEM62,0.75,1,0,0.0,0.6375834,0.6375834
TMEM80,0.75,2,0,0.0,0.528343925,0.528343925
TMEM82,0.75,1,0,0.0,9.7453645e-09,9.7453645e-09
TMEM87A,0.75,1,0,0.0,0.13692664,0.13692664
TMEM91,0.75,3,0,0.0,1.5876357e-07,0.20189641196958
TMOD2,0.75,1,0,0.0,0.3881375,0.3881375
TMPPE,0.75,2,0,0.0,0.3574061425,0.3574061425
TMPRSS11F,0.75,2,0,0.0,0.005201493885,0.005201493885
TMPRSS4,0.75,4,0,0.0,0.14863119349999998,0.1928708356925
TMX4,0.75,1,0,0.0,0.09023299,0.09023299
TNFAIP2,0.75,1,0,0.0,0.43710902,0.43710902
TNFRSF11B,0.75,2,0,0.0,0.29151392,0.29151392
TNFRSF12A,0.75,1,0,0.0,0.6720509,0.6720509
TNFRSF13B,0.75,1,0,0.0,0.38552785,0.38552785
TNFRSF14,0.75,2,0,0.0,0.0022907087471314997,0.0022907087471314997
TNFRSF18,0.75,2,0,0.0,0.47346693500000003,0.47346693500000003
TNFRSF19,0.75,1,0,0.0,0.032941356,0.032941356
TNFRSF25,0.75,2,0,0.0,0.00248350767937,0.00248350767937
TNFRSF6B,0.75,2,0,0.0,0.32082154,0.32082154
TNK1,0.75,1,0,0.0,7.857283e-07,7.857283e-07
TNNI2,0.75,1,0,0.0,0.54840803,0.54840803
TNNI3,0.75,1,0,0.0,0.0016654053,0.0016654053
TNNT3,0.75,2,0,0.0,0.12628922323475,0.12628922323475
TOE1,0.75,1,0,0.0,0.38641632,0.38641632
TOM1L2,0.75,2,0,0.0,8.20977015e-10,8.20977015e-10
TOMM22,0.75,1,0,0.0,0.38587934,0.38587934
TOP2B,0.75,2,0,0.0,0.00034908588485,0.00034908588485
TOR1AIP2,0.75,1,0,0.0,0.7067778,0.7067778
TOR4A,0.75,1,0,0.0,3.018043e-11,3.018043e-11
TOX2,0.75,2,0,0.0,0.4351904,0.4351904
TP53I13,0.75,2,0,0.0,0.36023027,0.36023027
TP53I3,0.75,2,0,0.0,0.1543106541,0.1543106541
TPD52,0.75,2,0,0.0,0.59744635,0.59744635
TPD52L1,0.75,1,0,0.0,6.801901e-11,6.801901e-11
TPD52L3,0.75,1,0,0.0,1.0223569e-06,1.0223569e-06
TPM4,0.75,1,0,0.0,0.004493002,0.004493002
TRAF2,0.75,3,0,0.0,4.570262e-09,0.0055909141901871635
TRAF6,0.75,1,0,0.0,0.23603584,0.23603584
TRAJ58,0.75,1,0,0.0,3.025823e-08,3.025823e-08
TRAM2,0.75,1,0,0.0,0.6327311,0.6327311
TRAPPC3,0.75,1,0,0.0,0.2615515,0.2615515
TRAPPC6A,0.75,1,0,0.0,7.5642004e-10,7.5642004e-10
TRAV16,0.75,1,0,0.0,6.632646e-08,6.632646e-08
TRAV29DV5,0.75,1,0,0.0,5.1417163e-07,5.1417163e-07
TRAV3,0.75,1,0,0.0,3.0326637e-05,3.0326637e-05
TRAV4,0.75,1,0,0.0,0.40678334,0.40678334
TRAV40,0.75,1,0,0.0,0.000783169,0.000783169
TRAV9-2,0.75,1,0,0.0,0.6573322,0.6573322
TRBJ2-1,0.75,1,0,0.0,2.0231667e-08,2.0231667e-08
TRBV19,0.75,1,0,0.0,0.29271764,0.29271764
TREH,0.75,2,0,0.0,0.045941845848749996,0.045941845848749996
TREM1,0.75,1,0,0.0,0.0011575188,0.0011575188
TREML4,0.75,3,0,0.0,1.1074621e-09,0.2316906470358225
TRH,0.75,3,0,0.0,0.08909591,0.25923622524292866
TRIM13,0.75,2,0,0.0,0.13724120108541998,0.13724120108541998
TRIM14,0.75,2,0,0.0,0.17834279,0.17834279
TRIM16,0.75,1,0,0.0,0.18475565,0.18475565
TRIM17,0.75,1,0,0.0,0.37348557,0.37348557
TRIM39,0.75,1,0,0.0,0.00018329456,0.00018329456
TRIM44,0.75,3,0,0.0,0.00074979296,0.07868096508466667
TRIM52,0.75,2,0,0.0,0.36782587875,0.36782587875
TRIM55,0.75,3,0,0.0,0.18487391,0.21843566867999997
TRIM60,0.75,1,0,0.0,0.000894848,0.000894848
TRIM69,0.75,2,0,0.0,0.369447975,0.369447975
TRIM72,0.75,2,0,0.0,0.0033625168763028747,0.0033625168763028747
TRMO,0.75,3,0,0.0,0.32515255,0.37676075000000003
TRMT10C,0.75,1,0,0.0,0.013875759,0.013875759
TRMT11,0.75,2,0,0.0,0.28486409419,0.28486409419
TRMT5,0.75,1,0,0.0,0.00032903784,0.00032903784
TRMU,0.75,1,0,0.0,0.0151268495,0.0151268495
TRNT1,0.75,2,0,0.0,0.3153374485,0.3153374485
TROAP,0.75,1,0,0.0,0.5076403,0.5076403
TRPC4AP,0.75,2,0,0.0,0.013867428000000001,0.013867428000000001
TRPM4,0.75,4,0,0.0,0.03728615985,0.17742429154826603
TSHB,0.75,1,0,0.0,0.32762328,0.32762328
TSPAN17,0.75,2,0,0.0,0.32449975260833774,0.32449975260833774
TSPAN19,0.75,1,0,0.0,1.4223785e-06,1.4223785e-06
TSPAN31,0.75,1,0,0.0,0.6499362,0.6499362
TSPY1,0.75,1,0,0.0,3.6525702e-07,3.6525702e-07
TSSC4,0.75,1,0,0.0,0.62619275,0.62619275
TSSK2,0.75,1,0,0.0,7.266523e-08,7.266523e-08
TSSK3,0.75,1,0,0.0,0.23601018,0.23601018
TTC33,0.75,1,0,0.0,0.51505214,0.51505214
TTC39C,0.75,2,0,0.0,0.337580485,0.337580485
TTC4,0.75,1,0,0.0,0.12129698,0.12129698
TTC7B,0.75,1,0,0.0,0.47090048,0.47090048
TTI2,0.75,2,0,0.0,0.1904855725,0.1904855725
TTL,0.75,3,0,0.0,0.3982734,0.5013421
TTLL1,0.75,1,0,0.0,0.25074166,0.25074166
TTLL13P,0.75,2,0,0.0,0.41579038,0.41579038
TTLL5,0.75,1,0,0.0,8.098114e-06,8.098114e-06
TTLL8,0.75,1,0,0.0,0.1916664,0.1916664
TTPA,0.75,2,0,0.0,0.309800235,0.309800235
TUBB,0.75,2,0,0.0,0.06774194312,0.06774194312
TUBGCP4,0.75,1,0,0.0,0.016758613,0.016758613
TXNDC17,0.75,2,0,0.0,0.18950038713,0.18950038713
TXNDC5,0.75,1,0,0.0,2.0689374e-06,2.0689374e-06
TYROBP,0.75,2,0,0.0,0.12810707108468225,0.12810707108468225
TYSND1,0.75,2,0,0.0,1.6503588245e-10,1.6503588245e-10
UAP1,0.75,1,0,0.0,0.20395586,0.20395586
UBAC2,0.75,1,0,0.0,0.0012091162,0.0012091162
UBE2D1,0.75,1,0,0.0,0.36362097,0.36362097
UBE2D3,0.75,1,0,0.0,0.00019107696,0.00019107696
UBE2L3,0.75,1,0,0.0,0.14330003,0.14330003
UBE2M,0.75,2,0,0.0,0.2006927600377214,0.2006927600377214
UBE2R2,0.75,1,0,0.0,1.0193836e-05,1.0193836e-05
UBE2U,0.75,1,0,0.0,0.3779513,0.3779513
UBE2Z,0.75,3,0,0.0,0.0009548341,0.0030174642989999998
UBL5,0.75,1,0,0.0,7.042868e-10,7.042868e-10
UBQLN1,0.75,2,0,0.0,0.50700793,0.50700793
UBQLN4,0.75,1,0,0.0,0.52121407,0.52121407
UBXN1,0.75,1,0,0.0,0.5688239,0.5688239
UBXN10,0.75,3,0,0.0,0.095320866,0.11707620866666668
UCMA,0.75,1,0,0.0,1.00256695e-11,1.00256695e-11
UCN3,0.75,1,0,0.0,1.7272342e-09,1.7272342e-09
UFL1,0.75,1,0,0.0,0.0039014567,0.0039014567
UFSP1,0.75,1,0,0.0,6.4789033e-06,6.4789033e-06
UGP2,0.75,1,0,0.0,0.00057456485,0.00057456485
UNC119B,0.75,1,0,0.0,0.06830005,0.06830005
UNC13D,0.75,2,0,0.0,0.211146225,0.211146225
UNC50,0.75,1,0,0.0,1.6774007e-07,1.6774007e-07
UNC5B,0.75,1,0,0.0,0.3667092,0.3667092
UNC80,0.75,1,0,0.0,0.0026195226,0.0026195226
UNC93B1,0.75,1,0,0.0,3.0348165e-08,3.0348165e-08
UNKL,0.75,3,0,0.0,4.6636456e-10,0.00052510493212742
UPK1B,0.75,2,0,0.0,7.70529415e-07,7.70529415e-07
UPK3B,0.75,1,0,0.0,7.2646915e-09,7.2646915e-09
UQCRC2,0.75,1,0,0.0,0.17684157,0.17684157
URB2,0.75,2,0,0.0,0.34922468,0.34922468
USF2,0.75,1,0,0.0,9.735629e-09,9.735629e-09
USP43,0.75,4,0,0.0,7.66934335e-06,0.0031474834278855095
USP46,0.75,1,0,0.0,0.6024241,0.6024241
USP9Y,0.75,1,0,0.0,8.072555e-12,8.072555e-12
UTP14A,0.75,1,0,0.0,5.4634665e-12,5.4634665e-12
UTS2R,0.75,2,0,0.0,0.0005481592645394,0.0005481592645394
UTY,0.75,1,0,0.0,1.8820004e-12,1.8820004e-12
VASH1,0.75,1,0,0.0,1.6700311e-07,1.6700311e-07
VBP1,0.75,1,0,0.0,0.00022259647,0.00022259647
VDAC2,0.75,2,0,0.0,3.6170636e-13,3.6170636e-13
VDR,0.75,1,0,0.0,0.16425237,0.16425237
VENTX,0.75,2,0,0.0,1.5553345500000002e-10,1.5553345500000002e-10
VGF,0.75,1,0,0.0,0.00018383295,0.00018383295
VMAC,0.75,2,0,0.0,7.15777051925e-05,7.15777051925e-05
VPS25,0.75,1,0,0.0,0.05053563,0.05053563
VPS26B,0.75,2,0,0.0,0.334657255,0.334657255
VPS51,0.75,1,0,0.0,7.8003595e-09,7.8003595e-09
VPS72,0.75,2,0,0.0,0.3096333854652305,0.3096333854652305
VPS9D1,0.75,2,0,0.0,0.307393415,0.307393415
VSIG2,0.75,2,0,0.0,0.1804506465,0.1804506465
VSIG4,0.75,1,0,0.0,4.6225712e-14,4.6225712e-14
VSTM2L,0.75,1,0,0.0,0.38098794,0.38098794
VSTM4,0.75,5,0,0.0,1.2825683e-06,0.0016087286619653185
VWA2,0.75,1,0,0.0,4.4099357e-05,4.4099357e-05
VWA7,0.75,2,0,0.0,0.0001924223278,0.0001924223278
VXN,0.75,1,0,0.0,9.546118e-10,9.546118e-10
WARS1,0.75,1,0,0.0,0.12747903,0.12747903
WARS2,0.75,1,0,0.0,0.69279313,0.69279313
WASHC3,0.75,1,0,0.0,7.1022833e-07,7.1022833e-07
WDHD1,0.75,2,0,0.0,0.000182764101,0.000182764101
WDR1,0.75,3,0,0.0,2.5896455e-07,3.2396779803333336e-07
WDR24,0.75,2,0,0.0,0.299262893983393,0.299262893983393
WDR25,0.75,1,0,0.0,6.461177e-09,6.461177e-09
WDR27,0.75,5,0,0.0,0.011699315,0.18268130248129122
WDR31,0.75,1,0,0.0,0.680293,0.680293
WDR46,0.75,1,0,0.0,0.00089654454,0.00089654454
WDR6,0.75,2,0,0.0,0.0934605747015,0.0934605747015
WDR73,0.75,2,0,0.0,2.1504464e-08,2.1504464e-08
WDR75,0.75,2,0,0.0,0.117987042735,0.117987042735
WDR81,0.75,4,0,0.0,0.0825936052,0.1557386280225
WEE1,0.75,1,0,0.0,0.107974745,0.107974745
WFDC10B,0.75,1,0,0.0,0.32353154,0.32353154
WFDC11,0.75,1,0,0.0,0.6205515,0.6205515
WFDC2,0.75,1,0,0.0,0.69641227,0.69641227
WNT11,0.75,1,0,0.0,0.44980887,0.44980887
WNT3,0.75,4,0,0.0,0.169924152608144,0.257091618994992
WNT3A,0.75,1,0,0.0,0.00012202137,0.00012202137
WNT5A,0.75,2,0,0.0,0.22743041700000002,0.22743041700000002
WNT5B,0.75,2,0,0.0,0.00838288614026715,0.00838288614026715
WNT9A,0.75,5,0,0.0,0.07479367,0.07228940842171927
WRAP53,0.75,2,0,0.0,1.38265075e-06,1.38265075e-06
WRN,0.75,2,0,0.0,0.226498735,0.226498735
WRNIP1,0.75,2,0,0.0,0.000423879519,0.000423879519
WSB1,0.75,1,0,0.0,0.11342952,0.11342952
WWOX,0.75,1,0,0.0,0.06773133,0.06773133
WWP1,0.75,1,0,0.0,0.011633011,0.011633011
WWP2,0.75,2,0,0.0,2.7389070900000003e-12,2.7389070900000003e-12
XAGE2,0.75,1,0,0.0,0.6656489,0.6656489
XG,0.75,1,0,0.0,0.0003238839,0.0003238839
XKR5,0.75,1,0,0.0,0.00032397962,0.00032397962
XKR8,0.75,1,0,0.0,0.017253842,0.017253842
XKR9,0.75,1,0,0.0,0.1949975,0.1949975
XPC,0.75,1,0,0.0,0.005314181,0.005314181
XPO5,0.75,2,0,0.0,0.07939070301505574,0.07939070301505574
XPR1,0.75,2,0,0.0,0.105077905,0.105077905
XXYLT1,0.75,1,0,0.0,0.3459786,0.3459786
YAE1,0.75,1,0,0.0,0.70057344,0.70057344
YBX3,0.75,1,0,0.0,0.0316936,0.0316936
YIF1B,0.75,1,0,0.0,0.056907315,0.056907315
YIPF2,0.75,1,0,0.0,0.52026755,0.52026755
YIPF7,0.75,1,0,0.0,1.0150254e-07,1.0150254e-07
YME1L1,0.75,4,0,0.0,0.0003454540569270395,0.1539313520317569
YOD1,0.75,3,0,0.0,0.26368302,0.24238999935063346
YPEL1,0.75,2,0,0.0,2.5864362575e-07,2.5864362575e-07
YPEL3,0.75,1,0,0.0,0.00014723606,0.00014723606
YWHAH,0.75,2,0,0.0,0.001540541869,0.001540541869
YY1,0.75,1,0,0.0,0.42354557,0.42354557
Y_RNA,0.75,3,0,0.0,9.057416e-09,0.0026982600196600198
Z82190.2,0.75,2,0,0.0,0.09155914002627279,0.09155914002627279
ZACN,0.75,2,0,0.0,0.16463509000138016,0.16463509000138016
ZBED4,0.75,2,0,0.0,0.6478848500000001,0.6478848500000001
ZBED6CL,0.75,1,0,0.0,0.0012171598,0.0012171598
ZBTB16,0.75,1,0,0.0,0.14467303,0.14467303
ZBTB2,0.75,3,0,0.0,0.004110493,0.15819890666053335
ZBTB39,0.75,1,0,0.0,0.5263402,0.5263402
ZBTB4,0.75,1,0,0.0,2.1723734e-05,2.1723734e-05
ZBTB45,0.75,2,0,0.0,0.29931352989730003,0.29931352989730003
ZC3H12D,0.75,2,0,0.0,0.126786060202,0.126786060202
ZC3H15,0.75,1,0,0.0,0.27819952,0.27819952
ZC4H2,0.75,1,0,0.0,3.4362486e-08,3.4362486e-08
ZCCHC2,0.75,2,0,0.0,0.19472108335,0.19472108335
ZDHHC20,0.75,2,0,0.0,0.0173619949,0.0173619949
ZDHHC22,0.75,1,0,0.0,0.016986648,0.016986648
ZDHHC9,0.75,1,0,0.0,0.2634547,0.2634547
ZFAND1,0.75,1,0,0.0,0.015936993,0.015936993
ZFAND2A,0.75,1,0,0.0,0.024629084,0.024629084
ZFAND3,0.75,1,0,0.0,0.5686997,0.5686997
ZFAND6,0.75,1,0,0.0,0.4828451,0.4828451
ZFP1,0.75,2,0,0.0,0.201885805,0.201885805
ZFP91,0.75,3,0,0.0,0.034475483,0.08251538900000001
ZFR,0.75,3,0,0.0,0.22381204,0.22265031666666668
ZFYVE19,0.75,1,0,0.0,0.18250413,0.18250413
ZFYVE27,0.75,2,0,0.0,0.29869675926309996,0.29869675926309996
ZG16B,0.75,1,0,0.0,5.725227e-12,5.725227e-12
ZIM2,0.75,1,0,0.0,0.69994926,0.69994926
ZMAT3,0.75,2,0,0.0,0.404688825,0.404688825
ZMYM1,0.75,2,0,0.0,0.029180401,0.029180401
ZMYM5,0.75,1,0,0.0,0.27981207,0.27981207
ZMYM6,0.75,1,0,0.0,0.6230963,0.6230963
ZNF132,0.75,1,0,0.0,0.48089218,0.48089218
ZNF133,0.75,2,0,0.0,0.1766872872711135,0.1766872872711135
ZNF137P,0.75,1,0,0.0,0.031311013,0.031311013
ZNF155,0.75,1,0,0.0,0.5776626,0.5776626
ZNF17,0.75,1,0,0.0,0.6628527,0.6628527
ZNF185,0.75,1,0,0.0,2.6022346e-09,2.6022346e-09
ZNF211,0.75,1,0,0.0,0.020579135,0.020579135
ZNF213,0.75,4,0,0.0,0.0985025125,0.10771357425
ZNF214,0.75,1,0,0.0,0.61398566,0.61398566
ZNF219,0.75,1,0,0.0,3.7479378e-10,3.7479378e-10
ZNF22,0.75,1,0,0.0,8.266517e-06,8.266517e-06
ZNF224,0.75,3,0,0.0,0.45974246,0.373594959
ZNF25,0.75,2,0,0.0,4.81790235e-06,4.81790235e-06
ZNF280B,0.75,3,0,0.0,0.00010042841,0.16386413491288188
ZNF30,0.75,1,0,0.0,0.46620533,0.46620533
ZNF319,0.75,1,0,0.0,0.40609828,0.40609828
ZNF324,0.75,1,0,0.0,0.21778709,0.21778709
ZNF354C,0.75,4,0,0.0,0.00137284245,0.00844064907371
ZNF391,0.75,1,0,0.0,0.6881563,0.6881563
ZNF395,0.75,1,0,0.0,0.4858655,0.4858655
ZNF404,0.75,1,0,0.0,0.29253638,0.29253638
ZNF415,0.75,1,0,0.0,0.09136675,0.09136675
ZNF416,0.75,1,0,0.0,0.44259965,0.44259965
ZNF43,0.75,2,0,0.0,6.591207435e-05,6.591207435e-05
ZNF497,0.75,2,0,0.0,0.3152742707792003,0.3152742707792003
ZNF503,0.75,1,0,0.0,2.8098245e-07,2.8098245e-07
ZNF512B,0.75,1,0,0.0,0.10283426,0.10283426
ZNF517,0.75,1,0,0.0,7.881371e-13,7.881371e-13
ZNF524,0.75,1,0,0.0,7.527134e-08,7.527134e-08
ZNF548,0.75,1,0,0.0,0.0036738457,0.0036738457
ZNF549,0.75,1,0,0.0,0.20326936,0.20326936
ZNF559-ZNF177,0.75,1,0,0.0,0.0011630589,0.0011630589
ZNF562,0.75,1,0,0.0,0.0011980936,0.0011980936
ZNF568,0.75,1,0,0.0,0.688046,0.688046
ZNF577,0.75,3,0,0.0,0.0047710678,0.19947726943333335
ZNF581,0.75,1,0,0.0,0.0016800312,0.0016800312
ZNF587,0.75,1,0,0.0,0.22421776,0.22421776
ZNF622,0.75,1,0,0.0,0.64541316,0.64541316
ZNF648,0.75,1,0,0.0,6.6501565e-07,6.6501565e-07
ZNF667,0.75,2,0,0.0,0.50649151,0.50649151
ZNF672,0.75,2,0,0.0,0.000272819685105,0.000272819685105
ZNF678,0.75,3,0,0.0,0.16046102,0.24682896499999998
ZNF688,0.75,2,0,0.0,0.0033059845934535,0.0033059845934535
ZNF689,0.75,3,0,0.0,1.1101147e-05,0.043383450394754275
ZNF696,0.75,2,0,0.0,0.000314770083,0.000314770083
ZNF697,0.75,6,0,0.0,3.79379985e-09,0.00027757427723572135
ZNF705A,0.75,1,0,0.0,0.33751425,0.33751425
ZNF707,0.75,2,0,0.0,1.6451825441e-06,1.6451825441e-06
ZNF710,0.75,1,0,0.0,1.4269887e-06,1.4269887e-06
ZNF711,0.75,1,0,0.0,3.0033525e-06,3.0033525e-06
ZNF750,0.75,1,0,0.0,0.42312145,0.42312145
ZNF766,0.75,1,0,0.0,8.0852216e-05,8.0852216e-05
ZNF770,0.75,2,0,0.0,0.34756338249999996,0.34756338249999996
ZNF783,0.75,1,0,0.0,9.750682e-09,9.750682e-09
ZNF790,0.75,1,0,0.0,0.29258633,0.29258633
ZNF839,0.75,1,0,0.0,5.516114e-08,5.516114e-08
ZNF85,0.75,4,0,0.0,0.0010255714733500001,0.023396925959075
ZNHIT2,0.75,1,0,0.0,0.1853512,0.1853512
ZNRF2,0.75,1,0,0.0,1.18159145e-08,1.18159145e-08
ZNRF3,0.75,7,0,0.0,6.588336e-09,5.300733038714428e-08
ZNRF4,0.75,2,0,0.0,0.0083012155,0.0083012155
ZSCAN20,0.75,2,0,0.0,0.43290438000000003,0.43290438000000003
ZSCAN26,0.75,1,0,0.0,0.0012526375,0.0012526375
ZSWIM8,0.75,3,0,0.0,2.3892353e-08,1.889799891113333e-08
ZW10,0.75,1,0,0.0,0.4445287,0.4445287
ZWINT,0.75,2,0,0.0,3.174680102e-09,3.174680102e-09
ZXDC,0.75,2,0,0.0,0.197200688915,0.197200688915
