Hugo_Symbol,threshold,n_variants,n_predicted_artifact,artifact_fraction,median_rep_error_probability,mean_rep_error_probability
TTN,0.75,262,157,0.599237,0.908486,0.670611
MUC16,0.75,132,99,0.75,0.970073,0.782137
EGFR,0.75,132,65,0.492424,0.720919,0.548796
FLG,0.75,74,48,0.648649,0.895621,0.726018
MUC17,0.75,49,43,0.877551,0.990289,0.893078
TP53,0.75,155,37,0.23871,0.000589,0.29546
RELN,0.75,42,33,0.785714,0.980406,0.816019
RYR2,0.75,62,33,0.532258,0.825998,0.620067
PCLO,0.75,41,32,0.780488,0.978714,0.802651
PKHD1,0.75,47,32,0.680851,0.930765,0.730178
NF1,0.75,47,31,0.659574,0.957899,0.731342
HMCN1,0.75,47,30,0.638298,0.953409,0.69182
SPTA1,0.75,53,30,0.566038,0.818299,0.63909
PTEN,0.75,118,29,0.245763,0.000281,0.283221
SYNE1,0.75,39,28,0.717949,0.953209,0.762016
LRP2,0.75,47,28,0.595745,0.826054,0.689323
OBSCN,0.75,72,28,0.388889,0.288447,0.447398
DNAH11,0.75,39,26,0.666667,0.971172,0.690045
DNAH5,0.75,47,25,0.531915,0.824124,0.623647
DST,0.75,50,25,0.5,0.746245,0.573311
GRM3,0.75,25,24,0.96,0.987015,0.947258
APOB,0.75,26,23,0.884615,0.954442,0.885385
FCGBP,0.75,29,23,0.793103,0.977897,0.824647
PIK3CG,0.75,32,23,0.71875,0.969283,0.742681
DNAH2,0.75,41,23,0.560976,0.83732,0.640541
DNAH3,0.75,49,23,0.469388,0.671895,0.609719
FAT2,0.75,29,22,0.758621,0.955398,0.766513
COL6A3,0.75,36,22,0.611111,0.872238,0.652554
USH2A,0.75,43,22,0.511628,0.811944,0.651575
KMT2C,0.75,28,21,0.75,0.990393,0.773289
GRIN2A,0.75,31,21,0.677419,0.956157,0.739999
DCHS2,0.75,25,20,0.8,0.953928,0.810683
PIK3CA,0.75,39,20,0.512821,0.807788,0.561605
CNTNAP2,0.75,23,19,0.826087,0.982749,0.826731
TCHH,0.75,24,19,0.791667,0.980673,0.807367
TRRAP,0.75,24,19,0.791667,0.981361,0.865236
SDK1,0.75,25,19,0.76,0.977306,0.748055
HUWE1,0.75,26,19,0.730769,0.952028,0.736205
MACF1,0.75,29,19,0.655172,0.919648,0.72422
AHNAK,0.75,30,19,0.633333,0.935622,0.677247
RIMS2,0.75,34,19,0.558824,0.853763,0.653073
PLXNA4,0.75,18,18,1.0,0.991123,0.979722
NEB,0.75,26,18,0.692308,0.948395,0.714362
CSMD3,0.75,27,18,0.666667,0.921963,0.748272
FER1L6,0.75,29,18,0.62069,0.944046,0.752309
AHNAK2,0.75,38,18,0.473684,0.544939,0.496947
PKD1L1,0.75,18,17,0.944444,0.991302,0.928997
FAT4,0.75,21,17,0.809524,0.966383,0.784188
DNAH7,0.75,23,17,0.73913,0.907967,0.686908
PIK3R1,0.75,27,17,0.62963,0.89291,0.734486
ATRX,0.75,35,17,0.485714,0.597095,0.498198
HYDIN,0.75,35,17,0.485714,0.684734,0.597305
MUC3A,0.75,17,16,0.941176,0.989552,0.946211
LCT,0.75,18,16,0.888889,0.957376,0.839209
VPS13D,0.75,21,16,0.761905,0.977631,0.779133
NLRP5,0.75,22,16,0.727273,0.967876,0.766502
KIF2B,0.75,25,16,0.64,0.922928,0.776667
RYR1,0.75,26,16,0.615385,0.970665,0.700453
DSP,0.75,28,16,0.571429,0.822352,0.640216
LAMA1,0.75,31,16,0.516129,0.75499,0.597378
ADGRV1,0.75,33,16,0.484848,0.688412,0.612694
COL1A2,0.75,16,15,0.9375,0.982838,0.915637
LAMA2,0.75,17,15,0.882353,0.971333,0.866273
PPP1R3A,0.75,18,15,0.833333,0.975932,0.892111
TRIO,0.75,18,15,0.833333,0.915618,0.792921
ZFHX3,0.75,19,15,0.789474,0.978926,0.806305
ANK2,0.75,21,15,0.714286,0.971304,0.835134
COL14A1,0.75,22,15,0.681818,0.976477,0.702307
FBN2,0.75,22,15,0.681818,0.858314,0.772539
MYH1,0.75,23,15,0.652174,0.90816,0.682596
SACS,0.75,23,15,0.652174,0.878077,0.683256
SYNE2,0.75,23,15,0.652174,0.911498,0.672019
TEX15,0.75,24,15,0.625,0.973005,0.741821
TAF1L,0.75,29,15,0.517241,0.84524,0.617637
DNAH8,0.75,30,15,0.5,0.741188,0.613901
ARHGEF5,0.75,15,14,0.933333,0.989237,0.945732
ABCB4,0.75,17,14,0.823529,0.984039,0.862436
LAMB4,0.75,17,14,0.823529,0.979007,0.812381
TLL1,0.75,17,14,0.823529,0.93442,0.800985
GABRA6,0.75,18,14,0.777778,0.930262,0.77569
ZAN,0.75,21,14,0.666667,0.96392,0.708862
FLNA,0.75,22,14,0.636364,0.931877,0.645754
MYH13,0.75,22,14,0.636364,0.94209,0.683877
FRAS1,0.75,26,14,0.538462,0.883241,0.562967
IDH1,0.75,26,14,0.538462,0.805976,0.598375
TECTA,0.75,26,14,0.538462,0.856654,0.66379
DOCK5,0.75,31,14,0.451613,0.669359,0.520313
PTPN3,0.75,14,13,0.928571,0.946319,0.852275
FREM2,0.75,15,13,0.866667,0.962237,0.855579
NME8,0.75,15,13,0.866667,0.984741,0.889081
OR5D13,0.75,15,13,0.866667,0.923784,0.879024
SAMD9,0.75,15,13,0.866667,0.977415,0.88257
TRPV6,0.75,15,13,0.866667,0.977185,0.899755
CALN1,0.75,16,13,0.8125,0.982546,0.82977
EXPH5,0.75,16,13,0.8125,0.991315,0.87974
GALNT17,0.75,16,13,0.8125,0.962524,0.871439
GRIN2B,0.75,17,13,0.764706,0.972383,0.809508
ITPR3,0.75,17,13,0.764706,0.954828,0.774145
MECOM,0.75,17,13,0.764706,0.924368,0.741369
NLRP7,0.75,18,13,0.722222,0.961166,0.800507
SCN10A,0.75,19,13,0.684211,0.949717,0.74809
SETD2,0.75,19,13,0.684211,0.951062,0.708611
NLRP12,0.75,20,13,0.65,0.896287,0.674892
PTPRT,0.75,20,13,0.65,0.968516,0.768853
MUC5B,0.75,21,13,0.619048,0.952778,0.611861
NLRP4,0.75,21,13,0.619048,0.952573,0.711663
PRDM9,0.75,21,13,0.619048,0.861364,0.739746
CENPF,0.75,22,13,0.590909,0.903358,0.621349
XIRP2,0.75,27,13,0.481481,0.729175,0.644089
RYR3,0.75,29,13,0.448276,0.539759,0.542519
NLRP13,0.75,13,12,0.923077,0.989195,0.896684
CALCR,0.75,15,12,0.8,0.971364,0.777915
COL11A1,0.75,15,12,0.8,0.969558,0.817609
F8,0.75,15,12,0.8,0.974319,0.800613
MYH11,0.75,15,12,0.8,0.92262,0.831983
ADAM29,0.75,16,12,0.75,0.914605,0.777184
F5,0.75,16,12,0.75,0.899587,0.728245
ZNF208,0.75,16,12,0.75,0.973457,0.73733
CASR,0.75,17,12,0.705882,0.974696,0.768119
KEL,0.75,17,12,0.705882,0.967612,0.776701
POM121L12,0.75,17,12,0.705882,0.938496,0.704446
SPEG,0.75,17,12,0.705882,0.971993,0.729071
BRCA2,0.75,18,12,0.666667,0.959102,0.689174
HECTD4,0.75,18,12,0.666667,0.852322,0.69144
PCDHB7,0.75,18,12,0.666667,0.957269,0.789516
GRM8,0.75,19,12,0.631579,0.952479,0.690123
HECW1,0.75,19,12,0.631579,0.973867,0.697883
KIAA1109,0.75,19,12,0.631579,0.969802,0.712827
C3,0.75,20,12,0.6,0.922823,0.654004
CDH18,0.75,20,12,0.6,0.924942,0.68187
TENM1,0.75,20,12,0.6,0.926151,0.663194
TRPM6,0.75,20,12,0.6,0.952877,0.682278
NOS1,0.75,22,12,0.545455,0.832593,0.604934
SCN9A,0.75,22,12,0.545455,0.818318,0.632132
DNAH9,0.75,24,12,0.5,0.743648,0.669667
SLIT3,0.75,24,12,0.5,0.763237,0.585753
LRP1B,0.75,26,12,0.461538,0.63005,0.570794
DNAH10,0.75,27,12,0.444444,0.25596,0.462367
TMEM132D,0.75,28,12,0.428571,0.533881,0.521092
CR2,0.75,12,11,0.916667,0.973986,0.906677
OR5H2,0.75,12,11,0.916667,0.96329,0.872361
TRPV5,0.75,12,11,0.916667,0.99069,0.938322
ABCB5,0.75,13,11,0.846154,0.984339,0.848239
FRMPD4,0.75,13,11,0.846154,0.971142,0.797915
NIPBL,0.75,13,11,0.846154,0.989992,0.886752
PCDH19,0.75,13,11,0.846154,0.96972,0.812564
PCDHA13,0.75,13,11,0.846154,0.942022,0.870723
ZNF493,0.75,13,11,0.846154,0.954589,0.799377
CDK5RAP2,0.75,14,11,0.785714,0.939328,0.771433
COL12A1,0.75,14,11,0.785714,0.966485,0.801547
ERICH3,0.75,14,11,0.785714,0.936375,0.830515
PTPRN2,0.75,14,11,0.785714,0.984769,0.788963
TAF1,0.75,14,11,0.785714,0.977891,0.770998
ZNF462,0.75,14,11,0.785714,0.982917,0.797343
CARD6,0.75,15,11,0.733333,0.883493,0.746059
ADAMTS16,0.75,16,11,0.6875,0.931461,0.71918
DYNC1H1,0.75,16,11,0.6875,0.94494,0.689036
EPB41L3,0.75,16,11,0.6875,0.867711,0.772901
RNF17,0.75,16,11,0.6875,0.979772,0.676904
ATR,0.75,17,11,0.647059,0.882366,0.653792
UGGT1,0.75,17,11,0.647059,0.946599,0.727756
ABCC9,0.75,18,11,0.611111,0.851486,0.720467
ANK1,0.75,18,11,0.611111,0.924993,0.678014
HSPG2,0.75,18,11,0.611111,0.886492,0.713124
KIF16B,0.75,18,11,0.611111,0.938605,0.820871
PKHD1L1,0.75,18,11,0.611111,0.95692,0.651447
FLG2,0.75,19,11,0.578947,0.793065,0.706321
RESF1,0.75,19,11,0.578947,0.898839,0.662128
HRNR,0.75,20,11,0.55,0.868453,0.652965
QSER1,0.75,20,11,0.55,0.809407,0.639405
USP9X,0.75,21,11,0.52381,0.896136,0.504221
TENM3,0.75,22,11,0.5,0.72702,0.540594
VWF,0.75,23,11,0.478261,0.72294,0.640343
DOCK8,0.75,24,11,0.458333,0.621415,0.515453
EP400,0.75,25,11,0.44,0.554364,0.57752
MXRA5,0.75,25,11,0.44,0.426895,0.481332
HCN1,0.75,26,11,0.423077,0.445975,0.498103
ACAD10,0.75,10,10,1.0,0.977828,0.951146
CPNE8,0.75,10,10,1.0,0.990795,0.957048
LPA,0.75,10,10,1.0,0.970867,0.933305
SPATA31D1,0.75,11,10,0.909091,0.967185,0.854877
TTC21A,0.75,11,10,0.909091,0.963926,0.844398
URGCP,0.75,11,10,0.909091,0.989077,0.88206
ADCY1,0.75,12,10,0.833333,0.990194,0.812264
CNTN6,0.75,12,10,0.833333,0.97657,0.871648
CYP4F22,0.75,12,10,0.833333,0.983142,0.833703
UBE3C,0.75,12,10,0.833333,0.942948,0.814552
ABCA1,0.75,13,10,0.769231,0.984779,0.794029
CLCN1,0.75,13,10,0.769231,0.986033,0.80666
CPAMD8,0.75,13,10,0.769231,0.97018,0.756107
ENPP2,0.75,13,10,0.769231,0.917209,0.82161
OR5W2,0.75,13,10,0.769231,0.907077,0.758861
PREX1,0.75,13,10,0.769231,0.974611,0.795807
RFX6,0.75,13,10,0.769231,0.916151,0.839667
CAMTA1,0.75,14,10,0.714286,0.886255,0.799687
DENND2C,0.75,14,10,0.714286,0.944415,0.732563
FBN3,0.75,14,10,0.714286,0.893525,0.702745
MYH8,0.75,14,10,0.714286,0.979213,0.716887
NLRP2,0.75,14,10,0.714286,0.925237,0.792742
PEG3,0.75,14,10,0.714286,0.896441,0.709623
ABCA13,0.75,15,10,0.666667,0.921433,0.690437
EPHA8,0.75,15,10,0.666667,0.923839,0.665475
SRRM2,0.75,15,10,0.666667,0.97629,0.73099
ALPK2,0.75,16,10,0.625,0.967295,0.753018
CACNA2D1,0.75,16,10,0.625,0.944362,0.704888
CMYA5,0.75,16,10,0.625,0.954482,0.723844
DSG4,0.75,16,10,0.625,0.928937,0.697854
GLI3,0.75,16,10,0.625,0.94662,0.713899
ITPR2,0.75,16,10,0.625,0.928292,0.732547
LRP1,0.75,16,10,0.625,0.878061,0.688984
SPATA31A1,0.75,16,10,0.625,0.908242,0.679701
ELMO1,0.75,17,10,0.588235,0.908354,0.710326
ENPEP,0.75,17,10,0.588235,0.874243,0.680985
FBN1,0.75,17,10,0.588235,0.916943,0.687313
NLRP3,0.75,17,10,0.588235,0.896051,0.623696
TSHZ2,0.75,17,10,0.588235,0.940596,0.685036
ZFP42,0.75,17,10,0.588235,0.981408,0.665557
ABCC5,0.75,18,10,0.555556,0.805741,0.623476
BIRC6,0.75,18,10,0.555556,0.917373,0.572115
ITGAD,0.75,18,10,0.555556,0.867417,0.570206
CACNA1S,0.75,19,10,0.526316,0.822331,0.702967
MYH2,0.75,20,10,0.5,0.776133,0.582872
PCDHA1,0.75,20,10,0.5,0.78489,0.607677
PDGFRA,0.75,20,10,0.5,0.796874,0.589818
DNAH17,0.75,21,10,0.47619,0.651964,0.554111
DMD,0.75,25,10,0.4,0.368801,0.460027
CHD1,0.75,9,9,1.0,0.985328,0.952768
TPTE,0.75,9,9,1.0,0.989555,0.966884
VPS50,0.75,9,9,1.0,0.990957,0.969294
ZPBP,0.75,9,9,1.0,0.980573,0.959782
ANO3,0.75,10,9,0.9,0.990136,0.905482
AREL1,0.75,10,9,0.9,0.962701,0.849807
CDK13,0.75,10,9,0.9,0.983329,0.918919
COL28A1,0.75,10,9,0.9,0.967129,0.881089
FAM120B,0.75,10,9,0.9,0.989203,0.886593
FANCD2,0.75,10,9,0.9,0.983075,0.894111
LDLR,0.75,10,9,0.9,0.953267,0.900513
MED13L,0.75,10,9,0.9,0.986177,0.901792
PON1,0.75,10,9,0.9,0.978718,0.873034
PTPRZ1,0.75,10,9,0.9,0.982795,0.938738
RAB3GAP2,0.75,10,9,0.9,0.935255,0.854105
SEPTIN4,0.75,10,9,0.9,0.986377,0.865379
TDRD7,0.75,10,9,0.9,0.979095,0.861417
ADAMTS2,0.75,11,9,0.818182,0.977945,0.853493
AMPD1,0.75,11,9,0.818182,0.936736,0.865353
AOC1,0.75,11,9,0.818182,0.975576,0.783303
CNTNAP1,0.75,11,9,0.818182,0.955784,0.841892
GEMIN5,0.75,11,9,0.818182,0.936273,0.782803
LARP1,0.75,11,9,0.818182,0.987866,0.79289
MAP1B,0.75,11,9,0.818182,0.979931,0.906465
NLRP11,0.75,11,9,0.818182,0.983384,0.803991
SLC6A18,0.75,11,9,0.818182,0.982818,0.806855
TRPM3,0.75,11,9,0.818182,0.990723,0.871276
AFM,0.75,12,9,0.75,0.916888,0.74735
ARHGAP21,0.75,12,9,0.75,0.982938,0.754576
CENPE,0.75,12,9,0.75,0.906274,0.753098
COBL,0.75,12,9,0.75,0.986025,0.818881
COL24A1,0.75,12,9,0.75,0.990519,0.766102
KALRN,0.75,12,9,0.75,0.971153,0.754275
KIAA1210,0.75,12,9,0.75,0.969652,0.721003
KLK15,0.75,12,9,0.75,0.975404,0.729219
NRXN3,0.75,12,9,0.75,0.966835,0.719854
PDE1C,0.75,12,9,0.75,0.981937,0.819004
PTPN11,0.75,12,9,0.75,0.97653,0.807989
SAMD9L,0.75,12,9,0.75,0.968831,0.761593
SBNO1,0.75,12,9,0.75,0.987866,0.798538
SLC5A7,0.75,12,9,0.75,0.879863,0.738375
UTRN,0.75,12,9,0.75,0.979499,0.735729
CNTN1,0.75,13,9,0.692308,0.956087,0.74372
CUBN,0.75,13,9,0.692308,0.976255,0.66509
LRBA,0.75,13,9,0.692308,0.948394,0.724175
PCDHB15,0.75,13,9,0.692308,0.978578,0.813429
PREX2,0.75,13,9,0.692308,0.938453,0.757049
SALL4,0.75,13,9,0.692308,0.972781,0.746452
VAV1,0.75,13,9,0.692308,0.962388,0.765348
ANO4,0.75,14,9,0.642857,0.920441,0.77815
ASH1L,0.75,14,9,0.642857,0.940741,0.790187
CFTR,0.75,14,9,0.642857,0.991184,0.670586
LY75,0.75,14,9,0.642857,0.915399,0.711789
MC3R,0.75,14,9,0.642857,0.976614,0.801503
MYO3A,0.75,14,9,0.642857,0.962208,0.647388
MYOCD,0.75,14,9,0.642857,0.971956,0.639246
SLC9A4,0.75,14,9,0.642857,0.916975,0.736248
SVEP1,0.75,14,9,0.642857,0.947566,0.659063
UGT3A2,0.75,14,9,0.642857,0.95571,0.697574
WDFY3,0.75,14,9,0.642857,0.974626,0.686519
CACNA1B,0.75,15,9,0.6,0.919282,0.646329
CIT,0.75,15,9,0.6,0.924159,0.766452
DYNC1I1,0.75,15,9,0.6,0.933345,0.703564
HERC2P3,0.75,15,9,0.6,0.933142,0.640554
KIF4B,0.75,15,9,0.6,0.925706,0.653739
MAG,0.75,15,9,0.6,0.939883,0.606233
POLE,0.75,15,9,0.6,0.9756,0.691296
TLR7,0.75,15,9,0.6,0.914102,0.598588
VPS13B,0.75,15,9,0.6,0.93675,0.734247
BDP1,0.75,16,9,0.5625,0.92891,0.662989
CHD9,0.75,16,9,0.5625,0.922882,0.639759
FAT1,0.75,16,9,0.5625,0.948094,0.643103
ZDBF2,0.75,16,9,0.5625,0.87418,0.618948
ADGRF5,0.75,17,9,0.529412,0.767368,0.544675
FGD5,0.75,17,9,0.529412,0.77538,0.628132
MYH6,0.75,17,9,0.529412,0.903302,0.560688
NWD1,0.75,17,9,0.529412,0.810645,0.695791
SCN5A,0.75,17,9,0.529412,0.922142,0.594314
ADCY10,0.75,18,9,0.5,0.659384,0.600505
CD163L1,0.75,18,9,0.5,0.744273,0.614974
ESPL1,0.75,18,9,0.5,0.595471,0.51792
GRIP1,0.75,18,9,0.5,0.758842,0.581586
HERC2,0.75,18,9,0.5,0.779624,0.630479
NAV2,0.75,19,9,0.473684,0.558947,0.564256
SLIT2,0.75,19,9,0.473684,0.57548,0.631717
ASPM,0.75,20,9,0.45,0.636067,0.598694
KSR2,0.75,20,9,0.45,0.578425,0.543251
PLCG2,0.75,21,9,0.428571,0.352011,0.499155
ADAM22,0.75,8,8,1.0,0.983335,0.973573
BAZ1A,0.75,8,8,1.0,0.958019,0.937746
CDK12,0.75,8,8,1.0,0.991311,0.95513
KMT2E,0.75,8,8,1.0,0.989524,0.968662
NRP2,0.75,8,8,1.0,0.964552,0.927486
OR2A7,0.75,8,8,1.0,0.982558,0.974652
AC004593.2,0.75,9,8,0.888889,0.977925,0.866587
BRAF,0.75,9,8,0.888889,0.966645,0.889322
BRCA1,0.75,9,8,0.888889,0.971829,0.856649
CSF2RA,0.75,9,8,0.888889,0.990678,0.942271
CTNND2,0.75,9,8,0.888889,0.873451,0.814144
CUL9,0.75,9,8,0.888889,0.989858,0.861023
DGKK,0.75,9,8,0.888889,0.921939,0.817017
EEF1A1,0.75,9,8,0.888889,0.985445,0.919615
ENAM,0.75,9,8,0.888889,0.811865,0.841624
HECTD1,0.75,9,8,0.888889,0.985235,0.915978
KDM7A,0.75,9,8,0.888889,0.988568,0.875092
KRT16,0.75,9,8,0.888889,0.957998,0.878429
MMRN1,0.75,9,8,0.888889,0.979032,0.901606
MYH7,0.75,9,8,0.888889,0.979054,0.946004
NPTX2,0.75,9,8,0.888889,0.982216,0.933542
PCDH18,0.75,9,8,0.888889,0.988775,0.94928
PLCH1,0.75,9,8,0.888889,0.989756,0.918391
SEMG2,0.75,9,8,0.888889,0.976602,0.862201
SRGAP3,0.75,9,8,0.888889,0.933194,0.836847
SSTR4,0.75,9,8,0.888889,0.979585,0.913182
TYR,0.75,9,8,0.888889,0.97054,0.866736
XRN1,0.75,9,8,0.888889,0.988969,0.909913
ZNF532,0.75,9,8,0.888889,0.97032,0.894442
ZNFX1,0.75,9,8,0.888889,0.988288,0.951716
ARAP2,0.75,10,8,0.8,0.970589,0.827146
C6,0.75,10,8,0.8,0.9662,0.817842
CARD11,0.75,10,8,0.8,0.959238,0.776786
CDH1,0.75,10,8,0.8,0.987953,0.90692
CR1,0.75,10,8,0.8,0.985302,0.818329
CYLD,0.75,10,8,0.8,0.978204,0.854963
HEATR5B,0.75,10,8,0.8,0.972362,0.852526
HTR3A,0.75,10,8,0.8,0.972007,0.793568
IGSF9,0.75,10,8,0.8,0.985201,0.851517
ITGA4,0.75,10,8,0.8,0.964052,0.777823
OPN5,0.75,10,8,0.8,0.959042,0.83289
PAPPA2,0.75,10,8,0.8,0.975423,0.81933
PPL,0.75,10,8,0.8,0.954021,0.760677
PPP4R4,0.75,10,8,0.8,0.946242,0.831688
SLC9C1,0.75,10,8,0.8,0.953045,0.778565
STXBP5L,0.75,10,8,0.8,0.972152,0.813297
SYDE2,0.75,10,8,0.8,0.988481,0.819614
TIMD4,0.75,10,8,0.8,0.891936,0.849726
VIRMA,0.75,10,8,0.8,0.969285,0.85009
ZNF335,0.75,10,8,0.8,0.97948,0.7918
BMS1,0.75,11,8,0.727273,0.981119,0.717596
BRWD3,0.75,11,8,0.727273,0.908325,0.703679
CDCP1,0.75,11,8,0.727273,0.96589,0.793187
COL6A2,0.75,11,8,0.727273,0.925324,0.724853
DSCAM,0.75,11,8,0.727273,0.97213,0.815964
GABRA4,0.75,11,8,0.727273,0.97074,0.697478
KCNV1,0.75,11,8,0.727273,0.939366,0.724048
KMT2A,0.75,11,8,0.727273,0.976066,0.710515
OR8K3,0.75,11,8,0.727273,0.948758,0.804078
PCDH15,0.75,11,8,0.727273,0.98694,0.699448
PCK1,0.75,11,8,0.727273,0.974858,0.742891
PHLDB2,0.75,11,8,0.727273,0.986276,0.761196
PTPRM,0.75,11,8,0.727273,0.915135,0.711476
RP1L1,0.75,11,8,0.727273,0.963946,0.768315
SCN1A,0.75,11,8,0.727273,0.920074,0.72676
SHROOM3,0.75,11,8,0.727273,0.973579,0.743856
SLC26A3,0.75,11,8,0.727273,0.986785,0.909043
VCAN,0.75,11,8,0.727273,0.983561,0.778042
WNT2,0.75,11,8,0.727273,0.964671,0.718112
XIRP1,0.75,11,8,0.727273,0.923653,0.714416
ZC3H13,0.75,11,8,0.727273,0.942609,0.759301
ZNF99,0.75,11,8,0.727273,0.988739,0.776364
ASXL1,0.75,12,8,0.666667,0.96902,0.721826
BSN,0.75,12,8,0.666667,0.948214,0.667188
C9orf131,0.75,12,8,0.666667,0.957738,0.733234
CACNA1D,0.75,12,8,0.666667,0.92252,0.691119
CD33,0.75,12,8,0.666667,0.969811,0.7594
CEMIP2,0.75,12,8,0.666667,0.875833,0.650883
CHGB,0.75,12,8,0.666667,0.916739,0.715199
COL6A6,0.75,12,8,0.666667,0.902983,0.695471
CPS1,0.75,12,8,0.666667,0.931009,0.772434
EGF,0.75,12,8,0.666667,0.844254,0.709864
FLNB,0.75,12,8,0.666667,0.935461,0.678569
FLT4,0.75,12,8,0.666667,0.894374,0.721102
GABRB2,0.75,12,8,0.666667,0.857361,0.713086
GFRAL,0.75,12,8,0.666667,0.932459,0.708024
KCNQ5,0.75,12,8,0.666667,0.877219,0.685223
MDN1,0.75,12,8,0.666667,0.939521,0.673072
MYO1D,0.75,12,8,0.666667,0.864666,0.701899
NLRP8,0.75,12,8,0.666667,0.972553,0.730867
PLCL1,0.75,12,8,0.666667,0.883325,0.726826
PTPRD,0.75,12,8,0.666667,0.939904,0.641195
SEMA3C,0.75,12,8,0.666667,0.948398,0.702075
SLC1A6,0.75,12,8,0.666667,0.974383,0.723505
STK31,0.75,12,8,0.666667,0.976976,0.777443
TLN1,0.75,12,8,0.666667,0.937723,0.758486
AKAP13,0.75,13,8,0.615385,0.901208,0.67249
AL592490.1,0.75,13,8,0.615385,0.977677,0.736753
CIITA,0.75,13,8,0.615385,0.830393,0.595308
COL4A6,0.75,13,8,0.615385,0.919258,0.593377
FAM47B,0.75,13,8,0.615385,0.829055,0.618346
GLI2,0.75,13,8,0.615385,0.934778,0.578681
GON4L,0.75,13,8,0.615385,0.898168,0.621131
MYCBP2,0.75,13,8,0.615385,0.937809,0.671745
NTSR1,0.75,13,8,0.615385,0.92937,0.657776
PCDHA8,0.75,13,8,0.615385,0.970635,0.640529
PCDHB5,0.75,13,8,0.615385,0.869054,0.716205
PDE4DIP,0.75,13,8,0.615385,0.964389,0.745191
STAG2,0.75,13,8,0.615385,0.887295,0.573957
TENM4,0.75,13,8,0.615385,0.92877,0.688706
UGT2B4,0.75,13,8,0.615385,0.86558,0.655104
FLNC,0.75,14,8,0.571429,0.930014,0.665383
HIVEP1,0.75,14,8,0.571429,0.921996,0.637396
MYO1B,0.75,14,8,0.571429,0.877916,0.625728
NRXN1,0.75,14,8,0.571429,0.954045,0.597194
SCN7A,0.75,14,8,0.571429,0.89869,0.703244
SIPA1L2,0.75,14,8,0.571429,0.861637,0.726096
SIPA1L3,0.75,14,8,0.571429,0.864576,0.561961
SMARCA2,0.75,14,8,0.571429,0.86929,0.604385
SSPOP,0.75,14,8,0.571429,0.915776,0.622783
TG,0.75,14,8,0.571429,0.94131,0.67023
TNC,0.75,14,8,0.571429,0.937941,0.612752
TPTE2,0.75,14,8,0.571429,0.807097,0.588636
ZNF407,0.75,14,8,0.571429,0.897606,0.61705
COL5A1,0.75,15,8,0.533333,0.85239,0.56299
KDR,0.75,15,8,0.533333,0.974557,0.676758
ANK3,0.75,16,8,0.5,0.747703,0.558503
BPTF,0.75,16,8,0.5,0.637444,0.553321
CDH9,0.75,16,8,0.5,0.7322,0.546308
RBM47,0.75,16,8,0.5,0.751637,0.611935
SIM1,0.75,16,8,0.5,0.729013,0.604846
ATP10B,0.75,17,8,0.470588,0.732823,0.538164
CHD5,0.75,17,8,0.470588,0.51861,0.524008
LAMA3,0.75,17,8,0.470588,0.378249,0.488838
MUC2,0.75,17,8,0.470588,0.688625,0.570844
RP1,0.75,17,8,0.470588,0.507231,0.572389
ARFGEF3,0.75,18,8,0.444444,0.585478,0.517268
ZNF831,0.75,19,8,0.421053,0.195185,0.476348
MYO15A,0.75,20,8,0.4,0.318979,0.457002
TRPM2,0.75,20,8,0.4,0.457443,0.513621
PCDHA12,0.75,21,8,0.380952,0.708176,0.610822
MROH2B,0.75,22,8,0.363636,0.32984,0.455727
CFAP47,0.75,24,8,0.333333,0.005057,0.366499
RB1,0.75,28,8,0.285714,5e-06,0.288973
ADAMTS10,0.75,7,7,1.0,0.940493,0.940836
AKAP11,0.75,7,7,1.0,0.990171,0.980767
AMPH,0.75,7,7,1.0,0.990821,0.967731
AXL,0.75,7,7,1.0,0.987257,0.984571
CLDN4,0.75,7,7,1.0,0.93918,0.925857
COBLL1,0.75,7,7,1.0,0.975706,0.971649
COG4,0.75,7,7,1.0,0.991351,0.964221
COL5A2,0.75,7,7,1.0,0.972749,0.949319
KIAA0753,0.75,7,7,1.0,0.991278,0.98555
MX2,0.75,7,7,1.0,0.898058,0.895173
NCAPG2,0.75,7,7,1.0,0.983127,0.948332
PLCE1,0.75,7,7,1.0,0.984652,0.952804
PYHIN1,0.75,7,7,1.0,0.990698,0.976281
SEC31A,0.75,7,7,1.0,0.986423,0.940008
SLC26A5,0.75,7,7,1.0,0.985098,0.962836
TTC30A,0.75,7,7,1.0,0.984902,0.98055
ABCB8,0.75,8,7,0.875,0.988809,0.939525
ADAM7,0.75,8,7,0.875,0.924975,0.879236
ARSK,0.75,8,7,0.875,0.953016,0.881521
C14orf39,0.75,8,7,0.875,0.964019,0.847352
CDH20,0.75,8,7,0.875,0.984596,0.935919
CDKL5,0.75,8,7,0.875,0.974028,0.840582
CEP126,0.75,8,7,0.875,0.956667,0.872501
CTAGE1,0.75,8,7,0.875,0.981602,0.851697
DIDO1,0.75,8,7,0.875,0.971303,0.841591
EYA4,0.75,8,7,0.875,0.927764,0.864739
KDM2B,0.75,8,7,0.875,0.983763,0.834826
KIR2DL4,0.75,8,7,0.875,0.981372,0.910818
KLHL13,0.75,8,7,0.875,0.96806,0.832788
LPIN1,0.75,8,7,0.875,0.985869,0.86059
MTUS2,0.75,8,7,0.875,0.977924,0.866153
OR10H5,0.75,8,7,0.875,0.990468,0.900013
OR1S1,0.75,8,7,0.875,0.978406,0.911723
OR2T33,0.75,8,7,0.875,0.990024,0.849167
PROKR2,0.75,8,7,0.875,0.948581,0.877155
PSG4,0.75,8,7,0.875,0.983756,0.892145
REPS2,0.75,8,7,0.875,0.93498,0.845968
RPGRIP1L,0.75,8,7,0.875,0.871934,0.867497
SAGE1,0.75,8,7,0.875,0.971242,0.838125
SERPINA3,0.75,8,7,0.875,0.98566,0.861163
SLC12A7,0.75,8,7,0.875,0.980193,0.8575
SLC26A4,0.75,8,7,0.875,0.988208,0.888466
SLITRK2,0.75,8,7,0.875,0.979357,0.87514
UHRF1BP1L,0.75,8,7,0.875,0.96965,0.90171
ZNF780B,0.75,8,7,0.875,0.942338,0.822235
ABCB1,0.75,9,7,0.777778,0.939083,0.739786
AHR,0.75,9,7,0.777778,0.981098,0.774417
ASZ1,0.75,9,7,0.777778,0.962088,0.832717
ATP10D,0.75,9,7,0.777778,0.990014,0.849282
C2orf16,0.75,9,7,0.777778,0.958909,0.757925
CCDC18,0.75,9,7,0.777778,0.960515,0.851853
CUL1,0.75,9,7,0.777778,0.9783,0.811071
DLC1,0.75,9,7,0.777778,0.982662,0.852378
DPP6,0.75,9,7,0.777778,0.969136,0.760804
EPHB6,0.75,9,7,0.777778,0.970206,0.791921
FBXL13,0.75,9,7,0.777778,0.985589,0.765714
ICE1,0.75,9,7,0.777778,0.973799,0.751741
ITGB4,0.75,9,7,0.777778,0.980105,0.754145
JHY,0.75,9,7,0.777778,0.991081,0.894033
LRRC66,0.75,9,7,0.777778,0.950581,0.752575
MAP3K4,0.75,9,7,0.777778,0.974681,0.893792
MYO6,0.75,9,7,0.777778,0.975309,0.762261
NR3C2,0.75,9,7,0.777778,0.984293,0.837548
NRDC,0.75,9,7,0.777778,0.883713,0.839217
OGDH,0.75,9,7,0.777778,0.986031,0.841041
OR2T12,0.75,9,7,0.777778,0.884861,0.727459
OR2Y1,0.75,9,7,0.777778,0.982064,0.757803
OR5AR1,0.75,9,7,0.777778,0.822778,0.711761
PCDHGA2,0.75,9,7,0.777778,0.963043,0.812382
PEX1,0.75,9,7,0.777778,0.980134,0.757734
PHF3,0.75,9,7,0.777778,0.978658,0.746068
PIK3CB,0.75,9,7,0.777778,0.971424,0.906576
PPEF2,0.75,9,7,0.777778,0.984712,0.859518
PRR23B,0.75,9,7,0.777778,0.98491,0.79884
PRSS35,0.75,9,7,0.777778,0.950602,0.74356
SGO2,0.75,9,7,0.777778,0.956378,0.84623
SLC9C2,0.75,9,7,0.777778,0.970889,0.832105
SMARCA1,0.75,9,7,0.777778,0.941892,0.734838
SNRNP200,0.75,9,7,0.777778,0.965541,0.789901
TAF2,0.75,9,7,0.777778,0.971234,0.742995
TJP3,0.75,9,7,0.777778,0.97878,0.767407
UBASH3A,0.75,9,7,0.777778,0.971179,0.835527
AFDN,0.75,10,7,0.7,0.907253,0.651822
AXDND1,0.75,10,7,0.7,0.950127,0.748805
CHL1,0.75,10,7,0.7,0.934741,0.763811
CNGA4,0.75,10,7,0.7,0.956136,0.79304
COL15A1,0.75,10,7,0.7,0.98076,0.75429
DSC1,0.75,10,7,0.7,0.92506,0.761697
EMILIN2,0.75,10,7,0.7,0.954851,0.73565
ERCC6L,0.75,10,7,0.7,0.950701,0.782124
ERN2,0.75,10,7,0.7,0.981941,0.731888
FILIP1,0.75,10,7,0.7,0.931309,0.733326
HELB,0.75,10,7,0.7,0.984612,0.679434
KIAA1549,0.75,10,7,0.7,0.991315,0.783472
LGSN,0.75,10,7,0.7,0.954762,0.706831
LILRB2,0.75,10,7,0.7,0.91411,0.720421
MATK,0.75,10,7,0.7,0.962124,0.739948
MED13,0.75,10,7,0.7,0.981463,0.70931
MSH6,0.75,10,7,0.7,0.877332,0.76905
MYO9A,0.75,10,7,0.7,0.827276,0.710207
NEK10,0.75,10,7,0.7,0.891861,0.689806
NOTCH3,0.75,10,7,0.7,0.9171,0.711854
PCDHA9,0.75,10,7,0.7,0.935263,0.731571
PCDHB6,0.75,10,7,0.7,0.947026,0.751612
PCDHGA8,0.75,10,7,0.7,0.949308,0.739501
PLCB1,0.75,10,7,0.7,0.98383,0.712969
PPP1R9A,0.75,10,7,0.7,0.988763,0.773479
PTPRC,0.75,10,7,0.7,0.974644,0.755078
RBMS3,0.75,10,7,0.7,0.971788,0.842455
TBC1D32,0.75,10,7,0.7,0.945854,0.763788
TMEM132B,0.75,10,7,0.7,0.934031,0.677926
TRIML1,0.75,10,7,0.7,0.938615,0.761325
UPF1,0.75,10,7,0.7,0.961254,0.739629
ZNF229,0.75,10,7,0.7,0.987323,0.788968
ACE,0.75,11,7,0.636364,0.920457,0.683029
ATP11A,0.75,11,7,0.636364,0.864029,0.629242
CFAP54,0.75,11,7,0.636364,0.974947,0.661023
FHDC1,0.75,11,7,0.636364,0.815617,0.640464
FLT3,0.75,11,7,0.636364,0.884479,0.662612
KIAA1217,0.75,11,7,0.636364,0.966862,0.72798
KIF1B,0.75,11,7,0.636364,0.980707,0.670159
MAP3K19,0.75,11,7,0.636364,0.885148,0.620997
MGAM,0.75,11,7,0.636364,0.987684,0.644565
NPHS1,0.75,11,7,0.636364,0.981413,0.703182
OR5D18,0.75,11,7,0.636364,0.953929,0.671847
PCDHB13,0.75,11,7,0.636364,0.977506,0.776037
PCNX1,0.75,11,7,0.636364,0.939452,0.675763
PIK3C2G,0.75,11,7,0.636364,0.913874,0.650864
PTCH1,0.75,11,7,0.636364,0.902615,0.600927
RASGRF2,0.75,11,7,0.636364,0.954442,0.743174
ROS1,0.75,11,7,0.636364,0.891825,0.671986
SRCAP,0.75,11,7,0.636364,0.911605,0.665169
TENM2,0.75,11,7,0.636364,0.91925,0.741377
TRPM8,0.75,11,7,0.636364,0.91845,0.721752
TULP4,0.75,11,7,0.636364,0.965572,0.749185
ZNF521,0.75,11,7,0.636364,0.984306,0.849708
ZNF676,0.75,11,7,0.636364,0.967856,0.810999
ZNF98,0.75,11,7,0.636364,0.977263,0.684499
ATP6V0A4,0.75,12,7,0.583333,0.946038,0.652964
BAZ2B,0.75,12,7,0.583333,0.895968,0.606075
LYST,0.75,12,7,0.583333,0.909503,0.603105
MUC4,0.75,12,7,0.583333,0.836964,0.64089
NDST4,0.75,12,7,0.583333,0.957216,0.716554
NUP210L,0.75,12,7,0.583333,0.810302,0.715706
OLFML2B,0.75,12,7,0.583333,0.913931,0.645815
PAN3,0.75,12,7,0.583333,0.836021,0.677774
PKD1L2,0.75,12,7,0.583333,0.960548,0.606174
PTPRB,0.75,12,7,0.583333,0.944916,0.706738
PUM1,0.75,12,7,0.583333,0.839893,0.697745
SCAF11,0.75,12,7,0.583333,0.943304,0.693879
SETBP1,0.75,12,7,0.583333,0.845917,0.648609
SPOCD1,0.75,12,7,0.583333,0.868878,0.647889
VPS13A,0.75,12,7,0.583333,0.939785,0.628459
XDH,0.75,12,7,0.583333,0.951839,0.637463
ZFHX4,0.75,12,7,0.583333,0.840935,0.748569
ZNF28,0.75,12,7,0.583333,0.914441,0.64916
ATP4A,0.75,13,7,0.538462,0.861152,0.576112
CACNA1E,0.75,13,7,0.538462,0.963934,0.616541
COL11A2,0.75,13,7,0.538462,0.811613,0.582591
COL27A1,0.75,13,7,0.538462,0.897688,0.611845
CREBBP,0.75,13,7,0.538462,0.828077,0.57028
FAM83B,0.75,13,7,0.538462,0.926903,0.647673
IGF2BP1,0.75,13,7,0.538462,0.794625,0.543664
KIAA2026,0.75,13,7,0.538462,0.791813,0.525987
PCDHGB4,0.75,13,7,0.538462,0.948345,0.665304
POLA1,0.75,13,7,0.538462,0.850487,0.571395
PRSS16,0.75,13,7,0.538462,0.95536,0.652438
PTPRH,0.75,13,7,0.538462,0.936627,0.536682
REV3L,0.75,13,7,0.538462,0.829055,0.584947
SYNPO2,0.75,13,7,0.538462,0.844585,0.650703
DICER1,0.75,14,7,0.5,0.507339,0.485136
MYOF,0.75,14,7,0.5,0.672801,0.60663
PLEKHG4B,0.75,14,7,0.5,0.535215,0.514515
PTPRS,0.75,14,7,0.5,0.712554,0.568179
SEMG1,0.75,14,7,0.5,0.724126,0.574411
TRAPPC8,0.75,14,7,0.5,0.716393,0.622095
UHRF1BP1,0.75,14,7,0.5,0.705719,0.617122
ADGRG4,0.75,15,7,0.466667,0.690666,0.612298
FAT3,0.75,15,7,0.466667,0.401421,0.559418
MYH3,0.75,15,7,0.466667,0.688901,0.536657
NUP205,0.75,15,7,0.466667,0.742535,0.656567
PALM2AKAP2,0.75,15,7,0.466667,0.493877,0.526864
PRKDC,0.75,15,7,0.466667,0.659747,0.570397
COL22A1,0.75,16,7,0.4375,0.378858,0.49565
CUX2,0.75,16,7,0.4375,0.104868,0.439237
PCDHA3,0.75,16,7,0.4375,0.596453,0.562903
DPP10,0.75,17,7,0.411765,0.688222,0.551841
LRRK1,0.75,18,7,0.388889,0.230237,0.425257
MYO10,0.75,18,7,0.388889,0.357567,0.452637
CSMD1,0.75,19,7,0.368421,0.019221,0.407231
ADAMTS12,0.75,20,7,0.35,0.623533,0.588609
SPAG17,0.75,20,7,0.35,0.505858,0.561315
ALX1,0.75,6,6,1.0,0.964477,0.943131
ATP7A,0.75,6,6,1.0,0.943058,0.903743
CYP2B6,0.75,6,6,1.0,0.969476,0.959331
DMXL1,0.75,6,6,1.0,0.956694,0.937618
E2F7,0.75,6,6,1.0,0.976782,0.956194
EZH2,0.75,6,6,1.0,0.989801,0.986923
FBXO31,0.75,6,6,1.0,0.991326,0.988858
FLACC1,0.75,6,6,1.0,0.975681,0.973955
GAPVD1,0.75,6,6,1.0,0.98152,0.92413
GPRC6A,0.75,6,6,1.0,0.990834,0.987258
GUCY2C,0.75,6,6,1.0,0.969774,0.94422
MC4R,0.75,6,6,1.0,0.984055,0.949717
MPEG1,0.75,6,6,1.0,0.977581,0.925565
NFAT5,0.75,6,6,1.0,0.9897,0.971401
OAS2,0.75,6,6,1.0,0.973699,0.966842
OR2M2,0.75,6,6,1.0,0.969666,0.966827
OR4K15,0.75,6,6,1.0,0.969257,0.960588
OR9G1,0.75,6,6,1.0,0.991064,0.989907
PCDHB4,0.75,6,6,1.0,0.985574,0.975132
PDE7A,0.75,6,6,1.0,0.967994,0.963515
PIP4K2C,0.75,6,6,1.0,0.879828,0.883502
PKN2,0.75,6,6,1.0,0.954254,0.934402
PRSS58,0.75,6,6,1.0,0.991442,0.991423
RBM14,0.75,6,6,1.0,0.966197,0.957486
RSPH10B,0.75,6,6,1.0,0.983814,0.979387
SERPINB12,0.75,6,6,1.0,0.980108,0.948825
SMCR8,0.75,6,6,1.0,0.984532,0.985357
SPINK5,0.75,6,6,1.0,0.9678,0.964211
STAG1,0.75,6,6,1.0,0.965613,0.954201
TFPI2,0.75,6,6,1.0,0.980268,0.978916
TMEM106B,0.75,6,6,1.0,0.982833,0.956973
TMEM131,0.75,6,6,1.0,0.939943,0.901159
TRIML2,0.75,6,6,1.0,0.952697,0.933504
TRIP11,0.75,6,6,1.0,0.941835,0.938647
VWA3B,0.75,6,6,1.0,0.930364,0.931689
ZBTB38,0.75,6,6,1.0,0.986201,0.967408
ZNF264,0.75,6,6,1.0,0.991118,0.990244
ZNF426,0.75,6,6,1.0,0.969182,0.929848
ZNF470,0.75,6,6,1.0,0.99042,0.968925
ACVRL1,0.75,7,6,0.857143,0.979205,0.863204
AGAP3,0.75,7,6,0.857143,0.954682,0.819957
AMY2B,0.75,7,6,0.857143,0.915953,0.878304
ARHGAP25,0.75,7,6,0.857143,0.981977,0.839159
C12orf40,0.75,7,6,0.857143,0.980161,0.925581
CACNA1A,0.75,7,6,0.857143,0.963378,0.824752
CASK,0.75,7,6,0.857143,0.939689,0.801444
CDH4,0.75,7,6,0.857143,0.854459,0.767368
CDH7,0.75,7,6,0.857143,0.896381,0.887725
CHRM2,0.75,7,6,0.857143,0.934234,0.889127
DCAF8L1,0.75,7,6,0.857143,0.862911,0.786887
DLG5,0.75,7,6,0.857143,0.985056,0.827083
DNAJC13,0.75,7,6,0.857143,0.96996,0.795397
DRD1,0.75,7,6,0.857143,0.964877,0.88541
ECM2,0.75,7,6,0.857143,0.989834,0.831355
ENDOD1,0.75,7,6,0.857143,0.930772,0.814181
EPHB4,0.75,7,6,0.857143,0.978452,0.900035
FAM71B,0.75,7,6,0.857143,0.954291,0.914288
FAM81B,0.75,7,6,0.857143,0.972349,0.855544
FBXL5,0.75,7,6,0.857143,0.923226,0.81308
FSTL4,0.75,7,6,0.857143,0.911603,0.792649
GFPT1,0.75,7,6,0.857143,0.969945,0.81023
GHRHR,0.75,7,6,0.857143,0.866969,0.829469
GNAT3,0.75,7,6,0.857143,0.979514,0.83544
GPATCH8,0.75,7,6,0.857143,0.956592,0.797936
IL17RD,0.75,7,6,0.857143,0.925051,0.84098
IL1RAPL1,0.75,7,6,0.857143,0.944244,0.817104
IL21R,0.75,7,6,0.857143,0.986432,0.879739
IPO5,0.75,7,6,0.857143,0.975494,0.837761
ITPRID1,0.75,7,6,0.857143,0.976687,0.862681
KANK1,0.75,7,6,0.857143,0.988953,0.835254
KIAA1755,0.75,7,6,0.857143,0.97012,0.874564
LIPG,0.75,7,6,0.857143,0.990112,0.926665
MPP7,0.75,7,6,0.857143,0.980803,0.909329
OR11G2,0.75,7,6,0.857143,0.97458,0.83562
OR2T4,0.75,7,6,0.857143,0.959267,0.811976
PLEKHG1,0.75,7,6,0.857143,0.977379,0.852558
PRAG1,0.75,7,6,0.857143,0.963118,0.841865
PTPRA,0.75,7,6,0.857143,0.987909,0.822676
RLF,0.75,7,6,0.857143,0.978464,0.816016
SIN3B,0.75,7,6,0.857143,0.977416,0.943004
SLC6A15,0.75,7,6,0.857143,0.990826,0.894992
SLC6A6,0.75,7,6,0.857143,0.975842,0.936015
SMURF1,0.75,7,6,0.857143,0.988646,0.839986
ST14,0.75,7,6,0.857143,0.93383,0.811034
SVOPL,0.75,7,6,0.857143,0.981241,0.843456
SYNRG,0.75,7,6,0.857143,0.972764,0.857242
TBC1D2,0.75,7,6,0.857143,0.864613,0.784177
THEMIS,0.75,7,6,0.857143,0.953562,0.875567
TRIM22,0.75,7,6,0.857143,0.961328,0.846476
YY1AP1,0.75,7,6,0.857143,0.911546,0.878188
ZNF75D,0.75,7,6,0.857143,0.987426,0.83753
ZNF91,0.75,7,6,0.857143,0.976736,0.920767
ABCC1,0.75,8,6,0.75,0.971418,0.79573
ABCG4,0.75,8,6,0.75,0.960543,0.738084
ABLIM3,0.75,8,6,0.75,0.975975,0.898207
ADAMTS19,0.75,8,6,0.75,0.980618,0.808308
ADGRE1,0.75,8,6,0.75,0.986008,0.741267
BACH1,0.75,8,6,0.75,0.96528,0.737905
BOC,0.75,8,6,0.75,0.989336,0.753686
C12orf50,0.75,8,6,0.75,0.933459,0.838645
CACNA2D3,0.75,8,6,0.75,0.9758,0.817385
CADPS,0.75,8,6,0.75,0.962853,0.757639
CAMSAP2,0.75,8,6,0.75,0.903552,0.705157
CFAP20DC,0.75,8,6,0.75,0.954131,0.765282
CHD3,0.75,8,6,0.75,0.985297,0.713164
CHD6,0.75,8,6,0.75,0.973343,0.77875
CLEC1A,0.75,8,6,0.75,0.78487,0.644316
COL3A1,0.75,8,6,0.75,0.965184,0.711484
DAPK1,0.75,8,6,0.75,0.986782,0.745963
DDR2,0.75,8,6,0.75,0.982718,0.796402
DDX11,0.75,8,6,0.75,0.97194,0.847954
DLEC1,0.75,8,6,0.75,0.941195,0.788073
DNAI3,0.75,8,6,0.75,0.967912,0.815053
DSEL,0.75,8,6,0.75,0.92714,0.772136
EPG5,0.75,8,6,0.75,0.971033,0.823147
EPHA1,0.75,8,6,0.75,0.97459,0.741821
FAM135B,0.75,8,6,0.75,0.960415,0.846119
FCRL3,0.75,8,6,0.75,0.900425,0.82985
FSCB,0.75,8,6,0.75,0.966108,0.769914
GAK,0.75,8,6,0.75,0.956763,0.823699
GALNT8,0.75,8,6,0.75,0.869942,0.720655
GRIA1,0.75,8,6,0.75,0.948954,0.779371
GRIPAP1,0.75,8,6,0.75,0.947404,0.709384
GUCY2D,0.75,8,6,0.75,0.919083,0.695893
HYOU1,0.75,8,6,0.75,0.983573,0.745488
IFI16,0.75,8,6,0.75,0.921225,0.78485
IGSF3,0.75,8,6,0.75,0.98741,0.76908
IL12RB2,0.75,8,6,0.75,0.937007,0.757982
ITGA9,0.75,8,6,0.75,0.973118,0.809013
KCTD16,0.75,8,6,0.75,0.970626,0.819631
KDM5A,0.75,8,6,0.75,0.96852,0.827835
KIAA0319,0.75,8,6,0.75,0.947248,0.720444
LAMA5,0.75,8,6,0.75,0.986549,0.876912
LILRB4,0.75,8,6,0.75,0.987032,0.783747
LUM,0.75,8,6,0.75,0.913804,0.806834
MADD,0.75,8,6,0.75,0.952737,0.754336
MFHAS1,0.75,8,6,0.75,0.991355,0.793701
MGA,0.75,8,6,0.75,0.860733,0.769941
NPC1L1,0.75,8,6,0.75,0.944628,0.814984
OR4X2,0.75,8,6,0.75,0.853529,0.732233
PCDHAC1,0.75,8,6,0.75,0.988618,0.751631
PDZD2,0.75,8,6,0.75,0.974126,0.838348
POTEF,0.75,8,6,0.75,0.894355,0.694889
PPP1R26,0.75,8,6,0.75,0.971293,0.724779
PRKG2,0.75,8,6,0.75,0.905836,0.701262
PTPRO,0.75,8,6,0.75,0.945966,0.79456
ROCK1,0.75,8,6,0.75,0.979392,0.846474
SEMA3E,0.75,8,6,0.75,0.907525,0.75591
SERPINB4,0.75,8,6,0.75,0.990471,0.896112
SHROOM4,0.75,8,6,0.75,0.967924,0.721497
SLC12A2,0.75,8,6,0.75,0.90148,0.698816
SLC44A5,0.75,8,6,0.75,0.96988,0.757164
SLC4A5,0.75,8,6,0.75,0.971496,0.733494
ST3GAL6,0.75,8,6,0.75,0.971466,0.85494
STAG3,0.75,8,6,0.75,0.9845,0.805932
SYCP2,0.75,8,6,0.75,0.97709,0.728215
TDRD9,0.75,8,6,0.75,0.93579,0.729881
TERT,0.75,8,6,0.75,0.980746,0.723681
THOC2,0.75,8,6,0.75,0.943681,0.754926
TIAM1,0.75,8,6,0.75,0.978774,0.820974
TNFSF14,0.75,8,6,0.75,0.886374,0.782567
TRPC6,0.75,8,6,0.75,0.881747,0.73732
TTC37,0.75,8,6,0.75,0.979956,0.87643
USP29,0.75,8,6,0.75,0.963391,0.804965
WDR91,0.75,8,6,0.75,0.941752,0.720806
ZFYVE9,0.75,8,6,0.75,0.978609,0.737988
ZNF536,0.75,8,6,0.75,0.938447,0.709821
ZNF81,0.75,8,6,0.75,0.931779,0.693528
ZNF816,0.75,8,6,0.75,0.969255,0.756498
ABCC11,0.75,9,6,0.666667,0.985446,0.692867
ADGRL2,0.75,9,6,0.666667,0.988708,0.73164
AL121899.2,0.75,9,6,0.666667,0.988026,0.734471
ATP10A,0.75,9,6,0.666667,0.834942,0.679695
BIVM-ERCC5,0.75,9,6,0.666667,0.846322,0.749927
BOD1L1,0.75,9,6,0.666667,0.984798,0.741435
BRWD1,0.75,9,6,0.666667,0.991298,0.701342
CEP112,0.75,9,6,0.666667,0.981175,0.782285
CNOT1,0.75,9,6,0.666667,0.895798,0.76709
COL1A1,0.75,9,6,0.666667,0.857324,0.669415
CORIN,0.75,9,6,0.666667,0.975707,0.725964
CP,0.75,9,6,0.666667,0.982649,0.702831
CYP4F11,0.75,9,6,0.666667,0.940257,0.679897
DOP1A,0.75,9,6,0.666667,0.963522,0.832634
EPS8,0.75,9,6,0.666667,0.864976,0.768427
FMN1,0.75,9,6,0.666667,0.957462,0.662047
FN1,0.75,9,6,0.666667,0.979967,0.693271
FSTL5,0.75,9,6,0.666667,0.967175,0.741861
GABRB3,0.75,9,6,0.666667,0.930071,0.718152
IGF2R,0.75,9,6,0.666667,0.968134,0.792619
ITIH1,0.75,9,6,0.666667,0.904563,0.758028
KIR3DL3,0.75,9,6,0.666667,0.931408,0.735009
LGR5,0.75,9,6,0.666667,0.947822,0.737343
LRRK2,0.75,9,6,0.666667,0.98917,0.781591
LTN1,0.75,9,6,0.666667,0.960328,0.713363
MAGI2,0.75,9,6,0.666667,0.958727,0.699069
MET,0.75,9,6,0.666667,0.964976,0.793855
NOTCH4,0.75,9,6,0.666667,0.947271,0.715336
NUP153,0.75,9,6,0.666667,0.952482,0.676852
OR2T6,0.75,9,6,0.666667,0.902462,0.838898
OTOF,0.75,9,6,0.666667,0.942703,0.643762
PCDHA5,0.75,9,6,0.666667,0.873302,0.78677
PCDHGA6,0.75,9,6,0.666667,0.990827,0.719634
PDE4D,0.75,9,6,0.666667,0.980256,0.710336
PDHA2,0.75,9,6,0.666667,0.911589,0.676782
RAB11FIP1,0.75,9,6,0.666667,0.937936,0.684992
REST,0.75,9,6,0.666667,0.947507,0.666468
SLC5A11,0.75,9,6,0.666667,0.91672,0.803793
SLITRK4,0.75,9,6,0.666667,0.889654,0.662276
SMARCA4,0.75,9,6,0.666667,0.908468,0.733194
SMG8,0.75,9,6,0.666667,0.981255,0.699799
SOS2,0.75,9,6,0.666667,0.905984,0.62963
TEP1,0.75,9,6,0.666667,0.956769,0.64607
TMEM200A,0.75,9,6,0.666667,0.87022,0.679497
TNFRSF8,0.75,9,6,0.666667,0.892885,0.644734
TRPS1,0.75,9,6,0.666667,0.979039,0.710442
TUT1,0.75,9,6,0.666667,0.877091,0.759498
WASHC4,0.75,9,6,0.666667,0.97857,0.700624
ZNF236,0.75,9,6,0.666667,0.85386,0.723734
ADAMTS18,0.75,10,6,0.6,0.984196,0.804017
ANKHD1-EIF4EBP3,0.75,10,6,0.6,0.903064,0.705092
ANO5,0.75,10,6,0.6,0.987885,0.730167
APC,0.75,10,6,0.6,0.927784,0.586474
ARHGAP30,0.75,10,6,0.6,0.807108,0.685656
CATSPERD,0.75,10,6,0.6,0.904305,0.608606
CCDC105,0.75,10,6,0.6,0.858737,0.618624
CNTN4,0.75,10,6,0.6,0.806127,0.654547
CPA4,0.75,10,6,0.6,0.876151,0.696719
FRMD7,0.75,10,6,0.6,0.953904,0.584567
GRM1,0.75,10,6,0.6,0.914736,0.752774
HECW2,0.75,10,6,0.6,0.925224,0.642859
HIVEP2,0.75,10,6,0.6,0.882317,0.646985
IGSF10,0.75,10,6,0.6,0.829809,0.73793
KIF17,0.75,10,6,0.6,0.830602,0.678171
LAMC1,0.75,10,6,0.6,0.965947,0.611758
LRP6,0.75,10,6,0.6,0.853845,0.629172
LRRC7,0.75,10,6,0.6,0.925499,0.70994
MDC1,0.75,10,6,0.6,0.912332,0.623452
MYO3B,0.75,10,6,0.6,0.864235,0.705184
NSD3,0.75,10,6,0.6,0.974254,0.670505
PCDHA7,0.75,10,6,0.6,0.943843,0.62805
PCDHB3,0.75,10,6,0.6,0.91729,0.617337
PCDHGA1,0.75,10,6,0.6,0.90355,0.66934
PLCXD3,0.75,10,6,0.6,0.879674,0.603032
PRDM15,0.75,10,6,0.6,0.87065,0.632699
SCN3A,0.75,10,6,0.6,0.88827,0.645769
SMC1A,0.75,10,6,0.6,0.905532,0.571333
SMG1,0.75,10,6,0.6,0.96961,0.644611
SYNJ2,0.75,10,6,0.6,0.95035,0.586578
TFAP2D,0.75,10,6,0.6,0.852125,0.750979
THSD7A,0.75,10,6,0.6,0.962317,0.724401
TMPRSS15,0.75,10,6,0.6,0.979918,0.680696
TNN,0.75,10,6,0.6,0.875432,0.636106
TRANK1,0.75,10,6,0.6,0.867291,0.580522
TUBA3C,0.75,10,6,0.6,0.910937,0.645939
USF3,0.75,10,6,0.6,0.970481,0.648912
ZFC3H1,0.75,10,6,0.6,0.846959,0.697175
ZNF808,0.75,10,6,0.6,0.784347,0.797972
ZNF836,0.75,10,6,0.6,0.974785,0.730456
ABCB11,0.75,11,6,0.545455,0.777692,0.528586
ARFGEF1,0.75,11,6,0.545455,0.928463,0.599349
ATP2B3,0.75,11,6,0.545455,0.874792,0.561257
ATP8B1,0.75,11,6,0.545455,0.883826,0.64314
BMP5,0.75,11,6,0.545455,0.825983,0.677722
CACNA1F,0.75,11,6,0.545455,0.804408,0.556175
CELSR3,0.75,11,6,0.545455,0.929354,0.568337
DRD5,0.75,11,6,0.545455,0.802657,0.628952
DYSF,0.75,11,6,0.545455,0.884118,0.611312
ENTHD1,0.75,11,6,0.545455,0.902618,0.716766
ERBB2,0.75,11,6,0.545455,0.943841,0.642804
FGA,0.75,11,6,0.545455,0.792983,0.646883
GLI1,0.75,11,6,0.545455,0.967519,0.603028
HDAC9,0.75,11,6,0.545455,0.978902,0.647726
IGF1R,0.75,11,6,0.545455,0.913764,0.562916
INTS6L,0.75,11,6,0.545455,0.971822,0.648572
ITPR1,0.75,11,6,0.545455,0.900935,0.601607
KIDINS220,0.75,11,6,0.545455,0.822213,0.641521
MDGA2,0.75,11,6,0.545455,0.883525,0.573973
NOTCH2,0.75,11,6,0.545455,0.964345,0.60622
PCDH7,0.75,11,6,0.545455,0.911587,0.67345
PCDHGB3,0.75,11,6,0.545455,0.750184,0.597616
PCSK2,0.75,11,6,0.545455,0.892325,0.628534
PKDREJ,0.75,11,6,0.545455,0.925349,0.676853
PRPF8,0.75,11,6,0.545455,0.899512,0.641462
SENP7,0.75,11,6,0.545455,0.863798,0.65889
SON,0.75,11,6,0.545455,0.926932,0.653512
STAB2,0.75,11,6,0.545455,0.771195,0.648572
UBR4,0.75,11,6,0.545455,0.893514,0.692564
UGT2A3,0.75,11,6,0.545455,0.891397,0.631512
UGT2B28,0.75,11,6,0.545455,0.881845,0.659394
USP34,0.75,11,6,0.545455,0.827304,0.566749
ZFYVE26,0.75,11,6,0.545455,0.776406,0.570255
ZNF804A,0.75,11,6,0.545455,0.813552,0.537995
ABCA9,0.75,12,6,0.5,0.761979,0.691461
ABCC8,0.75,12,6,0.5,0.811478,0.647818
ADGRD1,0.75,12,6,0.5,0.82668,0.586696
AHCTF1,0.75,12,6,0.5,0.690343,0.622647
ALPK3,0.75,12,6,0.5,0.806728,0.608042
DOCK3,0.75,12,6,0.5,0.781093,0.555873
FAM47A,0.75,12,6,0.5,0.645365,0.532695
GABRA1,0.75,12,6,0.5,0.698673,0.619968
ITSN1,0.75,12,6,0.5,0.764137,0.594106
KIF20B,0.75,12,6,0.5,0.679825,0.605317
KMT2D,0.75,12,6,0.5,0.766011,0.588678
LRIG3,0.75,12,6,0.5,0.774414,0.670905
MYH4,0.75,12,6,0.5,0.648375,0.566931
NBAS,0.75,12,6,0.5,0.78342,0.574958
NCOR1,0.75,12,6,0.5,0.749895,0.648337
NRK,0.75,12,6,0.5,0.814664,0.544814
PRUNE2,0.75,12,6,0.5,0.85439,0.591028
SLC4A1,0.75,12,6,0.5,0.761317,0.596713
SV2C,0.75,12,6,0.5,0.681183,0.579547
SZT2,0.75,12,6,0.5,0.54472,0.501647
ACACA,0.75,13,6,0.461538,0.625739,0.533916
ADAMTS9,0.75,13,6,0.461538,0.583349,0.551352
CELSR1,0.75,13,6,0.461538,0.602729,0.515287
DMXL2,0.75,13,6,0.461538,0.507405,0.578654
DOCK7,0.75,13,6,0.461538,0.700433,0.565295
GRM4,0.75,13,6,0.461538,0.653645,0.51431
KCNU1,0.75,13,6,0.461538,0.008006,0.443573
MAGEB6,0.75,13,6,0.461538,0.525882,0.464387
NOD1,0.75,13,6,0.461538,0.603974,0.676901
PCDHA4,0.75,13,6,0.461538,0.507235,0.525145
TLL2,0.75,13,6,0.461538,0.694409,0.601019
TLR6,0.75,13,6,0.461538,0.696934,0.619518
TPO,0.75,13,6,0.461538,0.538863,0.458053
ABCA4,0.75,14,6,0.428571,0.621173,0.57669
COL4A2,0.75,14,6,0.428571,0.351392,0.464511
MAGEC1,0.75,14,6,0.428571,0.563322,0.52169
MRC1,0.75,14,6,0.428571,0.465316,0.478051
MYLK,0.75,14,6,0.428571,0.469116,0.542049
PTPRF,0.75,14,6,0.428571,0.694116,0.525958
UMODL1,0.75,14,6,0.428571,0.444902,0.525332
LRRIQ1,0.75,15,6,0.4,0.591243,0.502867
OTOA,0.75,15,6,0.4,0.52301,0.567925
SYT16,0.75,15,6,0.4,0.378167,0.44613
TRHDE,0.75,15,6,0.4,0.370999,0.466475
ANO2,0.75,16,6,0.375,0.494549,0.525188
PCDH11X,0.75,16,6,0.375,0.084351,0.394065
EPHB1,0.75,17,6,0.352941,0.632494,0.597433
NPAP1,0.75,17,6,0.352941,0.439662,0.481928
FRYL,0.75,18,6,0.333333,0.497038,0.518706
ITGAM,0.75,20,6,0.3,0.308708,0.429353
PLEC,0.75,21,6,0.285714,0.014636,0.297351
RIMBP2,0.75,22,6,0.272727,0.108517,0.341824
AADACL2,0.75,5,5,1.0,0.919591,0.91032
ABCA10,0.75,5,5,1.0,0.990012,0.971015
AC073310.1,0.75,5,5,1.0,0.989013,0.977333
ACP7,0.75,5,5,1.0,0.9619,0.97032
ADGRA3,0.75,5,5,1.0,0.981725,0.966365
ANKRD55,0.75,5,5,1.0,0.98718,0.92392
ATP6V1C2,0.75,5,5,1.0,0.933184,0.92121
AZGP1,0.75,5,5,1.0,0.99137,0.990309
BCAS1,0.75,5,5,1.0,0.93015,0.895298
CAST,0.75,5,5,1.0,0.975148,0.938525
CCNT2,0.75,5,5,1.0,0.976927,0.949711
CLDN25,0.75,5,5,1.0,0.957971,0.943233
CPVL,0.75,5,5,1.0,0.964883,0.931279
DDC,0.75,5,5,1.0,0.991079,0.987913
DDI1,0.75,5,5,1.0,0.991394,0.982791
DES,0.75,5,5,1.0,0.945935,0.916075
DLGAP4,0.75,5,5,1.0,0.990278,0.942748
DMP1,0.75,5,5,1.0,0.989422,0.96989
EEF2,0.75,5,5,1.0,0.991346,0.985183
EVA1A,0.75,5,5,1.0,0.97197,0.927412
FAP,0.75,5,5,1.0,0.981085,0.945859
FMO3,0.75,5,5,1.0,0.991486,0.984808
FUT5,0.75,5,5,1.0,0.983719,0.96746
FUT6,0.75,5,5,1.0,0.991321,0.991269
GCM1,0.75,5,5,1.0,0.959818,0.95009
GPR37,0.75,5,5,1.0,0.991327,0.984018
HEMGN,0.75,5,5,1.0,0.976475,0.958262
HOXA6,0.75,5,5,1.0,0.980506,0.957858
HTT,0.75,5,5,1.0,0.991329,0.988603
IKZF3,0.75,5,5,1.0,0.963827,0.951466
IL36A,0.75,5,5,1.0,0.959547,0.920441
INHBA,0.75,5,5,1.0,0.991133,0.984278
IPO11,0.75,5,5,1.0,0.988525,0.977404
KARS1,0.75,5,5,1.0,0.98919,0.988649
KCNK10,0.75,5,5,1.0,0.846178,0.891687
KCNN2,0.75,5,5,1.0,0.991284,0.988684
KCNS2,0.75,5,5,1.0,0.986339,0.984429
MMP3,0.75,5,5,1.0,0.987337,0.962907
MMUT,0.75,5,5,1.0,0.985305,0.981383
MORF4L2,0.75,5,5,1.0,0.962322,0.92495
NCOA1,0.75,5,5,1.0,0.9745,0.948672
NCOA2,0.75,5,5,1.0,0.989937,0.961038
NOM1,0.75,5,5,1.0,0.969051,0.916441
NSUN7,0.75,5,5,1.0,0.98717,0.958405
OCIAD1,0.75,5,5,1.0,0.989073,0.931564
OR2A12,0.75,5,5,1.0,0.986657,0.956614
OR2A25,0.75,5,5,1.0,0.99133,0.978021
OR4L1,0.75,5,5,1.0,0.957343,0.943691
OR4M1,0.75,5,5,1.0,0.944814,0.942566
OR7A10,0.75,5,5,1.0,0.99014,0.985733
OR8H2,0.75,5,5,1.0,0.928037,0.92661
PDLIM5,0.75,5,5,1.0,0.97585,0.917488
PDXDC1,0.75,5,5,1.0,0.972414,0.946677
PIGO,0.75,5,5,1.0,0.978771,0.929626
PIWIL2,0.75,5,5,1.0,0.96656,0.934012
PSG1,0.75,5,5,1.0,0.96869,0.930083
PTPRN,0.75,5,5,1.0,0.931538,0.901735
RIOX2,0.75,5,5,1.0,0.978465,0.967886
RTN1,0.75,5,5,1.0,0.99116,0.967988
SAMD12,0.75,5,5,1.0,0.85225,0.881904
SERPINB5,0.75,5,5,1.0,0.988882,0.941114
SESN3,0.75,5,5,1.0,0.986021,0.962286
SGMS2,0.75,5,5,1.0,0.990802,0.964258
SLC30A3,0.75,5,5,1.0,0.991343,0.9671
SLC4A7,0.75,5,5,1.0,0.969311,0.953242
SLC6A16,0.75,5,5,1.0,0.986024,0.976231
SNAP47,0.75,5,5,1.0,0.964131,0.945376
SPTY2D1,0.75,5,5,1.0,0.973442,0.965178
TBX4,0.75,5,5,1.0,0.965192,0.957403
TBXAS1,0.75,5,5,1.0,0.990198,0.986595
TOGARAM1,0.75,5,5,1.0,0.971022,0.941222
TP53BP1,0.75,5,5,1.0,0.954416,0.930973
TRAK2,0.75,5,5,1.0,0.968888,0.962988
TRIP12,0.75,5,5,1.0,0.980892,0.937086
TTLL2,0.75,5,5,1.0,0.975094,0.956494
UNC13B,0.75,5,5,1.0,0.982595,0.960035
USP19,0.75,5,5,1.0,0.985958,0.969491
WLS,0.75,5,5,1.0,0.973316,0.960558
WWC1,0.75,5,5,1.0,0.983124,0.945986
ZNF354A,0.75,5,5,1.0,0.990175,0.988097
ZNF479,0.75,5,5,1.0,0.988473,0.977
ZNF606,0.75,5,5,1.0,0.991221,0.987226
ZNF782,0.75,5,5,1.0,0.991439,0.989636
ABCD3,0.75,6,5,0.833333,0.977171,0.816451
AC024940.1,0.75,6,5,0.833333,0.981492,0.818361
ACE2,0.75,6,5,0.833333,0.979872,0.814633
ADGRE2,0.75,6,5,0.833333,0.946682,0.892922
ALDH6A1,0.75,6,5,0.833333,0.878704,0.751943
ARFGEF2,0.75,6,5,0.833333,0.966288,0.795767
CAPRIN2,0.75,6,5,0.833333,0.974679,0.818488
CDC42BPA,0.75,6,5,0.833333,0.961122,0.803813
CDH12,0.75,6,5,0.833333,0.98647,0.91183
CENPI,0.75,6,5,0.833333,0.965955,0.873326
CFAP52,0.75,6,5,0.833333,0.971992,0.813298
CLCN7,0.75,6,5,0.833333,0.920048,0.825141
COL4A4,0.75,6,5,0.833333,0.901457,0.877462
CRYBG3,0.75,6,5,0.833333,0.973506,0.880575
CTNNA2,0.75,6,5,0.833333,0.938825,0.900964
CWH43,0.75,6,5,0.833333,0.987355,0.836435
CYP4A22,0.75,6,5,0.833333,0.979876,0.814938
DGKI,0.75,6,5,0.833333,0.991384,0.827074
DHX32,0.75,6,5,0.833333,0.971393,0.812267
DPH2,0.75,6,5,0.833333,0.98518,0.865308
ECT2L,0.75,6,5,0.833333,0.967939,0.805106
EDIL3,0.75,6,5,0.833333,0.867784,0.7678
EGFLAM,0.75,6,5,0.833333,0.918294,0.85971
ESF1,0.75,6,5,0.833333,0.982874,0.804521
FAM126A,0.75,6,5,0.833333,0.991456,0.888501
FAM234B,0.75,6,5,0.833333,0.980765,0.885655
FAM98A,0.75,6,5,0.833333,0.953843,0.78842
FBXW10,0.75,6,5,0.833333,0.978053,0.859669
FGD6,0.75,6,5,0.833333,0.977907,0.900069
FIP1L1,0.75,6,5,0.833333,0.984742,0.844798
GABBR1,0.75,6,5,0.833333,0.966821,0.902179
GARNL3,0.75,6,5,0.833333,0.894202,0.877948
GCC1,0.75,6,5,0.833333,0.963804,0.834893
GLRA3,0.75,6,5,0.833333,0.962599,0.871263
GLS,0.75,6,5,0.833333,0.944584,0.791416
GOLGA6A,0.75,6,5,0.833333,0.982902,0.820199
GRIK2,0.75,6,5,0.833333,0.926762,0.792616
HHIP,0.75,6,5,0.833333,0.977521,0.808982
HPSE2,0.75,6,5,0.833333,0.9794,0.912305
IRGC,0.75,6,5,0.833333,0.965878,0.820399
KCNJ15,0.75,6,5,0.833333,0.895051,0.757239
KDM4D,0.75,6,5,0.833333,0.927032,0.85583
KIF18A,0.75,6,5,0.833333,0.934976,0.907084
KIF27,0.75,6,5,0.833333,0.98684,0.835052
KIR3DL1,0.75,6,5,0.833333,0.981937,0.899594
L3MBTL1,0.75,6,5,0.833333,0.928837,0.808345
LAMP2,0.75,6,5,0.833333,0.975674,0.869278
LANCL2,0.75,6,5,0.833333,0.987265,0.824166
LPAR3,0.75,6,5,0.833333,0.982464,0.808183
LRWD1,0.75,6,5,0.833333,0.967378,0.913073
LUZP1,0.75,6,5,0.833333,0.989161,0.899702
LVRN,0.75,6,5,0.833333,0.908914,0.77719
MAGI1,0.75,6,5,0.833333,0.92432,0.852447
MANEA,0.75,6,5,0.833333,0.923183,0.771211
MAPK8IP1,0.75,6,5,0.833333,0.952577,0.872333
MFSD9,0.75,6,5,0.833333,0.983034,0.880334
MGAT4C,0.75,6,5,0.833333,0.975305,0.892487
MKRN3,0.75,6,5,0.833333,0.910965,0.846801
MPP3,0.75,6,5,0.833333,0.969172,0.903776
MROH9,0.75,6,5,0.833333,0.918617,0.756914
N4BP2L2,0.75,6,5,0.833333,0.961369,0.801126
NAA11,0.75,6,5,0.833333,0.96829,0.878446
NEDD4L,0.75,6,5,0.833333,0.915981,0.765952
NEXN,0.75,6,5,0.833333,0.990122,0.918341
NFASC,0.75,6,5,0.833333,0.982802,0.895136
NIBAN2,0.75,6,5,0.833333,0.977945,0.855892
NLGN1,0.75,6,5,0.833333,0.952731,0.907863
NPAS2,0.75,6,5,0.833333,0.944797,0.895174
NPHP1,0.75,6,5,0.833333,0.934592,0.898854
NR1H4,0.75,6,5,0.833333,0.938499,0.780511
NSMAF,0.75,6,5,0.833333,0.969001,0.919101
NXPE3,0.75,6,5,0.833333,0.976077,0.825692
OPN1SW,0.75,6,5,0.833333,0.980287,0.873588
OR1N1,0.75,6,5,0.833333,0.975534,0.894576
OR2W5,0.75,6,5,0.833333,0.839317,0.745584
OR3A4P,0.75,6,5,0.833333,0.96494,0.873352
OR51E2,0.75,6,5,0.833333,0.946546,0.897489
OR7A17,0.75,6,5,0.833333,0.930082,0.795571
PARP12,0.75,6,5,0.833333,0.987212,0.789025
PCDHB12,0.75,6,5,0.833333,0.96123,0.885721
PCDHGA9,0.75,6,5,0.833333,0.961862,0.910284
PHKA2,0.75,6,5,0.833333,0.979946,0.828681
PIK3C2B,0.75,6,5,0.833333,0.987478,0.808176
PODNL1,0.75,6,5,0.833333,0.930198,0.785938
POTEE,0.75,6,5,0.833333,0.981807,0.819507
PPARGC1B,0.75,6,5,0.833333,0.976859,0.814233
PPP1R16B,0.75,6,5,0.833333,0.981417,0.896272
PRAMEF20,0.75,6,5,0.833333,0.97418,0.888114
PRKCE,0.75,6,5,0.833333,0.977776,0.87103
PTGER4,0.75,6,5,0.833333,0.974144,0.825427
PTPRR,0.75,6,5,0.833333,0.854394,0.743152
RBM12B,0.75,6,5,0.833333,0.988308,0.816875
REN,0.75,6,5,0.833333,0.898089,0.816233
RERE,0.75,6,5,0.833333,0.969168,0.793103
RPL5,0.75,6,5,0.833333,0.983891,0.859093
SEC23B,0.75,6,5,0.833333,0.981053,0.85378
SEL1L2,0.75,6,5,0.833333,0.969694,0.846072
SHKBP1,0.75,6,5,0.833333,0.957373,0.797786
SPAG5,0.75,6,5,0.833333,0.980682,0.837409
SPHKAP,0.75,6,5,0.833333,0.971405,0.853856
SRSF11,0.75,6,5,0.833333,0.917342,0.89243
ST8SIA3,0.75,6,5,0.833333,0.979752,0.817152
STXBP5,0.75,6,5,0.833333,0.931266,0.869561
TET1,0.75,6,5,0.833333,0.94695,0.790003
TEX13B,0.75,6,5,0.833333,0.965063,0.792904
TFEC,0.75,6,5,0.833333,0.979661,0.886719
TIE1,0.75,6,5,0.833333,0.951405,0.814826
TIPARP,0.75,6,5,0.833333,0.97276,0.80221
TLR10,0.75,6,5,0.833333,0.974418,0.901051
TMCO4,0.75,6,5,0.833333,0.972758,0.837383
TMCO5A,0.75,6,5,0.833333,0.850477,0.866364
TMEM241,0.75,6,5,0.833333,0.97913,0.886347
TRIM49,0.75,6,5,0.833333,0.98927,0.823316
TRIM58,0.75,6,5,0.833333,0.935937,0.839757
TRIM6,0.75,6,5,0.833333,0.935334,0.815682
TTC30B,0.75,6,5,0.833333,0.913138,0.771664
TXNDC2,0.75,6,5,0.833333,0.965132,0.822271
UGT1A5,0.75,6,5,0.833333,0.939342,0.793477
UMOD,0.75,6,5,0.833333,0.901898,0.796934
USP53,0.75,6,5,0.833333,0.905966,0.834529
VIPR2,0.75,6,5,0.833333,0.939213,0.792881
VLDLR,0.75,6,5,0.833333,0.966734,0.834528
ZBTB41,0.75,6,5,0.833333,0.982329,0.821693
ZNF106,0.75,6,5,0.833333,0.961764,0.803981
ZNF507,0.75,6,5,0.833333,0.990419,0.922861
ABI2,0.75,7,5,0.714286,0.950788,0.796836
AL645922.1,0.75,7,5,0.714286,0.849694,0.65864
ANGPT4,0.75,7,5,0.714286,0.961978,0.856109
ARHGAP44,0.75,7,5,0.714286,0.896876,0.734983
ARSD,0.75,7,5,0.714286,0.841905,0.703045
BTBD11,0.75,7,5,0.714286,0.896677,0.75116
CARMIL1,0.75,7,5,0.714286,0.946786,0.730216
CCDC146,0.75,7,5,0.714286,0.916099,0.815802
CCDC87,0.75,7,5,0.714286,0.94105,0.692792
CDHR2,0.75,7,5,0.714286,0.931298,0.823987
CHEK1,0.75,7,5,0.714286,0.880509,0.772877
COG5,0.75,7,5,0.714286,0.977128,0.821541
CRTAC1,0.75,7,5,0.714286,0.953552,0.69222
DHX16,0.75,7,5,0.714286,0.976948,0.698465
DMBT1,0.75,7,5,0.714286,0.937207,0.768674
DNAAF1,0.75,7,5,0.714286,0.976074,0.754911
ELN,0.75,7,5,0.714286,0.94806,0.672663
ENPP7,0.75,7,5,0.714286,0.972791,0.778705
EPB41L2,0.75,7,5,0.714286,0.935122,0.859229
EPB41L4B,0.75,7,5,0.714286,0.935218,0.713401
EXOC8,0.75,7,5,0.714286,0.98874,0.684983
FAM193A,0.75,7,5,0.714286,0.983382,0.711064
FOXP2,0.75,7,5,0.714286,0.976625,0.793717
GFPT2,0.75,7,5,0.714286,0.926395,0.695
GGN,0.75,7,5,0.714286,0.957612,0.691933
GIMAP7,0.75,7,5,0.714286,0.964715,0.729032
HFM1,0.75,7,5,0.714286,0.977658,0.716267
HTR5A,0.75,7,5,0.714286,0.866982,0.792336
IGSF1,0.75,7,5,0.714286,0.975051,0.698563
ITGA10,0.75,7,5,0.714286,0.957904,0.749088
ITGB6,0.75,7,5,0.714286,0.911509,0.7534
KHDRBS2,0.75,7,5,0.714286,0.928358,0.791439
KIF5A,0.75,7,5,0.714286,0.815155,0.730683
KRT34,0.75,7,5,0.714286,0.942097,0.843475
LRRC32,0.75,7,5,0.714286,0.874805,0.671745
MACC1,0.75,7,5,0.714286,0.990123,0.721397
MAST2,0.75,7,5,0.714286,0.989558,0.734382
MCTP1,0.75,7,5,0.714286,0.938374,0.708619
MICAL3,0.75,7,5,0.714286,0.948589,0.727335
MTMR11,0.75,7,5,0.714286,0.99122,0.787135
NFX1,0.75,7,5,0.714286,0.829047,0.722519
NOBOX,0.75,7,5,0.714286,0.979321,0.841222
NRP1,0.75,7,5,0.714286,0.978635,0.787072
OR2T3,0.75,7,5,0.714286,0.886108,0.671039
OR4D10,0.75,7,5,0.714286,0.987439,0.741646
OR51F1,0.75,7,5,0.714286,0.978034,0.768426
OR5H1,0.75,7,5,0.714286,0.977291,0.842529
OR7G2,0.75,7,5,0.714286,0.971785,0.712097
PABPC1L,0.75,7,5,0.714286,0.98516,0.706081
PGR,0.75,7,5,0.714286,0.92687,0.760498
PHIP,0.75,7,5,0.714286,0.986021,0.774353
PLCG1,0.75,7,5,0.714286,0.985625,0.869399
PRAMEF2,0.75,7,5,0.714286,0.908794,0.825869
PSG5,0.75,7,5,0.714286,0.991393,0.803241
PSG6,0.75,7,5,0.714286,0.841331,0.780571
PTK2B,0.75,7,5,0.714286,0.974248,0.895807
RBP3,0.75,7,5,0.714286,0.977511,0.740939
RUSC1,0.75,7,5,0.714286,0.971994,0.710404
SH3D19,0.75,7,5,0.714286,0.942698,0.767874
SLC17A7,0.75,7,5,0.714286,0.969306,0.694541
SLC6A4,0.75,7,5,0.714286,0.948581,0.694053
SLCO1B1,0.75,7,5,0.714286,0.970824,0.698946
TCF20,0.75,7,5,0.714286,0.983031,0.810805
TNFSF11,0.75,7,5,0.714286,0.972497,0.70695
TNRC6A,0.75,7,5,0.714286,0.834667,0.664949
TRIM51,0.75,7,5,0.714286,0.978998,0.848985
TSC1,0.75,7,5,0.714286,0.986975,0.767671
TSPOAP1,0.75,7,5,0.714286,0.978356,0.782925
TTC3,0.75,7,5,0.714286,0.984477,0.753842
WASHC2C,0.75,7,5,0.714286,0.991021,0.776925
ZBED9,0.75,7,5,0.714286,0.977605,0.750976
ZEB2,0.75,7,5,0.714286,0.963145,0.779509
ZFAT,0.75,7,5,0.714286,0.973289,0.760908
ZNF140,0.75,7,5,0.714286,0.98907,0.834357
ZNF492,0.75,7,5,0.714286,0.967214,0.699874
ZNF776,0.75,7,5,0.714286,0.796336,0.751926
ABCA12,0.75,8,5,0.625,0.955041,0.611523
ACSM4,0.75,8,5,0.625,0.921991,0.644682
ACTRT1,0.75,8,5,0.625,0.9528,0.623971
ADCY9,0.75,8,5,0.625,0.918696,0.663244
AK7,0.75,8,5,0.625,0.967631,0.792493
ALPK1,0.75,8,5,0.625,0.982395,0.770922
ANKS1B,0.75,8,5,0.625,0.894471,0.628456
AQP10,0.75,8,5,0.625,0.892397,0.758879
ATP12A,0.75,8,5,0.625,0.898409,0.609475
BIN1,0.75,8,5,0.625,0.827102,0.573506
BTAF1,0.75,8,5,0.625,0.857573,0.592342
CANX,0.75,8,5,0.625,0.990732,0.735328
CCDC8,0.75,8,5,0.625,0.829719,0.615222
CCN4,0.75,8,5,0.625,0.889227,0.662703
CD22,0.75,8,5,0.625,0.950823,0.765361
CEP250,0.75,8,5,0.625,0.920302,0.60187
COL6A1,0.75,8,5,0.625,0.906694,0.633455
CREB3L3,0.75,8,5,0.625,0.891299,0.751302
DNAAF5,0.75,8,5,0.625,0.866128,0.592969
DNM2,0.75,8,5,0.625,0.868334,0.674027
EGR1,0.75,8,5,0.625,0.856156,0.697805
EML2,0.75,8,5,0.625,0.975591,0.617337
EPHA5,0.75,8,5,0.625,0.879136,0.733863
FAM124A,0.75,8,5,0.625,0.903626,0.624736
FIGN,0.75,8,5,0.625,0.982682,0.640606
GABRA5,0.75,8,5,0.625,0.861617,0.671576
IGFN1,0.75,8,5,0.625,0.904093,0.731516
INPP4B,0.75,8,5,0.625,0.985797,0.671108
JAK2,0.75,8,5,0.625,0.945984,0.680234
KAT14,0.75,8,5,0.625,0.923789,0.765782
LAMB3,0.75,8,5,0.625,0.891484,0.710009
LCOR,0.75,8,5,0.625,0.980088,0.665439
LILRA2,0.75,8,5,0.625,0.920088,0.714705
LILRB5,0.75,8,5,0.625,0.938377,0.73027
LMTK2,0.75,8,5,0.625,0.988812,0.647974
MCOLN3,0.75,8,5,0.625,0.809505,0.587842
MYOM1,0.75,8,5,0.625,0.798003,0.691025
N4BP2,0.75,8,5,0.625,0.87441,0.66842
OSBPL8,0.75,8,5,0.625,0.910555,0.749913
PAPPA,0.75,8,5,0.625,0.97368,0.780612
PATJ,0.75,8,5,0.625,0.883525,0.625101
PGAP4,0.75,8,5,0.625,0.869952,0.679736
PHF20,0.75,8,5,0.625,0.946931,0.692426
PRX,0.75,8,5,0.625,0.896623,0.671046
PSG7,0.75,8,5,0.625,0.870131,0.815944
RGS22,0.75,8,5,0.625,0.925893,0.752661
SLC24A3,0.75,8,5,0.625,0.943327,0.733242
SLFN11,0.75,8,5,0.625,0.979819,0.747715
SPTAN1,0.75,8,5,0.625,0.921136,0.837551
SRRM4,0.75,8,5,0.625,0.869053,0.766013
ST18,0.75,8,5,0.625,0.923059,0.687873
STARD13,0.75,8,5,0.625,0.943251,0.628769
TEK,0.75,8,5,0.625,0.944689,0.796959
TRPM7,0.75,8,5,0.625,0.797485,0.617391
TSGA10,0.75,8,5,0.625,0.881413,0.663936
ULK2,0.75,8,5,0.625,0.864996,0.637905
UTP20,0.75,8,5,0.625,0.960601,0.66132
WNK1,0.75,8,5,0.625,0.933784,0.730562
A2M,0.75,9,5,0.555556,0.863866,0.568583
ABCA5,0.75,9,5,0.555556,0.820288,0.606779
ABCG2,0.75,9,5,0.555556,0.940907,0.648463
ALMS1,0.75,9,5,0.555556,0.933071,0.627419
AP000769.3,0.75,9,5,0.555556,0.824254,0.533422
ARHGAP28,0.75,9,5,0.555556,0.755651,0.720722
ATP8A1,0.75,9,5,0.555556,0.822116,0.530856
BCAR3,0.75,9,5,0.555556,0.796092,0.60088
BCORL1,0.75,9,5,0.555556,0.805141,0.578768
BTNL8,0.75,9,5,0.555556,0.911588,0.704409
CCER1,0.75,9,5,0.555556,0.83116,0.643442
CRB1,0.75,9,5,0.555556,0.94674,0.563678
CTTNBP2,0.75,9,5,0.555556,0.961318,0.667466
CYLC2,0.75,9,5,0.555556,0.977105,0.570799
CYP4F3,0.75,9,5,0.555556,0.837159,0.640984
FANCM,0.75,9,5,0.555556,0.935173,0.675664
GABBR2,0.75,9,5,0.555556,0.899053,0.635056
GCNA,0.75,9,5,0.555556,0.829035,0.525072
GHSR,0.75,9,5,0.555556,0.962764,0.602684
HIVEP3,0.75,9,5,0.555556,0.842778,0.664426
IL5RA,0.75,9,5,0.555556,0.902611,0.555274
IRF6,0.75,9,5,0.555556,0.868051,0.630042
ITGAX,0.75,9,5,0.555556,0.921542,0.598941
KIAA0100,0.75,9,5,0.555556,0.93601,0.667164
MAP1A,0.75,9,5,0.555556,0.889652,0.717684
MBD1,0.75,9,5,0.555556,0.843632,0.696826
MIB1,0.75,9,5,0.555556,0.928536,0.60043
MOCS1,0.75,9,5,0.555556,0.753551,0.596278
MTOR,0.75,9,5,0.555556,0.838234,0.646932
NPY5R,0.75,9,5,0.555556,0.906518,0.636912
NSD1,0.75,9,5,0.555556,0.799059,0.624963
NUP98,0.75,9,5,0.555556,0.847635,0.701862
OR13C8,0.75,9,5,0.555556,0.926313,0.644717
PCDHB9,0.75,9,5,0.555556,0.805733,0.624779
PCDHGB1,0.75,9,5,0.555556,0.918998,0.616903
PHEX,0.75,9,5,0.555556,0.771088,0.511086
PSD4,0.75,9,5,0.555556,0.911575,0.663752
PTPN13,0.75,9,5,0.555556,0.796771,0.659523
RAPGEF2,0.75,9,5,0.555556,0.947221,0.687183
RB1CC1,0.75,9,5,0.555556,0.835539,0.675369
RTL5,0.75,9,5,0.555556,0.973633,0.546203
SHANK2,0.75,9,5,0.555556,0.813367,0.567898
SLC4A10,0.75,9,5,0.555556,0.880936,0.561032
SLCO4C1,0.75,9,5,0.555556,0.920346,0.623639
SLFN13,0.75,9,5,0.555556,0.93628,0.634769
SULT1B1,0.75,9,5,0.555556,0.851599,0.705488
SYCP1,0.75,9,5,0.555556,0.816205,0.596431
TMPRSS6,0.75,9,5,0.555556,0.957864,0.546106
TNS3,0.75,9,5,0.555556,0.941428,0.784633
TRIM71,0.75,9,5,0.555556,0.874614,0.592264
TRPV2,0.75,9,5,0.555556,0.959114,0.593339
ZNF10,0.75,9,5,0.555556,0.943092,0.650437
ZNF184,0.75,9,5,0.555556,0.902467,0.602499
ZZEF1,0.75,9,5,0.555556,0.896169,0.68838
ARID1A,0.75,10,5,0.5,0.663925,0.553628
CFH,0.75,10,5,0.5,0.61179,0.592734
DBH,0.75,10,5,0.5,0.584424,0.53644
DCAF12L1,0.75,10,5,0.5,0.545114,0.511106
DOCK6,0.75,10,5,0.5,0.695202,0.511413
DSC3,0.75,10,5,0.5,0.681437,0.558587
DYNC2H1,0.75,10,5,0.5,0.496366,0.481464
GNPTAB,0.75,10,5,0.5,0.788428,0.616104
IARS1,0.75,10,5,0.5,0.76064,0.611851
JARID2,0.75,10,5,0.5,0.741843,0.590021
LRRC55,0.75,10,5,0.5,0.773631,0.660746
LTBP4,0.75,10,5,0.5,0.38311,0.458931
MYBPC1,0.75,10,5,0.5,0.665037,0.554467
MYH15,0.75,10,5,0.5,0.748352,0.587139
NFATC2,0.75,10,5,0.5,0.720447,0.577178
OR2W3,0.75,10,5,0.5,0.508886,0.520043
PLXNA2,0.75,10,5,0.5,0.755044,0.561704
RNF213,0.75,10,5,0.5,0.832057,0.655994
RREB1,0.75,10,5,0.5,0.601662,0.524823
SCN11A,0.75,10,5,0.5,0.676243,0.586165
SLC12A5,0.75,10,5,0.5,0.780975,0.67581
SPTB,0.75,10,5,0.5,0.779933,0.719778
SUPT6H,0.75,10,5,0.5,0.791257,0.615038
TNFRSF11A,0.75,10,5,0.5,0.773412,0.635412
TNIK,0.75,10,5,0.5,0.761308,0.565501
TP63,0.75,10,5,0.5,0.790421,0.572022
TUBB4A,0.75,10,5,0.5,0.736581,0.549862
USP26,0.75,10,5,0.5,0.718482,0.560766
ZNF804B,0.75,10,5,0.5,0.837444,0.636941
ADAMTS20,0.75,11,5,0.454545,0.077434,0.442
ADCY5,0.75,11,5,0.454545,0.574338,0.550539
ANKRD30A,0.75,11,5,0.454545,0.365989,0.506241
ATP9B,0.75,11,5,0.454545,0.623482,0.515641
CACNG3,0.75,11,5,0.454545,0.660193,0.690135
DNAH1,0.75,11,5,0.454545,0.747674,0.487068
EP300,0.75,11,5,0.454545,0.692179,0.606099
EPHB2,0.75,11,5,0.454545,0.729669,0.592204
EVPL,0.75,11,5,0.454545,0.738393,0.553976
FRY,0.75,11,5,0.454545,0.610572,0.586452
GAS2L2,0.75,11,5,0.454545,0.553275,0.504851
GRIA3,0.75,11,5,0.454545,0.36514,0.458132
IL12RB1,0.75,11,5,0.454545,0.258714,0.479587
ITGB2,0.75,11,5,0.454545,0.641142,0.566741
ITIH5,0.75,11,5,0.454545,0.668941,0.5463
KCNB2,0.75,11,5,0.454545,0.673049,0.614016
LAMB1,0.75,11,5,0.454545,0.583603,0.617566
MATN4,0.75,11,5,0.454545,0.683007,0.575477
PKP2,0.75,11,5,0.454545,0.632024,0.643028
SPEF2,0.75,11,5,0.454545,0.518179,0.556685
SPEN,0.75,11,5,0.454545,0.688215,0.602441
TIAM2,0.75,11,5,0.454545,0.556759,0.500913
TKTL2,0.75,11,5,0.454545,0.732025,0.582664
TRPA1,0.75,11,5,0.454545,0.645093,0.612121
ATP8A2,0.75,12,5,0.416667,0.40958,0.526996
ATP8B4,0.75,12,5,0.416667,0.575165,0.604017
CARMIL2,0.75,12,5,0.416667,0.602488,0.511383
CCDC60,0.75,12,5,0.416667,0.393452,0.499297
CNTNAP5,0.75,12,5,0.416667,0.477092,0.524146
IL4R,0.75,12,5,0.416667,0.682202,0.573256
TRPC7,0.75,12,5,0.416667,0.311577,0.481821
ADAMTS3,0.75,13,5,0.384615,0.581584,0.557652
CAD,0.75,13,5,0.384615,0.252647,0.449887
DSG3,0.75,13,5,0.384615,0.660102,0.566207
GPR179,0.75,13,5,0.384615,0.31242,0.474386
MEGF8,0.75,13,5,0.384615,0.001665,0.368277
AFF2,0.75,14,5,0.357143,0.134396,0.408406
CD163,0.75,14,5,0.357143,0.471425,0.558334
DCC,0.75,14,5,0.357143,0.517359,0.510005
EPHA10,0.75,14,5,0.357143,0.397107,0.460545
EPPK1,0.75,14,5,0.357143,0.390933,0.449782
PCDHA2,0.75,14,5,0.357143,0.539942,0.506211
STYXL2,0.75,14,5,0.357143,0.427236,0.451393
ACACB,0.75,15,5,0.333333,0.558277,0.548549
SLCO5A1,0.75,15,5,0.333333,0.244166,0.459249
FBLN2,0.75,16,5,0.3125,0.072464,0.340979
LZTR1,0.75,16,5,0.3125,0.084331,0.379966
CSMD2,0.75,17,5,0.294118,0.061293,0.352765
UNC79,0.75,17,5,0.294118,0.44868,0.443607
AASDH,0.75,4,4,1.0,0.98154,0.962541
ACIN1,0.75,4,4,1.0,0.980626,0.949912
ADAM20,0.75,4,4,1.0,0.950896,0.941411
ADAM30,0.75,4,4,1.0,0.952045,0.944412
AGAP1,0.75,4,4,1.0,0.984918,0.978478
AGO2,0.75,4,4,1.0,0.889907,0.896469
AKR1B10,0.75,4,4,1.0,0.988314,0.985641
AMMECR1L,0.75,4,4,1.0,0.953346,0.938869
AMY2A,0.75,4,4,1.0,0.989352,0.988607
ANKFN1,0.75,4,4,1.0,0.975395,0.976152
AP4E1,0.75,4,4,1.0,0.943003,0.945861
ARHGAP10,0.75,4,4,1.0,0.964495,0.946238
ARHGEF15,0.75,4,4,1.0,0.991402,0.981001
ARHGEF35,0.75,4,4,1.0,0.990472,0.989599
ATP2B2,0.75,4,4,1.0,0.976545,0.954845
B3GNT2,0.75,4,4,1.0,0.918338,0.919055
BIN2,0.75,4,4,1.0,0.951766,0.949088
BPIFB3,0.75,4,4,1.0,0.990639,0.984368
C8B,0.75,4,4,1.0,0.96697,0.967774
CASP2,0.75,4,4,1.0,0.975215,0.92227
CCDC138,0.75,4,4,1.0,0.984205,0.983171
CCDC59,0.75,4,4,1.0,0.981429,0.94379
CCDC96,0.75,4,4,1.0,0.967573,0.9663
CCL24,0.75,4,4,1.0,0.955069,0.952863
CEACAM18,0.75,4,4,1.0,0.978306,0.977758
CEACAM5,0.75,4,4,1.0,0.976997,0.950693
CEBPZ,0.75,4,4,1.0,0.929409,0.927926
CHAMP1,0.75,4,4,1.0,0.990444,0.97624
CKAP5,0.75,4,4,1.0,0.910765,0.919183
CLEC4M,0.75,4,4,1.0,0.975845,0.958362
CNTD1,0.75,4,4,1.0,0.987634,0.947168
COPB2,0.75,4,4,1.0,0.990555,0.986093
CPN1,0.75,4,4,1.0,0.983082,0.975468
CRHR2,0.75,4,4,1.0,0.958921,0.933385
CTR9,0.75,4,4,1.0,0.925746,0.913519
CYP2C9,0.75,4,4,1.0,0.976552,0.958454
CYP3A4,0.75,4,4,1.0,0.984631,0.976439
DDX56,0.75,4,4,1.0,0.989188,0.987503
DLGAP1,0.75,4,4,1.0,0.982269,0.974346
DMKN,0.75,4,4,1.0,0.977154,0.959722
DOCK9,0.75,4,4,1.0,0.967311,0.966835
DPYSL5,0.75,4,4,1.0,0.93337,0.923549
DRC1,0.75,4,4,1.0,0.955239,0.957936
EIF2AK4,0.75,4,4,1.0,0.944846,0.948169
ELP1,0.75,4,4,1.0,0.945422,0.932919
ELP4,0.75,4,4,1.0,0.969326,0.968968
EMB,0.75,4,4,1.0,0.991381,0.94863
EPYC,0.75,4,4,1.0,0.954873,0.95436
ERCC3,0.75,4,4,1.0,0.937762,0.932542
ERMN,0.75,4,4,1.0,0.980015,0.963731
ETFDH,0.75,4,4,1.0,0.890824,0.90313
F10,0.75,4,4,1.0,0.976009,0.96594
FABP5P3,0.75,4,4,1.0,0.938179,0.937154
FAM13B,0.75,4,4,1.0,0.8605,0.866415
FAM187B,0.75,4,4,1.0,0.981073,0.966266
FBP1,0.75,4,4,1.0,0.966205,0.93724
FFAR3,0.75,4,4,1.0,0.989147,0.988184
FGB,0.75,4,4,1.0,0.900226,0.900352
FRG2C,0.75,4,4,1.0,0.96,0.930122
FXR2,0.75,4,4,1.0,0.963162,0.963489
GBX1,0.75,4,4,1.0,0.98567,0.979062
GCSAML,0.75,4,4,1.0,0.910793,0.916936
GRB10,0.75,4,4,1.0,0.991262,0.990774
GRK4,0.75,4,4,1.0,0.958645,0.960164
H2BC1,0.75,4,4,1.0,0.976548,0.974941
HEATR4,0.75,4,4,1.0,0.957147,0.948864
HEPACAM2,0.75,4,4,1.0,0.977073,0.975422
HMGCR,0.75,4,4,1.0,0.969801,0.9435
HPS6,0.75,4,4,1.0,0.990876,0.990068
HSPH1,0.75,4,4,1.0,0.958533,0.953214
IGHV1OR21-1,0.75,4,4,1.0,0.976332,0.975602
IGHV3-21,0.75,4,4,1.0,0.901707,0.891572
IGKV1D-16,0.75,4,4,1.0,0.983226,0.976151
ING3,0.75,4,4,1.0,0.991414,0.991399
JAKMIP2,0.75,4,4,1.0,0.987876,0.94547
KATNIP,0.75,4,4,1.0,0.952569,0.92834
KBTBD2,0.75,4,4,1.0,0.991238,0.967937
KCNA1,0.75,4,4,1.0,0.991393,0.961359
KCNA7,0.75,4,4,1.0,0.95598,0.922158
KDM4C,0.75,4,4,1.0,0.991298,0.988142
KLHL15,0.75,4,4,1.0,0.840582,0.840016
KRT222,0.75,4,4,1.0,0.986992,0.974727
LBP,0.75,4,4,1.0,0.981272,0.962002
LDB3,0.75,4,4,1.0,0.991155,0.990284
LILRA1,0.75,4,4,1.0,0.989177,0.984984
LIPI,0.75,4,4,1.0,0.985393,0.981839
LRCH4,0.75,4,4,1.0,0.979185,0.972926
LRRC37A3,0.75,4,4,1.0,0.987496,0.977285
MAGEA4,0.75,4,4,1.0,0.977227,0.973861
MAGEA6,0.75,4,4,1.0,0.9879,0.985414
MARCO,0.75,4,4,1.0,0.970946,0.950926
MCHR2,0.75,4,4,1.0,0.972349,0.975214
MCM8,0.75,4,4,1.0,0.990085,0.941883
MEPCE,0.75,4,4,1.0,0.991457,0.985948
MKRN1,0.75,4,4,1.0,0.988293,0.961742
MOGS,0.75,4,4,1.0,0.919075,0.899874
MPDZ,0.75,4,4,1.0,0.957042,0.944918
MVP,0.75,4,4,1.0,0.9904,0.946424
NAALADL2,0.75,4,4,1.0,0.989114,0.98064
NBPF25P,0.75,4,4,1.0,0.991188,0.986769
NDST3,0.75,4,4,1.0,0.956386,0.959826
NES,0.75,4,4,1.0,0.991365,0.990541
NFE2L3,0.75,4,4,1.0,0.987709,0.987229
NLGN4X,0.75,4,4,1.0,0.946249,0.939894
NME7,0.75,4,4,1.0,0.932943,0.929532
NPR3,0.75,4,4,1.0,0.988446,0.978371
NPRL2,0.75,4,4,1.0,0.979731,0.949224
NTF3,0.75,4,4,1.0,0.989905,0.95884
OCIAD2,0.75,4,4,1.0,0.987076,0.985295
OR10R2,0.75,4,4,1.0,0.899945,0.916768
OR10S1,0.75,4,4,1.0,0.987028,0.977565
OR2L13,0.75,4,4,1.0,0.95859,0.92171
OR51E1,0.75,4,4,1.0,0.964752,0.931415
OTULIN,0.75,4,4,1.0,0.991187,0.988997
PALB2,0.75,4,4,1.0,0.991435,0.953009
PAPOLA,0.75,4,4,1.0,0.928556,0.918878
PBXIP1,0.75,4,4,1.0,0.985093,0.982215
PCDH12,0.75,4,4,1.0,0.989098,0.98642
PCDHA6,0.75,4,4,1.0,0.970891,0.973439
PCSK1,0.75,4,4,1.0,0.980894,0.97895
PDYN,0.75,4,4,1.0,0.969699,0.946162
PEX5L,0.75,4,4,1.0,0.954551,0.920878
PJA2,0.75,4,4,1.0,0.920185,0.903524
PLAGL1,0.75,4,4,1.0,0.957431,0.925326
PLEKHA5,0.75,4,4,1.0,0.868531,0.897311
PLK4,0.75,4,4,1.0,0.971206,0.943455
POGLUT3,0.75,4,4,1.0,0.983413,0.943314
POLR3A,0.75,4,4,1.0,0.945044,0.938945
POTEH,0.75,4,4,1.0,0.987175,0.953603
PRKD1,0.75,4,4,1.0,0.92448,0.923167
PRKRA,0.75,4,4,1.0,0.987551,0.947712
PRPS1L1,0.75,4,4,1.0,0.976616,0.973257
PSD2,0.75,4,4,1.0,0.990816,0.956523
RAB11FIP5,0.75,4,4,1.0,0.982939,0.980575
RABEP2,0.75,4,4,1.0,0.991392,0.986052
RBAK,0.75,4,4,1.0,0.989949,0.988922
RBL1,0.75,4,4,1.0,0.990697,0.971095
RECK,0.75,4,4,1.0,0.809967,0.839722
RERGL,0.75,4,4,1.0,0.987022,0.983023
RFC2,0.75,4,4,1.0,0.908998,0.902703
RGPD1,0.75,4,4,1.0,0.990656,0.979463
RIPOR1,0.75,4,4,1.0,0.981001,0.942201
RRBP1,0.75,4,4,1.0,0.989809,0.967358
RTN4,0.75,4,4,1.0,0.973222,0.960222
RUFY3,0.75,4,4,1.0,0.979875,0.930952
SART3,0.75,4,4,1.0,0.981663,0.977
SCN2A,0.75,4,4,1.0,0.969598,0.964243
SEMA3A,0.75,4,4,1.0,0.991391,0.991098
SIDT1,0.75,4,4,1.0,0.991041,0.990764
SLC13A4,0.75,4,4,1.0,0.984265,0.963911
SLC25A3,0.75,4,4,1.0,0.972408,0.956383
SLC28A3,0.75,4,4,1.0,0.980051,0.946567
SLC37A3,0.75,4,4,1.0,0.990355,0.966262
SMARCAD1,0.75,4,4,1.0,0.973732,0.939334
SMR3B,0.75,4,4,1.0,0.979229,0.969565
SND1,0.75,4,4,1.0,0.975601,0.977465
SNX11,0.75,4,4,1.0,0.85104,0.87176
SPATA17,0.75,4,4,1.0,0.986506,0.982033
SSC4D,0.75,4,4,1.0,0.971263,0.942758
SSH2,0.75,4,4,1.0,0.974633,0.935687
STEAP1,0.75,4,4,1.0,0.991462,0.991471
STIM1,0.75,4,4,1.0,0.980623,0.97388
STKLD1,0.75,4,4,1.0,0.983605,0.975487
STMN4,0.75,4,4,1.0,0.979934,0.972741
STYK1,0.75,4,4,1.0,0.928015,0.909199
SUGCT,0.75,4,4,1.0,0.95957,0.948302
SUPT20H,0.75,4,4,1.0,0.979655,0.959863
TAF1B,0.75,4,4,1.0,0.989404,0.979145
TAF4,0.75,4,4,1.0,0.98947,0.984224
TBC1D31,0.75,4,4,1.0,0.929249,0.928282
TBCD,0.75,4,4,1.0,0.944466,0.945263
TGM4,0.75,4,4,1.0,0.950527,0.922132
TKFC,0.75,4,4,1.0,0.984691,0.981196
TKT,0.75,4,4,1.0,0.983053,0.981911
TLE2,0.75,4,4,1.0,0.990678,0.986759
TMEM130,0.75,4,4,1.0,0.990676,0.982332
TMEM67,0.75,4,4,1.0,0.990849,0.986314
TMEM74,0.75,4,4,1.0,0.990928,0.971234
TNPO3,0.75,4,4,1.0,0.984087,0.980315
TRAF3IP1,0.75,4,4,1.0,0.928809,0.929864
TRIM25,0.75,4,4,1.0,0.98209,0.948393
TRIP10,0.75,4,4,1.0,0.922533,0.913748
TRPC1,0.75,4,4,1.0,0.984394,0.978682
TSGA13,0.75,4,4,1.0,0.989235,0.943259
TSHZ1,0.75,4,4,1.0,0.991346,0.983057
TTC16,0.75,4,4,1.0,0.983664,0.983601
TTC26,0.75,4,4,1.0,0.990911,0.988561
TUBB1,0.75,4,4,1.0,0.982969,0.979918
TUBG2,0.75,4,4,1.0,0.958431,0.938199
UBN2,0.75,4,4,1.0,0.991101,0.980126
UNC5A,0.75,4,4,1.0,0.991106,0.980254
USP42,0.75,4,4,1.0,0.978803,0.97282
USP47,0.75,4,4,1.0,0.960894,0.960943
WFDC8,0.75,4,4,1.0,0.967432,0.966921
ZBP1,0.75,4,4,1.0,0.861088,0.870056
ZBTB11,0.75,4,4,1.0,0.968626,0.958673
ZC3HC1,0.75,4,4,1.0,0.990177,0.989346
ZDHHC4,0.75,4,4,1.0,0.978682,0.975312
ZFP30,0.75,4,4,1.0,0.914859,0.900243
ZKSCAN5,0.75,4,4,1.0,0.991094,0.988297
ZMYND8,0.75,4,4,1.0,0.985347,0.96842
ZNF181,0.75,4,4,1.0,0.954273,0.933412
ZNF234,0.75,4,4,1.0,0.991354,0.991345
ZNF274,0.75,4,4,1.0,0.987097,0.975019
ZNF418,0.75,4,4,1.0,0.980075,0.974275
ZNF44,0.75,4,4,1.0,0.985257,0.966119
ZNF491,0.75,4,4,1.0,0.963949,0.9501
ZNF556,0.75,4,4,1.0,0.98877,0.98244
ZNF585A,0.75,4,4,1.0,0.965956,0.91856
ZNF624,0.75,4,4,1.0,0.977766,0.97056
ZNF653,0.75,4,4,1.0,0.969188,0.96433
ZNF721,0.75,4,4,1.0,0.976292,0.944448
ZNF827,0.75,4,4,1.0,0.98532,0.945181
ZP2,0.75,4,4,1.0,0.956306,0.943096
ACADS,0.75,5,4,0.8,0.983622,0.792979
ADAM23,0.75,5,4,0.8,0.979567,0.786273
ADAMTSL2,0.75,5,4,0.8,0.990517,0.792169
ADCK1,0.75,5,4,0.8,0.964681,0.779044
ADH1A,0.75,5,4,0.8,0.967792,0.903911
AGL,0.75,5,4,0.8,0.990152,0.793402
AGXT2,0.75,5,4,0.8,0.968886,0.926876
AHCYL1,0.75,5,4,0.8,0.950806,0.805288
ALB,0.75,5,4,0.8,0.977176,0.85013
ALK,0.75,5,4,0.8,0.963922,0.777613
ANKS3,0.75,5,4,0.8,0.911597,0.738994
AOPEP,0.75,5,4,0.8,0.990156,0.936215
AREG,0.75,5,4,0.8,0.839322,0.717954
ATG2B,0.75,5,4,0.8,0.972759,0.783013
ATP7B,0.75,5,4,0.8,0.991324,0.758913
ATXN7,0.75,5,4,0.8,0.947578,0.771978
BMPR2,0.75,5,4,0.8,0.948795,0.736058
CALD1,0.75,5,4,0.8,0.967156,0.764725
CAMKV,0.75,5,4,0.8,0.96813,0.918637
CCDC171,0.75,5,4,0.8,0.941343,0.887948
CCR1,0.75,5,4,0.8,0.953557,0.744393
CD5,0.75,5,4,0.8,0.911586,0.751376
CENPU,0.75,5,4,0.8,0.94421,0.859296
CEP63,0.75,5,4,0.8,0.988989,0.807335
CERS6,0.75,5,4,0.8,0.940739,0.76452
CHEK2,0.75,5,4,0.8,0.921487,0.817776
CHST9,0.75,5,4,0.8,0.962597,0.869648
CKAP2L,0.75,5,4,0.8,0.983806,0.786995
CLCN3,0.75,5,4,0.8,0.989876,0.897918
CLIC5,0.75,5,4,0.8,0.826837,0.743677
CLINT1,0.75,5,4,0.8,0.991404,0.793106
CLSPN,0.75,5,4,0.8,0.99023,0.808026
CNDP1,0.75,5,4,0.8,0.949569,0.877094
CNTNAP3,0.75,5,4,0.8,0.948157,0.773549
COL4A3,0.75,5,4,0.8,0.972261,0.748687
CPLANE1,0.75,5,4,0.8,0.9907,0.790488
CTC1,0.75,5,4,0.8,0.990829,0.874829
CUL5,0.75,5,4,0.8,0.987827,0.870392
CX3CR1,0.75,5,4,0.8,0.965865,0.778557
DAGLB,0.75,5,4,0.8,0.985416,0.885274
DDB1,0.75,5,4,0.8,0.981467,0.82124
DDX17,0.75,5,4,0.8,0.990984,0.790148
DENND1A,0.75,5,4,0.8,0.927925,0.780734
DENND2B,0.75,5,4,0.8,0.976406,0.811871
DHX30,0.75,5,4,0.8,0.886466,0.736547
DHX8,0.75,5,4,0.8,0.991314,0.745111
DLK1,0.75,5,4,0.8,0.880655,0.724979
DNAI4,0.75,5,4,0.8,0.911486,0.771227
DNAJC28,0.75,5,4,0.8,0.98962,0.784531
DPH7,0.75,5,4,0.8,0.9848,0.774716
EML4,0.75,5,4,0.8,0.979189,0.787186
ENPP3,0.75,5,4,0.8,0.977484,0.831739
EPHA4,0.75,5,4,0.8,0.98056,0.922078
ESR1,0.75,5,4,0.8,0.928191,0.77294
ETNPPL,0.75,5,4,0.8,0.961779,0.783962
FASTKD1,0.75,5,4,0.8,0.983508,0.751203
FCRL1,0.75,5,4,0.8,0.962777,0.844024
FGFR4,0.75,5,4,0.8,0.982584,0.849264
FIG4,0.75,5,4,0.8,0.965782,0.853166
FKBP6,0.75,5,4,0.8,0.891366,0.867996
FOXD4L5,0.75,5,4,0.8,0.977574,0.891764
FOXN1,0.75,5,4,0.8,0.965579,0.868799
FSIP1,0.75,5,4,0.8,0.959727,0.767162
FZD1,0.75,5,4,0.8,0.981325,0.927041
FZD9,0.75,5,4,0.8,0.846166,0.844932
GDF3,0.75,5,4,0.8,0.991385,0.833273
GDF9,0.75,5,4,0.8,0.766956,0.696316
GFM2,0.75,5,4,0.8,0.988807,0.806324
GIMAP1,0.75,5,4,0.8,0.982672,0.795853
GIMAP4,0.75,5,4,0.8,0.949668,0.747101
GPR15,0.75,5,4,0.8,0.978523,0.849612
GPR65,0.75,5,4,0.8,0.87382,0.819619
GPR83,0.75,5,4,0.8,0.897869,0.725628
GRAMD2B,0.75,5,4,0.8,0.973905,0.921231
GSDMB,0.75,5,4,0.8,0.957505,0.872933
GSPT2,0.75,5,4,0.8,0.978948,0.7732
HAO1,0.75,5,4,0.8,0.93254,0.873983
HIF3A,0.75,5,4,0.8,0.990753,0.790543
HLTF,0.75,5,4,0.8,0.970708,0.775647
HNRNPCL1,0.75,5,4,0.8,0.834142,0.811796
HRH2,0.75,5,4,0.8,0.94349,0.850248
IGHG3,0.75,5,4,0.8,0.961558,0.763946
INPP5F,0.75,5,4,0.8,0.991382,0.856432
KBTBD4,0.75,5,4,0.8,0.974193,0.840516
KIRREL2,0.75,5,4,0.8,0.89201,0.729687
KLHDC7A,0.75,5,4,0.8,0.981687,0.829648
KLHL3,0.75,5,4,0.8,0.950547,0.865943
KPNA5,0.75,5,4,0.8,0.982528,0.860269
KRT14,0.75,5,4,0.8,0.976811,0.768957
KRT15,0.75,5,4,0.8,0.951808,0.755949
KRT4,0.75,5,4,0.8,0.975286,0.784634
KRT7,0.75,5,4,0.8,0.934659,0.745812
LGALS13,0.75,5,4,0.8,0.982416,0.798774
LILRA4,0.75,5,4,0.8,0.970758,0.827554
LMLN,0.75,5,4,0.8,0.888272,0.731997
LONP1,0.75,5,4,0.8,0.990394,0.812201
LOXL2,0.75,5,4,0.8,0.991356,0.825752
LRIG1,0.75,5,4,0.8,0.963909,0.74722
MAP3K21,0.75,5,4,0.8,0.878409,0.734876
MARCHF10,0.75,5,4,0.8,0.974384,0.824848
MCM6,0.75,5,4,0.8,0.9328,0.902434
ME1,0.75,5,4,0.8,0.934295,0.758746
MEFV,0.75,5,4,0.8,0.96813,0.786142
MFAP1,0.75,5,4,0.8,0.984862,0.763631
MPPE1,0.75,5,4,0.8,0.836446,0.715376
MS4A1,0.75,5,4,0.8,0.988277,0.865776
MS4A7,0.75,5,4,0.8,0.911525,0.768545
MUSK,0.75,5,4,0.8,0.888492,0.74128
MYLK4,0.75,5,4,0.8,0.977882,0.831661
MYO19,0.75,5,4,0.8,0.986025,0.754757
MYO1G,0.75,5,4,0.8,0.990856,0.782043
MYO5B,0.75,5,4,0.8,0.990848,0.792702
NIM1K,0.75,5,4,0.8,0.990494,0.901345
NOX5,0.75,5,4,0.8,0.989631,0.791329
NR4A3,0.75,5,4,0.8,0.977706,0.756616
NRAP,0.75,5,4,0.8,0.98896,0.836691
NRG3,0.75,5,4,0.8,0.990779,0.7929
NUAK1,0.75,5,4,0.8,0.908463,0.765144
OGT,0.75,5,4,0.8,0.931474,0.814352
OR1G1,0.75,5,4,0.8,0.985719,0.934593
OR2A1,0.75,5,4,0.8,0.948023,0.763674
OR2G2,0.75,5,4,0.8,0.828619,0.769549
OR2M3,0.75,5,4,0.8,0.830742,0.746243
OR4C15,0.75,5,4,0.8,0.975465,0.90384
OR4K5,0.75,5,4,0.8,0.948978,0.825546
OR56A4,0.75,5,4,0.8,0.984437,0.845876
OR5B17,0.75,5,4,0.8,0.94272,0.788125
OR5D14,0.75,5,4,0.8,0.960787,0.825342
OR5L1,0.75,5,4,0.8,0.987413,0.769399
OSBPL3,0.75,5,4,0.8,0.991349,0.859302
OSMR,0.75,5,4,0.8,0.887612,0.871458
PCDH1,0.75,5,4,0.8,0.928412,0.773197
PCDHA11,0.75,5,4,0.8,0.928608,0.85053
PHF2,0.75,5,4,0.8,0.854482,0.711176
PIGK,0.75,5,4,0.8,0.976507,0.893203
PIGR,0.75,5,4,0.8,0.907285,0.7606
PKD2,0.75,5,4,0.8,0.923718,0.761286
PKD2L2,0.75,5,4,0.8,0.972775,0.836746
PKN1,0.75,5,4,0.8,0.889732,0.724612
PLCB4,0.75,5,4,0.8,0.95069,0.77355
PLEKHG7,0.75,5,4,0.8,0.973714,0.773789
PNMA8A,0.75,5,4,0.8,0.947106,0.789904
PPFIA3,0.75,5,4,0.8,0.972258,0.77746
PPP1R12C,0.75,5,4,0.8,0.978741,0.785896
PRKAR1B,0.75,5,4,0.8,0.911607,0.894816
PRTG,0.75,5,4,0.8,0.972345,0.848
PSG3,0.75,5,4,0.8,0.986166,0.847735
PTH2R,0.75,5,4,0.8,0.985479,0.782687
PTPN6,0.75,5,4,0.8,0.963739,0.854889
PTPRJ,0.75,5,4,0.8,0.989719,0.809575
RAB3GAP1,0.75,5,4,0.8,0.941555,0.757683
RBM12,0.75,5,4,0.8,0.991107,0.909572
RBPJL,0.75,5,4,0.8,0.984984,0.795975
RHOBTB1,0.75,5,4,0.8,0.991366,0.829065
RPS6KA1,0.75,5,4,0.8,0.962778,0.817745
RRAD,0.75,5,4,0.8,0.973722,0.857708
RTN3,0.75,5,4,0.8,0.990751,0.781668
RTTN,0.75,5,4,0.8,0.976972,0.894486
SCFD1,0.75,5,4,0.8,0.948001,0.894106
SCG2,0.75,5,4,0.8,0.904085,0.861826
SECISBP2L,0.75,5,4,0.8,0.97678,0.784908
SERPINA5,0.75,5,4,0.8,0.89066,0.732557
SERPINB2,0.75,5,4,0.8,0.911507,0.787453
SETDB1,0.75,5,4,0.8,0.975107,0.773921
SH3KBP1,0.75,5,4,0.8,0.975995,0.781684
SLC17A2,0.75,5,4,0.8,0.957755,0.849903
SLC29A2,0.75,5,4,0.8,0.991211,0.791706
SLC39A10,0.75,5,4,0.8,0.976872,0.85345
SLC39A9,0.75,5,4,0.8,0.93354,0.806652
SLC3A1,0.75,5,4,0.8,0.953401,0.873111
SLC6A20,0.75,5,4,0.8,0.943569,0.744084
SLCO3A1,0.75,5,4,0.8,0.922768,0.829664
SNTG1,0.75,5,4,0.8,0.991452,0.866844
SPAG9,0.75,5,4,0.8,0.980926,0.757224
STK10,0.75,5,4,0.8,0.899225,0.746339
SUN1,0.75,5,4,0.8,0.971799,0.837967
TAOK3,0.75,5,4,0.8,0.982248,0.83304
TAS2R41,0.75,5,4,0.8,0.991269,0.906537
TBX22,0.75,5,4,0.8,0.975699,0.86266
TDRD1,0.75,5,4,0.8,0.990066,0.804683
TDRD3,0.75,5,4,0.8,0.968455,0.763504
TENT5C,0.75,5,4,0.8,0.971527,0.861793
TES,0.75,5,4,0.8,0.991323,0.860308
TREML2,0.75,5,4,0.8,0.936055,0.78186
TRIM36,0.75,5,4,0.8,0.983592,0.786708
TSKS,0.75,5,4,0.8,0.988649,0.790042
TTF2,0.75,5,4,0.8,0.979828,0.870171
TYW1,0.75,5,4,0.8,0.962981,0.74407
UBA7,0.75,5,4,0.8,0.986999,0.906639
UBAP2L,0.75,5,4,0.8,0.95411,0.750039
UBQLN3,0.75,5,4,0.8,0.9138,0.742332
UPP1,0.75,5,4,0.8,0.963399,0.803816
USP17L2,0.75,5,4,0.8,0.982897,0.7877
USP49,0.75,5,4,0.8,0.96059,0.762034
USP7,0.75,5,4,0.8,0.991332,0.876952
VIL1,0.75,5,4,0.8,0.961732,0.771072
VPS52,0.75,5,4,0.8,0.979848,0.786708
WASF4P,0.75,5,4,0.8,0.988265,0.790628
WDR48,0.75,5,4,0.8,0.862468,0.734145
WNT9B,0.75,5,4,0.8,0.966407,0.749124
XKR7,0.75,5,4,0.8,0.97767,0.882817
XPOT,0.75,5,4,0.8,0.920918,0.856409
XRN2,0.75,5,4,0.8,0.991457,0.899098
YTHDC1,0.75,5,4,0.8,0.9396,0.764294
ZBTB22,0.75,5,4,0.8,0.968115,0.836328
ZCCHC4,0.75,5,4,0.8,0.966719,0.775516
ZFPM2,0.75,5,4,0.8,0.911535,0.7897
ZFYVE16,0.75,5,4,0.8,0.952764,0.760162
ZHX1,0.75,5,4,0.8,0.989349,0.763897
ZNF136,0.75,5,4,0.8,0.969307,0.783085
ZNF169,0.75,5,4,0.8,0.931149,0.756282
ZNF215,0.75,5,4,0.8,0.959751,0.752485
ZNF595,0.75,5,4,0.8,0.97802,0.932511
ZNF646,0.75,5,4,0.8,0.977094,0.851037
ZNF7,0.75,5,4,0.8,0.990451,0.815763
ZNF701,0.75,5,4,0.8,0.930296,0.764773
ZSCAN22,0.75,5,4,0.8,0.974864,0.88252
ABCC12,0.75,6,4,0.666667,0.988211,0.712341
ABR,0.75,6,4,0.666667,0.977668,0.655786
ADAMTS6,0.75,6,4,0.666667,0.925721,0.776831
ADGRG7,0.75,6,4,0.666667,0.984908,0.79954
AGMO,0.75,6,4,0.666667,0.844972,0.657169
AMPD3,0.75,6,4,0.666667,0.911981,0.715931
ANKRD12,0.75,6,4,0.666667,0.931434,0.725808
ANKRD17,0.75,6,4,0.666667,0.93663,0.749011
ANKRD50,0.75,6,4,0.666667,0.916862,0.712373
AP3B1,0.75,6,4,0.666667,0.930685,0.650673
AQR,0.75,6,4,0.666667,0.8883,0.789329
ASAH2,0.75,6,4,0.666667,0.961119,0.649942
ATP2A1,0.75,6,4,0.666667,0.889927,0.807446
B4GALNT3,0.75,6,4,0.666667,0.938463,0.757804
BCLAF3,0.75,6,4,0.666667,0.955987,0.764252
BPIFB2,0.75,6,4,0.666667,0.973085,0.659506
CARD14,0.75,6,4,0.666667,0.973013,0.665435
CASP8AP2,0.75,6,4,0.666667,0.961915,0.713005
CBLB,0.75,6,4,0.666667,0.952206,0.664243
CCIN,0.75,6,4,0.666667,0.840135,0.763591
CCNB3,0.75,6,4,0.666667,0.871393,0.66243
CD14,0.75,6,4,0.666667,0.791757,0.730951
CDH23,0.75,6,4,0.666667,0.950412,0.684228
CDX4,0.75,6,4,0.666667,0.966218,0.649018
CHP2,0.75,6,4,0.666667,0.991379,0.708516
CIC,0.75,6,4,0.666667,0.955118,0.648762
CLSTN2,0.75,6,4,0.666667,0.988054,0.708357
CNNM2,0.75,6,4,0.666667,0.967056,0.651918
CNTN2,0.75,6,4,0.666667,0.983153,0.658213
COL4A1,0.75,6,4,0.666667,0.913787,0.658858
COL6A5,0.75,6,4,0.666667,0.988194,0.678937
CUX1,0.75,6,4,0.666667,0.976717,0.732475
CYP3A7,0.75,6,4,0.666667,0.991295,0.725543
DGKB,0.75,6,4,0.666667,0.838244,0.666704
DGKG,0.75,6,4,0.666667,0.859522,0.616029
DISP1,0.75,6,4,0.666667,0.938357,0.711999
DMBX1,0.75,6,4,0.666667,0.798817,0.661123
DNAJC6,0.75,6,4,0.666667,0.987922,0.753211
DNMT1,0.75,6,4,0.666667,0.982306,0.851445
DOCK11,0.75,6,4,0.666667,0.98273,0.828908
DSE,0.75,6,4,0.666667,0.975377,0.791596
DYRK1A,0.75,6,4,0.666667,0.944868,0.713298
EBF1,0.75,6,4,0.666667,0.933006,0.837767
ELAPOR2,0.75,6,4,0.666667,0.890922,0.709199
ELAVL2,0.75,6,4,0.666667,0.828911,0.63458
EPHA7,0.75,6,4,0.666667,0.964544,0.77792
ERBIN,0.75,6,4,0.666667,0.958436,0.72115
FAM120A,0.75,6,4,0.666667,0.889346,0.623195
FBLN5,0.75,6,4,0.666667,0.920927,0.658805
FGD1,0.75,6,4,0.666667,0.941632,0.728399
FMN2,0.75,6,4,0.666667,0.933974,0.721948
FMNL1,0.75,6,4,0.666667,0.895754,0.671534
FNIP1,0.75,6,4,0.666667,0.95041,0.649318
FSIP2,0.75,6,4,0.666667,0.866789,0.617818
GEM,0.75,6,4,0.666667,0.938892,0.65782
GEN1,0.75,6,4,0.666667,0.950868,0.646167
GGNBP2,0.75,6,4,0.666667,0.915535,0.727272
GPLD1,0.75,6,4,0.666667,0.900115,0.630486
GPR141,0.75,6,4,0.666667,0.873632,0.682409
GRID1,0.75,6,4,0.666667,0.974451,0.696523
GTPBP3,0.75,6,4,0.666667,0.923886,0.735687
GYS2,0.75,6,4,0.666667,0.973532,0.705552
HACE1,0.75,6,4,0.666667,0.936929,0.756465
HDC,0.75,6,4,0.666667,0.916311,0.737042
HERC5,0.75,6,4,0.666667,0.951283,0.646845
HGF,0.75,6,4,0.666667,0.967595,0.836622
IBTK,0.75,6,4,0.666667,0.957197,0.648838
ITGA2,0.75,6,4,0.666667,0.91629,0.635915
JADE3,0.75,6,4,0.666667,0.984641,0.658261
JMY,0.75,6,4,0.666667,0.891009,0.649218
KCNH6,0.75,6,4,0.666667,0.860615,0.711539
KCNK5,0.75,6,4,0.666667,0.882217,0.676699
KCNQ3,0.75,6,4,0.666667,0.956843,0.847429
KDM3B,0.75,6,4,0.666667,0.900927,0.706716
KDM5C,0.75,6,4,0.666667,0.797291,0.592574
KIAA0232,0.75,6,4,0.666667,0.961944,0.725131
KIAA1522,0.75,6,4,0.666667,0.902432,0.667574
KIF14,0.75,6,4,0.666667,0.901553,0.751155
KLK4,0.75,6,4,0.666667,0.812335,0.606438
KRT23,0.75,6,4,0.666667,0.913542,0.732243
KRT31,0.75,6,4,0.666667,0.946317,0.73798
LARP4B,0.75,6,4,0.666667,0.911777,0.785341
LEMD3,0.75,6,4,0.666667,0.966133,0.651621
LEXM,0.75,6,4,0.666667,0.983865,0.67256
LHCGR,0.75,6,4,0.666667,0.901691,0.704464
LILRB1,0.75,6,4,0.666667,0.947878,0.657412
LRIF1,0.75,6,4,0.666667,0.927183,0.726295
LRP12,0.75,6,4,0.666667,0.914621,0.692184
LRP4,0.75,6,4,0.666667,0.8159,0.629864
MBNL1,0.75,6,4,0.666667,0.963266,0.870481
MCM7,0.75,6,4,0.666667,0.980968,0.788067
MEGF6,0.75,6,4,0.666667,0.949769,0.647043
MFSD6L,0.75,6,4,0.666667,0.861246,0.612162
MOV10L1,0.75,6,4,0.666667,0.987656,0.756732
MTM1,0.75,6,4,0.666667,0.933729,0.698349
MTNR1B,0.75,6,4,0.666667,0.886141,0.793328
MYLK3,0.75,6,4,0.666667,0.944419,0.716295
MYO1E,0.75,6,4,0.666667,0.970764,0.705463
NCAN,0.75,6,4,0.666667,0.964153,0.730357
NCL,0.75,6,4,0.666667,0.925273,0.751958
NCOA7,0.75,6,4,0.666667,0.969987,0.654057
NEDD4,0.75,6,4,0.666667,0.83059,0.59872
NEGR1,0.75,6,4,0.666667,0.952188,0.672122
NEURL4,0.75,6,4,0.666667,0.91153,0.633289
NFATC1,0.75,6,4,0.666667,0.890651,0.657104
ONECUT2,0.75,6,4,0.666667,0.951104,0.700115
OPRK1,0.75,6,4,0.666667,0.977936,0.773326
OR10A3,0.75,6,4,0.666667,0.880379,0.726264
OR13G1,0.75,6,4,0.666667,0.901703,0.779693
OR2AG1,0.75,6,4,0.666667,0.869705,0.738758
OR4A47,0.75,6,4,0.666667,0.863127,0.723877
OR51A2,0.75,6,4,0.666667,0.988051,0.777747
OR52B6,0.75,6,4,0.666667,0.933052,0.680268
OR5T3,0.75,6,4,0.666667,0.976638,0.84494
OR6C1,0.75,6,4,0.666667,0.856855,0.708488
OR6M1,0.75,6,4,0.666667,0.853657,0.708806
OR8H1,0.75,6,4,0.666667,0.890464,0.728698
OR9G4,0.75,6,4,0.666667,0.852467,0.735098
OTUB2,0.75,6,4,0.666667,0.888359,0.626579
P2RY10,0.75,6,4,0.666667,0.989849,0.7127
P4HA2,0.75,6,4,0.666667,0.899975,0.834551
PCDHB10,0.75,6,4,0.666667,0.990448,0.7507
PCDHGA3,0.75,6,4,0.666667,0.990688,0.698454
PDE3B,0.75,6,4,0.666667,0.917202,0.718377
PGK2,0.75,6,4,0.666667,0.965107,0.747062
PIK3AP1,0.75,6,4,0.666667,0.967043,0.751922
PIK3R6,0.75,6,4,0.666667,0.902937,0.711925
PIKFYVE,0.75,6,4,0.666667,0.873543,0.682204
PIWIL4,0.75,6,4,0.666667,0.885777,0.703576
PKD2L1,0.75,6,4,0.666667,0.867179,0.676101
PLEKHA7,0.75,6,4,0.666667,0.989628,0.660424
PORCN,0.75,6,4,0.666667,0.970791,0.793554
PPP2R1B,0.75,6,4,0.666667,0.862666,0.714171
PTCH2,0.75,6,4,0.666667,0.972243,0.654205
PTGFRN,0.75,6,4,0.666667,0.864384,0.722533
PXDN,0.75,6,4,0.666667,0.958752,0.649612
RBM27,0.75,6,4,0.666667,0.943874,0.654151
RBM45,0.75,6,4,0.666667,0.97176,0.652747
REV1,0.75,6,4,0.666667,0.904616,0.646285
RFC1,0.75,6,4,0.666667,0.890977,0.759436
RFX4,0.75,6,4,0.666667,0.890414,0.689847
RHAG,0.75,6,4,0.666667,0.883645,0.699864
RHOBTB3,0.75,6,4,0.666667,0.894632,0.729816
RPS5,0.75,6,4,0.666667,0.975971,0.735573
RSF1,0.75,6,4,0.666667,0.979723,0.773501
RXRA,0.75,6,4,0.666667,0.871048,0.733796
SCAF4,0.75,6,4,0.666667,0.956291,0.751214
SCNN1B,0.75,6,4,0.666667,0.976375,0.708278
SEMA3D,0.75,6,4,0.666667,0.893302,0.677314
SEPTIN14,0.75,6,4,0.666667,0.941054,0.63698
SERPINA4,0.75,6,4,0.666667,0.938404,0.701421
SIPA1L1,0.75,6,4,0.666667,0.97055,0.734187
SKIV2L,0.75,6,4,0.666667,0.873332,0.709505
SLC13A3,0.75,6,4,0.666667,0.901415,0.628501
SLC23A2,0.75,6,4,0.666667,0.941706,0.740791
SLC46A2,0.75,6,4,0.666667,0.980958,0.657755
SLC4A4,0.75,6,4,0.666667,0.900865,0.768274
SLCO1B3,0.75,6,4,0.666667,0.943109,0.709697
SLU7,0.75,6,4,0.666667,0.870641,0.689298
SMC1B,0.75,6,4,0.666667,0.907285,0.738832
SNX18,0.75,6,4,0.666667,0.962199,0.676215
SNX25,0.75,6,4,0.666667,0.836736,0.799131
SPATA16,0.75,6,4,0.666667,0.909657,0.633974
SPTLC3,0.75,6,4,0.666667,0.916509,0.749143
SUN3,0.75,6,4,0.666667,0.984085,0.678114
SV2A,0.75,6,4,0.666667,0.988336,0.821132
SYT13,0.75,6,4,0.666667,0.839059,0.633539
TCN1,0.75,6,4,0.666667,0.980237,0.805681
TEC,0.75,6,4,0.666667,0.904849,0.745905
TLE1,0.75,6,4,0.666667,0.976426,0.656224
TRAT1,0.75,6,4,0.666667,0.861367,0.730719
TSHZ3,0.75,6,4,0.666667,0.885718,0.624746
TSR1,0.75,6,4,0.666667,0.990822,0.681509
UGT2B7,0.75,6,4,0.666667,0.866581,0.824566
USP5,0.75,6,4,0.666667,0.894472,0.664456
WNK4,0.75,6,4,0.666667,0.969323,0.68799
XPO1,0.75,6,4,0.666667,0.957878,0.6479
ZFP57,0.75,6,4,0.666667,0.844909,0.717498
ZHX2,0.75,6,4,0.666667,0.97168,0.776286
ZHX3,0.75,6,4,0.666667,0.949181,0.710022
ZNF197,0.75,6,4,0.666667,0.956849,0.710998
ZNF445,0.75,6,4,0.666667,0.977611,0.734833
ZNF569,0.75,6,4,0.666667,0.938606,0.674555
ZNF605,0.75,6,4,0.666667,0.966791,0.779806
ZNF800,0.75,6,4,0.666667,0.836074,0.628131
AC008397.2,0.75,7,4,0.571429,0.798163,0.622654
ACSM2B,0.75,7,4,0.571429,0.955239,0.75129
ADD2,0.75,7,4,0.571429,0.858649,0.740446
ANKS6,0.75,7,4,0.571429,0.800897,0.645023
APLP2,0.75,7,4,0.571429,0.772525,0.624623
ARMC3,0.75,7,4,0.571429,0.874639,0.569385
ASIC2,0.75,7,4,0.571429,0.965553,0.55718
ATP2A3,0.75,7,4,0.571429,0.854481,0.752396
C8A,0.75,7,4,0.571429,0.921919,0.706942
CAND1,0.75,7,4,0.571429,0.778343,0.639231
CDHR1,0.75,7,4,0.571429,0.830613,0.686257
CDRT1,0.75,7,4,0.571429,0.897598,0.667758
CEP70,0.75,7,4,0.571429,0.903894,0.665427
CFAP44,0.75,7,4,0.571429,0.980988,0.639563
CHD7,0.75,7,4,0.571429,0.931733,0.666343
CHSY3,0.75,7,4,0.571429,0.925184,0.648792
CLIP1,0.75,7,4,0.571429,0.990223,0.697789
CPD,0.75,7,4,0.571429,0.756075,0.558621
CYP4F12,0.75,7,4,0.571429,0.876775,0.676865
EBF2,0.75,7,4,0.571429,0.90168,0.768005
EFHB,0.75,7,4,0.571429,0.963411,0.667562
FAM13A,0.75,7,4,0.571429,0.966627,0.679476
FAM189A2,0.75,7,4,0.571429,0.786899,0.537286
FCRL2,0.75,7,4,0.571429,0.832288,0.664059
FFAR2,0.75,7,4,0.571429,0.911649,0.551852
FOXJ3,0.75,7,4,0.571429,0.891893,0.695881
FOXM1,0.75,7,4,0.571429,0.878123,0.564312
GRHL3,0.75,7,4,0.571429,0.770598,0.610788
GRK7,0.75,7,4,0.571429,0.850691,0.605626
GRM6,0.75,7,4,0.571429,0.880102,0.580661
HCK,0.75,7,4,0.571429,0.854052,0.656705
HEATR1,0.75,7,4,0.571429,0.978329,0.648299
HIPK1,0.75,7,4,0.571429,0.823632,0.721125
HSPA2,0.75,7,4,0.571429,0.911558,0.665636
ITGA6,0.75,7,4,0.571429,0.855879,0.615264
KCND2,0.75,7,4,0.571429,0.816597,0.593261
KCNH1,0.75,7,4,0.571429,0.870972,0.620736
KCNH7,0.75,7,4,0.571429,0.959493,0.651535
KL,0.75,7,4,0.571429,0.973814,0.651754
KNDC1,0.75,7,4,0.571429,0.784691,0.522423
LAMC2,0.75,7,4,0.571429,0.897316,0.688074
LRRC8B,0.75,7,4,0.571429,0.956869,0.662618
MAPK8IP3,0.75,7,4,0.571429,0.789954,0.507294
MFSD2A,0.75,7,4,0.571429,0.829385,0.528297
MPO,0.75,7,4,0.571429,0.849747,0.609567
MSH4,0.75,7,4,0.571429,0.874588,0.782098
MYO18B,0.75,7,4,0.571429,0.981222,0.566016
NCOA6,0.75,7,4,0.571429,0.851799,0.681451
NHS,0.75,7,4,0.571429,0.832969,0.563614
NOX4,0.75,7,4,0.571429,0.858364,0.606115
NUMA1,0.75,7,4,0.571429,0.76681,0.628597
OR2H1,0.75,7,4,0.571429,0.913634,0.706591
OR5A1,0.75,7,4,0.571429,0.846356,0.713586
PACS1,0.75,7,4,0.571429,0.975377,0.629185
PCDHB14,0.75,7,4,0.571429,0.948328,0.682329
PCDHB16,0.75,7,4,0.571429,0.955521,0.595691
PDGFRB,0.75,7,4,0.571429,0.784805,0.60205
PDILT,0.75,7,4,0.571429,0.796043,0.715985
PEAK1,0.75,7,4,0.571429,0.847905,0.670199
PGM5,0.75,7,4,0.571429,0.872924,0.758785
PIWIL3,0.75,7,4,0.571429,0.831134,0.731422
POGZ,0.75,7,4,0.571429,0.839787,0.626824
PRKCB,0.75,7,4,0.571429,0.788183,0.549776
PRKCD,0.75,7,4,0.571429,0.964605,0.800003
PRPF40B,0.75,7,4,0.571429,0.873018,0.724839
PSD3,0.75,7,4,0.571429,0.923418,0.618539
PTPRU,0.75,7,4,0.571429,0.829127,0.608635
PZP,0.75,7,4,0.571429,0.865238,0.676295
RALGAPA2,0.75,7,4,0.571429,0.911539,0.543902
RANBP17,0.75,7,4,0.571429,0.905201,0.674344
RBM44,0.75,7,4,0.571429,0.927358,0.646836
RET,0.75,7,4,0.571429,0.9476,0.631073
RGS12,0.75,7,4,0.571429,0.938498,0.647245
RIPK4,0.75,7,4,0.571429,0.891403,0.658621
RPTOR,0.75,7,4,0.571429,0.961815,0.662224
RTL3,0.75,7,4,0.571429,0.786095,0.508646
RUSC2,0.75,7,4,0.571429,0.955689,0.574954
RUVBL2,0.75,7,4,0.571429,0.974305,0.65051
RXFP1,0.75,7,4,0.571429,0.990064,0.608341
SERPINA1,0.75,7,4,0.571429,0.843148,0.59572
SH2B2,0.75,7,4,0.571429,0.849735,0.545111
SIGLEC11,0.75,7,4,0.571429,0.909666,0.579943
SIGLEC8,0.75,7,4,0.571429,0.878625,0.627778
SIGLEC9,0.75,7,4,0.571429,0.803793,0.566857
SLC4A2,0.75,7,4,0.571429,0.965975,0.676216
SPAM1,0.75,7,4,0.571429,0.813159,0.635485
SPATA31A3,0.75,7,4,0.571429,0.866375,0.545015
ST6GALNAC3,0.75,7,4,0.571429,0.990028,0.592088
STK35,0.75,7,4,0.571429,0.844118,0.550685
SV2B,0.75,7,4,0.571429,0.941472,0.615845
TANC1,0.75,7,4,0.571429,0.911541,0.619207
TESK1,0.75,7,4,0.571429,0.775422,0.629182
TGFBR2,0.75,7,4,0.571429,0.887572,0.697903
THBS1,0.75,7,4,0.571429,0.927385,0.735207
THBS2,0.75,7,4,0.571429,0.784574,0.515768
TLR2,0.75,7,4,0.571429,0.836826,0.595845
TMC5,0.75,7,4,0.571429,0.977692,0.687622
TMEM255A,0.75,7,4,0.571429,0.955156,0.632477
TRIM42,0.75,7,4,0.571429,0.893411,0.708786
TTC7A,0.75,7,4,0.571429,0.846904,0.626127
UBR1,0.75,7,4,0.571429,0.856466,0.613283
UNC13C,0.75,7,4,0.571429,0.928182,0.549537
VARS1,0.75,7,4,0.571429,0.815837,0.523837
ZNF254,0.75,7,4,0.571429,0.988128,0.679143
ZNF460,0.75,7,4,0.571429,0.97759,0.776797
ZP4,0.75,7,4,0.571429,0.815721,0.628511
ZSWIM5,0.75,7,4,0.571429,0.752161,0.604409
ABCC10,0.75,8,4,0.5,0.597922,0.599413
ADAM28,0.75,8,4,0.5,0.760611,0.614856
ADAMDEC1,0.75,8,4,0.5,0.752469,0.628846
AKAP6,0.75,8,4,0.5,0.711297,0.589447
ARHGAP32,0.75,8,4,0.5,0.637869,0.53899
ARID4B,0.75,8,4,0.5,0.829324,0.690643
ASTL,0.75,8,4,0.5,0.783156,0.670155
ATP2C1,0.75,8,4,0.5,0.763059,0.739545
BRD4,0.75,8,4,0.5,0.734622,0.598453
CASP1,0.75,8,4,0.5,0.598951,0.549628
CHD2,0.75,8,4,0.5,0.500656,0.516943
CHD8,0.75,8,4,0.5,0.634436,0.529417
CLCNKB,0.75,8,4,0.5,0.716889,0.585155
CNTN3,0.75,8,4,0.5,0.717217,0.582389
COL19A1,0.75,8,4,0.5,0.748107,0.656996
CTDP1,0.75,8,4,0.5,0.508663,0.502691
CYP4A11,0.75,8,4,0.5,0.767522,0.588066
DCLK1,0.75,8,4,0.5,0.71101,0.597062
DDX60,0.75,8,4,0.5,0.777232,0.66894
DIP2C,0.75,8,4,0.5,0.69083,0.548395
DSC2,0.75,8,4,0.5,0.786144,0.636404
DUOX2,0.75,8,4,0.5,0.630302,0.512423
EHD3,0.75,8,4,0.5,0.776901,0.684577
EPX,0.75,8,4,0.5,0.755228,0.692264
ERG,0.75,8,4,0.5,0.571266,0.519514
EVC2,0.75,8,4,0.5,0.395514,0.439702
FYB1,0.75,8,4,0.5,0.525675,0.528002
GJA8,0.75,8,4,0.5,0.584324,0.519063
GOLGA4,0.75,8,4,0.5,0.734127,0.579626
GOLGB1,0.75,8,4,0.5,0.699909,0.606902
HEPH,0.75,8,4,0.5,0.650731,0.530421
HNF1B,0.75,8,4,0.5,0.776599,0.607571
IL1RAPL2,0.75,8,4,0.5,0.448819,0.478365
INPP5K,0.75,8,4,0.5,0.582468,0.512369
INTS12,0.75,8,4,0.5,0.510515,0.499633
KIF13B,0.75,8,4,0.5,0.473198,0.490081
KIF21A,0.75,8,4,0.5,0.737038,0.749093
MAN2B2,0.75,8,4,0.5,0.696855,0.538987
MAP7D2,0.75,8,4,0.5,0.57249,0.519074
MAS1L,0.75,8,4,0.5,0.759703,0.592036
MTF1,0.75,8,4,0.5,0.716708,0.628023
MYH7B,0.75,8,4,0.5,0.860689,0.652298
MYO16,0.75,8,4,0.5,0.490806,0.493858
MYO1A,0.75,8,4,0.5,0.824069,0.632012
MYO5C,0.75,8,4,0.5,0.765955,0.565942
MYO7A,0.75,8,4,0.5,0.749775,0.553866
MYOM3,0.75,8,4,0.5,0.673923,0.551381
NDN,0.75,8,4,0.5,0.561043,0.502399
NPAS4,0.75,8,4,0.5,0.828421,0.727305
NRG1,0.75,8,4,0.5,0.662032,0.582237
OTUD4,0.75,8,4,0.5,0.758806,0.673211
PCDHGB2,0.75,8,4,0.5,0.615725,0.550083
PLB1,0.75,8,4,0.5,0.700543,0.533859
POF1B,0.75,8,4,0.5,0.590086,0.492255
PROX1,0.75,8,4,0.5,0.531219,0.493439
RABEP1,0.75,8,4,0.5,0.778895,0.657008
RAPGEF6,0.75,8,4,0.5,0.774563,0.602473
REPIN1,0.75,8,4,0.5,0.73756,0.591968
RIF1,0.75,8,4,0.5,0.74433,0.603916
SCML2,0.75,8,4,0.5,0.784926,0.622084
SCN8A,0.75,8,4,0.5,0.65341,0.57135
SLC22A9,0.75,8,4,0.5,0.81355,0.715722
TEX11,0.75,8,4,0.5,0.630661,0.531118
TEX2,0.75,8,4,0.5,0.781319,0.65881
TMEM131L,0.75,8,4,0.5,0.747482,0.617332
TMTC1,0.75,8,4,0.5,0.483958,0.495594
TRIOBP,0.75,8,4,0.5,0.807605,0.597435
UPF2,0.75,8,4,0.5,0.73903,0.670106
VPS13C,0.75,8,4,0.5,0.675592,0.608127
WWC3,0.75,8,4,0.5,0.630597,0.513222
ZNF318,0.75,8,4,0.5,0.860594,0.6145
APBA1,0.75,9,4,0.444444,0.1591,0.484065
ARMC4,0.75,9,4,0.444444,0.008001,0.435643
ARSF,0.75,9,4,0.444444,0.181222,0.438645
ASCC3,0.75,9,4,0.444444,0.714453,0.632669
ATP13A2,0.75,9,4,0.444444,0.53059,0.581691
ATRNL1,0.75,9,4,0.444444,0.398104,0.511491
B4GALNT1,0.75,9,4,0.444444,0.692172,0.657703
BMP3,0.75,9,4,0.444444,0.507444,0.536129
CACNA1I,0.75,9,4,0.444444,0.209324,0.462804
CEP104,0.75,9,4,0.444444,0.580093,0.491435
CFAP57,0.75,9,4,0.444444,0.685387,0.581631
CRYBG1,0.75,9,4,0.444444,0.634869,0.617498
DCHS1,0.75,9,4,0.444444,0.184216,0.448677
DGKD,0.75,9,4,0.444444,0.460997,0.554127
DRC7,0.75,9,4,0.444444,0.623418,0.508327
ECPAS,0.75,9,4,0.444444,0.516769,0.515653
F13A1,0.75,9,4,0.444444,0.345477,0.52672
GTF3C1,0.75,9,4,0.444444,0.677873,0.653971
HNF4A,0.75,9,4,0.444444,0.694961,0.60301
HTR2C,0.75,9,4,0.444444,0.673954,0.51616
IL18RAP,0.75,9,4,0.444444,0.706626,0.642598
JMJD1C,0.75,9,4,0.444444,0.325313,0.48589
KCNH5,0.75,9,4,0.444444,0.443723,0.491004
MAGEB1,0.75,9,4,0.444444,0.09408,0.447328
NALCN,0.75,9,4,0.444444,0.599237,0.571141
NETO1,0.75,9,4,0.444444,0.237664,0.469028
NLRP1,0.75,9,4,0.444444,0.433126,0.538717
NUTM1,0.75,9,4,0.444444,0.329348,0.493096
PAX3,0.75,9,4,0.444444,0.507442,0.529599
PLCL2,0.75,9,4,0.444444,0.623016,0.590162
RBM19,0.75,9,4,0.444444,0.595063,0.659873
SEC16A,0.75,9,4,0.444444,0.47146,0.495269
SHCBP1L,0.75,9,4,0.444444,0.672852,0.673935
SLC27A2,0.75,9,4,0.444444,0.683709,0.621808
SLC9A2,0.75,9,4,0.444444,0.642649,0.516705
SLITRK6,0.75,9,4,0.444444,0.479821,0.487047
SPTBN1,0.75,9,4,0.444444,0.747653,0.610765
ST6GAL2,0.75,9,4,0.444444,0.144756,0.429588
TBC1D8,0.75,9,4,0.444444,0.092299,0.43553
TNRC6C,0.75,9,4,0.444444,0.710617,0.538384
TTC17,0.75,9,4,0.444444,0.732853,0.634905
UBR2,0.75,9,4,0.444444,0.729876,0.704411
UNC45B,0.75,9,4,0.444444,0.419817,0.523269
ZNF518B,0.75,9,4,0.444444,0.592422,0.525541
ZNF618,0.75,9,4,0.444444,0.484327,0.518642
ZNF644,0.75,9,4,0.444444,0.694754,0.681677
AKAP9,0.75,10,4,0.4,0.262735,0.469288
CFAP43,0.75,10,4,0.4,0.342227,0.46495
DOCK2,0.75,10,4,0.4,0.610038,0.577792
FHOD3,0.75,10,4,0.4,0.245566,0.434934
INPP5D,0.75,10,4,0.4,0.211591,0.438337
KAT6B,0.75,10,4,0.4,0.569424,0.491083
KRT13,0.75,10,4,0.4,0.613437,0.585712
MKI67,0.75,10,4,0.4,0.564197,0.503504
PCNT,0.75,10,4,0.4,0.064187,0.393521
POLQ,0.75,10,4,0.4,0.599076,0.580987
RBBP6,0.75,10,4,0.4,0.264953,0.4461
SERPINA11,0.75,10,4,0.4,0.642321,0.568381
SPTBN2,0.75,10,4,0.4,0.569227,0.556992
TEX14,0.75,10,4,0.4,0.355609,0.489097
TPR,0.75,10,4,0.4,0.402364,0.479071
WNK2,0.75,10,4,0.4,0.000213,0.369176
ZNF423,0.75,10,4,0.4,0.52535,0.541053
ZNF658,0.75,10,4,0.4,0.618907,0.620095
BNC2,0.75,11,4,0.363636,0.049914,0.397397
CCDC158,0.75,11,4,0.363636,0.58565,0.618488
CEP350,0.75,11,4,0.363636,0.158578,0.379063
DOCK4,0.75,11,4,0.363636,0.332206,0.436388
FOXA1,0.75,11,4,0.363636,0.114749,0.415094
GABRG2,0.75,11,4,0.363636,0.661794,0.528285
HHIPL2,0.75,11,4,0.363636,0.562563,0.588294
MAST1,0.75,11,4,0.363636,0.000727,0.405182
MORC1,0.75,11,4,0.363636,0.596714,0.558433
MYOM2,0.75,11,4,0.363636,0.545054,0.585878
PIWIL1,0.75,11,4,0.363636,0.22137,0.407861
RAD51AP2,0.75,11,4,0.363636,1.4e-05,0.345944
SLCO1B3-SLCO1B7,0.75,11,4,0.363636,0.507114,0.468454
STAB1,0.75,11,4,0.363636,0.488692,0.484414
ACAN,0.75,12,4,0.333333,0.127309,0.361229
CACNA1H,0.75,12,4,0.333333,0.139358,0.373982
CD209,0.75,12,4,0.333333,0.63027,0.536593
COL2A1,0.75,12,4,0.333333,0.009331,0.333007
KMT2B,0.75,12,4,0.333333,0.350269,0.440218
SLC14A2,0.75,12,4,0.333333,0.617369,0.62987
DOCK10,0.75,13,4,0.307692,0.387567,0.404811
FRMPD3,0.75,13,4,0.307692,0.507735,0.410942
GCN1,0.75,13,4,0.307692,0.631541,0.552073
L1CAM,0.75,13,4,0.307692,0.0,0.330192
NYAP2,0.75,13,4,0.307692,0.159627,0.348335
OTOGL,0.75,13,4,0.307692,0.000545,0.344552
ZNF292,0.75,13,4,0.307692,0.536401,0.441086
KPRP,0.75,14,4,0.285714,0.551174,0.49894
SLCO6A1,0.75,14,4,0.285714,0.268031,0.416903
MED12,0.75,15,4,0.266667,0.003821,0.313842
NCKAP1L,0.75,15,4,0.266667,0.576536,0.519692
AARS2,0.75,3,3,1.0,0.972793,0.979023
ABHD11,0.75,3,3,1.0,0.901734,0.886375
ABI3BP,0.75,3,3,1.0,0.984476,0.919695
ACOX2,0.75,3,3,1.0,0.945192,0.8999
ACP5,0.75,3,3,1.0,0.989323,0.989289
ACRV1,0.75,3,3,1.0,0.947113,0.940736
ACSF2,0.75,3,3,1.0,0.88667,0.90838
ACTG2,0.75,3,3,1.0,0.975568,0.97577
ADM,0.75,3,3,1.0,0.987442,0.98744
ADPRM,0.75,3,3,1.0,0.991389,0.99043
AFAP1,0.75,3,3,1.0,0.977419,0.974221
AHCYL2,0.75,3,3,1.0,0.991344,0.987573
AKR1B15,0.75,3,3,1.0,0.983932,0.96456
AL136982.4,0.75,3,3,1.0,0.983827,0.976595
ALDH1A1,0.75,3,3,1.0,0.989872,0.989905
ALG10B,0.75,3,3,1.0,0.991471,0.967808
ALPP,0.75,3,3,1.0,0.956631,0.893528
AMD1,0.75,3,3,1.0,0.894985,0.911123
ANGPT2,0.75,3,3,1.0,0.890085,0.873433
APCDD1L,0.75,3,3,1.0,0.991458,0.961795
ARFGAP2,0.75,3,3,1.0,0.991364,0.990748
ARHGDIB,0.75,3,3,1.0,0.99148,0.991447
ARL13A,0.75,3,3,1.0,0.988188,0.988525
ARMC10,0.75,3,3,1.0,0.990033,0.989495
ASAP3,0.75,3,3,1.0,0.986031,0.971729
ASMT,0.75,3,3,1.0,0.98959,0.985437
ATG101,0.75,3,3,1.0,0.979132,0.931519
ATG16L1,0.75,3,3,1.0,0.821988,0.877437
ATL1,0.75,3,3,1.0,0.861015,0.877972
ATOH1,0.75,3,3,1.0,0.989674,0.989093
ATP1A1,0.75,3,3,1.0,0.983385,0.981982
ATXN1,0.75,3,3,1.0,0.884868,0.874794
AVL9,0.75,3,3,1.0,0.991127,0.990923
BCAS3,0.75,3,3,1.0,0.991452,0.990784
BEST2,0.75,3,3,1.0,0.988023,0.985384
BPIFA1,0.75,3,3,1.0,0.977758,0.980722
BTN2A2,0.75,3,3,1.0,0.979312,0.968021
C5,0.75,3,3,1.0,0.991205,0.964719
C6orf89,0.75,3,3,1.0,0.826673,0.86423
C7orf31,0.75,3,3,1.0,0.981669,0.975278
C7orf66,0.75,3,3,1.0,0.977009,0.98055
CA10,0.75,3,3,1.0,0.873744,0.85121
CA3,0.75,3,3,1.0,0.991367,0.986646
CAB39,0.75,3,3,1.0,0.981098,0.978146
CBFA2T3,0.75,3,3,1.0,0.965253,0.964445
CBLL1,0.75,3,3,1.0,0.975129,0.925768
CCDC112,0.75,3,3,1.0,0.991402,0.956476
CCDC136,0.75,3,3,1.0,0.977484,0.969735
CCDC170,0.75,3,3,1.0,0.977311,0.965021
CCDC181,0.75,3,3,1.0,0.991438,0.991314
CCNE1,0.75,3,3,1.0,0.967638,0.910695
CCNH,0.75,3,3,1.0,0.991317,0.991339
CCNL2,0.75,3,3,1.0,0.991441,0.987894
CCNYL1,0.75,3,3,1.0,0.959518,0.960924
CCZ1,0.75,3,3,1.0,0.977679,0.981257
CD300LG,0.75,3,3,1.0,0.990562,0.977906
CD84,0.75,3,3,1.0,0.981361,0.950112
CD8A,0.75,3,3,1.0,0.975714,0.923877
CDC42BPG,0.75,3,3,1.0,0.89279,0.889529
CDK17,0.75,3,3,1.0,0.991276,0.991321
CDK20,0.75,3,3,1.0,0.832978,0.851791
CDON,0.75,3,3,1.0,0.979974,0.980314
CDYL,0.75,3,3,1.0,0.991435,0.989656
CEP41,0.75,3,3,1.0,0.991349,0.981711
CEP85,0.75,3,3,1.0,0.983152,0.980534
CERS3,0.75,3,3,1.0,0.974854,0.978632
CES1,0.75,3,3,1.0,0.973403,0.945108
CFAP161,0.75,3,3,1.0,0.946556,0.953935
CFAP300,0.75,3,3,1.0,0.989669,0.988602
CHAF1B,0.75,3,3,1.0,0.97277,0.910527
CHRNA3,0.75,3,3,1.0,0.956258,0.914561
CLCA2,0.75,3,3,1.0,0.991346,0.991383
CLEC3A,0.75,3,3,1.0,0.955342,0.958057
CLIP3,0.75,3,3,1.0,0.991341,0.988115
CLPTM1,0.75,3,3,1.0,0.986734,0.982441
CLPTM1L,0.75,3,3,1.0,0.989806,0.989613
CLVS2,0.75,3,3,1.0,0.98635,0.985443
CNGB3,0.75,3,3,1.0,0.89267,0.917005
CNOT2,0.75,3,3,1.0,0.99142,0.991429
COL13A1,0.75,3,3,1.0,0.991442,0.991277
CPA2,0.75,3,3,1.0,0.991421,0.991003
CPA5,0.75,3,3,1.0,0.979122,0.930152
CPEB2,0.75,3,3,1.0,0.982602,0.985208
CRISPLD2,0.75,3,3,1.0,0.991289,0.988564
CRTAM,0.75,3,3,1.0,0.99137,0.991363
CRYGN,0.75,3,3,1.0,0.954747,0.927194
CSE1L,0.75,3,3,1.0,0.977544,0.973652
CSN2,0.75,3,3,1.0,0.965829,0.967529
CTSL3P,0.75,3,3,1.0,0.991417,0.990026
CTTN,0.75,3,3,1.0,0.99007,0.986764
CXCL6,0.75,3,3,1.0,0.988025,0.981205
CYP27C1,0.75,3,3,1.0,0.99139,0.988921
CYP2R1,0.75,3,3,1.0,0.965668,0.967936
CYP7A1,0.75,3,3,1.0,0.956824,0.96781
CYRIA,0.75,3,3,1.0,0.979115,0.974098
CYSTM1,0.75,3,3,1.0,0.99093,0.990672
DCUN1D4,0.75,3,3,1.0,0.989744,0.982746
DENND1B,0.75,3,3,1.0,0.991242,0.974655
DGAT2,0.75,3,3,1.0,0.97492,0.977285
DIO3,0.75,3,3,1.0,0.951299,0.948963
DIP2B,0.75,3,3,1.0,0.990049,0.955892
DLD,0.75,3,3,1.0,0.990417,0.987247
DNAJC3,0.75,3,3,1.0,0.976327,0.975263
DNAJC5B,0.75,3,3,1.0,0.982332,0.960414
DNTTIP1,0.75,3,3,1.0,0.873896,0.894931
DTX3L,0.75,3,3,1.0,0.990376,0.989936
DUS4L,0.75,3,3,1.0,0.975485,0.979629
DUSP11,0.75,3,3,1.0,0.925884,0.933689
DUXA,0.75,3,3,1.0,0.978301,0.97818
DYNC2LI1,0.75,3,3,1.0,0.936419,0.931011
EBPL,0.75,3,3,1.0,0.974147,0.97312
EEFSEC,0.75,3,3,1.0,0.979202,0.931412
EIF2AK1,0.75,3,3,1.0,0.990595,0.990587
EIF4A1,0.75,3,3,1.0,0.985468,0.936039
EMILIN3,0.75,3,3,1.0,0.989676,0.989065
ENGASE,0.75,3,3,1.0,0.989839,0.987522
EPGN,0.75,3,3,1.0,0.991484,0.990592
ESRRG,0.75,3,3,1.0,0.984888,0.959255
EXTL2,0.75,3,3,1.0,0.951709,0.961234
EZH1,0.75,3,3,1.0,0.991008,0.991039
F13B,0.75,3,3,1.0,0.99142,0.99142
FAM221A,0.75,3,3,1.0,0.990804,0.964578
FBXO11,0.75,3,3,1.0,0.972402,0.960472
FBXO34,0.75,3,3,1.0,0.972786,0.943799
FCER2,0.75,3,3,1.0,0.991316,0.989194
FETUB,0.75,3,3,1.0,0.991511,0.960565
FGF14,0.75,3,3,1.0,0.98916,0.984412
FGF23,0.75,3,3,1.0,0.899572,0.913155
FGFBP1,0.75,3,3,1.0,0.98513,0.977915
FLRT2,0.75,3,3,1.0,0.85163,0.860663
FOSB,0.75,3,3,1.0,0.881012,0.911603
FPGT,0.75,3,3,1.0,0.989775,0.964294
GADL1,0.75,3,3,1.0,0.989518,0.978759
GALC,0.75,3,3,1.0,0.948227,0.947989
GALNT13,0.75,3,3,1.0,0.986016,0.983661
GALNTL5,0.75,3,3,1.0,0.991301,0.989314
GDF6,0.75,3,3,1.0,0.977615,0.963538
GDNF,0.75,3,3,1.0,0.969713,0.950818
GLYATL1,0.75,3,3,1.0,0.978916,0.977677
GNE,0.75,3,3,1.0,0.991242,0.98244
GOLIM4,0.75,3,3,1.0,0.933205,0.936409
GORAB,0.75,3,3,1.0,0.976262,0.974079
GP2,0.75,3,3,1.0,0.930354,0.926268
GPAA1,0.75,3,3,1.0,0.991411,0.986847
GPCPD1,0.75,3,3,1.0,0.99138,0.990348
GPD2,0.75,3,3,1.0,0.991335,0.991325
GPN3,0.75,3,3,1.0,0.991377,0.951094
GPR148,0.75,3,3,1.0,0.987868,0.983969
GPR156,0.75,3,3,1.0,0.990992,0.990862
GPR161,0.75,3,3,1.0,0.969462,0.969069
GPR85,0.75,3,3,1.0,0.965514,0.953883
GREB1,0.75,3,3,1.0,0.957604,0.965752
GRIA2,0.75,3,3,1.0,0.986027,0.973816
GSAP,0.75,3,3,1.0,0.965097,0.967803
GTF2IRD2B,0.75,3,3,1.0,0.980093,0.982753
H3C7,0.75,3,3,1.0,0.989588,0.985573
H4-16,0.75,3,3,1.0,0.987179,0.969012
HDAC3,0.75,3,3,1.0,0.976257,0.959712
HDGFL2,0.75,3,3,1.0,0.969252,0.929298
HINT1,0.75,3,3,1.0,0.972684,0.951943
HLCS,0.75,3,3,1.0,0.990157,0.986459
HLF,0.75,3,3,1.0,0.976399,0.974811
HRG,0.75,3,3,1.0,0.99064,0.959956
IAH1,0.75,3,3,1.0,0.955772,0.918971
ICAM4,0.75,3,3,1.0,0.97198,0.965643
IFI44,0.75,3,3,1.0,0.829802,0.883278
IFT22,0.75,3,3,1.0,0.97797,0.941822
IGHV3-35,0.75,3,3,1.0,0.919558,0.926424
IGHV3-43,0.75,3,3,1.0,0.984867,0.956696
IGHV3-48,0.75,3,3,1.0,0.944274,0.935855
IGHV3-7,0.75,3,3,1.0,0.968089,0.960892
IGHV3-73,0.75,3,3,1.0,0.96924,0.94268
IGKV1-12,0.75,3,3,1.0,0.982328,0.977585
IGKV3D-20,0.75,3,3,1.0,0.963076,0.953997
IGKV5-2,0.75,3,3,1.0,0.94205,0.95821
IL17RB,0.75,3,3,1.0,0.991278,0.912386
IL3RA,0.75,3,3,1.0,0.972181,0.964625
IL6R,0.75,3,3,1.0,0.986582,0.986019
ILDR2,0.75,3,3,1.0,0.978625,0.937312
ING1,0.75,3,3,1.0,0.932331,0.941312
IPPK,0.75,3,3,1.0,0.980895,0.980661
IQGAP1,0.75,3,3,1.0,0.877443,0.89348
ITGAL,0.75,3,3,1.0,0.989054,0.983691
ITGB3,0.75,3,3,1.0,0.991305,0.98997
JAML,0.75,3,3,1.0,0.97158,0.915375
KCNA2,0.75,3,3,1.0,0.984174,0.940048
KCNJ4,0.75,3,3,1.0,0.991514,0.981013
KCNJ8,0.75,3,3,1.0,0.976988,0.97237
KCNK3,0.75,3,3,1.0,0.961288,0.943334
KDELR1,0.75,3,3,1.0,0.982329,0.97593
KDM3A,0.75,3,3,1.0,0.99136,0.97001
KIAA1841,0.75,3,3,1.0,0.966368,0.969142
KIF3A,0.75,3,3,1.0,0.979031,0.96566
KIFC3,0.75,3,3,1.0,0.984492,0.945323
KIR2DL1,0.75,3,3,1.0,0.990551,0.982993
KIR2DS4,0.75,3,3,1.0,0.97416,0.974025
KIR3DL2,0.75,3,3,1.0,0.964603,0.958375
KITLG,0.75,3,3,1.0,0.984326,0.982764
KLC4,0.75,3,3,1.0,0.938432,0.939657
KLF11,0.75,3,3,1.0,0.934638,0.952479
KLHDC8A,0.75,3,3,1.0,0.984878,0.964138
KLHL10,0.75,3,3,1.0,0.989025,0.976111
KLHL7,0.75,3,3,1.0,0.841824,0.859659
KLHL8,0.75,3,3,1.0,0.986841,0.976482
KLRC2,0.75,3,3,1.0,0.971716,0.972088
KRT39,0.75,3,3,1.0,0.96506,0.966984
KRT6A,0.75,3,3,1.0,0.951294,0.962329
KRT6B,0.75,3,3,1.0,0.885459,0.897191
KRTAP10-4,0.75,3,3,1.0,0.991312,0.975831
KRTAP10-9,0.75,3,3,1.0,0.988857,0.984225
LAIR1,0.75,3,3,1.0,0.990851,0.987786
LCE2C,0.75,3,3,1.0,0.991341,0.987772
LCP1,0.75,3,3,1.0,0.940583,0.937464
LCTL,0.75,3,3,1.0,0.982484,0.976662
LINC02694,0.75,3,3,1.0,0.96834,0.919801
LONRF1,0.75,3,3,1.0,0.991395,0.976946
LPAR2,0.75,3,3,1.0,0.919367,0.910885
LRCH3,0.75,3,3,1.0,0.971506,0.942448
LRRC14,0.75,3,3,1.0,0.9894,0.97852
LSG1,0.75,3,3,1.0,0.989589,0.990134
LSR,0.75,3,3,1.0,0.888792,0.912463
LY96,0.75,3,3,1.0,0.965663,0.947627
MACO1,0.75,3,3,1.0,0.991443,0.991383
MAN2A1,0.75,3,3,1.0,0.987437,0.972185
MANBAL,0.75,3,3,1.0,0.986789,0.986697
MAOB,0.75,3,3,1.0,0.982815,0.913153
MAP3K14,0.75,3,3,1.0,0.972055,0.966524
MAP4,0.75,3,3,1.0,0.987395,0.985764
MAPK13,0.75,3,3,1.0,0.980769,0.981575
MARK1,0.75,3,3,1.0,0.990875,0.974431
MARK4,0.75,3,3,1.0,0.991357,0.980542
MB21D2,0.75,3,3,1.0,0.984927,0.975765
MECP2,0.75,3,3,1.0,0.978782,0.934675
MED1,0.75,3,3,1.0,0.972188,0.934104
MLXIP,0.75,3,3,1.0,0.926595,0.942993
MMP20,0.75,3,3,1.0,0.99117,0.930453
MNDA,0.75,3,3,1.0,0.987334,0.97991
MOCS3,0.75,3,3,1.0,0.941665,0.935378
MON2,0.75,3,3,1.0,0.99139,0.988622
MORN5,0.75,3,3,1.0,0.988793,0.985471
MRPL32,0.75,3,3,1.0,0.98568,0.980058
MRPS27,0.75,3,3,1.0,0.987132,0.984795
MSH3,0.75,3,3,1.0,0.991363,0.913341
MSS51,0.75,3,3,1.0,0.97804,0.981736
NAA15,0.75,3,3,1.0,0.960771,0.962219
NAALADL1,0.75,3,3,1.0,0.991301,0.971668
NAGK,0.75,3,3,1.0,0.880992,0.912469
NAP1L3,0.75,3,3,1.0,0.972778,0.936135
NDNF,0.75,3,3,1.0,0.984537,0.940494
NDUFS7,0.75,3,3,1.0,0.91162,0.894068
NKIRAS1,0.75,3,3,1.0,0.981278,0.974742
NLRP10,0.75,3,3,1.0,0.99142,0.991417
NOLC1,0.75,3,3,1.0,0.989636,0.987954
NOX1,0.75,3,3,1.0,0.98013,0.97684
NPBWR2,0.75,3,3,1.0,0.950654,0.899191
NPY4R,0.75,3,3,1.0,0.957217,0.8997
NR1I3,0.75,3,3,1.0,0.991272,0.958877
NUCB1,0.75,3,3,1.0,0.940254,0.917597
NUP62,0.75,3,3,1.0,0.947943,0.90881
OASL,0.75,3,3,1.0,0.989834,0.986726
OCM2,0.75,3,3,1.0,0.931644,0.94187
ODF2,0.75,3,3,1.0,0.982693,0.978687
ODF3,0.75,3,3,1.0,0.899039,0.891698
OIT3,0.75,3,3,1.0,0.990329,0.962334
OR11H12,0.75,3,3,1.0,0.990179,0.983879
OR13D1,0.75,3,3,1.0,0.989245,0.98601
OR1D5,0.75,3,3,1.0,0.982941,0.983071
OR1E2,0.75,3,3,1.0,0.991373,0.970985
OR2A2,0.75,3,3,1.0,0.990428,0.98953
OR2D2,0.75,3,3,1.0,0.979894,0.959098
OR2L2,0.75,3,3,1.0,0.990323,0.935658
OR2L3,0.75,3,3,1.0,0.987283,0.974206
OR4C3,0.75,3,3,1.0,0.934721,0.906336
OR51A4,0.75,3,3,1.0,0.97513,0.973856
OR52I2,0.75,3,3,1.0,0.965038,0.940002
OR5F1,0.75,3,3,1.0,0.977918,0.948537
OR6C75,0.75,3,3,1.0,0.968098,0.969872
OR6Q1,0.75,3,3,1.0,0.971397,0.95575
OR6V1,0.75,3,3,1.0,0.975517,0.975328
OR7D2,0.75,3,3,1.0,0.991358,0.983185
OR8B3,0.75,3,3,1.0,0.991306,0.986625
OR8U1,0.75,3,3,1.0,0.990458,0.990477
ORC5,0.75,3,3,1.0,0.947827,0.941669
OSER1,0.75,3,3,1.0,0.989928,0.986354
OSGIN2,0.75,3,3,1.0,0.988922,0.98842
OSR1,0.75,3,3,1.0,0.911612,0.8621
OVOL2,0.75,3,3,1.0,0.970506,0.965979
OXA1L,0.75,3,3,1.0,0.978883,0.982247
P2RX7,0.75,3,3,1.0,0.991437,0.983867
PARD6B,0.75,3,3,1.0,0.99145,0.98902
PARP14,0.75,3,3,1.0,0.990072,0.98243
PARP2,0.75,3,3,1.0,0.949104,0.928218
PAX4,0.75,3,3,1.0,0.978982,0.973363
PCDHB8,0.75,3,3,1.0,0.982207,0.967045
PCDHGC4,0.75,3,3,1.0,0.982666,0.943315
PCYOX1L,0.75,3,3,1.0,0.990988,0.92572
PDE5A,0.75,3,3,1.0,0.984073,0.964067
PDGFRL,0.75,3,3,1.0,0.893417,0.889226
PDHA1,0.75,3,3,1.0,0.968391,0.914966
PELI2,0.75,3,3,1.0,0.890706,0.878694
PFKP,0.75,3,3,1.0,0.991447,0.991411
PGM3,0.75,3,3,1.0,0.925955,0.895496
PGPEP1,0.75,3,3,1.0,0.978308,0.980365
PHACTR2,0.75,3,3,1.0,0.98879,0.961572
PHLDB1,0.75,3,3,1.0,0.989675,0.989561
PLCXD1,0.75,3,3,1.0,0.973965,0.916488
PLPPR2,0.75,3,3,1.0,0.987163,0.987799
POLR1B,0.75,3,3,1.0,0.981061,0.922826
PPEF1,0.75,3,3,1.0,0.929919,0.920149
PPM1J,0.75,3,3,1.0,0.983863,0.982231
PRAMEF1,0.75,3,3,1.0,0.991479,0.990861
PRCP,0.75,3,3,1.0,0.967226,0.949448
PREP,0.75,3,3,1.0,0.837193,0.870936
PREPL,0.75,3,3,1.0,0.96624,0.966493
PRKAA2,0.75,3,3,1.0,0.990462,0.989732
PRKG1,0.75,3,3,1.0,0.965869,0.944771
PRODH2,0.75,3,3,1.0,0.977902,0.968696
PSMD12,0.75,3,3,1.0,0.984446,0.943916
PSPH,0.75,3,3,1.0,0.991381,0.984393
PTCD1,0.75,3,3,1.0,0.9912,0.989526
PTGS2,0.75,3,3,1.0,0.991457,0.934686
PTPN12,0.75,3,3,1.0,0.980852,0.981854
PVR,0.75,3,3,1.0,0.978312,0.909915
PYGL,0.75,3,3,1.0,0.898914,0.891136
QARS1,0.75,3,3,1.0,0.991475,0.991111
RAB3C,0.75,3,3,1.0,0.969363,0.94553
RAD23B,0.75,3,3,1.0,0.936707,0.939413
RAE1,0.75,3,3,1.0,0.991348,0.991349
RALGAPB,0.75,3,3,1.0,0.925625,0.927461
RAMP3,0.75,3,3,1.0,0.991044,0.988611
RAPGEF3,0.75,3,3,1.0,0.990286,0.989709
RAPGEF4,0.75,3,3,1.0,0.980194,0.924215
RBBP5,0.75,3,3,1.0,0.976556,0.969161
RBM28,0.75,3,3,1.0,0.960626,0.927487
RGL3,0.75,3,3,1.0,0.991374,0.991381
RINT1,0.75,3,3,1.0,0.97903,0.982513
RNASE10,0.75,3,3,1.0,0.974475,0.961952
RND3,0.75,3,3,1.0,0.953936,0.936887
RNF128,0.75,3,3,1.0,0.922962,0.939165
RNF144A,0.75,3,3,1.0,0.991503,0.94757
RNF214,0.75,3,3,1.0,0.991431,0.991447
RPL30,0.75,3,3,1.0,0.967158,0.968668
RRAGD,0.75,3,3,1.0,0.985625,0.972481
RSPRY1,0.75,3,3,1.0,0.991264,0.990711
RTBDN,0.75,3,3,1.0,0.978784,0.97853
RTN4IP1,0.75,3,3,1.0,0.982326,0.96492
RTRAF,0.75,3,3,1.0,0.987338,0.986819
RUNX1,0.75,3,3,1.0,0.985713,0.921347
RYBP,0.75,3,3,1.0,0.975501,0.964952
SASS6,0.75,3,3,1.0,0.9914,0.991326
SDAD1,0.75,3,3,1.0,0.991344,0.989619
SEC24D,0.75,3,3,1.0,0.974142,0.978044
SEC61A2,0.75,3,3,1.0,0.978949,0.98128
SENP6,0.75,3,3,1.0,0.955745,0.954454
SEPTIN10,0.75,3,3,1.0,0.960257,0.960976
SEPTIN12,0.75,3,3,1.0,0.975503,0.962904
SESN1,0.75,3,3,1.0,0.969985,0.919926
SFMBT2,0.75,3,3,1.0,0.990496,0.989052
SHLD1,0.75,3,3,1.0,0.971793,0.95971
SIGLEC1,0.75,3,3,1.0,0.942558,0.935948
SIK3,0.75,3,3,1.0,0.900667,0.906874
SIL1,0.75,3,3,1.0,0.991278,0.986572
SLC12A9,0.75,3,3,1.0,0.989904,0.986952
SLC13A1,0.75,3,3,1.0,0.984595,0.981396
SLC1A1,0.75,3,3,1.0,0.976399,0.943431
SLC25A14,0.75,3,3,1.0,0.991431,0.979057
SLC2A12,0.75,3,3,1.0,0.973439,0.960607
SLC2A13,0.75,3,3,1.0,0.990388,0.956784
SLC36A3,0.75,3,3,1.0,0.938445,0.923203
SLC38A10,0.75,3,3,1.0,0.965081,0.945332
SLC39A8,0.75,3,3,1.0,0.991271,0.95591
SLC5A3,0.75,3,3,1.0,0.99099,0.98642
SLC7A10,0.75,3,3,1.0,0.991073,0.986352
SLC8A1,0.75,3,3,1.0,0.969807,0.95921
SLX4IP,0.75,3,3,1.0,0.989653,0.987942
SMC4,0.75,3,3,1.0,0.989862,0.965157
SMG5,0.75,3,3,1.0,0.980848,0.981679
SMPDL3B,0.75,3,3,1.0,0.991468,0.991251
SNX19,0.75,3,3,1.0,0.991512,0.991211
SNX27,0.75,3,3,1.0,0.99129,0.989139
SOAT1,0.75,3,3,1.0,0.990749,0.979988
SPDL1,0.75,3,3,1.0,0.991451,0.981834
SPDYE1,0.75,3,3,1.0,0.970101,0.952005
SPRYD4,0.75,3,3,1.0,0.920865,0.910815
SPTLC1,0.75,3,3,1.0,0.991472,0.991465
SSRP1,0.75,3,3,1.0,0.963736,0.91769
STAP1,0.75,3,3,1.0,0.986021,0.980967
STARD3NL,0.75,3,3,1.0,0.991385,0.986852
STAU2,0.75,3,3,1.0,0.976821,0.953384
STIL,0.75,3,3,1.0,0.983821,0.909569
STK39,0.75,3,3,1.0,0.917351,0.92084
SUPT20HL1,0.75,3,3,1.0,0.899482,0.912292
TBC1D3B,0.75,3,3,1.0,0.991217,0.989478
TBP,0.75,3,3,1.0,0.988643,0.973183
TBX6,0.75,3,3,1.0,0.988648,0.986102
TCAF1,0.75,3,3,1.0,0.990691,0.990044
TCEAL5,0.75,3,3,1.0,0.991277,0.974935
TCEAL6,0.75,3,3,1.0,0.928474,0.942622
TCERG1,0.75,3,3,1.0,0.991273,0.969788
TDO2,0.75,3,3,1.0,0.973116,0.963928
TERB2,0.75,3,3,1.0,0.958039,0.945826
TEX10,0.75,3,3,1.0,0.923958,0.924234
TEX101,0.75,3,3,1.0,0.983421,0.979044
TEX29,0.75,3,3,1.0,0.988069,0.988461
TEX55,0.75,3,3,1.0,0.99141,0.97953
TFAP2B,0.75,3,3,1.0,0.98776,0.919432
TIMM44,0.75,3,3,1.0,0.955814,0.955542
TJAP1,0.75,3,3,1.0,0.878592,0.900015
TM4SF20,0.75,3,3,1.0,0.971569,0.95877
TM7SF2,0.75,3,3,1.0,0.97984,0.980273
TMEM144,0.75,3,3,1.0,0.990259,0.959162
TMEM181,0.75,3,3,1.0,0.97339,0.974227
TMEM200C,0.75,3,3,1.0,0.991318,0.990301
TMEM38A,0.75,3,3,1.0,0.978926,0.954475
TMEM45B,0.75,3,3,1.0,0.991277,0.987874
TMPRSS11E,0.75,3,3,1.0,0.970192,0.970717
TMTC4,0.75,3,3,1.0,0.918808,0.93284
TNFAIP8L3,0.75,3,3,1.0,0.964549,0.959633
TPH1,0.75,3,3,1.0,0.991479,0.989471
TPST1,0.75,3,3,1.0,0.961709,0.964559
TRAM1L1,0.75,3,3,1.0,0.918664,0.885377
TRBV3-1,0.75,3,3,1.0,0.990568,0.98425
TRBV4-1,0.75,3,3,1.0,0.991397,0.984047
TRHR,0.75,3,3,1.0,0.991098,0.97287
TRIM27,0.75,3,3,1.0,0.988646,0.919408
TRIM65,0.75,3,3,1.0,0.984083,0.975317
TRMT10B,0.75,3,3,1.0,0.974265,0.971312
TRO,0.75,3,3,1.0,0.991463,0.991211
TSPAN12,0.75,3,3,1.0,0.989881,0.976351
TTPAL,0.75,3,3,1.0,0.9621,0.96899
TUBA1C,0.75,3,3,1.0,0.970946,0.975013
TUBA4A,0.75,3,3,1.0,0.988742,0.968304
TULP1,0.75,3,3,1.0,0.989524,0.957674
TUT7,0.75,3,3,1.0,0.990435,0.990662
TXNIP,0.75,3,3,1.0,0.976069,0.980329
UBE3D,0.75,3,3,1.0,0.971754,0.971038
UBQLNL,0.75,3,3,1.0,0.964932,0.924114
UBR3,0.75,3,3,1.0,0.908224,0.923315
UGT2A2,0.75,3,3,1.0,0.989098,0.983857
USP14,0.75,3,3,1.0,0.991336,0.949325
VAV3,0.75,3,3,1.0,0.973944,0.930547
VEPH1,0.75,3,3,1.0,0.987234,0.98839
VN1R4,0.75,3,3,1.0,0.973164,0.976595
VWC2,0.75,3,3,1.0,0.991244,0.917833
WAPL,0.75,3,3,1.0,0.991368,0.989341
WASF3,0.75,3,3,1.0,0.973318,0.970205
WDR35,0.75,3,3,1.0,0.978858,0.982509
WDR92,0.75,3,3,1.0,0.960289,0.967331
WNT4,0.75,3,3,1.0,0.986952,0.953381
YTHDF2,0.75,3,3,1.0,0.95507,0.939593
ZBBX,0.75,3,3,1.0,0.986453,0.986856
ZC3H7A,0.75,3,3,1.0,0.990172,0.948108
ZKSCAN1,0.75,3,3,1.0,0.991141,0.99056
ZKSCAN3,0.75,3,3,1.0,0.98602,0.97242
ZNF112,0.75,3,3,1.0,0.979671,0.979962
ZNF14,0.75,3,3,1.0,0.99099,0.989826
ZNF205,0.75,3,3,1.0,0.973718,0.973144
ZNF3,0.75,3,3,1.0,0.990811,0.990591
ZNF347,0.75,3,3,1.0,0.990743,0.989581
ZNF366,0.75,3,3,1.0,0.972803,0.960204
ZNF417,0.75,3,3,1.0,0.985357,0.984778
ZNF473,0.75,3,3,1.0,0.990901,0.966751
ZNF578,0.75,3,3,1.0,0.987999,0.987288
ZNF630,0.75,3,3,1.0,0.960288,0.966315
ZNF662,0.75,3,3,1.0,0.965836,0.936245
ZNF700,0.75,3,3,1.0,0.893857,0.921745
ZNF768,0.75,3,3,1.0,0.99145,0.990802
ZNF77,0.75,3,3,1.0,0.965141,0.961337
ZNF875,0.75,3,3,1.0,0.991141,0.986768
ZPBP2,0.75,3,3,1.0,0.988543,0.977005
ZYX,0.75,3,3,1.0,0.972782,0.959575
ACP3,0.75,4,3,0.75,0.95874,0.820635
ACTBL2,0.75,4,3,0.75,0.910002,0.817564
ACVR1C,0.75,4,3,0.75,0.93822,0.717382
ADAM9,0.75,4,3,0.75,0.952379,0.898683
ADCY2,0.75,4,3,0.75,0.965522,0.73621
AGFG1,0.75,4,3,0.75,0.920334,0.712905
AGPAT4,0.75,4,3,0.75,0.929712,0.712696
AGTPBP1,0.75,4,3,0.75,0.972918,0.826288
AKAP17A,0.75,4,3,0.75,0.951111,0.811431
ALDH3B2,0.75,4,3,0.75,0.893007,0.812157
ANGEL2,0.75,4,3,0.75,0.918734,0.707217
ANO9,0.75,4,3,0.75,0.986562,0.751669
AQP9,0.75,4,3,0.75,0.983456,0.851856
ARHGAP18,0.75,4,3,0.75,0.981518,0.73863
ARHGAP29,0.75,4,3,0.75,0.991016,0.751003
ARHGAP5,0.75,4,3,0.75,0.88257,0.833835
ARHGEF19,0.75,4,3,0.75,0.960392,0.879487
ARHGEF40,0.75,4,3,0.75,0.898836,0.832631
ARMC6,0.75,4,3,0.75,0.941499,0.802129
ART4,0.75,4,3,0.75,0.884741,0.746894
ASB15,0.75,4,3,0.75,0.988753,0.898018
ATP13A5,0.75,4,3,0.75,0.974313,0.734423
ATP1A4,0.75,4,3,0.75,0.972578,0.780814
ATP2B4,0.75,4,3,0.75,0.986724,0.911909
ATP6V0A1,0.75,4,3,0.75,0.972798,0.751464
BCL6B,0.75,4,3,0.75,0.81471,0.742843
BCL9,0.75,4,3,0.75,0.834878,0.665092
BEST3,0.75,4,3,0.75,0.987556,0.886695
BICC1,0.75,4,3,0.75,0.988225,0.787195
BTBD9,0.75,4,3,0.75,0.913116,0.760599
BTK,0.75,4,3,0.75,0.900782,0.697189
BUB1,0.75,4,3,0.75,0.860868,0.677704
C10orf90,0.75,4,3,0.75,0.941941,0.719624
CA8,0.75,4,3,0.75,0.868596,0.678873
CARM1,0.75,4,3,0.75,0.98988,0.742754
CASD1,0.75,4,3,0.75,0.98613,0.808584
CCAR2,0.75,4,3,0.75,0.881343,0.688461
CCDC173,0.75,4,3,0.75,0.971372,0.813488
CCDC27,0.75,4,3,0.75,0.979227,0.775002
CCDC6,0.75,4,3,0.75,0.990172,0.883227
CCDC66,0.75,4,3,0.75,0.896468,0.696104
CCDC7,0.75,4,3,0.75,0.981049,0.738336
CCL14,0.75,4,3,0.75,0.950123,0.869632
CCT6B,0.75,4,3,0.75,0.991035,0.826015
CDC42BPB,0.75,4,3,0.75,0.962346,0.729037
CDH13,0.75,4,3,0.75,0.901413,0.698557
CDH16,0.75,4,3,0.75,0.980019,0.860178
CDKAL1,0.75,4,3,0.75,0.859387,0.677708
CELF5,0.75,4,3,0.75,0.943572,0.715136
CEP135,0.75,4,3,0.75,0.976478,0.911703
CEP164,0.75,4,3,0.75,0.991066,0.7434
CEP290,0.75,4,3,0.75,0.954023,0.724888
CHST1,0.75,4,3,0.75,0.969221,0.732441
CKAP2,0.75,4,3,0.75,0.950626,0.811112
CKMT1B,0.75,4,3,0.75,0.842649,0.852869
CLU,0.75,4,3,0.75,0.98602,0.779269
CNTRL,0.75,4,3,0.75,0.986523,0.913543
COL10A1,0.75,4,3,0.75,0.933012,0.791643
COLGALT2,0.75,4,3,0.75,0.989862,0.750713
COPG1,0.75,4,3,0.75,0.973146,0.855562
COPG2,0.75,4,3,0.75,0.959398,0.840288
CPNE4,0.75,4,3,0.75,0.907819,0.78913
CPXCR1,0.75,4,3,0.75,0.953637,0.721011
CSPP1,0.75,4,3,0.75,0.977582,0.736667
CXADR,0.75,4,3,0.75,0.833205,0.714863
CXXC1,0.75,4,3,0.75,0.853444,0.749233
CYP11B1,0.75,4,3,0.75,0.907548,0.867824
CYP1A2,0.75,4,3,0.75,0.900424,0.867661
CYP2D6,0.75,4,3,0.75,0.910685,0.700875
DAB2IP,0.75,4,3,0.75,0.989751,0.742673
DAGLA,0.75,4,3,0.75,0.978541,0.876701
DDX10,0.75,4,3,0.75,0.983481,0.805475
DDX54,0.75,4,3,0.75,0.989166,0.742445
DGCR2,0.75,4,3,0.75,0.949654,0.722645
DHX40,0.75,4,3,0.75,0.989377,0.772841
DIABLO,0.75,4,3,0.75,0.930864,0.812944
DMTF1,0.75,4,3,0.75,0.934474,0.773784
DNAJB8,0.75,4,3,0.75,0.97768,0.834825
DNAJC1,0.75,4,3,0.75,0.977542,0.899975
DNAJC2,0.75,4,3,0.75,0.98394,0.739822
DNM1,0.75,4,3,0.75,0.873367,0.684552
DNMT3B,0.75,4,3,0.75,0.853655,0.67988
DRD2,0.75,4,3,0.75,0.982008,0.825048
DYRK4,0.75,4,3,0.75,0.985245,0.749761
DZANK1,0.75,4,3,0.75,0.991351,0.779637
EBF3,0.75,4,3,0.75,0.97984,0.883347
EEF1AKMT4-ECE2,0.75,4,3,0.75,0.991429,0.743715
EEF2K,0.75,4,3,0.75,0.92241,0.709187
EIF3M,0.75,4,3,0.75,0.973137,0.846335
ELOVL2,0.75,4,3,0.75,0.990684,0.818681
ELOVL4,0.75,4,3,0.75,0.944718,0.871475
ENC1,0.75,4,3,0.75,0.777568,0.702299
ERAP2,0.75,4,3,0.75,0.97126,0.733741
ESCO1,0.75,4,3,0.75,0.987058,0.873281
ETAA1,0.75,4,3,0.75,0.965321,0.824114
ETS1,0.75,4,3,0.75,0.981821,0.806579
EVC,0.75,4,3,0.75,0.981554,0.738654
FARSA,0.75,4,3,0.75,0.986829,0.741178
FASTKD5,0.75,4,3,0.75,0.909635,0.766084
FBP2,0.75,4,3,0.75,0.971591,0.740565
FEZ2,0.75,4,3,0.75,0.960025,0.7275
FGFR3,0.75,4,3,0.75,0.919532,0.707629
FGG,0.75,4,3,0.75,0.918792,0.863087
FGL1,0.75,4,3,0.75,0.904836,0.777891
FOLH1,0.75,4,3,0.75,0.933257,0.857077
G3BP2,0.75,4,3,0.75,0.976461,0.738092
GARRE1,0.75,4,3,0.75,0.990499,0.894785
GBP1,0.75,4,3,0.75,0.826339,0.749169
GCK,0.75,4,3,0.75,0.98829,0.779618
GIGYF2,0.75,4,3,0.75,0.933775,0.710389
GIMAP8,0.75,4,3,0.75,0.986546,0.90294
GIPC1,0.75,4,3,0.75,0.983722,0.759049
GK2,0.75,4,3,0.75,0.952381,0.724116
GLIPR1,0.75,4,3,0.75,0.927037,0.753869
GLP1R,0.75,4,3,0.75,0.892308,0.688955
GLYCTK,0.75,4,3,0.75,0.967232,0.744773
GNGT2,0.75,4,3,0.75,0.964831,0.801789
GOLM1,0.75,4,3,0.75,0.972954,0.734342
GPR45,0.75,4,3,0.75,0.948068,0.717839
GPR50,0.75,4,3,0.75,0.917716,0.705547
GPR61,0.75,4,3,0.75,0.961706,0.78414
GPRIN2,0.75,4,3,0.75,0.975983,0.83627
GPS1,0.75,4,3,0.75,0.972575,0.7802
GRK2,0.75,4,3,0.75,0.947432,0.772437
GSDMA,0.75,4,3,0.75,0.958115,0.816742
GTF2IRD1,0.75,4,3,0.75,0.955722,0.747859
HAS2,0.75,4,3,0.75,0.947514,0.90041
HASPIN,0.75,4,3,0.75,0.936049,0.876242
HCN2,0.75,4,3,0.75,0.986311,0.741031
HCRTR1,0.75,4,3,0.75,0.926582,0.892813
HDAC1,0.75,4,3,0.75,0.877471,0.83966
HERPUD2,0.75,4,3,0.75,0.985235,0.740753
HMBOX1,0.75,4,3,0.75,0.99132,0.767871
HNF1A,0.75,4,3,0.75,0.977333,0.848273
HPN,0.75,4,3,0.75,0.989924,0.87951
HR,0.75,4,3,0.75,0.956895,0.726483
HS3ST3A1,0.75,4,3,0.75,0.914724,0.841491
HSF2,0.75,4,3,0.75,0.978655,0.893825
HTR1F,0.75,4,3,0.75,0.933912,0.805487
IFIT5,0.75,4,3,0.75,0.959186,0.817188
IGF2BP3,0.75,4,3,0.75,0.945085,0.723184
IL1RL1,0.75,4,3,0.75,0.891026,0.744506
IL2RA,0.75,4,3,0.75,0.898978,0.727673
IL4I1,0.75,4,3,0.75,0.950608,0.723165
IL7R,0.75,4,3,0.75,0.991417,0.755062
INTS10,0.75,4,3,0.75,0.895693,0.830819
IPP,0.75,4,3,0.75,0.961069,0.736045
IQUB,0.75,4,3,0.75,0.888259,0.806004
IRAK4,0.75,4,3,0.75,0.983999,0.875897
ISLR,0.75,4,3,0.75,0.84123,0.798006
KCNC4,0.75,4,3,0.75,0.950925,0.751964
KCNH2,0.75,4,3,0.75,0.90988,0.808665
KCNS3,0.75,4,3,0.75,0.84871,0.838776
KCTD19,0.75,4,3,0.75,0.906306,0.74694
KIF13A,0.75,4,3,0.75,0.98919,0.742444
KIF21B,0.75,4,3,0.75,0.959626,0.727509
KLHL38,0.75,4,3,0.75,0.990664,0.7851
KRT12,0.75,4,3,0.75,0.912346,0.701041
KRT33B,0.75,4,3,0.75,0.978294,0.899288
LAMP3,0.75,4,3,0.75,0.980345,0.876326
LEO1,0.75,4,3,0.75,0.924842,0.879766
LGALS14,0.75,4,3,0.75,0.96514,0.881255
LHFPL1,0.75,4,3,0.75,0.94959,0.720461
LPP,0.75,4,3,0.75,0.871255,0.687458
LYN,0.75,4,3,0.75,0.977052,0.75665
MALT1,0.75,4,3,0.75,0.988266,0.791669
MAMDC2,0.75,4,3,0.75,0.969936,0.733178
MAP6,0.75,4,3,0.75,0.905073,0.785309
MAP9,0.75,4,3,0.75,0.973243,0.734217
MAPK9,0.75,4,3,0.75,0.896115,0.806952
MARCHF6,0.75,4,3,0.75,0.985004,0.881295
MC2R,0.75,4,3,0.75,0.837657,0.811661
MCCC1,0.75,4,3,0.75,0.988162,0.748287
MCOLN1,0.75,4,3,0.75,0.903554,0.699748
MEIS3,0.75,4,3,0.75,0.962491,0.785369
MEST,0.75,4,3,0.75,0.991344,0.79795
MFN1,0.75,4,3,0.75,0.94459,0.729312
MIDEAS,0.75,4,3,0.75,0.95474,0.723792
MIER3,0.75,4,3,0.75,0.979228,0.737441
MINDY4,0.75,4,3,0.75,0.944818,0.90069
MLH3,0.75,4,3,0.75,0.853632,0.694369
MMP9,0.75,4,3,0.75,0.973879,0.734851
MMS22L,0.75,4,3,0.75,0.942077,0.887375
MROH7,0.75,4,3,0.75,0.856567,0.819206
MS4A6A,0.75,4,3,0.75,0.907148,0.829192
MTMR2,0.75,4,3,0.75,0.988157,0.782768
MX1,0.75,4,3,0.75,0.936688,0.816207
MYCBPAP,0.75,4,3,0.75,0.986343,0.901752
MYF5,0.75,4,3,0.75,0.924244,0.867446
MYRF,0.75,4,3,0.75,0.899693,0.697961
NBEAL1,0.75,4,3,0.75,0.845499,0.667325
NCR1,0.75,4,3,0.75,0.874044,0.671138
NECAB1,0.75,4,3,0.75,0.969977,0.732642
NFXL1,0.75,4,3,0.75,0.869449,0.770926
NINL,0.75,4,3,0.75,0.879892,0.793148
NSUN5,0.75,4,3,0.75,0.945577,0.863085
NUP107,0.75,4,3,0.75,0.945941,0.75966
NXPH1,0.75,4,3,0.75,0.959625,0.895402
OPCML,0.75,4,3,0.75,0.895304,0.831867
OPRL1,0.75,4,3,0.75,0.972242,0.739187
OR10H1,0.75,4,3,0.75,0.99123,0.870388
OR10V1,0.75,4,3,0.75,0.975714,0.890864
OR2F2,0.75,4,3,0.75,0.969224,0.806716
OR2L8,0.75,4,3,0.75,0.890046,0.857676
OR2T1,0.75,4,3,0.75,0.98968,0.822527
OR2T27,0.75,4,3,0.75,0.957308,0.722868
OR4N2,0.75,4,3,0.75,0.904864,0.699968
OR4Q3,0.75,4,3,0.75,0.957347,0.721668
OR52E8,0.75,4,3,0.75,0.991407,0.870413
OR52H1,0.75,4,3,0.75,0.841028,0.714746
OR5K2,0.75,4,3,0.75,0.989184,0.821049
OR5L2,0.75,4,3,0.75,0.889573,0.706106
OR5M8,0.75,4,3,0.75,0.906308,0.701021
OR6C3,0.75,4,3,0.75,0.983968,0.841454
OR8A1,0.75,4,3,0.75,0.975634,0.905655
OR8G2P,0.75,4,3,0.75,0.975534,0.737113
OR9A4,0.75,4,3,0.75,0.972394,0.734282
OSBP,0.75,4,3,0.75,0.935992,0.792747
OSBPL6,0.75,4,3,0.75,0.905644,0.706525
P3H2,0.75,4,3,0.75,0.940345,0.718921
PCDHB2,0.75,4,3,0.75,0.866992,0.692537
PCIF1,0.75,4,3,0.75,0.91438,0.73316
PCYT1A,0.75,4,3,0.75,0.990637,0.808565
PFKL,0.75,4,3,0.75,0.85394,0.674777
PGGHG,0.75,4,3,0.75,0.907799,0.75474
PHF21A,0.75,4,3,0.75,0.913523,0.827464
PHKB,0.75,4,3,0.75,0.94912,0.797426
PIAS3,0.75,4,3,0.75,0.980216,0.797168
PIK3CD,0.75,4,3,0.75,0.956779,0.774602
PIP5K1B,0.75,4,3,0.75,0.976281,0.777895
PLIN2,0.75,4,3,0.75,0.918818,0.794298
PNLDC1,0.75,4,3,0.75,0.92798,0.752411
PON3,0.75,4,3,0.75,0.961319,0.740562
PPAN-P2RY11,0.75,4,3,0.75,0.908194,0.723975
PPARGC1A,0.75,4,3,0.75,0.976113,0.792284
PPFIA1,0.75,4,3,0.75,0.845324,0.792325
PPIP5K2,0.75,4,3,0.75,0.932239,0.71416
PRDM1,0.75,4,3,0.75,0.93811,0.7153
PRICKLE2,0.75,4,3,0.75,0.849548,0.681591
PRKAR2B,0.75,4,3,0.75,0.981401,0.744379
PROC,0.75,4,3,0.75,0.933446,0.749687
PSG9,0.75,4,3,0.75,0.828591,0.789032
PSME4,0.75,4,3,0.75,0.967614,0.748041
PTGER3,0.75,4,3,0.75,0.91274,0.780457
PTPDC1,0.75,4,3,0.75,0.846782,0.832908
QKI,0.75,4,3,0.75,0.840803,0.772567
RAB40A,0.75,4,3,0.75,0.961003,0.729639
RAB4B,0.75,4,3,0.75,0.964387,0.853811
RAD51C,0.75,4,3,0.75,0.980347,0.737317
RAD54B,0.75,4,3,0.75,0.966437,0.745827
RASGRP2,0.75,4,3,0.75,0.972839,0.73427
RASSF6,0.75,4,3,0.75,0.982132,0.738936
RBM15,0.75,4,3,0.75,0.963301,0.8212
RBM33,0.75,4,3,0.75,0.910692,0.70074
RDH8,0.75,4,3,0.75,0.899786,0.806865
RFPL1,0.75,4,3,0.75,0.863228,0.726327
RFWD3,0.75,4,3,0.75,0.895216,0.798944
RGS3,0.75,4,3,0.75,0.954378,0.724973
RIPK2,0.75,4,3,0.75,0.99135,0.743948
RNF20,0.75,4,3,0.75,0.979876,0.85355
RP2,0.75,4,3,0.75,0.861915,0.734798
RPAP1,0.75,4,3,0.75,0.962466,0.73009
RPS6KB1,0.75,4,3,0.75,0.813385,0.737249
RTEL1,0.75,4,3,0.75,0.985751,0.842267
SAP130,0.75,4,3,0.75,0.978254,0.867891
SATB1,0.75,4,3,0.75,0.937382,0.715146
SCNN1D,0.75,4,3,0.75,0.97401,0.764958
SEC16B,0.75,4,3,0.75,0.866947,0.794768
SEC31B,0.75,4,3,0.75,0.97128,0.786481
SEMA5B,0.75,4,3,0.75,0.96587,0.770945
SERPINB8,0.75,4,3,0.75,0.878735,0.687244
SERPINE1,0.75,4,3,0.75,0.982306,0.776962
SETD3,0.75,4,3,0.75,0.911493,0.840866
SETD7,0.75,4,3,0.75,0.845228,0.764921
SFXN1,0.75,4,3,0.75,0.957515,0.827911
SGCZ,0.75,4,3,0.75,0.989897,0.805888
SGK1,0.75,4,3,0.75,0.880608,0.683299
SGSM3,0.75,4,3,0.75,0.881968,0.688848
SH3PXD2B,0.75,4,3,0.75,0.842114,0.661151
SH3RF2,0.75,4,3,0.75,0.88146,0.8132
SH3YL1,0.75,4,3,0.75,0.928042,0.864453
SIGLEC5,0.75,4,3,0.75,0.983156,0.813694
SIMC1,0.75,4,3,0.75,0.928936,0.78649
SIRT3,0.75,4,3,0.75,0.897744,0.755677
SKA2,0.75,4,3,0.75,0.902486,0.690068
SLC10A4,0.75,4,3,0.75,0.899821,0.858483
SLC15A2,0.75,4,3,0.75,0.861223,0.833759
SLC17A5,0.75,4,3,0.75,0.980532,0.738016
SLC18A3,0.75,4,3,0.75,0.957037,0.726347
SLC20A2,0.75,4,3,0.75,0.957687,0.727675
SLC26A2,0.75,4,3,0.75,0.990225,0.749144
SLC26A8,0.75,4,3,0.75,0.87261,0.772787
SLC27A1,0.75,4,3,0.75,0.928559,0.712158
SLC28A1,0.75,4,3,0.75,0.861312,0.787694
SLC2A4,0.75,4,3,0.75,0.921663,0.802101
SLC44A1,0.75,4,3,0.75,0.941757,0.718967
SLC44A3,0.75,4,3,0.75,0.978215,0.747712
SLC5A4,0.75,4,3,0.75,0.903253,0.699505
SLC6A1,0.75,4,3,0.75,0.984505,0.740124
SLC7A13,0.75,4,3,0.75,0.921997,0.708824
SLC9A1,0.75,4,3,0.75,0.959573,0.737478
SLCO4A1,0.75,4,3,0.75,0.854705,0.675223
SLMAP,0.75,4,3,0.75,0.977038,0.736175
SLTM,0.75,4,3,0.75,0.936337,0.775811
SMC2,0.75,4,3,0.75,0.956777,0.756239
SNCAIP,0.75,4,3,0.75,0.906316,0.701001
SNX9,0.75,4,3,0.75,0.946609,0.799553
SOGA3,0.75,4,3,0.75,0.97453,0.905124
SP3,0.75,4,3,0.75,0.923942,0.857973
SPATA22,0.75,4,3,0.75,0.911366,0.7282
SPECC1,0.75,4,3,0.75,0.97596,0.851109
SPIC,0.75,4,3,0.75,0.988147,0.83592
SPINT1,0.75,4,3,0.75,0.919908,0.854749
SPOCK1,0.75,4,3,0.75,0.931013,0.735351
SPRY3,0.75,4,3,0.75,0.874574,0.695165
SRPRA,0.75,4,3,0.75,0.879104,0.68424
SRRT,0.75,4,3,0.75,0.789359,0.707363
STAT1,0.75,4,3,0.75,0.948796,0.811588
STXBP2,0.75,4,3,0.75,0.91314,0.801387
SUV39H2,0.75,4,3,0.75,0.926692,0.728022
SYT12,0.75,4,3,0.75,0.979232,0.829724
SYT6,0.75,4,3,0.75,0.988488,0.826097
TAF7L,0.75,4,3,0.75,0.867516,0.675785
TAOK1,0.75,4,3,0.75,0.990205,0.928911
TAPT1,0.75,4,3,0.75,0.991266,0.757286
TAS2R9,0.75,4,3,0.75,0.986907,0.780335
TET2,0.75,4,3,0.75,0.954162,0.909372
THRAP3,0.75,4,3,0.75,0.991418,0.895338
TINAG,0.75,4,3,0.75,0.960016,0.839831
TINF2,0.75,4,3,0.75,0.909173,0.698819
TJP2,0.75,4,3,0.75,0.990085,0.74322
TKTL1,0.75,4,3,0.75,0.961364,0.737601
TLR3,0.75,4,3,0.75,0.89969,0.821663
TMEM104,0.75,4,3,0.75,0.961893,0.793117
TMEM215,0.75,4,3,0.75,0.978976,0.919214
TMEM94,0.75,4,3,0.75,0.936399,0.8252
TNKS1BP1,0.75,4,3,0.75,0.905301,0.743183
TOP1MT,0.75,4,3,0.75,0.990854,0.743293
TOP2A,0.75,4,3,0.75,0.978493,0.737103
TOPBP1,0.75,4,3,0.75,0.924614,0.754852
TOX,0.75,4,3,0.75,0.93949,0.738498
TOX3,0.75,4,3,0.75,0.987961,0.919049
TPCN1,0.75,4,3,0.75,0.955085,0.86451
TPSD1,0.75,4,3,0.75,0.904639,0.871244
TRA2A,0.75,4,3,0.75,0.990467,0.850404
TRA2B,0.75,4,3,0.75,0.879685,0.765395
TRAF1,0.75,4,3,0.75,0.935109,0.713148
TRAF3,0.75,4,3,0.75,0.819357,0.742877
TRAPPC9,0.75,4,3,0.75,0.991253,0.744729
TREML1,0.75,4,3,0.75,0.944123,0.809511
TRIM23,0.75,4,3,0.75,0.838049,0.827879
TRIM3,0.75,4,3,0.75,0.949992,0.851649
TRIM46,0.75,4,3,0.75,0.929637,0.816909
TRIP13,0.75,4,3,0.75,0.907447,0.706627
TSSK1B,0.75,4,3,0.75,0.967688,0.900452
TTC6,0.75,4,3,0.75,0.917692,0.830658
TTLL12,0.75,4,3,0.75,0.95905,0.72401
TXNRD1,0.75,4,3,0.75,0.912445,0.830214
TYRO3,0.75,4,3,0.75,0.892908,0.694285
TYRP1,0.75,4,3,0.75,0.980886,0.851534
UBA6,0.75,4,3,0.75,0.95706,0.79166
UGT8,0.75,4,3,0.75,0.96104,0.735392
USP22,0.75,4,3,0.75,0.965009,0.872074
USP33,0.75,4,3,0.75,0.99128,0.83291
USP37,0.75,4,3,0.75,0.97001,0.730247
USP54,0.75,4,3,0.75,0.978301,0.803901
USPL1,0.75,4,3,0.75,0.981028,0.91038
VCL,0.75,4,3,0.75,0.982944,0.846348
VCPIP1,0.75,4,3,0.75,0.982676,0.822433
VPS18,0.75,4,3,0.75,0.885868,0.848985
VPS53,0.75,4,3,0.75,0.964953,0.857237
VWA8,0.75,4,3,0.75,0.978856,0.740082
WDPCP,0.75,4,3,0.75,0.981376,0.738578
WIF1,0.75,4,3,0.75,0.947729,0.721742
WSCD1,0.75,4,3,0.75,0.962892,0.728252
WT1,0.75,4,3,0.75,0.848005,0.659372
XYLT1,0.75,4,3,0.75,0.973875,0.795177
YIPF6,0.75,4,3,0.75,0.926999,0.891589
ZBED1,0.75,4,3,0.75,0.986746,0.79097
ZFP64,0.75,4,3,0.75,0.960108,0.734247
ZNF100,0.75,4,3,0.75,0.919124,0.7038
ZNF135,0.75,4,3,0.75,0.852084,0.770334
ZNF182,0.75,4,3,0.75,0.972984,0.740906
ZNF207,0.75,4,3,0.75,0.990279,0.872594
ZNF257,0.75,4,3,0.75,0.940427,0.718087
ZNF267,0.75,4,3,0.75,0.991405,0.866486
ZNF285,0.75,4,3,0.75,0.956756,0.821817
ZNF302,0.75,4,3,0.75,0.935139,0.715134
ZNF468,0.75,4,3,0.75,0.896645,0.848391
ZNF483,0.75,4,3,0.75,0.902304,0.699022
ZNF496,0.75,4,3,0.75,0.802184,0.69179
ZNF540,0.75,4,3,0.75,0.980571,0.895058
ZNF544,0.75,4,3,0.75,0.971203,0.733427
ZNF599,0.75,4,3,0.75,0.967452,0.775496
ZNF623,0.75,4,3,0.75,0.976913,0.736001
ZNF664,0.75,4,3,0.75,0.983458,0.739017
ZNF674,0.75,4,3,0.75,0.84942,0.832389
ZNF862,0.75,4,3,0.75,0.920424,0.708034
ZNF878,0.75,4,3,0.75,0.807727,0.647062
ZSCAN29,0.75,4,3,0.75,0.86721,0.781329
AACS,0.75,5,3,0.6,0.911622,0.691567
AC092718.9,0.75,5,3,0.6,0.830235,0.557465
ACSM1,0.75,5,3,0.6,0.96588,0.678391
ACSM2A,0.75,5,3,0.6,0.943406,0.780355
ACTL9,0.75,5,3,0.6,0.95179,0.800748
ACTR8,0.75,5,3,0.6,0.957749,0.684574
ADGRG6,0.75,5,3,0.6,0.857023,0.705941
ADNP2,0.75,5,3,0.6,0.969955,0.735814
AFP,0.75,5,3,0.6,0.891086,0.643507
AHSA1,0.75,5,3,0.6,0.911549,0.569893
AL353804.6,0.75,5,3,0.6,0.852853,0.56274
ALDH1A2,0.75,5,3,0.6,0.857054,0.70248
ANKAR,0.75,5,3,0.6,0.845843,0.729746
ANO6,0.75,5,3,0.6,0.872241,0.70601
ARMCX2,0.75,5,3,0.6,0.819038,0.811432
ARSL,0.75,5,3,0.6,0.91664,0.610339
ART1,0.75,5,3,0.6,0.899558,0.706301
ASB10,0.75,5,3,0.6,0.877854,0.592014
ATAD2,0.75,5,3,0.6,0.874625,0.656036
ATF7IP2,0.75,5,3,0.6,0.966714,0.830791
ATP11B,0.75,5,3,0.6,0.892653,0.587176
ATP6V1C1,0.75,5,3,0.6,0.958958,0.681755
ATXN2L,0.75,5,3,0.6,0.859705,0.701755
BICD1,0.75,5,3,0.6,0.972406,0.677398
BRINP3,0.75,5,3,0.6,0.948122,0.715863
BRPF3,0.75,5,3,0.6,0.968724,0.636675
BRS3,0.75,5,3,0.6,0.779628,0.680382
C18orf54,0.75,5,3,0.6,0.888308,0.638682
CAMKK2,0.75,5,3,0.6,0.872046,0.555674
CAND2,0.75,5,3,0.6,0.933126,0.57577
CARMIL3,0.75,5,3,0.6,0.932295,0.580111
CBLIF,0.75,5,3,0.6,0.9752,0.588579
CCDC125,0.75,5,3,0.6,0.978434,0.642377
CCDC141,0.75,5,3,0.6,0.800328,0.543765
CCDC33,0.75,5,3,0.6,0.769302,0.66647
CD86,0.75,5,3,0.6,0.979033,0.736267
CDH11,0.75,5,3,0.6,0.874509,0.656661
CDH17,0.75,5,3,0.6,0.981396,0.619058
CDHR5,0.75,5,3,0.6,0.96032,0.697882
CEACAM20,0.75,5,3,0.6,0.957582,0.587053
CEP95,0.75,5,3,0.6,0.964994,0.846696
CFAP61,0.75,5,3,0.6,0.948746,0.707332
CHRND,0.75,5,3,0.6,0.975543,0.726409
CILP,0.75,5,3,0.6,0.799769,0.726113
CIP2A,0.75,5,3,0.6,0.973702,0.669139
CNR1,0.75,5,3,0.6,0.898911,0.688638
COL7A1,0.75,5,3,0.6,0.887957,0.650553
CRACD,0.75,5,3,0.6,0.970625,0.683849
CRISP3,0.75,5,3,0.6,0.942793,0.69885
CSF2RB,0.75,5,3,0.6,0.873661,0.617427
CWF19L2,0.75,5,3,0.6,0.947204,0.664454
CYP2C18,0.75,5,3,0.6,0.833982,0.560604
DCST1,0.75,5,3,0.6,0.991093,0.681273
DCSTAMP,0.75,5,3,0.6,0.831796,0.65216
DENND2A,0.75,5,3,0.6,0.815937,0.598448
DENND4A,0.75,5,3,0.6,0.784363,0.557452
DGKE,0.75,5,3,0.6,0.96183,0.708036
DHX36,0.75,5,3,0.6,0.940241,0.619868
DMGDH,0.75,5,3,0.6,0.94951,0.720673
DNAJC10,0.75,5,3,0.6,0.879987,0.660072
DNMT3A,0.75,5,3,0.6,0.840183,0.589602
DOP1B,0.75,5,3,0.6,0.818675,0.589427
DPPA4,0.75,5,3,0.6,0.962183,0.740688
DRP2,0.75,5,3,0.6,0.840694,0.536563
DVL1,0.75,5,3,0.6,0.874545,0.553403
EEF1A2,0.75,5,3,0.6,0.900569,0.609549
EHBP1L1,0.75,5,3,0.6,0.800925,0.554051
EIF2S3,0.75,5,3,0.6,0.934502,0.573628
EIF4G2,0.75,5,3,0.6,0.976394,0.749773
ELAPOR1,0.75,5,3,0.6,0.965874,0.669736
ELF2,0.75,5,3,0.6,0.963918,0.618314
ELOVL7,0.75,5,3,0.6,0.875509,0.650829
ELSPBP1,0.75,5,3,0.6,0.852068,0.616393
EXD1,0.75,5,3,0.6,0.973449,0.721154
EXT2,0.75,5,3,0.6,0.988338,0.637467
FAM74A3,0.75,5,3,0.6,0.976932,0.617081
FAM9A,0.75,5,3,0.6,0.971961,0.590984
FANCA,0.75,5,3,0.6,0.988626,0.70456
FBXO24,0.75,5,3,0.6,0.771471,0.733182
FECH,0.75,5,3,0.6,0.970326,0.834776
FGFR1,0.75,5,3,0.6,0.980322,0.595392
FGFR2,0.75,5,3,0.6,0.840062,0.656238
FIZ1,0.75,5,3,0.6,0.896769,0.601895
FMR1NB,0.75,5,3,0.6,0.879113,0.561133
FOXI1,0.75,5,3,0.6,0.892034,0.60987
FYCO1,0.75,5,3,0.6,0.885334,0.681298
GABRA2,0.75,5,3,0.6,0.936491,0.643455
GABRB1,0.75,5,3,0.6,0.857855,0.805925
GABRD,0.75,5,3,0.6,0.933144,0.78215
GALM,0.75,5,3,0.6,0.979658,0.588599
GALNT10,0.75,5,3,0.6,0.923262,0.680135
GALNT14,0.75,5,3,0.6,0.950491,0.788649
GANAB,0.75,5,3,0.6,0.93757,0.62457
GATA3,0.75,5,3,0.6,0.766259,0.509722
GBA3,0.75,5,3,0.6,0.769908,0.567069
GBP3,0.75,5,3,0.6,0.868918,0.605298
GDF5,0.75,5,3,0.6,0.978597,0.716478
GLG1,0.75,5,3,0.6,0.880419,0.558824
GLIS1,0.75,5,3,0.6,0.820367,0.544517
GLYR1,0.75,5,3,0.6,0.839747,0.624444
GML,0.75,5,3,0.6,0.988793,0.726487
GNB1L,0.75,5,3,0.6,0.990972,0.594756
GPI,0.75,5,3,0.6,0.962897,0.650513
GPR142,0.75,5,3,0.6,0.793077,0.591536
GPRASP2,0.75,5,3,0.6,0.906931,0.578195
GRID2,0.75,5,3,0.6,0.886099,0.574102
GRIK4,0.75,5,3,0.6,0.991121,0.738827
HCAR3,0.75,5,3,0.6,0.990183,0.663133
HKDC1,0.75,5,3,0.6,0.99084,0.612661
HOXB1,0.75,5,3,0.6,0.937203,0.611366
HOXC11,0.75,5,3,0.6,0.79295,0.638539
HPS5,0.75,5,3,0.6,0.94607,0.744983
HS3ST1,0.75,5,3,0.6,0.8648,0.726688
HS6ST2,0.75,5,3,0.6,0.849785,0.610928
IFT122,0.75,5,3,0.6,0.858676,0.68154
IGSF9B,0.75,5,3,0.6,0.775422,0.544834
IMPDH1,0.75,5,3,0.6,0.815781,0.635022
INTS1,0.75,5,3,0.6,0.974526,0.693796
IQCA1,0.75,5,3,0.6,0.972759,0.586509
IRAG2,0.75,5,3,0.6,0.983247,0.667474
IRS4,0.75,5,3,0.6,0.948768,0.591788
ITGA1,0.75,5,3,0.6,0.860989,0.819786
JAG1,0.75,5,3,0.6,0.800766,0.588892
KBTBD3,0.75,5,3,0.6,0.991323,0.635972
KCNA5,0.75,5,3,0.6,0.876009,0.568763
KDM4B,0.75,5,3,0.6,0.880969,0.590046
KIF1C,0.75,5,3,0.6,0.956384,0.615116
KLKB1,0.75,5,3,0.6,0.921349,0.628512
KRT25,0.75,5,3,0.6,0.98278,0.658183
KRT27,0.75,5,3,0.6,0.965894,0.732993
KRT73,0.75,5,3,0.6,0.976478,0.762202
KRT8,0.75,5,3,0.6,0.950042,0.610545
KRTAP10-7,0.75,5,3,0.6,0.984941,0.670102
KRTAP13-1,0.75,5,3,0.6,0.869628,0.630859
LATS1,0.75,5,3,0.6,0.969208,0.850306
LIG3,0.75,5,3,0.6,0.970003,0.858774
LINGO4,0.75,5,3,0.6,0.951794,0.58579
LMBRD1,0.75,5,3,0.6,0.970414,0.620964
LNX1,0.75,5,3,0.6,0.971845,0.826792
LRRC30,0.75,5,3,0.6,0.940785,0.772496
LRRC31,0.75,5,3,0.6,0.875533,0.675496
LRRIQ3,0.75,5,3,0.6,0.779755,0.629872
LSMEM1,0.75,5,3,0.6,0.985644,0.684542
LZTS1,0.75,5,3,0.6,0.952592,0.584503
MACROD2,0.75,5,3,0.6,0.788126,0.522551
MAGEA10,0.75,5,3,0.6,0.956496,0.585983
MAN2B1,0.75,5,3,0.6,0.818132,0.552852
MAPK3,0.75,5,3,0.6,0.989754,0.594523
MASP1,0.75,5,3,0.6,0.859908,0.663811
MECR,0.75,5,3,0.6,0.837049,0.679803
MELTF,0.75,5,3,0.6,0.956157,0.676794
MEN1,0.75,5,3,0.6,0.952343,0.61139
MGRN1,0.75,5,3,0.6,0.900986,0.705244
MIA3,0.75,5,3,0.6,0.965199,0.681332
MICAL1,0.75,5,3,0.6,0.976751,0.732418
MMEL1,0.75,5,3,0.6,0.989376,0.691979
MRGPRX4,0.75,5,3,0.6,0.860099,0.589897
MS4A3,0.75,5,3,0.6,0.840338,0.815292
MSH5,0.75,5,3,0.6,0.816478,0.534152
MTA2,0.75,5,3,0.6,0.925782,0.646885
MTHFD1L,0.75,5,3,0.6,0.81891,0.541443
MTMR3,0.75,5,3,0.6,0.962906,0.8624
MTTP,0.75,5,3,0.6,0.83295,0.627209
MYO1F,0.75,5,3,0.6,0.953606,0.730923
NAGA,0.75,5,3,0.6,0.838427,0.609382
NCOA5,0.75,5,3,0.6,0.928163,0.785702
NDST1,0.75,5,3,0.6,0.867706,0.787105
NECTIN4,0.75,5,3,0.6,0.775362,0.5474
NEK6,0.75,5,3,0.6,0.949745,0.605048
NELL2,0.75,5,3,0.6,0.787944,0.529352
NEU2,0.75,5,3,0.6,0.936045,0.618628
NEXMIF,0.75,5,3,0.6,0.882668,0.569679
NIPAL4,0.75,5,3,0.6,0.972783,0.600676
NLRC5,0.75,5,3,0.6,0.808064,0.747039
NPR2,0.75,5,3,0.6,0.872486,0.558673
NTAQ1,0.75,5,3,0.6,0.926532,0.569542
NUP133,0.75,5,3,0.6,0.921432,0.681006
NUP155,0.75,5,3,0.6,0.976048,0.709676
OCRL,0.75,5,3,0.6,0.904121,0.581105
OFD1,0.75,5,3,0.6,0.887612,0.570503
OOEP,0.75,5,3,0.6,0.969334,0.587784
OR13C9,0.75,5,3,0.6,0.951263,0.843447
OR51D1,0.75,5,3,0.6,0.961013,0.728856
OR52D1,0.75,5,3,0.6,0.959443,0.693093
OR7G3,0.75,5,3,0.6,0.859933,0.672621
OR8H3,0.75,5,3,0.6,0.756569,0.705249
OSBPL1A,0.75,5,3,0.6,0.945121,0.626148
OTUD7B,0.75,5,3,0.6,0.954996,0.684716
P3H1,0.75,5,3,0.6,0.938926,0.757541
PALLD,0.75,5,3,0.6,0.925726,0.633931
PCDHGA7,0.75,5,3,0.6,0.884162,0.605183
PDE11A,0.75,5,3,0.6,0.776712,0.624901
PDE3A,0.75,5,3,0.6,0.973842,0.8652
PDE6C,0.75,5,3,0.6,0.751989,0.642053
PDIA4,0.75,5,3,0.6,0.981835,0.670007
PEAR1,0.75,5,3,0.6,0.827912,0.681691
PGBD2,0.75,5,3,0.6,0.925017,0.64313
PHRF1,0.75,5,3,0.6,0.760909,0.547092
PIEZO2,0.75,5,3,0.6,0.98399,0.605396
PIK3C2A,0.75,5,3,0.6,0.991188,0.66816
PLCH2,0.75,5,3,0.6,0.835984,0.55015
PLD1,0.75,5,3,0.6,0.911523,0.69546
PLEKHG4,0.75,5,3,0.6,0.97551,0.601469
PLEKHM3,0.75,5,3,0.6,0.971218,0.81166
PLG,0.75,5,3,0.6,0.806672,0.677165
PLK3,0.75,5,3,0.6,0.982515,0.623032
POC1B,0.75,5,3,0.6,0.843069,0.572777
POLR3C,0.75,5,3,0.6,0.760251,0.587164
POTED,0.75,5,3,0.6,0.942944,0.577327
PPP2R3A,0.75,5,3,0.6,0.951226,0.72695
PPP6R3,0.75,5,3,0.6,0.875025,0.690546
PRDM2,0.75,5,3,0.6,0.879576,0.602423
PRMT7,0.75,5,3,0.6,0.991291,0.594861
PRPF6,0.75,5,3,0.6,0.916556,0.677295
PSMB11,0.75,5,3,0.6,0.962448,0.627231
PSMC4,0.75,5,3,0.6,0.991336,0.750317
PTCD2,0.75,5,3,0.6,0.807905,0.796794
PTPRK,0.75,5,3,0.6,0.931704,0.637382
QTRT1,0.75,5,3,0.6,0.978249,0.595293
RABGEF1,0.75,5,3,0.6,0.978729,0.718832
RAD50,0.75,5,3,0.6,0.828833,0.726149
RAD54L2,0.75,5,3,0.6,0.96946,0.590084
RAG2,0.75,5,3,0.6,0.764722,0.52193
RAPGEF1,0.75,5,3,0.6,0.961426,0.718067
RBM10,0.75,5,3,0.6,0.901348,0.573182
RBM48,0.75,5,3,0.6,0.895273,0.60328
REM1,0.75,5,3,0.6,0.927888,0.712899
RGR,0.75,5,3,0.6,0.787669,0.553969
RHOH,0.75,5,3,0.6,0.96166,0.587296
RICTOR,0.75,5,3,0.6,0.982309,0.780064
RNF34,0.75,5,3,0.6,0.949223,0.585643
ROR1,0.75,5,3,0.6,0.83524,0.69544
RPH3A,0.75,5,3,0.6,0.983306,0.722996
RRM1,0.75,5,3,0.6,0.978315,0.70367
RRP8,0.75,5,3,0.6,0.940487,0.653802
RUNX2,0.75,5,3,0.6,0.943612,0.602271
RXFP2,0.75,5,3,0.6,0.844095,0.718782
SCYL2,0.75,5,3,0.6,0.96696,0.710575
SEMA6D,0.75,5,3,0.6,0.969953,0.723544
SERPINA6,0.75,5,3,0.6,0.781616,0.724856
SERPINB3,0.75,5,3,0.6,0.985537,0.592819
SETX,0.75,5,3,0.6,0.991411,0.594867
SFI1,0.75,5,3,0.6,0.981717,0.728744
SH3TC2,0.75,5,3,0.6,0.982736,0.831534
SIRPG,0.75,5,3,0.6,0.776595,0.785322
SLC1A2,0.75,5,3,0.6,0.884022,0.642746
SLC22A11,0.75,5,3,0.6,0.859275,0.559552
SLC5A12,0.75,5,3,0.6,0.959927,0.778586
SOS1,0.75,5,3,0.6,0.847566,0.562107
SP4,0.75,5,3,0.6,0.983553,0.700281
SPATA5,0.75,5,3,0.6,0.838192,0.605644
SPATC1,0.75,5,3,0.6,0.80462,0.715958
SRBD1,0.75,5,3,0.6,0.978017,0.78257
SRPK2,0.75,5,3,0.6,0.972179,0.620665
SRPK3,0.75,5,3,0.6,0.978175,0.839508
SSTR2,0.75,5,3,0.6,0.962101,0.719218
STAR,0.75,5,3,0.6,0.955797,0.709324
STAT4,0.75,5,3,0.6,0.925713,0.653459
SUFU,0.75,5,3,0.6,0.980108,0.675722
SYK,0.75,5,3,0.6,0.989179,0.594387
SYNGAP1,0.75,5,3,0.6,0.820957,0.559586
TBC1D4,0.75,5,3,0.6,0.964752,0.69626
TBC1D9B,0.75,5,3,0.6,0.936822,0.583151
TBPL2,0.75,5,3,0.6,0.948443,0.638692
TFAP2A,0.75,5,3,0.6,0.981419,0.597645
THBS4,0.75,5,3,0.6,0.933692,0.73673
TLR5,0.75,5,3,0.6,0.975366,0.73664
TM7SF3,0.75,5,3,0.6,0.858094,0.703604
TM9SF4,0.75,5,3,0.6,0.988603,0.593643
TMC3,0.75,5,3,0.6,0.816837,0.638893
TMEM214,0.75,5,3,0.6,0.91816,0.568868
TNS4,0.75,5,3,0.6,0.938123,0.67247
TRPV4,0.75,5,3,0.6,0.962705,0.747616
TTC13,0.75,5,3,0.6,0.842441,0.663397
TTC14,0.75,5,3,0.6,0.86071,0.606488
TTC21B,0.75,5,3,0.6,0.80013,0.668946
TTC22,0.75,5,3,0.6,0.937923,0.580276
TUSC3,0.75,5,3,0.6,0.925344,0.821267
TWNK,0.75,5,3,0.6,0.923272,0.71648
UBE3B,0.75,5,3,0.6,0.826981,0.642286
UBQLN2,0.75,5,3,0.6,0.8185,0.579239
UGT2B10,0.75,5,3,0.6,0.812476,0.712709
ULK4,0.75,5,3,0.6,0.982751,0.590526
UNC45A,0.75,5,3,0.6,0.833024,0.720676
UTP14C,0.75,5,3,0.6,0.816539,0.588249
VANGL1,0.75,5,3,0.6,0.752599,0.534979
VEGFA,0.75,5,3,0.6,0.911603,0.836436
WDR11,0.75,5,3,0.6,0.924973,0.661339
WSCD2,0.75,5,3,0.6,0.911576,0.649236
WWC2,0.75,5,3,0.6,0.92256,0.605912
XCL1,0.75,5,3,0.6,0.966611,0.658179
YTHDC2,0.75,5,3,0.6,0.9905,0.598727
YY2,0.75,5,3,0.6,0.923032,0.62772
ZBTB21,0.75,5,3,0.6,0.975823,0.741201
ZBTB40,0.75,5,3,0.6,0.953143,0.621718
ZBTB7C,0.75,5,3,0.6,0.871178,0.565032
ZCCHC14,0.75,5,3,0.6,0.931614,0.743686
ZCWPW1,0.75,5,3,0.6,0.754988,0.550441
ZMIZ2,0.75,5,3,0.6,0.977631,0.732342
ZMYND15,0.75,5,3,0.6,0.951797,0.646825
ZNF107,0.75,5,3,0.6,0.982545,0.672692
ZNF217,0.75,5,3,0.6,0.991388,0.67629
ZNF23,0.75,5,3,0.6,0.940419,0.69464
ZNF26,0.75,5,3,0.6,0.884666,0.589119
ZNF337,0.75,5,3,0.6,0.819965,0.657421
ZNF543,0.75,5,3,0.6,0.971666,0.590443
ZNF572,0.75,5,3,0.6,0.991255,0.727253
ZNF609,0.75,5,3,0.6,0.940802,0.712591
ZNF665,0.75,5,3,0.6,0.838877,0.760017
ZNF681,0.75,5,3,0.6,0.930593,0.566279
ZNF84,0.75,5,3,0.6,0.776054,0.512666
AADACL4,0.75,6,3,0.5,0.510002,0.498926
ABCD2,0.75,6,3,0.5,0.618008,0.575699
ABCG1,0.75,6,3,0.5,0.487122,0.489128
AC126283.2,0.75,6,3,0.5,0.762762,0.693299
ACSL4,0.75,6,3,0.5,0.733632,0.60281
ACSS3,0.75,6,3,0.5,0.728862,0.61005
ACTN1,0.75,6,3,0.5,0.48736,0.491606
ADCY7,0.75,6,3,0.5,0.810521,0.649036
ADGRB3,0.75,6,3,0.5,0.48309,0.487214
AHI1,0.75,6,3,0.5,0.470408,0.482901
AL353804.4,0.75,6,3,0.5,0.63886,0.571296
ALLC,0.75,6,3,0.5,0.778361,0.680637
ALOX12B,0.75,6,3,0.5,0.771588,0.693685
ALOX15,0.75,6,3,0.5,0.830857,0.786072
ANKEF1,0.75,6,3,0.5,0.567128,0.548304
ANKRD33,0.75,6,3,0.5,0.697497,0.586396
ANKRD52,0.75,6,3,0.5,0.63176,0.580467
APBB1,0.75,6,3,0.5,0.833462,0.644648
ARHGAP45,0.75,6,3,0.5,0.485513,0.491182
ASXL2,0.75,6,3,0.5,0.484078,0.486168
ATP9A,0.75,6,3,0.5,0.611963,0.530416
BAHD1,0.75,6,3,0.5,0.743286,0.580817
BMX,0.75,6,3,0.5,0.623644,0.522639
BRIP1,0.75,6,3,0.5,0.451956,0.49073
C2CD6,0.75,6,3,0.5,0.637108,0.542377
C4BPA,0.75,6,3,0.5,0.594591,0.538021
CABS1,0.75,6,3,0.5,0.659398,0.574204
CCAR1,0.75,6,3,0.5,0.4869,0.492644
CCDC110,0.75,6,3,0.5,0.804137,0.64269
CCDC144A,0.75,6,3,0.5,0.661646,0.551008
CCDC63,0.75,6,3,0.5,0.811129,0.626217
CD96,0.75,6,3,0.5,0.723525,0.587799
CDH5,0.75,6,3,0.5,0.607363,0.513164
CDYL2,0.75,6,3,0.5,0.755175,0.630656
CLCA1,0.75,6,3,0.5,0.634899,0.569305
CLYBL,0.75,6,3,0.5,0.529754,0.503312
COG6,0.75,6,3,0.5,0.541866,0.527115
COL5A3,0.75,6,3,0.5,0.779654,0.642728
CPA6,0.75,6,3,0.5,0.636817,0.564048
CPT1A,0.75,6,3,0.5,0.561076,0.53308
CRB2,0.75,6,3,0.5,0.761433,0.589228
CSDE1,0.75,6,3,0.5,0.632133,0.556028
CSF1R,0.75,6,3,0.5,0.795335,0.67606
CYP11B2,0.75,6,3,0.5,0.736419,0.611234
CYP4B1,0.75,6,3,0.5,0.662666,0.543803
DCDC1,0.75,6,3,0.5,0.763669,0.581042
DCTN1,0.75,6,3,0.5,0.6987,0.635306
DENND1C,0.75,6,3,0.5,0.593343,0.528255
DHCR24,0.75,6,3,0.5,0.59187,0.53738
DHX38,0.75,6,3,0.5,0.602259,0.607119
E2F2,0.75,6,3,0.5,0.673172,0.579301
EHMT2,0.75,6,3,0.5,0.66724,0.599031
ELOA2,0.75,6,3,0.5,0.710301,0.700975
EPHA3,0.75,6,3,0.5,0.777631,0.689325
EXOSC10,0.75,6,3,0.5,0.835193,0.776122
FADS6,0.75,6,3,0.5,0.638183,0.543221
FBH1,0.75,6,3,0.5,0.584159,0.579274
FNIP2,0.75,6,3,0.5,0.792573,0.703512
FOXP1,0.75,6,3,0.5,0.502244,0.494927
FRMPD2,0.75,6,3,0.5,0.75708,0.582971
GABRQ,0.75,6,3,0.5,0.389085,0.430915
GCNT2,0.75,6,3,0.5,0.769216,0.615506
GLUD2,0.75,6,3,0.5,0.816968,0.620849
GMEB2,0.75,6,3,0.5,0.417694,0.468573
GPATCH1,0.75,6,3,0.5,0.77264,0.681877
GPR132,0.75,6,3,0.5,0.757387,0.579704
HIPK2,0.75,6,3,0.5,0.615664,0.650249
HTR3E,0.75,6,3,0.5,0.523359,0.554639
IMPDH2,0.75,6,3,0.5,0.435993,0.460962
IMPG2,0.75,6,3,0.5,0.748485,0.713048
INSR,0.75,6,3,0.5,0.671194,0.633184
JPH3,0.75,6,3,0.5,0.461828,0.484198
KAT6A,0.75,6,3,0.5,0.767407,0.636679
KCNA4,0.75,6,3,0.5,0.764535,0.595128
KCNB1,0.75,6,3,0.5,0.491283,0.486318
KIF20A,0.75,6,3,0.5,0.475969,0.487874
KLHL1,0.75,6,3,0.5,0.714912,0.632596
KLHL20,0.75,6,3,0.5,0.792989,0.764366
KLHL32,0.75,6,3,0.5,0.67064,0.568675
KLHL34,0.75,6,3,0.5,0.750215,0.570123
KRT18,0.75,6,3,0.5,0.797733,0.63824
LARS1,0.75,6,3,0.5,0.747658,0.579148
LILRB3,0.75,6,3,0.5,0.531527,0.507326
LLGL2,0.75,6,3,0.5,0.619055,0.537015
LPAR4,0.75,6,3,0.5,0.412707,0.438342
LRRC8E,0.75,6,3,0.5,0.490406,0.494248
MAGEB6B,0.75,6,3,0.5,0.538024,0.509097
MAP4K2,0.75,6,3,0.5,0.433281,0.469588
MAPK15,0.75,6,3,0.5,0.392747,0.460889
MED14,0.75,6,3,0.5,0.489713,0.492311
MID1,0.75,6,3,0.5,0.488342,0.492806
MIOS,0.75,6,3,0.5,0.787374,0.677012
MLXIPL,0.75,6,3,0.5,0.49657,0.495989
MMP14,0.75,6,3,0.5,0.48451,0.445683
MSL2,0.75,6,3,0.5,0.593823,0.534506
MSR1,0.75,6,3,0.5,0.727683,0.67867
MTREX,0.75,6,3,0.5,0.585922,0.578055
MYT1L,0.75,6,3,0.5,0.615159,0.565368
NBPF26,0.75,6,3,0.5,0.685901,0.594642
NKTR,0.75,6,3,0.5,0.730373,0.598017
NLRC4,0.75,6,3,0.5,0.446757,0.476798
NRIP1,0.75,6,3,0.5,0.733961,0.575135
NTN4,0.75,6,3,0.5,0.744314,0.645842
NTNG2,0.75,6,3,0.5,0.409973,0.465832
OR14J1,0.75,6,3,0.5,0.798348,0.695672
OR2G6,0.75,6,3,0.5,0.809614,0.675859
OR2M4,0.75,6,3,0.5,0.678402,0.58634
OR2Z1,0.75,6,3,0.5,0.623479,0.522359
OR4P4,0.75,6,3,0.5,0.814489,0.68969
OR51S1,0.75,6,3,0.5,0.725659,0.573661
OR5D16,0.75,6,3,0.5,0.643305,0.590403
OR5P2,0.75,6,3,0.5,0.595797,0.598823
OR9K2,0.75,6,3,0.5,0.547609,0.528792
PACS2,0.75,6,3,0.5,0.481165,0.487252
PARP9,0.75,6,3,0.5,0.526215,0.505288
PASD1,0.75,6,3,0.5,0.822494,0.598787
PCSK6,0.75,6,3,0.5,0.680889,0.622788
PDE2A,0.75,6,3,0.5,0.797992,0.637157
PEX14,0.75,6,3,0.5,0.465986,0.483041
PFKFB4,0.75,6,3,0.5,0.784208,0.634391
PINK1,0.75,6,3,0.5,0.474131,0.488115
PLXNC1,0.75,6,3,0.5,0.680401,0.55014
PMPCB,0.75,6,3,0.5,0.794221,0.671011
POLR1A,0.75,6,3,0.5,0.830952,0.607504
PPP1R3F,0.75,6,3,0.5,0.394169,0.448678
PRAMEF12,0.75,6,3,0.5,0.492197,0.493307
PRAMEF19,0.75,6,3,0.5,0.537409,0.509616
PRRC2B,0.75,6,3,0.5,0.722875,0.710176
RADX,0.75,6,3,0.5,0.483158,0.490924
RAI1,0.75,6,3,0.5,0.666407,0.617474
RANBP6,0.75,6,3,0.5,0.60529,0.528238
RPS6KC1,0.75,6,3,0.5,0.710293,0.661986
RPTN,0.75,6,3,0.5,0.828711,0.714412
RUNX1T1,0.75,6,3,0.5,0.592176,0.502878
SAMD7,0.75,6,3,0.5,0.707726,0.594665
SATL1,0.75,6,3,0.5,0.617939,0.593592
SDK2,0.75,6,3,0.5,0.529378,0.517225
SEMA3G,0.75,6,3,0.5,0.791457,0.662541
SERPING1,0.75,6,3,0.5,0.823343,0.699338
SESTD1,0.75,6,3,0.5,0.806006,0.670216
SETDB2,0.75,6,3,0.5,0.666541,0.547031
SLC17A6,0.75,6,3,0.5,0.598538,0.525651
SLC27A6,0.75,6,3,0.5,0.806153,0.666627
SLC2A2,0.75,6,3,0.5,0.651987,0.54913
SLC7A14,0.75,6,3,0.5,0.632512,0.569169
SLFN5,0.75,6,3,0.5,0.713211,0.63445
SMCHD1,0.75,6,3,0.5,0.517659,0.502751
SMG7,0.75,6,3,0.5,0.702464,0.65088
SPOCK3,0.75,6,3,0.5,0.80812,0.652312
SPTBN5,0.75,6,3,0.5,0.450283,0.472504
ST6GAL1,0.75,6,3,0.5,0.768754,0.573161
SULF1,0.75,6,3,0.5,0.71507,0.644331
SYTL5,0.75,6,3,0.5,0.782126,0.654253
TAOK2,0.75,6,3,0.5,0.801198,0.640392
TBXT,0.75,6,3,0.5,0.511049,0.493803
TGM1,0.75,6,3,0.5,0.525606,0.494581
TGM2,0.75,6,3,0.5,0.731209,0.622428
TJP1,0.75,6,3,0.5,0.804965,0.59715
TLR8,0.75,6,3,0.5,0.378746,0.418226
TSPAN9,0.75,6,3,0.5,0.588581,0.564942
UACA,0.75,6,3,0.5,0.799985,0.624552
UBE4B,0.75,6,3,0.5,0.801138,0.604795
UGT2A1,0.75,6,3,0.5,0.775133,0.638156
UHRF2,0.75,6,3,0.5,0.819363,0.715056
USP35,0.75,6,3,0.5,0.447091,0.478745
VPS16,0.75,6,3,0.5,0.806078,0.671107
VPS41,0.75,6,3,0.5,0.570532,0.520741
VRTN,0.75,6,3,0.5,0.866074,0.637023
WDR17,0.75,6,3,0.5,0.714463,0.569143
XYLB,0.75,6,3,0.5,0.483425,0.491627
ZGRF1,0.75,6,3,0.5,0.621493,0.577621
ZMYM2,0.75,6,3,0.5,0.704752,0.558281
ZNF117,0.75,6,3,0.5,0.83453,0.63386
ZNF271P,0.75,6,3,0.5,0.75178,0.657436
ZNF451,0.75,6,3,0.5,0.800221,0.699646
ZNF551,0.75,6,3,0.5,0.822419,0.603242
ABCA6,0.75,7,3,0.428571,0.428699,0.563122
ADAM2,0.75,7,3,0.428571,0.640135,0.523309
AKAP10,0.75,7,3,0.428571,0.292651,0.488723
ANKRD13B,0.75,7,3,0.428571,0.101496,0.424327
ANLN,0.75,7,3,0.428571,0.62313,0.514677
ARHGEF11,0.75,7,3,0.428571,0.688527,0.517665
ASB5,0.75,7,3,0.428571,0.573927,0.530661
ATF7IP,0.75,7,3,0.428571,0.68835,0.717197
ATP6V0D1,0.75,7,3,0.428571,0.740008,0.70458
ATXN2,0.75,7,3,0.428571,0.504188,0.516664
BAZ2A,0.75,7,3,0.428571,1e-06,0.424413
BFSP1,0.75,7,3,0.428571,0.452114,0.486099
CAPN6,0.75,7,3,0.428571,0.001439,0.39984
CARF,0.75,7,3,0.428571,0.002784,0.421122
CCDC85A,0.75,7,3,0.428571,0.390077,0.479988
CD101,0.75,7,3,0.428571,0.469036,0.569649
CEP128,0.75,7,3,0.428571,0.657358,0.476011
CFAP58,0.75,7,3,0.428571,0.0575,0.42172
CLDN14,0.75,7,3,0.428571,0.198038,0.474213
CNTN5,0.75,7,3,0.428571,0.292641,0.489311
COL16A1,0.75,7,3,0.428571,0.053193,0.420677
CPPED1,0.75,7,3,0.428571,0.577335,0.544901
CPXM2,0.75,7,3,0.428571,0.323418,0.508262
CRNN,0.75,7,3,0.428571,0.430382,0.459219
CYP4F8,0.75,7,3,0.428571,0.407089,0.528129
CYP7B1,0.75,7,3,0.428571,0.273566,0.467189
DAO,0.75,7,3,0.428571,0.68278,0.607127
DKC1,0.75,7,3,0.428571,0.706111,0.548778
EFCAB6,0.75,7,3,0.428571,0.063302,0.427857
EHD4,0.75,7,3,0.428571,0.400449,0.474914
ELK3,0.75,7,3,0.428571,0.58063,0.511449
EPAS1,0.75,7,3,0.428571,0.241288,0.48338
EXOC1,0.75,7,3,0.428571,0.38936,0.508866
EXTL3,0.75,7,3,0.428571,0.676036,0.550328
FBXW11,0.75,7,3,0.428571,0.259956,0.49634
G6PD,0.75,7,3,0.428571,0.706844,0.587656
GALNT1,0.75,7,3,0.428571,0.68083,0.757318
GLT8D2,0.75,7,3,0.428571,0.749813,0.670146
GOLGA3,0.75,7,3,0.428571,0.68396,0.558203
HEATR5A,0.75,7,3,0.428571,0.406288,0.477224
HNRNPU,0.75,7,3,0.428571,0.539048,0.573664
IFNW1,0.75,7,3,0.428571,0.001778,0.395639
IL31RA,0.75,7,3,0.428571,0.747622,0.615703
IMPG1,0.75,7,3,0.428571,0.668466,0.5699
INTS13,0.75,7,3,0.428571,0.65229,0.646515
IPO9,0.75,7,3,0.428571,0.657962,0.621253
ITGAE,0.75,7,3,0.428571,0.447785,0.491094
ITSN2,0.75,7,3,0.428571,0.401668,0.464867
KCNT1,0.75,7,3,0.428571,0.215029,0.444471
KDM5B,0.75,7,3,0.428571,0.731673,0.627862
KHDC3L,0.75,7,3,0.428571,0.371581,0.512697
KRT9,0.75,7,3,0.428571,0.263731,0.463442
LPAR1,0.75,7,3,0.428571,0.700526,0.616312
LPCAT1,0.75,7,3,0.428571,0.659873,0.538425
LRFN2,0.75,7,3,0.428571,0.53917,0.498291
MAML1,0.75,7,3,0.428571,0.515292,0.495263
MAP4K4,0.75,7,3,0.428571,0.742512,0.578775
MCM3AP,0.75,7,3,0.428571,0.149367,0.421753
MID2,0.75,7,3,0.428571,0.515905,0.491334
MROH5,0.75,7,3,0.428571,0.574491,0.623462
MST1R,0.75,7,3,0.428571,0.645088,0.515972
NCOA3,0.75,7,3,0.428571,0.688325,0.594054
NFIB,0.75,7,3,0.428571,0.108828,0.398127
NSD2,0.75,7,3,0.428571,0.356955,0.483538
NXF3,0.75,7,3,0.428571,0.484246,0.510257
OCA2,0.75,7,3,0.428571,0.516292,0.459031
OR10W1,0.75,7,3,0.428571,0.478645,0.53707
OR52J3,0.75,7,3,0.428571,0.688567,0.6906
OR5K1,0.75,7,3,0.428571,0.714627,0.511582
OSBP2,0.75,7,3,0.428571,0.389709,0.544913
PABPC4,0.75,7,3,0.428571,0.706638,0.761628
PCDH17,0.75,7,3,0.428571,0.392327,0.434918
PCDHGB6,0.75,7,3,0.428571,0.264588,0.476733
PCF11,0.75,7,3,0.428571,0.6417,0.578312
PHF8,0.75,7,3,0.428571,0.5805,0.482909
PKD1,0.75,7,3,0.428571,0.710868,0.586356
PLEKHG2,0.75,7,3,0.428571,0.007242,0.386012
PLIN4,0.75,7,3,0.428571,0.688543,0.518786
PLXNA3,0.75,7,3,0.428571,0.483424,0.487707
PMFBP1,0.75,7,3,0.428571,0.532878,0.537333
POLRMT,0.75,7,3,0.428571,0.473716,0.541455
ROBO1,0.75,7,3,0.428571,0.345677,0.440666
SEMA5A,0.75,7,3,0.428571,0.334722,0.484633
SERPINB10,0.75,7,3,0.428571,0.516944,0.496064
SLCO2B1,0.75,7,3,0.428571,0.692123,0.530042
SMC3,0.75,7,3,0.428571,0.006925,0.425038
SP110,0.75,7,3,0.428571,0.333432,0.450792
SREBF2,0.75,7,3,0.428571,0.056957,0.407801
ST8SIA2,0.75,7,3,0.428571,0.596212,0.573662
STARD8,0.75,7,3,0.428571,0.002954,0.418436
SULF2,0.75,7,3,0.428571,0.598678,0.535498
SYMPK,0.75,7,3,0.428571,0.001007,0.422957
TACR3,0.75,7,3,0.428571,0.636063,0.512432
TMPRSS7,0.75,7,3,0.428571,0.473071,0.477755
TONSL,0.75,7,3,0.428571,0.398968,0.503261
TRAPPC10,0.75,7,3,0.428571,0.620234,0.59126
TRPC5,0.75,7,3,0.428571,4e-06,0.422602
VARS2,0.75,7,3,0.428571,0.040147,0.406598
ZC3H12B,0.75,7,3,0.428571,0.503592,0.500473
ZNF160,0.75,7,3,0.428571,0.618464,0.613504
ZNF226,0.75,7,3,0.428571,0.683944,0.488001
ZNF560,0.75,7,3,0.428571,0.164445,0.436357
ZNF813,0.75,7,3,0.428571,0.483075,0.492145
ABCC4,0.75,8,3,0.375,0.00012,0.354576
ADCY8,0.75,8,3,0.375,0.428647,0.504118
ALG13,0.75,8,3,0.375,0.345546,0.431717
AP002512.3,0.75,8,3,0.375,0.43076,0.537649
ARHGAP35,0.75,8,3,0.375,0.210078,0.431887
CCDC178,0.75,8,3,0.375,0.594904,0.570219
CD109,0.75,8,3,0.375,0.188569,0.432555
CHAT,0.75,8,3,0.375,0.189134,0.412567
CLNK,0.75,8,3,0.375,0.556483,0.509935
CROCC,0.75,8,3,0.375,0.605367,0.523442
DAB1,0.75,8,3,0.375,0.588304,0.511678
DCAF12L2,0.75,8,3,0.375,0.128918,0.400387
DIAPH2,0.75,8,3,0.375,0.43073,0.47087
FRMPD1,0.75,8,3,0.375,0.256954,0.423535
IKZF1,0.75,8,3,0.375,0.498181,0.487838
KDM1B,0.75,8,3,0.375,0.404236,0.464928
KIF4A,0.75,8,3,0.375,0.505043,0.487393
KIR3DX1,0.75,8,3,0.375,0.381409,0.508758
LRP5,0.75,8,3,0.375,0.477811,0.513607
MCTP2,0.75,8,3,0.375,0.267746,0.490651
MYO18A,0.75,8,3,0.375,0.265526,0.421235
OGDHL,0.75,8,3,0.375,0.24402,0.430529
OR52R1,0.75,8,3,0.375,0.50742,0.523563
OTUD6A,0.75,8,3,0.375,0.305843,0.41003
PARD3B,0.75,8,3,0.375,0.585389,0.579512
PARP8,0.75,8,3,0.375,0.220849,0.465293
PCDHGA11,0.75,8,3,0.375,0.438994,0.494208
PCNX2,0.75,8,3,0.375,0.648661,0.606058
PDE6A,0.75,8,3,0.375,0.650669,0.601965
PDZRN4,0.75,8,3,0.375,0.322621,0.452959
POLR2B,0.75,8,3,0.375,0.084383,0.372876
RPRD2,0.75,8,3,0.375,0.158416,0.404103
SMARCAL1,0.75,8,3,0.375,0.001906,0.368489
SOCS6,0.75,8,3,0.375,0.526429,0.509587
TBC1D9,0.75,8,3,0.375,0.514615,0.503038
TCHHL1,0.75,8,3,0.375,0.567778,0.57418
THEG,0.75,8,3,0.375,0.617879,0.55551
TLN2,0.75,8,3,0.375,0.626386,0.600186
TLR1,0.75,8,3,0.375,0.4772,0.504586
TMC4,0.75,8,3,0.375,0.277662,0.454577
TRIM10,0.75,8,3,0.375,0.521299,0.51192
USP28,0.75,8,3,0.375,0.694661,0.600222
ZMYM3,0.75,8,3,0.375,0.574712,0.478176
ZNF638,0.75,8,3,0.375,0.16399,0.413879
ABCA8,0.75,9,3,0.333333,0.604,0.547324
ADAMTSL1,0.75,9,3,0.333333,0.466248,0.435686
ARHGEF28,0.75,9,3,0.333333,0.213568,0.376332
BCL11A,0.75,9,3,0.333333,0.683084,0.529889
BLM,0.75,9,3,0.333333,0.636403,0.573155
CACNA1C,0.75,9,3,0.333333,0.035726,0.340227
CHRNA10,0.75,9,3,0.333333,0.197968,0.418389
COL4A5,0.75,9,3,0.333333,0.507136,0.476607
CRACDL,0.75,9,3,0.333333,0.085064,0.335764
DSCAML1,0.75,9,3,0.333333,0.515338,0.554467
ECEL1,0.75,9,3,0.333333,0.437225,0.467213
EDC4,0.75,9,3,0.333333,0.357729,0.463108
GABRE,0.75,9,3,0.333333,0.000454,0.379378
GRIK5,0.75,9,3,0.333333,0.075368,0.396972
HCLS1,0.75,9,3,0.333333,0.00472,0.37786
HOOK1,0.75,9,3,0.333333,0.261379,0.444683
IL16,0.75,9,3,0.333333,0.433166,0.470885
KIAA1549L,0.75,9,3,0.333333,0.538864,0.489362
NBEA,0.75,9,3,0.333333,0.298332,0.435418
NLRP9,0.75,9,3,0.333333,0.341114,0.467817
OR4C16,0.75,9,3,0.333333,0.358201,0.427531
OR5K4,0.75,9,3,0.333333,0.225516,0.386181
PARP4,0.75,9,3,0.333333,0.197745,0.400919
PPM1D,0.75,9,3,0.333333,0.002615,0.33097
RAG1,0.75,9,3,0.333333,0.590039,0.570101
SEC14L5,0.75,9,3,0.333333,0.180309,0.383079
SLC13A2,0.75,9,3,0.333333,0.390358,0.514406
SLC6A3,0.75,9,3,0.333333,0.491552,0.492338
SLC9A3,0.75,9,3,0.333333,0.004316,0.355144
TASOR2,0.75,9,3,0.333333,0.517961,0.506668
WDR36,0.75,9,3,0.333333,0.002949,0.375227
ZNF608,0.75,9,3,0.333333,0.465248,0.464229
ANPEP,0.75,10,3,0.3,0.321296,0.456683
C10orf71,0.75,10,3,0.3,0.170561,0.397301
C7,0.75,10,3,0.3,0.462085,0.476345
CILP2,0.75,10,3,0.3,0.354665,0.425888
CNGB1,0.75,10,3,0.3,0.510413,0.489999
DIS3L2,0.75,10,3,0.3,0.009075,0.329545
HEPHL1,0.75,10,3,0.3,0.14754,0.408606
IGHMBP2,0.75,10,3,0.3,0.582506,0.490957
IQGAP2,0.75,10,3,0.3,0.500374,0.479481
ITGA8,0.75,10,3,0.3,0.149769,0.391152
MYH9,0.75,10,3,0.3,0.202998,0.397708
PPP1R12B,0.75,10,3,0.3,0.333188,0.430004
PXDNL,0.75,10,3,0.3,0.220362,0.416849
SORBS1,0.75,10,3,0.3,0.208256,0.38732
UBE2NL,0.75,10,3,0.3,0.33415,0.426066
USP6,0.75,10,3,0.3,0.254355,0.41531
WNK3,0.75,10,3,0.3,0.00129,0.267303
ASIC5,0.75,11,3,0.272727,0.000324,0.327789
COL17A1,0.75,11,3,0.272727,0.204114,0.354239
FAM47C,0.75,11,3,0.272727,0.128268,0.367759
IQSEC3,0.75,11,3,0.272727,4e-06,0.336498
MAP3K1,0.75,11,3,0.272727,0.467592,0.448332
SHPRH,0.75,11,3,0.272727,0.000489,0.289402
SVIL,0.75,11,3,0.272727,0.002126,0.296635
WDR72,0.75,11,3,0.272727,0.175564,0.415621
HELZ,0.75,12,3,0.25,0.269498,0.409211
LRFN5,0.75,12,3,0.25,0.548035,0.479654
MUC5AC,0.75,12,3,0.25,0.038046,0.308832
THSD7B,0.75,12,3,0.25,0.010353,0.263506
TRPM1,0.75,13,3,0.230769,0.377942,0.392557
CABIN1,0.75,14,3,0.214286,0.102731,0.285249
JCAD,0.75,14,3,0.214286,0.091669,0.321794
BCOR,0.75,15,3,0.2,0.002323,0.29811
DOCK1,0.75,15,3,0.2,0.059694,0.29075
FREM1,0.75,15,3,0.2,0.004404,0.281665
TACC2,0.75,15,3,0.2,0.0532,0.311028
A4GNT,0.75,2,2,1.0,0.991374,0.991374
AADAT,0.75,2,2,1.0,0.956429,0.956429
AASDHPPT,0.75,2,2,1.0,0.987993,0.987993
ABAT,0.75,2,2,1.0,0.980788,0.980788
ABHD12,0.75,2,2,1.0,0.984816,0.984816
AC004922.1,0.75,2,2,1.0,0.903796,0.903796
AC092143.1,0.75,2,2,1.0,0.98942,0.98942
AC093525.2,0.75,2,2,1.0,0.990988,0.990988
AC127029.3,0.75,2,2,1.0,0.971158,0.971158
ACADL,0.75,2,2,1.0,0.94466,0.94466
ACBD3,0.75,2,2,1.0,0.971274,0.971274
ACCSL,0.75,2,2,1.0,0.991503,0.991503
ACER1,0.75,2,2,1.0,0.991358,0.991358
ACHE,0.75,2,2,1.0,0.989255,0.989255
ACMSD,0.75,2,2,1.0,0.940638,0.940638
ACOT8,0.75,2,2,1.0,0.990462,0.990462
ACOX1,0.75,2,2,1.0,0.952597,0.952597
ACP6,0.75,2,2,1.0,0.984979,0.984979
ACSBG2,0.75,2,2,1.0,0.95083,0.95083
ACSL5,0.75,2,2,1.0,0.989361,0.989361
ACTR10,0.75,2,2,1.0,0.967145,0.967145
ADAMTS4,0.75,2,2,1.0,0.90174,0.90174
ADAT1,0.75,2,2,1.0,0.978868,0.978868
ADGRG2,0.75,2,2,1.0,0.982025,0.982025
ADGRG5,0.75,2,2,1.0,0.837344,0.837344
AFAP1L1,0.75,2,2,1.0,0.973403,0.973403
AFG3L2,0.75,2,2,1.0,0.848773,0.848773
AGAP6,0.75,2,2,1.0,0.986953,0.986953
AGFG2,0.75,2,2,1.0,0.951497,0.951497
AIFM1,0.75,2,2,1.0,0.90517,0.90517
AJM1,0.75,2,2,1.0,0.990986,0.990986
AK9,0.75,2,2,1.0,0.907331,0.907331
AKAP12,0.75,2,2,1.0,0.978463,0.978463
AKAP7,0.75,2,2,1.0,0.884532,0.884532
AKAP8L,0.75,2,2,1.0,0.97886,0.97886
AKR1C2,0.75,2,2,1.0,0.900683,0.900683
AKT1,0.75,2,2,1.0,0.981808,0.981808
AL035461.3,0.75,2,2,1.0,0.991302,0.991302
ALDH1B1,0.75,2,2,1.0,0.991485,0.991485
ALG1,0.75,2,2,1.0,0.980628,0.980628
ALMS1P1,0.75,2,2,1.0,0.948691,0.948691
AMDHD2,0.75,2,2,1.0,0.983796,0.983796
ANAPC5,0.75,2,2,1.0,0.920705,0.920705
ANKRA2,0.75,2,2,1.0,0.990867,0.990867
ANKRD10,0.75,2,2,1.0,0.948009,0.948009
ANKRD20A4P,0.75,2,2,1.0,0.982322,0.982322
ANKRD29,0.75,2,2,1.0,0.89413,0.89413
ANO10,0.75,2,2,1.0,0.971559,0.971559
ANXA1,0.75,2,2,1.0,0.929418,0.929418
ANXA11,0.75,2,2,1.0,0.956637,0.956637
ANXA2R,0.75,2,2,1.0,0.911289,0.911289
AP1AR,0.75,2,2,1.0,0.96954,0.96954
AP1G1,0.75,2,2,1.0,0.94567,0.94567
AP3D1,0.75,2,2,1.0,0.950439,0.950439
APCS,0.75,2,2,1.0,0.984715,0.984715
APOL1,0.75,2,2,1.0,0.991325,0.991325
APPL1,0.75,2,2,1.0,0.984179,0.984179
APPL2,0.75,2,2,1.0,0.869943,0.869943
AQP3,0.75,2,2,1.0,0.970989,0.970989
ARF4,0.75,2,2,1.0,0.97437,0.97437
ARHGAP17,0.75,2,2,1.0,0.987204,0.987204
ARHGAP36,0.75,2,2,1.0,0.96596,0.96596
ARHGEF6,0.75,2,2,1.0,0.968377,0.968377
ARL1,0.75,2,2,1.0,0.959922,0.959922
ARL4D,0.75,2,2,1.0,0.878319,0.878319
ARMC1,0.75,2,2,1.0,0.877235,0.877235
ARMC9,0.75,2,2,1.0,0.990877,0.990877
ARMCX3,0.75,2,2,1.0,0.987785,0.987785
ARMH4,0.75,2,2,1.0,0.967857,0.967857
ARPP21,0.75,2,2,1.0,0.973503,0.973503
ARSG,0.75,2,2,1.0,0.988288,0.988288
ASB11,0.75,2,2,1.0,0.991404,0.991404
ASB3,0.75,2,2,1.0,0.979471,0.979471
ASCC2,0.75,2,2,1.0,0.987101,0.987101
ASIC4,0.75,2,2,1.0,0.945902,0.945902
ASL,0.75,2,2,1.0,0.976738,0.976738
ATE1,0.75,2,2,1.0,0.976838,0.976838
ATG13,0.75,2,2,1.0,0.980312,0.980312
ATG2A,0.75,2,2,1.0,0.946752,0.946752
ATG5,0.75,2,2,1.0,0.941611,0.941611
ATP13A3,0.75,2,2,1.0,0.814692,0.814692
ATP4B,0.75,2,2,1.0,0.991415,0.991415
ATP5PB,0.75,2,2,1.0,0.984146,0.984146
ATP6V1H,0.75,2,2,1.0,0.991146,0.991146
AUNIP,0.75,2,2,1.0,0.991411,0.991411
AURKA,0.75,2,2,1.0,0.971998,0.971998
AURKC,0.75,2,2,1.0,0.99084,0.99084
AZI2,0.75,2,2,1.0,0.981298,0.981298
BANP,0.75,2,2,1.0,0.969948,0.969948
BARD1,0.75,2,2,1.0,0.926781,0.926781
BBS7,0.75,2,2,1.0,0.991369,0.991369
BCAN,0.75,2,2,1.0,0.991364,0.991364
BCL3,0.75,2,2,1.0,0.967906,0.967906
BHLHE40,0.75,2,2,1.0,0.925707,0.925707
BHMT,0.75,2,2,1.0,0.952772,0.952772
BIRC3,0.75,2,2,1.0,0.972928,0.972928
BNIP3L,0.75,2,2,1.0,0.928133,0.928133
BORA,0.75,2,2,1.0,0.968519,0.968519
BPGM,0.75,2,2,1.0,0.987295,0.987295
BPIFA3,0.75,2,2,1.0,0.984672,0.984672
BRD7,0.75,2,2,1.0,0.991388,0.991388
BRSK2,0.75,2,2,1.0,0.913712,0.913712
BTN2A3P,0.75,2,2,1.0,0.988076,0.988076
BTN3A2,0.75,2,2,1.0,0.991362,0.991362
BTNL2,0.75,2,2,1.0,0.984416,0.984416
C10orf120,0.75,2,2,1.0,0.825244,0.825244
C12orf60,0.75,2,2,1.0,0.983993,0.983993
C14orf93,0.75,2,2,1.0,0.979678,0.979678
C15orf48,0.75,2,2,1.0,0.973629,0.973629
C16orf46,0.75,2,2,1.0,0.938181,0.938181
C16orf91,0.75,2,2,1.0,0.990799,0.990799
C1QB,0.75,2,2,1.0,0.871052,0.871052
C1QC,0.75,2,2,1.0,0.979623,0.979623
C1QTNF7,0.75,2,2,1.0,0.935277,0.935277
C1orf54,0.75,2,2,1.0,0.904574,0.904574
C2orf83,0.75,2,2,1.0,0.966953,0.966953
C3orf22,0.75,2,2,1.0,0.987651,0.987651
C3orf33,0.75,2,2,1.0,0.977995,0.977995
C3orf35,0.75,2,2,1.0,0.906718,0.906718
C4B,0.75,2,2,1.0,0.946539,0.946539
C5orf34,0.75,2,2,1.0,0.97088,0.97088
C7orf33,0.75,2,2,1.0,0.903053,0.903053
CA11,0.75,2,2,1.0,0.974418,0.974418
CA7,0.75,2,2,1.0,0.927334,0.927334
CADPS2,0.75,2,2,1.0,0.991027,0.991027
CAMK1,0.75,2,2,1.0,0.970211,0.970211
CAMK1G,0.75,2,2,1.0,0.921892,0.921892
CAMKMT,0.75,2,2,1.0,0.984186,0.984186
CAPN2,0.75,2,2,1.0,0.990651,0.990651
CASKIN1,0.75,2,2,1.0,0.960061,0.960061
CAT,0.75,2,2,1.0,0.989814,0.989814
CATSPER4,0.75,2,2,1.0,0.920433,0.920433
CATSPERG,0.75,2,2,1.0,0.990819,0.990819
CBLC,0.75,2,2,1.0,0.990915,0.990915
CCDC121,0.75,2,2,1.0,0.973866,0.973866
CCDC124,0.75,2,2,1.0,0.977265,0.977265
CCDC144B,0.75,2,2,1.0,0.987715,0.987715
CCDC32,0.75,2,2,1.0,0.986587,0.986587
CCDC38,0.75,2,2,1.0,0.945404,0.945404
CCDC50,0.75,2,2,1.0,0.956396,0.956396
CCDC69,0.75,2,2,1.0,0.879814,0.879814
CCL26,0.75,2,2,1.0,0.991025,0.991025
CCM2,0.75,2,2,1.0,0.986908,0.986908
CCN6,0.75,2,2,1.0,0.934892,0.934892
CCNI,0.75,2,2,1.0,0.991377,0.991377
CCNQP1,0.75,2,2,1.0,0.978896,0.978896
CCR5,0.75,2,2,1.0,0.990003,0.990003
CCT4,0.75,2,2,1.0,0.983472,0.983472
CD1C,0.75,2,2,1.0,0.990664,0.990664
CD200,0.75,2,2,1.0,0.984419,0.984419
CD2AP,0.75,2,2,1.0,0.950038,0.950038
CD37,0.75,2,2,1.0,0.991404,0.991404
CD72,0.75,2,2,1.0,0.990882,0.990882
CDC23,0.75,2,2,1.0,0.991314,0.991314
CDC25C,0.75,2,2,1.0,0.947323,0.947323
CDC42EP3,0.75,2,2,1.0,0.916885,0.916885
CDC42SE2,0.75,2,2,1.0,0.975056,0.975056
CDCA3,0.75,2,2,1.0,0.958247,0.958247
CDCA7,0.75,2,2,1.0,0.978351,0.978351
CDK11A,0.75,2,2,1.0,0.991433,0.991433
CDR1,0.75,2,2,1.0,0.991399,0.991399
CDRT15,0.75,2,2,1.0,0.986093,0.986093
CDS2,0.75,2,2,1.0,0.972296,0.972296
CDX1,0.75,2,2,1.0,0.96826,0.96826
CELA1,0.75,2,2,1.0,0.906866,0.906866
CENPK,0.75,2,2,1.0,0.979577,0.979577
CEP170,0.75,2,2,1.0,0.952324,0.952324
CEP76,0.75,2,2,1.0,0.937581,0.937581
CEP89,0.75,2,2,1.0,0.986657,0.986657
CERS5,0.75,2,2,1.0,0.974916,0.974916
CES5A,0.75,2,2,1.0,0.822021,0.822021
CFAP53,0.75,2,2,1.0,0.972558,0.972558
CFL2,0.75,2,2,1.0,0.941519,0.941519
CHAF1A,0.75,2,2,1.0,0.951514,0.951514
CHDH,0.75,2,2,1.0,0.991331,0.991331
CHRD,0.75,2,2,1.0,0.860092,0.860092
CHRFAM7A,0.75,2,2,1.0,0.943141,0.943141
CHRM5,0.75,2,2,1.0,0.960166,0.960166
CHRNA7,0.75,2,2,1.0,0.989903,0.989903
CHRNB1,0.75,2,2,1.0,0.912211,0.912211
CHRNB3,0.75,2,2,1.0,0.938278,0.938278
CKMT2,0.75,2,2,1.0,0.989709,0.989709
CLASP1,0.75,2,2,1.0,0.919424,0.919424
CLCNKA,0.75,2,2,1.0,0.991186,0.991186
CLDN2,0.75,2,2,1.0,0.989342,0.989342
CLEC18B,0.75,2,2,1.0,0.971881,0.971881
CLEC7A,0.75,2,2,1.0,0.969213,0.969213
CLIC4,0.75,2,2,1.0,0.98644,0.98644
CLP1,0.75,2,2,1.0,0.894553,0.894553
CLRN3,0.75,2,2,1.0,0.946812,0.946812
CMTM6,0.75,2,2,1.0,0.954557,0.954557
CNN2,0.75,2,2,1.0,0.955304,0.955304
CNNM4,0.75,2,2,1.0,0.887758,0.887758
CNOT4,0.75,2,2,1.0,0.990408,0.990408
COA7,0.75,2,2,1.0,0.965896,0.965896
COG2,0.75,2,2,1.0,0.985712,0.985712
COL23A1,0.75,2,2,1.0,0.974895,0.974895
COL26A1,0.75,2,2,1.0,0.913574,0.913574
COPS4,0.75,2,2,1.0,0.932565,0.932565
CPB2,0.75,2,2,1.0,0.986158,0.986158
CPE,0.75,2,2,1.0,0.986089,0.986089
CPT1C,0.75,2,2,1.0,0.986089,0.986089
CPT2,0.75,2,2,1.0,0.883296,0.883296
CR1L,0.75,2,2,1.0,0.990867,0.990867
CREB3L4,0.75,2,2,1.0,0.88991,0.88991
CREB5,0.75,2,2,1.0,0.987779,0.987779
CRISP1,0.75,2,2,1.0,0.983609,0.983609
CRP,0.75,2,2,1.0,0.967565,0.967565
CRYGA,0.75,2,2,1.0,0.967536,0.967536
CRYZL1,0.75,2,2,1.0,0.952316,0.952316
CSAG1,0.75,2,2,1.0,0.978373,0.978373
CST1,0.75,2,2,1.0,0.987964,0.987964
CT83,0.75,2,2,1.0,0.985552,0.985552
CTAGE15,0.75,2,2,1.0,0.916365,0.916365
CTDSPL2,0.75,2,2,1.0,0.911707,0.911707
CTNNA1,0.75,2,2,1.0,0.912333,0.912333
CUTA,0.75,2,2,1.0,0.979721,0.979721
CXCR2,0.75,2,2,1.0,0.887274,0.887274
CXCR3,0.75,2,2,1.0,0.942658,0.942658
CXorf21,0.75,2,2,1.0,0.979671,0.979671
CYB561,0.75,2,2,1.0,0.915131,0.915131
CYP1A1,0.75,2,2,1.0,0.916759,0.916759
CYP3A5,0.75,2,2,1.0,0.925065,0.925065
DAG1,0.75,2,2,1.0,0.9726,0.9726
DAW1,0.75,2,2,1.0,0.967779,0.967779
DAZAP2,0.75,2,2,1.0,0.931751,0.931751
DCAF16,0.75,2,2,1.0,0.917844,0.917844
DCP2,0.75,2,2,1.0,0.990351,0.990351
DCTN5,0.75,2,2,1.0,0.983213,0.983213
DCUN1D2,0.75,2,2,1.0,0.980083,0.980083
DDIT3,0.75,2,2,1.0,0.96333,0.96333
DDX39B,0.75,2,2,1.0,0.990695,0.990695
DDX43,0.75,2,2,1.0,0.980706,0.980706
DDX50,0.75,2,2,1.0,0.974946,0.974946
DDX53,0.75,2,2,1.0,0.979797,0.979797
DECR1,0.75,2,2,1.0,0.99074,0.99074
DEFB104A,0.75,2,2,1.0,0.990942,0.990942
DEFB119,0.75,2,2,1.0,0.990524,0.990524
DELEC1,0.75,2,2,1.0,0.932203,0.932203
DENND10P1,0.75,2,2,1.0,0.991144,0.991144
DENND5A,0.75,2,2,1.0,0.990761,0.990761
DEPDC4,0.75,2,2,1.0,0.97158,0.97158
DEPTOR,0.75,2,2,1.0,0.948802,0.948802
DFFA,0.75,2,2,1.0,0.944802,0.944802
DHFR,0.75,2,2,1.0,0.890324,0.890324
DHRS1,0.75,2,2,1.0,0.952573,0.952573
DHRS12,0.75,2,2,1.0,0.983248,0.983248
DHX33,0.75,2,2,1.0,0.98299,0.98299
DHX9,0.75,2,2,1.0,0.99138,0.99138
DISP2,0.75,2,2,1.0,0.896277,0.896277
DKKL1,0.75,2,2,1.0,0.985933,0.985933
DLGAP3,0.75,2,2,1.0,0.989211,0.989211
DLK2,0.75,2,2,1.0,0.926291,0.926291
DNAAF4,0.75,2,2,1.0,0.976673,0.976673
DNAI1,0.75,2,2,1.0,0.95575,0.95575
DNAJA4,0.75,2,2,1.0,0.870485,0.870485
DNAJB4,0.75,2,2,1.0,0.991407,0.991407
DNAJB9,0.75,2,2,1.0,0.991484,0.991484
DNAJC22,0.75,2,2,1.0,0.982787,0.982787
DNASE1L1,0.75,2,2,1.0,0.978608,0.978608
DOLPP1,0.75,2,2,1.0,0.990936,0.990936
DPYSL3,0.75,2,2,1.0,0.890605,0.890605
DR1,0.75,2,2,1.0,0.978021,0.978021
DSTYK,0.75,2,2,1.0,0.862539,0.862539
DTD1,0.75,2,2,1.0,0.991068,0.991068
DTX2,0.75,2,2,1.0,0.98386,0.98386
DUSP10,0.75,2,2,1.0,0.877153,0.877153
DUSP22,0.75,2,2,1.0,0.989291,0.989291
DYNLRB1,0.75,2,2,1.0,0.968839,0.968839
DZIP1,0.75,2,2,1.0,0.988078,0.988078
E4F1,0.75,2,2,1.0,0.98105,0.98105
EAPP,0.75,2,2,1.0,0.826523,0.826523
EBAG9,0.75,2,2,1.0,0.971053,0.971053
ECT2,0.75,2,2,1.0,0.977759,0.977759
EDNRA,0.75,2,2,1.0,0.991354,0.991354
EED,0.75,2,2,1.0,0.991299,0.991299
EEF1AKMT1,0.75,2,2,1.0,0.990593,0.990593
EFNB3,0.75,2,2,1.0,0.933172,0.933172
EIF2AK2,0.75,2,2,1.0,0.983594,0.983594
EIF2B3,0.75,2,2,1.0,0.99147,0.99147
EIF4B,0.75,2,2,1.0,0.976671,0.976671
EIPR1,0.75,2,2,1.0,0.94092,0.94092
ELAVL1,0.75,2,2,1.0,0.978012,0.978012
ELAVL4,0.75,2,2,1.0,0.98296,0.98296
ELP2,0.75,2,2,1.0,0.980613,0.980613
ENO1,0.75,2,2,1.0,0.988852,0.988852
ENOSF1,0.75,2,2,1.0,0.861657,0.861657
ENPP4,0.75,2,2,1.0,0.978392,0.978392
EPN1,0.75,2,2,1.0,0.972233,0.972233
EPO,0.75,2,2,1.0,0.982965,0.982965
ERGIC1,0.75,2,2,1.0,0.980622,0.980622
ERMP1,0.75,2,2,1.0,0.991302,0.991302
ERV3-1,0.75,2,2,1.0,0.97885,0.97885
ESR2,0.75,2,2,1.0,0.980129,0.980129
ETHE1,0.75,2,2,1.0,0.990677,0.990677
EXOC3L1,0.75,2,2,1.0,0.984575,0.984575
EXOC6,0.75,2,2,1.0,0.987919,0.987919
FA2H,0.75,2,2,1.0,0.979225,0.979225
FABP6,0.75,2,2,1.0,0.968954,0.968954
FADS2,0.75,2,2,1.0,0.89979,0.89979
FAH,0.75,2,2,1.0,0.902823,0.902823
FAHD2A,0.75,2,2,1.0,0.990096,0.990096
FAM102A,0.75,2,2,1.0,0.856847,0.856847
FAM170A,0.75,2,2,1.0,0.967833,0.967833
FAM200A,0.75,2,2,1.0,0.971588,0.971588
FAM32A,0.75,2,2,1.0,0.958894,0.958894
FAM3B,0.75,2,2,1.0,0.977884,0.977884
FAM50B,0.75,2,2,1.0,0.963689,0.963689
FAM71C,0.75,2,2,1.0,0.982882,0.982882
FANCB,0.75,2,2,1.0,0.957945,0.957945
FANCD2OS,0.75,2,2,1.0,0.917112,0.917112
FAR2,0.75,2,2,1.0,0.991418,0.991418
FARSB,0.75,2,2,1.0,0.93271,0.93271
FBXL20,0.75,2,2,1.0,0.893517,0.893517
FBXL21P,0.75,2,2,1.0,0.990739,0.990739
FBXL4,0.75,2,2,1.0,0.983895,0.983895
FBXL7,0.75,2,2,1.0,0.825899,0.825899
FBXO8,0.75,2,2,1.0,0.984965,0.984965
FBXW12,0.75,2,2,1.0,0.899209,0.899209
FBXW8,0.75,2,2,1.0,0.973342,0.973342
FCHO1,0.75,2,2,1.0,0.989187,0.989187
FCN1,0.75,2,2,1.0,0.991369,0.991369
FCN2,0.75,2,2,1.0,0.991424,0.991424
FCRL6,0.75,2,2,1.0,0.990704,0.990704
FDFT1,0.75,2,2,1.0,0.990522,0.990522
FERMT1,0.75,2,2,1.0,0.986703,0.986703
FFAR4,0.75,2,2,1.0,0.901141,0.901141
FGF16,0.75,2,2,1.0,0.962818,0.962818
FGF9,0.75,2,2,1.0,0.967078,0.967078
FGFBP2,0.75,2,2,1.0,0.950815,0.950815
FHL3,0.75,2,2,1.0,0.978968,0.978968
FKBP9,0.75,2,2,1.0,0.98292,0.98292
FLCN,0.75,2,2,1.0,0.897408,0.897408
FLRT1,0.75,2,2,1.0,0.953148,0.953148
FMO1,0.75,2,2,1.0,0.975176,0.975176
FMO4,0.75,2,2,1.0,0.945811,0.945811
FNDC4,0.75,2,2,1.0,0.979236,0.979236
FNTA,0.75,2,2,1.0,0.981278,0.981278
FOCAD,0.75,2,2,1.0,0.988483,0.988483
FOXK1,0.75,2,2,1.0,0.957439,0.957439
FOXO1,0.75,2,2,1.0,0.970394,0.970394
FRA10AC1,0.75,2,2,1.0,0.957932,0.957932
FRG2B,0.75,2,2,1.0,0.983596,0.983596
FUT3,0.75,2,2,1.0,0.980784,0.980784
FUT7,0.75,2,2,1.0,0.981971,0.981971
FUT8,0.75,2,2,1.0,0.93178,0.93178
FXN,0.75,2,2,1.0,0.990539,0.990539
G6PC3,0.75,2,2,1.0,0.933742,0.933742
GALR1,0.75,2,2,1.0,0.941656,0.941656
GATAD2B,0.75,2,2,1.0,0.984534,0.984534
GBP2,0.75,2,2,1.0,0.991384,0.991384
GBP6,0.75,2,2,1.0,0.991458,0.991458
GCAT,0.75,2,2,1.0,0.98217,0.98217
GCDH,0.75,2,2,1.0,0.981878,0.981878
GCM2,0.75,2,2,1.0,0.986226,0.986226
GCNT1,0.75,2,2,1.0,0.897695,0.897695
GEMIN4,0.75,2,2,1.0,0.94523,0.94523
GFI1B,0.75,2,2,1.0,0.964902,0.964902
GFM1,0.75,2,2,1.0,0.947743,0.947743
GFOD1,0.75,2,2,1.0,0.986781,0.986781
GGA1,0.75,2,2,1.0,0.92959,0.92959
GGTLC2,0.75,2,2,1.0,0.938379,0.938379
GHR,0.75,2,2,1.0,0.932626,0.932626
GIMAP2,0.75,2,2,1.0,0.954255,0.954255
GIMAP5,0.75,2,2,1.0,0.965776,0.965776
GIMAP6,0.75,2,2,1.0,0.984177,0.984177
GJB3,0.75,2,2,1.0,0.989659,0.989659
GJD2,0.75,2,2,1.0,0.912789,0.912789
GLMN,0.75,2,2,1.0,0.972472,0.972472
GLP2R,0.75,2,2,1.0,0.974714,0.974714
GOLGA1,0.75,2,2,1.0,0.921436,0.921436
GOLGA2,0.75,2,2,1.0,0.99141,0.99141
GPAT4,0.75,2,2,1.0,0.924521,0.924521
GPATCH3,0.75,2,2,1.0,0.988094,0.988094
GPM6A,0.75,2,2,1.0,0.957637,0.957637
GPR143,0.75,2,2,1.0,0.986217,0.986217
GPR19,0.75,2,2,1.0,0.96406,0.96406
GPR25,0.75,2,2,1.0,0.903008,0.903008
GPR37L1,0.75,2,2,1.0,0.960037,0.960037
GPRIN3,0.75,2,2,1.0,0.988688,0.988688
GPX2,0.75,2,2,1.0,0.901916,0.901916
GRIA4,0.75,2,2,1.0,0.972448,0.972448
GSDME,0.75,2,2,1.0,0.972479,0.972479
GSG1,0.75,2,2,1.0,0.986183,0.986183
GSN,0.75,2,2,1.0,0.960569,0.960569
GSS,0.75,2,2,1.0,0.924986,0.924986
GSTO1,0.75,2,2,1.0,0.991379,0.991379
GTDC1,0.75,2,2,1.0,0.964663,0.964663
GTF3C2,0.75,2,2,1.0,0.980485,0.980485
GUCA2B,0.75,2,2,1.0,0.991211,0.991211
GUCY1A2,0.75,2,2,1.0,0.989396,0.989396
GZMK,0.75,2,2,1.0,0.981178,0.981178
HADHA,0.75,2,2,1.0,0.974772,0.974772
HADHB,0.75,2,2,1.0,0.966258,0.966258
HARS1,0.75,2,2,1.0,0.962655,0.962655
HAUS6,0.75,2,2,1.0,0.907364,0.907364
HAVCR1,0.75,2,2,1.0,0.988321,0.988321
HBS1L,0.75,2,2,1.0,0.979709,0.979709
HCAR2,0.75,2,2,1.0,0.986536,0.986536
HDAC7,0.75,2,2,1.0,0.957317,0.957317
HEPACAM,0.75,2,2,1.0,0.958473,0.958473
HIBCH,0.75,2,2,1.0,0.985274,0.985274
HIPK4,0.75,2,2,1.0,0.955703,0.955703
HJURP,0.75,2,2,1.0,0.990521,0.990521
HLA-DRB5,0.75,2,2,1.0,0.966664,0.966664
HM13,0.75,2,2,1.0,0.979148,0.979148
HMGN4,0.75,2,2,1.0,0.903026,0.903026
HOXA10,0.75,2,2,1.0,0.984963,0.984963
HOXA13,0.75,2,2,1.0,0.99138,0.99138
HOXB13,0.75,2,2,1.0,0.990873,0.990873
HOXB2,0.75,2,2,1.0,0.985794,0.985794
HS1BP3,0.75,2,2,1.0,0.955899,0.955899
HS2ST1,0.75,2,2,1.0,0.991098,0.991098
HS3ST2,0.75,2,2,1.0,0.991387,0.991387
HSD17B8,0.75,2,2,1.0,0.979505,0.979505
HSDL2,0.75,2,2,1.0,0.991463,0.991463
HSPBP1,0.75,2,2,1.0,0.970156,0.970156
HTR2A,0.75,2,2,1.0,0.884534,0.884534
HTRA4,0.75,2,2,1.0,0.991215,0.991215
HUNK,0.75,2,2,1.0,0.981568,0.981568
HYI,0.75,2,2,1.0,0.987882,0.987882
ICAM1,0.75,2,2,1.0,0.969338,0.969338
IFIT1B,0.75,2,2,1.0,0.951477,0.951477
IFNA7,0.75,2,2,1.0,0.991067,0.991067
IFNAR1,0.75,2,2,1.0,0.977574,0.977574
IFNGR2,0.75,2,2,1.0,0.986366,0.986366
IFNL1,0.75,2,2,1.0,0.991355,0.991355
IFT57,0.75,2,2,1.0,0.982317,0.982317
IGFBP3,0.75,2,2,1.0,0.967844,0.967844
IGFL1,0.75,2,2,1.0,0.928157,0.928157
IGFLR1,0.75,2,2,1.0,0.972391,0.972391
IGHA1,0.75,2,2,1.0,0.900674,0.900674
IGHV1-12,0.75,2,2,1.0,0.977379,0.977379
IGHV1-58,0.75,2,2,1.0,0.930128,0.930128
IGHV3-49,0.75,2,2,1.0,0.947446,0.947446
IGHV4-28,0.75,2,2,1.0,0.991433,0.991433
IGHV6-1,0.75,2,2,1.0,0.948889,0.948889
IGKV1-17,0.75,2,2,1.0,0.962712,0.962712
IGKV1D-17,0.75,2,2,1.0,0.966631,0.966631
IGKV2-30,0.75,2,2,1.0,0.938431,0.938431
IGKV2D-24,0.75,2,2,1.0,0.964335,0.964335
IGKV3D-11,0.75,2,2,1.0,0.984521,0.984521
IGKV6-21,0.75,2,2,1.0,0.972858,0.972858
IGLV3-9,0.75,2,2,1.0,0.897874,0.897874
IGSF8,0.75,2,2,1.0,0.973111,0.973111
IHO1,0.75,2,2,1.0,0.969518,0.969518
IL11RA,0.75,2,2,1.0,0.988582,0.988582
IL13RA1,0.75,2,2,1.0,0.982035,0.982035
IL17F,0.75,2,2,1.0,0.967761,0.967761
IL1RN,0.75,2,2,1.0,0.951026,0.951026
IL22RA1,0.75,2,2,1.0,0.960466,0.960466
IL27,0.75,2,2,1.0,0.973533,0.973533
ILK,0.75,2,2,1.0,0.991243,0.991243
IMPA2,0.75,2,2,1.0,0.885674,0.885674
INTS4,0.75,2,2,1.0,0.986578,0.986578
INTS6,0.75,2,2,1.0,0.978896,0.978896
IP6K2,0.75,2,2,1.0,0.89724,0.89724
IRAK1,0.75,2,2,1.0,0.981956,0.981956
ISG20L2,0.75,2,2,1.0,0.922729,0.922729
JAM2,0.75,2,2,1.0,0.98978,0.98978
JSRP1,0.75,2,2,1.0,0.959352,0.959352
KANK3,0.75,2,2,1.0,0.893437,0.893437
KAT2B,0.75,2,2,1.0,0.974153,0.974153
KCNF1,0.75,2,2,1.0,0.943273,0.943273
KCNH3,0.75,2,2,1.0,0.950412,0.950412
KCNJ16,0.75,2,2,1.0,0.900135,0.900135
KCNK16,0.75,2,2,1.0,0.982818,0.982818
KCNK17,0.75,2,2,1.0,0.989868,0.989868
KCTD10,0.75,2,2,1.0,0.977704,0.977704
KCTD15,0.75,2,2,1.0,0.984737,0.984737
KCTD3,0.75,2,2,1.0,0.984272,0.984272
KCTD6,0.75,2,2,1.0,0.991485,0.991485
KCTD7,0.75,2,2,1.0,0.986757,0.986757
KDM8,0.75,2,2,1.0,0.979032,0.979032
KHNYN,0.75,2,2,1.0,0.904821,0.904821
KIAA0825,0.75,2,2,1.0,0.960186,0.960186
KIF18B,0.75,2,2,1.0,0.955749,0.955749
KIF3C,0.75,2,2,1.0,0.924396,0.924396
KIRREL1,0.75,2,2,1.0,0.957063,0.957063
KLHL18,0.75,2,2,1.0,0.982791,0.982791
KRBA2,0.75,2,2,1.0,0.991291,0.991291
KRT17,0.75,2,2,1.0,0.93898,0.93898
KRT2,0.75,2,2,1.0,0.990547,0.990547
KRT24,0.75,2,2,1.0,0.974998,0.974998
KRT26,0.75,2,2,1.0,0.829484,0.829484
KRT28,0.75,2,2,1.0,0.986053,0.986053
KRT35,0.75,2,2,1.0,0.980952,0.980952
KRT75,0.75,2,2,1.0,0.912177,0.912177
KRT76,0.75,2,2,1.0,0.956485,0.956485
KRT78,0.75,2,2,1.0,0.984276,0.984276
KRTAP10-1,0.75,2,2,1.0,0.911697,0.911697
KRTAP4-4,0.75,2,2,1.0,0.98795,0.98795
KRTAP6-1,0.75,2,2,1.0,0.991362,0.991362
KYAT3,0.75,2,2,1.0,0.845819,0.845819
LACRT,0.75,2,2,1.0,0.880035,0.880035
LARP1B,0.75,2,2,1.0,0.984505,0.984505
LARP4,0.75,2,2,1.0,0.961587,0.961587
LAX1,0.75,2,2,1.0,0.958321,0.958321
LCA5,0.75,2,2,1.0,0.982791,0.982791
LDLRAD4,0.75,2,2,1.0,0.990866,0.990866
LGR6,0.75,2,2,1.0,0.960069,0.960069
LHFPL3,0.75,2,2,1.0,0.987316,0.987316
LHFPL6,0.75,2,2,1.0,0.981512,0.981512
LILRA5,0.75,2,2,1.0,0.989821,0.989821
LIPE,0.75,2,2,1.0,0.985754,0.985754
LIPF,0.75,2,2,1.0,0.975612,0.975612
LLCFC1,0.75,2,2,1.0,0.991482,0.991482
LMF1,0.75,2,2,1.0,0.953671,0.953671
LPL,0.75,2,2,1.0,0.991182,0.991182
LRRC2,0.75,2,2,1.0,0.982949,0.982949
LRRC37A2,0.75,2,2,1.0,0.888989,0.888989
LRRC49,0.75,2,2,1.0,0.870319,0.870319
LRRC74A,0.75,2,2,1.0,0.868337,0.868337
LRRTM3,0.75,2,2,1.0,0.987175,0.987175
LUC7L,0.75,2,2,1.0,0.895542,0.895542
LYPD4,0.75,2,2,1.0,0.9828,0.9828
LZTFL1,0.75,2,2,1.0,0.976706,0.976706
MAGEB2,0.75,2,2,1.0,0.961842,0.961842
MAGEE2,0.75,2,2,1.0,0.894585,0.894585
MAP2,0.75,2,2,1.0,0.90345,0.90345
MAP2K3,0.75,2,2,1.0,0.984165,0.984165
MAP2K7,0.75,2,2,1.0,0.949308,0.949308
MAP3K13,0.75,2,2,1.0,0.941844,0.941844
MAP3K9,0.75,2,2,1.0,0.880483,0.880483
MAP4K1,0.75,2,2,1.0,0.956363,0.956363
MAPK6,0.75,2,2,1.0,0.877881,0.877881
MARCHF2,0.75,2,2,1.0,0.983571,0.983571
MARCHF8,0.75,2,2,1.0,0.984558,0.984558
MAVS,0.75,2,2,1.0,0.932661,0.932661
MBNL2,0.75,2,2,1.0,0.976464,0.976464
MCAM,0.75,2,2,1.0,0.990671,0.990671
ME2,0.75,2,2,1.0,0.984883,0.984883
MED21,0.75,2,2,1.0,0.991408,0.991408
MED4,0.75,2,2,1.0,0.959819,0.959819
MEGF9,0.75,2,2,1.0,0.987375,0.987375
MEPE,0.75,2,2,1.0,0.986195,0.986195
METTL14,0.75,2,2,1.0,0.948573,0.948573
METTL15,0.75,2,2,1.0,0.982828,0.982828
METTL17,0.75,2,2,1.0,0.990766,0.990766
METTL2A,0.75,2,2,1.0,0.917246,0.917246
MEX3C,0.75,2,2,1.0,0.984894,0.984894
MGAT4A,0.75,2,2,1.0,0.9835,0.9835
MIR551B,0.75,2,2,1.0,0.917192,0.917192
MKLN1,0.75,2,2,1.0,0.989057,0.989057
MLLT3,0.75,2,2,1.0,0.90109,0.90109
MMD,0.75,2,2,1.0,0.934113,0.934113
MMP16,0.75,2,2,1.0,0.902267,0.902267
MMP2,0.75,2,2,1.0,0.990392,0.990392
MNS1,0.75,2,2,1.0,0.951537,0.951537
MOB3C,0.75,2,2,1.0,0.991399,0.991399
MOSPD2,0.75,2,2,1.0,0.962878,0.962878
MPL,0.75,2,2,1.0,0.986602,0.986602
MPP5,0.75,2,2,1.0,0.991506,0.991506
MPP6,0.75,2,2,1.0,0.987956,0.987956
MRGBP,0.75,2,2,1.0,0.914294,0.914294
MRGPRD,0.75,2,2,1.0,0.950859,0.950859
MRGPRX2,0.75,2,2,1.0,0.991124,0.991124
MRPL54,0.75,2,2,1.0,0.975496,0.975496
MRPS22,0.75,2,2,1.0,0.95959,0.95959
MRPS7,0.75,2,2,1.0,0.775278,0.775278
MSANTD2,0.75,2,2,1.0,0.984588,0.984588
MT1A,0.75,2,2,1.0,0.959229,0.959229
MTARC1,0.75,2,2,1.0,0.980605,0.980605
MTERF3,0.75,2,2,1.0,0.908257,0.908257
MTMR4,0.75,2,2,1.0,0.982573,0.982573
MTSS1,0.75,2,2,1.0,0.914987,0.914987
MUC20,0.75,2,2,1.0,0.980761,0.980761
MUC7,0.75,2,2,1.0,0.990292,0.990292
MYBL2,0.75,2,2,1.0,0.983043,0.983043
MYOZ3,0.75,2,2,1.0,0.972766,0.972766
NAB1,0.75,2,2,1.0,0.987243,0.987243
NANP,0.75,2,2,1.0,0.967674,0.967674
NAP1L2,0.75,2,2,1.0,0.960665,0.960665
NBPF10,0.75,2,2,1.0,0.905586,0.905586
NBPF15,0.75,2,2,1.0,0.964033,0.964033
NCAPH,0.75,2,2,1.0,0.988873,0.988873
NCBP2,0.75,2,2,1.0,0.954886,0.954886
NDUFA4,0.75,2,2,1.0,0.991398,0.991398
NDUFS2,0.75,2,2,1.0,0.977007,0.977007
NECAP1,0.75,2,2,1.0,0.987688,0.987688
NECTIN1,0.75,2,2,1.0,0.932452,0.932452
NEDD9,0.75,2,2,1.0,0.965062,0.965062
NEK4,0.75,2,2,1.0,0.987294,0.987294
NEK9,0.75,2,2,1.0,0.910507,0.910507
NELFA,0.75,2,2,1.0,0.967448,0.967448
NELFCD,0.75,2,2,1.0,0.983875,0.983875
NFATC3,0.75,2,2,1.0,0.991356,0.991356
NFE2L2,0.75,2,2,1.0,0.934019,0.934019
NFIA,0.75,2,2,1.0,0.904732,0.904732
NFIC,0.75,2,2,1.0,0.991,0.991
NFKB1,0.75,2,2,1.0,0.991371,0.991371
NFKBIA,0.75,2,2,1.0,0.882853,0.882853
NICN1,0.75,2,2,1.0,0.97685,0.97685
NIF3L1,0.75,2,2,1.0,0.939531,0.939531
NIPSNAP2,0.75,2,2,1.0,0.990645,0.990645
NMD3,0.75,2,2,1.0,0.985548,0.985548
NMS,0.75,2,2,1.0,0.951186,0.951186
NMUR1,0.75,2,2,1.0,0.851509,0.851509
NPNT,0.75,2,2,1.0,0.824894,0.824894
NPSR1,0.75,2,2,1.0,0.971548,0.971548
NQO2,0.75,2,2,1.0,0.871602,0.871602
NR1D1,0.75,2,2,1.0,0.862549,0.862549
NR2F6,0.75,2,2,1.0,0.969031,0.969031
NUCB2,0.75,2,2,1.0,0.938108,0.938108
NUDCD1,0.75,2,2,1.0,0.9329,0.9329
NUDT12,0.75,2,2,1.0,0.917722,0.917722
NUDT9,0.75,2,2,1.0,0.974155,0.974155
NUP188,0.75,2,2,1.0,0.99117,0.99117
NUP35,0.75,2,2,1.0,0.949836,0.949836
NUP42,0.75,2,2,1.0,0.987144,0.987144
NUP58,0.75,2,2,1.0,0.97936,0.97936
NXNL1,0.75,2,2,1.0,0.880422,0.880422
OAF,0.75,2,2,1.0,0.960959,0.960959
OBI1,0.75,2,2,1.0,0.866253,0.866253
OCEL1,0.75,2,2,1.0,0.991384,0.991384
OFCC1,0.75,2,2,1.0,0.946653,0.946653
OGFOD1,0.75,2,2,1.0,0.930978,0.930978
OMA1,0.75,2,2,1.0,0.98943,0.98943
OR10A4,0.75,2,2,1.0,0.924399,0.924399
OR10X1,0.75,2,2,1.0,0.906813,0.906813
OR14C36,0.75,2,2,1.0,0.956176,0.956176
OR14K1,0.75,2,2,1.0,0.988052,0.988052
OR1C1,0.75,2,2,1.0,0.928508,0.928508
OR1L3,0.75,2,2,1.0,0.876868,0.876868
OR1L4,0.75,2,2,1.0,0.991438,0.991438
OR2AG2,0.75,2,2,1.0,0.984258,0.984258
OR2V2,0.75,2,2,1.0,0.979242,0.979242
OR3A2,0.75,2,2,1.0,0.991347,0.991347
OR4E2,0.75,2,2,1.0,0.958921,0.958921
OR4F5,0.75,2,2,1.0,0.986961,0.986961
OR4F6,0.75,2,2,1.0,0.932934,0.932934
OR4K1,0.75,2,2,1.0,0.97201,0.97201
OR4K14,0.75,2,2,1.0,0.979325,0.979325
OR51B5,0.75,2,2,1.0,0.96886,0.96886
OR51B6,0.75,2,2,1.0,0.902738,0.902738
OR56A1,0.75,2,2,1.0,0.984289,0.984289
OR5B12,0.75,2,2,1.0,0.881611,0.881611
OR5B3,0.75,2,2,1.0,0.956273,0.956273
OR5P3,0.75,2,2,1.0,0.905439,0.905439
OR5T1,0.75,2,2,1.0,0.978284,0.978284
OR6B2,0.75,2,2,1.0,0.964207,0.964207
OR6K3,0.75,2,2,1.0,0.991446,0.991446
OR7A5,0.75,2,2,1.0,0.986799,0.986799
OR7D4,0.75,2,2,1.0,0.990885,0.990885
OR9I1,0.75,2,2,1.0,0.972215,0.972215
ORM1,0.75,2,2,1.0,0.967645,0.967645
OSGEP,0.75,2,2,1.0,0.897641,0.897641
OSTF1,0.75,2,2,1.0,0.929224,0.929224
OTULINL,0.75,2,2,1.0,0.933216,0.933216
OTX1,0.75,2,2,1.0,0.979382,0.979382
OVGP1,0.75,2,2,1.0,0.989358,0.989358
P2RX1,0.75,2,2,1.0,0.982079,0.982079
P2RX5,0.75,2,2,1.0,0.978539,0.978539
P2RY1,0.75,2,2,1.0,0.989849,0.989849
P2RY14,0.75,2,2,1.0,0.983305,0.983305
PACSIN1,0.75,2,2,1.0,0.982354,0.982354
PAK1,0.75,2,2,1.0,0.991398,0.991398
PANK4,0.75,2,2,1.0,0.970222,0.970222
PATL1,0.75,2,2,1.0,0.974992,0.974992
PAX1,0.75,2,2,1.0,0.991078,0.991078
PAX7,0.75,2,2,1.0,0.991446,0.991446
PBRM1,0.75,2,2,1.0,0.92255,0.92255
PBX4,0.75,2,2,1.0,0.980216,0.980216
PCGF3,0.75,2,2,1.0,0.955143,0.955143
PCGF5,0.75,2,2,1.0,0.945112,0.945112
PCNX3,0.75,2,2,1.0,0.941393,0.941393
PCNX4,0.75,2,2,1.0,0.977378,0.977378
PCYOX1,0.75,2,2,1.0,0.912478,0.912478
PCYT2,0.75,2,2,1.0,0.968788,0.968788
PDCL,0.75,2,2,1.0,0.98596,0.98596
PDE12,0.75,2,2,1.0,0.927698,0.927698
PDIK1L,0.75,2,2,1.0,0.984465,0.984465
PDLIM1,0.75,2,2,1.0,0.990906,0.990906
PDPR,0.75,2,2,1.0,0.98369,0.98369
PELI1,0.75,2,2,1.0,0.896436,0.896436
PGA5,0.75,2,2,1.0,0.979376,0.979376
PGS1,0.75,2,2,1.0,0.942379,0.942379
PHC3,0.75,2,2,1.0,0.990478,0.990478
PHGDH,0.75,2,2,1.0,0.915936,0.915936
PHKG1,0.75,2,2,1.0,0.863518,0.863518
PI4K2B,0.75,2,2,1.0,0.991393,0.991393
PIBF1,0.75,2,2,1.0,0.960724,0.960724
PID1,0.75,2,2,1.0,0.988694,0.988694
PIF1,0.75,2,2,1.0,0.894643,0.894643
PIK3C3,0.75,2,2,1.0,0.991362,0.991362
PILRA,0.75,2,2,1.0,0.991323,0.991323
PIP4P1,0.75,2,2,1.0,0.991277,0.991277
PITX2,0.75,2,2,1.0,0.927745,0.927745
PKMYT1,0.75,2,2,1.0,0.97692,0.97692
PLA2R1,0.75,2,2,1.0,0.978681,0.978681
PLD2,0.75,2,2,1.0,0.973283,0.973283
PLEKHA3,0.75,2,2,1.0,0.976133,0.976133
PLEKHA8,0.75,2,2,1.0,0.950739,0.950739
PLEKHB2,0.75,2,2,1.0,0.928361,0.928361
PLXDC2,0.75,2,2,1.0,0.936406,0.936406
PNPLA8,0.75,2,2,1.0,0.984436,0.984436
POC1A,0.75,2,2,1.0,0.991449,0.991449
POLD4,0.75,2,2,1.0,0.968561,0.968561
POLN,0.75,2,2,1.0,0.88754,0.88754
POM121,0.75,2,2,1.0,0.977339,0.977339
POMGNT2,0.75,2,2,1.0,0.937184,0.937184
POU2F1,0.75,2,2,1.0,0.89567,0.89567
PPARA,0.75,2,2,1.0,0.853255,0.853255
PPFIBP2,0.75,2,2,1.0,0.888264,0.888264
PPIAL4G,0.75,2,2,1.0,0.942791,0.942791
PPID,0.75,2,2,1.0,0.983554,0.983554
PPIH,0.75,2,2,1.0,0.985617,0.985617
PPIL6,0.75,2,2,1.0,0.875737,0.875737
PPP1R17,0.75,2,2,1.0,0.986219,0.986219
PPP1R21,0.75,2,2,1.0,0.910829,0.910829
PPP1R3B,0.75,2,2,1.0,0.91082,0.91082
PPP1R7,0.75,2,2,1.0,0.880639,0.880639
PPP3R2,0.75,2,2,1.0,0.925592,0.925592
PQBP1,0.75,2,2,1.0,0.970292,0.970292
PRAMEF7,0.75,2,2,1.0,0.98492,0.98492
PRB1,0.75,2,2,1.0,0.967979,0.967979
PRDM7,0.75,2,2,1.0,0.940251,0.940251
PRIMA1,0.75,2,2,1.0,0.944154,0.944154
PRKCG,0.75,2,2,1.0,0.975235,0.975235
PROKR1,0.75,2,2,1.0,0.981619,0.981619
PRPF38A,0.75,2,2,1.0,0.918036,0.918036
PRSS22,0.75,2,2,1.0,0.917413,0.917413
PRSS37,0.75,2,2,1.0,0.935399,0.935399
PSMC2,0.75,2,2,1.0,0.991342,0.991342
PSMD1,0.75,2,2,1.0,0.981612,0.981612
PSMD9,0.75,2,2,1.0,0.804183,0.804183
PSMG2,0.75,2,2,1.0,0.974635,0.974635
PTGER2,0.75,2,2,1.0,0.936862,0.936862
PTGS1,0.75,2,2,1.0,0.887992,0.887992
PTPN1,0.75,2,2,1.0,0.990432,0.990432
QRICH2,0.75,2,2,1.0,0.98675,0.98675
R3HDM4,0.75,2,2,1.0,0.949272,0.949272
RAB10,0.75,2,2,1.0,0.984622,0.984622
RAB39A,0.75,2,2,1.0,0.991297,0.991297
RAB3D,0.75,2,2,1.0,0.964623,0.964623
RABGAP1,0.75,2,2,1.0,0.987423,0.987423
RAET1E,0.75,2,2,1.0,0.959478,0.959478
RAET1L,0.75,2,2,1.0,0.980749,0.980749
RANBP3,0.75,2,2,1.0,0.991052,0.991052
RAPGEF5,0.75,2,2,1.0,0.978277,0.978277
RASSF8,0.75,2,2,1.0,0.899818,0.899818
RBL2,0.75,2,2,1.0,0.991487,0.991487
RBPJ,0.75,2,2,1.0,0.93337,0.93337
RCAN3,0.75,2,2,1.0,0.899291,0.899291
RECQL5,0.75,2,2,1.0,0.976322,0.976322
REEP5,0.75,2,2,1.0,0.96045,0.96045
REL,0.75,2,2,1.0,0.910236,0.910236
RENBP,0.75,2,2,1.0,0.985322,0.985322
RETREG2,0.75,2,2,1.0,0.946174,0.946174
RETSAT,0.75,2,2,1.0,0.98749,0.98749
RFX1,0.75,2,2,1.0,0.971476,0.971476
RGS2,0.75,2,2,1.0,0.991376,0.991376
RHBDD2,0.75,2,2,1.0,0.927139,0.927139
RIN2,0.75,2,2,1.0,0.961729,0.961729
RIOK3,0.75,2,2,1.0,0.848005,0.848005
RIPK1,0.75,2,2,1.0,0.99079,0.99079
RMI1,0.75,2,2,1.0,0.97432,0.97432
RNASE4,0.75,2,2,1.0,0.991373,0.991373
RNF10,0.75,2,2,1.0,0.99132,0.99132
RNF133,0.75,2,2,1.0,0.862459,0.862459
RNF149,0.75,2,2,1.0,0.910552,0.910552
RNF150,0.75,2,2,1.0,0.990562,0.990562
RNF157,0.75,2,2,1.0,0.9573,0.9573
RNGTT,0.75,2,2,1.0,0.980033,0.980033
RNMT,0.75,2,2,1.0,0.881099,0.881099
RP9,0.75,2,2,1.0,0.990321,0.990321
RPE,0.75,2,2,1.0,0.989538,0.989538
RPL13A,0.75,2,2,1.0,0.925133,0.925133
RPL15,0.75,2,2,1.0,0.875499,0.875499
RPL36A,0.75,2,2,1.0,0.982289,0.982289
RPP14,0.75,2,2,1.0,0.985194,0.985194
RPS6KA5,0.75,2,2,1.0,0.984637,0.984637
RSL1D1,0.75,2,2,1.0,0.92445,0.92445
RSPH3,0.75,2,2,1.0,0.977348,0.977348
RSPO2,0.75,2,2,1.0,0.976077,0.976077
RSPO4,0.75,2,2,1.0,0.943653,0.943653
RTF1,0.75,2,2,1.0,0.947472,0.947472
RUNDC3B,0.75,2,2,1.0,0.906564,0.906564
SAMHD1,0.75,2,2,1.0,0.909507,0.909507
SBSN,0.75,2,2,1.0,0.88462,0.88462
SCMH1,0.75,2,2,1.0,0.979696,0.979696
SDCBP,0.75,2,2,1.0,0.889826,0.889826
SDR42E1,0.75,2,2,1.0,0.986536,0.986536
SELP,0.75,2,2,1.0,0.989843,0.989843
SEMA3F,0.75,2,2,1.0,0.968762,0.968762
SENP8,0.75,2,2,1.0,0.986994,0.986994
SETD6,0.75,2,2,1.0,0.940023,0.940023
SFMBT1,0.75,2,2,1.0,0.971722,0.971722
SFTPA2,0.75,2,2,1.0,0.96065,0.96065
SGCE,0.75,2,2,1.0,0.93262,0.93262
SH2B1,0.75,2,2,1.0,0.932503,0.932503
SHARPIN,0.75,2,2,1.0,0.991472,0.991472
SHISA2,0.75,2,2,1.0,0.951425,0.951425
SHMT2,0.75,2,2,1.0,0.914444,0.914444
SIAH2,0.75,2,2,1.0,0.974946,0.974946
SIGLEC14,0.75,2,2,1.0,0.969729,0.969729
SIGLEC6,0.75,2,2,1.0,0.983931,0.983931
SIGLECL1,0.75,2,2,1.0,0.977404,0.977404
SIRPD,0.75,2,2,1.0,0.925724,0.925724
SIRT2,0.75,2,2,1.0,0.932965,0.932965
SIRT7,0.75,2,2,1.0,0.981993,0.981993
SKA1,0.75,2,2,1.0,0.96438,0.96438
SKP1,0.75,2,2,1.0,0.968702,0.968702
SLC14A1,0.75,2,2,1.0,0.928939,0.928939
SLC16A12,0.75,2,2,1.0,0.824349,0.824349
SLC19A3,0.75,2,2,1.0,0.97072,0.97072
SLC1A3,0.75,2,2,1.0,0.963015,0.963015
SLC20A1,0.75,2,2,1.0,0.947703,0.947703
SLC22A1,0.75,2,2,1.0,0.984207,0.984207
SLC22A17,0.75,2,2,1.0,0.957184,0.957184
SLC25A13,0.75,2,2,1.0,0.984408,0.984408
SLC25A40,0.75,2,2,1.0,0.990424,0.990424
SLC25A41,0.75,2,2,1.0,0.960695,0.960695
SLC25A53,0.75,2,2,1.0,0.985193,0.985193
SLC26A7,0.75,2,2,1.0,0.903604,0.903604
SLC2A3,0.75,2,2,1.0,0.986656,0.986656
SLC30A7,0.75,2,2,1.0,0.980182,0.980182
SLC33A1,0.75,2,2,1.0,0.867997,0.867997
SLC34A1,0.75,2,2,1.0,0.917096,0.917096
SLC35B4,0.75,2,2,1.0,0.878979,0.878979
SLC37A1,0.75,2,2,1.0,0.984924,0.984924
SLC39A2,0.75,2,2,1.0,0.974455,0.974455
SLC39A3,0.75,2,2,1.0,0.976977,0.976977
SLC44A2,0.75,2,2,1.0,0.98423,0.98423
SLC7A1,0.75,2,2,1.0,0.985142,0.985142
SLC8A2,0.75,2,2,1.0,0.991378,0.991378
SLCO1A2,0.75,2,2,1.0,0.986019,0.986019
SMARCD1,0.75,2,2,1.0,0.98402,0.98402
SNORD115-21,0.75,2,2,1.0,0.799959,0.799959
SNORD115-22,0.75,2,2,1.0,0.988781,0.988781
SNPH,0.75,2,2,1.0,0.984016,0.984016
SP140,0.75,2,2,1.0,0.977855,0.977855
SPAG8,0.75,2,2,1.0,0.975282,0.975282
SPANXN2,0.75,2,2,1.0,0.965647,0.965647
SPANXN3,0.75,2,2,1.0,0.974099,0.974099
SPATA5L1,0.75,2,2,1.0,0.988764,0.988764
SPATA7,0.75,2,2,1.0,0.982811,0.982811
SPDYE3,0.75,2,2,1.0,0.990663,0.990663
SPNS1,0.75,2,2,1.0,0.971163,0.971163
SPP1,0.75,2,2,1.0,0.982419,0.982419
SPPL2C,0.75,2,2,1.0,0.982527,0.982527
SPRR1A,0.75,2,2,1.0,0.804494,0.804494
SQSTM1,0.75,2,2,1.0,0.989959,0.989959
SRPX,0.75,2,2,1.0,0.967935,0.967935
SS18,0.75,2,2,1.0,0.917529,0.917529
SS18L1,0.75,2,2,1.0,0.973592,0.973592
SSH3,0.75,2,2,1.0,0.990868,0.990868
SSR1,0.75,2,2,1.0,0.914829,0.914829
SSR4,0.75,2,2,1.0,0.981833,0.981833
SSU72P8,0.75,2,2,1.0,0.98493,0.98493
STAC3,0.75,2,2,1.0,0.938631,0.938631
STAT3,0.75,2,2,1.0,0.981484,0.981484
STEAP2,0.75,2,2,1.0,0.950459,0.950459
STK32A,0.75,2,2,1.0,0.979038,0.979038
STRIP1,0.75,2,2,1.0,0.990922,0.990922
STYX,0.75,2,2,1.0,0.919839,0.919839
SULT6B1,0.75,2,2,1.0,0.980032,0.980032
SUPT5H,0.75,2,2,1.0,0.90138,0.90138
SUPV3L1,0.75,2,2,1.0,0.984519,0.984519
SVOP,0.75,2,2,1.0,0.956821,0.956821
SYCP3,0.75,2,2,1.0,0.910404,0.910404
SYDE1,0.75,2,2,1.0,0.814734,0.814734
SYTL3,0.75,2,2,1.0,0.982539,0.982539
SYVN1,0.75,2,2,1.0,0.958488,0.958488
TACO1,0.75,2,2,1.0,0.922725,0.922725
TAF1A,0.75,2,2,1.0,0.967852,0.967852
TAF6,0.75,2,2,1.0,0.982979,0.982979
TAF7,0.75,2,2,1.0,0.989921,0.989921
TAFA1,0.75,2,2,1.0,0.984036,0.984036
TARDBP,0.75,2,2,1.0,0.954568,0.954568
TARS2,0.75,2,2,1.0,0.978826,0.978826
TAS1R1,0.75,2,2,1.0,0.982079,0.982079
TAS2R10,0.75,2,2,1.0,0.986036,0.986036
TAS2R38,0.75,2,2,1.0,0.969027,0.969027
TBC1D29P,0.75,2,2,1.0,0.986031,0.986031
TBC1D5,0.75,2,2,1.0,0.971842,0.971842
TBRG4,0.75,2,2,1.0,0.987042,0.987042
TCAIM,0.75,2,2,1.0,0.97208,0.97208
TCF19,0.75,2,2,1.0,0.94225,0.94225
TCF3,0.75,2,2,1.0,0.985747,0.985747
TCTE1,0.75,2,2,1.0,0.92234,0.92234
TDG,0.75,2,2,1.0,0.988752,0.988752
TERF2,0.75,2,2,1.0,0.899764,0.899764
TERF2IP,0.75,2,2,1.0,0.989171,0.989171
TESK2,0.75,2,2,1.0,0.984417,0.984417
TEX26,0.75,2,2,1.0,0.984011,0.984011
TEX37,0.75,2,2,1.0,0.940465,0.940465
TEX44,0.75,2,2,1.0,0.967148,0.967148
TFDP2,0.75,2,2,1.0,0.974422,0.974422
TGFB1I1,0.75,2,2,1.0,0.905604,0.905604
THAP4,0.75,2,2,1.0,0.985393,0.985393
THPO,0.75,2,2,1.0,0.95269,0.95269
THRB,0.75,2,2,1.0,0.981269,0.981269
TIGD6,0.75,2,2,1.0,0.977467,0.977467
TLCD3A,0.75,2,2,1.0,0.972096,0.972096
TLCD5,0.75,2,2,1.0,0.878357,0.878357
TLK2,0.75,2,2,1.0,0.989188,0.989188
TLR4,0.75,2,2,1.0,0.878709,0.878709
TM4SF4,0.75,2,2,1.0,0.939517,0.939517
TMCO3,0.75,2,2,1.0,0.972018,0.972018
TMEM120B,0.75,2,2,1.0,0.895332,0.895332
TMEM150C,0.75,2,2,1.0,0.969095,0.969095
TMEM161B,0.75,2,2,1.0,0.987413,0.987413
TMEM163,0.75,2,2,1.0,0.990738,0.990738
TMEM171,0.75,2,2,1.0,0.985603,0.985603
TMEM177,0.75,2,2,1.0,0.909813,0.909813
TMEM196,0.75,2,2,1.0,0.991235,0.991235
TMEM219,0.75,2,2,1.0,0.989488,0.989488
TMEM39A,0.75,2,2,1.0,0.986381,0.986381
TMEM59L,0.75,2,2,1.0,0.909038,0.909038
TMEM72,0.75,2,2,1.0,0.983113,0.983113
TMPRSS11A,0.75,2,2,1.0,0.990204,0.990204
TMPRSS11B,0.75,2,2,1.0,0.882463,0.882463
TNFRSF9,0.75,2,2,1.0,0.877199,0.877199
TNRC18,0.75,2,2,1.0,0.981798,0.981798
TNS2,0.75,2,2,1.0,0.99137,0.99137
TOP1,0.75,2,2,1.0,0.987111,0.987111
TPSAB1,0.75,2,2,1.0,0.955216,0.955216
TRAFD1,0.75,2,2,1.0,0.982608,0.982608
TRAJ38,0.75,2,2,1.0,0.88345,0.88345
TRBC2,0.75,2,2,1.0,0.986997,0.986997
TRBV2,0.75,2,2,1.0,0.973541,0.973541
TRGC1,0.75,2,2,1.0,0.865386,0.865386
TRIB3,0.75,2,2,1.0,0.989486,0.989486
TRIM5,0.75,2,2,1.0,0.991495,0.991495
TRMT1,0.75,2,2,1.0,0.985712,0.985712
TRMT2B,0.75,2,2,1.0,0.989354,0.989354
TSC22D1,0.75,2,2,1.0,0.980358,0.980358
TSEN34,0.75,2,2,1.0,0.988412,0.988412
TSPYL6,0.75,2,2,1.0,0.900956,0.900956
TTBK1,0.75,2,2,1.0,0.920466,0.920466
TTC29,0.75,2,2,1.0,0.982631,0.982631
TTC39B,0.75,2,2,1.0,0.954032,0.954032
TTC5,0.75,2,2,1.0,0.989018,0.989018
TTC9C,0.75,2,2,1.0,0.991451,0.991451
TTLL11,0.75,2,2,1.0,0.954184,0.954184
TUBGCP2,0.75,2,2,1.0,0.991387,0.991387
TWSG1,0.75,2,2,1.0,0.991406,0.991406
TXLNG,0.75,2,2,1.0,0.973791,0.973791
TYMP,0.75,2,2,1.0,0.935089,0.935089
UCHL3,0.75,2,2,1.0,0.99143,0.99143
UGDH,0.75,2,2,1.0,0.915661,0.915661
UGT1A3,0.75,2,2,1.0,0.974569,0.974569
UHMK1,0.75,2,2,1.0,0.990008,0.990008
UPF3B,0.75,2,2,1.0,0.984806,0.984806
UPK1A,0.75,2,2,1.0,0.935815,0.935815
USH1G,0.75,2,2,1.0,0.991451,0.991451
USP25,0.75,2,2,1.0,0.981229,0.981229
USP4,0.75,2,2,1.0,0.987934,0.987934
USP50,0.75,2,2,1.0,0.921567,0.921567
UTP6,0.75,2,2,1.0,0.923138,0.923138
VAPB,0.75,2,2,1.0,0.981021,0.981021
VAT1L,0.75,2,2,1.0,0.991212,0.991212
VCX3A,0.75,2,2,1.0,0.978733,0.978733
VCX3B,0.75,2,2,1.0,0.911355,0.911355
VEZT,0.75,2,2,1.0,0.963121,0.963121
VIPR1,0.75,2,2,1.0,0.954471,0.954471
VKORC1L1,0.75,2,2,1.0,0.991415,0.991415
VPREB1,0.75,2,2,1.0,0.919277,0.919277
VPS26A,0.75,2,2,1.0,0.990915,0.990915
VPS4B,0.75,2,2,1.0,0.991314,0.991314
WAC,0.75,2,2,1.0,0.99143,0.99143
WDR43,0.75,2,2,1.0,0.989624,0.989624
WDR83,0.75,2,2,1.0,0.893754,0.893754
WDR89,0.75,2,2,1.0,0.920291,0.920291
WNT10B,0.75,2,2,1.0,0.894592,0.894592
WNT8B,0.75,2,2,1.0,0.987171,0.987171
XPNPEP3,0.75,2,2,1.0,0.991452,0.991452
XRCC1,0.75,2,2,1.0,0.950167,0.950167
YIPF5,0.75,2,2,1.0,0.991333,0.991333
ZBTB37,0.75,2,2,1.0,0.89971,0.89971
ZBTB46,0.75,2,2,1.0,0.991343,0.991343
ZBTB9,0.75,2,2,1.0,0.922312,0.922312
ZC3HAV1,0.75,2,2,1.0,0.991383,0.991383
ZDHHC14,0.75,2,2,1.0,0.974317,0.974317
ZFP2,0.75,2,2,1.0,0.98814,0.98814
ZFYVE28,0.75,2,2,1.0,0.96114,0.96114
ZIC5,0.75,2,2,1.0,0.909924,0.909924
ZIK1,0.75,2,2,1.0,0.964042,0.964042
ZMYND19,0.75,2,2,1.0,0.990714,0.990714
ZNF143,0.75,2,2,1.0,0.899809,0.899809
ZNF16,0.75,2,2,1.0,0.990143,0.990143
ZNF165,0.75,2,2,1.0,0.966684,0.966684
ZNF175,0.75,2,2,1.0,0.986126,0.986126
ZNF2,0.75,2,2,1.0,0.956187,0.956187
ZNF20,0.75,2,2,1.0,0.989831,0.989831
ZNF221,0.75,2,2,1.0,0.990797,0.990797
ZNF222,0.75,2,2,1.0,0.987607,0.987607
ZNF223,0.75,2,2,1.0,0.99103,0.99103
ZNF225,0.75,2,2,1.0,0.99138,0.99138
ZNF230,0.75,2,2,1.0,0.872753,0.872753
ZNF260,0.75,2,2,1.0,0.991409,0.991409
ZNF277,0.75,2,2,1.0,0.987886,0.987886
ZNF320,0.75,2,2,1.0,0.80187,0.80187
ZNF345,0.75,2,2,1.0,0.892517,0.892517
ZNF382,0.75,2,2,1.0,0.99099,0.99099
ZNF394,0.75,2,2,1.0,0.865865,0.865865
ZNF396,0.75,2,2,1.0,0.9886,0.9886
ZNF429,0.75,2,2,1.0,0.964119,0.964119
ZNF441,0.75,2,2,1.0,0.990935,0.990935
ZNF449,0.75,2,2,1.0,0.965125,0.965125
ZNF490,0.75,2,2,1.0,0.950487,0.950487
ZNF511-PRAP1,0.75,2,2,1.0,0.973571,0.973571
ZNF512,0.75,2,2,1.0,0.927195,0.927195
ZNF514,0.75,2,2,1.0,0.901884,0.901884
ZNF559,0.75,2,2,1.0,0.951429,0.951429
ZNF561,0.75,2,2,1.0,0.931491,0.931491
ZNF571,0.75,2,2,1.0,0.991239,0.991239
ZNF610,0.75,2,2,1.0,0.896162,0.896162
ZNF614,0.75,2,2,1.0,0.991215,0.991215
ZNF655,0.75,2,2,1.0,0.987109,0.987109
ZNF670,0.75,2,2,1.0,0.991422,0.991422
ZNF677,0.75,2,2,1.0,0.977955,0.977955
ZNF695,0.75,2,2,1.0,0.983423,0.983423
ZNF749,0.75,2,2,1.0,0.984547,0.984547
ZNF763,0.75,2,2,1.0,0.928083,0.928083
ZNF772,0.75,2,2,1.0,0.991283,0.991283
ZNF780A,0.75,2,2,1.0,0.981751,0.981751
ZNF8,0.75,2,2,1.0,0.973637,0.973637
ZNF829,0.75,2,2,1.0,0.953471,0.953471
ZNF888,0.75,2,2,1.0,0.977516,0.977516
ZP1,0.75,2,2,1.0,0.98285,0.98285
ZSCAN5B,0.75,2,2,1.0,0.990821,0.990821
ZSCAN9,0.75,2,2,1.0,0.898464,0.898464
ZSWIM1,0.75,2,2,1.0,0.991135,0.991135
ZYG11B,0.75,2,2,1.0,0.990954,0.990954
ABCB10,0.75,3,2,0.666667,0.94975,0.746322
ABHD10,0.75,3,2,0.666667,0.939439,0.684097
ABHD16A,0.75,3,2,0.666667,0.860962,0.616143
ABHD8,0.75,3,2,0.666667,0.93721,0.640133
ABL1,0.75,3,2,0.666667,0.991352,0.818129
ACAD11,0.75,3,2,0.666667,0.972765,0.897372
ACADVL,0.75,3,2,0.666667,0.849712,0.613845
ACSBG1,0.75,3,2,0.666667,0.854485,0.805653
ACSL3,0.75,3,2,0.666667,0.870968,0.675216
ACTR3,0.75,3,2,0.666667,0.96027,0.644588
ACTRT2,0.75,3,2,0.666667,0.92156,0.751647
ACVR2A,0.75,3,2,0.666667,0.871212,0.617846
ADAM17,0.75,3,2,0.666667,0.988639,0.659799
ADARB1,0.75,3,2,0.666667,0.896714,0.767736
ADCYAP1,0.75,3,2,0.666667,0.90593,0.632003
ADCYAP1R1,0.75,3,2,0.666667,0.933666,0.743043
ADGRB1,0.75,3,2,0.666667,0.846832,0.612732
ADH1C,0.75,3,2,0.666667,0.940547,0.643969
ADH7,0.75,3,2,0.666667,0.951762,0.707561
AFMID,0.75,3,2,0.666667,0.987051,0.6596
AGPAT1,0.75,3,2,0.666667,0.862892,0.800694
AGTR1,0.75,3,2,0.666667,0.991434,0.704506
AHCY,0.75,3,2,0.666667,0.987215,0.777745
AIMP2,0.75,3,2,0.666667,0.989276,0.662591
AIRE,0.75,3,2,0.666667,0.983639,0.658377
AK5,0.75,3,2,0.666667,0.942136,0.83913
AKNA,0.75,3,2,0.666667,0.812586,0.602652
AKR1C1,0.75,3,2,0.666667,0.990998,0.748885
AL109984.1,0.75,3,2,0.666667,0.98899,0.65993
ALAS1,0.75,3,2,0.666667,0.824293,0.60563
ALDH1L2,0.75,3,2,0.666667,0.954257,0.709016
ALDH9A1,0.75,3,2,0.666667,0.95625,0.753853
ALDOC,0.75,3,2,0.666667,0.99057,0.810528
ALKBH2,0.75,3,2,0.666667,0.881383,0.670635
ALS2,0.75,3,2,0.666667,0.758538,0.543317
AMELX,0.75,3,2,0.666667,0.917869,0.636171
ANGPTL1,0.75,3,2,0.666667,0.905506,0.638669
ANKRD20A5P,0.75,3,2,0.666667,0.970963,0.666449
ANKRD34B,0.75,3,2,0.666667,0.976337,0.850528
ANKRD53,0.75,3,2,0.666667,0.948314,0.884441
ANO7,0.75,3,2,0.666667,0.978478,0.75221
ANO8,0.75,3,2,0.666667,0.913928,0.636451
ANXA13,0.75,3,2,0.666667,0.990388,0.661172
AP002748.5,0.75,3,2,0.666667,0.968987,0.653458
APBB1IP,0.75,3,2,0.666667,0.990241,0.810709
APH1A,0.75,3,2,0.666667,0.923504,0.638275
APMAP,0.75,3,2,0.666667,0.986024,0.680049
AQP7,0.75,3,2,0.666667,0.978189,0.787815
ARHGAP26,0.75,3,2,0.666667,0.991053,0.66103
ARHGEF12,0.75,3,2,0.666667,0.95553,0.648213
ARHGEF16,0.75,3,2,0.666667,0.911617,0.754252
ARHGEF18,0.75,3,2,0.666667,0.936216,0.664137
ARHGEF37,0.75,3,2,0.666667,0.99026,0.660617
ARIH2,0.75,3,2,0.666667,0.95286,0.817167
ARL14,0.75,3,2,0.666667,0.961625,0.659226
ARMC8,0.75,3,2,0.666667,0.990649,0.739264
ARMT1,0.75,3,2,0.666667,0.981353,0.657071
ARPP19P2,0.75,3,2,0.666667,0.938404,0.663566
ARRB1,0.75,3,2,0.666667,0.854032,0.734095
ARRDC3,0.75,3,2,0.666667,0.961136,0.697131
ARSJ,0.75,3,2,0.666667,0.972802,0.714061
ASNS,0.75,3,2,0.666667,0.975781,0.658351
ASNSD1,0.75,3,2,0.666667,0.968476,0.649289
ASPHD1,0.75,3,2,0.666667,0.934654,0.791512
ATP2A2,0.75,3,2,0.666667,0.991328,0.663554
ATP6V0D2,0.75,3,2,0.666667,0.991472,0.662906
ATP8B2,0.75,3,2,0.666667,0.752728,0.784714
ATXN10,0.75,3,2,0.666667,0.972777,0.722103
ATXN3L,0.75,3,2,0.666667,0.982337,0.805883
B3GALT5,0.75,3,2,0.666667,0.898334,0.734892
B4GALT2,0.75,3,2,0.666667,0.976502,0.867251
BACH2,0.75,3,2,0.666667,0.917108,0.63606
BAG6,0.75,3,2,0.666667,0.953732,0.832034
BAHCC1,0.75,3,2,0.666667,0.78553,0.587037
BAIAP2L1,0.75,3,2,0.666667,0.976717,0.853666
BBS12,0.75,3,2,0.666667,0.972354,0.665339
BBX,0.75,3,2,0.666667,0.9846,0.839335
BCAT1,0.75,3,2,0.666667,0.95682,0.649422
BCL11B,0.75,3,2,0.666667,0.840696,0.607107
BLK,0.75,3,2,0.666667,0.991454,0.839438
BLMH,0.75,3,2,0.666667,0.991326,0.682095
BMPR1B,0.75,3,2,0.666667,0.770921,0.586136
BORCS5,0.75,3,2,0.666667,0.968724,0.653378
BRAT1,0.75,3,2,0.666667,0.949895,0.645576
BRD3,0.75,3,2,0.666667,0.991088,0.827697
BRIX1,0.75,3,2,0.666667,0.83505,0.603414
BSDC1,0.75,3,2,0.666667,0.98603,0.772429
BTG3,0.75,3,2,0.666667,0.991239,0.684254
BTG4,0.75,3,2,0.666667,0.979114,0.657131
BUB1B,0.75,3,2,0.666667,0.812511,0.680755
C11orf65,0.75,3,2,0.666667,0.874623,0.862443
C12orf71,0.75,3,2,0.666667,0.832993,0.608108
C16orf71,0.75,3,2,0.666667,0.961905,0.899342
C17orf80,0.75,3,2,0.666667,0.911569,0.684717
C20orf194,0.75,3,2,0.666667,0.99123,0.669367
C20orf85,0.75,3,2,0.666667,0.916804,0.761643
C2CD2,0.75,3,2,0.666667,0.809743,0.551483
C2orf42,0.75,3,2,0.666667,0.879974,0.590629
C3AR1,0.75,3,2,0.666667,0.778809,0.587285
C4orf17,0.75,3,2,0.666667,0.963892,0.711553
C7orf65,0.75,3,2,0.666667,0.991289,0.714959
CACNB3,0.75,3,2,0.666667,0.896701,0.646702
CADM1,0.75,3,2,0.666667,0.969947,0.890378
CAPS,0.75,3,2,0.666667,0.824294,0.590075
CAPSL,0.75,3,2,0.666667,0.99001,0.819475
CARS2,0.75,3,2,0.666667,0.980996,0.869902
CAVIN3,0.75,3,2,0.666667,0.990168,0.672441
CBX2,0.75,3,2,0.666667,0.991432,0.88799
CC2D1A,0.75,3,2,0.666667,0.979123,0.656856
CC2D2A,0.75,3,2,0.666667,0.94311,0.641366
CCDC190,0.75,3,2,0.666667,0.785433,0.596914
CCDC30,0.75,3,2,0.666667,0.936511,0.695406
CCDC40,0.75,3,2,0.666667,0.779599,0.786588
CCDC62,0.75,3,2,0.666667,0.98602,0.799224
CCHCR1,0.75,3,2,0.666667,0.949278,0.719526
CCNE2,0.75,3,2,0.666667,0.963867,0.770839
CCR2,0.75,3,2,0.666667,0.955509,0.810523
CCR6,0.75,3,2,0.666667,0.966056,0.670548
CCT5,0.75,3,2,0.666667,0.832908,0.647516
CD226,0.75,3,2,0.666667,0.97804,0.782535
CD3E,0.75,3,2,0.666667,0.918376,0.704826
CD8B,0.75,3,2,0.666667,0.886411,0.62599
CDC20,0.75,3,2,0.666667,0.98135,0.713097
CDC73,0.75,3,2,0.666667,0.918951,0.778906
CDCA2,0.75,3,2,0.666667,0.929454,0.639855
CDCP2,0.75,3,2,0.666667,0.767525,0.614238
CDHR3,0.75,3,2,0.666667,0.937925,0.631401
CDIP1,0.75,3,2,0.666667,0.964667,0.666487
CDK3,0.75,3,2,0.666667,0.989866,0.800056
CDKL3,0.75,3,2,0.666667,0.78772,0.619727
CELA3B,0.75,3,2,0.666667,0.826309,0.571316
CELF6,0.75,3,2,0.666667,0.858485,0.614189
CFAP251,0.75,3,2,0.666667,0.991269,0.75994
CFAP45,0.75,3,2,0.666667,0.990408,0.888097
CFAP70,0.75,3,2,0.666667,0.980756,0.657016
CGN,0.75,3,2,0.666667,0.859716,0.673849
CHD1L,0.75,3,2,0.666667,0.785526,0.80363
CHST6,0.75,3,2,0.666667,0.820659,0.787527
CHSY1,0.75,3,2,0.666667,0.989366,0.84509
CHUK,0.75,3,2,0.666667,0.988181,0.659863
CITED2,0.75,3,2,0.666667,0.808154,0.565089
CLASRP,0.75,3,2,0.666667,0.991426,0.660952
CLEC10A,0.75,3,2,0.666667,0.962612,0.717998
CLEC4D,0.75,3,2,0.666667,0.981528,0.840305
CLK3,0.75,3,2,0.666667,0.883624,0.619953
CLK4,0.75,3,2,0.666667,0.947186,0.890484
CLMN,0.75,3,2,0.666667,0.792965,0.616378
CLN5,0.75,3,2,0.666667,0.971868,0.658017
CLTC,0.75,3,2,0.666667,0.989941,0.765445
CMTR1,0.75,3,2,0.666667,0.906015,0.631774
CNPY4,0.75,3,2,0.666667,0.825356,0.815122
CNTF,0.75,3,2,0.666667,0.965243,0.652205
COIL,0.75,3,2,0.666667,0.900968,0.778159
COL25A1,0.75,3,2,0.666667,0.964609,0.890891
COLEC10,0.75,3,2,0.666667,0.952516,0.838221
COLGALT1,0.75,3,2,0.666667,0.971727,0.877996
CORO2A,0.75,3,2,0.666667,0.956165,0.833201
COX10,0.75,3,2,0.666667,0.938485,0.828629
CPNE2,0.75,3,2,0.666667,0.937206,0.637335
CPSF3,0.75,3,2,0.666667,0.968108,0.653592
CREB3,0.75,3,2,0.666667,0.834822,0.615225
CRIM1,0.75,3,2,0.666667,0.950286,0.818308
CROT,0.75,3,2,0.666667,0.990262,0.763379
CRTC2,0.75,3,2,0.666667,0.768297,0.577961
CRY2,0.75,3,2,0.666667,0.966575,0.723387
CSH1,0.75,3,2,0.666667,0.97184,0.722559
CSPG5,0.75,3,2,0.666667,0.894068,0.803327
CTSC,0.75,3,2,0.666667,0.991055,0.676057
CTSW,0.75,3,2,0.666667,0.808336,0.74966
CWF19L1,0.75,3,2,0.666667,0.986861,0.883674
CYP4Z1,0.75,3,2,0.666667,0.975568,0.72298
CYTH1,0.75,3,2,0.666667,0.759285,0.724756
DAAM1,0.75,3,2,0.666667,0.969641,0.6519
DCAF6,0.75,3,2,0.666667,0.942076,0.778157
DCBLD1,0.75,3,2,0.666667,0.949702,0.672952
DCTN2,0.75,3,2,0.666667,0.902935,0.631417
DDX42,0.75,3,2,0.666667,0.988378,0.666573
DDX46,0.75,3,2,0.666667,0.911508,0.829617
DDX58,0.75,3,2,0.666667,0.991271,0.855529
DEAF1,0.75,3,2,0.666667,0.911552,0.839777
DECR2,0.75,3,2,0.666667,0.831927,0.685094
DELE1,0.75,3,2,0.666667,0.943149,0.715459
DENND3,0.75,3,2,0.666667,0.986446,0.804663
DENND5B,0.75,3,2,0.666667,0.845096,0.572818
DERA,0.75,3,2,0.666667,0.937756,0.643056
DGAT2L6,0.75,3,2,0.666667,0.979009,0.731068
DHCR7,0.75,3,2,0.666667,0.981172,0.819179
DISC1,0.75,3,2,0.666667,0.840086,0.669656
DKK1,0.75,3,2,0.666667,0.943877,0.645094
DLX4,0.75,3,2,0.666667,0.808982,0.60087
DNAH12,0.75,3,2,0.666667,0.991061,0.804188
DNAJC14,0.75,3,2,0.666667,0.986507,0.776332
DNAJC21,0.75,3,2,0.666667,0.988746,0.882797
DOK1,0.75,3,2,0.666667,0.933139,0.806687
DOK6,0.75,3,2,0.666667,0.951554,0.733535
DPF3,0.75,3,2,0.666667,0.965687,0.646476
DPYD,0.75,3,2,0.666667,0.975173,0.828091
DRG2,0.75,3,2,0.666667,0.978875,0.741
DSG2,0.75,3,2,0.666667,0.985004,0.806387
DUS1L,0.75,3,2,0.666667,0.979383,0.656915
DUSP16,0.75,3,2,0.666667,0.913842,0.810621
DVL2,0.75,3,2,0.666667,0.920268,0.672231
E2F3,0.75,3,2,0.666667,0.964494,0.65158
E2F6,0.75,3,2,0.666667,0.968476,0.653343
EDARADD,0.75,3,2,0.666667,0.950856,0.795345
EDC3,0.75,3,2,0.666667,0.827041,0.796636
EDEM1,0.75,3,2,0.666667,0.884076,0.626259
EDRF1,0.75,3,2,0.666667,0.973147,0.738796
EI24P4,0.75,3,2,0.666667,0.95655,0.840681
EIF2D,0.75,3,2,0.666667,0.932513,0.623809
EIF3B,0.75,3,2,0.666667,0.94351,0.864621
EIF3D,0.75,3,2,0.666667,0.908966,0.80088
EIF4G3,0.75,3,2,0.666667,0.867777,0.639
EIF4H,0.75,3,2,0.666667,0.979696,0.884886
ELK4,0.75,3,2,0.666667,0.936778,0.766636
ELP3,0.75,3,2,0.666667,0.917006,0.873324
ENOX2,0.75,3,2,0.666667,0.851164,0.839445
ENTPD1,0.75,3,2,0.666667,0.814273,0.576154
ENTPD3,0.75,3,2,0.666667,0.983185,0.885486
ENTR1,0.75,3,2,0.666667,0.985527,0.871457
EPB41L1,0.75,3,2,0.666667,0.840092,0.830631
EPHX2,0.75,3,2,0.666667,0.952545,0.738008
EPM2A,0.75,3,2,0.666667,0.957736,0.651347
ERCC2,0.75,3,2,0.666667,0.897635,0.809867
ERVW-1,0.75,3,2,0.666667,0.972201,0.874209
ETS2,0.75,3,2,0.666667,0.986029,0.659182
EXO1,0.75,3,2,0.666667,0.991334,0.763463
EXO5,0.75,3,2,0.666667,0.868318,0.78912
EXOC3,0.75,3,2,0.666667,0.991447,0.660983
EXOC3L2,0.75,3,2,0.666667,0.866189,0.624264
EZR,0.75,3,2,0.666667,0.965682,0.831107
FAIM,0.75,3,2,0.666667,0.990341,0.745158
FAM118A,0.75,3,2,0.666667,0.839739,0.77187
FAM118B,0.75,3,2,0.666667,0.847952,0.614446
FAM153B,0.75,3,2,0.666667,0.807805,0.599773
FAM169A,0.75,3,2,0.666667,0.84664,0.634435
FAM228A,0.75,3,2,0.666667,0.889234,0.627173
FAM71F1,0.75,3,2,0.666667,0.944666,0.653975
FBXO40,0.75,3,2,0.666667,0.818544,0.674882
FBXO47,0.75,3,2,0.666667,0.977577,0.784905
FCGR3B,0.75,3,2,0.666667,0.948437,0.705777
FCRLA,0.75,3,2,0.666667,0.942761,0.832475
FGGY,0.75,3,2,0.666667,0.770179,0.637281
FKBP10,0.75,3,2,0.666667,0.952939,0.772873
FMNL2,0.75,3,2,0.666667,0.932252,0.634949
FMO5,0.75,3,2,0.666667,0.988503,0.746635
FNDC3A,0.75,3,2,0.666667,0.94804,0.64694
FOLR3,0.75,3,2,0.666667,0.948565,0.646064
FOXD4L6,0.75,3,2,0.666667,0.874528,0.621907
FOXN4,0.75,3,2,0.666667,0.976088,0.652221
FOXS1,0.75,3,2,0.666667,0.983231,0.759721
FRK,0.75,3,2,0.666667,0.911513,0.644582
FRMD3,0.75,3,2,0.666667,0.97606,0.890595
FRMD4B,0.75,3,2,0.666667,0.972776,0.652433
FRRS1,0.75,3,2,0.666667,0.974524,0.80028
FTO,0.75,3,2,0.666667,0.990568,0.762929
G6PC,0.75,3,2,0.666667,0.983087,0.765593
GAB1,0.75,3,2,0.666667,0.954437,0.636395
GABRA3,0.75,3,2,0.666667,0.950532,0.64322
GAL3ST4,0.75,3,2,0.666667,0.785433,0.68185
GALNTL6,0.75,3,2,0.666667,0.902332,0.631824
GALT,0.75,3,2,0.666667,0.907471,0.629503
GATA4,0.75,3,2,0.666667,0.991371,0.837302
GCC2,0.75,3,2,0.666667,0.845511,0.608988
GCSAM,0.75,3,2,0.666667,0.953709,0.644914
GDAP2,0.75,3,2,0.666667,0.935971,0.792905
GJA10,0.75,3,2,0.666667,0.958735,0.795548
GJB4,0.75,3,2,0.666667,0.984082,0.793055
GJB5,0.75,3,2,0.666667,0.98418,0.906922
GLT6D1,0.75,3,2,0.666667,0.832968,0.793218
GOLGA6B,0.75,3,2,0.666667,0.984214,0.664865
GPBP1,0.75,3,2,0.666667,0.930305,0.64206
GPC4,0.75,3,2,0.666667,0.893904,0.628469
GPNMB,0.75,3,2,0.666667,0.928127,0.742582
GPR107,0.75,3,2,0.666667,0.961079,0.650141
GPR182,0.75,3,2,0.666667,0.991363,0.818132
GPR34,0.75,3,2,0.666667,0.895954,0.62612
GPR52,0.75,3,2,0.666667,0.911581,0.607848
GPSM2,0.75,3,2,0.666667,0.960096,0.75811
GRAMD2A,0.75,3,2,0.666667,0.845724,0.856736
GRB7,0.75,3,2,0.666667,0.986012,0.89787
GRK1,0.75,3,2,0.666667,0.938476,0.643327
GRM5,0.75,3,2,0.666667,0.971398,0.676494
GRWD1,0.75,3,2,0.666667,0.986668,0.659267
GTF3C3,0.75,3,2,0.666667,0.988524,0.661078
H2AC4,0.75,3,2,0.666667,0.986577,0.750234
H3-5,0.75,3,2,0.666667,0.97871,0.691991
HAUS7,0.75,3,2,0.666667,0.874532,0.747459
HCCS,0.75,3,2,0.666667,0.921897,0.618331
HDAC6,0.75,3,2,0.666667,0.896675,0.619011
HDLBP,0.75,3,2,0.666667,0.820924,0.604115
HEATR6,0.75,3,2,0.666667,0.988637,0.77816
HEATR9,0.75,3,2,0.666667,0.991307,0.771072
HELT,0.75,3,2,0.666667,0.981418,0.762202
HEXA,0.75,3,2,0.666667,0.991327,0.660975
HEXD,0.75,3,2,0.666667,0.9338,0.641614
HEYL,0.75,3,2,0.666667,0.991434,0.660966
HGFAC,0.75,3,2,0.666667,0.922588,0.625365
HID1,0.75,3,2,0.666667,0.978591,0.731932
HIPK3,0.75,3,2,0.666667,0.969339,0.894147
HJV,0.75,3,2,0.666667,0.906222,0.635489
HK1,0.75,3,2,0.666667,0.991246,0.699233
HNRNPR,0.75,3,2,0.666667,0.890498,0.667341
HNRNPUL1,0.75,3,2,0.666667,0.991281,0.857298
HOOK2,0.75,3,2,0.666667,0.94974,0.85824
HOXB3,0.75,3,2,0.666667,0.990951,0.720901
HOXC9,0.75,3,2,0.666667,0.882554,0.624574
HPCAL4,0.75,3,2,0.666667,0.877132,0.779564
HPGD,0.75,3,2,0.666667,0.938414,0.685471
HPR,0.75,3,2,0.666667,0.988774,0.782542
HPX,0.75,3,2,0.666667,0.963376,0.650925
HSD3B1,0.75,3,2,0.666667,0.96276,0.882531
HSPA1L,0.75,3,2,0.666667,0.987855,0.743128
IARS2,0.75,3,2,0.666667,0.990405,0.810821
ICA1L,0.75,3,2,0.666667,0.970154,0.657952
ICAM5,0.75,3,2,0.666667,0.991443,0.660971
ICE2,0.75,3,2,0.666667,0.82451,0.597881
IFI44L,0.75,3,2,0.666667,0.972755,0.745802
IFIT3,0.75,3,2,0.666667,0.94672,0.785966
IFT46,0.75,3,2,0.666667,0.836539,0.609434
IGBP1P2,0.75,3,2,0.666667,0.837292,0.661725
IGFBP7,0.75,3,2,0.666667,0.97766,0.701683
IGHG4,0.75,3,2,0.666667,0.793523,0.838471
IGHV3-64,0.75,3,2,0.666667,0.83295,0.670274
IGKV1D-42,0.75,3,2,0.666667,0.872994,0.793432
IGSF21,0.75,3,2,0.666667,0.991273,0.660872
IL2RB,0.75,3,2,0.666667,0.844756,0.677419
IMMT,0.75,3,2,0.666667,0.827859,0.60647
ING2,0.75,3,2,0.666667,0.934571,0.642272
INIP,0.75,3,2,0.666667,0.985219,0.863387
INO80,0.75,3,2,0.666667,0.962061,0.853742
INTS11,0.75,3,2,0.666667,0.930287,0.640584
IQCB1,0.75,3,2,0.666667,0.987335,0.705205
IQCG,0.75,3,2,0.666667,0.930584,0.886802
IRF9,0.75,3,2,0.666667,0.93503,0.787715
ISM2,0.75,3,2,0.666667,0.973183,0.649295
ITGA7,0.75,3,2,0.666667,0.934619,0.642062
ITK,0.75,3,2,0.666667,0.988587,0.695542
JADE2,0.75,3,2,0.666667,0.834983,0.819708
JAK1,0.75,3,2,0.666667,0.902858,0.717199
JAK3,0.75,3,2,0.666667,0.854334,0.683035
JUN,0.75,3,2,0.666667,0.96835,0.693686
KANK2,0.75,3,2,0.666667,0.886074,0.706819
KATNA1,0.75,3,2,0.666667,0.962578,0.673048
KAZN,0.75,3,2,0.666667,0.991469,0.660995
KCND3,0.75,3,2,0.666667,0.943116,0.813969
KCNMB1,0.75,3,2,0.666667,0.977811,0.657128
KERA,0.75,3,2,0.666667,0.991455,0.890348
KIF7,0.75,3,2,0.666667,0.872458,0.616231
KIFAP3,0.75,3,2,0.666667,0.842415,0.808574
KLF1,0.75,3,2,0.666667,0.987538,0.659554
KLF12,0.75,3,2,0.666667,0.942417,0.642118
KLHL12,0.75,3,2,0.666667,0.873805,0.711401
KLHL5,0.75,3,2,0.666667,0.991034,0.849363
KLK9,0.75,3,2,0.666667,0.902523,0.723806
KLRC1,0.75,3,2,0.666667,0.986025,0.660385
KLRC3,0.75,3,2,0.666667,0.84235,0.695165
KLRK1,0.75,3,2,0.666667,0.960294,0.644039
KRT10,0.75,3,2,0.666667,0.987462,0.783935
KRT40,0.75,3,2,0.666667,0.878758,0.705673
KRTAP20-2,0.75,3,2,0.666667,0.854378,0.793997
KRTAP24-1,0.75,3,2,0.666667,0.960227,0.650311
KTN1,0.75,3,2,0.666667,0.919894,0.792239
KYNU,0.75,3,2,0.666667,0.80784,0.715671
LAMP5,0.75,3,2,0.666667,0.962989,0.820476
LARGE1,0.75,3,2,0.666667,0.779917,0.582465
LCE1F,0.75,3,2,0.666667,0.976642,0.776441
LCMT1,0.75,3,2,0.666667,0.941423,0.685383
LDHD,0.75,3,2,0.666667,0.975205,0.691532
LETMD1,0.75,3,2,0.666667,0.990004,0.762036
LHFPL2,0.75,3,2,0.666667,0.937308,0.713523
LHX8,0.75,3,2,0.666667,0.863218,0.820311
LHX9,0.75,3,2,0.666667,0.759309,0.785502
LIN9,0.75,3,2,0.666667,0.99064,0.663895
LLGL1,0.75,3,2,0.666667,0.922644,0.758651
LMAN2L,0.75,3,2,0.666667,0.84768,0.625769
LMBR1,0.75,3,2,0.666667,0.97276,0.655027
LMNTD1,0.75,3,2,0.666667,0.982123,0.657847
LMOD3,0.75,3,2,0.666667,0.973544,0.778314
LPAL2,0.75,3,2,0.666667,0.975471,0.900626
LRIT1,0.75,3,2,0.666667,0.991311,0.871744
LRIT3,0.75,3,2,0.666667,0.966476,0.65151
LRRC37B,0.75,3,2,0.666667,0.991326,0.778359
LRRC8D,0.75,3,2,0.666667,0.991308,0.660993
LRRCC1,0.75,3,2,0.666667,0.784999,0.595775
LRRN4,0.75,3,2,0.666667,0.986504,0.792742
LRTM2,0.75,3,2,0.666667,0.829128,0.603134
MAB21L2,0.75,3,2,0.666667,0.965227,0.651911
MAB21L4,0.75,3,2,0.666667,0.975926,0.781768
MAGEB10,0.75,3,2,0.666667,0.987339,0.659574
MAGEB3,0.75,3,2,0.666667,0.826111,0.605428
MAGEF1,0.75,3,2,0.666667,0.940552,0.725875
MAMDC4,0.75,3,2,0.666667,0.901589,0.784893
MAN1A2,0.75,3,2,0.666667,0.991286,0.670249
MAN1B1,0.75,3,2,0.666667,0.990364,0.660555
MAN2C1,0.75,3,2,0.666667,0.837261,0.827574
MAP3K10,0.75,3,2,0.666667,0.800872,0.597394
MAP7D3,0.75,3,2,0.666667,0.964751,0.652058
MAPT,0.75,3,2,0.666667,0.885707,0.802786
MARVELD2,0.75,3,2,0.666667,0.958193,0.681339
MAT1A,0.75,3,2,0.666667,0.987633,0.65965
MAT2A,0.75,3,2,0.666667,0.899979,0.718691
MATR3,0.75,3,2,0.666667,0.841036,0.605531
MAX,0.75,3,2,0.666667,0.92562,0.638977
MBOAT1,0.75,3,2,0.666667,0.916477,0.629204
MCF2L,0.75,3,2,0.666667,0.818186,0.564962
MCHR1,0.75,3,2,0.666667,0.991056,0.693063
MCM5,0.75,3,2,0.666667,0.984658,0.658318
MCOLN2,0.75,3,2,0.666667,0.886409,0.752262
MCTS1,0.75,3,2,0.666667,0.973839,0.650808
MDGA1,0.75,3,2,0.666667,0.979517,0.653701
MEAK7,0.75,3,2,0.666667,0.975938,0.706918
METTL16,0.75,3,2,0.666667,0.990979,0.78923
MEX3B,0.75,3,2,0.666667,0.814356,0.807778
MFSD5,0.75,3,2,0.666667,0.925823,0.725073
MFSD6,0.75,3,2,0.666667,0.95314,0.689831
MIPEP,0.75,3,2,0.666667,0.850554,0.796452
MLPH,0.75,3,2,0.666667,0.939027,0.626393
MMP7,0.75,3,2,0.666667,0.97125,0.76724
MOB1B,0.75,3,2,0.666667,0.977734,0.855793
MPHOSPH8,0.75,3,2,0.666667,0.983231,0.780891
MR1,0.75,3,2,0.666667,0.986665,0.797603
MRO,0.75,3,2,0.666667,0.97816,0.903713
MRPL30,0.75,3,2,0.666667,0.979795,0.654243
MRPS35,0.75,3,2,0.666667,0.828418,0.622586
MRPS5,0.75,3,2,0.666667,0.931647,0.857916
MRPS9,0.75,3,2,0.666667,0.928728,0.624704
MS4A12,0.75,3,2,0.666667,0.977679,0.882242
MSX1,0.75,3,2,0.666667,0.93231,0.640739
MTA3,0.75,3,2,0.666667,0.811083,0.598948
MTDH,0.75,3,2,0.666667,0.911516,0.633455
MTMR8,0.75,3,2,0.666667,0.991301,0.66097
MTR,0.75,3,2,0.666667,0.99056,0.66334
MTUS1,0.75,3,2,0.666667,0.987775,0.878436
MYBPC2,0.75,3,2,0.666667,0.872028,0.62118
MYLK2,0.75,3,2,0.666667,0.961902,0.653077
MYO1C,0.75,3,2,0.666667,0.974103,0.656568
MYSM1,0.75,3,2,0.666667,0.991398,0.660993
MYT1,0.75,3,2,0.666667,0.927425,0.673438
NAT16,0.75,3,2,0.666667,0.991074,0.66122
NCAPG,0.75,3,2,0.666667,0.96666,0.652728
NCAPH2,0.75,3,2,0.666667,0.975212,0.655237
NCEH1,0.75,3,2,0.666667,0.819778,0.745475
NCF1,0.75,3,2,0.666667,0.974805,0.846856
NCKAP1,0.75,3,2,0.666667,0.824414,0.787615
NDUFA3,0.75,3,2,0.666667,0.986031,0.893549
NECAB2,0.75,3,2,0.666667,0.900043,0.631372
NEIL3,0.75,3,2,0.666667,0.902013,0.630573
NEO1,0.75,3,2,0.666667,0.938457,0.707536
NEPRO,0.75,3,2,0.666667,0.809822,0.785549
NFIL3,0.75,3,2,0.666667,0.987881,0.79911
NFIX,0.75,3,2,0.666667,0.890964,0.627435
NFRKB,0.75,3,2,0.666667,0.772388,0.620727
NGLY1,0.75,3,2,0.666667,0.841153,0.791164
NID2,0.75,3,2,0.666667,0.949194,0.634436
NIPAL2,0.75,3,2,0.666667,0.834323,0.781568
NKAIN2,0.75,3,2,0.666667,0.880944,0.770714
NKD2,0.75,3,2,0.666667,0.973162,0.654626
NLGN2,0.75,3,2,0.666667,0.978986,0.656786
NOD2,0.75,3,2,0.666667,0.918337,0.63659
NOP56,0.75,3,2,0.666667,0.902651,0.677464
NPDC1,0.75,3,2,0.666667,0.882713,0.624668
NPHP3,0.75,3,2,0.666667,0.986019,0.82712
NPHS2,0.75,3,2,0.666667,0.990382,0.660415
NR2F2,0.75,3,2,0.666667,0.989472,0.900495
NRF1,0.75,3,2,0.666667,0.988592,0.819148
NRROS,0.75,3,2,0.666667,0.950916,0.805215
NSRP1,0.75,3,2,0.666667,0.975579,0.71322
NUP54,0.75,3,2,0.666667,0.981035,0.657515
NUP88,0.75,3,2,0.666667,0.991346,0.66092
NYAP1,0.75,3,2,0.666667,0.991082,0.660799
OBSL1,0.75,3,2,0.666667,0.866218,0.616782
OLFML1,0.75,3,2,0.666667,0.78798,0.694594
OR10H3,0.75,3,2,0.666667,0.950618,0.707803
OR10H4,0.75,3,2,0.666667,0.911612,0.685487
OR10J3,0.75,3,2,0.666667,0.771396,0.695912
OR10Z1,0.75,3,2,0.666667,0.860623,0.867118
OR12D2,0.75,3,2,0.666667,0.987431,0.796313
OR2AT4,0.75,3,2,0.666667,0.990656,0.763958
OR2D3,0.75,3,2,0.666667,0.892664,0.643528
OR2F1,0.75,3,2,0.666667,0.990335,0.901688
OR2T34,0.75,3,2,0.666667,0.945413,0.766374
OR4A5,0.75,3,2,0.666667,0.990619,0.660801
OR4K2,0.75,3,2,0.666667,0.991327,0.868758
OR4N5,0.75,3,2,0.666667,0.943737,0.783254
OR4S2,0.75,3,2,0.666667,0.976421,0.679323
OR52K1,0.75,3,2,0.666667,0.985006,0.659652
OR52L1,0.75,3,2,0.666667,0.988105,0.853897
OR5C1,0.75,3,2,0.666667,0.942914,0.644575
OR6C4,0.75,3,2,0.666667,0.862236,0.765003
OR6C6,0.75,3,2,0.666667,0.991218,0.710834
OR6C70,0.75,3,2,0.666667,0.969938,0.811098
OR6N1,0.75,3,2,0.666667,0.86469,0.783341
OR6N2,0.75,3,2,0.666667,0.966166,0.712509
OR6Y1,0.75,3,2,0.666667,0.983587,0.660109
OR8D4,0.75,3,2,0.666667,0.88562,0.677015
OR8G5,0.75,3,2,0.666667,0.990111,0.664936
OSCP1,0.75,3,2,0.666667,0.928528,0.719269
OSTM1,0.75,3,2,0.666667,0.92014,0.624012
OTC,0.75,3,2,0.666667,0.981532,0.656235
OTOP2,0.75,3,2,0.666667,0.990109,0.660298
OTOP3,0.75,3,2,0.666667,0.863391,0.633009
OVOL1,0.75,3,2,0.666667,0.867273,0.794414
P2RX4,0.75,3,2,0.666667,0.988531,0.731672
P3H3,0.75,3,2,0.666667,0.881746,0.653617
PADI4,0.75,3,2,0.666667,0.95783,0.766134
PADI6,0.75,3,2,0.666667,0.808932,0.760461
PAH,0.75,3,2,0.666667,0.883311,0.683376
PARPBP,0.75,3,2,0.666667,0.898891,0.792143
PARS2,0.75,3,2,0.666667,0.765106,0.587259
PAX5,0.75,3,2,0.666667,0.911547,0.634311
PCDH10,0.75,3,2,0.666667,0.916434,0.647153
PCDHGA12,0.75,3,2,0.666667,0.834451,0.579933
PCDHGC3,0.75,3,2,0.666667,0.9214,0.636272
PCED1A,0.75,3,2,0.666667,0.991391,0.703764
PCK2,0.75,3,2,0.666667,0.958972,0.731489
PDE8A,0.75,3,2,0.666667,0.835102,0.823081
PDGFC,0.75,3,2,0.666667,0.942507,0.784117
PDP2,0.75,3,2,0.666667,0.936594,0.777865
PDZD7,0.75,3,2,0.666667,0.854086,0.677314
PEX19,0.75,3,2,0.666667,0.966373,0.781654
PEX2,0.75,3,2,0.666667,0.977181,0.761032
PEX3,0.75,3,2,0.666667,0.943431,0.643096
PFAS,0.75,3,2,0.666667,0.98603,0.747712
PFKFB1,0.75,3,2,0.666667,0.919919,0.626505
PGAP1,0.75,3,2,0.666667,0.973428,0.651566
PHF12,0.75,3,2,0.666667,0.823387,0.654271
PHF21B,0.75,3,2,0.666667,0.93466,0.813781
PHF7,0.75,3,2,0.666667,0.97653,0.699404
PHOX2B,0.75,3,2,0.666667,0.937954,0.803441
PHYH,0.75,3,2,0.666667,0.852873,0.653099
PI4KB,0.75,3,2,0.666667,0.818888,0.676757
PICALM,0.75,3,2,0.666667,0.94067,0.642139
PIGT,0.75,3,2,0.666667,0.956804,0.812141
PIP4K2B,0.75,3,2,0.666667,0.907306,0.628417
PIPOX,0.75,3,2,0.666667,0.967337,0.880949
PITPNA,0.75,3,2,0.666667,0.991267,0.66089
PITPNB,0.75,3,2,0.666667,0.973938,0.852425
PITPNC1,0.75,3,2,0.666667,0.896713,0.629568
PKN3,0.75,3,2,0.666667,0.975452,0.65561
PLA2G2F,0.75,3,2,0.666667,0.948477,0.635199
PLA2G7,0.75,3,2,0.666667,0.779272,0.586785
PLAA,0.75,3,2,0.666667,0.983152,0.657933
PLD4,0.75,3,2,0.666667,0.820969,0.60416
PLK1,0.75,3,2,0.666667,0.787333,0.55935
PLVAP,0.75,3,2,0.666667,0.985933,0.738393
PLXNB2,0.75,3,2,0.666667,0.977908,0.89808
PMS1,0.75,3,2,0.666667,0.837056,0.60705
PMS2,0.75,3,2,0.666667,0.897178,0.776419
PNLIP,0.75,3,2,0.666667,0.978327,0.836122
POFUT2,0.75,3,2,0.666667,0.962514,0.64361
POGLUT1,0.75,3,2,0.666667,0.990645,0.693705
POLA2,0.75,3,2,0.666667,0.98309,0.843972
POLG,0.75,3,2,0.666667,0.952547,0.63792
POLM,0.75,3,2,0.666667,0.968758,0.653569
POLR1C,0.75,3,2,0.666667,0.890394,0.777919
POLR3D,0.75,3,2,0.666667,0.991106,0.713218
POLR3G,0.75,3,2,0.666667,0.973435,0.818258
POM121C,0.75,3,2,0.666667,0.97681,0.734199
POMT1,0.75,3,2,0.666667,0.948298,0.646253
PPA2,0.75,3,2,0.666667,0.850636,0.72048
PPBP,0.75,3,2,0.666667,0.974614,0.655356
PPM1E,0.75,3,2,0.666667,0.975328,0.707719
PPM1F,0.75,3,2,0.666667,0.91771,0.695544
PPME1,0.75,3,2,0.666667,0.854063,0.656426
PPP1R10,0.75,3,2,0.666667,0.986952,0.877795
PPP1R12A,0.75,3,2,0.666667,0.900479,0.604009
PPP4R2,0.75,3,2,0.666667,0.949029,0.855956
PPP4R3B,0.75,3,2,0.666667,0.931696,0.624216
PRAME,0.75,3,2,0.666667,0.868976,0.620147
PRAMEF4,0.75,3,2,0.666667,0.991296,0.660878
PRDM11,0.75,3,2,0.666667,0.793806,0.627994
PRKAG1,0.75,3,2,0.666667,0.989483,0.878284
PRKAG2,0.75,3,2,0.666667,0.956283,0.724953
PRKCH,0.75,3,2,0.666667,0.931543,0.637662
PRL,0.75,3,2,0.666667,0.97277,0.763097
PRMT9,0.75,3,2,0.666667,0.961654,0.856605
PRPF19,0.75,3,2,0.666667,0.896692,0.754783
PRPF38B,0.75,3,2,0.666667,0.977854,0.749902
PRRC2C,0.75,3,2,0.666667,0.896595,0.623216
PRSS48,0.75,3,2,0.666667,0.938044,0.761448
PSMD3,0.75,3,2,0.666667,0.97776,0.76685
PSMG1,0.75,3,2,0.666667,0.990722,0.660696
PTPN20,0.75,3,2,0.666667,0.784282,0.583785
PTPRE,0.75,3,2,0.666667,0.805618,0.599022
PUS3,0.75,3,2,0.666667,0.986226,0.808252
PWWP3A,0.75,3,2,0.666667,0.989493,0.712778
PYGB,0.75,3,2,0.666667,0.978453,0.707784
QPCT,0.75,3,2,0.666667,0.987498,0.659239
R3HDML,0.75,3,2,0.666667,0.860509,0.751898
RAD21,0.75,3,2,0.666667,0.762916,0.711517
RADIL,0.75,3,2,0.666667,0.961764,0.660174
RAI14,0.75,3,2,0.666667,0.985208,0.734418
RALGDS,0.75,3,2,0.666667,0.979579,0.898145
RASSF5,0.75,3,2,0.666667,0.991398,0.660937
RBFA,0.75,3,2,0.666667,0.887832,0.621904
RBM6,0.75,3,2,0.666667,0.828319,0.594667
RDH16,0.75,3,2,0.666667,0.98925,0.794565
REC8,0.75,3,2,0.666667,0.974664,0.653222
RECQL,0.75,3,2,0.666667,0.954641,0.675074
RFC4,0.75,3,2,0.666667,0.911498,0.631475
RFTN1,0.75,3,2,0.666667,0.991383,0.66111
RGL1,0.75,3,2,0.666667,0.906619,0.638558
RGS7,0.75,3,2,0.666667,0.871209,0.760522
RHBDL1,0.75,3,2,0.666667,0.787797,0.533065
RHNO1,0.75,3,2,0.666667,0.891271,0.808694
RHOQ,0.75,3,2,0.666667,0.871955,0.755602
RNF168,0.75,3,2,0.666667,0.911558,0.629712
RNF19A,0.75,3,2,0.666667,0.959836,0.802489
RNF216,0.75,3,2,0.666667,0.990019,0.660633
RNF40,0.75,3,2,0.666667,0.99025,0.694356
RNF5,0.75,3,2,0.666667,0.930405,0.63194
RPA4,0.75,3,2,0.666667,0.976863,0.903559
RPRD1B,0.75,3,2,0.666667,0.95855,0.650366
RRAS2,0.75,3,2,0.666667,0.906348,0.68743
RSPH4A,0.75,3,2,0.666667,0.928905,0.638756
RTCA,0.75,3,2,0.666667,0.951752,0.868449
RUBCNL,0.75,3,2,0.666667,0.954603,0.64213
S100A7A,0.75,3,2,0.666667,0.988933,0.734598
SAFB,0.75,3,2,0.666667,0.941044,0.649757
SAFB2,0.75,3,2,0.666667,0.921544,0.637475
SAG,0.75,3,2,0.666667,0.974133,0.650337
SALL2,0.75,3,2,0.666667,0.969662,0.65336
SAMD3,0.75,3,2,0.666667,0.972086,0.737637
SAMD4A,0.75,3,2,0.666667,0.967376,0.901043
SCAF8,0.75,3,2,0.666667,0.973486,0.650069
SEC14L4,0.75,3,2,0.666667,0.986605,0.661968
SEPSECS,0.75,3,2,0.666667,0.971687,0.807843
SERPINB6,0.75,3,2,0.666667,0.981595,0.65824
SEZ6L2,0.75,3,2,0.666667,0.964677,0.692442
SGCA,0.75,3,2,0.666667,0.892099,0.604969
SGCD,0.75,3,2,0.666667,0.869594,0.806302
SH2D3C,0.75,3,2,0.666667,0.963937,0.762127
SH3GL3,0.75,3,2,0.666667,0.983372,0.880608
SH3PXD2A,0.75,3,2,0.666667,0.955045,0.755782
SH3RF1,0.75,3,2,0.666667,0.760762,0.620527
SHPK,0.75,3,2,0.666667,0.988786,0.660085
SIGLEC10,0.75,3,2,0.666667,0.991322,0.859181
SIPA1,0.75,3,2,0.666667,0.942944,0.715569
SKIL,0.75,3,2,0.666667,0.901213,0.630879
SLA,0.75,3,2,0.666667,0.991336,0.755093
SLAMF7,0.75,3,2,0.666667,0.767358,0.587747
SLC17A9,0.75,3,2,0.666667,0.954674,0.835368
SLC22A10,0.75,3,2,0.666667,0.964114,0.697145
SLC22A4,0.75,3,2,0.666667,0.974688,0.655939
SLC25A23,0.75,3,2,0.666667,0.976806,0.686597
SLC29A4,0.75,3,2,0.666667,0.987565,0.659691
SLC2A9,0.75,3,2,0.666667,0.985285,0.75694
SLC30A8,0.75,3,2,0.666667,0.798104,0.652368
SLC38A1,0.75,3,2,0.666667,0.983209,0.86918
SLC38A11,0.75,3,2,0.666667,0.980589,0.745039
SLC38A3,0.75,3,2,0.666667,0.961172,0.645635
SLC38A5,0.75,3,2,0.666667,0.974798,0.878197
SLC45A1,0.75,3,2,0.666667,0.989506,0.683787
SLC6A12,0.75,3,2,0.666667,0.975766,0.655766
SLC7A8,0.75,3,2,0.666667,0.968354,0.666351
SLC9B1,0.75,3,2,0.666667,0.774277,0.830038
SMARCA5,0.75,3,2,0.666667,0.978966,0.83875
SMARCC1,0.75,3,2,0.666667,0.924494,0.638659
SMARCC2,0.75,3,2,0.666667,0.955539,0.878472
SMOC1,0.75,3,2,0.666667,0.97859,0.750547
SMR3A,0.75,3,2,0.666667,0.989911,0.665049
SMYD2,0.75,3,2,0.666667,0.882652,0.697641
SNRK,0.75,3,2,0.666667,0.796453,0.800143
SNX29,0.75,3,2,0.666667,0.988034,0.659813
SOWAHB,0.75,3,2,0.666667,0.963214,0.789804
SOX6,0.75,3,2,0.666667,0.991376,0.660939
SPAG1,0.75,3,2,0.666667,0.991298,0.829948
SPANXB1,0.75,3,2,0.666667,0.965348,0.866694
SPATS2L,0.75,3,2,0.666667,0.966217,0.676388
SPINT2,0.75,3,2,0.666667,0.989524,0.660398
SRP72,0.75,3,2,0.666667,0.849621,0.630938
SSH1,0.75,3,2,0.666667,0.960555,0.743472
SSTR3,0.75,3,2,0.666667,0.991261,0.681367
SSX1,0.75,3,2,0.666667,0.862868,0.590776
SSX6P,0.75,3,2,0.666667,0.97277,0.654731
ST3GAL1,0.75,3,2,0.666667,0.980364,0.69929
STAM2,0.75,3,2,0.666667,0.989497,0.661211
STAU1,0.75,3,2,0.666667,0.886427,0.707387
STK40,0.75,3,2,0.666667,0.990166,0.743786
STON1,0.75,3,2,0.666667,0.861043,0.612858
STON1-GTF2A1L,0.75,3,2,0.666667,0.969291,0.873198
STS,0.75,3,2,0.666667,0.806722,0.579264
STX2,0.75,3,2,0.666667,0.838092,0.834878
STX3,0.75,3,2,0.666667,0.990896,0.86603
SUCLA2,0.75,3,2,0.666667,0.986449,0.742819
SULT1C3,0.75,3,2,0.666667,0.942926,0.852242
SULT2B1,0.75,3,2,0.666667,0.965876,0.652213
SUPT16H,0.75,3,2,0.666667,0.832844,0.688349
SURF4,0.75,3,2,0.666667,0.970397,0.895604
SWT1,0.75,3,2,0.666667,0.902712,0.792253
SYNGR4,0.75,3,2,0.666667,0.991416,0.749769
SYT10,0.75,3,2,0.666667,0.991362,0.704664
SYT11,0.75,3,2,0.666667,0.975037,0.757287
TADA2A,0.75,3,2,0.666667,0.9782,0.686472
TAGLN2,0.75,3,2,0.666667,0.984267,0.728708
TAL1,0.75,3,2,0.666667,0.98372,0.674845
TAP1,0.75,3,2,0.666667,0.843556,0.596013
TAS2R60,0.75,3,2,0.666667,0.98789,0.678874
TBC1D3F,0.75,3,2,0.666667,0.989208,0.823581
TBL3,0.75,3,2,0.666667,0.867304,0.725991
TBXA2R,0.75,3,2,0.666667,0.976742,0.798612
TDRD10,0.75,3,2,0.666667,0.884796,0.665282
TECR,0.75,3,2,0.666667,0.854474,0.634577
TEKT1,0.75,3,2,0.666667,0.971316,0.701774
TENT4A,0.75,3,2,0.666667,0.991391,0.839899
TESPA1,0.75,3,2,0.666667,0.79588,0.616878
TFCP2,0.75,3,2,0.666667,0.943763,0.8688
TGM6,0.75,3,2,0.666667,0.88265,0.625803
TGM7,0.75,3,2,0.666667,0.893951,0.627068
THEM5,0.75,3,2,0.666667,0.885431,0.661757
TICAM1,0.75,3,2,0.666667,0.985413,0.764622
TIMELESS,0.75,3,2,0.666667,0.976704,0.697498
TM4SF5,0.75,3,2,0.666667,0.98976,0.750312
TMBIM6,0.75,3,2,0.666667,0.991303,0.663552
TMEFF2,0.75,3,2,0.666667,0.988641,0.659973
TMEM102,0.75,3,2,0.666667,0.865434,0.668592
TMEM150A,0.75,3,2,0.666667,0.986029,0.657685
TMEM156,0.75,3,2,0.666667,0.856878,0.60641
TMEM245,0.75,3,2,0.666667,0.817924,0.587425
TMEM63A,0.75,3,2,0.666667,0.981415,0.656189
TMEM63B,0.75,3,2,0.666667,0.775354,0.606677
TMOD3,0.75,3,2,0.666667,0.794461,0.655574
TMPO,0.75,3,2,0.666667,0.986497,0.802374
TNFRSF21,0.75,3,2,0.666667,0.830574,0.607099
TNKS,0.75,3,2,0.666667,0.974355,0.819745
TNNI1,0.75,3,2,0.666667,0.977968,0.655092
TNNI3K,0.75,3,2,0.666667,0.989477,0.723059
TOPORS,0.75,3,2,0.666667,0.990439,0.71682
TOR3A,0.75,3,2,0.666667,0.972804,0.65437
TPM1,0.75,3,2,0.666667,0.868189,0.776387
TPP1,0.75,3,2,0.666667,0.989674,0.70655
TRAF3IP2,0.75,3,2,0.666667,0.897649,0.636192
TRAF3IP3,0.75,3,2,0.666667,0.986741,0.720893
TRAM1,0.75,3,2,0.666667,0.830901,0.605343
TRAP1,0.75,3,2,0.666667,0.939887,0.693516
TRAPPC5,0.75,3,2,0.666667,0.835296,0.567321
TRAV20,0.75,3,2,0.666667,0.863084,0.799212
TRBV20-1,0.75,3,2,0.666667,0.951884,0.711191
TRDN,0.75,3,2,0.666667,0.929298,0.640268
TRIM4,0.75,3,2,0.666667,0.980902,0.657455
TRIM50,0.75,3,2,0.666667,0.987336,0.658954
TRIM59,0.75,3,2,0.666667,0.976523,0.816293
TRMT44,0.75,3,2,0.666667,0.9186,0.618512
TRPV3,0.75,3,2,0.666667,0.977905,0.720326
TSBP1,0.75,3,2,0.666667,0.975583,0.676714
TSC2,0.75,3,2,0.666667,0.873169,0.605674
TSPAN14,0.75,3,2,0.666667,0.991479,0.660988
TSPAN16,0.75,3,2,0.666667,0.816042,0.793279
TTBK2,0.75,3,2,0.666667,0.933084,0.820248
TTC31,0.75,3,2,0.666667,0.972788,0.654046
TTC39A,0.75,3,2,0.666667,0.959025,0.644057
TTC8,0.75,3,2,0.666667,0.877659,0.735283
TTI1,0.75,3,2,0.666667,0.89122,0.816864
TTK,0.75,3,2,0.666667,0.834301,0.771744
TTYH1,0.75,3,2,0.666667,0.972798,0.654755
TTYH2,0.75,3,2,0.666667,0.990679,0.712811
TUBA3D,0.75,3,2,0.666667,0.874422,0.619694
TULP2,0.75,3,2,0.666667,0.957332,0.757826
TXK,0.75,3,2,0.666667,0.940662,0.715457
TXLNA,0.75,3,2,0.666667,0.894225,0.664354
TXNDC16,0.75,3,2,0.666667,0.991441,0.661158
UBA3,0.75,3,2,0.666667,0.894869,0.621832
UBE2Q2,0.75,3,2,0.666667,0.940716,0.644311
UBIAD1,0.75,3,2,0.666667,0.974705,0.659524
UGT1A10,0.75,3,2,0.666667,0.933402,0.795432
ULBP1,0.75,3,2,0.666667,0.96939,0.852213
UNC93A,0.75,3,2,0.666667,0.917084,0.635481
USP38,0.75,3,2,0.666667,0.990338,0.83675
UST,0.75,3,2,0.666667,0.973011,0.650349
UVSSA,0.75,3,2,0.666667,0.861107,0.685951
VCAM1,0.75,3,2,0.666667,0.985949,0.747512
VGLL1,0.75,3,2,0.666667,0.984096,0.728955
VILL,0.75,3,2,0.666667,0.981584,0.813598
VPS11,0.75,3,2,0.666667,0.80455,0.819537
VRK2,0.75,3,2,0.666667,0.931448,0.625638
VRK3,0.75,3,2,0.666667,0.962613,0.67318
VSIG8,0.75,3,2,0.666667,0.932174,0.738842
VSTM2A,0.75,3,2,0.666667,0.976919,0.652194
VTCN1,0.75,3,2,0.666667,0.991196,0.661965
WDFY2,0.75,3,2,0.666667,0.980626,0.678102
WDR38,0.75,3,2,0.666667,0.991261,0.858431
WDR41,0.75,3,2,0.666667,0.99131,0.712179
WDR45,0.75,3,2,0.666667,0.987562,0.659619
WDR47,0.75,3,2,0.666667,0.938454,0.875822
WDR5,0.75,3,2,0.666667,0.990881,0.660741
WDR59,0.75,3,2,0.666667,0.956788,0.653534
WDR62,0.75,3,2,0.666667,0.988239,0.681945
WDR64,0.75,3,2,0.666667,0.983555,0.658348
WDR7,0.75,3,2,0.666667,0.99145,0.705918
WDR70,0.75,3,2,0.666667,0.985094,0.724554
WDSUB1,0.75,3,2,0.666667,0.960509,0.659438
WFDC3,0.75,3,2,0.666667,0.842268,0.608498
WFS1,0.75,3,2,0.666667,0.946838,0.644134
WIPF3,0.75,3,2,0.666667,0.967566,0.850347
WNT8A,0.75,3,2,0.666667,0.793587,0.572125
XCR1,0.75,3,2,0.666667,0.983917,0.658474
XK,0.75,3,2,0.666667,0.97397,0.900547
XPA,0.75,3,2,0.666667,0.991405,0.660965
XRCC5,0.75,3,2,0.666667,0.954226,0.64772
YBX2,0.75,3,2,0.666667,0.987917,0.726724
ZBED2,0.75,3,2,0.666667,0.981011,0.850903
ZBTB24,0.75,3,2,0.666667,0.968533,0.681243
ZC3H12A,0.75,3,2,0.666667,0.956904,0.649442
ZFP37,0.75,3,2,0.666667,0.991384,0.660941
ZFP90,0.75,3,2,0.666667,0.991395,0.721651
ZIC1,0.75,3,2,0.666667,0.987751,0.660278
ZIC2,0.75,3,2,0.666667,0.979594,0.655711
ZMYM4,0.75,3,2,0.666667,0.990773,0.835417
ZNF101,0.75,3,2,0.666667,0.977463,0.685752
ZNF12,0.75,3,2,0.666667,0.990065,0.70716
ZNF124,0.75,3,2,0.666667,0.933279,0.681521
ZNF174,0.75,3,2,0.666667,0.813134,0.605119
ZNF19,0.75,3,2,0.666667,0.991361,0.666253
ZNF227,0.75,3,2,0.666667,0.990696,0.675268
ZNF251,0.75,3,2,0.666667,0.863593,0.686121
ZNF362,0.75,3,2,0.666667,0.838952,0.833431
ZNF385B,0.75,3,2,0.666667,0.870629,0.655753
ZNF385D,0.75,3,2,0.666667,0.922682,0.634215
ZNF414,0.75,3,2,0.666667,0.963736,0.650756
ZNF471,0.75,3,2,0.666667,0.991264,0.687136
ZNF526,0.75,3,2,0.666667,0.982949,0.891697
ZNF546,0.75,3,2,0.666667,0.96592,0.652451
ZNF567,0.75,3,2,0.666667,0.978926,0.656908
ZNF570,0.75,3,2,0.666667,0.991248,0.742954
ZNF654,0.75,3,2,0.666667,0.974161,0.77485
ZNF683,0.75,3,2,0.666667,0.976533,0.8069
ZNF691,0.75,3,2,0.666667,0.982892,0.658611
ZNF692,0.75,3,2,0.666667,0.970135,0.857741
ZNF709,0.75,3,2,0.666667,0.991212,0.907865
ZNF765,0.75,3,2,0.666667,0.991226,0.661652
ZNF79,0.75,3,2,0.666667,0.9792,0.786103
ZNF799,0.75,3,2,0.666667,0.991246,0.875136
ZNF833P,0.75,3,2,0.666667,0.947782,0.6356
ZSCAN18,0.75,3,2,0.666667,0.991369,0.660916
ZSWIM3,0.75,3,2,0.666667,0.962391,0.676354
A2ML1,0.75,4,2,0.5,0.640226,0.574803
AADACL3,0.75,4,2,0.5,0.472933,0.484313
ABCC6,0.75,4,2,0.5,0.79303,0.644413
ABI3,0.75,4,2,0.5,0.714122,0.60494
ACOT4,0.75,4,2,0.5,0.828915,0.659104
ACOX3,0.75,4,2,0.5,0.497574,0.496625
ACTL7A,0.75,4,2,0.5,0.48016,0.487901
ACTN2,0.75,4,2,0.5,0.736247,0.614244
ACTR5,0.75,4,2,0.5,0.448085,0.471845
ADAD1,0.75,4,2,0.5,0.790224,0.641027
ADAM10,0.75,4,2,0.5,0.680328,0.587393
ADAM32,0.75,4,2,0.5,0.442628,0.469033
ADAM8,0.75,4,2,0.5,0.493015,0.49433
ADAMTS1,0.75,4,2,0.5,0.594087,0.583133
ADCY3,0.75,4,2,0.5,0.424048,0.459548
ADCY6,0.75,4,2,0.5,0.489283,0.488233
ADGRE3,0.75,4,2,0.5,0.73393,0.613167
ADGRF3,0.75,4,2,0.5,0.775016,0.617405
ADH1B,0.75,4,2,0.5,0.756859,0.645419
ADH6,0.75,4,2,0.5,0.714938,0.645962
ADRA1B,0.75,4,2,0.5,0.704448,0.641614
AGT,0.75,4,2,0.5,0.756382,0.697392
AHRR,0.75,4,2,0.5,0.805587,0.740534
AJUBA,0.75,4,2,0.5,0.470249,0.48263
AKAP8,0.75,4,2,0.5,0.662678,0.59081
AKR1C4,0.75,4,2,0.5,0.733759,0.612227
AKTIP,0.75,4,2,0.5,0.812941,0.667475
ALDOA,0.75,4,2,0.5,0.770474,0.621256
AMIGO3,0.75,4,2,0.5,0.829449,0.662651
ANAPC2,0.75,4,2,0.5,0.629393,0.562673
ANGPTL5,0.75,4,2,0.5,0.675196,0.608686
ANKMY1,0.75,4,2,0.5,0.753567,0.624282
ANO1,0.75,4,2,0.5,0.803264,0.746091
ANP32D,0.75,4,2,0.5,0.73883,0.643067
AP2B1,0.75,4,2,0.5,0.829883,0.810674
ARHGAP11A,0.75,4,2,0.5,0.383331,0.437283
ARHGEF10L,0.75,4,2,0.5,0.507461,0.499754
ARHGEF25,0.75,4,2,0.5,0.604069,0.595656
ARHGEF9,0.75,4,2,0.5,0.786353,0.779902
ARID2,0.75,4,2,0.5,0.675252,0.587091
ARMCX5-GPRASP2,0.75,4,2,0.5,0.425453,0.446218
ARNTL2,0.75,4,2,0.5,0.720036,0.630202
ASAP1,0.75,4,2,0.5,0.698524,0.602023
ATAD2B,0.75,4,2,0.5,0.82665,0.662122
ATG4D,0.75,4,2,0.5,0.809315,0.74212
ATP13A1,0.75,4,2,0.5,0.569277,0.532747
ATP2B1,0.75,4,2,0.5,0.803081,0.65884
ATP2C2,0.75,4,2,0.5,0.532702,0.520746
ATP6V0A2,0.75,4,2,0.5,0.684471,0.58033
ATP6V1A,0.75,4,2,0.5,0.442938,0.471667
AUTS2,0.75,4,2,0.5,0.490088,0.48854
AXIN1,0.75,4,2,0.5,0.630229,0.550157
BACE2,0.75,4,2,0.5,0.691104,0.593397
BASP1,0.75,4,2,0.5,0.785215,0.639652
BEND2,0.75,4,2,0.5,0.468908,0.482308
BEND3,0.75,4,2,0.5,0.600143,0.534788
BEST1,0.75,4,2,0.5,0.599636,0.590865
BLNK,0.75,4,2,0.5,0.466657,0.47959
BNIP1,0.75,4,2,0.5,0.494707,0.495182
BPIFB6,0.75,4,2,0.5,0.459617,0.477644
BRAP,0.75,4,2,0.5,0.713347,0.699768
BRINP2,0.75,4,2,0.5,0.523135,0.528332
BRPF1,0.75,4,2,0.5,0.524519,0.500402
BTBD7,0.75,4,2,0.5,0.435066,0.465343
C2CD3,0.75,4,2,0.5,0.690811,0.597091
C3orf20,0.75,4,2,0.5,0.571974,0.566949
C8orf34,0.75,4,2,0.5,0.478988,0.47158
C9,0.75,4,2,0.5,0.557647,0.526698
C9orf64,0.75,4,2,0.5,0.689712,0.583705
CA12,0.75,4,2,0.5,0.557683,0.537108
CABP4,0.75,4,2,0.5,0.583057,0.5394
CABYR,0.75,4,2,0.5,0.780804,0.638223
CACHD1,0.75,4,2,0.5,0.681267,0.662908
CACNA2D4,0.75,4,2,0.5,0.397676,0.446699
CALB2,0.75,4,2,0.5,0.80606,0.656099
CAMK1D,0.75,4,2,0.5,0.503629,0.499645
CAMSAP1,0.75,4,2,0.5,0.550877,0.523311
CCDC142,0.75,4,2,0.5,0.865333,0.807275
CCDC149,0.75,4,2,0.5,0.647129,0.669681
CCDC22,0.75,4,2,0.5,0.58459,0.531986
CCDC80,0.75,4,2,0.5,0.75311,0.71696
CD44,0.75,4,2,0.5,0.705,0.663444
CDH10,0.75,4,2,0.5,0.849256,0.844552
CDK8,0.75,4,2,0.5,0.828454,0.661265
CEACAM7,0.75,4,2,0.5,0.804896,0.694786
CEL,0.75,4,2,0.5,0.481402,0.482515
CEP72,0.75,4,2,0.5,0.490475,0.493073
CEP83,0.75,4,2,0.5,0.6547,0.575627
CEP97,0.75,4,2,0.5,0.843215,0.669568
CES3,0.75,4,2,0.5,0.442721,0.469067
CES4A,0.75,4,2,0.5,0.668557,0.644881
CHIA,0.75,4,2,0.5,0.641115,0.562373
CHMP4C,0.75,4,2,0.5,0.479227,0.484031
CHRNA2,0.75,4,2,0.5,0.541724,0.518705
CHRNA4,0.75,4,2,0.5,0.622454,0.559095
CHRNA6,0.75,4,2,0.5,0.522125,0.509186
CHRNG,0.75,4,2,0.5,0.680459,0.586959
CHST2,0.75,4,2,0.5,0.495537,0.495582
CHST5,0.75,4,2,0.5,0.589233,0.54244
CLCN4,0.75,4,2,0.5,0.732013,0.727057
CLDN18,0.75,4,2,0.5,0.795979,0.647831
CLIP4,0.75,4,2,0.5,0.663317,0.585302
CLRN2,0.75,4,2,0.5,0.449541,0.468046
CLSTN3,0.75,4,2,0.5,0.54217,0.516488
CNBD2,0.75,4,2,0.5,0.762417,0.629063
CNGA1,0.75,4,2,0.5,0.85559,0.704708
CNGA3,0.75,4,2,0.5,0.662068,0.57552
CNKSR3,0.75,4,2,0.5,0.761416,0.782783
CNTROB,0.75,4,2,0.5,0.58989,0.54781
COL20A1,0.75,4,2,0.5,0.47479,0.476552
COL9A3,0.75,4,2,0.5,0.490109,0.492903
COP1,0.75,4,2,0.5,0.564763,0.548798
CSNK2A1,0.75,4,2,0.5,0.724232,0.625401
CSTF2,0.75,4,2,0.5,0.708781,0.602244
CSTF2T,0.75,4,2,0.5,0.689814,0.592736
CTCF,0.75,4,2,0.5,0.797429,0.646819
CTHRC1,0.75,4,2,0.5,0.524676,0.563499
CTIF,0.75,4,2,0.5,0.647321,0.635187
CUL7,0.75,4,2,0.5,0.764689,0.625271
CYP19A1,0.75,4,2,0.5,0.544847,0.515241
CYP2E1,0.75,4,2,0.5,0.666432,0.581313
CYP2F1,0.75,4,2,0.5,0.460622,0.468985
CYP3A43,0.75,4,2,0.5,0.813456,0.656254
CYP4F2,0.75,4,2,0.5,0.818902,0.769705
CYYR1,0.75,4,2,0.5,0.684414,0.629821
DACH1,0.75,4,2,0.5,0.782778,0.68452
DCAF11,0.75,4,2,0.5,0.581979,0.528146
DCAF4L1,0.75,4,2,0.5,0.570863,0.576403
DCLK2,0.75,4,2,0.5,0.782036,0.638784
DDX59,0.75,4,2,0.5,0.551561,0.559935
DEFB114,0.75,4,2,0.5,0.824702,0.655693
DHX34,0.75,4,2,0.5,0.409915,0.450896
DHX37,0.75,4,2,0.5,0.539998,0.511892
DLAT,0.75,4,2,0.5,0.484711,0.503892
DMPK,0.75,4,2,0.5,0.798807,0.791147
DNA2,0.75,4,2,0.5,0.486362,0.491008
DNHD1,0.75,4,2,0.5,0.793518,0.644597
DOK5,0.75,4,2,0.5,0.785916,0.686096
DPEP1,0.75,4,2,0.5,0.48306,0.486016
DPYSL2,0.75,4,2,0.5,0.535108,0.521465
DUS3L,0.75,4,2,0.5,0.718277,0.594014
E2F8,0.75,4,2,0.5,0.76834,0.629659
EEA1,0.75,4,2,0.5,0.696094,0.727429
EFCAB13,0.75,4,2,0.5,0.623341,0.62141
EFCAB5,0.75,4,2,0.5,0.572811,0.535704
EFHC2,0.75,4,2,0.5,0.532462,0.514097
EHBP1,0.75,4,2,0.5,0.615414,0.555555
ELAVL3,0.75,4,2,0.5,0.776027,0.635799
ELF4,0.75,4,2,0.5,0.490591,0.492633
EMILIN1,0.75,4,2,0.5,0.587907,0.541765
ENPP5,0.75,4,2,0.5,0.802411,0.646787
EPS8L3,0.75,4,2,0.5,0.554832,0.521116
ERN1,0.75,4,2,0.5,0.828877,0.828178
ESYT2,0.75,4,2,0.5,0.567959,0.566355
ETFBKMT,0.75,4,2,0.5,0.493621,0.49428
EXOC2,0.75,4,2,0.5,0.651034,0.573388
EXOC7,0.75,4,2,0.5,0.538396,0.504411
EXOSC9,0.75,4,2,0.5,0.753674,0.663045
EYA3,0.75,4,2,0.5,0.554681,0.526594
F2R,0.75,4,2,0.5,0.487585,0.487876
FAIM2,0.75,4,2,0.5,0.665037,0.585142
FAM153CP,0.75,4,2,0.5,0.685375,0.60255
FAM214A,0.75,4,2,0.5,0.76895,0.671121
FAM214B,0.75,4,2,0.5,0.603321,0.570727
FAM83A,0.75,4,2,0.5,0.646266,0.563025
FATE1,0.75,4,2,0.5,0.471028,0.484793
FBXW5,0.75,4,2,0.5,0.438664,0.467205
FCGR3A,0.75,4,2,0.5,0.410999,0.452885
FDPS,0.75,4,2,0.5,0.740995,0.741314
FLI1,0.75,4,2,0.5,0.671353,0.583547
FLOT1,0.75,4,2,0.5,0.568256,0.568706
FNBP4,0.75,4,2,0.5,0.554132,0.560538
FOXG1,0.75,4,2,0.5,0.825254,0.73869
FOXK2,0.75,4,2,0.5,0.786149,0.635953
FOXO3,0.75,4,2,0.5,0.691165,0.601358
FPR3,0.75,4,2,0.5,0.681503,0.59224
FUCA1,0.75,4,2,0.5,0.496053,0.495896
FZD3,0.75,4,2,0.5,0.603441,0.599027
FZD6,0.75,4,2,0.5,0.49659,0.49609
GAB4,0.75,4,2,0.5,0.7404,0.61807
GALK2,0.75,4,2,0.5,0.82654,0.703916
GALNT5,0.75,4,2,0.5,0.635739,0.56737
GBGT1,0.75,4,2,0.5,0.494797,0.495228
GBP4,0.75,4,2,0.5,0.756363,0.783537
GCKR,0.75,4,2,0.5,0.489275,0.491913
GFI1,0.75,4,2,0.5,0.523202,0.506402
GGT1,0.75,4,2,0.5,0.585492,0.540264
GIPC2,0.75,4,2,0.5,0.786333,0.685851
GIT2,0.75,4,2,0.5,0.79661,0.760053
GLRB,0.75,4,2,0.5,0.735643,0.715251
GNPAT,0.75,4,2,0.5,0.676636,0.586147
GOSR2,0.75,4,2,0.5,0.493351,0.494541
GPR158,0.75,4,2,0.5,0.688602,0.70383
GPR20,0.75,4,2,0.5,0.493762,0.494107
GPR87,0.75,4,2,0.5,0.497804,0.496772
GPX5,0.75,4,2,0.5,0.798928,0.778142
GRAMD1A,0.75,4,2,0.5,0.777124,0.748872
GRAMD4,0.75,4,2,0.5,0.51477,0.505223
GRIN1,0.75,4,2,0.5,0.432957,0.449933
GSTA4,0.75,4,2,0.5,0.830312,0.74492
GTF2IRD2,0.75,4,2,0.5,0.599314,0.547452
GTPBP6,0.75,4,2,0.5,0.73375,0.609371
GUCY1A1,0.75,4,2,0.5,0.521878,0.508738
H2AC1,0.75,4,2,0.5,0.721466,0.597909
HCAR1,0.75,4,2,0.5,0.750433,0.623332
HDAC8,0.75,4,2,0.5,0.837714,0.666327
HK3,0.75,4,2,0.5,0.538485,0.52805
HMGCS2,0.75,4,2,0.5,0.5203,0.502292
HNRNPDL,0.75,4,2,0.5,0.640716,0.563783
HNRNPM,0.75,4,2,0.5,0.490117,0.490682
HTR3B,0.75,4,2,0.5,0.693925,0.712933
IDH2,0.75,4,2,0.5,0.471948,0.477086
IFNG,0.75,4,2,0.5,0.693116,0.588157
IKBKB,0.75,4,2,0.5,0.509553,0.510721
IL10RA,0.75,4,2,0.5,0.419081,0.452127
IL12B,0.75,4,2,0.5,0.684909,0.585182
IL13RA2,0.75,4,2,0.5,0.492618,0.494173
IL18R1,0.75,4,2,0.5,0.775536,0.634029
IL1RL2,0.75,4,2,0.5,0.76102,0.629955
IL23R,0.75,4,2,0.5,0.731825,0.646148
IL32,0.75,4,2,0.5,0.431372,0.459896
ILKAP,0.75,4,2,0.5,0.549697,0.520424
INTS7,0.75,4,2,0.5,0.826842,0.67705
IPO8,0.75,4,2,0.5,0.716648,0.604571
IQCE,0.75,4,2,0.5,0.464687,0.480187
IRAK3,0.75,4,2,0.5,0.467927,0.441245
IRF2,0.75,4,2,0.5,0.759223,0.696011
IRF8,0.75,4,2,0.5,0.434544,0.464877
ITCH,0.75,4,2,0.5,0.839973,0.669806
ITGAV,0.75,4,2,0.5,0.446543,0.464626
ITGB7,0.75,4,2,0.5,0.719769,0.607751
IVL,0.75,4,2,0.5,0.619246,0.598701
KASH5,0.75,4,2,0.5,0.81623,0.655971
KAT5,0.75,4,2,0.5,0.690623,0.683784
KAT8,0.75,4,2,0.5,0.652142,0.561428
KCNJ1,0.75,4,2,0.5,0.625499,0.607322
KCNK9,0.75,4,2,0.5,0.800482,0.665192
KCNN3,0.75,4,2,0.5,0.603142,0.565288
KCNRG,0.75,4,2,0.5,0.595933,0.544852
KCNV2,0.75,4,2,0.5,0.389439,0.442556
KCTD13,0.75,4,2,0.5,0.499757,0.497739
KIZ,0.75,4,2,0.5,0.714397,0.618934
KLF3,0.75,4,2,0.5,0.771884,0.666171
KLHL6,0.75,4,2,0.5,0.622817,0.597745
KLK8,0.75,4,2,0.5,0.498345,0.497058
KRT3,0.75,4,2,0.5,0.818076,0.656895
KRT36,0.75,4,2,0.5,0.776359,0.72619
KRT74,0.75,4,2,0.5,0.706253,0.597516
KRTAP10-3,0.75,4,2,0.5,0.482187,0.488893
KRTAP5-9,0.75,4,2,0.5,0.823545,0.701724
L3MBTL4,0.75,4,2,0.5,0.464532,0.469531
LARGE2,0.75,4,2,0.5,0.460788,0.478202
LGALS9,0.75,4,2,0.5,0.49508,0.495395
LGR4,0.75,4,2,0.5,0.746174,0.752386
LIN54,0.75,4,2,0.5,0.496581,0.49613
LPO,0.75,4,2,0.5,0.479338,0.48574
LRRC15,0.75,4,2,0.5,0.709603,0.647456
LRRC41,0.75,4,2,0.5,0.73832,0.617046
LRRC43,0.75,4,2,0.5,0.83419,0.738197
LRRC4B,0.75,4,2,0.5,0.714183,0.697504
LRRC6,0.75,4,2,0.5,0.608833,0.5677
LSM11,0.75,4,2,0.5,0.731727,0.624433
LTBP1,0.75,4,2,0.5,0.659782,0.633923
LTBR,0.75,4,2,0.5,0.490239,0.489541
MAEL,0.75,4,2,0.5,0.777797,0.636768
MAGEA11,0.75,4,2,0.5,0.637945,0.563041
MAML2,0.75,4,2,0.5,0.419553,0.457112
MAN1C1,0.75,4,2,0.5,0.814494,0.654106
MAP3K5,0.75,4,2,0.5,0.438373,0.467053
MAP3K6,0.75,4,2,0.5,0.49389,0.494607
MAPK1,0.75,4,2,0.5,0.735474,0.640866
MARCHF1,0.75,4,2,0.5,0.75438,0.695964
MBD5,0.75,4,2,0.5,0.789904,0.767086
MCC,0.75,4,2,0.5,0.807705,0.792345
MEP1A,0.75,4,2,0.5,0.80505,0.723642
MIA2,0.75,4,2,0.5,0.736817,0.616276
MICB,0.75,4,2,0.5,0.788269,0.754111
MKS1,0.75,4,2,0.5,0.719329,0.607092
MMAA,0.75,4,2,0.5,0.682754,0.580146
MMP27,0.75,4,2,0.5,0.513835,0.502432
MOB3B,0.75,4,2,0.5,0.602635,0.549145
MPHOSPH9,0.75,4,2,0.5,0.670878,0.63698
MRE11,0.75,4,2,0.5,0.552806,0.547113
MRGPRX1,0.75,4,2,0.5,0.779984,0.748167
MROH8,0.75,4,2,0.5,0.748377,0.765244
MRPL47,0.75,4,2,0.5,0.676619,0.61957
MS4A5,0.75,4,2,0.5,0.756058,0.712509
MTMR12,0.75,4,2,0.5,0.618812,0.55849
MUS81,0.75,4,2,0.5,0.543105,0.519411
MYOC,0.75,4,2,0.5,0.741506,0.662554
NAP1L1,0.75,4,2,0.5,0.586556,0.541886
NARS1,0.75,4,2,0.5,0.792258,0.688828
NCKIPSD,0.75,4,2,0.5,0.493444,0.49458
NDRG1,0.75,4,2,0.5,0.56043,0.528403
NDST2,0.75,4,2,0.5,0.765124,0.641049
NEFM,0.75,4,2,0.5,0.739732,0.618692
NEUROG2,0.75,4,2,0.5,0.779213,0.637619
NLRX1,0.75,4,2,0.5,0.678835,0.620896
NPLOC4,0.75,4,2,0.5,0.614397,0.553704
NPR1,0.75,4,2,0.5,0.592188,0.543999
NPTX1,0.75,4,2,0.5,0.471115,0.4775
NTRK1,0.75,4,2,0.5,0.666789,0.615035
NUDC,0.75,4,2,0.5,0.586085,0.540472
NUP214,0.75,4,2,0.5,0.689764,0.642206
NVL,0.75,4,2,0.5,0.755974,0.667529
NXPH4,0.75,4,2,0.5,0.753895,0.624773
OLFM4,0.75,4,2,0.5,0.464443,0.479608
OLFML2A,0.75,4,2,0.5,0.490629,0.492796
OPLAH,0.75,4,2,0.5,0.459155,0.475755
OR10AD1,0.75,4,2,0.5,0.795348,0.645494
OR10G9,0.75,4,2,0.5,0.750525,0.681868
OR11H6,0.75,4,2,0.5,0.482571,0.484821
OR14A16,0.75,4,2,0.5,0.624751,0.571344
OR1L1,0.75,4,2,0.5,0.574992,0.549784
OR2J3,0.75,4,2,0.5,0.768473,0.631098
OR2M5,0.75,4,2,0.5,0.773603,0.690155
OR4C6,0.75,4,2,0.5,0.473131,0.508203
OR51L1,0.75,4,2,0.5,0.717523,0.698664
OR52M1,0.75,4,2,0.5,0.756785,0.626238
OR52N1,0.75,4,2,0.5,0.502203,0.498942
OR52N4,0.75,4,2,0.5,0.5757,0.531095
OR5AC2,0.75,4,2,0.5,0.743061,0.706104
OR5H6,0.75,4,2,0.5,0.691124,0.599253
OR5K3,0.75,4,2,0.5,0.560532,0.515197
OR6B1,0.75,4,2,0.5,0.510438,0.503467
OR8J3,0.75,4,2,0.5,0.812567,0.708529
P2RY13,0.75,4,2,0.5,0.645058,0.591279
PABPC3,0.75,4,2,0.5,0.729459,0.612556
PACRG,0.75,4,2,0.5,0.521392,0.501222
PAFAH2,0.75,4,2,0.5,0.8521,0.694787
PCDHB11,0.75,4,2,0.5,0.759685,0.669432
PCDHGA10,0.75,4,2,0.5,0.777132,0.636276
PCDHGB5,0.75,4,2,0.5,0.476896,0.496659
PCDHGB7,0.75,4,2,0.5,0.738296,0.617011
PCMTD1,0.75,4,2,0.5,0.829856,0.747309
PCOLCE2,0.75,4,2,0.5,0.794891,0.684913
PDE6B,0.75,4,2,0.5,0.383198,0.438939
PDE9A,0.75,4,2,0.5,0.801761,0.648941
PEX11A,0.75,4,2,0.5,0.736327,0.713884
PEX5,0.75,4,2,0.5,0.535976,0.501337
PEX6,0.75,4,2,0.5,0.581286,0.53815
PFKM,0.75,4,2,0.5,0.582979,0.570257
PHAX,0.75,4,2,0.5,0.756278,0.643184
PHC1,0.75,4,2,0.5,0.677013,0.585772
PIAS1,0.75,4,2,0.5,0.396418,0.441723
PIP5K1C,0.75,4,2,0.5,0.805339,0.700107
PITPNM1,0.75,4,2,0.5,0.66227,0.578712
PJVK,0.75,4,2,0.5,0.671943,0.640918
PKLR,0.75,4,2,0.5,0.727389,0.651922
PLA2G12A,0.75,4,2,0.5,0.500757,0.497124
PLA2G15,0.75,4,2,0.5,0.404028,0.443622
PLEKHG6,0.75,4,2,0.5,0.624682,0.55641
PML,0.75,4,2,0.5,0.702163,0.596929
PNCK,0.75,4,2,0.5,0.497529,0.494731
PNISR,0.75,4,2,0.5,0.534566,0.509031
PNPLA5,0.75,4,2,0.5,0.538461,0.50639
POLR3B,0.75,4,2,0.5,0.631383,0.611152
POPDC3,0.75,4,2,0.5,0.5047,0.499083
POT1,0.75,4,2,0.5,0.797863,0.692714
PPFIA2,0.75,4,2,0.5,0.817136,0.748167
PPP4R1,0.75,4,2,0.5,0.593795,0.544777
PRKD3,0.75,4,2,0.5,0.772177,0.66601
PRMT8,0.75,4,2,0.5,0.810187,0.65206
PRPF40A,0.75,4,2,0.5,0.488776,0.491827
PRR16,0.75,4,2,0.5,0.764015,0.654444
PRSS12,0.75,4,2,0.5,0.860032,0.808074
PSD,0.75,4,2,0.5,0.471561,0.483596
PSEN2,0.75,4,2,0.5,0.676619,0.590487
PTCD3,0.75,4,2,0.5,0.8135,0.653609
PTCHD4,0.75,4,2,0.5,0.47982,0.471965
PTGIS,0.75,4,2,0.5,0.751578,0.617886
PTPN4,0.75,4,2,0.5,0.424461,0.460146
PTPRG,0.75,4,2,0.5,0.498058,0.496905
PXK,0.75,4,2,0.5,0.560694,0.528208
PYROXD2,0.75,4,2,0.5,0.732118,0.681554
QRFPR,0.75,4,2,0.5,0.840338,0.837829
QSOX1,0.75,4,2,0.5,0.488614,0.492174
RALGAPA1,0.75,4,2,0.5,0.71787,0.606318
RASA3,0.75,4,2,0.5,0.52102,0.508326
RASAL3,0.75,4,2,0.5,0.684565,0.590144
RASGRP3,0.75,4,2,0.5,0.483687,0.485127
RASGRP4,0.75,4,2,0.5,0.476279,0.485657
RBCK1,0.75,4,2,0.5,0.456378,0.470988
RBM39,0.75,4,2,0.5,0.510758,0.504619
RC3H1,0.75,4,2,0.5,0.659144,0.602639
RC3H2,0.75,4,2,0.5,0.723384,0.609081
RFTN2,0.75,4,2,0.5,0.532073,0.513908
RFX2,0.75,4,2,0.5,0.826646,0.661113
RGS6,0.75,4,2,0.5,0.505672,0.496857
RGS9,0.75,4,2,0.5,0.727916,0.611552
RHBDF2,0.75,4,2,0.5,0.733223,0.614454
RHBDL3,0.75,4,2,0.5,0.628888,0.571082
RHO,0.75,4,2,0.5,0.68614,0.600016
RIC8A,0.75,4,2,0.5,0.835753,0.715248
RNF220,0.75,4,2,0.5,0.636427,0.649526
RNF32,0.75,4,2,0.5,0.516983,0.505129
RORB,0.75,4,2,0.5,0.847326,0.671532
RPAP2,0.75,4,2,0.5,0.777068,0.66532
RPN2,0.75,4,2,0.5,0.779724,0.657931
RPS6KA2,0.75,4,2,0.5,0.716938,0.603984
RSBN1,0.75,4,2,0.5,0.633965,0.600068
S100A7,0.75,4,2,0.5,0.786219,0.727656
SAMSN1,0.75,4,2,0.5,0.640825,0.666453
SBF2,0.75,4,2,0.5,0.759173,0.629424
SCAP,0.75,4,2,0.5,0.46424,0.468778
SDR16C5,0.75,4,2,0.5,0.674455,0.670043
SEC14L1,0.75,4,2,0.5,0.447597,0.471789
SEMA4F,0.75,4,2,0.5,0.707566,0.5976
SEMA4G,0.75,4,2,0.5,0.43173,0.463741
SENP3,0.75,4,2,0.5,0.501929,0.498643
SERPINB11,0.75,4,2,0.5,0.734836,0.635132
SEZ6,0.75,4,2,0.5,0.631761,0.558541
SF3B2,0.75,4,2,0.5,0.429534,0.447475
SGIP1,0.75,4,2,0.5,0.845371,0.826358
SGSH,0.75,4,2,0.5,0.404051,0.449904
SHOC1,0.75,4,2,0.5,0.770396,0.633478
SHROOM2,0.75,4,2,0.5,0.435328,0.463247
SHTN1,0.75,4,2,0.5,0.495077,0.495357
SLC12A3,0.75,4,2,0.5,0.832508,0.708762
SLC12A4,0.75,4,2,0.5,0.462448,0.478755
SLC12A8,0.75,4,2,0.5,0.82244,0.700537
SLC17A8,0.75,4,2,0.5,0.691477,0.626455
SLC18A1,0.75,4,2,0.5,0.623189,0.622616
SLC22A3,0.75,4,2,0.5,0.80082,0.702125
SLC24A2,0.75,4,2,0.5,0.483176,0.488951
SLC25A11,0.75,4,2,0.5,0.768129,0.706126
SLC28A2,0.75,4,2,0.5,0.663336,0.564993
SLC35F4,0.75,4,2,0.5,0.636384,0.604345
SLC44A4,0.75,4,2,0.5,0.755431,0.673226
SLC4A3,0.75,4,2,0.5,0.408189,0.448991
SLC5A8,0.75,4,2,0.5,0.808023,0.724933
SLC6A13,0.75,4,2,0.5,0.574656,0.536735
SLC8A3,0.75,4,2,0.5,0.378289,0.382129
SLC8B1,0.75,4,2,0.5,0.787912,0.672719
SLCO2A1,0.75,4,2,0.5,0.74575,0.714453
SOAT2,0.75,4,2,0.5,0.782263,0.636649
SORBS2,0.75,4,2,0.5,0.726295,0.656096
SOX3,0.75,4,2,0.5,0.612768,0.5487
SP100,0.75,4,2,0.5,0.828761,0.826908
SPATA31E1,0.75,4,2,0.5,0.486969,0.490098
SPG11,0.75,4,2,0.5,0.69651,0.595967
SPICE1,0.75,4,2,0.5,0.546316,0.53789
SPPL2B,0.75,4,2,0.5,0.577869,0.532488
SRC,0.75,4,2,0.5,0.774417,0.63495
SRMS,0.75,4,2,0.5,0.538076,0.516839
SRP54,0.75,4,2,0.5,0.649194,0.570227
SRPX2,0.75,4,2,0.5,0.757737,0.623631
SSX5,0.75,4,2,0.5,0.81126,0.652454
ST6GALNAC1,0.75,4,2,0.5,0.702214,0.598963
STAT5A,0.75,4,2,0.5,0.795416,0.704627
STON2,0.75,4,2,0.5,0.698945,0.605457
STRC,0.75,4,2,0.5,0.720219,0.607315
STRIP2,0.75,4,2,0.5,0.722666,0.608923
SUGP1,0.75,4,2,0.5,0.855108,0.841623
SULT1C2,0.75,4,2,0.5,0.422314,0.459001
SYNJ1,0.75,4,2,0.5,0.54805,0.531339
SYT4,0.75,4,2,0.5,0.629915,0.622454
TAF15,0.75,4,2,0.5,0.559466,0.527596
TAS1R2,0.75,4,2,0.5,0.560579,0.521638
TAS2R1,0.75,4,2,0.5,0.780439,0.683757
TCF12,0.75,4,2,0.5,0.791789,0.739216
TCP11L2,0.75,4,2,0.5,0.745828,0.68808
TEAD1,0.75,4,2,0.5,0.797892,0.776766
THAP12,0.75,4,2,0.5,0.797218,0.719007
THNSL2,0.75,4,2,0.5,0.49456,0.495264
TIGD3,0.75,4,2,0.5,0.577891,0.574451
TLE4,0.75,4,2,0.5,0.765801,0.630779
TMEM217,0.75,4,2,0.5,0.670696,0.635646
TNFAIP3,0.75,4,2,0.5,0.488621,0.489678
TNIP1,0.75,4,2,0.5,0.490826,0.492896
TNIP3,0.75,4,2,0.5,0.568579,0.575542
TNNT1,0.75,4,2,0.5,0.488065,0.491901
TNR,0.75,4,2,0.5,0.690637,0.611134
TOGARAM2,0.75,4,2,0.5,0.380792,0.43778
TOMM70,0.75,4,2,0.5,0.520151,0.518446
TP53BP2,0.75,4,2,0.5,0.560587,0.529244
TPRN,0.75,4,2,0.5,0.488617,0.489837
TRIM15,0.75,4,2,0.5,0.547313,0.518142
TRIM24,0.75,4,2,0.5,0.803849,0.721356
TRIM28,0.75,4,2,0.5,0.865948,0.73622
TSSK4,0.75,4,2,0.5,0.705896,0.643262
TTLL7,0.75,4,2,0.5,0.695145,0.596427
TUBA8,0.75,4,2,0.5,0.772201,0.67171
UBASH3B,0.75,4,2,0.5,0.684142,0.668226
UBE4A,0.75,4,2,0.5,0.749411,0.674078
UBN1,0.75,4,2,0.5,0.586527,0.547685
UGT1A6,0.75,4,2,0.5,0.848609,0.838555
UNC5D,0.75,4,2,0.5,0.580125,0.537933
UROC1,0.75,4,2,0.5,0.559514,0.523483
USF1,0.75,4,2,0.5,0.660337,0.647225
USP12,0.75,4,2,0.5,0.795798,0.63586
VEGFC,0.75,4,2,0.5,0.558476,0.569251
WASHC2A,0.75,4,2,0.5,0.568033,0.531843
WDR86,0.75,4,2,0.5,0.489313,0.492501
WDR88,0.75,4,2,0.5,0.735061,0.626154
WIZ,0.75,4,2,0.5,0.447876,0.47181
XAB2,0.75,4,2,0.5,0.611349,0.553496
ZBTB25,0.75,4,2,0.5,0.44163,0.467543
ZFP69,0.75,4,2,0.5,0.634746,0.565959
ZFYVE1,0.75,4,2,0.5,0.461901,0.469744
ZNF157,0.75,4,2,0.5,0.571797,0.52043
ZNF266,0.75,4,2,0.5,0.376656,0.436157
ZNF275,0.75,4,2,0.5,0.492111,0.493918
ZNF280A,0.75,4,2,0.5,0.731759,0.615326
ZNF280C,0.75,4,2,0.5,0.637218,0.594413
ZNF330,0.75,4,2,0.5,0.834265,0.796959
ZNF33B,0.75,4,2,0.5,0.842712,0.674654
ZNF425,0.75,4,2,0.5,0.654399,0.623794
ZNF554,0.75,4,2,0.5,0.575934,0.535442
ZNF555,0.75,4,2,0.5,0.73674,0.615874
ZNF585B,0.75,4,2,0.5,0.690912,0.645739
ZNF668,0.75,4,2,0.5,0.47787,0.486802
ZNF680,0.75,4,2,0.5,0.863213,0.681484
ZNF74,0.75,4,2,0.5,0.492489,0.490047
ZNF786,0.75,4,2,0.5,0.845825,0.661605
ZNF835,0.75,4,2,0.5,0.645055,0.570428
ZRSR2,0.75,4,2,0.5,0.434522,0.464186
ZSCAN2,0.75,4,2,0.5,0.807929,0.744021
AASS,0.75,5,2,0.4,0.621007,0.658049
ABCD1,0.75,5,2,0.4,0.059765,0.38791
ABL2,0.75,5,2,0.4,0.729482,0.588611
AC006059.2,0.75,5,2,0.4,0.151913,0.426495
ACADM,0.75,5,2,0.4,0.578343,0.666541
ACCS,0.75,5,2,0.4,0.626203,0.548868
ACKR2,0.75,5,2,0.4,0.118788,0.418681
ACP4,0.75,5,2,0.4,0.338726,0.514251
ACTA2,0.75,5,2,0.4,0.662608,0.577855
ACTN4,0.75,5,2,0.4,0.653699,0.50582
ADAMTS13,0.75,5,2,0.4,0.322921,0.513658
ADAMTS15,0.75,5,2,0.4,0.127802,0.438991
ADAMTS17,0.75,5,2,0.4,0.426678,0.445347
AFF3,0.75,5,2,0.4,0.676898,0.529891
AIDA,0.75,5,2,0.4,0.6621,0.528731
ALDH1L1,0.75,5,2,0.4,0.345716,0.453133
ALOX15B,0.75,5,2,0.4,0.674683,0.683813
AMBRA1,0.75,5,2,0.4,0.449815,0.562433
AMER3,0.75,5,2,0.4,0.635039,0.520609
ANKRD26,0.75,5,2,0.4,0.616084,0.516658
ATCAY,0.75,5,2,0.4,0.097694,0.418722
ATF6B,0.75,5,2,0.4,0.18253,0.430855
ATP1A2,0.75,5,2,0.4,0.269611,0.47107
BCL2L13,0.75,5,2,0.4,0.694881,0.535907
BMP2K,0.75,5,2,0.4,0.00067,0.391014
BPIFC,0.75,5,2,0.4,0.002097,0.395196
BRF2,0.75,5,2,0.4,0.0,0.390417
BRSK1,0.75,5,2,0.4,0.517194,0.505128
C1orf116,0.75,5,2,0.4,0.031298,0.381085
CACNA2D2,0.75,5,2,0.4,0.000707,0.395912
CALR3,0.75,5,2,0.4,0.171202,0.412927
CAVIN2,0.75,5,2,0.4,0.710191,0.534586
CCDC180,0.75,5,2,0.4,0.1882,0.431205
CCDC93,0.75,5,2,0.4,0.716888,0.618101
CCT2,0.75,5,2,0.4,0.738614,0.670585
CD36,0.75,5,2,0.4,0.619721,0.557841
CD6,0.75,5,2,0.4,0.195356,0.419755
CDADC1,0.75,5,2,0.4,0.629532,0.709797
CDH26,0.75,5,2,0.4,0.460466,0.532992
CDKL1,0.75,5,2,0.4,0.003412,0.386945
CENPJ,0.75,5,2,0.4,0.523384,0.503788
CEP131,0.75,5,2,0.4,1e-06,0.390007
CEP295,0.75,5,2,0.4,2e-06,0.395112
CFAP100,0.75,5,2,0.4,0.671959,0.766354
CFAP206,0.75,5,2,0.4,0.566618,0.575751
CFAP65,0.75,5,2,0.4,0.708805,0.722682
CFAP91,0.75,5,2,0.4,0.427225,0.530804
CHD4,0.75,5,2,0.4,0.730713,0.621832
CIDEA,0.75,5,2,0.4,0.356021,0.474875
CLOCK,0.75,5,2,0.4,0.651531,0.583831
CNGA2,0.75,5,2,0.4,0.667096,0.546292
CPA1,0.75,5,2,0.4,0.644196,0.612548
CPN2,0.75,5,2,0.4,0.180292,0.407295
CPO,0.75,5,2,0.4,0.004052,0.384787
CPSF6,0.75,5,2,0.4,0.333042,0.451766
CYP17A1,0.75,5,2,0.4,0.238689,0.486926
CYP27B1,0.75,5,2,0.4,0.59809,0.699514
CYP8B1,0.75,5,2,0.4,0.550732,0.580758
DAXX,0.75,5,2,0.4,0.223017,0.439048
DCAF1,0.75,5,2,0.4,0.186598,0.418707
DCLK3,0.75,5,2,0.4,0.745219,0.729177
DDX4,0.75,5,2,0.4,0.392916,0.530815
DGKZ,0.75,5,2,0.4,0.608799,0.51836
DHX35,0.75,5,2,0.4,0.645942,0.542502
DIAPH3,0.75,5,2,0.4,0.629984,0.520658
DKK2,0.75,5,2,0.4,0.088377,0.411742
DMRTB1,0.75,5,2,0.4,0.19814,0.432713
EDEM3,0.75,5,2,0.4,0.724785,0.76878
EPB42,0.75,5,2,0.4,0.592323,0.496407
EPHA6,0.75,5,2,0.4,0.350995,0.483816
ERC2,0.75,5,2,0.4,0.665726,0.640307
ESRP2,0.75,5,2,0.4,1e-06,0.394314
FAN1,0.75,5,2,0.4,0.743948,0.654706
FBXO22,0.75,5,2,0.4,0.67886,0.499111
FBXW7,0.75,5,2,0.4,0.725074,0.607881
FCHO2,0.75,5,2,0.4,0.534282,0.489214
FOXJ2,0.75,5,2,0.4,0.562406,0.646272
G3BP1,0.75,5,2,0.4,0.50734,0.632267
GALNT15,0.75,5,2,0.4,0.697746,0.589762
GALNT6,0.75,5,2,0.4,0.658075,0.566044
GATM,0.75,5,2,0.4,0.186742,0.402289
GCNT3,0.75,5,2,0.4,0.601222,0.499956
GJA1,0.75,5,2,0.4,0.386514,0.508896
GLDC,0.75,5,2,0.4,0.2056,0.356979
GLUL,0.75,5,2,0.4,0.592177,0.642176
GRPR,0.75,5,2,0.4,0.073295,0.409245
HCN3,0.75,5,2,0.4,0.605603,0.515038
HEATR3,0.75,5,2,0.4,0.056491,0.406192
HGSNAT,0.75,5,2,0.4,0.432384,0.505312
HHIPL1,0.75,5,2,0.4,0.067787,0.387828
HK2,0.75,5,2,0.4,0.657572,0.520496
HPS3,0.75,5,2,0.4,0.743355,0.628823
HPSE,0.75,5,2,0.4,0.486297,0.496441
HSP90AB1,0.75,5,2,0.4,0.647531,0.708877
HSPA6,0.75,5,2,0.4,0.082471,0.397242
HTR1D,0.75,5,2,0.4,0.361496,0.463474
HYAL4,0.75,5,2,0.4,0.496526,0.568993
IDE,0.75,5,2,0.4,0.741853,0.636729
IFT80,0.75,5,2,0.4,0.690742,0.57521
IL1R2,0.75,5,2,0.4,0.682068,0.782014
IL26,0.75,5,2,0.4,0.701226,0.601355
IWS1,0.75,5,2,0.4,0.565296,0.531354
JAKMIP3,0.75,5,2,0.4,0.10434,0.412576
JPH2,0.75,5,2,0.4,0.69524,0.537489
KCNH8,0.75,5,2,0.4,0.569409,0.625297
KCNJ3,0.75,5,2,0.4,0.728467,0.577929
KCTD9,0.75,5,2,0.4,0.477734,0.526678
KIF15,0.75,5,2,0.4,0.535243,0.498876
KIF19,0.75,5,2,0.4,0.170971,0.43078
KIF1A,0.75,5,2,0.4,0.000439,0.362752
KIF9,0.75,5,2,0.4,0.714798,0.574669
KLK6,0.75,5,2,0.4,2.9e-05,0.393155
KNL1,0.75,5,2,0.4,0.332425,0.508659
KRT72,0.75,5,2,0.4,0.099225,0.416732
KRT82,0.75,5,2,0.4,0.388029,0.57342
LGI2,0.75,5,2,0.4,0.016723,0.38758
LMO7,0.75,5,2,0.4,0.009777,0.390557
LNPEP,0.75,5,2,0.4,0.646019,0.649779
LONRF3,0.75,5,2,0.4,0.000987,0.379334
LOXL3,0.75,5,2,0.4,0.056579,0.402807
LY9,0.75,5,2,0.4,0.361349,0.485105
MAB21L3,0.75,5,2,0.4,0.695847,0.582326
MAN2A2,0.75,5,2,0.4,0.485283,0.6457
MAP1S,0.75,5,2,0.4,0.0,0.367061
MAP4K3,0.75,5,2,0.4,0.370993,0.515395
MCF2,0.75,5,2,0.4,0.001035,0.377703
MEGF10,0.75,5,2,0.4,0.724238,0.5608
MERTK,0.75,5,2,0.4,0.644513,0.595129
MFRP,0.75,5,2,0.4,0.623516,0.594681
MINAR1,0.75,5,2,0.4,0.592126,0.546011
MORC4,0.75,5,2,0.4,0.301225,0.460651
MOV10,0.75,5,2,0.4,0.542422,0.529398
MOXD1,0.75,5,2,0.4,0.178474,0.395053
MRGPRE,0.75,5,2,0.4,0.0,0.360272
MUC6,0.75,5,2,0.4,0.574607,0.573797
MYLIP,0.75,5,2,0.4,0.405764,0.468285
MYO1H,0.75,5,2,0.4,0.621691,0.536593
MYPN,0.75,5,2,0.4,0.688192,0.570735
NAA25,0.75,5,2,0.4,0.562055,0.532583
NCOR2,0.75,5,2,0.4,0.239856,0.441443
NEK1,0.75,5,2,0.4,0.007994,0.392717
NHLRC2,0.75,5,2,0.4,0.666192,0.530891
NLRP14,0.75,5,2,0.4,0.187526,0.478
NMT2,0.75,5,2,0.4,0.404589,0.4352
NPC1,0.75,5,2,0.4,0.395744,0.55029
NRCAM,0.75,5,2,0.4,0.537829,0.509627
NRDE2,0.75,5,2,0.4,0.01283,0.372182
NSUN2,0.75,5,2,0.4,0.372778,0.532454
NT5C1B,0.75,5,2,0.4,1e-06,0.36099
NUP160,0.75,5,2,0.4,0.521247,0.530319
OR10AG1,0.75,5,2,0.4,0.340654,0.473995
OR1J1,0.75,5,2,0.4,0.507327,0.482036
OR51M1,0.75,5,2,0.4,0.749601,0.671099
OR52E4,0.75,5,2,0.4,0.669886,0.646696
OR6K2,0.75,5,2,0.4,0.540544,0.513787
OR8K1,0.75,5,2,0.4,0.72782,0.593586
OTOP1,0.75,5,2,0.4,0.001904,0.391969
PADI3,0.75,5,2,0.4,0.155156,0.416153
PDE8B,0.75,5,2,0.4,0.471223,0.551681
PDP1,0.75,5,2,0.4,0.693963,0.534993
PERP,0.75,5,2,0.4,0.747434,0.518894
PHF20L1,0.75,5,2,0.4,0.53836,0.58818
PHLPP2,0.75,5,2,0.4,0.675738,0.582449
PHYHIP,0.75,5,2,0.4,0.670387,0.530464
PIR,0.75,5,2,0.4,0.656188,0.559329
PLA2G4D,0.75,5,2,0.4,0.592359,0.497682
PLBD2,0.75,5,2,0.4,0.62453,0.57237
PLEKHG5,0.75,5,2,0.4,0.636605,0.547666
PLS1,0.75,5,2,0.4,0.619025,0.673593
PPP2R5B,0.75,5,2,0.4,0.672396,0.585676
PPP4R3A,0.75,5,2,0.4,0.589084,0.505367
PRKCA,0.75,5,2,0.4,0.023567,0.368851
PRPF4,0.75,5,2,0.4,0.17007,0.430435
PTER,0.75,5,2,0.4,0.051054,0.366767
PUS7,0.75,5,2,0.4,0.24767,0.470384
RASAL2,0.75,5,2,0.4,0.530322,0.535206
RBBP8,0.75,5,2,0.4,0.745092,0.675099
RFPL2,0.75,5,2,0.4,0.216587,0.439764
RGL4,0.75,5,2,0.4,0.045656,0.390653
RPS6KA3,0.75,5,2,0.4,0.329605,0.523064
RRP1B,0.75,5,2,0.4,0.530356,0.561083
RSPH6A,0.75,5,2,0.4,0.651617,0.491539
RUBCN,0.75,5,2,0.4,0.662651,0.522358
SALL3,0.75,5,2,0.4,1e-06,0.373231
SAMD4B,0.75,5,2,0.4,0.734298,0.648711
SCAPER,0.75,5,2,0.4,0.312275,0.494663
SCNN1A,0.75,5,2,0.4,0.477594,0.607834
SCUBE1,0.75,5,2,0.4,0.706894,0.636439
SCYL1,0.75,5,2,0.4,0.499817,0.546654
SEC24A,0.75,5,2,0.4,0.24982,0.465076
SELE,0.75,5,2,0.4,0.620153,0.631299
SENP1,0.75,5,2,0.4,0.202794,0.43283
SENP5,0.75,5,2,0.4,0.625803,0.640238
SERPINB7,0.75,5,2,0.4,0.579156,0.574417
SETD1A,0.75,5,2,0.4,0.264874,0.438893
SGSM1,0.75,5,2,0.4,0.197961,0.412612
SH2D4A,0.75,5,2,0.4,0.626572,0.5738
SIN3A,0.75,5,2,0.4,0.008001,0.344598
SLC12A6,0.75,5,2,0.4,0.744369,0.599111
SLC26A9,0.75,5,2,0.4,0.38542,0.496398
SLC45A4,0.75,5,2,0.4,0.295257,0.452425
SLC46A3,0.75,5,2,0.4,0.186601,0.428673
SLF2,0.75,5,2,0.4,0.000609,0.39671
SNX1,0.75,5,2,0.4,0.696218,0.70538
SNX14,0.75,5,2,0.4,0.517783,0.511967
SNX8,0.75,5,2,0.4,0.171065,0.419377
SPATA8,0.75,5,2,0.4,0.518556,0.631171
SPECC1L,0.75,5,2,0.4,0.470007,0.482581
SPNS3,0.75,5,2,0.4,0.449129,0.593733
SRSF5,0.75,5,2,0.4,0.004709,0.392606
STAT2,0.75,5,2,0.4,0.240516,0.491684
STPG1,0.75,5,2,0.4,0.734093,0.655034
SUSD1,0.75,5,2,0.4,0.282642,0.486137
SUSD5,0.75,5,2,0.4,0.6325,0.635295
TAB2,0.75,5,2,0.4,0.73005,0.528027
TADA3,0.75,5,2,0.4,0.091508,0.378777
TAF4B,0.75,5,2,0.4,0.55776,0.523196
TBC1D19,0.75,5,2,0.4,0.165859,0.427718
TBC1D8B,0.75,5,2,0.4,0.230819,0.435414
TBX19,0.75,5,2,0.4,0.298941,0.498723
TDP2,0.75,5,2,0.4,0.638811,0.553748
TELO2,0.75,5,2,0.4,0.531382,0.567098
THADA,0.75,5,2,0.4,0.417429,0.440954
THNSL1,0.75,5,2,0.4,0.0,0.396437
THRA,0.75,5,2,0.4,0.539995,0.590714
TIGD2,0.75,5,2,0.4,0.61334,0.513333
TNFSF10,0.75,5,2,0.4,0.383513,0.476654
TNFSF9,0.75,5,2,0.4,0.02967,0.370786
TRABD2A,0.75,5,2,0.4,0.580798,0.563034
TRAPPC12,0.75,5,2,0.4,0.616799,0.488748
TRERF1,0.75,5,2,0.4,0.350996,0.495346
TRIM2,0.75,5,2,0.4,0.252579,0.434413
TRIM29,0.75,5,2,0.4,0.507827,0.609974
TRIM62,0.75,5,2,0.4,0.597391,0.486627
TRIM7,0.75,5,2,0.4,0.416122,0.479046
TSHR,0.75,5,2,0.4,0.360596,0.46455
TUT4,0.75,5,2,0.4,0.590775,0.523395
UBXN11,0.75,5,2,0.4,0.607799,0.51864
UGGT2,0.75,5,2,0.4,0.493115,0.493886
UGT1A1,0.75,5,2,0.4,0.480163,0.489665
VPS8,0.75,5,2,0.4,0.133177,0.378999
WASHC5,0.75,5,2,0.4,0.0,0.370135
ZAP70,0.75,5,2,0.4,0.002992,0.391582
ZBTB20,0.75,5,2,0.4,0.483434,0.478895
ZC3H4,0.75,5,2,0.4,0.461267,0.533487
ZDHHC18,0.75,5,2,0.4,0.67198,0.528702
ZFP28,0.75,5,2,0.4,0.259487,0.447581
ZIM3,0.75,5,2,0.4,0.088895,0.413279
ZNF142,0.75,5,2,0.4,0.211136,0.440199
ZNF248,0.75,5,2,0.4,0.104995,0.422646
ZNF263,0.75,5,2,0.4,0.5219,0.547912
ZNF317,0.75,5,2,0.4,0.483074,0.640149
ZNF48,0.75,5,2,0.4,0.487363,0.490179
ZNF528,0.75,5,2,0.4,0.725243,0.6838
ZNF586,0.75,5,2,0.4,0.633411,0.699452
ZNF71,0.75,5,2,0.4,0.001135,0.391865
ZNF713,0.75,5,2,0.4,0.696275,0.558982
ABCC3,0.75,6,2,0.333333,0.500957,0.552622
ACAP2,0.75,6,2,0.333333,0.374343,0.454539
ADGRF4,0.75,6,2,0.333333,0.690141,0.611758
ADGRL4,0.75,6,2,0.333333,0.375733,0.445351
AMDHD1,0.75,6,2,0.333333,0.142131,0.376701
AMFR,0.75,6,2,0.333333,0.460668,0.527064
ARAP3,0.75,6,2,0.333333,0.243898,0.397836
ARHGAP9,0.75,6,2,0.333333,0.463963,0.481564
ATP11C,0.75,6,2,0.333333,0.285601,0.419834
BAZ1B,0.75,6,2,0.333333,0.102666,0.362906
BRD1,0.75,6,2,0.333333,0.448398,0.479895
C2orf78,0.75,6,2,0.333333,0.003384,0.315971
CAPN3,0.75,6,2,0.333333,0.029839,0.340139
CBY2,0.75,6,2,0.333333,0.263225,0.393607
CCR9,0.75,6,2,0.333333,0.295291,0.393767
CD19,0.75,6,2,0.333333,0.161568,0.3685
CD248,0.75,6,2,0.333333,0.048916,0.322805
CDH8,0.75,6,2,0.333333,0.255498,0.373849
CDKN2A,0.75,6,2,0.333333,0.16932,0.386886
CECR2,0.75,6,2,0.333333,0.008612,0.320172
CFAP221,0.75,6,2,0.333333,0.597267,0.484714
CLASP2,0.75,6,2,0.333333,0.156438,0.383973
CRLF2,0.75,6,2,0.333333,0.362558,0.402625
CSPG4,0.75,6,2,0.333333,0.059465,0.343964
DCN,0.75,6,2,0.333333,0.240631,0.430171
DCX,0.75,6,2,0.333333,0.47527,0.574841
DENND6A,0.75,6,2,0.333333,0.373814,0.453678
DSG1,0.75,6,2,0.333333,0.517199,0.586053
DYRK2,0.75,6,2,0.333333,0.639913,0.646479
EGFL6,0.75,6,2,0.333333,0.021305,0.331555
ELL2,0.75,6,2,0.333333,0.572991,0.545354
FAM90A1,0.75,6,2,0.333333,0.168155,0.362914
FAM91A1,0.75,6,2,0.333333,0.32522,0.4385
FILIP1L,0.75,6,2,0.333333,0.141599,0.340436
FPR2,0.75,6,2,0.333333,0.59528,0.657404
FST,0.75,6,2,0.333333,0.486419,0.503529
FUT1,0.75,6,2,0.333333,0.163627,0.383998
GALNT2,0.75,6,2,0.333333,0.69282,0.684805
GBF1,0.75,6,2,0.333333,0.440481,0.461277
GPR4,0.75,6,2,0.333333,0.645425,0.626574
GRIP2,0.75,6,2,0.333333,0.300341,0.406116
HAL,0.75,6,2,0.333333,0.580173,0.534491
HCRTR2,0.75,6,2,0.333333,0.68503,0.656877
HIP1,0.75,6,2,0.333333,0.630787,0.602117
HTR7,0.75,6,2,0.333333,0.243612,0.411282
IGSF11,0.75,6,2,0.333333,0.347782,0.390981
INTS2,0.75,6,2,0.333333,0.045897,0.335316
ISLR2,0.75,6,2,0.333333,0.3311,0.422948
ITGA3,0.75,6,2,0.333333,0.28835,0.412821
ITIH4,0.75,6,2,0.333333,0.372683,0.454666
KCNQ2,0.75,6,2,0.333333,0.301381,0.426941
KDM6A,0.75,6,2,0.333333,2e-06,0.325078
KRT19,0.75,6,2,0.333333,0.556227,0.503555
KRT38,0.75,6,2,0.333333,0.188193,0.38635
KRTAP10-8,0.75,6,2,0.333333,0.426896,0.476228
L1TD1,0.75,6,2,0.333333,0.323619,0.435297
LAMC3,0.75,6,2,0.333333,0.470549,0.499493
LEKR1,0.75,6,2,0.333333,0.179974,0.359882
LMOD2,0.75,6,2,0.333333,0.27737,0.421687
MAP3K12,0.75,6,2,0.333333,0.148098,0.373019
MAP3K15,0.75,6,2,0.333333,0.006284,0.315478
MAP3K3,0.75,6,2,0.333333,0.545932,0.543168
MAP3K7,0.75,6,2,0.333333,0.701603,0.617092
MAST3,0.75,6,2,0.333333,0.61634,0.564897
MMP13,0.75,6,2,0.333333,0.520585,0.622862
MRGPRX3,0.75,6,2,0.333333,0.391206,0.489523
NAALAD2,0.75,6,2,0.333333,0.414799,0.470254
NBEAL2,0.75,6,2,0.333333,0.000376,0.311677
NCAPD3,0.75,6,2,0.333333,0.636193,0.561329
NFATC4,0.75,6,2,0.333333,0.291241,0.415519
NOS3,0.75,6,2,0.333333,0.219904,0.396487
ODF2L,0.75,6,2,0.333333,0.236826,0.378783
OGG1,0.75,6,2,0.333333,0.334365,0.42131
OPHN1,0.75,6,2,0.333333,0.249311,0.425329
OR51G1,0.75,6,2,0.333333,0.437381,0.442268
OR8I2,0.75,6,2,0.333333,0.608929,0.588639
P2RY8,0.75,6,2,0.333333,0.464769,0.535987
PARP1,0.75,6,2,0.333333,0.437214,0.471232
PCDHGA4,0.75,6,2,0.333333,0.312203,0.459269
PCM1,0.75,6,2,0.333333,0.268591,0.409185
PGBD1,0.75,6,2,0.333333,0.49146,0.568941
PHKA1,0.75,6,2,0.333333,0.000257,0.326461
PITPNM3,0.75,6,2,0.333333,0.366403,0.42647
PLEKHH2,0.75,6,2,0.333333,0.000614,0.329993
PLXNB1,0.75,6,2,0.333333,0.091313,0.358139
PRICKLE3,0.75,6,2,0.333333,0.165051,0.379446
PRKAG3,0.75,6,2,0.333333,0.00579,0.329459
PWWP3B,0.75,6,2,0.333333,0.003423,0.31412
ROR2,0.75,6,2,0.333333,0.403471,0.464969
RTKN2,0.75,6,2,0.333333,0.002713,0.313701
SBF1,0.75,6,2,0.333333,0.09325,0.358832
SDS,0.75,6,2,0.333333,0.501252,0.546905
SLC11A1,0.75,6,2,0.333333,0.360449,0.426304
SLC16A5,0.75,6,2,0.333333,0.63386,0.63589
SLC6A17,0.75,6,2,0.333333,0.329995,0.43294
SMAD1,0.75,6,2,0.333333,0.284533,0.425289
SMYD3,0.75,6,2,0.333333,0.221822,0.398573
SNX13,0.75,6,2,0.333333,0.511737,0.500275
SOX9,0.75,6,2,0.333333,0.407921,0.444064
SPAG4,0.75,6,2,0.333333,0.204945,0.40953
SYTL2,0.75,6,2,0.333333,0.379699,0.542817
TANC2,0.75,6,2,0.333333,0.532853,0.557868
TAT,0.75,6,2,0.333333,0.326272,0.458414
TCF7L2,0.75,6,2,0.333333,0.349976,0.417693
TGM5,0.75,6,2,0.333333,0.660517,0.54281
UNC5C,0.75,6,2,0.333333,0.570685,0.578363
USP20,0.75,6,2,0.333333,0.144355,0.368236
USP32,0.75,6,2,0.333333,0.285361,0.440732
VWA3A,0.75,6,2,0.333333,0.206484,0.383121
WDR13,0.75,6,2,0.333333,0.303359,0.425829
WDR90,0.75,6,2,0.333333,0.54469,0.490267
YLPM1,0.75,6,2,0.333333,0.001439,0.325891
ZMAT4,0.75,6,2,0.333333,0.212992,0.400397
ZNF626,0.75,6,2,0.333333,0.155184,0.358697
ZSCAN1,0.75,6,2,0.333333,0.518345,0.574206
ZSCAN5A,0.75,6,2,0.333333,0.514269,0.52721
ABCA2,0.75,7,2,0.285714,0.067791,0.375798
ADAMTSL3,0.75,7,2,0.285714,0.395176,0.494806
BCAM,0.75,7,2,0.285714,0.000765,0.341398
CHRM3,0.75,7,2,0.285714,0.077475,0.362797
CPSF1,0.75,7,2,0.285714,8.5e-05,0.333555
CUL2,0.75,7,2,0.285714,0.25239,0.40787
CYP2A13,0.75,7,2,0.285714,0.269789,0.436846
EGR2,0.75,7,2,0.285714,0.33516,0.355689
EMC1,0.75,7,2,0.285714,0.367545,0.447356
EMSY,0.75,7,2,0.285714,0.197677,0.408301
FOXR2,0.75,7,2,0.285714,0.0,0.27035
GZMB,0.75,7,2,0.285714,0.000184,0.29104
ILF3,0.75,7,2,0.285714,0.541738,0.509937
JPH1,0.75,7,2,0.285714,0.001777,0.350783
KCNG1,0.75,7,2,0.285714,6e-05,0.301279
KIAA1614,0.75,7,2,0.285714,0.380465,0.404308
KIF5C,0.75,7,2,0.285714,2e-06,0.368886
KLF17,0.75,7,2,0.285714,0.5281,0.515139
LAMA4,0.75,7,2,0.285714,0.216641,0.392638
MCM3,0.75,7,2,0.285714,0.617489,0.53535
MORC2,0.75,7,2,0.285714,0.0,0.368837
MTCL1,0.75,7,2,0.285714,0.078895,0.350904
MYO9B,0.75,7,2,0.285714,0.329753,0.402272
NAV1,0.75,7,2,0.285714,0.479275,0.512303
NAV3,0.75,7,2,0.285714,0.292594,0.407901
NCAM1,0.75,7,2,0.285714,0.332828,0.369701
NEBL,0.75,7,2,0.285714,0.1549,0.405322
NMUR2,0.75,7,2,0.285714,0.19794,0.398211
NRXN2,0.75,7,2,0.285714,0.4435,0.47439
NUP210,0.75,7,2,0.285714,0.002281,0.308867
OR4D5,0.75,7,2,0.285714,0.475999,0.521683
OR5I1,0.75,7,2,0.285714,0.421397,0.403917
P2RY4,0.75,7,2,0.285714,0.000262,0.28507
PAK5,0.75,7,2,0.285714,0.585746,0.453454
PLCB2,0.75,7,2,0.285714,0.211777,0.347555
PRDM10,0.75,7,2,0.285714,0.539015,0.475345
PRSS36,0.75,7,2,0.285714,1.6e-05,0.283132
PYGM,0.75,7,2,0.285714,0.333219,0.460774
RPL32,0.75,7,2,0.285714,0.634859,0.476375
SASH1,0.75,7,2,0.285714,0.016751,0.368896
SGSM2,0.75,7,2,0.285714,0.020337,0.329759
SLC35G3,0.75,7,2,0.285714,0.300791,0.43285
SLC6A14,0.75,7,2,0.285714,0.0,0.33888
SLC6A19,0.75,7,2,0.285714,0.653725,0.650056
SP1,0.75,7,2,0.285714,0.648936,0.625859
TET3,0.75,7,2,0.285714,2e-06,0.272349
TMC1,0.75,7,2,0.285714,0.544977,0.442156
TMC2,0.75,7,2,0.285714,0.037895,0.343827
TMEM132E,0.75,7,2,0.285714,0.064841,0.330816
TRAK1,0.75,7,2,0.285714,0.24833,0.350591
UNC13A,0.75,7,2,0.285714,0.000989,0.312788
USP15,0.75,7,2,0.285714,0.313314,0.427507
VWCE,0.75,7,2,0.285714,0.0,0.27185
WDR44,0.75,7,2,0.285714,0.000275,0.288398
AGRN,0.75,8,2,0.25,0.154019,0.369219
AL353804.7,0.75,8,2,0.25,0.664857,0.527926
ASTN2,0.75,8,2,0.25,0.039539,0.302481
BBS9,0.75,8,2,0.25,0.437768,0.458357
CAPN1,0.75,8,2,0.25,0.510832,0.499621
DLGAP2,0.75,8,2,0.25,0.0,0.226707
EIF4G1,0.75,8,2,0.25,0.176039,0.321562
F9,0.75,8,2,0.25,0.0,0.213583
FNDC3B,0.75,8,2,0.25,0.344567,0.397278
HERC1,0.75,8,2,0.25,0.178418,0.351725
KDM6B,0.75,8,2,0.25,0.149715,0.348801
MAGEB4,0.75,8,2,0.25,0.185954,0.304931
NELL1,0.75,8,2,0.25,0.262534,0.387996
NIN,0.75,8,2,0.25,0.342714,0.41977
NTRK3,0.75,8,2,0.25,0.454412,0.455252
PDCD11,0.75,8,2,0.25,0.004484,0.26912
PHLPP1,0.75,8,2,0.25,0.620535,0.553101
PLA2G4A,0.75,8,2,0.25,0.551132,0.535011
PNPLA7,0.75,8,2,0.25,0.0,0.232169
RASGRF1,0.75,8,2,0.25,0.593948,0.520658
SI,0.75,8,2,0.25,0.559904,0.582879
SLC39A12,0.75,8,2,0.25,1e-06,0.306901
SORCS1,0.75,8,2,0.25,7e-06,0.25144
TBC1D1,0.75,8,2,0.25,0.344298,0.437107
TICRR,0.75,8,2,0.25,0.0,0.316334
TNKS2,0.75,8,2,0.25,0.468964,0.460157
TNXB,0.75,8,2,0.25,0.092707,0.354486
UBR5,0.75,8,2,0.25,0.446374,0.487258
ZNF516,0.75,8,2,0.25,0.261768,0.385905
ATM,0.75,9,2,0.222222,0.271069,0.415319
CACNA1G,0.75,9,2,0.222222,0.000179,0.296067
CCSER1,0.75,9,2,0.222222,0.046301,0.329241
CCT8L2,0.75,9,2,0.222222,0.309928,0.405268
CELSR2,0.75,9,2,0.222222,0.208713,0.360518
CPZ,0.75,9,2,0.222222,0.507632,0.440339
FNDC1,0.75,9,2,0.222222,0.390322,0.374578
GAA,0.75,9,2,0.222222,0.351318,0.400031
GMIP,0.75,9,2,0.222222,0.00013,0.220627
HIRA,0.75,9,2,0.222222,0.49207,0.432485
INSRR,0.75,9,2,0.222222,0.116672,0.274297
KIT,0.75,9,2,0.222222,0.536664,0.490386
MAPKBP1,0.75,9,2,0.222222,0.438733,0.524285
PCSK5,0.75,9,2,0.222222,0.082127,0.363593
SORCS2,0.75,9,2,0.222222,1e-06,0.267813
SORL1,0.75,9,2,0.222222,0.292568,0.426474
SPTBN4,0.75,9,2,0.222222,1e-06,0.292123
CHRNB4,0.75,10,2,0.2,0.035412,0.278277
DISP3,0.75,10,2,0.2,4.4e-05,0.284347
THSD4,0.75,10,2,0.2,0.296131,0.378833
TSPEAR,0.75,10,2,0.2,0.347933,0.386906
ALPG,0.75,11,2,0.181818,0.012586,0.228729
CFAP74,0.75,12,2,0.166667,0.211613,0.278287
AAMDC,0.75,1,1,1.0,0.817423,0.817423
AAR2,0.75,1,1,1.0,0.988648,0.988648
ABCB9,0.75,1,1,1.0,0.96312,0.96312
ABCD4,0.75,1,1,1.0,0.988323,0.988323
ABHD1,0.75,1,1,1.0,0.977938,0.977938
ABHD15,0.75,1,1,1.0,0.896729,0.896729
ABHD2,0.75,1,1,1.0,0.964998,0.964998
ABHD3,0.75,1,1,1.0,0.817982,0.817982
ABLIM1,0.75,1,1,1.0,0.861075,0.861075
AC004997.1,0.75,1,1,1.0,0.981065,0.981065
AC008764.4,0.75,1,1,1.0,0.990827,0.990827
AC025165.3,0.75,1,1,1.0,0.991409,0.991409
AC093246.1,0.75,1,1,1.0,0.981071,0.981071
AC131160.1,0.75,1,1,1.0,0.991091,0.991091
AC139530.2,0.75,1,1,1.0,0.980103,0.980103
AC244258.1,0.75,1,1,1.0,0.986018,0.986018
AC245748.1,0.75,1,1,1.0,0.991202,0.991202
AC245884.12,0.75,1,1,1.0,0.981403,0.981403
ACAA2,0.75,1,1,1.0,0.957761,0.957761
ACAD8,0.75,1,1,1.0,0.936811,0.936811
ACBD4,0.75,1,1,1.0,0.923823,0.923823
ACER3,0.75,1,1,1.0,0.991309,0.991309
ACKR3,0.75,1,1,1.0,0.975666,0.975666
ACOT6,0.75,1,1,1.0,0.991414,0.991414
ACP2,0.75,1,1,1.0,0.907891,0.907891
ACRBP,0.75,1,1,1.0,0.981604,0.981604
ACSS2,0.75,1,1,1.0,0.991324,0.991324
ACTC1,0.75,1,1,1.0,0.933214,0.933214
ACTG1,0.75,1,1,1.0,0.902891,0.902891
ACTL10,0.75,1,1,1.0,0.948891,0.948891
ACVR2B,0.75,1,1,1.0,0.989038,0.989038
ADAM11,0.75,1,1,1.0,0.990967,0.990967
ADAM18,0.75,1,1,1.0,0.991264,0.991264
ADAM19,0.75,1,1,1.0,0.946239,0.946239
ADAM33,0.75,1,1,1.0,0.868258,0.868258
ADAMTSL4,0.75,1,1,1.0,0.99131,0.99131
ADAT2,0.75,1,1,1.0,0.991494,0.991494
ADGRE5,0.75,1,1,1.0,0.903904,0.903904
ADGRF1,0.75,1,1,1.0,0.973862,0.973862
ADGRF2,0.75,1,1,1.0,0.991105,0.991105
ADH4,0.75,1,1,1.0,0.969954,0.969954
ADI1,0.75,1,1,1.0,0.986696,0.986696
ADPRH,0.75,1,1,1.0,0.980637,0.980637
ADPRHL1,0.75,1,1,1.0,0.969464,0.969464
ADRM1,0.75,1,1,1.0,0.75368,0.75368
ADSS2,0.75,1,1,1.0,0.932086,0.932086
AFTPH,0.75,1,1,1.0,0.927336,0.927336
AGA,0.75,1,1,1.0,0.991114,0.991114
AGAP2,0.75,1,1,1.0,0.798862,0.798862
AGBL2,0.75,1,1,1.0,0.985572,0.985572
AGK,0.75,1,1,1.0,0.99129,0.99129
AGTRAP,0.75,1,1,1.0,0.991037,0.991037
AIF1,0.75,1,1,1.0,0.869499,0.869499
AIFM3,0.75,1,1,1.0,0.987181,0.987181
AK6,0.75,1,1,1.0,0.990175,0.990175
AKAP14,0.75,1,1,1.0,0.911575,0.911575
AKAP5,0.75,1,1,1.0,0.981084,0.981084
AKIRIN2,0.75,1,1,1.0,0.991498,0.991498
AKR1C8P,0.75,1,1,1.0,0.991273,0.991273
AKR7A2,0.75,1,1,1.0,0.978301,0.978301
AL133467.6,0.75,1,1,1.0,0.868935,0.868935
AL163540.1,0.75,1,1,1.0,0.991228,0.991228
ALAD,0.75,1,1,1.0,0.971186,0.971186
ALDH16A1,0.75,1,1,1.0,0.974246,0.974246
ALDH3B1,0.75,1,1,1.0,0.952187,0.952187
ALG10,0.75,1,1,1.0,0.991515,0.991515
ALG11,0.75,1,1,1.0,0.965846,0.965846
ALG8,0.75,1,1,1.0,0.991449,0.991449
ALKBH1,0.75,1,1,1.0,0.991465,0.991465
ALKBH5,0.75,1,1,1.0,0.991283,0.991283
ALKBH6,0.75,1,1,1.0,0.890125,0.890125
ALKBH7,0.75,1,1,1.0,0.979984,0.979984
AMER1,0.75,1,1,1.0,0.988591,0.988591
AMIGO2,0.75,1,1,1.0,0.975701,0.975701
AMOTL1,0.75,1,1,1.0,0.98743,0.98743
AMT,0.75,1,1,1.0,0.991323,0.991323
AMY1B,0.75,1,1,1.0,0.969951,0.969951
AMZ2,0.75,1,1,1.0,0.99148,0.99148
ANAPC1,0.75,1,1,1.0,0.9912,0.9912
ANGEL1,0.75,1,1,1.0,0.975128,0.975128
ANGPTL3,0.75,1,1,1.0,0.991281,0.991281
ANGPTL7,0.75,1,1,1.0,0.973569,0.973569
ANKLE2,0.75,1,1,1.0,0.979317,0.979317
ANKRD13A,0.75,1,1,1.0,0.991442,0.991442
ANKRD13C,0.75,1,1,1.0,0.811697,0.811697
ANKRD13D,0.75,1,1,1.0,0.810652,0.810652
ANKRD20A2P,0.75,1,1,1.0,0.952065,0.952065
ANKRD44,0.75,1,1,1.0,0.991441,0.991441
ANKRD54,0.75,1,1,1.0,0.991428,0.991428
ANXA4,0.75,1,1,1.0,0.969634,0.969634
ANXA5,0.75,1,1,1.0,0.991462,0.991462
ANXA8,0.75,1,1,1.0,0.990805,0.990805
AOAH,0.75,1,1,1.0,0.991367,0.991367
AP000721.1,0.75,1,1,1.0,0.989589,0.989589
AP001267.5,0.75,1,1,1.0,0.982405,0.982405
AP001425.1,0.75,1,1,1.0,0.990599,0.990599
AP003393.1,0.75,1,1,1.0,0.812061,0.812061
AP3M1,0.75,1,1,1.0,0.984813,0.984813
AP3S1,0.75,1,1,1.0,0.991325,0.991325
AP4S1,0.75,1,1,1.0,0.984861,0.984861
AP5M1,0.75,1,1,1.0,0.965293,0.965293
APOBEC1,0.75,1,1,1.0,0.991351,0.991351
APOL2,0.75,1,1,1.0,0.991353,0.991353
APOOL,0.75,1,1,1.0,0.962735,0.962735
APTX,0.75,1,1,1.0,0.99021,0.99021
AQP11,0.75,1,1,1.0,0.991408,0.991408
AQP12A,0.75,1,1,1.0,0.945538,0.945538
AQP5,0.75,1,1,1.0,0.922057,0.922057
ARFGAP3,0.75,1,1,1.0,0.991336,0.991336
ARGFX,0.75,1,1,1.0,0.990019,0.990019
ARHGAP1,0.75,1,1,1.0,0.991515,0.991515
ARHGAP12,0.75,1,1,1.0,0.987177,0.987177
ARHGAP15,0.75,1,1,1.0,0.974503,0.974503
ARHGAP22,0.75,1,1,1.0,0.940384,0.940384
ARHGAP24,0.75,1,1,1.0,0.991428,0.991428
ARHGAP42,0.75,1,1,1.0,0.962715,0.962715
ARHGEF38,0.75,1,1,1.0,0.991434,0.991434
ARID5A,0.75,1,1,1.0,0.991308,0.991308
ARL5B,0.75,1,1,1.0,0.991167,0.991167
ARL9,0.75,1,1,1.0,0.986022,0.986022
ARMCX5,0.75,1,1,1.0,0.83718,0.83718
ARNT,0.75,1,1,1.0,0.771024,0.771024
ARPC2,0.75,1,1,1.0,0.950326,0.950326
ARPC5L,0.75,1,1,1.0,0.991347,0.991347
ARR3,0.75,1,1,1.0,0.991363,0.991363
ARRB2,0.75,1,1,1.0,0.99128,0.99128
ARRDC1,0.75,1,1,1.0,0.991345,0.991345
ASAH1,0.75,1,1,1.0,0.991266,0.991266
ASAH2B,0.75,1,1,1.0,0.99136,0.99136
ASB8,0.75,1,1,1.0,0.921517,0.921517
ASCC1,0.75,1,1,1.0,0.991459,0.991459
ASH2L,0.75,1,1,1.0,0.86898,0.86898
ATAD5,0.75,1,1,1.0,0.960085,0.960085
ATF1,0.75,1,1,1.0,0.98553,0.98553
ATF5,0.75,1,1,1.0,0.899574,0.899574
ATF6,0.75,1,1,1.0,0.80053,0.80053
ATG10,0.75,1,1,1.0,0.945767,0.945767
ATG12,0.75,1,1,1.0,0.990772,0.990772
ATG14,0.75,1,1,1.0,0.983374,0.983374
ATIC,0.75,1,1,1.0,0.879957,0.879957
ATP1B1,0.75,1,1,1.0,0.98593,0.98593
ATP1B3,0.75,1,1,1.0,0.990339,0.990339
ATP5MC2,0.75,1,1,1.0,0.991417,0.991417
ATP5PD,0.75,1,1,1.0,0.991244,0.991244
ATP6AP1,0.75,1,1,1.0,0.968732,0.968732
ATP6AP2,0.75,1,1,1.0,0.86519,0.86519
ATP6V1B1,0.75,1,1,1.0,0.755033,0.755033
ATP6V1F,0.75,1,1,1.0,0.989393,0.989393
ATP6V1G2,0.75,1,1,1.0,0.979568,0.979568
ATPAF2,0.75,1,1,1.0,0.991482,0.991482
ATRAID,0.75,1,1,1.0,0.989552,0.989552
AUP1,0.75,1,1,1.0,0.957221,0.957221
AURKB,0.75,1,1,1.0,0.921028,0.921028
AVPR2,0.75,1,1,1.0,0.905401,0.905401
AZIN2,0.75,1,1,1.0,0.873041,0.873041
B3GALNT1,0.75,1,1,1.0,0.991443,0.991443
B3GALT1,0.75,1,1,1.0,0.983634,0.983634
B3GAT2,0.75,1,1,1.0,0.973433,0.973433
B4GALNT2,0.75,1,1,1.0,0.827923,0.827923
B4GALT1,0.75,1,1,1.0,0.99147,0.99147
B4GALT4,0.75,1,1,1.0,0.991462,0.991462
B9D1,0.75,1,1,1.0,0.976936,0.976936
BAAT,0.75,1,1,1.0,0.988309,0.988309
BABAM1,0.75,1,1,1.0,0.991398,0.991398
BABAM2,0.75,1,1,1.0,0.989899,0.989899
BAG2,0.75,1,1,1.0,0.991311,0.991311
BAMBI,0.75,1,1,1.0,0.977684,0.977684
BANF1,0.75,1,1,1.0,0.990748,0.990748
BARHL1,0.75,1,1,1.0,0.974169,0.974169
BBS10,0.75,1,1,1.0,0.991494,0.991494
BCKDHA,0.75,1,1,1.0,0.945077,0.945077
BCKDK,0.75,1,1,1.0,0.98273,0.98273
BCL7A,0.75,1,1,1.0,0.941426,0.941426
BCO2,0.75,1,1,1.0,0.990002,0.990002
BCR,0.75,1,1,1.0,0.989003,0.989003
BCS1L,0.75,1,1,1.0,0.910127,0.910127
BDH1,0.75,1,1,1.0,0.987182,0.987182
BDH2,0.75,1,1,1.0,0.989477,0.989477
BEND4,0.75,1,1,1.0,0.991479,0.991479
BEND6,0.75,1,1,1.0,0.945028,0.945028
BEND7,0.75,1,1,1.0,0.938113,0.938113
BET1,0.75,1,1,1.0,0.879975,0.879975
BEX4,0.75,1,1,1.0,0.972789,0.972789
BGN,0.75,1,1,1.0,0.978931,0.978931
BHMT2,0.75,1,1,1.0,0.991411,0.991411
BIN3,0.75,1,1,1.0,0.991407,0.991407
BLVRA,0.75,1,1,1.0,0.991192,0.991192
BMP10,0.75,1,1,1.0,0.981805,0.981805
BMP2,0.75,1,1,1.0,0.946763,0.946763
BMP8B,0.75,1,1,1.0,0.986481,0.986481
BMT2,0.75,1,1,1.0,0.991413,0.991413
BNIP5,0.75,1,1,1.0,0.967046,0.967046
BPY2C,0.75,1,1,1.0,0.969958,0.969958
BST1,0.75,1,1,1.0,0.991265,0.991265
BTBD1,0.75,1,1,1.0,0.894962,0.894962
BTBD8,0.75,1,1,1.0,0.828294,0.828294
BZW2,0.75,1,1,1.0,0.991215,0.991215
C10orf62,0.75,1,1,1.0,0.975723,0.975723
C11orf1,0.75,1,1,1.0,0.989219,0.989219
C11orf24,0.75,1,1,1.0,0.99145,0.99145
C11orf58,0.75,1,1,1.0,0.991506,0.991506
C11orf94,0.75,1,1,1.0,0.991454,0.991454
C12orf43,0.75,1,1,1.0,0.899506,0.899506
C12orf77,0.75,1,1,1.0,0.970448,0.970448
C15orf40,0.75,1,1,1.0,0.983994,0.983994
C16orf78,0.75,1,1,1.0,0.99102,0.99102
C18orf25,0.75,1,1,1.0,0.99127,0.99127
C19orf44,0.75,1,1,1.0,0.991448,0.991448
C19orf54,0.75,1,1,1.0,0.970352,0.970352
C1GALT1C1,0.75,1,1,1.0,0.985708,0.985708
C1QTNF1,0.75,1,1,1.0,0.990498,0.990498
C1QTNF12,0.75,1,1,1.0,0.984875,0.984875
C1QTNF9,0.75,1,1,1.0,0.99151,0.99151
C1RL,0.75,1,1,1.0,0.991462,0.991462
C1orf105,0.75,1,1,1.0,0.973109,0.973109
C1orf131,0.75,1,1,1.0,0.991283,0.991283
C1orf162,0.75,1,1,1.0,0.989252,0.989252
C1orf43,0.75,1,1,1.0,0.901885,0.901885
C1orf74,0.75,1,1,1.0,0.991053,0.991053
C21orf58,0.75,1,1,1.0,0.9721,0.9721
C21orf91,0.75,1,1,1.0,0.991387,0.991387
C2orf69,0.75,1,1,1.0,0.990463,0.990463
C2orf80,0.75,1,1,1.0,0.990671,0.990671
C4A,0.75,1,1,1.0,0.989427,0.989427
C4orf33,0.75,1,1,1.0,0.918028,0.918028
C5AR2,0.75,1,1,1.0,0.991518,0.991518
C5orf15,0.75,1,1,1.0,0.991372,0.991372
C5orf38,0.75,1,1,1.0,0.991452,0.991452
C5orf58,0.75,1,1,1.0,0.98515,0.98515
C6orf120,0.75,1,1,1.0,0.919513,0.919513
C6orf136,0.75,1,1,1.0,0.95055,0.95055
C6orf15,0.75,1,1,1.0,0.989862,0.989862
C6orf62,0.75,1,1,1.0,0.958352,0.958352
C7orf25,0.75,1,1,1.0,0.991488,0.991488
C8orf76,0.75,1,1,1.0,0.853664,0.853664
C9orf152,0.75,1,1,1.0,0.973008,0.973008
C9orf163,0.75,1,1,1.0,0.815871,0.815871
C9orf50,0.75,1,1,1.0,0.991055,0.991055
C9orf72,0.75,1,1,1.0,0.991269,0.991269
C9orf78,0.75,1,1,1.0,0.991449,0.991449
CA1,0.75,1,1,1.0,0.991505,0.991505
CA9,0.75,1,1,1.0,0.987639,0.987639
CABP2,0.75,1,1,1.0,0.958187,0.958187
CABP5,0.75,1,1,1.0,0.930108,0.930108
CACNB1,0.75,1,1,1.0,0.982364,0.982364
CACNG7,0.75,1,1,1.0,0.991281,0.991281
CALB1,0.75,1,1,1.0,0.990028,0.990028
CALHM4,0.75,1,1,1.0,0.942775,0.942775
CAMK2G,0.75,1,1,1.0,0.955772,0.955772
CAMLG,0.75,1,1,1.0,0.99131,0.99131
CAMTA2,0.75,1,1,1.0,0.989098,0.989098
CAP2,0.75,1,1,1.0,0.973057,0.973057
CAPG,0.75,1,1,1.0,0.980405,0.980405
CAPN11,0.75,1,1,1.0,0.978283,0.978283
CAPN12,0.75,1,1,1.0,0.99145,0.99145
CAPNS1,0.75,1,1,1.0,0.889111,0.889111
CAPRIN1,0.75,1,1,1.0,0.97723,0.97723
CAPZA3,0.75,1,1,1.0,0.986024,0.986024
CASP14,0.75,1,1,1.0,0.850037,0.850037
CASP3,0.75,1,1,1.0,0.965822,0.965822
CASP5,0.75,1,1,1.0,0.991431,0.991431
CASP6,0.75,1,1,1.0,0.99092,0.99092
CASP8,0.75,1,1,1.0,0.988052,0.988052
CATSPER1,0.75,1,1,1.0,0.981634,0.981634
CATSPERB,0.75,1,1,1.0,0.825163,0.825163
CAVIN4,0.75,1,1,1.0,0.989738,0.989738
CBFA2T2,0.75,1,1,1.0,0.991483,0.991483
CBL,0.75,1,1,1.0,0.929464,0.929464
CBLL2,0.75,1,1,1.0,0.90727,0.90727
CBLN1,0.75,1,1,1.0,0.928584,0.928584
CBLN4,0.75,1,1,1.0,0.989488,0.989488
CBR1,0.75,1,1,1.0,0.98522,0.98522
CBWD1,0.75,1,1,1.0,0.968477,0.968477
CBX3,0.75,1,1,1.0,0.990964,0.990964
CBY1,0.75,1,1,1.0,0.991305,0.991305
CC2D2B,0.75,1,1,1.0,0.986677,0.986677
CCDC102B,0.75,1,1,1.0,0.891879,0.891879
CCDC107,0.75,1,1,1.0,0.961738,0.961738
CCDC114,0.75,1,1,1.0,0.984971,0.984971
CCDC134,0.75,1,1,1.0,0.991376,0.991376
CCDC150,0.75,1,1,1.0,0.949707,0.949707
CCDC167,0.75,1,1,1.0,0.991415,0.991415
CCDC186,0.75,1,1,1.0,0.991126,0.991126
CCDC198,0.75,1,1,1.0,0.977386,0.977386
CCDC57,0.75,1,1,1.0,0.98802,0.98802
CCDC65,0.75,1,1,1.0,0.988316,0.988316
CCDC74B,0.75,1,1,1.0,0.968229,0.968229
CCDC86,0.75,1,1,1.0,0.987751,0.987751
CCDC88A,0.75,1,1,1.0,0.991482,0.991482
CCK,0.75,1,1,1.0,0.968326,0.968326
CCL13,0.75,1,1,1.0,0.990989,0.990989
CCL28,0.75,1,1,1.0,0.991515,0.991515
CCL4,0.75,1,1,1.0,0.798896,0.798896
CCL7,0.75,1,1,1.0,0.991318,0.991318
CCNA2,0.75,1,1,1.0,0.923196,0.923196
CCNB2,0.75,1,1,1.0,0.78119,0.78119
CCNI2,0.75,1,1,1.0,0.983714,0.983714
CCNJ,0.75,1,1,1.0,0.9558,0.9558
CCR7,0.75,1,1,1.0,0.991476,0.991476
CCRL2,0.75,1,1,1.0,0.977312,0.977312
CCT3,0.75,1,1,1.0,0.989846,0.989846
CD200R1,0.75,1,1,1.0,0.984075,0.984075
CD207,0.75,1,1,1.0,0.926965,0.926965
CD300E,0.75,1,1,1.0,0.950446,0.950446
CD300LB,0.75,1,1,1.0,0.983326,0.983326
CD3G,0.75,1,1,1.0,0.976738,0.976738
CD40,0.75,1,1,1.0,0.989808,0.989808
CD40LG,0.75,1,1,1.0,0.980014,0.980014
CD46,0.75,1,1,1.0,0.785167,0.785167
CD63,0.75,1,1,1.0,0.99084,0.99084
CD69,0.75,1,1,1.0,0.959841,0.959841
CD70,0.75,1,1,1.0,0.978925,0.978925
CD79B,0.75,1,1,1.0,0.828131,0.828131
CD81,0.75,1,1,1.0,0.990255,0.990255
CD99,0.75,1,1,1.0,0.986031,0.986031
CD99L2,0.75,1,1,1.0,0.991513,0.991513
CDA,0.75,1,1,1.0,0.970858,0.970858
CDC123,0.75,1,1,1.0,0.954799,0.954799
CDC14A,0.75,1,1,1.0,0.954006,0.954006
CDC14B,0.75,1,1,1.0,0.804269,0.804269
CDC16,0.75,1,1,1.0,0.938396,0.938396
CDC25B,0.75,1,1,1.0,0.989676,0.989676
CDC34,0.75,1,1,1.0,0.873885,0.873885
CDC37L1,0.75,1,1,1.0,0.991518,0.991518
CDC6,0.75,1,1,1.0,0.946605,0.946605
CDCA8,0.75,1,1,1.0,0.991404,0.991404
CDK10,0.75,1,1,1.0,0.990649,0.990649
CDK18,0.75,1,1,1.0,0.991403,0.991403
CDK19,0.75,1,1,1.0,0.985486,0.985486
CDK2,0.75,1,1,1.0,0.827985,0.827985
CDK5R1,0.75,1,1,1.0,0.97076,0.97076
CDKN2D,0.75,1,1,1.0,0.988206,0.988206
CDKN3,0.75,1,1,1.0,0.991292,0.991292
CDR2,0.75,1,1,1.0,0.990666,0.990666
CDV3,0.75,1,1,1.0,0.900433,0.900433
CEACAM1,0.75,1,1,1.0,0.991392,0.991392
CEACAM3,0.75,1,1,1.0,0.955144,0.955144
CEACAM6,0.75,1,1,1.0,0.882961,0.882961
CELA2B,0.75,1,1,1.0,0.991364,0.991364
CELF3,0.75,1,1,1.0,0.976745,0.976745
CEMP1,0.75,1,1,1.0,0.958765,0.958765
CENATAC,0.75,1,1,1.0,0.990774,0.990774
CENPH,0.75,1,1,1.0,0.970329,0.970329
CENPM,0.75,1,1,1.0,0.984797,0.984797
CENPT,0.75,1,1,1.0,0.981261,0.981261
CEP120,0.75,1,1,1.0,0.980092,0.980092
CEP43,0.75,1,1,1.0,0.990491,0.990491
CEP68,0.75,1,1,1.0,0.991212,0.991212
CEP78,0.75,1,1,1.0,0.990292,0.990292
CFAP126,0.75,1,1,1.0,0.991288,0.991288
CFAP298-TCP10L,0.75,1,1,1.0,0.989032,0.989032
CFI,0.75,1,1,1.0,0.957181,0.957181
CFL1,0.75,1,1,1.0,0.947586,0.947586
CFLAR,0.75,1,1,1.0,0.970678,0.970678
CGB1,0.75,1,1,1.0,0.98718,0.98718
CHCHD3,0.75,1,1,1.0,0.987064,0.987064
CHCHD5,0.75,1,1,1.0,0.9485,0.9485
CHCHD6,0.75,1,1,1.0,0.9915,0.9915
CHIC1,0.75,1,1,1.0,0.980833,0.980833
CHIC2,0.75,1,1,1.0,0.980598,0.980598
CHKA,0.75,1,1,1.0,0.991338,0.991338
CHMP1A,0.75,1,1,1.0,0.824389,0.824389
CHODL,0.75,1,1,1.0,0.861239,0.861239
CHP1,0.75,1,1,1.0,0.777962,0.777962
CHPF2,0.75,1,1,1.0,0.991491,0.991491
CHRM1,0.75,1,1,1.0,0.929565,0.929565
CHRNA9,0.75,1,1,1.0,0.843716,0.843716
CIAO3,0.75,1,1,1.0,0.942923,0.942923
CIART,0.75,1,1,1.0,0.991492,0.991492
CIBAR2,0.75,1,1,1.0,0.991479,0.991479
CISD2,0.75,1,1,1.0,0.991304,0.991304
CKAP4,0.75,1,1,1.0,0.862968,0.862968
CLDN12,0.75,1,1,1.0,0.981834,0.981834
CLDN15,0.75,1,1,1.0,0.988986,0.988986
CLDN22,0.75,1,1,1.0,0.991418,0.991418
CLEC1B,0.75,1,1,1.0,0.813372,0.813372
CLEC4A,0.75,1,1,1.0,0.991386,0.991386
CLIC6,0.75,1,1,1.0,0.991456,0.991456
CLPSL1,0.75,1,1,1.0,0.96873,0.96873
CLTB,0.75,1,1,1.0,0.990727,0.990727
CLUL1,0.75,1,1,1.0,0.984285,0.984285
CMBL,0.75,1,1,1.0,0.859733,0.859733
CMPK1,0.75,1,1,1.0,0.867546,0.867546
CMTM2,0.75,1,1,1.0,0.931251,0.931251
CMTM3,0.75,1,1,1.0,0.991499,0.991499
CNDP2,0.75,1,1,1.0,0.984603,0.984603
CNIH2,0.75,1,1,1.0,0.973497,0.973497
CNIH4,0.75,1,1,1.0,0.97581,0.97581
CNN3,0.75,1,1,1.0,0.774107,0.774107
CNOT11,0.75,1,1,1.0,0.936256,0.936256
CNOT6,0.75,1,1,1.0,0.991275,0.991275
CNPPD1,0.75,1,1,1.0,0.98929,0.98929
CNPY2,0.75,1,1,1.0,0.978221,0.978221
CNRIP1,0.75,1,1,1.0,0.984997,0.984997
COA4,0.75,1,1,1.0,0.986984,0.986984
COA8,0.75,1,1,1.0,0.991271,0.991271
COCH,0.75,1,1,1.0,0.971774,0.971774
COL8A2,0.75,1,1,1.0,0.988646,0.988646
COLEC12,0.75,1,1,1.0,0.920273,0.920273
COMMD5,0.75,1,1,1.0,0.991404,0.991404
COMMD6,0.75,1,1,1.0,0.953564,0.953564
COMMD7,0.75,1,1,1.0,0.985446,0.985446
COPA,0.75,1,1,1.0,0.991494,0.991494
COPS3,0.75,1,1,1.0,0.960356,0.960356
COPS5,0.75,1,1,1.0,0.991281,0.991281
COPS7A,0.75,1,1,1.0,0.953614,0.953614
COPS8,0.75,1,1,1.0,0.951067,0.951067
COPS9,0.75,1,1,1.0,0.93216,0.93216
COPZ1,0.75,1,1,1.0,0.991295,0.991295
COQ10B,0.75,1,1,1.0,0.966633,0.966633
COQ9,0.75,1,1,1.0,0.991376,0.991376
CORO1C,0.75,1,1,1.0,0.957295,0.957295
COX11,0.75,1,1,1.0,0.980614,0.980614
CPEB4,0.75,1,1,1.0,0.991338,0.991338
CPM,0.75,1,1,1.0,0.984206,0.984206
CPNE1,0.75,1,1,1.0,0.884931,0.884931
CPNE6,0.75,1,1,1.0,0.991516,0.991516
CPNE9,0.75,1,1,1.0,0.981685,0.981685
CRCP,0.75,1,1,1.0,0.892033,0.892033
CREBRF,0.75,1,1,1.0,0.989581,0.989581
CREBZF,0.75,1,1,1.0,0.936632,0.936632
CRIP1,0.75,1,1,1.0,0.991493,0.991493
CRK,0.75,1,1,1.0,0.991018,0.991018
CRLF1,0.75,1,1,1.0,0.979943,0.979943
CRTAP,0.75,1,1,1.0,0.975773,0.975773
CRX,0.75,1,1,1.0,0.990969,0.990969
CRYAB,0.75,1,1,1.0,0.989388,0.989388
CRYL1,0.75,1,1,1.0,0.968292,0.968292
CRYM,0.75,1,1,1.0,0.978382,0.978382
CSAG3,0.75,1,1,1.0,0.984498,0.984498
CSKMT,0.75,1,1,1.0,0.905833,0.905833
CSNK1D,0.75,1,1,1.0,0.975489,0.975489
CSNK1G2,0.75,1,1,1.0,0.963534,0.963534
CSRP2,0.75,1,1,1.0,0.991424,0.991424
CSRP3,0.75,1,1,1.0,0.982207,0.982207
CST6,0.75,1,1,1.0,0.984414,0.984414
CST7,0.75,1,1,1.0,0.942912,0.942912
CSTL1,0.75,1,1,1.0,0.991388,0.991388
CTNS,0.75,1,1,1.0,0.988642,0.988642
CTSA,0.75,1,1,1.0,0.991394,0.991394
CTSH,0.75,1,1,1.0,0.983808,0.983808
CUL4A,0.75,1,1,1.0,0.991312,0.991312
CX3CL1,0.75,1,1,1.0,0.98113,0.98113
CXCL13,0.75,1,1,1.0,0.966678,0.966678
CXXC5,0.75,1,1,1.0,0.958925,0.958925
CXorf38,0.75,1,1,1.0,0.936371,0.936371
CYB5R4,0.75,1,1,1.0,0.930083,0.930083
CYFIP2,0.75,1,1,1.0,0.911025,0.911025
CYGB,0.75,1,1,1.0,0.969256,0.969256
CYP20A1,0.75,1,1,1.0,0.991445,0.991445
CYP24A1,0.75,1,1,1.0,0.991431,0.991431
CYP26A1,0.75,1,1,1.0,0.977936,0.977936
CYP2A7,0.75,1,1,1.0,0.95196,0.95196
CYP39A1,0.75,1,1,1.0,0.990666,0.990666
CYP51A1,0.75,1,1,1.0,0.990602,0.990602
CYRIB,0.75,1,1,1.0,0.991377,0.991377
CYSLTR1,0.75,1,1,1.0,0.986506,0.986506
CYTH2,0.75,1,1,1.0,0.990347,0.990347
CYTH4,0.75,1,1,1.0,0.98339,0.98339
DALRD3,0.75,1,1,1.0,0.973536,0.973536
DAPP1,0.75,1,1,1.0,0.990387,0.990387
DARS2,0.75,1,1,1.0,0.991394,0.991394
DAZAP1,0.75,1,1,1.0,0.99101,0.99101
DBI,0.75,1,1,1.0,0.98294,0.98294
DCAF4,0.75,1,1,1.0,0.971846,0.971846
DCANP1,0.75,1,1,1.0,0.9826,0.9826
DCBLD2,0.75,1,1,1.0,0.941575,0.941575
DCP1A,0.75,1,1,1.0,0.870436,0.870436
DCST2,0.75,1,1,1.0,0.991287,0.991287
DCTD,0.75,1,1,1.0,0.991435,0.991435
DCTN6,0.75,1,1,1.0,0.985181,0.985181
DDHD1,0.75,1,1,1.0,0.971875,0.971875
DDIAS,0.75,1,1,1.0,0.879095,0.879095
DDIT4L,0.75,1,1,1.0,0.991514,0.991514
DDN,0.75,1,1,1.0,0.991449,0.991449
DDO,0.75,1,1,1.0,0.764825,0.764825
DDRGK1,0.75,1,1,1.0,0.950637,0.950637
DDX18,0.75,1,1,1.0,0.939243,0.939243
DDX28,0.75,1,1,1.0,0.991263,0.991263
DDX51,0.75,1,1,1.0,0.984347,0.984347
DDX55,0.75,1,1,1.0,0.991458,0.991458
DDX6,0.75,1,1,1.0,0.958417,0.958417
DEF6,0.75,1,1,1.0,0.808112,0.808112
DEFB135,0.75,1,1,1.0,0.97188,0.97188
DEPDC1B,0.75,1,1,1.0,0.991092,0.991092
DEPP1,0.75,1,1,1.0,0.99014,0.99014
DERL2,0.75,1,1,1.0,0.890039,0.890039
DHRS7C,0.75,1,1,1.0,0.955532,0.955532
DHTKD1,0.75,1,1,1.0,0.970624,0.970624
DHX57,0.75,1,1,1.0,0.98175,0.98175
DIRAS2,0.75,1,1,1.0,0.991271,0.991271
DIRAS3,0.75,1,1,1.0,0.989558,0.989558
DLL3,0.75,1,1,1.0,0.959558,0.959558
DLX1,0.75,1,1,1.0,0.981221,0.981221
DLX5,0.75,1,1,1.0,0.835203,0.835203
DMAC2,0.75,1,1,1.0,0.844256,0.844256
DMRT1,0.75,1,1,1.0,0.990487,0.990487
DMRT2,0.75,1,1,1.0,0.991491,0.991491
DMRTA1,0.75,1,1,1.0,0.97136,0.97136
DNAJA2,0.75,1,1,1.0,0.991513,0.991513
DNAJB12,0.75,1,1,1.0,0.977941,0.977941
DNAJB14,0.75,1,1,1.0,0.986704,0.986704
DNAJB6,0.75,1,1,1.0,0.9904,0.9904
DNAJC12,0.75,1,1,1.0,0.980176,0.980176
DNAJC15,0.75,1,1,1.0,0.991486,0.991486
DNAJC19,0.75,1,1,1.0,0.97891,0.97891
DNALI1,0.75,1,1,1.0,0.81583,0.81583
DNASE1L3,0.75,1,1,1.0,0.979833,0.979833
DND1,0.75,1,1,1.0,0.939145,0.939145
DNLZ,0.75,1,1,1.0,0.989452,0.989452
DNMT3L,0.75,1,1,1.0,0.987441,0.987441
DOK3,0.75,1,1,1.0,0.927442,0.927442
DPEP2,0.75,1,1,1.0,0.901366,0.901366
DPEP3,0.75,1,1,1.0,0.982533,0.982533
DPF1,0.75,1,1,1.0,0.989687,0.989687
DPF2,0.75,1,1,1.0,0.874218,0.874218
DPH1,0.75,1,1,1.0,0.90119,0.90119
DPH6,0.75,1,1,1.0,0.961346,0.961346
DPY19L4,0.75,1,1,1.0,0.91151,0.91151
DPY30,0.75,1,1,1.0,0.990411,0.990411
DPYS,0.75,1,1,1.0,0.990581,0.990581
DTL,0.75,1,1,1.0,0.991356,0.991356
DTNA,0.75,1,1,1.0,0.991412,0.991412
DTWD2,0.75,1,1,1.0,0.963509,0.963509
DTX3,0.75,1,1,1.0,0.979659,0.979659
DTYMK,0.75,1,1,1.0,0.987162,0.987162
DUOXA2,0.75,1,1,1.0,0.865891,0.865891
DUSP1,0.75,1,1,1.0,0.767567,0.767567
DUSP12,0.75,1,1,1.0,0.989445,0.989445
DUSP26,0.75,1,1,1.0,0.937333,0.937333
DUSP29,0.75,1,1,1.0,0.897792,0.897792
DUSP7,0.75,1,1,1.0,0.991132,0.991132
DYDC1,0.75,1,1,1.0,0.844102,0.844102
DYNC1LI1,0.75,1,1,1.0,0.979958,0.979958
DYNC2I1,0.75,1,1,1.0,0.790072,0.790072
DYNLL2,0.75,1,1,1.0,0.991131,0.991131
DYNLRB2,0.75,1,1,1.0,0.991478,0.991478
EAF2,0.75,1,1,1.0,0.96714,0.96714
EBNA1BP2,0.75,1,1,1.0,0.943826,0.943826
ECRG4,0.75,1,1,1.0,0.922059,0.922059
EDN3,0.75,1,1,1.0,0.9871,0.9871
EEF1B2,0.75,1,1,1.0,0.944054,0.944054
EFCAB14,0.75,1,1,1.0,0.986017,0.986017
EFCAB3,0.75,1,1,1.0,0.97945,0.97945
EFCC1,0.75,1,1,1.0,0.911569,0.911569
EFEMP1,0.75,1,1,1.0,0.976788,0.976788
EFNA4,0.75,1,1,1.0,0.991448,0.991448
EGLN1,0.75,1,1,1.0,0.989665,0.989665
EGLN2,0.75,1,1,1.0,0.966259,0.966259
EIF1AD,0.75,1,1,1.0,0.986999,0.986999
EIF1AX,0.75,1,1,1.0,0.832713,0.832713
EIF2AK3,0.75,1,1,1.0,0.991473,0.991473
EIF2B1,0.75,1,1,1.0,0.800534,0.800534
EIF2B2,0.75,1,1,1.0,0.970716,0.970716
EIF2B4,0.75,1,1,1.0,0.983501,0.983501
EIF2S2,0.75,1,1,1.0,0.991469,0.991469
EIF3I,0.75,1,1,1.0,0.991264,0.991264
EIF3L,0.75,1,1,1.0,0.969782,0.969782
EIF4E2,0.75,1,1,1.0,0.943144,0.943144
EIF5,0.75,1,1,1.0,0.838225,0.838225
ELAC2,0.75,1,1,1.0,0.942923,0.942923
ELL,0.75,1,1,1.0,0.962613,0.962613
ELOB,0.75,1,1,1.0,0.97994,0.97994
ELOVL3,0.75,1,1,1.0,0.985729,0.985729
ELOVL5,0.75,1,1,1.0,0.971291,0.971291
EMC3,0.75,1,1,1.0,0.981206,0.981206
EMP3,0.75,1,1,1.0,0.976461,0.976461
ENKUR,0.75,1,1,1.0,0.973062,0.973062
ENSA,0.75,1,1,1.0,0.991426,0.991426
EPDR1,0.75,1,1,1.0,0.991274,0.991274
EPHA2,0.75,1,1,1.0,0.987843,0.987843
EPM2AIP1,0.75,1,1,1.0,0.937176,0.937176
EPSTI1,0.75,1,1,1.0,0.974681,0.974681
EQTN,0.75,1,1,1.0,0.911519,0.911519
ERAL1,0.75,1,1,1.0,0.991472,0.991472
ERAP1,0.75,1,1,1.0,0.929795,0.929795
ERCC5,0.75,1,1,1.0,0.981421,0.981421
ERCC8,0.75,1,1,1.0,0.991281,0.991281
ERF,0.75,1,1,1.0,0.991424,0.991424
ERGIC2,0.75,1,1,1.0,0.991246,0.991246
ERGIC3,0.75,1,1,1.0,0.989411,0.989411
ERLEC1,0.75,1,1,1.0,0.990564,0.990564
ERLIN2,0.75,1,1,1.0,0.955506,0.955506
ERP44,0.75,1,1,1.0,0.991404,0.991404
ESM1,0.75,1,1,1.0,0.991374,0.991374
ESRP1,0.75,1,1,1.0,0.991447,0.991447
ETV7,0.75,1,1,1.0,0.922007,0.922007
EVA1C,0.75,1,1,1.0,0.991498,0.991498
EVI5,0.75,1,1,1.0,0.988834,0.988834
EVX2,0.75,1,1,1.0,0.963131,0.963131
EXOSC2,0.75,1,1,1.0,0.960103,0.960103
EYS,0.75,1,1,1.0,0.950495,0.950495
F3,0.75,1,1,1.0,0.990493,0.990493
FABP7,0.75,1,1,1.0,0.940519,0.940519
FABP9,0.75,1,1,1.0,0.991352,0.991352
FAHD2B,0.75,1,1,1.0,0.986643,0.986643
FAM114A1,0.75,1,1,1.0,0.991317,0.991317
FAM114A2,0.75,1,1,1.0,0.991327,0.991327
FAM117A,0.75,1,1,1.0,0.95698,0.95698
FAM122B,0.75,1,1,1.0,0.985,0.985
FAM131C,0.75,1,1,1.0,0.969335,0.969335
FAM135A,0.75,1,1,1.0,0.91804,0.91804
FAM136A,0.75,1,1,1.0,0.841117,0.841117
FAM153A,0.75,1,1,1.0,0.883412,0.883412
FAM155B,0.75,1,1,1.0,0.952556,0.952556
FAM160B1,0.75,1,1,1.0,0.982599,0.982599
FAM161A,0.75,1,1,1.0,0.971326,0.971326
FAM163A,0.75,1,1,1.0,0.991516,0.991516
FAM166B,0.75,1,1,1.0,0.987698,0.987698
FAM166C,0.75,1,1,1.0,0.843926,0.843926
FAM169B,0.75,1,1,1.0,0.93715,0.93715
FAM171A1,0.75,1,1,1.0,0.991485,0.991485
FAM180A,0.75,1,1,1.0,0.991195,0.991195
FAM189B,0.75,1,1,1.0,0.991418,0.991418
FAM193B,0.75,1,1,1.0,0.991439,0.991439
FAM199X,0.75,1,1,1.0,0.937473,0.937473
FAM219A,0.75,1,1,1.0,0.991358,0.991358
FAM221B,0.75,1,1,1.0,0.991331,0.991331
FAM227B,0.75,1,1,1.0,0.985999,0.985999
FAM24B,0.75,1,1,1.0,0.991372,0.991372
FAM53A,0.75,1,1,1.0,0.984763,0.984763
FAM53B,0.75,1,1,1.0,0.928271,0.928271
FAM71F2,0.75,1,1,1.0,0.990761,0.990761
FAM76A,0.75,1,1,1.0,0.991417,0.991417
FAM78A,0.75,1,1,1.0,0.911571,0.911571
FAM86C1P,0.75,1,1,1.0,0.97769,0.97769
FAM89A,0.75,1,1,1.0,0.831754,0.831754
FAM8A1,0.75,1,1,1.0,0.991419,0.991419
FANCC,0.75,1,1,1.0,0.991486,0.991486
FANCF,0.75,1,1,1.0,0.986799,0.986799
FAR1,0.75,1,1,1.0,0.99132,0.99132
FARS2,0.75,1,1,1.0,0.818128,0.818128
FAS,0.75,1,1,1.0,0.971837,0.971837
FASTKD2,0.75,1,1,1.0,0.942493,0.942493
FAU,0.75,1,1,1.0,0.991395,0.991395
FAXC,0.75,1,1,1.0,0.96326,0.96326
FBL,0.75,1,1,1.0,0.989162,0.989162
FBLN1,0.75,1,1,1.0,0.990054,0.990054
FBXO16,0.75,1,1,1.0,0.991039,0.991039
FBXO17,0.75,1,1,1.0,0.991349,0.991349
FBXO25,0.75,1,1,1.0,0.954414,0.954414
FBXO28,0.75,1,1,1.0,0.989405,0.989405
FBXO30,0.75,1,1,1.0,0.983917,0.983917
FBXO32,0.75,1,1,1.0,0.971684,0.971684
FBXO36,0.75,1,1,1.0,0.94623,0.94623
FBXO45,0.75,1,1,1.0,0.931515,0.931515
FBXO9,0.75,1,1,1.0,0.98864,0.98864
FCER1G,0.75,1,1,1.0,0.991312,0.991312
FCGR2B,0.75,1,1,1.0,0.979428,0.979428
FCSK,0.75,1,1,1.0,0.920466,0.920466
FERMT2,0.75,1,1,1.0,0.978314,0.978314
FEZ1,0.75,1,1,1.0,0.978151,0.978151
FGF10,0.75,1,1,1.0,0.777233,0.777233
FGF12,0.75,1,1,1.0,0.99138,0.99138
FGF8,0.75,1,1,1.0,0.837303,0.837303
FGFBP3,0.75,1,1,1.0,0.991383,0.991383
FGL2,0.75,1,1,1.0,0.847124,0.847124
FIBCD1,0.75,1,1,1.0,0.942932,0.942932
FIS1,0.75,1,1,1.0,0.979662,0.979662
FITM1,0.75,1,1,1.0,0.991351,0.991351
FKBP14,0.75,1,1,1.0,0.991466,0.991466
FKBP3,0.75,1,1,1.0,0.874538,0.874538
FKTN,0.75,1,1,1.0,0.991413,0.991413
FLRT3,0.75,1,1,1.0,0.991442,0.991442
FMC1-LUC7L2,0.75,1,1,1.0,0.991497,0.991497
FMNL3,0.75,1,1,1.0,0.991218,0.991218
FMR1,0.75,1,1,1.0,0.991504,0.991504
FN3KRP,0.75,1,1,1.0,0.991496,0.991496
FOXA2,0.75,1,1,1.0,0.97191,0.97191
FOXC1,0.75,1,1,1.0,0.972789,0.972789
FOXD4L4,0.75,1,1,1.0,0.973992,0.973992
FOXN2,0.75,1,1,1.0,0.97759,0.97759
FOXO4,0.75,1,1,1.0,0.888254,0.888254
FRMD5,0.75,1,1,1.0,0.881385,0.881385
FRMD6,0.75,1,1,1.0,0.990398,0.990398
FRS2,0.75,1,1,1.0,0.934151,0.934151
FRS3,0.75,1,1,1.0,0.979256,0.979256
FSCN1,0.75,1,1,1.0,0.991448,0.991448
FSD1,0.75,1,1,1.0,0.88272,0.88272
FUT10,0.75,1,1,1.0,0.979228,0.979228
FUT11,0.75,1,1,1.0,0.970634,0.970634
FUZ,0.75,1,1,1.0,0.986992,0.986992
FXYD4,0.75,1,1,1.0,0.847221,0.847221
GAB3,0.75,1,1,1.0,0.97704,0.97704
GAL,0.75,1,1,1.0,0.991428,0.991428
GAL3ST1,0.75,1,1,1.0,0.966262,0.966262
GALK1,0.75,1,1,1.0,0.98743,0.98743
GALNT11,0.75,1,1,1.0,0.99107,0.99107
GALNT16,0.75,1,1,1.0,0.911602,0.911602
GALP,0.75,1,1,1.0,0.982532,0.982532
GAPDH,0.75,1,1,1.0,0.862604,0.862604
GAPT,0.75,1,1,1.0,0.977549,0.977549
GARS1,0.75,1,1,1.0,0.981915,0.981915
GAS2L3,0.75,1,1,1.0,0.944696,0.944696
GAS6,0.75,1,1,1.0,0.980035,0.980035
GAS7,0.75,1,1,1.0,0.830167,0.830167
GATA2,0.75,1,1,1.0,0.986034,0.986034
GATB,0.75,1,1,1.0,0.810391,0.810391
GBA2,0.75,1,1,1.0,0.93351,0.93351
GBE1,0.75,1,1,1.0,0.986015,0.986015
GCFC2,0.75,1,1,1.0,0.842668,0.842668
GCG,0.75,1,1,1.0,0.972766,0.972766
GCLM,0.75,1,1,1.0,0.973695,0.973695
GCNT4,0.75,1,1,1.0,0.88194,0.88194
GDPGP1,0.75,1,1,1.0,0.849793,0.849793
GEMIN6,0.75,1,1,1.0,0.93225,0.93225
GET1,0.75,1,1,1.0,0.991381,0.991381
GET1-SH3BGR,0.75,1,1,1.0,0.836187,0.836187
GET4,0.75,1,1,1.0,0.991446,0.991446
GFER,0.75,1,1,1.0,0.97746,0.97746
GFRA3,0.75,1,1,1.0,0.956794,0.956794
GGA3,0.75,1,1,1.0,0.991422,0.991422
GGCT,0.75,1,1,1.0,0.920426,0.920426
GHDC,0.75,1,1,1.0,0.991492,0.991492
GHRL,0.75,1,1,1.0,0.991405,0.991405
GIN1,0.75,1,1,1.0,0.990313,0.990313
GINS1,0.75,1,1,1.0,0.983278,0.983278
GINS3,0.75,1,1,1.0,0.853201,0.853201
GIT1,0.75,1,1,1.0,0.991366,0.991366
GJB2,0.75,1,1,1.0,0.927689,0.927689
GJB6,0.75,1,1,1.0,0.990593,0.990593
GJB7,0.75,1,1,1.0,0.989925,0.989925
GJC1,0.75,1,1,1.0,0.989235,0.989235
GJC3,0.75,1,1,1.0,0.985083,0.985083
GLB1L2,0.75,1,1,1.0,0.981547,0.981547
GLB1L3,0.75,1,1,1.0,0.965229,0.965229
GLCCI1,0.75,1,1,1.0,0.767741,0.767741
GLDN,0.75,1,1,1.0,0.767106,0.767106
GLE1,0.75,1,1,1.0,0.971996,0.971996
GLIPR1L1,0.75,1,1,1.0,0.934806,0.934806
GLOD4,0.75,1,1,1.0,0.991341,0.991341
GLRXP3,0.75,1,1,1.0,0.971712,0.971712
GLS2,0.75,1,1,1.0,0.991333,0.991333
GLT8D1,0.75,1,1,1.0,0.987646,0.987646
GLUD1,0.75,1,1,1.0,0.856999,0.856999
GMDS,0.75,1,1,1.0,0.873065,0.873065
GMPPA,0.75,1,1,1.0,0.976992,0.976992
GNA13,0.75,1,1,1.0,0.991272,0.991272
GNAI1,0.75,1,1,1.0,0.986023,0.986023
GNB1,0.75,1,1,1.0,0.991398,0.991398
GNB2,0.75,1,1,1.0,0.99142,0.99142
GNB5,0.75,1,1,1.0,0.991379,0.991379
GNG2,0.75,1,1,1.0,0.988613,0.988613
GNG5,0.75,1,1,1.0,0.98221,0.98221
GNLY,0.75,1,1,1.0,0.988192,0.988192
GNRH1,0.75,1,1,1.0,0.990393,0.990393
GOLGA6L22,0.75,1,1,1.0,0.991363,0.991363
GOLGA7,0.75,1,1,1.0,0.991399,0.991399
GORASP2,0.75,1,1,1.0,0.82216,0.82216
GOSR1,0.75,1,1,1.0,0.991508,0.991508
GOT2,0.75,1,1,1.0,0.802886,0.802886
GP6,0.75,1,1,1.0,0.967266,0.967266
GPA33,0.75,1,1,1.0,0.980366,0.980366
GPALPP1,0.75,1,1,1.0,0.991066,0.991066
GPANK1,0.75,1,1,1.0,0.991246,0.991246
GPAT2,0.75,1,1,1.0,0.991374,0.991374
GPC2,0.75,1,1,1.0,0.946691,0.946691
GPN1,0.75,1,1,1.0,0.952182,0.952182
GPR108,0.75,1,1,1.0,0.857456,0.857456
GPR119,0.75,1,1,1.0,0.981248,0.981248
GPR139,0.75,1,1,1.0,0.988995,0.988995
GPR151,0.75,1,1,1.0,0.991303,0.991303
GPR157,0.75,1,1,1.0,0.991499,0.991499
GPR160,0.75,1,1,1.0,0.966804,0.966804
GPR162,0.75,1,1,1.0,0.96821,0.96821
GPR17,0.75,1,1,1.0,0.837694,0.837694
GPR176,0.75,1,1,1.0,0.764445,0.764445
GPR18,0.75,1,1,1.0,0.963241,0.963241
GPR180,0.75,1,1,1.0,0.98012,0.98012
GPR22,0.75,1,1,1.0,0.991364,0.991364
GPR31,0.75,1,1,1.0,0.98746,0.98746
GPR68,0.75,1,1,1.0,0.983975,0.983975
GPR75,0.75,1,1,1.0,0.989934,0.989934
GPR84,0.75,1,1,1.0,0.980273,0.980273
GPRC5C,0.75,1,1,1.0,0.986398,0.986398
GPX6,0.75,1,1,1.0,0.962684,0.962684
GRAP2,0.75,1,1,1.0,0.97913,0.97913
GRB14,0.75,1,1,1.0,0.991443,0.991443
GRIFIN,0.75,1,1,1.0,0.874045,0.874045
GRINA,0.75,1,1,1.0,0.991398,0.991398
GRK3,0.75,1,1,1.0,0.976264,0.976264
GRK6,0.75,1,1,1.0,0.976487,0.976487
GRM2,0.75,1,1,1.0,0.941438,0.941438
GRN,0.75,1,1,1.0,0.991418,0.991418
GRPEL1,0.75,1,1,1.0,0.865357,0.865357
GSDMC,0.75,1,1,1.0,0.991425,0.991425
GSR,0.75,1,1,1.0,0.984649,0.984649
GTF2A1,0.75,1,1,1.0,0.976074,0.976074
GTF2E2,0.75,1,1,1.0,0.991302,0.991302
GTF2H1,0.75,1,1,1.0,0.983844,0.983844
GTF3C5,0.75,1,1,1.0,0.960834,0.960834
GTPBP10,0.75,1,1,1.0,0.988224,0.988224
GTPBP2,0.75,1,1,1.0,0.990592,0.990592
GTPBP8,0.75,1,1,1.0,0.991344,0.991344
GTSF1,0.75,1,1,1.0,0.991434,0.991434
GUCY1B1,0.75,1,1,1.0,0.967673,0.967673
GUF1,0.75,1,1,1.0,0.990905,0.990905
GZMH,0.75,1,1,1.0,0.868981,0.868981
H1-0,0.75,1,1,1.0,0.983044,0.983044
H1-6,0.75,1,1,1.0,0.865938,0.865938
H2AC17,0.75,1,1,1.0,0.934003,0.934003
H2AZ1,0.75,1,1,1.0,0.99149,0.99149
H2BC10,0.75,1,1,1.0,0.975595,0.975595
H2BC21,0.75,1,1,1.0,0.98935,0.98935
H3C11,0.75,1,1,1.0,0.991466,0.991466
H3C13,0.75,1,1,1.0,0.991274,0.991274
H3C8,0.75,1,1,1.0,0.977939,0.977939
H4C9,0.75,1,1,1.0,0.982331,0.982331
HACD4,0.75,1,1,1.0,0.991349,0.991349
HAGHL,0.75,1,1,1.0,0.988634,0.988634
HARS2,0.75,1,1,1.0,0.983973,0.983973
HAT1,0.75,1,1,1.0,0.894464,0.894464
HAUS2,0.75,1,1,1.0,0.772301,0.772301
HAUS3,0.75,1,1,1.0,0.991283,0.991283
HBE1,0.75,1,1,1.0,0.883585,0.883585
HBG2,0.75,1,1,1.0,0.982409,0.982409
HBZ,0.75,1,1,1.0,0.991501,0.991501
HCFC1,0.75,1,1,1.0,0.807996,0.807996
HDAC10,0.75,1,1,1.0,0.991479,0.991479
HDHD3,0.75,1,1,1.0,0.991324,0.991324
HEBP1,0.75,1,1,1.0,0.991471,0.991471
HECTD2,0.75,1,1,1.0,0.990334,0.990334
HEMK1,0.75,1,1,1.0,0.956622,0.956622
HEXB,0.75,1,1,1.0,0.990494,0.990494
HGD,0.75,1,1,1.0,0.991304,0.991304
HGH1,0.75,1,1,1.0,0.852399,0.852399
HGS,0.75,1,1,1.0,0.991295,0.991295
HHATL,0.75,1,1,1.0,0.991508,0.991508
HHLA2,0.75,1,1,1.0,0.930507,0.930507
HIF1A,0.75,1,1,1.0,0.984034,0.984034
HIF1AN,0.75,1,1,1.0,0.990888,0.990888
HINFP,0.75,1,1,1.0,0.991367,0.991367
HIRIP3,0.75,1,1,1.0,0.965095,0.965095
HLA-B,0.75,1,1,1.0,0.991409,0.991409
HLA-DPA1,0.75,1,1,1.0,0.856367,0.856367
HLA-DPB1,0.75,1,1,1.0,0.987024,0.987024
HLA-DRB1,0.75,1,1,1.0,0.966762,0.966762
HLA-G,0.75,1,1,1.0,0.908298,0.908298
HMG20B,0.75,1,1,1.0,0.977907,0.977907
HMGA1,0.75,1,1,1.0,0.982765,0.982765
HMGB3,0.75,1,1,1.0,0.989389,0.989389
HMGCLL1,0.75,1,1,1.0,0.984166,0.984166
HMGN1,0.75,1,1,1.0,0.99144,0.99144
HMOX2,0.75,1,1,1.0,0.99061,0.99061
HNF4G,0.75,1,1,1.0,0.90143,0.90143
HNMT,0.75,1,1,1.0,0.943735,0.943735
HNRNPA2B1,0.75,1,1,1.0,0.991426,0.991426
HNRNPH1,0.75,1,1,1.0,0.981375,0.981375
HNRNPLL,0.75,1,1,1.0,0.968173,0.968173
HOATZ,0.75,1,1,1.0,0.990974,0.990974
HOXA2,0.75,1,1,1.0,0.982463,0.982463
HOXA9,0.75,1,1,1.0,0.987464,0.987464
HOXC10,0.75,1,1,1.0,0.828078,0.828078
HOXD11,0.75,1,1,1.0,0.973969,0.973969
HOXD13,0.75,1,1,1.0,0.924031,0.924031
HOXD3,0.75,1,1,1.0,0.956982,0.956982
HOXD8,0.75,1,1,1.0,0.987539,0.987539
HPD,0.75,1,1,1.0,0.991354,0.991354
HPGDS,0.75,1,1,1.0,0.962317,0.962317
HRC,0.75,1,1,1.0,0.987263,0.987263
HRH1,0.75,1,1,1.0,0.97318,0.97318
HSD11B2,0.75,1,1,1.0,0.973566,0.973566
HSD17B13,0.75,1,1,1.0,0.983244,0.983244
HSH2D,0.75,1,1,1.0,0.896027,0.896027
HSPA12B,0.75,1,1,1.0,0.977699,0.977699
HSPA1A,0.75,1,1,1.0,0.941813,0.941813
HSPA4L,0.75,1,1,1.0,0.972694,0.972694
HSPA5,0.75,1,1,1.0,0.991313,0.991313
HSPB2,0.75,1,1,1.0,0.9912,0.9912
HSPE1,0.75,1,1,1.0,0.928503,0.928503
HTATSF1,0.75,1,1,1.0,0.888549,0.888549
HTR2B,0.75,1,1,1.0,0.97027,0.97027
HTR6,0.75,1,1,1.0,0.931578,0.931578
HVCN1,0.75,1,1,1.0,0.974376,0.974376
HYAL3,0.75,1,1,1.0,0.991416,0.991416
HYLS1,0.75,1,1,1.0,0.9915,0.9915
IAPP,0.75,1,1,1.0,0.991334,0.991334
IDH3A,0.75,1,1,1.0,0.911701,0.911701
IDH3B,0.75,1,1,1.0,0.977679,0.977679
IDNK,0.75,1,1,1.0,0.966093,0.966093
IFFO1,0.75,1,1,1.0,0.80464,0.80464
IFIH1,0.75,1,1,1.0,0.979625,0.979625
IFNA1,0.75,1,1,1.0,0.771234,0.771234
IFNA14,0.75,1,1,1.0,0.76252,0.76252
IFNA16,0.75,1,1,1.0,0.98034,0.98034
IFNA5,0.75,1,1,1.0,0.991292,0.991292
IFNA6,0.75,1,1,1.0,0.991394,0.991394
IFNAR2,0.75,1,1,1.0,0.813138,0.813138
IFNGR1,0.75,1,1,1.0,0.937789,0.937789
IFNK,0.75,1,1,1.0,0.941774,0.941774
IFNL2,0.75,1,1,1.0,0.98234,0.98234
IFRD1,0.75,1,1,1.0,0.991224,0.991224
IFT20,0.75,1,1,1.0,0.991471,0.991471
IFT27,0.75,1,1,1.0,0.763437,0.763437
IFT52,0.75,1,1,1.0,0.991346,0.991346
IFT81,0.75,1,1,1.0,0.991476,0.991476
IGDCC4,0.75,1,1,1.0,0.955727,0.955727
IGFBP1,0.75,1,1,1.0,0.991479,0.991479
IGFL4,0.75,1,1,1.0,0.986029,0.986029
IGHV1-24,0.75,1,1,1.0,0.955032,0.955032
IGHV2-70,0.75,1,1,1.0,0.832948,0.832948
IGHV3-23,0.75,1,1,1.0,0.990508,0.990508
IGHV3-30,0.75,1,1,1.0,0.981255,0.981255
IGHV3-53,0.75,1,1,1.0,0.902821,0.902821
IGHV3-72,0.75,1,1,1.0,0.827213,0.827213
IGHV3-74,0.75,1,1,1.0,0.901042,0.901042
IGHV4-59,0.75,1,1,1.0,0.95942,0.95942
IGHV7-81,0.75,1,1,1.0,0.837258,0.837258
IGKV1-8,0.75,1,1,1.0,0.97717,0.97717
IGKV1OR22-5,0.75,1,1,1.0,0.880382,0.880382
IGKV2-24,0.75,1,1,1.0,0.983414,0.983414
IGLL1,0.75,1,1,1.0,0.991278,0.991278
IGLV1-36,0.75,1,1,1.0,0.958512,0.958512
IGLV2-18,0.75,1,1,1.0,0.797345,0.797345
IGLV2-33,0.75,1,1,1.0,0.954746,0.954746
IGLV4-60,0.75,1,1,1.0,0.779786,0.779786
IL10,0.75,1,1,1.0,0.984603,0.984603
IL17B,0.75,1,1,1.0,0.991387,0.991387
IL1B,0.75,1,1,1.0,0.908924,0.908924
IL1RAP,0.75,1,1,1.0,0.9903,0.9903
IL33,0.75,1,1,1.0,0.981413,0.981413
IL34,0.75,1,1,1.0,0.990038,0.990038
IL36G,0.75,1,1,1.0,0.990436,0.990436
IL37,0.75,1,1,1.0,0.98564,0.98564
ILF2,0.75,1,1,1.0,0.980865,0.980865
IMP4,0.75,1,1,1.0,0.927421,0.927421
IMPA1,0.75,1,1,1.0,0.95718,0.95718
INAVA,0.75,1,1,1.0,0.991399,0.991399
INKA2,0.75,1,1,1.0,0.991324,0.991324
INSM2,0.75,1,1,1.0,0.971206,0.971206
INTU,0.75,1,1,1.0,0.987198,0.987198
IPMK,0.75,1,1,1.0,0.919603,0.919603
IQCC,0.75,1,1,1.0,0.805775,0.805775
IQCJ-SCHIP1,0.75,1,1,1.0,0.989956,0.989956
IRAK1BP1,0.75,1,1,1.0,0.974441,0.974441
IREB2,0.75,1,1,1.0,0.928028,0.928028
ISCA1P1,0.75,1,1,1.0,0.787326,0.787326
ISL2,0.75,1,1,1.0,0.991381,0.991381
IST1,0.75,1,1,1.0,0.790776,0.790776
ISY1-RAB43,0.75,1,1,1.0,0.981532,0.981532
ITGA5,0.75,1,1,1.0,0.991509,0.991509
ITGBL1,0.75,1,1,1.0,0.756149,0.756149
ITLN2,0.75,1,1,1.0,0.938519,0.938519
JAM3,0.75,1,1,1.0,0.99139,0.99139
JMJD6,0.75,1,1,1.0,0.924706,0.924706
JUND,0.75,1,1,1.0,0.988635,0.988635
KANSL1L,0.75,1,1,1.0,0.921516,0.921516
KAT2A,0.75,1,1,1.0,0.80195,0.80195
KATNAL1,0.75,1,1,1.0,0.950305,0.950305
KBTBD7,0.75,1,1,1.0,0.991398,0.991398
KBTBD8,0.75,1,1,1.0,0.981944,0.981944
KCNAB2,0.75,1,1,1.0,0.986028,0.986028
KCNAB3,0.75,1,1,1.0,0.991298,0.991298
KCNG3,0.75,1,1,1.0,0.967234,0.967234
KCNG4,0.75,1,1,1.0,0.971861,0.971861
KCNIP1,0.75,1,1,1.0,0.991384,0.991384
KCNIP3,0.75,1,1,1.0,0.977126,0.977126
KCNIP4,0.75,1,1,1.0,0.971876,0.971876
KCNJ13,0.75,1,1,1.0,0.991387,0.991387
KCNJ14,0.75,1,1,1.0,0.991081,0.991081
KCNJ6,0.75,1,1,1.0,0.991392,0.991392
KCNK1,0.75,1,1,1.0,0.99145,0.99145
KCNK15,0.75,1,1,1.0,0.96874,0.96874
KCNK4,0.75,1,1,1.0,0.84366,0.84366
KCNK7,0.75,1,1,1.0,0.965871,0.965871
KCNMB3,0.75,1,1,1.0,0.99127,0.99127
KCNMB4,0.75,1,1,1.0,0.99147,0.99147
KCNN1,0.75,1,1,1.0,0.98603,0.98603
KCTD1,0.75,1,1,1.0,0.991279,0.991279
KCTD14,0.75,1,1,1.0,0.986676,0.986676
KCTD8,0.75,1,1,1.0,0.824413,0.824413
KDELR2,0.75,1,1,1.0,0.991443,0.991443
KDF1,0.75,1,1,1.0,0.98603,0.98603
KEAP1,0.75,1,1,1.0,0.991331,0.991331
KHDRBS1,0.75,1,1,1.0,0.955768,0.955768
KIAA0319L,0.75,1,1,1.0,0.991392,0.991392
KIAA0513,0.75,1,1,1.0,0.985004,0.985004
KIAA0586,0.75,1,1,1.0,0.971833,0.971833
KIAA0895,0.75,1,1,1.0,0.821154,0.821154
KIAA0895L,0.75,1,1,1.0,0.989835,0.989835
KIF25,0.75,1,1,1.0,0.919077,0.919077
KIF3B,0.75,1,1,1.0,0.817294,0.817294
KIFC1,0.75,1,1,1.0,0.891742,0.891742
KISS1R,0.75,1,1,1.0,0.957835,0.957835
KLC1,0.75,1,1,1.0,0.936015,0.936015
KLC3,0.75,1,1,1.0,0.857075,0.857075
KLF2,0.75,1,1,1.0,0.991023,0.991023
KLHDC10,0.75,1,1,1.0,0.956742,0.956742
KLHDC7B,0.75,1,1,1.0,0.991449,0.991449
KLHL14,0.75,1,1,1.0,0.991436,0.991436
KLHL17,0.75,1,1,1.0,0.991413,0.991413
KLHL22,0.75,1,1,1.0,0.928066,0.928066
KLHL31,0.75,1,1,1.0,0.97339,0.97339
KLHL35,0.75,1,1,1.0,0.986687,0.986687
KLK11,0.75,1,1,1.0,0.98865,0.98865
KLK14,0.75,1,1,1.0,0.979322,0.979322
KLK3,0.75,1,1,1.0,0.991332,0.991332
KLRA1P,0.75,1,1,1.0,0.987464,0.987464
KLRC4,0.75,1,1,1.0,0.973482,0.973482
KMO,0.75,1,1,1.0,0.932585,0.932585
KMT5C,0.75,1,1,1.0,0.978267,0.978267
KPNA1,0.75,1,1,1.0,0.949515,0.949515
KPNA4,0.75,1,1,1.0,0.966551,0.966551
KPNB1,0.75,1,1,1.0,0.936272,0.936272
KRR1,0.75,1,1,1.0,0.989093,0.989093
KRT18P55,0.75,1,1,1.0,0.99146,0.99146
KRT5,0.75,1,1,1.0,0.990495,0.990495
KRT6C,0.75,1,1,1.0,0.9915,0.9915
KRT84,0.75,1,1,1.0,0.930777,0.930777
KRT85,0.75,1,1,1.0,0.898367,0.898367
KRTAP13-2,0.75,1,1,1.0,0.879136,0.879136
KRTAP15-1,0.75,1,1,1.0,0.96812,0.96812
KRTAP19-3,0.75,1,1,1.0,0.943496,0.943496
KRTAP19-4,0.75,1,1,1.0,0.99002,0.99002
KRTAP22-1,0.75,1,1,1.0,0.991425,0.991425
KRTAP4-2,0.75,1,1,1.0,0.991362,0.991362
KRTAP5-2,0.75,1,1,1.0,0.977683,0.977683
KRTAP5-8,0.75,1,1,1.0,0.901052,0.901052
KRTAP6-3,0.75,1,1,1.0,0.991294,0.991294
KRTAP8-1,0.75,1,1,1.0,0.976523,0.976523
KRTAP9-2,0.75,1,1,1.0,0.991356,0.991356
KRTAP9-4,0.75,1,1,1.0,0.989669,0.989669
KRTDAP,0.75,1,1,1.0,0.990787,0.990787
L3MBTL3,0.75,1,1,1.0,0.977932,0.977932
LAPTM4A,0.75,1,1,1.0,0.948097,0.948097
LARP7,0.75,1,1,1.0,0.850732,0.850732
LBX2,0.75,1,1,1.0,0.971439,0.971439
LCA5L,0.75,1,1,1.0,0.991097,0.991097
LCE1C,0.75,1,1,1.0,0.88012,0.88012
LCE1D,0.75,1,1,1.0,0.772648,0.772648
LCE2D,0.75,1,1,1.0,0.991266,0.991266
LCE3E,0.75,1,1,1.0,0.760826,0.760826
LCE4A,0.75,1,1,1.0,0.945658,0.945658
LCN15,0.75,1,1,1.0,0.991443,0.991443
LCN6,0.75,1,1,1.0,0.932273,0.932273
LCN8,0.75,1,1,1.0,0.991304,0.991304
LCORL,0.75,1,1,1.0,0.984168,0.984168
LDLRAD1,0.75,1,1,1.0,0.991005,0.991005
LEMD1,0.75,1,1,1.0,0.991457,0.991457
LGALS4,0.75,1,1,1.0,0.991454,0.991454
LGMN,0.75,1,1,1.0,0.979573,0.979573
LHX1,0.75,1,1,1.0,0.991503,0.991503
LHX2,0.75,1,1,1.0,0.989416,0.989416
LIM2,0.75,1,1,1.0,0.760811,0.760811
LIMD1,0.75,1,1,1.0,0.960928,0.960928
LINC00303,0.75,1,1,1.0,0.991483,0.991483
LINC02210-CRHR1,0.75,1,1,1.0,0.991379,0.991379
LINS1,0.75,1,1,1.0,0.879459,0.879459
LIPH,0.75,1,1,1.0,0.990308,0.990308
LIX1,0.75,1,1,1.0,0.990336,0.990336
LMBR1L,0.75,1,1,1.0,0.990496,0.990496
LMO1,0.75,1,1,1.0,0.978327,0.978327
LMO2,0.75,1,1,1.0,0.990967,0.990967
LMTK3,0.75,1,1,1.0,0.948321,0.948321
LNP1,0.75,1,1,1.0,0.99131,0.99131
LRMDA,0.75,1,1,1.0,0.985206,0.985206
LRP10,0.75,1,1,1.0,0.970348,0.970348
LRR1,0.75,1,1,1.0,0.921875,0.921875
LRRC10,0.75,1,1,1.0,0.991213,0.991213
LRRC20,0.75,1,1,1.0,0.991414,0.991414
LRRC27,0.75,1,1,1.0,0.986228,0.986228
LRRC28,0.75,1,1,1.0,0.84967,0.84967
LRRC4,0.75,1,1,1.0,0.983899,0.983899
LRRC42,0.75,1,1,1.0,0.991456,0.991456
LRRC47,0.75,1,1,1.0,0.987501,0.987501
LRRC59,0.75,1,1,1.0,0.9843,0.9843
LRRC61,0.75,1,1,1.0,0.991288,0.991288
LRRC8A,0.75,1,1,1.0,0.987179,0.987179
LRRFIP2,0.75,1,1,1.0,0.991502,0.991502
LRRN3,0.75,1,1,1.0,0.991267,0.991267
LSM14A,0.75,1,1,1.0,0.884174,0.884174
LSM14B,0.75,1,1,1.0,0.991444,0.991444
LSM2,0.75,1,1,1.0,0.978618,0.978618
LSM3,0.75,1,1,1.0,0.978325,0.978325
LTA,0.75,1,1,1.0,0.824136,0.824136
LTK,0.75,1,1,1.0,0.93082,0.93082
LTV1,0.75,1,1,1.0,0.990909,0.990909
LUC7L3,0.75,1,1,1.0,0.979562,0.979562
LURAP1L,0.75,1,1,1.0,0.991278,0.991278
LXN,0.75,1,1,1.0,0.990679,0.990679
LY6G5B,0.75,1,1,1.0,0.910549,0.910549
LYG1,0.75,1,1,1.0,0.981411,0.981411
LYNX1-SLURP2,0.75,1,1,1.0,0.986031,0.986031
LYPD3,0.75,1,1,1.0,0.985681,0.985681
LYPD5,0.75,1,1,1.0,0.990786,0.990786
LYZL4,0.75,1,1,1.0,0.991387,0.991387
LZTS3,0.75,1,1,1.0,0.979815,0.979815
MAD2L1,0.75,1,1,1.0,0.970347,0.970347
MAFF,0.75,1,1,1.0,0.948757,0.948757
MAGEL2,0.75,1,1,1.0,0.975201,0.975201
MAGT1,0.75,1,1,1.0,0.97176,0.97176
MAIP1,0.75,1,1,1.0,0.977152,0.977152
MAJIN,0.75,1,1,1.0,0.991229,0.991229
MAK,0.75,1,1,1.0,0.935608,0.935608
MAK16,0.75,1,1,1.0,0.909537,0.909537
MAL,0.75,1,1,1.0,0.869036,0.869036
MALAT1,0.75,1,1,1.0,0.981555,0.981555
MAML3,0.75,1,1,1.0,0.989486,0.989486
MANBA,0.75,1,1,1.0,0.950963,0.950963
MANF,0.75,1,1,1.0,0.97652,0.97652
MAP3K7CL,0.75,1,1,1.0,0.974191,0.974191
MAP3K8,0.75,1,1,1.0,0.990244,0.990244
MAPK14,0.75,1,1,1.0,0.987811,0.987811
MAPKAP1,0.75,1,1,1.0,0.991435,0.991435
MAPKAPK3,0.75,1,1,1.0,0.991404,0.991404
MARCHF11,0.75,1,1,1.0,0.925858,0.925858
MARCHF5,0.75,1,1,1.0,0.972768,0.972768
MARCHF7,0.75,1,1,1.0,0.888516,0.888516
MAT2B,0.75,1,1,1.0,0.951707,0.951707
MATN3,0.75,1,1,1.0,0.991485,0.991485
MAU2,0.75,1,1,1.0,0.990286,0.990286
MBD6,0.75,1,1,1.0,0.990573,0.990573
MBLAC2,0.75,1,1,1.0,0.991441,0.991441
MBOAT2,0.75,1,1,1.0,0.798921,0.798921
MC1R,0.75,1,1,1.0,0.991392,0.991392
MCCC2,0.75,1,1,1.0,0.991403,0.991403
MCEMP1,0.75,1,1,1.0,0.931167,0.931167
MCM10,0.75,1,1,1.0,0.926076,0.926076
MDFIC,0.75,1,1,1.0,0.99132,0.99132
MDH1,0.75,1,1,1.0,0.970313,0.970313
MED17,0.75,1,1,1.0,0.938358,0.938358
MED18,0.75,1,1,1.0,0.768608,0.768608
MED27,0.75,1,1,1.0,0.985426,0.985426
MED28,0.75,1,1,1.0,0.977298,0.977298
MED6,0.75,1,1,1.0,0.989268,0.989268
MEF2D,0.75,1,1,1.0,0.991379,0.991379
MEIS2,0.75,1,1,1.0,0.989615,0.989615
MEOX2,0.75,1,1,1.0,0.991449,0.991449
METAP1D,0.75,1,1,1.0,0.980883,0.980883
METTL18,0.75,1,1,1.0,0.990398,0.990398
METTL22,0.75,1,1,1.0,0.97738,0.97738
METTL25,0.75,1,1,1.0,0.987418,0.987418
METTL27,0.75,1,1,1.0,0.928589,0.928589
METTL2B,0.75,1,1,1.0,0.835753,0.835753
METTL3,0.75,1,1,1.0,0.941792,0.941792
METTL4,0.75,1,1,1.0,0.991256,0.991256
METTL9,0.75,1,1,1.0,0.96639,0.96639
MEX3A,0.75,1,1,1.0,0.986233,0.986233
MFAP5,0.75,1,1,1.0,0.988521,0.988521
MFSD14B,0.75,1,1,1.0,0.948024,0.948024
MFSD4A,0.75,1,1,1.0,0.857092,0.857092
MGAT5,0.75,1,1,1.0,0.991087,0.991087
MGST3,0.75,1,1,1.0,0.990624,0.990624
MICAL2,0.75,1,1,1.0,0.991387,0.991387
MIEF2,0.75,1,1,1.0,0.967283,0.967283
MIER2,0.75,1,1,1.0,0.991336,0.991336
MIGA2,0.75,1,1,1.0,0.849797,0.849797
MINDY1,0.75,1,1,1.0,0.991502,0.991502
MINDY2,0.75,1,1,1.0,0.940551,0.940551
MINDY3,0.75,1,1,1.0,0.892993,0.892993
MIPOL1,0.75,1,1,1.0,0.96557,0.96557
MIR1185-2,0.75,1,1,1.0,0.970356,0.970356
MIR133B,0.75,1,1,1.0,0.972777,0.972777
MIR147A,0.75,1,1,1.0,0.840557,0.840557
MIR30C2,0.75,1,1,1.0,0.863227,0.863227
MIR325,0.75,1,1,1.0,0.952184,0.952184
MIR371A,0.75,1,1,1.0,0.979947,0.979947
MIR411,0.75,1,1,1.0,0.840159,0.840159
MIR513B,0.75,1,1,1.0,0.988916,0.988916
MIR517A,0.75,1,1,1.0,0.991252,0.991252
MIR518C,0.75,1,1,1.0,0.986025,0.986025
MIR519C,0.75,1,1,1.0,0.991491,0.991491
MIR519D,0.75,1,1,1.0,0.991321,0.991321
MIR525,0.75,1,1,1.0,0.983558,0.983558
MIR541,0.75,1,1,1.0,0.966752,0.966752
MIR543,0.75,1,1,1.0,0.983389,0.983389
MIR548I2,0.75,1,1,1.0,0.986484,0.986484
MIR550A2,0.75,1,1,1.0,0.990959,0.990959
MIR646,0.75,1,1,1.0,0.991333,0.991333
MIR654,0.75,1,1,1.0,0.976276,0.976276
MLN,0.75,1,1,1.0,0.97125,0.97125
MMP11,0.75,1,1,1.0,0.990261,0.990261
MOG,0.75,1,1,1.0,0.961647,0.961647
MOGAT1,0.75,1,1,1.0,0.969332,0.969332
MOGAT2,0.75,1,1,1.0,0.974192,0.974192
MON1A,0.75,1,1,1.0,0.991443,0.991443
MORF4L1,0.75,1,1,1.0,0.93307,0.93307
MOS,0.75,1,1,1.0,0.872653,0.872653
MPLKIP,0.75,1,1,1.0,0.991278,0.991278
MPP2,0.75,1,1,1.0,0.991508,0.991508
MPZL3,0.75,1,1,1.0,0.990765,0.990765
MRAP2,0.75,1,1,1.0,0.983218,0.983218
MRFAP1L1,0.75,1,1,1.0,0.938432,0.938432
MRM1,0.75,1,1,1.0,0.874553,0.874553
MRNIP,0.75,1,1,1.0,0.883412,0.883412
MROH1,0.75,1,1,1.0,0.991369,0.991369
MRPL14,0.75,1,1,1.0,0.987695,0.987695
MRPL19,0.75,1,1,1.0,0.978937,0.978937
MRPL20,0.75,1,1,1.0,0.991447,0.991447
MRPL3,0.75,1,1,1.0,0.969953,0.969953
MRPL35,0.75,1,1,1.0,0.989008,0.989008
MRPL55,0.75,1,1,1.0,0.838018,0.838018
MRPL58,0.75,1,1,1.0,0.991443,0.991443
MRPS10,0.75,1,1,1.0,0.991261,0.991261
MRPS12,0.75,1,1,1.0,0.991373,0.991373
MRPS30,0.75,1,1,1.0,0.981633,0.981633
MSC,0.75,1,1,1.0,0.991452,0.991452
MSI1,0.75,1,1,1.0,0.990648,0.990648
MSI2,0.75,1,1,1.0,0.991425,0.991425
MSL1,0.75,1,1,1.0,0.803906,0.803906
MSRA,0.75,1,1,1.0,0.99138,0.99138
MST1,0.75,1,1,1.0,0.987931,0.987931
MSTN,0.75,1,1,1.0,0.979934,0.979934
MT1H,0.75,1,1,1.0,0.991498,0.991498
MTAP,0.75,1,1,1.0,0.969056,0.969056
MTFR1L,0.75,1,1,1.0,0.970176,0.970176
MTHFD1,0.75,1,1,1.0,0.875386,0.875386
MTHFSD,0.75,1,1,1.0,0.987699,0.987699
MTIF3,0.75,1,1,1.0,0.977691,0.977691
MTMR9,0.75,1,1,1.0,0.984941,0.984941
MTPAP,0.75,1,1,1.0,0.953882,0.953882
MTRES1,0.75,1,1,1.0,0.991428,0.991428
MTRF1L,0.75,1,1,1.0,0.991345,0.991345
MTX1,0.75,1,1,1.0,0.980771,0.980771
MUC21,0.75,1,1,1.0,0.984968,0.984968
MXD4,0.75,1,1,1.0,0.991306,0.991306
MXI1,0.75,1,1,1.0,0.990407,0.990407
MXRA7,0.75,1,1,1.0,0.991255,0.991255
MYBPHL,0.75,1,1,1.0,0.9915,0.9915
MYD88,0.75,1,1,1.0,0.99147,0.99147
MYL10,0.75,1,1,1.0,0.990008,0.990008
MYL3,0.75,1,1,1.0,0.980988,0.980988
MYL5,0.75,1,1,1.0,0.990054,0.990054
MYL6B,0.75,1,1,1.0,0.955727,0.955727
MYNN,0.75,1,1,1.0,0.991391,0.991391
MYOT,0.75,1,1,1.0,0.988907,0.988907
MYOZ2,0.75,1,1,1.0,0.911455,0.911455
MZT2B,0.75,1,1,1.0,0.991246,0.991246
NAA10,0.75,1,1,1.0,0.990679,0.990679
NAA60,0.75,1,1,1.0,0.990424,0.990424
NACA2,0.75,1,1,1.0,0.954936,0.954936
NAGS,0.75,1,1,1.0,0.961992,0.961992
NAIF1,0.75,1,1,1.0,0.991382,0.991382
NAP1L5,0.75,1,1,1.0,0.811089,0.811089
NAPA,0.75,1,1,1.0,0.977635,0.977635
NAPB,0.75,1,1,1.0,0.969636,0.969636
NAPG,0.75,1,1,1.0,0.991482,0.991482
NARF,0.75,1,1,1.0,0.99136,0.99136
NASP,0.75,1,1,1.0,0.98734,0.98734
NAT1,0.75,1,1,1.0,0.972167,0.972167
NAT10,0.75,1,1,1.0,0.970559,0.970559
NAT8,0.75,1,1,1.0,0.835446,0.835446
NBPF7,0.75,1,1,1.0,0.991385,0.991385
NBPF9,0.75,1,1,1.0,0.986764,0.986764
NCAM2,0.75,1,1,1.0,0.99133,0.99133
NCBP1,0.75,1,1,1.0,0.986306,0.986306
NCOA4,0.75,1,1,1.0,0.967756,0.967756
NCR2,0.75,1,1,1.0,0.76641,0.76641
NDOR1,0.75,1,1,1.0,0.990833,0.990833
NDRG3,0.75,1,1,1.0,0.991472,0.991472
NDUFA5,0.75,1,1,1.0,0.96581,0.96581
NDUFA9,0.75,1,1,1.0,0.962851,0.962851
NDUFAF2,0.75,1,1,1.0,0.990731,0.990731
NDUFAF4,0.75,1,1,1.0,0.956812,0.956812
NDUFB6,0.75,1,1,1.0,0.988498,0.988498
NDUFS4,0.75,1,1,1.0,0.97667,0.97667
NEIL2,0.75,1,1,1.0,0.928012,0.928012
NEK11,0.75,1,1,1.0,0.99144,0.99144
NEU3,0.75,1,1,1.0,0.968801,0.968801
NFYB,0.75,1,1,1.0,0.969104,0.969104
NGDN,0.75,1,1,1.0,0.867293,0.867293
NGEF,0.75,1,1,1.0,0.97515,0.97515
NHLRC3,0.75,1,1,1.0,0.934573,0.934573
NINJ2,0.75,1,1,1.0,0.94033,0.94033
NIP7,0.75,1,1,1.0,0.990092,0.990092
NIPSNAP3A,0.75,1,1,1.0,0.930101,0.930101
NKG7,0.75,1,1,1.0,0.971966,0.971966
NKIRAS2,0.75,1,1,1.0,0.950543,0.950543
NLK,0.75,1,1,1.0,0.977929,0.977929
NME4,0.75,1,1,1.0,0.968723,0.968723
NME5,0.75,1,1,1.0,0.991472,0.991472
NMRAL1,0.75,1,1,1.0,0.991376,0.991376
NMRK1,0.75,1,1,1.0,0.991375,0.991375
NNMT,0.75,1,1,1.0,0.990634,0.990634
NNT,0.75,1,1,1.0,0.970746,0.970746
NOA1,0.75,1,1,1.0,0.991451,0.991451
NOL9,0.75,1,1,1.0,0.804868,0.804868
NOP58,0.75,1,1,1.0,0.93442,0.93442
NOP9,0.75,1,1,1.0,0.921558,0.921558
NOTUM,0.75,1,1,1.0,0.991454,0.991454
NPIPA1,0.75,1,1,1.0,0.991286,0.991286
NPL,0.75,1,1,1.0,0.980154,0.980154
NPM1,0.75,1,1,1.0,0.896165,0.896165
NPY1R,0.75,1,1,1.0,0.970322,0.970322
NR0B1,0.75,1,1,1.0,0.861111,0.861111
NR1H2,0.75,1,1,1.0,0.983926,0.983926
NR1I2,0.75,1,1,1.0,0.991455,0.991455
NR3C1,0.75,1,1,1.0,0.991374,0.991374
NRBF2,0.75,1,1,1.0,0.97829,0.97829
NREP,0.75,1,1,1.0,0.931608,0.931608
NRG2,0.75,1,1,1.0,0.986836,0.986836
NRG4,0.75,1,1,1.0,0.981971,0.981971
NRN1L,0.75,1,1,1.0,0.817568,0.817568
NSDHL,0.75,1,1,1.0,0.981112,0.981112
NSG2,0.75,1,1,1.0,0.962912,0.962912
NSUN6,0.75,1,1,1.0,0.81504,0.81504
NT5C,0.75,1,1,1.0,0.99148,0.99148
NT5C3A,0.75,1,1,1.0,0.990113,0.990113
NT5DC3,0.75,1,1,1.0,0.752249,0.752249
NT5E,0.75,1,1,1.0,0.991385,0.991385
NTAN1,0.75,1,1,1.0,0.870698,0.870698
NTMT1,0.75,1,1,1.0,0.991397,0.991397
NTPCR,0.75,1,1,1.0,0.991072,0.991072
NUDCD3,0.75,1,1,1.0,0.991318,0.991318
NUDT1,0.75,1,1,1.0,0.989242,0.989242
NUDT13,0.75,1,1,1.0,0.957579,0.957579
NUDT16,0.75,1,1,1.0,0.991092,0.991092
NUDT2,0.75,1,1,1.0,0.765607,0.765607
NUDT7,0.75,1,1,1.0,0.97674,0.97674
NUFIP2,0.75,1,1,1.0,0.988794,0.988794
NUGGC,0.75,1,1,1.0,0.979042,0.979042
NUP37,0.75,1,1,1.0,0.989109,0.989109
NUTM2A,0.75,1,1,1.0,0.976704,0.976704
NUTM2G,0.75,1,1,1.0,0.991097,0.991097
NXPE1,0.75,1,1,1.0,0.892025,0.892025
NYX,0.75,1,1,1.0,0.844447,0.844447
OAT,0.75,1,1,1.0,0.982658,0.982658
OAZ1,0.75,1,1,1.0,0.956632,0.956632
ODF3L2,0.75,1,1,1.0,0.977505,0.977505
OGFOD2,0.75,1,1,1.0,0.991373,0.991373
OLA1,0.75,1,1,1.0,0.991502,0.991502
OLFM2,0.75,1,1,1.0,0.824407,0.824407
OPALIN,0.75,1,1,1.0,0.979483,0.979483
OPN3,0.75,1,1,1.0,0.96309,0.96309
OPTC,0.75,1,1,1.0,0.991353,0.991353
OR10G7,0.75,1,1,1.0,0.985619,0.985619
OR10J1,0.75,1,1,1.0,0.98718,0.98718
OR10T2,0.75,1,1,1.0,0.971655,0.971655
OR13C4,0.75,1,1,1.0,0.991444,0.991444
OR13C5,0.75,1,1,1.0,0.977822,0.977822
OR13J1,0.75,1,1,1.0,0.904188,0.904188
OR1A2,0.75,1,1,1.0,0.991387,0.991387
OR1J2,0.75,1,1,1.0,0.991361,0.991361
OR1K1,0.75,1,1,1.0,0.991349,0.991349
OR2A4,0.75,1,1,1.0,0.941249,0.941249
OR2A5,0.75,1,1,1.0,0.990935,0.990935
OR2AE1,0.75,1,1,1.0,0.99123,0.99123
OR2G3,0.75,1,1,1.0,0.991431,0.991431
OR2U1P,0.75,1,1,1.0,0.991479,0.991479
OR2W1,0.75,1,1,1.0,0.991349,0.991349
OR3A1,0.75,1,1,1.0,0.991267,0.991267
OR4A16,0.75,1,1,1.0,0.991377,0.991377
OR4F15,0.75,1,1,1.0,0.976347,0.976347
OR4F17,0.75,1,1,1.0,0.960582,0.960582
OR4F4,0.75,1,1,1.0,0.991362,0.991362
OR51B2,0.75,1,1,1.0,0.982091,0.982091
OR51V1,0.75,1,1,1.0,0.937138,0.937138
OR52A4P,0.75,1,1,1.0,0.970317,0.970317
OR52B4,0.75,1,1,1.0,0.954637,0.954637
OR52I1,0.75,1,1,1.0,0.90706,0.90706
OR52N2,0.75,1,1,1.0,0.917699,0.917699
OR56B4,0.75,1,1,1.0,0.941421,0.941421
OR5A2,0.75,1,1,1.0,0.986893,0.986893
OR5AP2,0.75,1,1,1.0,0.990862,0.990862
OR5B2,0.75,1,1,1.0,0.975973,0.975973
OR5B21,0.75,1,1,1.0,0.991326,0.991326
OR5H15,0.75,1,1,1.0,0.991418,0.991418
OR5V1,0.75,1,1,1.0,0.941358,0.941358
OR6C2,0.75,1,1,1.0,0.958092,0.958092
OR6C74,0.75,1,1,1.0,0.915594,0.915594
OR6X1,0.75,1,1,1.0,0.969963,0.969963
OR8B12,0.75,1,1,1.0,0.991262,0.991262
ORAI2,0.75,1,1,1.0,0.965898,0.965898
ORMDL2,0.75,1,1,1.0,0.987341,0.987341
ORMDL3,0.75,1,1,1.0,0.991282,0.991282
OS9,0.75,1,1,1.0,0.837644,0.837644
OSBPL2,0.75,1,1,1.0,0.836391,0.836391
OSBPL5,0.75,1,1,1.0,0.967003,0.967003
OSBPL7,0.75,1,1,1.0,0.978325,0.978325
OSBPL9,0.75,1,1,1.0,0.939713,0.939713
OSGIN1,0.75,1,1,1.0,0.990832,0.990832
OTUD3,0.75,1,1,1.0,0.836572,0.836572
OTUD7A,0.75,1,1,1.0,0.885527,0.885527
OXCT2,0.75,1,1,1.0,0.923848,0.923848
OXNAD1,0.75,1,1,1.0,0.974118,0.974118
P2RX6,0.75,1,1,1.0,0.96587,0.96587
PABPC5,0.75,1,1,1.0,0.904518,0.904518
PABPN1,0.75,1,1,1.0,0.840505,0.840505
PAGE1,0.75,1,1,1.0,0.986022,0.986022
PAIP2B,0.75,1,1,1.0,0.974588,0.974588
PAK1IP1,0.75,1,1,1.0,0.961693,0.961693
PALMD,0.75,1,1,1.0,0.922966,0.922966
PANK2,0.75,1,1,1.0,0.870182,0.870182
PAPSS2,0.75,1,1,1.0,0.991349,0.991349
PAQR7,0.75,1,1,1.0,0.983252,0.983252
PARK7,0.75,1,1,1.0,0.969653,0.969653
PARN,0.75,1,1,1.0,0.854094,0.854094
PARP10,0.75,1,1,1.0,0.963943,0.963943
PATE1,0.75,1,1,1.0,0.978543,0.978543
PATE2,0.75,1,1,1.0,0.986538,0.986538
PAX6,0.75,1,1,1.0,0.932136,0.932136
PCBP1,0.75,1,1,1.0,0.991493,0.991493
PCBP3,0.75,1,1,1.0,0.991495,0.991495
PCDH8,0.75,1,1,1.0,0.904719,0.904719
PCDHAC2,0.75,1,1,1.0,0.950992,0.950992
PCDHGC5,0.75,1,1,1.0,0.991433,0.991433
PCMT1,0.75,1,1,1.0,0.984995,0.984995
PCNP,0.75,1,1,1.0,0.990249,0.990249
PCSK4,0.75,1,1,1.0,0.984271,0.984271
PCSK7,0.75,1,1,1.0,0.934613,0.934613
PDC,0.75,1,1,1.0,0.991479,0.991479
PDCD10,0.75,1,1,1.0,0.91147,0.91147
PDCD6IP,0.75,1,1,1.0,0.960531,0.960531
PDE6D,0.75,1,1,1.0,0.984261,0.984261
PDE7B,0.75,1,1,1.0,0.973485,0.973485
PDIA6,0.75,1,1,1.0,0.97864,0.97864
PDK1,0.75,1,1,1.0,0.966704,0.966704
PDK2,0.75,1,1,1.0,0.987869,0.987869
PDK4,0.75,1,1,1.0,0.99109,0.99109
PDXK,0.75,1,1,1.0,0.991249,0.991249
PDZK1,0.75,1,1,1.0,0.862009,0.862009
PEMT,0.75,1,1,1.0,0.991261,0.991261
PENK,0.75,1,1,1.0,0.947601,0.947601
PEX13,0.75,1,1,1.0,0.991437,0.991437
PEX16,0.75,1,1,1.0,0.991278,0.991278
PFKFB2,0.75,1,1,1.0,0.990809,0.990809
PFKFB3,0.75,1,1,1.0,0.978932,0.978932
PGAM4,0.75,1,1,1.0,0.979882,0.979882
PGC,0.75,1,1,1.0,0.9735,0.9735
PGLYRP3,0.75,1,1,1.0,0.991405,0.991405
PGP,0.75,1,1,1.0,0.987095,0.987095
PHF19,0.75,1,1,1.0,0.964664,0.964664
PHF6,0.75,1,1,1.0,0.981236,0.981236
PHKG2,0.75,1,1,1.0,0.877179,0.877179
PHLDA2,0.75,1,1,1.0,0.911642,0.911642
PHLDB3,0.75,1,1,1.0,0.978057,0.978057
PHOX2A,0.75,1,1,1.0,0.991247,0.991247
PHYHIPL,0.75,1,1,1.0,0.99095,0.99095
PHYKPL,0.75,1,1,1.0,0.991434,0.991434
PI15,0.75,1,1,1.0,0.829834,0.829834
PI16,0.75,1,1,1.0,0.93311,0.93311
PI3,0.75,1,1,1.0,0.958946,0.958946
PIGA,0.75,1,1,1.0,0.988484,0.988484
PIGM,0.75,1,1,1.0,0.991344,0.991344
PIGY,0.75,1,1,1.0,0.991404,0.991404
PILRB,0.75,1,1,1.0,0.987344,0.987344
PIM1,0.75,1,1,1.0,0.990848,0.990848
PIP,0.75,1,1,1.0,0.939949,0.939949
PIP4P2,0.75,1,1,1.0,0.991398,0.991398
PIP5KL1,0.75,1,1,1.0,0.979949,0.979949
PIRT,0.75,1,1,1.0,0.754968,0.754968
PITHD1,0.75,1,1,1.0,0.973435,0.973435
PITRM1,0.75,1,1,1.0,0.98601,0.98601
PLA2G4C,0.75,1,1,1.0,0.898248,0.898248
PLA2G4E,0.75,1,1,1.0,0.966995,0.966995
PLA2G4F,0.75,1,1,1.0,0.90316,0.90316
PLA2G6,0.75,1,1,1.0,0.962776,0.962776
PLAAT1,0.75,1,1,1.0,0.87091,0.87091
PLAAT2,0.75,1,1,1.0,0.987843,0.987843
PLAC8,0.75,1,1,1.0,0.983601,0.983601
PLAG1,0.75,1,1,1.0,0.954298,0.954298
PLAT,0.75,1,1,1.0,0.991259,0.991259
PLAUR,0.75,1,1,1.0,0.886294,0.886294
PLD5,0.75,1,1,1.0,0.97769,0.97769
PLEK2,0.75,1,1,1.0,0.959549,0.959549
PLEKHA4,0.75,1,1,1.0,0.977319,0.977319
PLEKHN1,0.75,1,1,1.0,0.99146,0.99146
PLOD3,0.75,1,1,1.0,0.990296,0.990296
PLP2,0.75,1,1,1.0,0.955796,0.955796
PLPP1,0.75,1,1,1.0,0.991261,0.991261
PLPP6,0.75,1,1,1.0,0.984433,0.984433
PLPPR4,0.75,1,1,1.0,0.988626,0.988626
PLS3,0.75,1,1,1.0,0.954188,0.954188
PLSCR4,0.75,1,1,1.0,0.945642,0.945642
PMEPA1,0.75,1,1,1.0,0.991434,0.991434
PNMA1,0.75,1,1,1.0,0.944099,0.944099
PNMA8B,0.75,1,1,1.0,0.977773,0.977773
PNO1,0.75,1,1,1.0,0.75361,0.75361
PNPLA3,0.75,1,1,1.0,0.983516,0.983516
PNPLA4,0.75,1,1,1.0,0.788128,0.788128
PNPT1,0.75,1,1,1.0,0.904658,0.904658
POGLUT2,0.75,1,1,1.0,0.989266,0.989266
POLDIP2,0.75,1,1,1.0,0.760678,0.760678
POLH,0.75,1,1,1.0,0.966855,0.966855
POLR1G,0.75,1,1,1.0,0.990931,0.990931
POLR1H,0.75,1,1,1.0,0.988088,0.988088
POLR3GL,0.75,1,1,1.0,0.991505,0.991505
POMGNT1,0.75,1,1,1.0,0.980065,0.980065
POMP,0.75,1,1,1.0,0.978866,0.978866
POMT2,0.75,1,1,1.0,0.923287,0.923287
POP4,0.75,1,1,1.0,0.961869,0.961869
POP7,0.75,1,1,1.0,0.900185,0.900185
POU4F3,0.75,1,1,1.0,0.991387,0.991387
PPA1,0.75,1,1,1.0,0.991503,0.991503
PPARD,0.75,1,1,1.0,0.966058,0.966058
PPARG,0.75,1,1,1.0,0.980443,0.980443
PPIL1,0.75,1,1,1.0,0.989814,0.989814
PPIL4,0.75,1,1,1.0,0.930681,0.930681
PPM1B,0.75,1,1,1.0,0.973582,0.973582
PPM1G,0.75,1,1,1.0,0.969945,0.969945
PPOX,0.75,1,1,1.0,0.89339,0.89339
PPP1CB,0.75,1,1,1.0,0.991494,0.991494
PPP1R11,0.75,1,1,1.0,0.812925,0.812925
PPP1R15B,0.75,1,1,1.0,0.991415,0.991415
PPP1R16A,0.75,1,1,1.0,0.991489,0.991489
PPP1R3D,0.75,1,1,1.0,0.9867,0.9867
PPP1R42,0.75,1,1,1.0,0.991409,0.991409
PPP2CB,0.75,1,1,1.0,0.991306,0.991306
PPP2R5A,0.75,1,1,1.0,0.852138,0.852138
PPP3CA,0.75,1,1,1.0,0.957996,0.957996
PPP3CB,0.75,1,1,1.0,0.841825,0.841825
PPP6C,0.75,1,1,1.0,0.802621,0.802621
PPP6R2,0.75,1,1,1.0,0.973125,0.973125
PRADC1,0.75,1,1,1.0,0.940337,0.940337
PRAMEF17,0.75,1,1,1.0,0.955392,0.955392
PRAMEF18,0.75,1,1,1.0,0.991269,0.991269
PRAMEF5,0.75,1,1,1.0,0.991439,0.991439
PRAMEF6,0.75,1,1,1.0,0.991343,0.991343
PRB2,0.75,1,1,1.0,0.899089,0.899089
PRC1,0.75,1,1,1.0,0.98816,0.98816
PRDM12,0.75,1,1,1.0,0.985004,0.985004
PRDM8,0.75,1,1,1.0,0.900982,0.900982
PRDX2,0.75,1,1,1.0,0.958632,0.958632
PRELID2,0.75,1,1,1.0,0.991331,0.991331
PRELID3A,0.75,1,1,1.0,0.991449,0.991449
PRELP,0.75,1,1,1.0,0.892217,0.892217
PRH2,0.75,1,1,1.0,0.970183,0.970183
PRKAA1,0.75,1,1,1.0,0.922031,0.922031
PRKAB2,0.75,1,1,1.0,0.96553,0.96553
PRKCSH,0.75,1,1,1.0,0.93849,0.93849
PRKRIP1,0.75,1,1,1.0,0.990399,0.990399
PRKX,0.75,1,1,1.0,0.853298,0.853298
PRMT1,0.75,1,1,1.0,0.948042,0.948042
PROCA1,0.75,1,1,1.0,0.98824,0.98824
PROZ,0.75,1,1,1.0,0.986632,0.986632
PRPF4B,0.75,1,1,1.0,0.989809,0.989809
PRR35,0.75,1,1,1.0,0.981418,0.981418
PRRX2,0.75,1,1,1.0,0.843609,0.843609
PRSS38,0.75,1,1,1.0,0.883204,0.883204
PRSS45P,0.75,1,1,1.0,0.991384,0.991384
PRSS53,0.75,1,1,1.0,0.966231,0.966231
PRTFDC1,0.75,1,1,1.0,0.92793,0.92793
PRUNE1,0.75,1,1,1.0,0.991337,0.991337
PRXL2A,0.75,1,1,1.0,0.991377,0.991377
PRXL2B,0.75,1,1,1.0,0.979151,0.979151
PSAP,0.75,1,1,1.0,0.984748,0.984748
PSAPL1,0.75,1,1,1.0,0.962404,0.962404
PSG2,0.75,1,1,1.0,0.982477,0.982477
PSMA5,0.75,1,1,1.0,0.990347,0.990347
PSMB1,0.75,1,1,1.0,0.885213,0.885213
PSMB2,0.75,1,1,1.0,0.866568,0.866568
PSMB7,0.75,1,1,1.0,0.930054,0.930054
PSMB8,0.75,1,1,1.0,0.990805,0.990805
PSMC3,0.75,1,1,1.0,0.939154,0.939154
PSMD11,0.75,1,1,1.0,0.990783,0.990783
PSORS1C1,0.75,1,1,1.0,0.941974,0.941974
PTAR1,0.75,1,1,1.0,0.991491,0.991491
PTBP1,0.75,1,1,1.0,0.952564,0.952564
PTBP2,0.75,1,1,1.0,0.991506,0.991506
PTCHD1,0.75,1,1,1.0,0.84845,0.84845
PTDSS1,0.75,1,1,1.0,0.900894,0.900894
PTGDR,0.75,1,1,1.0,0.987387,0.987387
PTGES3L-AARSD1,0.75,1,1,1.0,0.991417,0.991417
PTGR1,0.75,1,1,1.0,0.98832,0.98832
PTPN2,0.75,1,1,1.0,0.832775,0.832775
PTPN5,0.75,1,1,1.0,0.86772,0.86772
PTRH2,0.75,1,1,1.0,0.989537,0.989537
PUM3,0.75,1,1,1.0,0.991456,0.991456
PURA,0.75,1,1,1.0,0.991291,0.991291
PUS7L,0.75,1,1,1.0,0.988339,0.988339
PXMP4,0.75,1,1,1.0,0.991459,0.991459
PYCR2,0.75,1,1,1.0,0.90665,0.90665
PYM1,0.75,1,1,1.0,0.900115,0.900115
QPCTL,0.75,1,1,1.0,0.991369,0.991369
QRICH1,0.75,1,1,1.0,0.991283,0.991283
RAB11A,0.75,1,1,1.0,0.836248,0.836248
RAB11FIP2,0.75,1,1,1.0,0.991447,0.991447
RAB15,0.75,1,1,1.0,0.991491,0.991491
RAB17,0.75,1,1,1.0,0.937699,0.937699
RAB27B,0.75,1,1,1.0,0.978427,0.978427
RAB28,0.75,1,1,1.0,0.987433,0.987433
RAB38,0.75,1,1,1.0,0.968329,0.968329
RAB43,0.75,1,1,1.0,0.991257,0.991257
RAB8B,0.75,1,1,1.0,0.870204,0.870204
RAB9B,0.75,1,1,1.0,0.8945,0.8945
RABEPK,0.75,1,1,1.0,0.991383,0.991383
RABGAP1L,0.75,1,1,1.0,0.991269,0.991269
RABL6,0.75,1,1,1.0,0.990645,0.990645
RAC2,0.75,1,1,1.0,0.991359,0.991359
RAC3,0.75,1,1,1.0,0.8721,0.8721
RAD1,0.75,1,1,1.0,0.991385,0.991385
RAD51D,0.75,1,1,1.0,0.991389,0.991389
RAD52,0.75,1,1,1.0,0.991402,0.991402
RAD9A,0.75,1,1,1.0,0.754984,0.754984
RALA,0.75,1,1,1.0,0.991396,0.991396
RANBP2,0.75,1,1,1.0,0.986289,0.986289
RANBP3L,0.75,1,1,1.0,0.991399,0.991399
RAP1GAP2,0.75,1,1,1.0,0.98698,0.98698
RARA,0.75,1,1,1.0,0.991453,0.991453
RARB,0.75,1,1,1.0,0.922341,0.922341
RARRES1,0.75,1,1,1.0,0.991424,0.991424
RASA2,0.75,1,1,1.0,0.991359,0.991359
RASGEF1A,0.75,1,1,1.0,0.991284,0.991284
RBBP4,0.75,1,1,1.0,0.775225,0.775225
RBBP7,0.75,1,1,1.0,0.972336,0.972336
RBFOX2,0.75,1,1,1.0,0.991292,0.991292
RBM11,0.75,1,1,1.0,0.974492,0.974492
RBM17,0.75,1,1,1.0,0.991502,0.991502
RBM24,0.75,1,1,1.0,0.911578,0.911578
RBM3,0.75,1,1,1.0,0.989676,0.989676
RBM34,0.75,1,1,1.0,0.80019,0.80019
RBM38,0.75,1,1,1.0,0.990586,0.990586
RBM4B,0.75,1,1,1.0,0.991432,0.991432
RBM5,0.75,1,1,1.0,0.991423,0.991423
RBMS2,0.75,1,1,1.0,0.965229,0.965229
RBMX,0.75,1,1,1.0,0.973826,0.973826
RBMX2,0.75,1,1,1.0,0.991294,0.991294
RBP1,0.75,1,1,1.0,0.983021,0.983021
RBP4,0.75,1,1,1.0,0.986361,0.986361
RCC1,0.75,1,1,1.0,0.991305,0.991305
RCC1L,0.75,1,1,1.0,0.963373,0.963373
RCE1,0.75,1,1,1.0,0.988136,0.988136
RCOR1,0.75,1,1,1.0,0.974905,0.974905
RCOR3,0.75,1,1,1.0,0.991404,0.991404
RCVRN,0.75,1,1,1.0,0.986029,0.986029
RDH10,0.75,1,1,1.0,0.991393,0.991393
RDM1,0.75,1,1,1.0,0.911824,0.911824
REEP6,0.75,1,1,1.0,0.991348,0.991348
RELL1,0.75,1,1,1.0,0.989455,0.989455
RELL2,0.75,1,1,1.0,0.94177,0.94177
REM2,0.75,1,1,1.0,0.988232,0.988232
REP15,0.75,1,1,1.0,0.981535,0.981535
REPS1,0.75,1,1,1.0,0.916996,0.916996
RER1,0.75,1,1,1.0,0.991403,0.991403
RETN,0.75,1,1,1.0,0.9451,0.9451
RETREG3,0.75,1,1,1.0,0.897824,0.897824
REXO4,0.75,1,1,1.0,0.991324,0.991324
REXO5,0.75,1,1,1.0,0.991508,0.991508
RFFL,0.75,1,1,1.0,0.98544,0.98544
RFK,0.75,1,1,1.0,0.98376,0.98376
RFX5,0.75,1,1,1.0,0.988755,0.988755
RFXANK,0.75,1,1,1.0,0.99126,0.99126
RGPD2,0.75,1,1,1.0,0.990988,0.990988
RGS5,0.75,1,1,1.0,0.991454,0.991454
RGS8,0.75,1,1,1.0,0.991188,0.991188
RHBDL2,0.75,1,1,1.0,0.991099,0.991099
RHEB,0.75,1,1,1.0,0.989448,0.989448
RHEX,0.75,1,1,1.0,0.991295,0.991295
RHOA,0.75,1,1,1.0,0.817948,0.817948
RHOF,0.75,1,1,1.0,0.990609,0.990609
RHOG,0.75,1,1,1.0,0.983489,0.983489
RHOXF2,0.75,1,1,1.0,0.800852,0.800852
RILPL1,0.75,1,1,1.0,0.982877,0.982877
RILPL2,0.75,1,1,1.0,0.935324,0.935324
RIMKLA,0.75,1,1,1.0,0.973962,0.973962
RIMKLB,0.75,1,1,1.0,0.977892,0.977892
RIMS3,0.75,1,1,1.0,0.952993,0.952993
RIPPLY2,0.75,1,1,1.0,0.987465,0.987465
RIT1,0.75,1,1,1.0,0.872242,0.872242
RLN2,0.75,1,1,1.0,0.955635,0.955635
RMND5B,0.75,1,1,1.0,0.951796,0.951796
RN7SL176P,0.75,1,1,1.0,0.964554,0.964554
RNASE12,0.75,1,1,1.0,0.951926,0.951926
RNASE13,0.75,1,1,1.0,0.822395,0.822395
RNASE2,0.75,1,1,1.0,0.980098,0.980098
RNASE3,0.75,1,1,1.0,0.97585,0.97585
RNASEH1,0.75,1,1,1.0,0.933631,0.933631
RNF103,0.75,1,1,1.0,0.990896,0.990896
RNF113A,0.75,1,1,1.0,0.950486,0.950486
RNF13,0.75,1,1,1.0,0.991432,0.991432
RNF139,0.75,1,1,1.0,0.79492,0.79492
RNF165,0.75,1,1,1.0,0.98718,0.98718
RNF166,0.75,1,1,1.0,0.989411,0.989411
RNF167,0.75,1,1,1.0,0.991286,0.991286
RNF185,0.75,1,1,1.0,0.991413,0.991413
RNF2,0.75,1,1,1.0,0.991489,0.991489
RNF212,0.75,1,1,1.0,0.98424,0.98424
RNF38,0.75,1,1,1.0,0.989897,0.989897
RNF41,0.75,1,1,1.0,0.978885,0.978885
RNF8,0.75,1,1,1.0,0.948817,0.948817
ROPN1B,0.75,1,1,1.0,0.989232,0.989232
ROPN1L,0.75,1,1,1.0,0.92525,0.92525
RPF2,0.75,1,1,1.0,0.977452,0.977452
RPL11,0.75,1,1,1.0,0.991513,0.991513
RPL19,0.75,1,1,1.0,0.991458,0.991458
RPL22,0.75,1,1,1.0,0.849197,0.849197
RPL26L1,0.75,1,1,1.0,0.83166,0.83166
RPL35A,0.75,1,1,1.0,0.991295,0.991295
RPL36AL,0.75,1,1,1.0,0.974509,0.974509
RPL6,0.75,1,1,1.0,0.82624,0.82624
RPN1,0.75,1,1,1.0,0.805819,0.805819
RPS11,0.75,1,1,1.0,0.98929,0.98929
RPS21,0.75,1,1,1.0,0.974924,0.974924
RPS26,0.75,1,1,1.0,0.991472,0.991472
RPS26P15,0.75,1,1,1.0,0.984283,0.984283
RPS4X,0.75,1,1,1.0,0.96944,0.96944
RPS6KA4,0.75,1,1,1.0,0.97187,0.97187
RPS6KA6,0.75,1,1,1.0,0.846992,0.846992
RPSA,0.75,1,1,1.0,0.95896,0.95896
RRM2B,0.75,1,1,1.0,0.874559,0.874559
RRP1,0.75,1,1,1.0,0.981586,0.981586
RRP15,0.75,1,1,1.0,0.991372,0.991372
RRP9,0.75,1,1,1.0,0.988187,0.988187
RSAD2,0.75,1,1,1.0,0.975005,0.975005
RSBN1L,0.75,1,1,1.0,0.991373,0.991373
RSKR,0.75,1,1,1.0,0.89013,0.89013
RSPH1,0.75,1,1,1.0,0.98835,0.98835
RSPH9,0.75,1,1,1.0,0.99013,0.99013
RSRC1,0.75,1,1,1.0,0.991443,0.991443
RTCB,0.75,1,1,1.0,0.821099,0.821099
RTL8A,0.75,1,1,1.0,0.966303,0.966303
RTN4R,0.75,1,1,1.0,0.991469,0.991469
S100A10,0.75,1,1,1.0,0.991447,0.991447
S100A2,0.75,1,1,1.0,0.989228,0.989228
S100A3,0.75,1,1,1.0,0.991374,0.991374
S100B,0.75,1,1,1.0,0.991441,0.991441
S1PR1,0.75,1,1,1.0,0.991456,0.991456
SAA2,0.75,1,1,1.0,0.991435,0.991435
SACM1L,0.75,1,1,1.0,0.936753,0.936753
SAE1,0.75,1,1,1.0,0.975052,0.975052
SAMD1,0.75,1,1,1.0,0.991505,0.991505
SAMD15,0.75,1,1,1.0,0.987193,0.987193
SAP30,0.75,1,1,1.0,0.772225,0.772225
SAP30BP,0.75,1,1,1.0,0.991489,0.991489
SART1,0.75,1,1,1.0,0.991508,0.991508
SAT1,0.75,1,1,1.0,0.960937,0.960937
SATB2,0.75,1,1,1.0,0.939813,0.939813
SCAMP2,0.75,1,1,1.0,0.935588,0.935588
SCARB2,0.75,1,1,1.0,0.983385,0.983385
SCARF1,0.75,1,1,1.0,0.816865,0.816865
SCGN,0.75,1,1,1.0,0.99145,0.99145
SCML4,0.75,1,1,1.0,0.963939,0.963939
SCN4B,0.75,1,1,1.0,0.977457,0.977457
SCO1,0.75,1,1,1.0,0.991322,0.991322
SCOC,0.75,1,1,1.0,0.991281,0.991281
SCRG1,0.75,1,1,1.0,0.98394,0.98394
SCRN3,0.75,1,1,1.0,0.980749,0.980749
SCUBE2,0.75,1,1,1.0,0.991302,0.991302
SDCBP2,0.75,1,1,1.0,0.795114,0.795114
SDHAF2,0.75,1,1,1.0,0.991454,0.991454
SDR39U1,0.75,1,1,1.0,0.982251,0.982251
SDSL,0.75,1,1,1.0,0.988958,0.988958
SEBOX,0.75,1,1,1.0,0.991146,0.991146
SEC14L2,0.75,1,1,1.0,0.979976,0.979976
SEH1L,0.75,1,1,1.0,0.984791,0.984791
SELENBP1,0.75,1,1,1.0,0.984796,0.984796
SELENOF,0.75,1,1,1.0,0.963076,0.963076
SELENOM,0.75,1,1,1.0,0.988475,0.988475
SEM1,0.75,1,1,1.0,0.827502,0.827502
SEMA3B,0.75,1,1,1.0,0.897324,0.897324
SEMA4A,0.75,1,1,1.0,0.824753,0.824753
SEMA4D,0.75,1,1,1.0,0.989925,0.989925
SEPTIN6,0.75,1,1,1.0,0.986444,0.986444
SERBP1,0.75,1,1,1.0,0.991353,0.991353
SERHL,0.75,1,1,1.0,0.991479,0.991479
SERINC3,0.75,1,1,1.0,0.984647,0.984647
SERPINB13,0.75,1,1,1.0,0.82667,0.82667
SETD4,0.75,1,1,1.0,0.991475,0.991475
SETD9,0.75,1,1,1.0,0.991502,0.991502
SF3B3,0.75,1,1,1.0,0.973077,0.973077
SF3B4,0.75,1,1,1.0,0.989408,0.989408
SFRP5,0.75,1,1,1.0,0.9909,0.9909
SFSWAP,0.75,1,1,1.0,0.989722,0.989722
SFXN2,0.75,1,1,1.0,0.978783,0.978783
SFXN4,0.75,1,1,1.0,0.969637,0.969637
SGO1,0.75,1,1,1.0,0.991479,0.991479
SGTA,0.75,1,1,1.0,0.990718,0.990718
SGTB,0.75,1,1,1.0,0.789426,0.789426
SH2B3,0.75,1,1,1.0,0.769432,0.769432
SH2D2A,0.75,1,1,1.0,0.991441,0.991441
SH3GLB1,0.75,1,1,1.0,0.990602,0.990602
SH3GLB2,0.75,1,1,1.0,0.990358,0.990358
SHBG,0.75,1,1,1.0,0.991405,0.991405
SHC3,0.75,1,1,1.0,0.823261,0.823261
SHISA3,0.75,1,1,1.0,0.99009,0.99009
SHOC2,0.75,1,1,1.0,0.987884,0.987884
SHROOM1,0.75,1,1,1.0,0.960077,0.960077
SIDT2,0.75,1,1,1.0,0.939883,0.939883
SIGIRR,0.75,1,1,1.0,0.991493,0.991493
SIKE1,0.75,1,1,1.0,0.991229,0.991229
SINHCAF,0.75,1,1,1.0,0.991286,0.991286
SIRPB2,0.75,1,1,1.0,0.979336,0.979336
SIX2,0.75,1,1,1.0,0.822442,0.822442
SIX6,0.75,1,1,1.0,0.989729,0.989729
SLAMF9,0.75,1,1,1.0,0.991488,0.991488
SLC10A3,0.75,1,1,1.0,0.917963,0.917963
SLC11A2,0.75,1,1,1.0,0.958857,0.958857
SLC15A3,0.75,1,1,1.0,0.874757,0.874757
SLC16A13,0.75,1,1,1.0,0.884196,0.884196
SLC16A14,0.75,1,1,1.0,0.964537,0.964537
SLC16A3,0.75,1,1,1.0,0.991297,0.991297
SLC22A12,0.75,1,1,1.0,0.808176,0.808176
SLC22A6,0.75,1,1,1.0,0.911583,0.911583
SLC25A21,0.75,1,1,1.0,0.949673,0.949673
SLC25A24,0.75,1,1,1.0,0.991392,0.991392
SLC25A25,0.75,1,1,1.0,0.991474,0.991474
SLC25A27,0.75,1,1,1.0,0.976014,0.976014
SLC25A28,0.75,1,1,1.0,0.991469,0.991469
SLC25A44,0.75,1,1,1.0,0.98989,0.98989
SLC25A45,0.75,1,1,1.0,0.983976,0.983976
SLC25A47,0.75,1,1,1.0,0.971618,0.971618
SLC2A10,0.75,1,1,1.0,0.99148,0.99148
SLC30A2,0.75,1,1,1.0,0.973484,0.973484
SLC30A5,0.75,1,1,1.0,0.964645,0.964645
SLC31A1,0.75,1,1,1.0,0.991458,0.991458
SLC34A2,0.75,1,1,1.0,0.866916,0.866916
SLC35A1,0.75,1,1,1.0,0.969964,0.969964
SLC35A3,0.75,1,1,1.0,0.990491,0.990491
SLC35A4,0.75,1,1,1.0,0.795486,0.795486
SLC35A5,0.75,1,1,1.0,0.991379,0.991379
SLC35D1,0.75,1,1,1.0,0.991411,0.991411
SLC35D2,0.75,1,1,1.0,0.981824,0.981824
SLC35E1,0.75,1,1,1.0,0.991438,0.991438
SLC35E4,0.75,1,1,1.0,0.96352,0.96352
SLC35G1,0.75,1,1,1.0,0.991273,0.991273
SLC37A2,0.75,1,1,1.0,0.991396,0.991396
SLC38A2,0.75,1,1,1.0,0.987179,0.987179
SLC38A9,0.75,1,1,1.0,0.991067,0.991067
SLC39A1,0.75,1,1,1.0,0.950542,0.950542
SLC39A11,0.75,1,1,1.0,0.972107,0.972107
SLC39A13,0.75,1,1,1.0,0.935277,0.935277
SLC39A14,0.75,1,1,1.0,0.970709,0.970709
SLC39A5,0.75,1,1,1.0,0.954665,0.954665
SLC3A2,0.75,1,1,1.0,0.986031,0.986031
SLC40A1,0.75,1,1,1.0,0.972765,0.972765
SLC41A2,0.75,1,1,1.0,0.971111,0.971111
SLC48A1,0.75,1,1,1.0,0.98142,0.98142
SLC4A1AP,0.75,1,1,1.0,0.990369,0.990369
SLC51A,0.75,1,1,1.0,0.991496,0.991496
SLC51B,0.75,1,1,1.0,0.983184,0.983184
SLC52A1,0.75,1,1,1.0,0.991404,0.991404
SLC66A3,0.75,1,1,1.0,0.991353,0.991353
SLC6A2,0.75,1,1,1.0,0.991447,0.991447
SLC6A9,0.75,1,1,1.0,0.936233,0.936233
SLC7A4,0.75,1,1,1.0,0.991399,0.991399
SLC7A6,0.75,1,1,1.0,0.991314,0.991314
SLC9A3R1,0.75,1,1,1.0,0.945657,0.945657
SLC9A7,0.75,1,1,1.0,0.971325,0.971325
SLC9A9,0.75,1,1,1.0,0.991403,0.991403
SLF1,0.75,1,1,1.0,0.978576,0.978576
SLFN12,0.75,1,1,1.0,0.98949,0.98949
SLN,0.75,1,1,1.0,0.990801,0.990801
SLURP1,0.75,1,1,1.0,0.991471,0.991471
SMAD2,0.75,1,1,1.0,0.980087,0.980087
SMAD9,0.75,1,1,1.0,0.98941,0.98941
SMAGP,0.75,1,1,1.0,0.983388,0.983388
SMAP1,0.75,1,1,1.0,0.989178,0.989178
SMARCD3,0.75,1,1,1.0,0.979863,0.979863
SMCP,0.75,1,1,1.0,0.991452,0.991452
SMDT1,0.75,1,1,1.0,0.849778,0.849778
SMIM14,0.75,1,1,1.0,0.963049,0.963049
SMO,0.75,1,1,1.0,0.991417,0.991417
SMS,0.75,1,1,1.0,0.966562,0.966562
SMYD1,0.75,1,1,1.0,0.947248,0.947248
SNAI1,0.75,1,1,1.0,0.991515,0.991515
SNN,0.75,1,1,1.0,0.991284,0.991284
SNORA26,0.75,1,1,1.0,0.991485,0.991485
SNORA71E,0.75,1,1,1.0,0.991336,0.991336
SNORD114-15,0.75,1,1,1.0,0.982316,0.982316
SNORD114-23,0.75,1,1,1.0,0.978904,0.978904
SNORD115-10,0.75,1,1,1.0,0.988487,0.988487
SNORD115-31,0.75,1,1,1.0,0.99012,0.99012
SNORD115-33,0.75,1,1,1.0,0.886056,0.886056
SNORD115-7,0.75,1,1,1.0,0.988255,0.988255
SNORD116-12,0.75,1,1,1.0,0.975009,0.975009
SNORD116-17,0.75,1,1,1.0,0.99143,0.99143
SNORD116-20,0.75,1,1,1.0,0.769576,0.769576
SNRNP40,0.75,1,1,1.0,0.991482,0.991482
SNRPN,0.75,1,1,1.0,0.979651,0.979651
SNUPN,0.75,1,1,1.0,0.936578,0.936578
SNW1,0.75,1,1,1.0,0.972559,0.972559
SNX15,0.75,1,1,1.0,0.991398,0.991398
SNX2,0.75,1,1,1.0,0.971986,0.971986
SNX21,0.75,1,1,1.0,0.94776,0.94776
SNX31,0.75,1,1,1.0,0.991474,0.991474
SNX5,0.75,1,1,1.0,0.977235,0.977235
SOBP,0.75,1,1,1.0,0.983212,0.983212
SOD2,0.75,1,1,1.0,0.98518,0.98518
SOST,0.75,1,1,1.0,0.991134,0.991134
SOSTDC1,0.75,1,1,1.0,0.991457,0.991457
SP7,0.75,1,1,1.0,0.978895,0.978895
SPACA5B,0.75,1,1,1.0,0.991094,0.991094
SPAG16,0.75,1,1,1.0,0.84452,0.84452
SPAG7,0.75,1,1,1.0,0.813065,0.813065
SPANXN5,0.75,1,1,1.0,0.9228,0.9228
SPATA13,0.75,1,1,1.0,0.97356,0.97356
SPATA21,0.75,1,1,1.0,0.928023,0.928023
SPATA25,0.75,1,1,1.0,0.991518,0.991518
SPATA6,0.75,1,1,1.0,0.982055,0.982055
SPC25,0.75,1,1,1.0,0.967725,0.967725
SPESP1,0.75,1,1,1.0,0.991249,0.991249
SPIB,0.75,1,1,1.0,0.983897,0.983897
SPINK2,0.75,1,1,1.0,0.99145,0.99145
SPINK4,0.75,1,1,1.0,0.990645,0.990645
SPINT4,0.75,1,1,1.0,0.991252,0.991252
SPN,0.75,1,1,1.0,0.983277,0.983277
SPOCK2,0.75,1,1,1.0,0.857806,0.857806
SPPL2A,0.75,1,1,1.0,0.980482,0.980482
SPRED2,0.75,1,1,1.0,0.97543,0.97543
SPRR1B,0.75,1,1,1.0,0.975294,0.975294
SPRR2A,0.75,1,1,1.0,0.991328,0.991328
SPRR2F,0.75,1,1,1.0,0.991372,0.991372
SPRR4,0.75,1,1,1.0,0.976989,0.976989
SPRY1,0.75,1,1,1.0,0.985401,0.985401
SPRYD3,0.75,1,1,1.0,0.988321,0.988321
SPTLC2,0.75,1,1,1.0,0.923506,0.923506
SQLE,0.75,1,1,1.0,0.988673,0.988673
SRD5A1,0.75,1,1,1.0,0.990657,0.990657
SREK1IP1,0.75,1,1,1.0,0.991318,0.991318
SRF,0.75,1,1,1.0,0.975573,0.975573
SRGN,0.75,1,1,1.0,0.991372,0.991372
SRRD,0.75,1,1,1.0,0.952514,0.952514
SRSF2,0.75,1,1,1.0,0.914662,0.914662
SRSF3,0.75,1,1,1.0,0.97386,0.97386
SRSF6,0.75,1,1,1.0,0.972082,0.972082
SRSF7,0.75,1,1,1.0,0.991474,0.991474
SSBP3,0.75,1,1,1.0,0.991442,0.991442
SSMEM1,0.75,1,1,1.0,0.97724,0.97724
SSX2IP,0.75,1,1,1.0,0.991277,0.991277
SSX4,0.75,1,1,1.0,0.990869,0.990869
SSX7,0.75,1,1,1.0,0.846236,0.846236
ST3GAL2,0.75,1,1,1.0,0.955729,0.955729
ST6GALNAC4,0.75,1,1,1.0,0.989836,0.989836
ST6GALNAC5,0.75,1,1,1.0,0.962809,0.962809
ST6GALNAC6,0.75,1,1,1.0,0.991511,0.991511
ST8SIA1,0.75,1,1,1.0,0.991328,0.991328
STAMBP,0.75,1,1,1.0,0.899635,0.899635
STARD7,0.75,1,1,1.0,0.907161,0.907161
STARD7-AS1,0.75,1,1,1.0,0.991332,0.991332
STAT5B,0.75,1,1,1.0,0.987441,0.987441
STC2,0.75,1,1,1.0,0.857153,0.857153
STEAP4,0.75,1,1,1.0,0.982597,0.982597
STIM2,0.75,1,1,1.0,0.986017,0.986017
STING1,0.75,1,1,1.0,0.991269,0.991269
STK33,0.75,1,1,1.0,0.976491,0.976491
STK38L,0.75,1,1,1.0,0.986022,0.986022
STK4,0.75,1,1,1.0,0.991354,0.991354
STOM,0.75,1,1,1.0,0.875989,0.875989
STOML2,0.75,1,1,1.0,0.972776,0.972776
STPG2,0.75,1,1,1.0,0.969944,0.969944
STRA8,0.75,1,1,1.0,0.991359,0.991359
STRN,0.75,1,1,1.0,0.974213,0.974213
STT3A,0.75,1,1,1.0,0.991086,0.991086
STUB1,0.75,1,1,1.0,0.989674,0.989674
STX19,0.75,1,1,1.0,0.976877,0.976877
STX5,0.75,1,1,1.0,0.991458,0.991458
STXBP3,0.75,1,1,1.0,0.986017,0.986017
STXBP4,0.75,1,1,1.0,0.989858,0.989858
STYXL1,0.75,1,1,1.0,0.857025,0.857025
SUDS3,0.75,1,1,1.0,0.991319,0.991319
SULT1A2,0.75,1,1,1.0,0.98969,0.98969
SUMF2,0.75,1,1,1.0,0.984489,0.984489
SUMO1,0.75,1,1,1.0,0.991249,0.991249
SUN5,0.75,1,1,1.0,0.991349,0.991349
SUPT20HL2,0.75,1,1,1.0,0.979643,0.979643
SUPT4H1,0.75,1,1,1.0,0.991379,0.991379
SURF1,0.75,1,1,1.0,0.972955,0.972955
SUSD3,0.75,1,1,1.0,0.97279,0.97279
SWI5,0.75,1,1,1.0,0.991335,0.991335
SYNCRIP,0.75,1,1,1.0,0.974795,0.974795
SYNGR3,0.75,1,1,1.0,0.943789,0.943789
SYNPO2L,0.75,1,1,1.0,0.986634,0.986634
SYT15,0.75,1,1,1.0,0.971273,0.971273
SYT5,0.75,1,1,1.0,0.99151,0.99151
TAAR2,0.75,1,1,1.0,0.983034,0.983034
TAAR5,0.75,1,1,1.0,0.983551,0.983551
TAAR6,0.75,1,1,1.0,0.991405,0.991405
TAB1,0.75,1,1,1.0,0.991356,0.991356
TAC1,0.75,1,1,1.0,0.989525,0.989525
TACR1,0.75,1,1,1.0,0.943762,0.943762
TAF11,0.75,1,1,1.0,0.991427,0.991427
TAF12,0.75,1,1,1.0,0.980525,0.980525
TAF13,0.75,1,1,1.0,0.991407,0.991407
TAF5,0.75,1,1,1.0,0.972762,0.972762
TAF8,0.75,1,1,1.0,0.982269,0.982269
TAF9B,0.75,1,1,1.0,0.99142,0.99142
TAGLN3,0.75,1,1,1.0,0.99151,0.99151
TAMM41,0.75,1,1,1.0,0.972796,0.972796
TANGO2,0.75,1,1,1.0,0.991328,0.991328
TAS2R19,0.75,1,1,1.0,0.991265,0.991265
TAS2R3,0.75,1,1,1.0,0.991432,0.991432
TAS2R30,0.75,1,1,1.0,0.977336,0.977336
TAS2R31,0.75,1,1,1.0,0.981617,0.981617
TAS2R40,0.75,1,1,1.0,0.96393,0.96393
TAS2R50,0.75,1,1,1.0,0.766096,0.766096
TAS2R8,0.75,1,1,1.0,0.991466,0.991466
TATDN2,0.75,1,1,1.0,0.991278,0.991278
TBC1D10C,0.75,1,1,1.0,0.930827,0.930827
TBC1D14,0.75,1,1,1.0,0.988575,0.988575
TBC1D23,0.75,1,1,1.0,0.991354,0.991354
TBCCD1,0.75,1,1,1.0,0.989187,0.989187
TBK1,0.75,1,1,1.0,0.883979,0.883979
TBL1XR1,0.75,1,1,1.0,0.990978,0.990978
TBRG1,0.75,1,1,1.0,0.991475,0.991475
TBX15,0.75,1,1,1.0,0.990698,0.990698
TC2N,0.75,1,1,1.0,0.872247,0.872247
TCEAL1,0.75,1,1,1.0,0.991088,0.991088
TCEAL4,0.75,1,1,1.0,0.959311,0.959311
TCEANC,0.75,1,1,1.0,0.989828,0.989828
TCERG1L,0.75,1,1,1.0,0.815713,0.815713
TCOF1,0.75,1,1,1.0,0.986642,0.986642
TCP1,0.75,1,1,1.0,0.986787,0.986787
TCP10L3,0.75,1,1,1.0,0.961499,0.961499
TCTE3,0.75,1,1,1.0,0.99099,0.99099
TCTN3,0.75,1,1,1.0,0.933733,0.933733
TEDDM1,0.75,1,1,1.0,0.978994,0.978994
TEX19,0.75,1,1,1.0,0.991094,0.991094
TEX43,0.75,1,1,1.0,0.807855,0.807855
TEX47,0.75,1,1,1.0,0.887126,0.887126
TFAP2C,0.75,1,1,1.0,0.925772,0.925772
TFAP2E,0.75,1,1,1.0,0.991003,0.991003
TFAP4,0.75,1,1,1.0,0.991303,0.991303
TFEB,0.75,1,1,1.0,0.98603,0.98603
TFIP11,0.75,1,1,1.0,0.990587,0.990587
TFPT,0.75,1,1,1.0,0.969359,0.969359
TFRC,0.75,1,1,1.0,0.991325,0.991325
TGFBI,0.75,1,1,1.0,0.911608,0.911608
THOC6,0.75,1,1,1.0,0.991201,0.991201
THSD1,0.75,1,1,1.0,0.982221,0.982221
THUMPD3,0.75,1,1,1.0,0.945047,0.945047
TIA1,0.75,1,1,1.0,0.9871,0.9871
TIAL1,0.75,1,1,1.0,0.923234,0.923234
TIFAB,0.75,1,1,1.0,0.991355,0.991355
TIGD7,0.75,1,1,1.0,0.991503,0.991503
TIGIT,0.75,1,1,1.0,0.991361,0.991361
TIMM17B,0.75,1,1,1.0,0.974691,0.974691
TIMM21,0.75,1,1,1.0,0.934938,0.934938
TK1,0.75,1,1,1.0,0.972794,0.972794
TLE6,0.75,1,1,1.0,0.983389,0.983389
TLK1,0.75,1,1,1.0,0.979758,0.979758
TM2D2,0.75,1,1,1.0,0.991474,0.991474
TM6SF2,0.75,1,1,1.0,0.989978,0.989978
TM9SF3,0.75,1,1,1.0,0.95336,0.95336
TMA16,0.75,1,1,1.0,0.900902,0.900902
TMC8,0.75,1,1,1.0,0.986032,0.986032
TMCC1,0.75,1,1,1.0,0.991127,0.991127
TMED1,0.75,1,1,1.0,0.991192,0.991192
TMED3,0.75,1,1,1.0,0.991264,0.991264
TMED4,0.75,1,1,1.0,0.991336,0.991336
TMEM100,0.75,1,1,1.0,0.991313,0.991313
TMEM101,0.75,1,1,1.0,0.990177,0.990177
TMEM106C,0.75,1,1,1.0,0.991302,0.991302
TMEM120A,0.75,1,1,1.0,0.990975,0.990975
TMEM121B,0.75,1,1,1.0,0.986696,0.986696
TMEM123,0.75,1,1,1.0,0.991512,0.991512
TMEM126B,0.75,1,1,1.0,0.991362,0.991362
TMEM134,0.75,1,1,1.0,0.991497,0.991497
TMEM143,0.75,1,1,1.0,0.991253,0.991253
TMEM154,0.75,1,1,1.0,0.911503,0.911503
TMEM164,0.75,1,1,1.0,0.819907,0.819907
TMEM168,0.75,1,1,1.0,0.916698,0.916698
TMEM17,0.75,1,1,1.0,0.946747,0.946747
TMEM174,0.75,1,1,1.0,0.75651,0.75651
TMEM184B,0.75,1,1,1.0,0.949582,0.949582
TMEM184C,0.75,1,1,1.0,0.969637,0.969637
TMEM185A,0.75,1,1,1.0,0.798023,0.798023
TMEM186,0.75,1,1,1.0,0.991487,0.991487
TMEM187,0.75,1,1,1.0,0.907272,0.907272
TMEM190,0.75,1,1,1.0,0.991268,0.991268
TMEM213,0.75,1,1,1.0,0.908425,0.908425
TMEM216,0.75,1,1,1.0,0.991482,0.991482
TMEM229B,0.75,1,1,1.0,0.965711,0.965711
TMEM248,0.75,1,1,1.0,0.990392,0.990392
TMEM268,0.75,1,1,1.0,0.955044,0.955044
TMEM273,0.75,1,1,1.0,0.991294,0.991294
TMEM35A,0.75,1,1,1.0,0.962609,0.962609
TMEM39B,0.75,1,1,1.0,0.990243,0.990243
TMEM50B,0.75,1,1,1.0,0.979693,0.979693
TMEM52,0.75,1,1,1.0,0.989402,0.989402
TMEM52B,0.75,1,1,1.0,0.990594,0.990594
TMEM64,0.75,1,1,1.0,0.857012,0.857012
TMEM68,0.75,1,1,1.0,0.986022,0.986022
TMEM69,0.75,1,1,1.0,0.987554,0.987554
TMEM71,0.75,1,1,1.0,0.991507,0.991507
TMEM74B,0.75,1,1,1.0,0.980365,0.980365
TMEM87B,0.75,1,1,1.0,0.984318,0.984318
TMEM8B,0.75,1,1,1.0,0.991063,0.991063
TMEM92,0.75,1,1,1.0,0.990892,0.990892
TMEM99,0.75,1,1,1.0,0.991332,0.991332
TMIE,0.75,1,1,1.0,0.971197,0.971197
TMIGD1,0.75,1,1,1.0,0.96811,0.96811
TMLHE,0.75,1,1,1.0,0.991487,0.991487
TMPRSS13,0.75,1,1,1.0,0.991517,0.991517
TMSB15A,0.75,1,1,1.0,0.807838,0.807838
TMSB4X,0.75,1,1,1.0,0.887295,0.887295
TMTC3,0.75,1,1,1.0,0.981407,0.981407
TNFAIP6,0.75,1,1,1.0,0.917112,0.917112
TNFRSF10B,0.75,1,1,1.0,0.878074,0.878074
TNFSF13B,0.75,1,1,1.0,0.989076,0.989076
TNFSF15,0.75,1,1,1.0,0.979126,0.979126
TNFSF8,0.75,1,1,1.0,0.991482,0.991482
TNIP2,0.75,1,1,1.0,0.862921,0.862921
TNK2,0.75,1,1,1.0,0.988597,0.988597
TNMD,0.75,1,1,1.0,0.932778,0.932778
TNPO1,0.75,1,1,1.0,0.99132,0.99132
TOB1,0.75,1,1,1.0,0.985479,0.985479
TOLLIP,0.75,1,1,1.0,0.950223,0.950223
TOMM20L,0.75,1,1,1.0,0.988859,0.988859
TOR1B,0.75,1,1,1.0,0.980765,0.980765
TP53I11,0.75,1,1,1.0,0.9877,0.9877
TP53RK,0.75,1,1,1.0,0.989174,0.989174
TP73-AS1,0.75,1,1,1.0,0.990947,0.990947
TPCN2,0.75,1,1,1.0,0.986031,0.986031
TPD52L2,0.75,1,1,1.0,0.989756,0.989756
TPGS2,0.75,1,1,1.0,0.979977,0.979977
TPRKB,0.75,1,1,1.0,0.991418,0.991418
TPX2,0.75,1,1,1.0,0.974496,0.974496
TRAC,0.75,1,1,1.0,0.971191,0.971191
TRAIP,0.75,1,1,1.0,0.991509,0.991509
TRAV1-1,0.75,1,1,1.0,0.962892,0.962892
TRAV12-1,0.75,1,1,1.0,0.991436,0.991436
TRAV14DV4,0.75,1,1,1.0,0.920914,0.920914
TRAV26-1,0.75,1,1,1.0,0.827809,0.827809
TRAV27,0.75,1,1,1.0,0.989286,0.989286
TRAV8-1,0.75,1,1,1.0,0.933366,0.933366
TRAV8-4,0.75,1,1,1.0,0.990661,0.990661
TRAV8-6,0.75,1,1,1.0,0.984889,0.984889
TRAV9-1,0.75,1,1,1.0,0.978729,0.978729
TRBV29-1,0.75,1,1,1.0,0.991482,0.991482
TRBV5-1,0.75,1,1,1.0,0.991376,0.991376
TRBV6-1,0.75,1,1,1.0,0.991419,0.991419
TRDV1,0.75,1,1,1.0,0.95776,0.95776
TRGC2,0.75,1,1,1.0,0.932124,0.932124
TRGJ2,0.75,1,1,1.0,0.941019,0.941019
TRGV9,0.75,1,1,1.0,0.990676,0.990676
TRIB1,0.75,1,1,1.0,0.976977,0.976977
TRIM21,0.75,1,1,1.0,0.902116,0.902116
TRIM32,0.75,1,1,1.0,0.939157,0.939157
TRIM41,0.75,1,1,1.0,0.821334,0.821334
TRIM56,0.75,1,1,1.0,0.991298,0.991298
TRIM61,0.75,1,1,1.0,0.858617,0.858617
TRIM67,0.75,1,1,1.0,0.991447,0.991447
TRIM75P,0.75,1,1,1.0,0.886513,0.886513
TRIP4,0.75,1,1,1.0,0.792874,0.792874
TRMT10A,0.75,1,1,1.0,0.991384,0.991384
TRMT12,0.75,1,1,1.0,0.990803,0.990803
TRMT13,0.75,1,1,1.0,0.894232,0.894232
TRMT6,0.75,1,1,1.0,0.98646,0.98646
TRMT9B,0.75,1,1,1.0,0.981421,0.981421
TRPT1,0.75,1,1,1.0,0.991434,0.991434
TRPV1,0.75,1,1,1.0,0.980998,0.980998
TSC22D2,0.75,1,1,1.0,0.990736,0.990736
TSC22D3,0.75,1,1,1.0,0.990728,0.990728
TSN,0.75,1,1,1.0,0.826331,0.826331
TSNAXIP1,0.75,1,1,1.0,0.9915,0.9915
TSPAN4,0.75,1,1,1.0,0.97201,0.97201
TSPAN5,0.75,1,1,1.0,0.978135,0.978135
TSPAN8,0.75,1,1,1.0,0.983243,0.983243
TSPY2,0.75,1,1,1.0,0.959334,0.959334
TSPYL2,0.75,1,1,1.0,0.99146,0.99146
TSTD2,0.75,1,1,1.0,0.991476,0.991476
TTC12,0.75,1,1,1.0,0.991341,0.991341
TTC19,0.75,1,1,1.0,0.990135,0.990135
TTC25,0.75,1,1,1.0,0.991467,0.991467
TTLL6,0.75,1,1,1.0,0.991291,0.991291
TTLL9,0.75,1,1,1.0,0.991485,0.991485
TTYH3,0.75,1,1,1.0,0.950652,0.950652
TUB,0.75,1,1,1.0,0.991515,0.991515
TUBA1B,0.75,1,1,1.0,0.991215,0.991215
TUBA3E,0.75,1,1,1.0,0.836419,0.836419
TUBAL3,0.75,1,1,1.0,0.991513,0.991513
TUBB2A,0.75,1,1,1.0,0.924113,0.924113
TUBB8,0.75,1,1,1.0,0.991308,0.991308
TUBE1,0.75,1,1,1.0,0.953367,0.953367
TUBGCP3,0.75,1,1,1.0,0.979961,0.979961
TUFM,0.75,1,1,1.0,0.991359,0.991359
TULP3,0.75,1,1,1.0,0.81929,0.81929
TVP23B,0.75,1,1,1.0,0.991284,0.991284
TXLNB,0.75,1,1,1.0,0.911864,0.911864
TXN2,0.75,1,1,1.0,0.965131,0.965131
TXNDC12,0.75,1,1,1.0,0.991209,0.991209
TXNDC15,0.75,1,1,1.0,0.991457,0.991457
TXNL1,0.75,1,1,1.0,0.991203,0.991203
TXNL4A,0.75,1,1,1.0,0.827264,0.827264
TYMS,0.75,1,1,1.0,0.986807,0.986807
U2AF1L4,0.75,1,1,1.0,0.991372,0.991372
U2AF2,0.75,1,1,1.0,0.775457,0.775457
UBA2,0.75,1,1,1.0,0.991074,0.991074
UBA52,0.75,1,1,1.0,0.967761,0.967761
UBAP1,0.75,1,1,1.0,0.947451,0.947451
UBC,0.75,1,1,1.0,0.98546,0.98546
UBE2A,0.75,1,1,1.0,0.987294,0.987294
UBE2D2,0.75,1,1,1.0,0.99133,0.99133
UBE2E2,0.75,1,1,1.0,0.991511,0.991511
UBE2G1,0.75,1,1,1.0,0.879919,0.879919
UBE2L6,0.75,1,1,1.0,0.991262,0.991262
UBE2Q1,0.75,1,1,1.0,0.844681,0.844681
UBLCP1,0.75,1,1,1.0,0.990716,0.990716
UBOX5,0.75,1,1,1.0,0.991402,0.991402
UBR7,0.75,1,1,1.0,0.953009,0.953009
UBTFL2,0.75,1,1,1.0,0.978742,0.978742
UBXN4,0.75,1,1,1.0,0.964739,0.964739
UCHL1,0.75,1,1,1.0,0.988316,0.988316
UCHL5,0.75,1,1,1.0,0.836583,0.836583
UCK2,0.75,1,1,1.0,0.991465,0.991465
UCN,0.75,1,1,1.0,0.986952,0.986952
UCP1,0.75,1,1,1.0,0.991416,0.991416
UCP2,0.75,1,1,1.0,0.991313,0.991313
UGT1A4,0.75,1,1,1.0,0.971608,0.971608
UGT1A7,0.75,1,1,1.0,0.82805,0.82805
UIMC1,0.75,1,1,1.0,0.956219,0.956219
UPB1,0.75,1,1,1.0,0.991377,0.991377
UPF3A,0.75,1,1,1.0,0.81262,0.81262
UPK2,0.75,1,1,1.0,0.991513,0.991513
UPK3A,0.75,1,1,1.0,0.985225,0.985225
UPP2,0.75,1,1,1.0,0.98159,0.98159
UQCC1,0.75,1,1,1.0,0.991378,0.991378
UQCC3,0.75,1,1,1.0,0.844366,0.844366
URI1,0.75,1,1,1.0,0.970724,0.970724
UROS,0.75,1,1,1.0,0.991364,0.991364
USHBP1,0.75,1,1,1.0,0.991458,0.991458
USP10,0.75,1,1,1.0,0.911589,0.911589
USP13,0.75,1,1,1.0,0.989529,0.989529
USP21,0.75,1,1,1.0,0.990868,0.990868
USP30,0.75,1,1,1.0,0.934648,0.934648
USP31,0.75,1,1,1.0,0.967199,0.967199
USP36,0.75,1,1,1.0,0.973736,0.973736
USP39,0.75,1,1,1.0,0.967416,0.967416
USP44,0.75,1,1,1.0,0.991245,0.991245
UTS2,0.75,1,1,1.0,0.832916,0.832916
UXS1,0.75,1,1,1.0,0.991459,0.991459
Unknown,0.75,1,1,1.0,0.991361,0.991361
VAMP5,0.75,1,1,1.0,0.865393,0.865393
VASP,0.75,1,1,1.0,0.989895,0.989895
VAT1,0.75,1,1,1.0,0.968727,0.968727
VEZF1,0.75,1,1,1.0,0.991507,0.991507
VGLL4,0.75,1,1,1.0,0.960951,0.960951
VIM,0.75,1,1,1.0,0.991405,0.991405
VIPAS39,0.75,1,1,1.0,0.989076,0.989076
VMO1,0.75,1,1,1.0,0.940567,0.940567
VN1R10P,0.75,1,1,1.0,0.837232,0.837232
VN1R5,0.75,1,1,1.0,0.754032,0.754032
VNN3,0.75,1,1,1.0,0.991506,0.991506
VOPP1,0.75,1,1,1.0,0.991247,0.991247
VPREB3,0.75,1,1,1.0,0.983288,0.983288
VPS26C,0.75,1,1,1.0,0.991411,0.991411
VPS28,0.75,1,1,1.0,0.983217,0.983217
VPS37B,0.75,1,1,1.0,0.991508,0.991508
VSIR,0.75,1,1,1.0,0.9914,0.9914
VSX1,0.75,1,1,1.0,0.991409,0.991409
VWC2L,0.75,1,1,1.0,0.972031,0.972031
Vault,0.75,1,1,1.0,0.97249,0.97249
WASF1,0.75,1,1,1.0,0.980494,0.980494
WBP1,0.75,1,1,1.0,0.976099,0.976099
WBP11,0.75,1,1,1.0,0.980603,0.980603
WDCP,0.75,1,1,1.0,0.843912,0.843912
WDR20,0.75,1,1,1.0,0.981061,0.981061
WDR3,0.75,1,1,1.0,0.991326,0.991326
WDR53,0.75,1,1,1.0,0.991432,0.991432
WDR54,0.75,1,1,1.0,0.934325,0.934325
WFDC12,0.75,1,1,1.0,0.991254,0.991254
WFDC13,0.75,1,1,1.0,0.815731,0.815731
WFDC9,0.75,1,1,1.0,0.991429,0.991429
WNT1,0.75,1,1,1.0,0.966062,0.966062
WNT7B,0.75,1,1,1.0,0.896078,0.896078
WTIP,0.75,1,1,1.0,0.990964,0.990964
XBP1,0.75,1,1,1.0,0.980991,0.980991
XCL2,0.75,1,1,1.0,0.989074,0.989074
YAP1,0.75,1,1,1.0,0.81297,0.81297
YARS1,0.75,1,1,1.0,0.989013,0.989013
YBX1,0.75,1,1,1.0,0.90292,0.90292
YEATS4,0.75,1,1,1.0,0.942858,0.942858
YIPF1,0.75,1,1,1.0,0.99149,0.99149
YIPF4,0.75,1,1,1.0,0.964343,0.964343
YTHDF1,0.75,1,1,1.0,0.989412,0.989412
YTHDF3,0.75,1,1,1.0,0.991363,0.991363
YWHAB,0.75,1,1,1.0,0.907292,0.907292
Z82195.2,0.75,1,1,1.0,0.978381,0.978381
ZAR1,0.75,1,1,1.0,0.86602,0.86602
ZBTB17,0.75,1,1,1.0,0.991451,0.991451
ZBTB26,0.75,1,1,1.0,0.991516,0.991516
ZBTB3,0.75,1,1,1.0,0.790822,0.790822
ZBTB32,0.75,1,1,1.0,0.991499,0.991499
ZBTB47,0.75,1,1,1.0,0.986027,0.986027
ZBTB49,0.75,1,1,1.0,0.988954,0.988954
ZC2HC1A,0.75,1,1,1.0,0.989734,0.989734
ZC3H14,0.75,1,1,1.0,0.945052,0.945052
ZC3HAV1L,0.75,1,1,1.0,0.772356,0.772356
ZCCHC13,0.75,1,1,1.0,0.990616,0.990616
ZCWPW2,0.75,1,1,1.0,0.958712,0.958712
ZDHHC1,0.75,1,1,1.0,0.755884,0.755884
ZDHHC13,0.75,1,1,1.0,0.991299,0.991299
ZDHHC16,0.75,1,1,1.0,0.991212,0.991212
ZDHHC17,0.75,1,1,1.0,0.991343,0.991343
ZDHHC5,0.75,1,1,1.0,0.990967,0.990967
ZER1,0.75,1,1,1.0,0.991146,0.991146
ZFAND5,0.75,1,1,1.0,0.991347,0.991347
ZFP3,0.75,1,1,1.0,0.991492,0.991492
ZFP36L1,0.75,1,1,1.0,0.961672,0.961672
ZFPL1,0.75,1,1,1.0,0.965335,0.965335
ZMAT5,0.75,1,1,1.0,0.940562,0.940562
ZNF121,0.75,1,1,1.0,0.970956,0.970956
ZNF138,0.75,1,1,1.0,0.991122,0.991122
ZNF148,0.75,1,1,1.0,0.991132,0.991132
ZNF200,0.75,1,1,1.0,0.989674,0.989674
ZNF232,0.75,1,1,1.0,0.991324,0.991324
ZNF256,0.75,1,1,1.0,0.944283,0.944283
ZNF281,0.75,1,1,1.0,0.974798,0.974798
ZNF284,0.75,1,1,1.0,0.991319,0.991319
ZNF286A,0.75,1,1,1.0,0.991473,0.991473
ZNF296,0.75,1,1,1.0,0.990343,0.990343
ZNF304,0.75,1,1,1.0,0.969134,0.969134
ZNF32,0.75,1,1,1.0,0.92333,0.92333
ZNF329,0.75,1,1,1.0,0.979509,0.979509
ZNF333,0.75,1,1,1.0,0.991331,0.991331
ZNF334,0.75,1,1,1.0,0.99138,0.99138
ZNF34,0.75,1,1,1.0,0.987638,0.987638
ZNF35,0.75,1,1,1.0,0.991429,0.991429
ZNF350,0.75,1,1,1.0,0.969778,0.969778
ZNF354B,0.75,1,1,1.0,0.935155,0.935155
ZNF397,0.75,1,1,1.0,0.907151,0.907151
ZNF41,0.75,1,1,1.0,0.991492,0.991492
ZNF410,0.75,1,1,1.0,0.934279,0.934279
ZNF419,0.75,1,1,1.0,0.979179,0.979179
ZNF420,0.75,1,1,1.0,0.990266,0.990266
ZNF431,0.75,1,1,1.0,0.760428,0.760428
ZNF433,0.75,1,1,1.0,0.991291,0.991291
ZNF438,0.75,1,1,1.0,0.991428,0.991428
ZNF440,0.75,1,1,1.0,0.94156,0.94156
ZNF454,0.75,1,1,1.0,0.947072,0.947072
ZNF486,0.75,1,1,1.0,0.978154,0.978154
ZNF488,0.75,1,1,1.0,0.84591,0.84591
ZNF500,0.75,1,1,1.0,0.991449,0.991449
ZNF501,0.75,1,1,1.0,0.802368,0.802368
ZNF502,0.75,1,1,1.0,0.9914,0.9914
ZNF519,0.75,1,1,1.0,0.991252,0.991252
ZNF529,0.75,1,1,1.0,0.991411,0.991411
ZNF530,0.75,1,1,1.0,0.99147,0.99147
ZNF552,0.75,1,1,1.0,0.965775,0.965775
ZNF558,0.75,1,1,1.0,0.862865,0.862865
ZNF565,0.75,1,1,1.0,0.99151,0.99151
ZNF574,0.75,1,1,1.0,0.977382,0.977382
ZNF582,0.75,1,1,1.0,0.991404,0.991404
ZNF589,0.75,1,1,1.0,0.911546,0.911546
ZNF598,0.75,1,1,1.0,0.981606,0.981606
ZNF627,0.75,1,1,1.0,0.991283,0.991283
ZNF628,0.75,1,1,1.0,0.991434,0.991434
ZNF652,0.75,1,1,1.0,0.991028,0.991028
ZNF660,0.75,1,1,1.0,0.946954,0.946954
ZNF671,0.75,1,1,1.0,0.91157,0.91157
ZNF682,0.75,1,1,1.0,0.991321,0.991321
ZNF687,0.75,1,1,1.0,0.907,0.907
ZNF69,0.75,1,1,1.0,0.945791,0.945791
ZNF70,0.75,1,1,1.0,0.969618,0.969618
ZNF704,0.75,1,1,1.0,0.991455,0.991455
ZNF761,0.75,1,1,1.0,0.984694,0.984694
ZNF773,0.75,1,1,1.0,0.892699,0.892699
ZNF789,0.75,1,1,1.0,0.991459,0.991459
ZNF791,0.75,1,1,1.0,0.858552,0.858552
ZNF793,0.75,1,1,1.0,0.907215,0.907215
ZNF816-ZNF321P,0.75,1,1,1.0,0.991293,0.991293
ZNHIT3,0.75,1,1,1.0,0.991503,0.991503
ZPR1,0.75,1,1,1.0,0.990129,0.990129
ZRANB2,0.75,1,1,1.0,0.991406,0.991406
ZSCAN16,0.75,1,1,1.0,0.99145,0.99145
ZSCAN25,0.75,1,1,1.0,0.939464,0.939464
ZSCAN30,0.75,1,1,1.0,0.991449,0.991449
ZSCAN31,0.75,1,1,1.0,0.990676,0.990676
ZSCAN4,0.75,1,1,1.0,0.989745,0.989745
ZUP1,0.75,1,1,1.0,0.99127,0.99127
ZWILCH,0.75,1,1,1.0,0.986696,0.986696
ZZZ3,0.75,1,1,1.0,0.991348,0.991348
A1BG,0.75,2,1,0.5,0.612864,0.612864
AAAS,0.75,2,1,0.5,0.695229,0.695229
AADAC,0.75,2,1,0.5,0.496319,0.496319
AAMP,0.75,2,1,0.5,0.464774,0.464774
AANAT,0.75,2,1,0.5,0.493015,0.493015
ABCB7,0.75,2,1,0.5,0.492521,0.492521
ABCE1,0.75,2,1,0.5,0.800201,0.800201
ABCF1,0.75,2,1,0.5,0.487654,0.487654
ABCF2,0.75,2,1,0.5,0.868526,0.868526
ABCG8,0.75,2,1,0.5,0.46573,0.46573
ABHD14A-ACY1,0.75,2,1,0.5,0.775318,0.775318
ABHD17B,0.75,2,1,0.5,0.839665,0.839665
ABHD4,0.75,2,1,0.5,0.495603,0.495603
ABHD5,0.75,2,1,0.5,0.858179,0.858179
ABO,0.75,2,1,0.5,0.469945,0.469945
ABRA,0.75,2,1,0.5,0.490999,0.490999
AC005863.1,0.75,2,1,0.5,0.82861,0.82861
AC011455.2,0.75,2,1,0.5,0.597441,0.597441
AC013489.1,0.75,2,1,0.5,0.536804,0.536804
AC023055.1,0.75,2,1,0.5,0.382312,0.382312
AC090517.4,0.75,2,1,0.5,0.461112,0.461112
AC098582.1,0.75,2,1,0.5,0.812536,0.812536
AC104452.1,0.75,2,1,0.5,0.717569,0.717569
AC242842.3,0.75,2,1,0.5,0.628532,0.628532
ACAA1,0.75,2,1,0.5,0.4913,0.4913
ACAD9,0.75,2,1,0.5,0.552509,0.552509
ACAT2,0.75,2,1,0.5,0.598432,0.598432
ACLY,0.75,2,1,0.5,0.749586,0.749586
ACOT9,0.75,2,1,0.5,0.684622,0.684622
ACSM5,0.75,2,1,0.5,0.597303,0.597303
ACY3,0.75,2,1,0.5,0.49321,0.49321
ADAM15,0.75,2,1,0.5,0.626951,0.626951
ADAM21,0.75,2,1,0.5,0.41753,0.41753
ADCK2,0.75,2,1,0.5,0.789085,0.789085
ADCK5,0.75,2,1,0.5,0.426235,0.426235
ADCY4,0.75,2,1,0.5,0.80425,0.80425
ADGRA1,0.75,2,1,0.5,0.487137,0.487137
ADGRG1,0.75,2,1,0.5,0.631082,0.631082
ADGRL1,0.75,2,1,0.5,0.440234,0.440234
ADH5,0.75,2,1,0.5,0.440855,0.440855
ADNP,0.75,2,1,0.5,0.448977,0.448977
ADPGK,0.75,2,1,0.5,0.475793,0.475793
ADRA1A,0.75,2,1,0.5,0.701151,0.701151
AFG1L,0.75,2,1,0.5,0.496749,0.496749
AGBL1,0.75,2,1,0.5,0.758657,0.758657
AGO3,0.75,2,1,0.5,0.798798,0.798798
AGPAT3,0.75,2,1,0.5,0.6068,0.6068
AGTR2,0.75,2,1,0.5,0.487074,0.487074
AHSG,0.75,2,1,0.5,0.827286,0.827286
AKAP1,0.75,2,1,0.5,0.466209,0.466209
AKAP3,0.75,2,1,0.5,0.514537,0.514537
AKAP4,0.75,2,1,0.5,0.624649,0.624649
ALDH2,0.75,2,1,0.5,0.49424,0.49424
ALDOB,0.75,2,1,0.5,0.4957,0.4957
ALG2,0.75,2,1,0.5,0.583973,0.583973
ALG9,0.75,2,1,0.5,0.641809,0.641809
ALKBH3,0.75,2,1,0.5,0.616584,0.616584
ALOXE3,0.75,2,1,0.5,0.706518,0.706518
AMOTL2,0.75,2,1,0.5,0.490533,0.490533
ANAPC10,0.75,2,1,0.5,0.542227,0.542227
ANKRD35,0.75,2,1,0.5,0.825884,0.825884
ANTXR1,0.75,2,1,0.5,0.486526,0.486526
ANXA3,0.75,2,1,0.5,0.774836,0.774836
ANXA9,0.75,2,1,0.5,0.584106,0.584106
AOC2,0.75,2,1,0.5,0.495676,0.495676
AP000769.5,0.75,2,1,0.5,0.495752,0.495752
AP001781.2,0.75,2,1,0.5,0.75196,0.75196
AP5Z1,0.75,2,1,0.5,0.527773,0.527773
APBB3,0.75,2,1,0.5,0.496082,0.496082
APH1B,0.75,2,1,0.5,0.708558,0.708558
APOA2,0.75,2,1,0.5,0.561863,0.561863
APOA4,0.75,2,1,0.5,0.495727,0.495727
APOBEC3A,0.75,2,1,0.5,0.431486,0.431486
APOBEC3F,0.75,2,1,0.5,0.651837,0.651837
APP,0.75,2,1,0.5,0.599475,0.599475
APPBP2,0.75,2,1,0.5,0.484366,0.484366
AQP8,0.75,2,1,0.5,0.684303,0.684303
ARAP1,0.75,2,1,0.5,0.455789,0.455789
ARCN1,0.75,2,1,0.5,0.518671,0.518671
ARFIP1,0.75,2,1,0.5,0.478509,0.478509
ARFIP2,0.75,2,1,0.5,0.553725,0.553725
ARG1,0.75,2,1,0.5,0.463244,0.463244
ARHGAP20,0.75,2,1,0.5,0.52403,0.52403
ARHGAP31,0.75,2,1,0.5,0.533327,0.533327
ARHGDIA,0.75,2,1,0.5,0.495148,0.495148
ARID5B,0.75,2,1,0.5,0.68312,0.68312
ARL4A,0.75,2,1,0.5,0.680656,0.680656
ARL6,0.75,2,1,0.5,0.742211,0.742211
ARL8A,0.75,2,1,0.5,0.848556,0.848556
ARL8B,0.75,2,1,0.5,0.582721,0.582721
ARMC12,0.75,2,1,0.5,0.46134,0.46134
ARMCX1,0.75,2,1,0.5,0.616631,0.616631
ARMH3,0.75,2,1,0.5,0.486383,0.486383
ARNTL,0.75,2,1,0.5,0.548772,0.548772
ARPIN,0.75,2,1,0.5,0.513734,0.513734
ARRDC4,0.75,2,1,0.5,0.688567,0.688567
ASAP2,0.75,2,1,0.5,0.489874,0.489874
ASB17,0.75,2,1,0.5,0.6837,0.6837
ASB9,0.75,2,1,0.5,0.699599,0.699599
ASGR2,0.75,2,1,0.5,0.475754,0.475754
ATG16L2,0.75,2,1,0.5,0.494324,0.494324
ATG4B,0.75,2,1,0.5,0.495123,0.495123
ATP23,0.75,2,1,0.5,0.589386,0.589386
ATP5F1C,0.75,2,1,0.5,0.628139,0.628139
ATP5IF1,0.75,2,1,0.5,0.688233,0.688233
ATP5MC1,0.75,2,1,0.5,0.496139,0.496139
ATXN7L2,0.75,2,1,0.5,0.41124,0.41124
ATXN7L3,0.75,2,1,0.5,0.658932,0.658932
AWAT2,0.75,2,1,0.5,0.41396,0.41396
AXIN2,0.75,2,1,0.5,0.516486,0.516486
AZU1,0.75,2,1,0.5,0.761533,0.761533
B3GALT2,0.75,2,1,0.5,0.779952,0.779952
B3GNT3,0.75,2,1,0.5,0.628942,0.628942
BAG4,0.75,2,1,0.5,0.57912,0.57912
BAIAP2,0.75,2,1,0.5,0.605434,0.605434
BCL2L14,0.75,2,1,0.5,0.642231,0.642231
BCLAF1,0.75,2,1,0.5,0.533455,0.533455
BDKRB1,0.75,2,1,0.5,0.691115,0.691115
BDNF,0.75,2,1,0.5,0.56578,0.56578
BICRAL,0.75,2,1,0.5,0.467157,0.467157
BIK,0.75,2,1,0.5,0.516729,0.516729
BIRC2,0.75,2,1,0.5,0.505189,0.505189
BMI1,0.75,2,1,0.5,0.420938,0.420938
BMP1,0.75,2,1,0.5,0.599637,0.599637
BMPR1A,0.75,2,1,0.5,0.753585,0.753585
BPI,0.75,2,1,0.5,0.71384,0.71384
BPNT2,0.75,2,1,0.5,0.730494,0.730494
BRD9,0.75,2,1,0.5,0.607039,0.607039
BST2,0.75,2,1,0.5,0.495706,0.495706
BTBD3,0.75,2,1,0.5,0.755077,0.755077
BTNL3,0.75,2,1,0.5,0.494843,0.494843
C12orf54,0.75,2,1,0.5,0.816517,0.816517
C15orf39,0.75,2,1,0.5,0.481768,0.481768
C19orf18,0.75,2,1,0.5,0.597302,0.597302
C19orf57,0.75,2,1,0.5,0.389995,0.389995
C1QA,0.75,2,1,0.5,0.489238,0.489238
C1QTNF5,0.75,2,1,0.5,0.494478,0.494478
C1QTNF8,0.75,2,1,0.5,0.481971,0.481971
C1R,0.75,2,1,0.5,0.495332,0.495332
C1orf100,0.75,2,1,0.5,0.816525,0.816525
C1orf112,0.75,2,1,0.5,0.580356,0.580356
C1orf127,0.75,2,1,0.5,0.491379,0.491379
C1orf141,0.75,2,1,0.5,0.441582,0.441582
C1orf198,0.75,2,1,0.5,0.413663,0.413663
C1orf210,0.75,2,1,0.5,0.851257,0.851257
C1orf87,0.75,2,1,0.5,0.582009,0.582009
C20orf27,0.75,2,1,0.5,0.598659,0.598659
C3P1,0.75,2,1,0.5,0.833021,0.833021
C5AR1,0.75,2,1,0.5,0.564479,0.564479
C5orf22,0.75,2,1,0.5,0.662618,0.662618
C6orf201,0.75,2,1,0.5,0.649116,0.649116
C7orf57,0.75,2,1,0.5,0.451086,0.451086
C8orf58,0.75,2,1,0.5,0.694293,0.694293
C9orf129,0.75,2,1,0.5,0.582148,0.582148
CA5A,0.75,2,1,0.5,0.81011,0.81011
CABLES1,0.75,2,1,0.5,0.581154,0.581154
CACNG2,0.75,2,1,0.5,0.461671,0.461671
CACNG8,0.75,2,1,0.5,0.486847,0.486847
CACUL1,0.75,2,1,0.5,0.711192,0.711192
CALCRL,0.75,2,1,0.5,0.600496,0.600496
CALHM5,0.75,2,1,0.5,0.414028,0.414028
CALM1,0.75,2,1,0.5,0.593069,0.593069
CALR,0.75,2,1,0.5,0.503666,0.503666
CAMK2D,0.75,2,1,0.5,0.666368,0.666368
CAMK4,0.75,2,1,0.5,0.676517,0.676517
CAPZA1,0.75,2,1,0.5,0.664273,0.664273
CARTPT,0.75,2,1,0.5,0.778792,0.778792
CASP4,0.75,2,1,0.5,0.570644,0.570644
CATSPER3,0.75,2,1,0.5,0.689293,0.689293
CBX5,0.75,2,1,0.5,0.499722,0.499722
CBX6,0.75,2,1,0.5,0.480282,0.480282
CCDC113,0.75,2,1,0.5,0.548403,0.548403
CCDC115,0.75,2,1,0.5,0.633677,0.633677
CCDC130,0.75,2,1,0.5,0.495133,0.495133
CCDC151,0.75,2,1,0.5,0.504087,0.504087
CCDC191,0.75,2,1,0.5,0.694162,0.694162
CCDC42,0.75,2,1,0.5,0.837287,0.837287
CCDC73,0.75,2,1,0.5,0.835566,0.835566
CCDC82,0.75,2,1,0.5,0.775731,0.775731
CCDC90B,0.75,2,1,0.5,0.621066,0.621066
CCDC91,0.75,2,1,0.5,0.81437,0.81437
CCN1,0.75,2,1,0.5,0.495008,0.495008
CCNA1,0.75,2,1,0.5,0.495877,0.495877
CCND2,0.75,2,1,0.5,0.847607,0.847607
CCNT1,0.75,2,1,0.5,0.670726,0.670726
CCP110,0.75,2,1,0.5,0.474195,0.474195
CCR3,0.75,2,1,0.5,0.806779,0.806779
CCR8,0.75,2,1,0.5,0.501614,0.501614
CD2,0.75,2,1,0.5,0.567002,0.567002
CD244,0.75,2,1,0.5,0.737802,0.737802
CD28,0.75,2,1,0.5,0.496994,0.496994
CD300C,0.75,2,1,0.5,0.748315,0.748315
CD5L,0.75,2,1,0.5,0.828782,0.828782
CD80,0.75,2,1,0.5,0.490883,0.490883
CDAN1,0.75,2,1,0.5,0.490657,0.490657
CDC25A,0.75,2,1,0.5,0.844984,0.844984
CDH3,0.75,2,1,0.5,0.562374,0.562374
CDH6,0.75,2,1,0.5,0.492037,0.492037
CDK1,0.75,2,1,0.5,0.49568,0.49568
CDK14,0.75,2,1,0.5,0.610879,0.610879
CDKL2,0.75,2,1,0.5,0.652053,0.652053
CDKN1B,0.75,2,1,0.5,0.530921,0.530921
CDKN2C,0.75,2,1,0.5,0.720313,0.720313
CDS1,0.75,2,1,0.5,0.48817,0.48817
CEACAM19,0.75,2,1,0.5,0.495811,0.495811
CEBPE,0.75,2,1,0.5,0.491991,0.491991
CELA3A,0.75,2,1,0.5,0.854955,0.854955
CELF2,0.75,2,1,0.5,0.455786,0.455786
CELF4,0.75,2,1,0.5,0.823427,0.823427
CEP192,0.75,2,1,0.5,0.597164,0.597164
CEP44,0.75,2,1,0.5,0.589807,0.589807
CERS4,0.75,2,1,0.5,0.482573,0.482573
CES2,0.75,2,1,0.5,0.687105,0.687105
CETN1,0.75,2,1,0.5,0.460205,0.460205
CFAP157,0.75,2,1,0.5,0.695693,0.695693
CFAP69,0.75,2,1,0.5,0.86841,0.86841
CFAP92,0.75,2,1,0.5,0.855244,0.855244
CFDP1,0.75,2,1,0.5,0.779697,0.779697
CFHR4,0.75,2,1,0.5,0.495744,0.495744
CFHR5,0.75,2,1,0.5,0.497043,0.497043
CGNL1,0.75,2,1,0.5,0.522181,0.522181
CHCHD2P9,0.75,2,1,0.5,0.48175,0.48175
CHID1,0.75,2,1,0.5,0.666952,0.666952
CHKB,0.75,2,1,0.5,0.494966,0.494966
CHRM4,0.75,2,1,0.5,0.495638,0.495638
CIBAR1,0.75,2,1,0.5,0.470592,0.470592
CIRBP,0.75,2,1,0.5,0.430904,0.430904
CITED1,0.75,2,1,0.5,0.441466,0.441466
CKM,0.75,2,1,0.5,0.63745,0.63745
CLBA1,0.75,2,1,0.5,0.7389,0.7389
CLCA4,0.75,2,1,0.5,0.56158,0.56158
CLDN11,0.75,2,1,0.5,0.504922,0.504922
CLEC4C,0.75,2,1,0.5,0.562768,0.562768
CLEC4E,0.75,2,1,0.5,0.616776,0.616776
CLEC4F,0.75,2,1,0.5,0.421006,0.421006
CLEC9A,0.75,2,1,0.5,0.641444,0.641444
CLK2,0.75,2,1,0.5,0.537578,0.537578
CLPP,0.75,2,1,0.5,0.747496,0.747496
CLVS1,0.75,2,1,0.5,0.492793,0.492793
CMC2,0.75,2,1,0.5,0.552056,0.552056
CMSS1,0.75,2,1,0.5,0.52903,0.52903
CNIH3,0.75,2,1,0.5,0.526563,0.526563
CNMD,0.75,2,1,0.5,0.46969,0.46969
CNOT10,0.75,2,1,0.5,0.498083,0.498083
CNR2,0.75,2,1,0.5,0.47517,0.47517
COG8,0.75,2,1,0.5,0.676539,0.676539
COL9A1,0.75,2,1,0.5,0.650356,0.650356
COLEC11,0.75,2,1,0.5,0.486782,0.486782
COMP,0.75,2,1,0.5,0.409852,0.409852
COQ4,0.75,2,1,0.5,0.562976,0.562976
CPED1,0.75,2,1,0.5,0.49028,0.49028
CPSF7,0.75,2,1,0.5,0.507313,0.507313
CPXM1,0.75,2,1,0.5,0.682694,0.682694
CRAT,0.75,2,1,0.5,0.488175,0.488175
CRELD1,0.75,2,1,0.5,0.719083,0.719083
CRISPLD1,0.75,2,1,0.5,0.510919,0.510919
CRMP1,0.75,2,1,0.5,0.712077,0.712077
CRNKL1,0.75,2,1,0.5,0.528121,0.528121
CRTC1,0.75,2,1,0.5,0.809549,0.809549
CRTC3,0.75,2,1,0.5,0.699138,0.699138
CRYBB2,0.75,2,1,0.5,0.712346,0.712346
CRYGD,0.75,2,1,0.5,0.49136,0.49136
CRYGS,0.75,2,1,0.5,0.765279,0.765279
CSK,0.75,2,1,0.5,0.488062,0.488062
CSN1S1,0.75,2,1,0.5,0.602708,0.602708
CSN3,0.75,2,1,0.5,0.748274,0.748274
CSNK1A1,0.75,2,1,0.5,0.848979,0.848979
CST3,0.75,2,1,0.5,0.689834,0.689834
CSTA,0.75,2,1,0.5,0.726953,0.726953
CTCFL,0.75,2,1,0.5,0.440959,0.440959
CTDNEP1,0.75,2,1,0.5,0.537527,0.537527
CTDSP1,0.75,2,1,0.5,0.72176,0.72176
CTH,0.75,2,1,0.5,0.546789,0.546789
CTNNAL1,0.75,2,1,0.5,0.839779,0.839779
CTNNB1,0.75,2,1,0.5,0.860408,0.860408
CTPS1,0.75,2,1,0.5,0.661163,0.661163
CTRB1,0.75,2,1,0.5,0.590354,0.590354
CTSL,0.75,2,1,0.5,0.545002,0.545002
CTSV,0.75,2,1,0.5,0.704056,0.704056
CTU2,0.75,2,1,0.5,0.477222,0.477222
CUEDC1,0.75,2,1,0.5,0.665097,0.665097
CUL4B,0.75,2,1,0.5,0.726154,0.726154
CXorf58,0.75,2,1,0.5,0.674168,0.674168
CXorf65,0.75,2,1,0.5,0.486389,0.486389
CXorf66,0.75,2,1,0.5,0.668686,0.668686
CYB5D1,0.75,2,1,0.5,0.513448,0.513448
CYB5D2,0.75,2,1,0.5,0.603553,0.603553
CYP1B1,0.75,2,1,0.5,0.493825,0.493825
CYP2U1,0.75,2,1,0.5,0.430505,0.430505
CYP46A1,0.75,2,1,0.5,0.46599,0.46599
CYSLTR2,0.75,2,1,0.5,0.530765,0.530765
DACH2,0.75,2,1,0.5,0.495033,0.495033
DACT1,0.75,2,1,0.5,0.487861,0.487861
DAPK3,0.75,2,1,0.5,0.456985,0.456985
DCAF12,0.75,2,1,0.5,0.823353,0.823353
DCAF15,0.75,2,1,0.5,0.559271,0.559271
DCTN4,0.75,2,1,0.5,0.500697,0.500697
DCUN1D1,0.75,2,1,0.5,0.792731,0.792731
DDOST,0.75,2,1,0.5,0.634405,0.634405
DDX19B,0.75,2,1,0.5,0.651408,0.651408
DDX24,0.75,2,1,0.5,0.783626,0.783626
DDX31,0.75,2,1,0.5,0.455852,0.455852
DDX49,0.75,2,1,0.5,0.471889,0.471889
DDX5,0.75,2,1,0.5,0.408884,0.408884
DEDD,0.75,2,1,0.5,0.604218,0.604218
DEF8,0.75,2,1,0.5,0.479449,0.479449
DEFB110,0.75,2,1,0.5,0.615329,0.615329
DEFB118,0.75,2,1,0.5,0.48286,0.48286
DENND2D,0.75,2,1,0.5,0.616189,0.616189
DEPDC1,0.75,2,1,0.5,0.513488,0.513488
DHRS9,0.75,2,1,0.5,0.492303,0.492303
DHX29,0.75,2,1,0.5,0.556929,0.556929
DLGAP5,0.75,2,1,0.5,0.490284,0.490284
DLL4,0.75,2,1,0.5,0.433128,0.433128
DLST,0.75,2,1,0.5,0.494903,0.494903
DNAJC4,0.75,2,1,0.5,0.600062,0.600062
DNAJC5,0.75,2,1,0.5,0.495426,0.495426
DNAJC5G,0.75,2,1,0.5,0.496723,0.496723
DNASE1,0.75,2,1,0.5,0.635927,0.635927
DNPEP,0.75,2,1,0.5,0.638596,0.638596
DONSON,0.75,2,1,0.5,0.578226,0.578226
DOT1L,0.75,2,1,0.5,0.596855,0.596855
DPAGT1,0.75,2,1,0.5,0.679866,0.679866
DPCD,0.75,2,1,0.5,0.647435,0.647435
DPM1,0.75,2,1,0.5,0.594836,0.594836
DPY19L1,0.75,2,1,0.5,0.719547,0.719547
DRC3,0.75,2,1,0.5,0.478593,0.478593
DUSP19,0.75,2,1,0.5,0.487607,0.487607
DUSP21,0.75,2,1,0.5,0.826525,0.826525
DUSP5,0.75,2,1,0.5,0.495724,0.495724
DYM,0.75,2,1,0.5,0.818339,0.818339
DYRK1B,0.75,2,1,0.5,0.518135,0.518135
ECD,0.75,2,1,0.5,0.732325,0.732325
ECE1,0.75,2,1,0.5,0.550685,0.550685
EDEM2,0.75,2,1,0.5,0.525955,0.525955
EEF1D,0.75,2,1,0.5,0.421819,0.421819
EEF1E1,0.75,2,1,0.5,0.483855,0.483855
EFS,0.75,2,1,0.5,0.559904,0.559904
EID3,0.75,2,1,0.5,0.523928,0.523928
EIF3E,0.75,2,1,0.5,0.599706,0.599706
EIF3H,0.75,2,1,0.5,0.759995,0.759995
EIF4E,0.75,2,1,0.5,0.592242,0.592242
EIF4E1B,0.75,2,1,0.5,0.508484,0.508484
EIF5B,0.75,2,1,0.5,0.478224,0.478224
ELF5,0.75,2,1,0.5,0.757136,0.757136
ENAH,0.75,2,1,0.5,0.679615,0.679615
EPB41,0.75,2,1,0.5,0.460713,0.460713
EPS15L1,0.75,2,1,0.5,0.601695,0.601695
EPS8L2,0.75,2,1,0.5,0.497541,0.497541
ERC1,0.75,2,1,0.5,0.707206,0.707206
ERMARD,0.75,2,1,0.5,0.495838,0.495838
ERRFI1,0.75,2,1,0.5,0.553389,0.553389
ESAM,0.75,2,1,0.5,0.740148,0.740148
ESPNL,0.75,2,1,0.5,0.467491,0.467491
ESS2,0.75,2,1,0.5,0.591543,0.591543
ETV1,0.75,2,1,0.5,0.651729,0.651729
ETV3L,0.75,2,1,0.5,0.668692,0.668692
ETV5,0.75,2,1,0.5,0.774626,0.774626
EXOC3L4,0.75,2,1,0.5,0.49446,0.49446
EXOSC4,0.75,2,1,0.5,0.515462,0.515462
EXOSC8,0.75,2,1,0.5,0.757434,0.757434
EYA2,0.75,2,1,0.5,0.491416,0.491416
EZHIP,0.75,2,1,0.5,0.495757,0.495757
F2RL2,0.75,2,1,0.5,0.438791,0.438791
FAAH,0.75,2,1,0.5,0.468368,0.468368
FAF2,0.75,2,1,0.5,0.71181,0.71181
FAM111A,0.75,2,1,0.5,0.618337,0.618337
FAM149A,0.75,2,1,0.5,0.497006,0.497006
FAM171B,0.75,2,1,0.5,0.481952,0.481952
FAM172A,0.75,2,1,0.5,0.495707,0.495707
FAM183BP,0.75,2,1,0.5,0.545662,0.545662
FAM20A,0.75,2,1,0.5,0.782142,0.782142
FAM217A,0.75,2,1,0.5,0.482813,0.482813
FAM222B,0.75,2,1,0.5,0.495362,0.495362
FAM241A,0.75,2,1,0.5,0.549358,0.549358
FAM71E1,0.75,2,1,0.5,0.454158,0.454158
FAM78B,0.75,2,1,0.5,0.611913,0.611913
FAM83F,0.75,2,1,0.5,0.490521,0.490521
FBLN7,0.75,2,1,0.5,0.486407,0.486407
FBXL14,0.75,2,1,0.5,0.508744,0.508744
FBXO10,0.75,2,1,0.5,0.507992,0.507992
FBXO39,0.75,2,1,0.5,0.662811,0.662811
FBXO4,0.75,2,1,0.5,0.689845,0.689845
FCGR2A,0.75,2,1,0.5,0.814924,0.814924
FCGR2C,0.75,2,1,0.5,0.605934,0.605934
FCGRT,0.75,2,1,0.5,0.495268,0.495268
FCHSD2,0.75,2,1,0.5,0.665494,0.665494
FEM1C,0.75,2,1,0.5,0.495835,0.495835
FER1L5,0.75,2,1,0.5,0.495602,0.495602
FEZF2,0.75,2,1,0.5,0.549096,0.549096
FFAR1,0.75,2,1,0.5,0.578655,0.578655
FGF18,0.75,2,1,0.5,0.4957,0.4957
FGR,0.75,2,1,0.5,0.473839,0.473839
FKBP1A,0.75,2,1,0.5,0.497931,0.497931
FKBP5,0.75,2,1,0.5,0.492144,0.492144
FLAD1,0.75,2,1,0.5,0.844254,0.844254
FMO2,0.75,2,1,0.5,0.581978,0.581978
FNDC7,0.75,2,1,0.5,0.859698,0.859698
FOLH1B,0.75,2,1,0.5,0.684775,0.684775
FOXJ1,0.75,2,1,0.5,0.684182,0.684182
FOXL2,0.75,2,1,0.5,0.652088,0.652088
FOXL2NB,0.75,2,1,0.5,0.631938,0.631938
FOXN3,0.75,2,1,0.5,0.461519,0.461519
FOXRED2,0.75,2,1,0.5,0.68893,0.68893
FRMD8,0.75,2,1,0.5,0.448929,0.448929
FSCN3,0.75,2,1,0.5,0.49574,0.49574
FYN,0.75,2,1,0.5,0.841034,0.841034
FYTTD1,0.75,2,1,0.5,0.499677,0.499677
FZD2,0.75,2,1,0.5,0.495678,0.495678
FZD5,0.75,2,1,0.5,0.414059,0.414059
FZR1,0.75,2,1,0.5,0.499915,0.499915
G2E3,0.75,2,1,0.5,0.495149,0.495149
GABPB1,0.75,2,1,0.5,0.496121,0.496121
GABRG1,0.75,2,1,0.5,0.658698,0.658698
GAD2,0.75,2,1,0.5,0.495528,0.495528
GAL3ST2,0.75,2,1,0.5,0.455821,0.455821
GAMT,0.75,2,1,0.5,0.436053,0.436053
GANC,0.75,2,1,0.5,0.495491,0.495491
GATA1,0.75,2,1,0.5,0.488723,0.488723
GBX2,0.75,2,1,0.5,0.784057,0.784057
GCLC,0.75,2,1,0.5,0.497978,0.497978
GDA,0.75,2,1,0.5,0.587314,0.587314
GDAP1L1,0.75,2,1,0.5,0.497081,0.497081
GDPD2,0.75,2,1,0.5,0.405422,0.405422
GEMIN2,0.75,2,1,0.5,0.655461,0.655461
GEMIN8,0.75,2,1,0.5,0.739715,0.739715
GGCX,0.75,2,1,0.5,0.557505,0.557505
GGT5,0.75,2,1,0.5,0.443349,0.443349
GIGYF1,0.75,2,1,0.5,0.728457,0.728457
GIPR,0.75,2,1,0.5,0.633861,0.633861
GJA4,0.75,2,1,0.5,0.506177,0.506177
GJA9,0.75,2,1,0.5,0.577738,0.577738
GK,0.75,2,1,0.5,0.488941,0.488941
GKN1,0.75,2,1,0.5,0.482727,0.482727
GLB1L,0.75,2,1,0.5,0.818232,0.818232
GLMP,0.75,2,1,0.5,0.497231,0.497231
GLRX,0.75,2,1,0.5,0.637158,0.637158
GLT1D1,0.75,2,1,0.5,0.641838,0.641838
GLYATL2,0.75,2,1,0.5,0.590417,0.590417
GMFG,0.75,2,1,0.5,0.481458,0.481458
GMPR,0.75,2,1,0.5,0.49553,0.49553
GMPR2,0.75,2,1,0.5,0.427994,0.427994
GNA11,0.75,2,1,0.5,0.495577,0.495577
GNA12,0.75,2,1,0.5,0.608784,0.608784
GNAL,0.75,2,1,0.5,0.502436,0.502436
GOLGA5,0.75,2,1,0.5,0.660768,0.660768
GP9,0.75,2,1,0.5,0.495693,0.495693
GPAT3,0.75,2,1,0.5,0.434827,0.434827
GPC5,0.75,2,1,0.5,0.489841,0.489841
GPHN,0.75,2,1,0.5,0.436537,0.436537
GPKOW,0.75,2,1,0.5,0.729966,0.729966
GPR101,0.75,2,1,0.5,0.436339,0.436339
GPR149,0.75,2,1,0.5,0.400502,0.400502
GPR173,0.75,2,1,0.5,0.719015,0.719015
GPR183,0.75,2,1,0.5,0.470366,0.470366
GPR32,0.75,2,1,0.5,0.560152,0.560152
GPR63,0.75,2,1,0.5,0.495943,0.495943
GPS2,0.75,2,1,0.5,0.472463,0.472463
GPX1,0.75,2,1,0.5,0.694134,0.694134
GRIN3B,0.75,2,1,0.5,0.50005,0.50005
GRSF1,0.75,2,1,0.5,0.559104,0.559104
GSDMD,0.75,2,1,0.5,0.49576,0.49576
GSE1,0.75,2,1,0.5,0.495713,0.495713
GSK3B,0.75,2,1,0.5,0.495717,0.495717
GSTM3,0.75,2,1,0.5,0.509062,0.509062
GSTO2,0.75,2,1,0.5,0.454817,0.454817
GTF2B,0.75,2,1,0.5,0.586315,0.586315
GTPBP4,0.75,2,1,0.5,0.49574,0.49574
GUSB,0.75,2,1,0.5,0.721259,0.721259
GYG2,0.75,2,1,0.5,0.490251,0.490251
GYPA,0.75,2,1,0.5,0.592645,0.592645
H2AC11,0.75,2,1,0.5,0.49304,0.49304
H2AP,0.75,2,1,0.5,0.811385,0.811385
H2BW1,0.75,2,1,0.5,0.620932,0.620932
H3-3A,0.75,2,1,0.5,0.496341,0.496341
HABP4,0.75,2,1,0.5,0.832822,0.832822
HAO2,0.75,2,1,0.5,0.8022,0.8022
HAPLN3,0.75,2,1,0.5,0.51569,0.51569
HAUS5,0.75,2,1,0.5,0.609305,0.609305
HBP1,0.75,2,1,0.5,0.562926,0.562926
HCST,0.75,2,1,0.5,0.496106,0.496106
HDAC4,0.75,2,1,0.5,0.479811,0.479811
HERPUD1,0.75,2,1,0.5,0.647163,0.647163
HEY2,0.75,2,1,0.5,0.474086,0.474086
HIC2,0.75,2,1,0.5,0.451363,0.451363
HLA-DQA2,0.75,2,1,0.5,0.711067,0.711067
HLA-DRA,0.75,2,1,0.5,0.480894,0.480894
HMCES,0.75,2,1,0.5,0.733883,0.733883
HMG20A,0.75,2,1,0.5,0.775087,0.775087
HMGB4,0.75,2,1,0.5,0.607374,0.607374
HMGN2P46,0.75,2,1,0.5,0.506092,0.506092
HMMR,0.75,2,1,0.5,0.504181,0.504181
HNRNPH2,0.75,2,1,0.5,0.624126,0.624126
HNRNPL,0.75,2,1,0.5,0.493639,0.493639
HOMER3,0.75,2,1,0.5,0.495658,0.495658
HORMAD1,0.75,2,1,0.5,0.510138,0.510138
HORMAD2,0.75,2,1,0.5,0.530316,0.530316
HOXA7,0.75,2,1,0.5,0.846145,0.846145
HOXD4,0.75,2,1,0.5,0.799867,0.799867
HPDL,0.75,2,1,0.5,0.495069,0.495069
HPS1,0.75,2,1,0.5,0.47823,0.47823
HPS4,0.75,2,1,0.5,0.477904,0.477904
HSPA4,0.75,2,1,0.5,0.476552,0.476552
HSPB3,0.75,2,1,0.5,0.658104,0.658104
HTR3D,0.75,2,1,0.5,0.49501,0.49501
HTRA2,0.75,2,1,0.5,0.483483,0.483483
HTRA3,0.75,2,1,0.5,0.487929,0.487929
HUS1,0.75,2,1,0.5,0.496995,0.496995
HYAL2,0.75,2,1,0.5,0.490697,0.490697
ICA1,0.75,2,1,0.5,0.651296,0.651296
IDH3G,0.75,2,1,0.5,0.492512,0.492512
IDI2,0.75,2,1,0.5,0.495659,0.495659
IFI35,0.75,2,1,0.5,0.48808,0.48808
IFNL3,0.75,2,1,0.5,0.726924,0.726924
IGBP1,0.75,2,1,0.5,0.491817,0.491817
IGDCC3,0.75,2,1,0.5,0.488494,0.488494
IGF2BP2,0.75,2,1,0.5,0.480725,0.480725
IGHV1-18,0.75,2,1,0.5,0.733274,0.733274
IGHV2-26,0.75,2,1,0.5,0.401076,0.401076
IGHV3-11,0.75,2,1,0.5,0.52548,0.52548
IGHV3-33,0.75,2,1,0.5,0.483085,0.483085
IGKJ1,0.75,2,1,0.5,0.713743,0.713743
IGKV1-16,0.75,2,1,0.5,0.835047,0.835047
IGLV3-1,0.75,2,1,0.5,0.537605,0.537605
IGLV3-25,0.75,2,1,0.5,0.778691,0.778691
IHH,0.75,2,1,0.5,0.486768,0.486768
IL17RE,0.75,2,1,0.5,0.465132,0.465132
IL1A,0.75,2,1,0.5,0.86672,0.86672
IL2,0.75,2,1,0.5,0.467994,0.467994
IL36RN,0.75,2,1,0.5,0.513438,0.513438
IL7,0.75,2,1,0.5,0.817542,0.817542
IL9R,0.75,2,1,0.5,0.494682,0.494682
ING5,0.75,2,1,0.5,0.407908,0.407908
INHBB,0.75,2,1,0.5,0.45128,0.45128
INKA1,0.75,2,1,0.5,0.460658,0.460658
INPP5E,0.75,2,1,0.5,0.57034,0.57034
INTS5,0.75,2,1,0.5,0.495723,0.495723
INTS9,0.75,2,1,0.5,0.503644,0.503644
INVS,0.75,2,1,0.5,0.494351,0.494351
IP6K3,0.75,2,1,0.5,0.495789,0.495789
IRF1,0.75,2,1,0.5,0.586583,0.586583
IRF5,0.75,2,1,0.5,0.504171,0.504171
IRGQ,0.75,2,1,0.5,0.495712,0.495712
ISM1,0.75,2,1,0.5,0.480366,0.480366
ISX,0.75,2,1,0.5,0.639841,0.639841
ITFG2,0.75,2,1,0.5,0.498002,0.498002
ITLN1,0.75,2,1,0.5,0.758243,0.758243
JAZF1,0.75,2,1,0.5,0.80248,0.80248
JCHAIN,0.75,2,1,0.5,0.617402,0.617402
KAZALD1,0.75,2,1,0.5,0.679211,0.679211
KBTBD12,0.75,2,1,0.5,0.608688,0.608688
KBTBD6,0.75,2,1,0.5,0.545712,0.545712
KCNA6,0.75,2,1,0.5,0.495697,0.495697
KCNC3,0.75,2,1,0.5,0.495724,0.495724
KCNE5,0.75,2,1,0.5,0.490387,0.490387
KCNG2,0.75,2,1,0.5,0.434534,0.434534
KCNJ11,0.75,2,1,0.5,0.490001,0.490001
KCNK13,0.75,2,1,0.5,0.490455,0.490455
KCTD18,0.75,2,1,0.5,0.421768,0.421768
KCTD20,0.75,2,1,0.5,0.833689,0.833689
KDM1A,0.75,2,1,0.5,0.550293,0.550293
KHSRP,0.75,2,1,0.5,0.601107,0.601107
KIAA1958,0.75,2,1,0.5,0.761162,0.761162
KIAA2013,0.75,2,1,0.5,0.482331,0.482331
KIF11,0.75,2,1,0.5,0.491489,0.491489
KIF12,0.75,2,1,0.5,0.484807,0.484807
KIF2C,0.75,2,1,0.5,0.715534,0.715534
KIF5B,0.75,2,1,0.5,0.521756,0.521756
KIFBP,0.75,2,1,0.5,0.518587,0.518587
KIFC2,0.75,2,1,0.5,0.556429,0.556429
KIR2DL3,0.75,2,1,0.5,0.770185,0.770185
KLF10,0.75,2,1,0.5,0.636484,0.636484
KLF8,0.75,2,1,0.5,0.694334,0.694334
KLHDC1,0.75,2,1,0.5,0.474826,0.474826
KLHDC3,0.75,2,1,0.5,0.430277,0.430277
KLHL24,0.75,2,1,0.5,0.614386,0.614386
KLK10,0.75,2,1,0.5,0.495754,0.495754
KLK12,0.75,2,1,0.5,0.494539,0.494539
KLRF1,0.75,2,1,0.5,0.541657,0.541657
KLRG1,0.75,2,1,0.5,0.749132,0.749132
KMT5A,0.75,2,1,0.5,0.495726,0.495726
KNOP1P1,0.75,2,1,0.5,0.821606,0.821606
KPNA2,0.75,2,1,0.5,0.427738,0.427738
KRBA1,0.75,2,1,0.5,0.495658,0.495658
KRCC1,0.75,2,1,0.5,0.717706,0.717706
KRT1,0.75,2,1,0.5,0.559018,0.559018
KRT71,0.75,2,1,0.5,0.724874,0.724874
KRT80,0.75,2,1,0.5,0.503573,0.503573
KRT81,0.75,2,1,0.5,0.487839,0.487839
KRT83,0.75,2,1,0.5,0.463834,0.463834
KRTAP1-3,0.75,2,1,0.5,0.787532,0.787532
KRTAP10-11,0.75,2,1,0.5,0.723873,0.723873
KRTAP19-2,0.75,2,1,0.5,0.805481,0.805481
KRTCAP3,0.75,2,1,0.5,0.491696,0.491696
LAD1,0.75,2,1,0.5,0.495745,0.495745
LAMB2,0.75,2,1,0.5,0.455794,0.455794
LANCL1,0.75,2,1,0.5,0.815401,0.815401
LARP6,0.75,2,1,0.5,0.748637,0.748637
LCN1,0.75,2,1,0.5,0.495711,0.495711
LCN2,0.75,2,1,0.5,0.491399,0.491399
LDB2,0.75,2,1,0.5,0.626735,0.626735
LDHAL6A,0.75,2,1,0.5,0.83901,0.83901
LDHAL6B,0.75,2,1,0.5,0.471968,0.471968
LDLRAD2,0.75,2,1,0.5,0.774791,0.774791
LEMD2,0.75,2,1,0.5,0.484622,0.484622
LGALS1,0.75,2,1,0.5,0.67113,0.67113
LGALS3BP,0.75,2,1,0.5,0.860965,0.860965
LGI1,0.75,2,1,0.5,0.759665,0.759665
LHPP,0.75,2,1,0.5,0.47024,0.47024
LHX3,0.75,2,1,0.5,0.489155,0.489155
LIAS,0.75,2,1,0.5,0.77888,0.77888
LIMK2,0.75,2,1,0.5,0.733906,0.733906
LIN28A,0.75,2,1,0.5,0.505597,0.505597
LINGO3,0.75,2,1,0.5,0.473779,0.473779
LMBRD2,0.75,2,1,0.5,0.511999,0.511999
LMNB2,0.75,2,1,0.5,0.495665,0.495665
LNPK,0.75,2,1,0.5,0.839571,0.839571
LNX2,0.75,2,1,0.5,0.497639,0.497639
LOX,0.75,2,1,0.5,0.497657,0.497657
LPCAT3,0.75,2,1,0.5,0.708229,0.708229
LPCAT4,0.75,2,1,0.5,0.840621,0.840621
LRAT,0.75,2,1,0.5,0.765302,0.765302
LRG1,0.75,2,1,0.5,0.489991,0.489991
LRGUK,0.75,2,1,0.5,0.599839,0.599839
LRP2BP,0.75,2,1,0.5,0.52284,0.52284
LRRC19,0.75,2,1,0.5,0.486525,0.486525
LRRC36,0.75,2,1,0.5,0.624685,0.624685
LRRC52,0.75,2,1,0.5,0.553168,0.553168
LRRC56,0.75,2,1,0.5,0.459255,0.459255
LRRC57,0.75,2,1,0.5,0.496123,0.496123
LRRN1,0.75,2,1,0.5,0.489381,0.489381
LSMEM2,0.75,2,1,0.5,0.46142,0.46142
LUZP4,0.75,2,1,0.5,0.48939,0.48939
LY6G6F-LY6G6D,0.75,2,1,0.5,0.489236,0.489236
LYPLAL1,0.75,2,1,0.5,0.729944,0.729944
LYSMD3,0.75,2,1,0.5,0.614994,0.614994
MAD1L1,0.75,2,1,0.5,0.490132,0.490132
MADCAM1,0.75,2,1,0.5,0.495755,0.495755
MAEA,0.75,2,1,0.5,0.495643,0.495643
MAGI3,0.75,2,1,0.5,0.593913,0.593913
MAL2,0.75,2,1,0.5,0.49564,0.49564
MANSC1,0.75,2,1,0.5,0.5033,0.5033
MAP11,0.75,2,1,0.5,0.493013,0.493013
MAP2K2,0.75,2,1,0.5,0.497513,0.497513
MAP3K11,0.75,2,1,0.5,0.495628,0.495628
MAPK8,0.75,2,1,0.5,0.495506,0.495506
MAPRE2,0.75,2,1,0.5,0.701883,0.701883
MARF1,0.75,2,1,0.5,0.677581,0.677581
MARS1,0.75,2,1,0.5,0.63105,0.63105
MBD2,0.75,2,1,0.5,0.853838,0.853838
MCU,0.75,2,1,0.5,0.648737,0.648737
MDK,0.75,2,1,0.5,0.493952,0.493952
MED16,0.75,2,1,0.5,0.490062,0.490062
MED7,0.75,2,1,0.5,0.82406,0.82406
METTL1,0.75,2,1,0.5,0.659732,0.659732
METTL6,0.75,2,1,0.5,0.496484,0.496484
MFN2,0.75,2,1,0.5,0.495824,0.495824
MGME1,0.75,2,1,0.5,0.488176,0.488176
MIA,0.75,2,1,0.5,0.50315,0.50315
MICALL1,0.75,2,1,0.5,0.544165,0.544165
MICU2,0.75,2,1,0.5,0.465496,0.465496
MINK1,0.75,2,1,0.5,0.495759,0.495759
MINPP1,0.75,2,1,0.5,0.713782,0.713782
MIP,0.75,2,1,0.5,0.540384,0.540384
MIR1270,0.75,2,1,0.5,0.489289,0.489289
MIR376A2,0.75,2,1,0.5,0.495743,0.495743
MIR509-3,0.75,2,1,0.5,0.705157,0.705157
MIR516A2,0.75,2,1,0.5,0.481421,0.481421
MIR522,0.75,2,1,0.5,0.524322,0.524322
MISP,0.75,2,1,0.5,0.462971,0.462971
MLIP,0.75,2,1,0.5,0.472839,0.472839
MLLT1,0.75,2,1,0.5,0.495642,0.495642
MMP1,0.75,2,1,0.5,0.507891,0.507891
MMP28,0.75,2,1,0.5,0.734806,0.734806
MMP8,0.75,2,1,0.5,0.737607,0.737607
MOAP1,0.75,2,1,0.5,0.462521,0.462521
MOCS2,0.75,2,1,0.5,0.582359,0.582359
MON1B,0.75,2,1,0.5,0.629112,0.629112
MRI1,0.75,2,1,0.5,0.491717,0.491717
MRPL11,0.75,2,1,0.5,0.503349,0.503349
MRPL15,0.75,2,1,0.5,0.441585,0.441585
MRPL39,0.75,2,1,0.5,0.485921,0.485921
MRPL4,0.75,2,1,0.5,0.461505,0.461505
MRTO4,0.75,2,1,0.5,0.495736,0.495736
MSH2,0.75,2,1,0.5,0.496776,0.496776
MTERF1,0.75,2,1,0.5,0.59402,0.59402
MTHFR,0.75,2,1,0.5,0.71792,0.71792
MTMR10,0.75,2,1,0.5,0.438523,0.438523
MTNR1A,0.75,2,1,0.5,0.813026,0.813026
MTO1,0.75,2,1,0.5,0.586391,0.586391
MTRF1,0.75,2,1,0.5,0.494694,0.494694
MTRR,0.75,2,1,0.5,0.49962,0.49962
MXD1,0.75,2,1,0.5,0.720543,0.720543
MYB,0.75,2,1,0.5,0.787908,0.787908
MYBBP1A,0.75,2,1,0.5,0.463628,0.463628
MYBPH,0.75,2,1,0.5,0.461184,0.461184
MYEF2,0.75,2,1,0.5,0.48795,0.48795
MYL4,0.75,2,1,0.5,0.495923,0.495923
MYOD1,0.75,2,1,0.5,0.495673,0.495673
MYORG,0.75,2,1,0.5,0.495742,0.495742
MYRIP,0.75,2,1,0.5,0.550568,0.550568
N4BP2L1,0.75,2,1,0.5,0.539385,0.539385
NAAA,0.75,2,1,0.5,0.818949,0.818949
NACA,0.75,2,1,0.5,0.497253,0.497253
NADK,0.75,2,1,0.5,0.536024,0.536024
NADSYN1,0.75,2,1,0.5,0.471072,0.471072
NAMPT,0.75,2,1,0.5,0.594404,0.594404
NANS,0.75,2,1,0.5,0.709436,0.709436
NAP1L4,0.75,2,1,0.5,0.70194,0.70194
NCALD,0.75,2,1,0.5,0.788632,0.788632
NCF2,0.75,2,1,0.5,0.734461,0.734461
NCSTN,0.75,2,1,0.5,0.734728,0.734728
NDFIP1,0.75,2,1,0.5,0.606317,0.606317
NDRG2,0.75,2,1,0.5,0.496138,0.496138
NDRG4,0.75,2,1,0.5,0.660036,0.660036
NDUFAF5,0.75,2,1,0.5,0.480339,0.480339
NDUFAF6,0.75,2,1,0.5,0.603139,0.603139
NEIL1,0.75,2,1,0.5,0.533365,0.533365
NEK5,0.75,2,1,0.5,0.495101,0.495101
NEK8,0.75,2,1,0.5,0.622048,0.622048
NEMP1,0.75,2,1,0.5,0.735272,0.735272
NFAM1,0.75,2,1,0.5,0.475789,0.475789
NFE2,0.75,2,1,0.5,0.626508,0.626508
NFKBIB,0.75,2,1,0.5,0.675247,0.675247
NFKBIZ,0.75,2,1,0.5,0.51201,0.51201
NIPAL3,0.75,2,1,0.5,0.728824,0.728824
NKAIN1,0.75,2,1,0.5,0.48997,0.48997
NKAP,0.75,2,1,0.5,0.478801,0.478801
NLE1,0.75,2,1,0.5,0.495679,0.495679
NLRC3,0.75,2,1,0.5,0.69057,0.69057
NLRP6,0.75,2,1,0.5,0.477387,0.477387
NMNAT2,0.75,2,1,0.5,0.561165,0.561165
NOMO3,0.75,2,1,0.5,0.488681,0.488681
NOP53,0.75,2,1,0.5,0.638801,0.638801
NOS2,0.75,2,1,0.5,0.495686,0.495686
NOVA1,0.75,2,1,0.5,0.453696,0.453696
NPRL3,0.75,2,1,0.5,0.484269,0.484269
NR0B2,0.75,2,1,0.5,0.667291,0.667291
NR4A2,0.75,2,1,0.5,0.495732,0.495732
NSF,0.75,2,1,0.5,0.757255,0.757255
NSMCE1,0.75,2,1,0.5,0.490474,0.490474
NSMCE2,0.75,2,1,0.5,0.488882,0.488882
NT5C2,0.75,2,1,0.5,0.5259,0.5259
NTM,0.75,2,1,0.5,0.74178,0.74178
NTRK2,0.75,2,1,0.5,0.759872,0.759872
NUBPL,0.75,2,1,0.5,0.488962,0.488962
NUDCD2,0.75,2,1,0.5,0.642011,0.642011
NUDT19,0.75,2,1,0.5,0.823039,0.823039
NUFIP1,0.75,2,1,0.5,0.676251,0.676251
NUP43,0.75,2,1,0.5,0.803064,0.803064
NUP62CL,0.75,2,1,0.5,0.496211,0.496211
NUP93,0.75,2,1,0.5,0.64387,0.64387
NUTM2D,0.75,2,1,0.5,0.495638,0.495638
NXF5,0.75,2,1,0.5,0.480759,0.480759
NXPH2,0.75,2,1,0.5,0.494315,0.494315
OBP2B,0.75,2,1,0.5,0.536163,0.536163
ODAM,0.75,2,1,0.5,0.474845,0.474845
ODC1,0.75,2,1,0.5,0.495659,0.495659
OLFML3,0.75,2,1,0.5,0.489462,0.489462
OOSP2,0.75,2,1,0.5,0.576,0.576
OPA3,0.75,2,1,0.5,0.714088,0.714088
OPN4,0.75,2,1,0.5,0.406693,0.406693
OPTN,0.75,2,1,0.5,0.694786,0.694786
OR10A6,0.75,2,1,0.5,0.726142,0.726142
OR10G4,0.75,2,1,0.5,0.796738,0.796738
OR10K2,0.75,2,1,0.5,0.523855,0.523855
OR10Q1,0.75,2,1,0.5,0.711527,0.711527
OR11H1,0.75,2,1,0.5,0.662524,0.662524
OR12D3,0.75,2,1,0.5,0.633758,0.633758
OR13C2,0.75,2,1,0.5,0.742024,0.742024
OR13H1,0.75,2,1,0.5,0.488412,0.488412
OR1A1,0.75,2,1,0.5,0.493005,0.493005
OR1D2,0.75,2,1,0.5,0.509937,0.509937
OR1F1,0.75,2,1,0.5,0.418477,0.418477
OR1L8,0.75,2,1,0.5,0.704944,0.704944
OR1N2,0.75,2,1,0.5,0.484456,0.484456
OR1Q1,0.75,2,1,0.5,0.569582,0.569582
OR2A42,0.75,2,1,0.5,0.586307,0.586307
OR2B6,0.75,2,1,0.5,0.817934,0.817934
OR2C1,0.75,2,1,0.5,0.700158,0.700158
OR2J2,0.75,2,1,0.5,0.531237,0.531237
OR2S2,0.75,2,1,0.5,0.755488,0.755488
OR2T11,0.75,2,1,0.5,0.776444,0.776444
OR4C13,0.75,2,1,0.5,0.794008,0.794008
OR4C46,0.75,2,1,0.5,0.490256,0.490256
OR4D11,0.75,2,1,0.5,0.749517,0.749517
OR4D9,0.75,2,1,0.5,0.520022,0.520022
OR4K17,0.75,2,1,0.5,0.5596,0.5596
OR4X1,0.75,2,1,0.5,0.66272,0.66272
OR51B4,0.75,2,1,0.5,0.533106,0.533106
OR52A1,0.75,2,1,0.5,0.771797,0.771797
OR52N5,0.75,2,1,0.5,0.446059,0.446059
OR52W1,0.75,2,1,0.5,0.669067,0.669067
OR5M10,0.75,2,1,0.5,0.74105,0.74105
OR5R1,0.75,2,1,0.5,0.495706,0.495706
OR5T2,0.75,2,1,0.5,0.800132,0.800132
OR7C2,0.75,2,1,0.5,0.644806,0.644806
OR7E24,0.75,2,1,0.5,0.767987,0.767987
OR8B2,0.75,2,1,0.5,0.594592,0.594592
OR9Q2,0.75,2,1,0.5,0.575411,0.575411
ORC1,0.75,2,1,0.5,0.540783,0.540783
ORC2,0.75,2,1,0.5,0.691693,0.691693
OSBPL11,0.75,2,1,0.5,0.66632,0.66632
OTOS,0.75,2,1,0.5,0.430861,0.430861
P2RX2,0.75,2,1,0.5,0.494389,0.494389
P4HA1,0.75,2,1,0.5,0.516545,0.516545
PA2G4,0.75,2,1,0.5,0.576736,0.576736
PACC1,0.75,2,1,0.5,0.67764,0.67764
PACSIN2,0.75,2,1,0.5,0.530726,0.530726
PAIP1,0.75,2,1,0.5,0.83158,0.83158
PAK6,0.75,2,1,0.5,0.495728,0.495728
PAM,0.75,2,1,0.5,0.457742,0.457742
PAN2,0.75,2,1,0.5,0.577612,0.577612
PANK3,0.75,2,1,0.5,0.427968,0.427968
PAOX,0.75,2,1,0.5,0.49161,0.49161
PARD3,0.75,2,1,0.5,0.495295,0.495295
PARP15,0.75,2,1,0.5,0.495931,0.495931
PARP16,0.75,2,1,0.5,0.776172,0.776172
PARVB,0.75,2,1,0.5,0.495138,0.495138
PATZ1,0.75,2,1,0.5,0.655556,0.655556
PAX9,0.75,2,1,0.5,0.485382,0.485382
PAXIP1,0.75,2,1,0.5,0.404431,0.404431
PCDHGA5,0.75,2,1,0.5,0.473453,0.473453
PCGF1,0.75,2,1,0.5,0.506453,0.506453
PCNA,0.75,2,1,0.5,0.61052,0.61052
PCP4L1,0.75,2,1,0.5,0.477849,0.477849
PCYT1B,0.75,2,1,0.5,0.49255,0.49255
PDCD2,0.75,2,1,0.5,0.429648,0.429648
PDCL2,0.75,2,1,0.5,0.490702,0.490702
PDCL3,0.75,2,1,0.5,0.815986,0.815986
PDE1A,0.75,2,1,0.5,0.639163,0.639163
PDE1B,0.75,2,1,0.5,0.5821,0.5821
PDE4A,0.75,2,1,0.5,0.497892,0.497892
PDHX,0.75,2,1,0.5,0.495728,0.495728
PDZD9,0.75,2,1,0.5,0.75982,0.75982
PER2,0.75,2,1,0.5,0.636108,0.636108
PER3,0.75,2,1,0.5,0.769737,0.769737
PGAM5,0.75,2,1,0.5,0.520413,0.520413
PGBD5,0.75,2,1,0.5,0.602696,0.602696
PGLYRP1,0.75,2,1,0.5,0.486395,0.486395
PGLYRP4,0.75,2,1,0.5,0.778687,0.778687
PHOSPHO2,0.75,2,1,0.5,0.489965,0.489965
PI4K2A,0.75,2,1,0.5,0.495656,0.495656
PIGF,0.75,2,1,0.5,0.490602,0.490602
PIK3R4,0.75,2,1,0.5,0.693629,0.693629
PKNOX1,0.75,2,1,0.5,0.466411,0.466411
PKP4,0.75,2,1,0.5,0.723903,0.723903
PLA1A,0.75,2,1,0.5,0.495727,0.495727
PLA2G5,0.75,2,1,0.5,0.414018,0.414018
PLBD1,0.75,2,1,0.5,0.616705,0.616705
PLCD4,0.75,2,1,0.5,0.449478,0.449478
PLCXD2,0.75,2,1,0.5,0.751395,0.751395
PLEKHA2,0.75,2,1,0.5,0.494773,0.494773
PLEKHH1,0.75,2,1,0.5,0.421311,0.421311
PLEKHO1,0.75,2,1,0.5,0.7452,0.7452
PLK2,0.75,2,1,0.5,0.819743,0.819743
PLPP2,0.75,2,1,0.5,0.46236,0.46236
PLPP4,0.75,2,1,0.5,0.539542,0.539542
PLPP5,0.75,2,1,0.5,0.585733,0.585733
PLRG1,0.75,2,1,0.5,0.518822,0.518822
PLTP,0.75,2,1,0.5,0.497335,0.497335
PMVK,0.75,2,1,0.5,0.808641,0.808641
PNKD,0.75,2,1,0.5,0.545568,0.545568
PNKP,0.75,2,1,0.5,0.386221,0.386221
PNLIPRP1,0.75,2,1,0.5,0.495705,0.495705
PNMA5,0.75,2,1,0.5,0.675445,0.675445
PNOC,0.75,2,1,0.5,0.417544,0.417544
PODXL2,0.75,2,1,0.5,0.698712,0.698712
POGK,0.75,2,1,0.5,0.49553,0.49553
POLB,0.75,2,1,0.5,0.643625,0.643625
POLD1,0.75,2,1,0.5,0.473918,0.473918
POLD3,0.75,2,1,0.5,0.741762,0.741762
POLL,0.75,2,1,0.5,0.502229,0.502229
POTEA,0.75,2,1,0.5,0.580907,0.580907
POU5F1,0.75,2,1,0.5,0.642071,0.642071
POU6F1,0.75,2,1,0.5,0.610552,0.610552
PPFIA4,0.75,2,1,0.5,0.513825,0.513825
PPHLN1,0.75,2,1,0.5,0.721798,0.721798
PPIC,0.75,2,1,0.5,0.83773,0.83773
PPP1R2,0.75,2,1,0.5,0.481108,0.481108
PPP2R5C,0.75,2,1,0.5,0.465098,0.465098
PPP2R5E,0.75,2,1,0.5,0.493248,0.493248
PPP3R1,0.75,2,1,0.5,0.860902,0.860902
PRAMEF14,0.75,2,1,0.5,0.566161,0.566161
PRDM14,0.75,2,1,0.5,0.73322,0.73322
PRIM1,0.75,2,1,0.5,0.734207,0.734207
PRKCI,0.75,2,1,0.5,0.834668,0.834668
PRKCZ,0.75,2,1,0.5,0.495175,0.495175
PROCR,0.75,2,1,0.5,0.717259,0.717259
PROS1,0.75,2,1,0.5,0.469168,0.469168
PROSER1,0.75,2,1,0.5,0.860037,0.860037
PRPF3,0.75,2,1,0.5,0.59045,0.59045
PRPF31,0.75,2,1,0.5,0.495752,0.495752
PRR12,0.75,2,1,0.5,0.838884,0.838884
PRRT1,0.75,2,1,0.5,0.525634,0.525634
PRRT3,0.75,2,1,0.5,0.404029,0.404029
PRSS1,0.75,2,1,0.5,0.700189,0.700189
PRSS21,0.75,2,1,0.5,0.500302,0.500302
PRSS55,0.75,2,1,0.5,0.687535,0.687535
PSG11,0.75,2,1,0.5,0.818422,0.818422
PSMA3,0.75,2,1,0.5,0.495679,0.495679
PSMA8,0.75,2,1,0.5,0.40332,0.40332
PSMC1,0.75,2,1,0.5,0.833576,0.833576
PSMD4,0.75,2,1,0.5,0.455962,0.455962
PSMD5,0.75,2,1,0.5,0.495419,0.495419
PSMD8,0.75,2,1,0.5,0.813854,0.813854
PSME2,0.75,2,1,0.5,0.48453,0.48453
PSPC1,0.75,2,1,0.5,0.484606,0.484606
PTK2,0.75,2,1,0.5,0.768803,0.768803
PTK6,0.75,2,1,0.5,0.491112,0.491112
PTK7,0.75,2,1,0.5,0.762319,0.762319
PTPN21,0.75,2,1,0.5,0.494453,0.494453
PVRIG,0.75,2,1,0.5,0.494974,0.494974
PWP1,0.75,2,1,0.5,0.501712,0.501712
QPRT,0.75,2,1,0.5,0.539181,0.539181
QSOX2,0.75,2,1,0.5,0.634941,0.634941
R3HDM2,0.75,2,1,0.5,0.646093,0.646093
RAB11FIP3,0.75,2,1,0.5,0.530204,0.530204
RAB3IP,0.75,2,1,0.5,0.504159,0.504159
RAB7A,0.75,2,1,0.5,0.579614,0.579614
RACK1,0.75,2,1,0.5,0.495154,0.495154
RAD17,0.75,2,1,0.5,0.795906,0.795906
RAD23A,0.75,2,1,0.5,0.495481,0.495481
RAN,0.75,2,1,0.5,0.655372,0.655372
RAP1B,0.75,2,1,0.5,0.730841,0.730841
RAP1GDS1,0.75,2,1,0.5,0.753203,0.753203
RAPH1,0.75,2,1,0.5,0.479,0.479
RARG,0.75,2,1,0.5,0.667189,0.667189
RASAL1,0.75,2,1,0.5,0.778233,0.778233
RASGEF1B,0.75,2,1,0.5,0.846854,0.846854
RASL10B,0.75,2,1,0.5,0.498365,0.498365
RBM23,0.75,2,1,0.5,0.819337,0.819337
RBM26,0.75,2,1,0.5,0.497903,0.497903
RBM43,0.75,2,1,0.5,0.828001,0.828001
RBM7,0.75,2,1,0.5,0.691631,0.691631
RBMY1E,0.75,2,1,0.5,0.58491,0.58491
RCBTB1,0.75,2,1,0.5,0.470098,0.470098
RCC2,0.75,2,1,0.5,0.861958,0.861958
RCN2,0.75,2,1,0.5,0.491227,0.491227
RCOR2,0.75,2,1,0.5,0.495741,0.495741
RDX,0.75,2,1,0.5,0.525662,0.525662
REEP1,0.75,2,1,0.5,0.494948,0.494948
REG1B,0.75,2,1,0.5,0.811044,0.811044
RELT,0.75,2,1,0.5,0.585153,0.585153
RFC5,0.75,2,1,0.5,0.719068,0.719068
RFPL3,0.75,2,1,0.5,0.539833,0.539833
RFT1,0.75,2,1,0.5,0.495747,0.495747
RGS14,0.75,2,1,0.5,0.784689,0.784689
RGS17,0.75,2,1,0.5,0.390893,0.390893
RGS9BP,0.75,2,1,0.5,0.495656,0.495656
RHBDD1,0.75,2,1,0.5,0.495747,0.495747
RHBDF1,0.75,2,1,0.5,0.459047,0.459047
RHOD,0.75,2,1,0.5,0.688623,0.688623
RHPN2,0.75,2,1,0.5,0.686176,0.686176
RIN1,0.75,2,1,0.5,0.79702,0.79702
RIPK3,0.75,2,1,0.5,0.486061,0.486061
RIPOR3,0.75,2,1,0.5,0.42591,0.42591
RNASE7,0.75,2,1,0.5,0.495404,0.495404
RNF113B,0.75,2,1,0.5,0.474113,0.474113
RNF141,0.75,2,1,0.5,0.546449,0.546449
RNF145,0.75,2,1,0.5,0.697441,0.697441
RNF183,0.75,2,1,0.5,0.494603,0.494603
RNF19B,0.75,2,1,0.5,0.658735,0.658735
RNF217,0.75,2,1,0.5,0.493672,0.493672
RNF31,0.75,2,1,0.5,0.81735,0.81735
RNF6,0.75,2,1,0.5,0.730976,0.730976
RNPEPL1,0.75,2,1,0.5,0.493177,0.493177
RORA,0.75,2,1,0.5,0.725094,0.725094
RPE65,0.75,2,1,0.5,0.640519,0.640519
RPH3AL,0.75,2,1,0.5,0.628691,0.628691
RPL10,0.75,2,1,0.5,0.495748,0.495748
RPL10L,0.75,2,1,0.5,0.668598,0.668598
RPL26P30,0.75,2,1,0.5,0.496033,0.496033
RPL39,0.75,2,1,0.5,0.489922,0.489922
RPL7A,0.75,2,1,0.5,0.516089,0.516089
RPLP2,0.75,2,1,0.5,0.486587,0.486587
RPP30,0.75,2,1,0.5,0.758618,0.758618
RPRD1A,0.75,2,1,0.5,0.416066,0.416066
RPS10-NUDT3,0.75,2,1,0.5,0.452003,0.452003
RPS9,0.75,2,1,0.5,0.488788,0.488788
RRAGA,0.75,2,1,0.5,0.496148,0.496148
RRH,0.75,2,1,0.5,0.801418,0.801418
RRM2,0.75,2,1,0.5,0.479767,0.479767
RS1,0.75,2,1,0.5,0.491763,0.491763
RSPH10B2,0.75,2,1,0.5,0.495109,0.495109
RTP3,0.75,2,1,0.5,0.812678,0.812678
RUNDC1,0.75,2,1,0.5,0.495668,0.495668
RUNX3,0.75,2,1,0.5,0.495485,0.495485
RUVBL1,0.75,2,1,0.5,0.539035,0.539035
RXYLT1,0.75,2,1,0.5,0.700256,0.700256
S1PR2,0.75,2,1,0.5,0.777605,0.777605
SALL1,0.75,2,1,0.5,0.452774,0.452774
SAMD11,0.75,2,1,0.5,0.470177,0.470177
SC5D,0.75,2,1,0.5,0.748177,0.748177
SCAMP4,0.75,2,1,0.5,0.476819,0.476819
SCAMP5,0.75,2,1,0.5,0.584566,0.584566
SCARB1,0.75,2,1,0.5,0.483984,0.483984
SCD5,0.75,2,1,0.5,0.502194,0.502194
SCFD2,0.75,2,1,0.5,0.6099,0.6099
SCN1B,0.75,2,1,0.5,0.462377,0.462377
SCN2B,0.75,2,1,0.5,0.765192,0.765192
SCRN2,0.75,2,1,0.5,0.535958,0.535958
SDCCAG8,0.75,2,1,0.5,0.612897,0.612897
SEC11A,0.75,2,1,0.5,0.749294,0.749294
SEC14L3,0.75,2,1,0.5,0.684606,0.684606
SEC23A,0.75,2,1,0.5,0.616051,0.616051
SEC61A1,0.75,2,1,0.5,0.465482,0.465482
SECTM1,0.75,2,1,0.5,0.737984,0.737984
SELPLG,0.75,2,1,0.5,0.62709,0.62709
SEMA4C,0.75,2,1,0.5,0.633754,0.633754
SEMA6B,0.75,2,1,0.5,0.495756,0.495756
SEPTIN8,0.75,2,1,0.5,0.398058,0.398058
SEPTIN9,0.75,2,1,0.5,0.62023,0.62023
SERPINA10,0.75,2,1,0.5,0.523839,0.523839
SERPINI1,0.75,2,1,0.5,0.806387,0.806387
SERTAD4,0.75,2,1,0.5,0.495944,0.495944
SETMAR,0.75,2,1,0.5,0.806999,0.806999
SF1,0.75,2,1,0.5,0.578637,0.578637
SF3A1,0.75,2,1,0.5,0.815396,0.815396
SF3A3,0.75,2,1,0.5,0.59915,0.59915
SF3B1,0.75,2,1,0.5,0.564312,0.564312
SFN,0.75,2,1,0.5,0.769782,0.769782
SFRP4,0.75,2,1,0.5,0.49625,0.49625
SGCG,0.75,2,1,0.5,0.648518,0.648518
SGK2,0.75,2,1,0.5,0.868804,0.868804
SGPP2,0.75,2,1,0.5,0.81478,0.81478
SH2D1B,0.75,2,1,0.5,0.699527,0.699527
SH3BP5L,0.75,2,1,0.5,0.495689,0.495689
SH3GL1,0.75,2,1,0.5,0.656888,0.656888
SH3GL2,0.75,2,1,0.5,0.484694,0.484694
SHMT1,0.75,2,1,0.5,0.812318,0.812318
SHOX,0.75,2,1,0.5,0.416496,0.416496
SHQ1,0.75,2,1,0.5,0.834724,0.834724
SIAH3,0.75,2,1,0.5,0.480832,0.480832
SIGLEC7,0.75,2,1,0.5,0.483957,0.483957
SIM2,0.75,2,1,0.5,0.852304,0.852304
SIRPA,0.75,2,1,0.5,0.475066,0.475066
SIX4,0.75,2,1,0.5,0.577413,0.577413
SKA3,0.75,2,1,0.5,0.521894,0.521894
SKAP2,0.75,2,1,0.5,0.728652,0.728652
SLAMF1,0.75,2,1,0.5,0.779746,0.779746
SLAMF8,0.75,2,1,0.5,0.821915,0.821915
SLBP,0.75,2,1,0.5,0.645232,0.645232
SLC10A6,0.75,2,1,0.5,0.746827,0.746827
SLC16A6,0.75,2,1,0.5,0.441253,0.441253
SLC17A3,0.75,2,1,0.5,0.608803,0.608803
SLC22A16,0.75,2,1,0.5,0.533213,0.533213
SLC22A5,0.75,2,1,0.5,0.649371,0.649371
SLC23A3,0.75,2,1,0.5,0.61623,0.61623
SLC25A12,0.75,2,1,0.5,0.481718,0.481718
SLC25A30,0.75,2,1,0.5,0.582875,0.582875
SLC25A34,0.75,2,1,0.5,0.487698,0.487698
SLC25A36,0.75,2,1,0.5,0.673778,0.673778
SLC25A37,0.75,2,1,0.5,0.590218,0.590218
SLC25A48,0.75,2,1,0.5,0.579678,0.579678
SLC25A51,0.75,2,1,0.5,0.485916,0.485916
SLC27A4,0.75,2,1,0.5,0.495734,0.495734
SLC29A1,0.75,2,1,0.5,0.816991,0.816991
SLC2A5,0.75,2,1,0.5,0.726854,0.726854
SLC30A10,0.75,2,1,0.5,0.669196,0.669196
SLC30A4,0.75,2,1,0.5,0.495716,0.495716
SLC35A2,0.75,2,1,0.5,0.47415,0.47415
SLC35C2,0.75,2,1,0.5,0.765234,0.765234
SLC35D3,0.75,2,1,0.5,0.49358,0.49358
SLC35F3,0.75,2,1,0.5,0.539752,0.539752
SLC38A6,0.75,2,1,0.5,0.689003,0.689003
SLC38A8,0.75,2,1,0.5,0.710932,0.710932
SLC39A7,0.75,2,1,0.5,0.527381,0.527381
SLC45A2,0.75,2,1,0.5,0.498417,0.498417
SLC46A1,0.75,2,1,0.5,0.656277,0.656277
SLC4A11,0.75,2,1,0.5,0.65391,0.65391
SLC52A2,0.75,2,1,0.5,0.503369,0.503369
SLC52A3,0.75,2,1,0.5,0.495672,0.495672
SLC5A2,0.75,2,1,0.5,0.497981,0.497981
SLC5A6,0.75,2,1,0.5,0.768473,0.768473
SLC6A11,0.75,2,1,0.5,0.494448,0.494448
SLC6A8,0.75,2,1,0.5,0.494885,0.494885
SLC7A2,0.75,2,1,0.5,0.702143,0.702143
SLC9A8,0.75,2,1,0.5,0.48841,0.48841
SLC9B2,0.75,2,1,0.5,0.485341,0.485341
SLITRK1,0.75,2,1,0.5,0.728278,0.728278
SLITRK5,0.75,2,1,0.5,0.632153,0.632153
SLPI,0.75,2,1,0.5,0.728735,0.728735
SMAP2,0.75,2,1,0.5,0.827999,0.827999
SMG6,0.75,2,1,0.5,0.701557,0.701557
SMG9,0.75,2,1,0.5,0.673924,0.673924
SMOX,0.75,2,1,0.5,0.468566,0.468566
SMPD4,0.75,2,1,0.5,0.444856,0.444856
SMTNL1,0.75,2,1,0.5,0.471858,0.471858
SMTNL2,0.75,2,1,0.5,0.551137,0.551137
SMURF2,0.75,2,1,0.5,0.496171,0.496171
SNAI2,0.75,2,1,0.5,0.641958,0.641958
SNORD114-20,0.75,2,1,0.5,0.794468,0.794468
SNORD115-16,0.75,2,1,0.5,0.739041,0.739041
SNORD115-20,0.75,2,1,0.5,0.409747,0.409747
SNORD116-24,0.75,2,1,0.5,0.490016,0.490016
SNORD116-27,0.75,2,1,0.5,0.603121,0.603121
SNTA1,0.75,2,1,0.5,0.49542,0.49542
SNTB1,0.75,2,1,0.5,0.543364,0.543364
SNX20,0.75,2,1,0.5,0.38678,0.38678
SNX24,0.75,2,1,0.5,0.592782,0.592782
SNX33,0.75,2,1,0.5,0.454995,0.454995
SOCS4,0.75,2,1,0.5,0.474382,0.474382
SOCS5,0.75,2,1,0.5,0.491308,0.491308
SOX14,0.75,2,1,0.5,0.486394,0.486394
SOX7,0.75,2,1,0.5,0.481521,0.481521
SP8,0.75,2,1,0.5,0.738244,0.738244
SPATA18,0.75,2,1,0.5,0.495725,0.495725
SPATA32,0.75,2,1,0.5,0.815983,0.815983
SPATA6L,0.75,2,1,0.5,0.683173,0.683173
SPATS2,0.75,2,1,0.5,0.482849,0.482849
SPDYC,0.75,2,1,0.5,0.621895,0.621895
SPG21,0.75,2,1,0.5,0.775323,0.775323
SPINK7,0.75,2,1,0.5,0.719014,0.719014
SPNS2,0.75,2,1,0.5,0.500844,0.500844
SPP2,0.75,2,1,0.5,0.566053,0.566053
SPRR2B,0.75,2,1,0.5,0.709211,0.709211
SPRR3,0.75,2,1,0.5,0.604495,0.604495
SPRY2,0.75,2,1,0.5,0.518169,0.518169
SPSB1,0.75,2,1,0.5,0.789845,0.789845
SQOR,0.75,2,1,0.5,0.637351,0.637351
SRCIN1,0.75,2,1,0.5,0.492646,0.492646
SRD5A3,0.75,2,1,0.5,0.812712,0.812712
SREBF1,0.75,2,1,0.5,0.622339,0.622339
SREK1,0.75,2,1,0.5,0.651169,0.651169
SRRM1,0.75,2,1,0.5,0.581496,0.581496
SRSF10,0.75,2,1,0.5,0.609791,0.609791
SRSF12,0.75,2,1,0.5,0.678248,0.678248
SSTR1,0.75,2,1,0.5,0.482402,0.482402
ST3GAL3,0.75,2,1,0.5,0.648064,0.648064
ST8SIA5,0.75,2,1,0.5,0.495643,0.495643
STBD1,0.75,2,1,0.5,0.699978,0.699978
STEAP3,0.75,2,1,0.5,0.419402,0.419402
STK17A,0.75,2,1,0.5,0.495799,0.495799
STK17B,0.75,2,1,0.5,0.53167,0.53167
STK19,0.75,2,1,0.5,0.571196,0.571196
STK3,0.75,2,1,0.5,0.69556,0.69556
STMN3,0.75,2,1,0.5,0.643547,0.643547
STRBP,0.75,2,1,0.5,0.495314,0.495314
STX1B,0.75,2,1,0.5,0.494994,0.494994
STX4,0.75,2,1,0.5,0.532429,0.532429
SUCNR1,0.75,2,1,0.5,0.594083,0.594083
SUCO,0.75,2,1,0.5,0.678607,0.678607
SUGP2,0.75,2,1,0.5,0.406136,0.406136
SULT1C4,0.75,2,1,0.5,0.784338,0.784338
SYPL2,0.75,2,1,0.5,0.65769,0.65769
SYT2,0.75,2,1,0.5,0.676988,0.676988
SYT8,0.75,2,1,0.5,0.487588,0.487588
TACC1,0.75,2,1,0.5,0.523109,0.523109
TADA2B,0.75,2,1,0.5,0.490664,0.490664
TAF5L,0.75,2,1,0.5,0.530589,0.530589
TAMALIN,0.75,2,1,0.5,0.495453,0.495453
TAPBPL,0.75,2,1,0.5,0.423322,0.423322
TARBP2,0.75,2,1,0.5,0.827639,0.827639
TAS2R13,0.75,2,1,0.5,0.66032,0.66032
TAS2R39,0.75,2,1,0.5,0.556292,0.556292
TBC1D15,0.75,2,1,0.5,0.832485,0.832485
TBC1D20,0.75,2,1,0.5,0.521534,0.521534
TBC1D22A,0.75,2,1,0.5,0.475876,0.475876
TBC1D24,0.75,2,1,0.5,0.724993,0.724993
TBL2,0.75,2,1,0.5,0.578859,0.578859
TBX2,0.75,2,1,0.5,0.460448,0.460448
TCF21,0.75,2,1,0.5,0.609128,0.609128
TCF7L1,0.75,2,1,0.5,0.493397,0.493397
TCHP,0.75,2,1,0.5,0.475644,0.475644
TCL1B,0.75,2,1,0.5,0.478906,0.478906
TDGF1,0.75,2,1,0.5,0.588744,0.588744
TEAD3,0.75,2,1,0.5,0.466161,0.466161
TECTB,0.75,2,1,0.5,0.495638,0.495638
TEPP,0.75,2,1,0.5,0.499723,0.499723
TESMIN,0.75,2,1,0.5,0.492168,0.492168
TEX13A,0.75,2,1,0.5,0.586684,0.586684
TEX30,0.75,2,1,0.5,0.476259,0.476259
TF,0.75,2,1,0.5,0.495994,0.495994
TFAM,0.75,2,1,0.5,0.586981,0.586981
TFE3,0.75,2,1,0.5,0.495905,0.495905
TFPI,0.75,2,1,0.5,0.681153,0.681153
THBS3,0.75,2,1,0.5,0.546393,0.546393
THRSP,0.75,2,1,0.5,0.839887,0.839887
THUMPD1,0.75,2,1,0.5,0.552374,0.552374
THYN1,0.75,2,1,0.5,0.528824,0.528824
TIMM50,0.75,2,1,0.5,0.56938,0.56938
TIMM8A,0.75,2,1,0.5,0.532952,0.532952
TINAGL1,0.75,2,1,0.5,0.49519,0.49519
TLDC2,0.75,2,1,0.5,0.49608,0.49608
TM2D1,0.75,2,1,0.5,0.636856,0.636856
TMC7,0.75,2,1,0.5,0.779283,0.779283
TMED6,0.75,2,1,0.5,0.656963,0.656963
TMEM109,0.75,2,1,0.5,0.690381,0.690381
TMEM132A,0.75,2,1,0.5,0.376841,0.376841
TMEM184A,0.75,2,1,0.5,0.594748,0.594748
TMEM19,0.75,2,1,0.5,0.832167,0.832167
TMEM208,0.75,2,1,0.5,0.414563,0.414563
TMEM266,0.75,2,1,0.5,0.679664,0.679664
TMEM79,0.75,2,1,0.5,0.848115,0.848115
TMEM86A,0.75,2,1,0.5,0.495751,0.495751
TMPRSS2,0.75,2,1,0.5,0.63564,0.63564
TMUB2,0.75,2,1,0.5,0.508566,0.508566
TNF,0.75,2,1,0.5,0.57556,0.57556
TNFAIP1,0.75,2,1,0.5,0.472007,0.472007
TNFAIP8,0.75,2,1,0.5,0.53596,0.53596
TNFRSF1A,0.75,2,1,0.5,0.796569,0.796569
TNFRSF1B,0.75,2,1,0.5,0.509021,0.509021
TNFSF4,0.75,2,1,0.5,0.707697,0.707697
TNNT2,0.75,2,1,0.5,0.724027,0.724027
TOP3A,0.75,2,1,0.5,0.606475,0.606475
TOP3B,0.75,2,1,0.5,0.455833,0.455833
TOR1A,0.75,2,1,0.5,0.49203,0.49203
TOR1AIP1,0.75,2,1,0.5,0.539942,0.539942
TP73,0.75,2,1,0.5,0.657087,0.657087
TPH2,0.75,2,1,0.5,0.812352,0.812352
TPK1,0.75,2,1,0.5,0.495635,0.495635
TPM2,0.75,2,1,0.5,0.725495,0.725495
TPP2,0.75,2,1,0.5,0.711475,0.711475
TPPP3,0.75,2,1,0.5,0.500901,0.500901
TPST2,0.75,2,1,0.5,0.479285,0.479285
TRAF5,0.75,2,1,0.5,0.47879,0.47879
TRAPPC6B,0.75,2,1,0.5,0.485795,0.485795
TRAV7,0.75,2,1,0.5,0.483008,0.483008
TRDMT1,0.75,2,1,0.5,0.621753,0.621753
TRGV5,0.75,2,1,0.5,0.768146,0.768146
TRIL,0.75,2,1,0.5,0.498221,0.498221
TRIM38,0.75,2,1,0.5,0.532963,0.532963
TRIM45,0.75,2,1,0.5,0.638966,0.638966
TRIM48,0.75,2,1,0.5,0.589607,0.589607
TRIM54,0.75,2,1,0.5,0.494647,0.494647
TRIM6-TRIM34,0.75,2,1,0.5,0.493389,0.493389
TRIM68,0.75,2,1,0.5,0.492277,0.492277
TRIM8,0.75,2,1,0.5,0.489157,0.489157
TRIT1,0.75,2,1,0.5,0.515857,0.515857
TRMT2A,0.75,2,1,0.5,0.570281,0.570281
TRMT61B,0.75,2,1,0.5,0.495707,0.495707
TRPC3,0.75,2,1,0.5,0.442657,0.442657
TSEN2,0.75,2,1,0.5,0.535143,0.535143
TSKU,0.75,2,1,0.5,0.576837,0.576837
TSNAX,0.75,2,1,0.5,0.54568,0.54568
TSPYL1,0.75,2,1,0.5,0.477907,0.477907
TTC23L,0.75,2,1,0.5,0.450453,0.450453
TTLL3,0.75,2,1,0.5,0.550677,0.550677
TUBB6,0.75,2,1,0.5,0.496306,0.496306
TVP23A,0.75,2,1,0.5,0.48927,0.48927
TYK2,0.75,2,1,0.5,0.399094,0.399094
UBAC1,0.75,2,1,0.5,0.813227,0.813227
UBAP2,0.75,2,1,0.5,0.495999,0.495999
UBB,0.75,2,1,0.5,0.777651,0.777651
UBE2J1,0.75,2,1,0.5,0.764892,0.764892
UBE2W,0.75,2,1,0.5,0.492204,0.492204
UBFD1,0.75,2,1,0.5,0.495774,0.495774
UBXN2B,0.75,2,1,0.5,0.50878,0.50878
UBXN8,0.75,2,1,0.5,0.79154,0.79154
UCP3,0.75,2,1,0.5,0.499676,0.499676
UEVLD,0.75,2,1,0.5,0.606328,0.606328
UFD1,0.75,2,1,0.5,0.49038,0.49038
UGT1A9,0.75,2,1,0.5,0.797205,0.797205
UGT2B17,0.75,2,1,0.5,0.728904,0.728904
UHRF1,0.75,2,1,0.5,0.564605,0.564605
UMPS,0.75,2,1,0.5,0.80032,0.80032
UNC119,0.75,2,1,0.5,0.495035,0.495035
UNC5CL,0.75,2,1,0.5,0.768176,0.768176
UNK,0.75,2,1,0.5,0.494509,0.494509
UQCRC1,0.75,2,1,0.5,0.733048,0.733048
URB1,0.75,2,1,0.5,0.657169,0.657169
UROD,0.75,2,1,0.5,0.676666,0.676666
USO1,0.75,2,1,0.5,0.49707,0.49707
USP18,0.75,2,1,0.5,0.404202,0.404202
USP2,0.75,2,1,0.5,0.721456,0.721456
USP40,0.75,2,1,0.5,0.815497,0.815497
USP45,0.75,2,1,0.5,0.476501,0.476501
USP48,0.75,2,1,0.5,0.810564,0.810564
USP51,0.75,2,1,0.5,0.48968,0.48968
USP8,0.75,2,1,0.5,0.815462,0.815462
UTP11,0.75,2,1,0.5,0.518596,0.518596
UTP23,0.75,2,1,0.5,0.49497,0.49497
VANGL2,0.75,2,1,0.5,0.701419,0.701419
VIT,0.75,2,1,0.5,0.542828,0.542828
VN1R2,0.75,2,1,0.5,0.671527,0.671527
VPS33B,0.75,2,1,0.5,0.645483,0.645483
VPS35,0.75,2,1,0.5,0.71224,0.71224
VPS35L,0.75,2,1,0.5,0.496676,0.496676
VPS45,0.75,2,1,0.5,0.799149,0.799149
VSIG1,0.75,2,1,0.5,0.605042,0.605042
WDR26,0.75,2,1,0.5,0.650127,0.650127
WDR4,0.75,2,1,0.5,0.451333,0.451333
WDR45B,0.75,2,1,0.5,0.489624,0.489624
WDR74,0.75,2,1,0.5,0.709806,0.709806
WDR93,0.75,2,1,0.5,0.52447,0.52447
WFIKKN2,0.75,2,1,0.5,0.815378,0.815378
WHRN,0.75,2,1,0.5,0.495625,0.495625
WNT16,0.75,2,1,0.5,0.771104,0.771104
WSB2,0.75,2,1,0.5,0.601142,0.601142
WWTR1,0.75,2,1,0.5,0.688421,0.688421
XIST,0.75,2,1,0.5,0.495493,0.495493
XKR4,0.75,2,1,0.5,0.528107,0.528107
XKR6,0.75,2,1,0.5,0.85364,0.85364
XPO4,0.75,2,1,0.5,0.559473,0.559473
XPO6,0.75,2,1,0.5,0.726116,0.726116
XPO7,0.75,2,1,0.5,0.749445,0.749445
XRCC4,0.75,2,1,0.5,0.412301,0.412301
XRCC6,0.75,2,1,0.5,0.523759,0.523759
YES1,0.75,2,1,0.5,0.57186,0.57186
YJU2,0.75,2,1,0.5,0.495615,0.495615
ZBED8,0.75,2,1,0.5,0.54981,0.54981
ZBTB1,0.75,2,1,0.5,0.469563,0.469563
ZBTB12,0.75,2,1,0.5,0.654532,0.654532
ZBTB34,0.75,2,1,0.5,0.519411,0.519411
ZBTB43,0.75,2,1,0.5,0.492907,0.492907
ZBTB44,0.75,2,1,0.5,0.505709,0.505709
ZBTB48,0.75,2,1,0.5,0.697024,0.697024
ZBTB5,0.75,2,1,0.5,0.439063,0.439063
ZBTB7A,0.75,2,1,0.5,0.495662,0.495662
ZBTB7B,0.75,2,1,0.5,0.777033,0.777033
ZBTB8A,0.75,2,1,0.5,0.519404,0.519404
ZBTB8OS,0.75,2,1,0.5,0.534104,0.534104
ZC3H6,0.75,2,1,0.5,0.541128,0.541128
ZC3H8,0.75,2,1,0.5,0.467306,0.467306
ZCRB1,0.75,2,1,0.5,0.839141,0.839141
ZDHHC11,0.75,2,1,0.5,0.811845,0.811845
ZDHHC19,0.75,2,1,0.5,0.405645,0.405645
ZDHHC7,0.75,2,1,0.5,0.613111,0.613111
ZDHHC8,0.75,2,1,0.5,0.613869,0.613869
ZEB1,0.75,2,1,0.5,0.534159,0.534159
ZFAND4,0.75,2,1,0.5,0.663292,0.663292
ZFP82,0.75,2,1,0.5,0.580206,0.580206
ZIC3,0.75,2,1,0.5,0.49568,0.49568
ZKSCAN8,0.75,2,1,0.5,0.506339,0.506339
ZMAT1,0.75,2,1,0.5,0.490431,0.490431
ZMPSTE24,0.75,2,1,0.5,0.682134,0.682134
ZNF141,0.75,2,1,0.5,0.49607,0.49607
ZNF146,0.75,2,1,0.5,0.508292,0.508292
ZNF154,0.75,2,1,0.5,0.836023,0.836023
ZNF195,0.75,2,1,0.5,0.66541,0.66541
ZNF212,0.75,2,1,0.5,0.500645,0.500645
ZNF233,0.75,2,1,0.5,0.833956,0.833956
ZNF273,0.75,2,1,0.5,0.740665,0.740665
ZNF282,0.75,2,1,0.5,0.495694,0.495694
ZNF287,0.75,2,1,0.5,0.542956,0.542956
ZNF311,0.75,2,1,0.5,0.542831,0.542831
ZNF322P1,0.75,2,1,0.5,0.426831,0.426831
ZNF324B,0.75,2,1,0.5,0.624172,0.624172
ZNF331,0.75,2,1,0.5,0.519917,0.519917
ZNF343,0.75,2,1,0.5,0.495706,0.495706
ZNF358,0.75,2,1,0.5,0.495687,0.495687
ZNF383,0.75,2,1,0.5,0.611126,0.611126
ZNF398,0.75,2,1,0.5,0.536832,0.536832
ZNF408,0.75,2,1,0.5,0.581192,0.581192
ZNF436,0.75,2,1,0.5,0.554459,0.554459
ZNF439,0.75,2,1,0.5,0.627089,0.627089
ZNF45,0.75,2,1,0.5,0.820153,0.820153
ZNF484,0.75,2,1,0.5,0.483802,0.483802
ZNF510,0.75,2,1,0.5,0.495708,0.495708
ZNF513,0.75,2,1,0.5,0.574254,0.574254
ZNF518A,0.75,2,1,0.5,0.4957,0.4957
ZNF534,0.75,2,1,0.5,0.823105,0.823105
ZNF566,0.75,2,1,0.5,0.617742,0.617742
ZNF57,0.75,2,1,0.5,0.570977,0.570977
ZNF573,0.75,2,1,0.5,0.496081,0.496081
ZNF584,0.75,2,1,0.5,0.543906,0.543906
ZNF594,0.75,2,1,0.5,0.743755,0.743755
ZNF600,0.75,2,1,0.5,0.661284,0.661284
ZNF613,0.75,2,1,0.5,0.568462,0.568462
ZNF615,0.75,2,1,0.5,0.573234,0.573234
ZNF616,0.75,2,1,0.5,0.518024,0.518024
ZNF621,0.75,2,1,0.5,0.493116,0.493116
ZNF625,0.75,2,1,0.5,0.729651,0.729651
ZNF629,0.75,2,1,0.5,0.488591,0.488591
ZNF639,0.75,2,1,0.5,0.795343,0.795343
ZNF708,0.75,2,1,0.5,0.537408,0.537408
ZNF718,0.75,2,1,0.5,0.386106,0.386106
ZNF75A,0.75,2,1,0.5,0.578227,0.578227
ZNF777,0.75,2,1,0.5,0.461224,0.461224
ZNF781,0.75,2,1,0.5,0.588519,0.588519
ZNF785,0.75,2,1,0.5,0.781995,0.781995
ZNF80,0.75,2,1,0.5,0.496582,0.496582
ZNF823,0.75,2,1,0.5,0.644242,0.644242
ZNF83,0.75,2,1,0.5,0.536478,0.536478
ZNF92,0.75,2,1,0.5,0.471288,0.471288
ZNF93,0.75,2,1,0.5,0.497098,0.497098
ZNHIT6,0.75,2,1,0.5,0.805056,0.805056
ZPLD1,0.75,2,1,0.5,0.595257,0.595257
ZRANB1,0.75,2,1,0.5,0.514407,0.514407
ZSCAN21,0.75,2,1,0.5,0.497452,0.497452
ZSCAN32,0.75,2,1,0.5,0.647416,0.647416
ZXDB,0.75,2,1,0.5,0.536198,0.536198
AARS1,0.75,3,1,0.333333,0.734016,0.636764
AATF,0.75,3,1,0.333333,0.556964,0.520524
ABCB6,0.75,3,1,0.333333,0.0,0.330467
AC011462.1,0.75,3,1,0.333333,0.694844,0.612535
AC068580.4,0.75,3,1,0.333333,0.0,0.328059
ADD3,0.75,3,1,0.333333,0.336903,0.442783
AGO1,0.75,3,1,0.333333,0.129105,0.388502
AL133500.1,0.75,3,1,0.333333,0.000989,0.297634
AL136295.1,0.75,3,1,0.333333,0.632437,0.533056
AL669918.1,0.75,3,1,0.333333,0.441352,0.499393
ALCAM,0.75,3,1,0.333333,0.169713,0.391873
ALDH3A2,0.75,3,1,0.333333,0.0,0.330299
ALDH5A1,0.75,3,1,0.333333,0.610646,0.528945
ALG3,0.75,3,1,0.333333,0.015637,0.331781
ALPI,0.75,3,1,0.333333,0.012575,0.327058
AMBN,0.75,3,1,0.333333,0.502609,0.623879
AMER2,0.75,3,1,0.333333,0.005316,0.332254
AMOT,0.75,3,1,0.333333,0.265616,0.401326
ANGPT1,0.75,3,1,0.333333,0.156801,0.330303
ANKFY1,0.75,3,1,0.333333,0.500592,0.563367
ANKRD40,0.75,3,1,0.333333,0.095314,0.385014
ANKRD42,0.75,3,1,0.333333,0.626571,0.6131
ANKS1A,0.75,3,1,0.333333,0.706639,0.561526
ANKZF1,0.75,3,1,0.333333,0.011429,0.327556
ANXA8L1,0.75,3,1,0.333333,0.419967,0.45264
AOC3,0.75,3,1,0.333333,0.33433,0.432393
AP1B1,0.75,3,1,0.333333,0.567634,0.572969
AP1M2,0.75,3,1,0.333333,0.437178,0.475841
AP5S1,0.75,3,1,0.333333,0.570177,0.520528
APLP1,0.75,3,1,0.333333,0.589653,0.601584
APOBEC3G,0.75,3,1,0.333333,0.112958,0.28891
APOH,0.75,3,1,0.333333,0.56442,0.581819
AQP12B,0.75,3,1,0.333333,0.003635,0.331924
ARHGEF4,0.75,3,1,0.333333,0.0,0.31678
ARMC2,0.75,3,1,0.333333,0.329168,0.438396
ARSB,0.75,3,1,0.333333,0.122843,0.390487
ARSH,0.75,3,1,0.333333,0.668486,0.542747
ASPH,0.75,3,1,0.333333,0.700096,0.68916
ATF2,0.75,3,1,0.333333,0.688144,0.539701
ATMIN,0.75,3,1,0.333333,0.316509,0.435922
ATRN,0.75,3,1,0.333333,0.081948,0.359037
AURKAIP1,0.75,3,1,0.333333,0.444274,0.555832
AVPR1A,0.75,3,1,0.333333,0.306172,0.412812
B3GNT9,0.75,3,1,0.333333,0.0,0.313831
B4GALT6,0.75,3,1,0.333333,0.307101,0.51402
BAIAP3,0.75,3,1,0.333333,0.000162,0.318236
BANK1,0.75,3,1,0.333333,0.262083,0.383242
BAP1,0.75,3,1,0.333333,0.602487,0.530978
BARHL2,0.75,3,1,0.333333,0.090191,0.318076
BCL6,0.75,3,1,0.333333,0.264268,0.408801
BMP6,0.75,3,1,0.333333,0.0,0.324573
BORCS6,0.75,3,1,0.333333,0.000204,0.330544
BPNT1,0.75,3,1,0.333333,0.638968,0.723215
BRDT,0.75,3,1,0.333333,0.536211,0.46688
BTBD16,0.75,3,1,0.333333,0.499106,0.496817
BTN1A1,0.75,3,1,0.333333,0.724852,0.803371
C1orf220,0.75,3,1,0.333333,0.0,0.328367
C6orf118,0.75,3,1,0.333333,0.395655,0.583859
C7orf26,0.75,3,1,0.333333,0.0,0.325298
C8G,0.75,3,1,0.333333,0.208794,0.399768
CA5B,0.75,3,1,0.333333,0.711002,0.562818
CABLES2,0.75,3,1,0.333333,3e-06,0.326945
CACNB2,0.75,3,1,0.333333,0.000219,0.330536
CACYBP,0.75,3,1,0.333333,3e-06,0.293519
CAMKK1,0.75,3,1,0.333333,4e-06,0.326527
CASKIN2,0.75,3,1,0.333333,0.245921,0.412451
CASP10,0.75,3,1,0.333333,0.671438,0.544189
CAV3,0.75,3,1,0.333333,0.013509,0.335395
CBLN2,0.75,3,1,0.333333,0.0,0.311174
CCDC103,0.75,3,1,0.333333,0.151838,0.383742
CCDC116,0.75,3,1,0.333333,0.549789,0.661378
CCDC172,0.75,3,1,0.333333,0.0,0.251926
CCDC185,0.75,3,1,0.333333,0.663547,0.617624
CCDC81,0.75,3,1,0.333333,0.592077,0.595172
CCKAR,0.75,3,1,0.333333,0.156305,0.376834
CCKBR,0.75,3,1,0.333333,0.362424,0.451312
CCL22,0.75,3,1,0.333333,0.0,0.266052
CCNY,0.75,3,1,0.333333,0.184737,0.392676
CCSER2,0.75,3,1,0.333333,0.38984,0.472276
CD1B,0.75,3,1,0.333333,0.225859,0.40512
CD1E,0.75,3,1,0.333333,0.598487,0.685067
CD276,0.75,3,1,0.333333,0.0,0.311044
CD53,0.75,3,1,0.333333,0.0,0.320861
CD7,0.75,3,1,0.333333,0.345886,0.522362
CD9,0.75,3,1,0.333333,0.345714,0.433134
CDC37,0.75,3,1,0.333333,0.454878,0.457697
CENPN,0.75,3,1,0.333333,0.745335,0.577068
CENPS-CORT,0.75,3,1,0.333333,0.520253,0.4728
CERKL,0.75,3,1,0.333333,0.463296,0.410328
CFAP94,0.75,3,1,0.333333,0.40585,0.486731
CFP,0.75,3,1,0.333333,0.0,0.281428
CGA,0.75,3,1,0.333333,0.554947,0.505884
CGB5,0.75,3,1,0.333333,0.0,0.329414
CHI3L2,0.75,3,1,0.333333,0.518896,0.544779
CHMP2A,0.75,3,1,0.333333,0.0,0.330489
CHRDL1,0.75,3,1,0.333333,0.0,0.296272
CHST10,0.75,3,1,0.333333,0.688429,0.559351
CHST8,0.75,3,1,0.333333,0.688587,0.652812
CIB2,0.75,3,1,0.333333,0.001442,0.318265
CIB3,0.75,3,1,0.333333,0.089096,0.35978
CILK1,0.75,3,1,0.333333,0.000549,0.26998
CIZ1,0.75,3,1,0.333333,1.2e-05,0.330457
CLCA3P,0.75,3,1,0.333333,0.621092,0.645376
CLDN23,0.75,3,1,0.333333,1e-06,0.285717
COASY,0.75,3,1,0.333333,0.66288,0.566184
COQ8A,0.75,3,1,0.333333,0.462428,0.47586
CORO1A,0.75,3,1,0.333333,0.00373,0.324649
CORO6,0.75,3,1,0.333333,0.515288,0.639301
CPNE3,0.75,3,1,0.333333,0.078895,0.329674
CPNE5,0.75,3,1,0.333333,0.020054,0.305519
CPNE7,0.75,3,1,0.333333,0.731018,0.574133
CPQ,0.75,3,1,0.333333,0.417429,0.424322
CPT1B,0.75,3,1,0.333333,0.0,0.330497
CRBN,0.75,3,1,0.333333,0.562264,0.517988
CRY1,0.75,3,1,0.333333,0.212514,0.401367
CRYGB,0.75,3,1,0.333333,0.195326,0.319111
CSF3R,0.75,3,1,0.333333,0.085423,0.37128
CSNK1G3,0.75,3,1,0.333333,0.63213,0.492098
CSRNP1,0.75,3,1,0.333333,0.400118,0.459816
CT55,0.75,3,1,0.333333,0.0,0.325883
CTBS,0.75,3,1,0.333333,0.245276,0.45547
CYP26B1,0.75,3,1,0.333333,0.482548,0.487414
CYP2S1,0.75,3,1,0.333333,0.602528,0.636165
CYP4X1,0.75,3,1,0.333333,0.651298,0.518245
D2HGDH,0.75,3,1,0.333333,0.00509,0.277908
DBF4,0.75,3,1,0.333333,0.016307,0.333138
DBR1,0.75,3,1,0.333333,0.244235,0.412033
DCAF4L2,0.75,3,1,0.333333,0.256508,0.416008
DCDC2,0.75,3,1,0.333333,0.423515,0.474515
DCK,0.75,3,1,0.333333,0.620568,0.652742
DCLRE1C,0.75,3,1,0.333333,0.430682,0.525144
DDAH1,0.75,3,1,0.333333,0.004477,0.331513
DDR1,0.75,3,1,0.333333,0.466273,0.480366
DDX47,0.75,3,1,0.333333,0.467592,0.486852
DFFB,0.75,3,1,0.333333,0.0,0.330452
DHODH,0.75,3,1,0.333333,0.000143,0.330469
DHRS11,0.75,3,1,0.333333,0.0,0.330472
DHRS2,0.75,3,1,0.333333,0.443913,0.594695
DHX58,0.75,3,1,0.333333,0.34207,0.50156
DIP2A,0.75,3,1,0.333333,0.000782,0.329829
DIS3L,0.75,3,1,0.333333,0.507395,0.563612
DLG2,0.75,3,1,0.333333,0.292517,0.44137
DLG4,0.75,3,1,0.333333,0.000882,0.327151
DMRT3,0.75,3,1,0.333333,0.021127,0.313912
DNAJB5,0.75,3,1,0.333333,0.396955,0.455651
DNAJC11,0.75,3,1,0.333333,0.000438,0.328255
DOC2A,0.75,3,1,0.333333,0.008019,0.335849
DPP4,0.75,3,1,0.333333,0.592299,0.476456
DRGX,0.75,3,1,0.333333,0.0,0.328904
DTNB,0.75,3,1,0.333333,0.532146,0.507859
DUS4L-BCAP29,0.75,3,1,0.333333,0.612278,0.643484
DXO,0.75,3,1,0.333333,0.067767,0.350533
DZIP1L,0.75,3,1,0.333333,0.507693,0.5083
DZIP3,0.75,3,1,0.333333,0.223096,0.39647
EEF1AKNMT,0.75,3,1,0.333333,0.741643,0.629337
EFCAB12,0.75,3,1,0.333333,6e-06,0.257535
EFHC1,0.75,3,1,0.333333,0.641725,0.509295
EFR3A,0.75,3,1,0.333333,0.007984,0.333124
ELMO2,0.75,3,1,0.333333,0.650005,0.535156
ELMOD1,0.75,3,1,0.333333,0.0,0.330463
ENTPD6,0.75,3,1,0.333333,0.20211,0.39615
EPB41L4A,0.75,3,1,0.333333,0.616483,0.541824
EPC1,0.75,3,1,0.333333,0.001149,0.279416
EPS15,0.75,3,1,0.333333,0.263874,0.418391
ERBB4,0.75,3,1,0.333333,0.037733,0.316442
ERCC6L2,0.75,3,1,0.333333,0.62319,0.655452
EVI2B,0.75,3,1,0.333333,0.219374,0.454572
EXOC4,0.75,3,1,0.333333,0.694809,0.71952
EYA1,0.75,3,1,0.333333,0.040363,0.34349
F2,0.75,3,1,0.333333,0.641025,0.667549
FAM110B,0.75,3,1,0.333333,0.0,0.327246
FAM120C,0.75,3,1,0.333333,4.7e-05,0.330512
FAM122A,0.75,3,1,0.333333,0.572761,0.591
FAM151A,0.75,3,1,0.333333,0.436614,0.521892
FAM181A,0.75,3,1,0.333333,0.00071,0.264128
FAM184A,0.75,3,1,0.333333,0.210864,0.405642
FAM237A,0.75,3,1,0.333333,0.305834,0.405804
FAM71A,0.75,3,1,0.333333,0.019678,0.339717
FANCI,0.75,3,1,0.333333,0.454466,0.475329
FBF1,0.75,3,1,0.333333,0.089215,0.355935
FBLIM1,0.75,3,1,0.333333,0.077472,0.297761
FBXO3,0.75,3,1,0.333333,0.630364,0.500563
FBXW4,0.75,3,1,0.333333,0.3901,0.460482
FCHSD1,0.75,3,1,0.333333,1.1e-05,0.330382
FEM1A,0.75,3,1,0.333333,0.000808,0.32503
FGD3,0.75,3,1,0.333333,0.35835,0.465063
FGF5,0.75,3,1,0.333333,0.249454,0.423256
FHL1,0.75,3,1,0.333333,0.74729,0.701304
FO393400.1,0.75,3,1,0.333333,0.384023,0.488328
FOXRED1,0.75,3,1,0.333333,0.000618,0.330618
FPR1,0.75,3,1,0.333333,0.202567,0.38393
FSHR,0.75,3,1,0.333333,0.688921,0.55516
FSTL1,0.75,3,1,0.333333,0.582101,0.546966
FTSJ3,0.75,3,1,0.333333,0.608866,0.533389
FUBP1,0.75,3,1,0.333333,0.632991,0.63571
FUT2,0.75,3,1,0.333333,0.245238,0.407692
GABRR1,0.75,3,1,0.333333,0.0,0.329801
GALNT18,0.75,3,1,0.333333,0.623385,0.583694
GALNT7,0.75,3,1,0.333333,0.002222,0.331179
GASK1B,0.75,3,1,0.333333,0.006162,0.331463
GATA6,0.75,3,1,0.333333,0.616232,0.530512
GBP5,0.75,3,1,0.333333,0.72832,0.527641
GC,0.75,3,1,0.333333,0.614395,0.49568
GCA,0.75,3,1,0.333333,0.221256,0.445209
GDPD4,0.75,3,1,0.333333,0.634561,0.633267
GDPD5,0.75,3,1,0.333333,0.639406,0.548708
GFRA2,0.75,3,1,0.333333,0.554585,0.569377
GGA2,0.75,3,1,0.333333,0.518209,0.555666
GGT7,0.75,3,1,0.333333,0.000262,0.330371
GJA5,0.75,3,1,0.333333,0.669909,0.7257
GLIS3,0.75,3,1,0.333333,0.574452,0.507298
GLRA2,0.75,3,1,0.333333,0.425172,0.472176
GNL2,0.75,3,1,0.333333,0.167699,0.401952
GNRHR,0.75,3,1,0.333333,0.600937,0.621385
GPR26,0.75,3,1,0.333333,0.670389,0.536984
GPR35,0.75,3,1,0.333333,0.261755,0.386153
GPRC5A,0.75,3,1,0.333333,0.46352,0.533844
GPRC5B,0.75,3,1,0.333333,0.0,0.319853
GPRC5D,0.75,3,1,0.333333,0.004679,0.332662
GRIN2C,0.75,3,1,0.333333,0.0,0.318718
GRIN2D,0.75,3,1,0.333333,0.37848,0.450593
GUCA1C,0.75,3,1,0.333333,0.431952,0.490522
GUK1,0.75,3,1,0.333333,0.306053,0.430275
GZF1,0.75,3,1,0.333333,0.041473,0.342084
H3-4,0.75,3,1,0.333333,0.313922,0.435115
HAP1,0.75,3,1,0.333333,0.353549,0.466836
HAUS8,0.75,3,1,0.333333,0.0,0.32855
HDAC5,0.75,3,1,0.333333,0.239867,0.460689
HENMT1,0.75,3,1,0.333333,0.682526,0.564818
HHAT,0.75,3,1,0.333333,0.615694,0.557504
HLA-E,0.75,3,1,0.333333,0.57444,0.67207
HLA-F,0.75,3,1,0.333333,0.292932,0.427897
HMSD,0.75,3,1,0.333333,0.663489,0.551079
HNRNPH3,0.75,3,1,0.333333,0.02561,0.336997
HOMER1,0.75,3,1,0.333333,0.092207,0.374467
HOXD10,0.75,3,1,0.333333,0.001806,0.287731
HROB,0.75,3,1,0.333333,0.524417,0.622431
HS3ST4,0.75,3,1,0.333333,0.210979,0.355121
HS3ST5,0.75,3,1,0.333333,0.0,0.326244
HSD11B1,0.75,3,1,0.333333,0.478818,0.554355
HSD17B4,0.75,3,1,0.333333,0.126297,0.393485
HSP90B1,0.75,3,1,0.333333,0.404147,0.462669
HSPA13,0.75,3,1,0.333333,0.479931,0.490452
HTR1A,0.75,3,1,0.333333,0.543656,0.62951
HTR1E,0.75,3,1,0.333333,0.4543,0.602811
IDO2,0.75,3,1,0.333333,0.213704,0.396592
IFRD2,0.75,3,1,0.333333,0.02074,0.336911
IGKV1-6,0.75,3,1,0.333333,0.501618,0.447845
IGSF22,0.75,3,1,0.333333,0.343992,0.463273
IL15RA,0.75,3,1,0.333333,0.0,0.281176
IL20RB,0.75,3,1,0.333333,0.621318,0.615261
IL27RA,0.75,3,1,0.333333,0.438151,0.435698
IL36B,0.75,3,1,0.333333,0.608452,0.62652
INCENP,0.75,3,1,0.333333,0.261798,0.378454
INF2,0.75,3,1,0.333333,0.0,0.320524
INO80D,0.75,3,1,0.333333,0.001514,0.312966
INSL6,0.75,3,1,0.333333,0.518536,0.503307
IQCF1,0.75,3,1,0.333333,0.036486,0.336064
IQCH,0.75,3,1,0.333333,0.154888,0.336507
IQSEC2,0.75,3,1,0.333333,5e-06,0.326102
IRAK2,0.75,3,1,0.333333,0.008013,0.333143
IRF2BP1,0.75,3,1,0.333333,0.181476,0.40305
ITM2C,0.75,3,1,0.333333,0.469754,0.487043
ITPRIPL2,0.75,3,1,0.333333,0.424156,0.47133
KCNAB1,0.75,3,1,0.333333,0.618257,0.536556
KCNE1,0.75,3,1,0.333333,0.044153,0.345198
KIF26A,0.75,3,1,0.333333,2.2e-05,0.310508
KIF26B,0.75,3,1,0.333333,0.695057,0.538321
KLHL25,0.75,3,1,0.333333,0.077472,0.326441
KLHL26,0.75,3,1,0.333333,0.655862,0.630446
KRAS,0.75,3,1,0.333333,6.8e-05,0.318725
KRI1,0.75,3,1,0.333333,0.722262,0.790507
KRT32,0.75,3,1,0.333333,0.436549,0.612171
KRT33A,0.75,3,1,0.333333,0.549356,0.513623
KRT79,0.75,3,1,0.333333,0.598245,0.535993
KRTAP10-2,0.75,3,1,0.333333,0.415797,0.593135
KRTAP10-5,0.75,3,1,0.333333,0.637212,0.517241
KRTAP27-1,0.75,3,1,0.333333,0.062664,0.34
KRTAP5-10,0.75,3,1,0.333333,0.213995,0.411703
KTI12,0.75,3,1,0.333333,0.151823,0.424081
L3MBTL2,0.75,3,1,0.333333,0.0,0.330461
LAT,0.75,3,1,0.333333,1e-05,0.324579
LCE1E,0.75,3,1,0.333333,0.00082,0.330049
LDB1,0.75,3,1,0.333333,0.637523,0.555491
LENG8,0.75,3,1,0.333333,1.1e-05,0.251295
LETM1,0.75,3,1,0.333333,0.004313,0.321291
LGALS8,0.75,3,1,0.333333,0.221255,0.469473
LIFR,0.75,3,1,0.333333,0.564525,0.571243
LMAN2,0.75,3,1,0.333333,0.588142,0.516404
LMCD1,0.75,3,1,0.333333,0.0,0.32966
LMNTD2,0.75,3,1,0.333333,3e-06,0.312836
LOXL1,0.75,3,1,0.333333,0.0,0.29423
LPCAT2,0.75,3,1,0.333333,0.150191,0.38055
LPIN3,0.75,3,1,0.333333,0.0,0.330491
LRCH1,0.75,3,1,0.333333,0.029568,0.334694
LRCH2,0.75,3,1,0.333333,1e-06,0.317013
LRIG2,0.75,3,1,0.333333,0.004995,0.330009
LRP8,0.75,3,1,0.333333,0.568072,0.611035
LRRC18,0.75,3,1,0.333333,0.298883,0.430087
LRRC23,0.75,3,1,0.333333,0.644597,0.582741
LRRC25,0.75,3,1,0.333333,2e-06,0.32185
LRRC8C,0.75,3,1,0.333333,0.340938,0.500364
LRRIQ4,0.75,3,1,0.333333,0.629741,0.529743
LRSAM1,0.75,3,1,0.333333,0.643087,0.5159
LTA4H,0.75,3,1,0.333333,0.000986,0.330768
LUZP2,0.75,3,1,0.333333,0.248461,0.409354
LYZL6,0.75,3,1,0.333333,0.011646,0.332577
MACROH2A2,0.75,3,1,0.333333,0.0,0.330284
MAGEA12,0.75,3,1,0.333333,0.0,0.279638
MAGEA8,0.75,3,1,0.333333,0.242966,0.408487
MAGED1,0.75,3,1,0.333333,0.035722,0.342644
MAGEE1,0.75,3,1,0.333333,0.000258,0.329132
MAN1A1,0.75,3,1,0.333333,0.004497,0.300366
MAPKAPK2,0.75,3,1,0.333333,0.623491,0.511704
MARCHF3,0.75,3,1,0.333333,0.523533,0.502516
MBNL3,0.75,3,1,0.333333,3.6e-05,0.259021
MC5R,0.75,3,1,0.333333,0.569825,0.496998
MCF2L2,0.75,3,1,0.333333,0.648939,0.698485
MDM2,0.75,3,1,0.333333,0.302723,0.516118
MDM4,0.75,3,1,0.333333,0.584003,0.70312
ME3,0.75,3,1,0.333333,0.239302,0.410266
MEI1,0.75,3,1,0.333333,0.026228,0.339209
METTL21C,0.75,3,1,0.333333,0.337714,0.489619
MFSD2B,0.75,3,1,0.333333,0.632779,0.657201
MGAT3,0.75,3,1,0.333333,0.426946,0.472802
MGLL,0.75,3,1,0.333333,0.0,0.330451
MIDN,0.75,3,1,0.333333,0.067797,0.351583
MKNK1,0.75,3,1,0.333333,0.652659,0.60063
MKRN2,0.75,3,1,0.333333,0.152382,0.39021
MKX,0.75,3,1,0.333333,0.0,0.328905
MLH1,0.75,3,1,0.333333,0.148831,0.367395
MME,0.75,3,1,0.333333,0.411511,0.593603
MOB4,0.75,3,1,0.333333,0.177959,0.403148
MPRIP,0.75,3,1,0.333333,0.238752,0.410074
MRPL1,0.75,3,1,0.333333,0.393332,0.508232
MSANTD1,0.75,3,1,0.333333,0.082481,0.35231
MTERF2,0.75,3,1,0.333333,0.426168,0.598797
MUTYH,0.75,3,1,0.333333,0.292942,0.425086
MVD,0.75,3,1,0.333333,0.000996,0.330739
MVK,0.75,3,1,0.333333,0.537693,0.479238
MYCT1,0.75,3,1,0.333333,0.733964,0.663901
MYDGF,0.75,3,1,0.333333,0.618085,0.535619
MYF6,0.75,3,1,0.333333,0.378264,0.451034
MYOZ1,0.75,3,1,0.333333,1.1e-05,0.330456
MZF1,0.75,3,1,0.333333,0.045972,0.344397
NADK2,0.75,3,1,0.333333,0.241566,0.406559
NAIP,0.75,3,1,0.333333,0.660063,0.686654
NANOG,0.75,3,1,0.333333,0.675191,0.63188
NAT9,0.75,3,1,0.333333,0.261414,0.394977
NCK2,0.75,3,1,0.333333,0.0,0.330458
NECTIN2,0.75,3,1,0.333333,2e-06,0.329419
NECTIN3,0.75,3,1,0.333333,0.63913,0.544332
NEK2,0.75,3,1,0.333333,0.425407,0.497403
NETO2,0.75,3,1,0.333333,0.578725,0.619153
NEU1,0.75,3,1,0.333333,0.627412,0.542167
NFYC,0.75,3,1,0.333333,0.331066,0.496648
NIPA1,0.75,3,1,0.333333,0.616291,0.532729
NOC3L,0.75,3,1,0.333333,0.000148,0.328499
NOMO2,0.75,3,1,0.333333,0.0,0.330435
NOP2,0.75,3,1,0.333333,0.444124,0.429626
NOS1AP,0.75,3,1,0.333333,0.605527,0.52941
NPAS3,0.75,3,1,0.333333,0.0,0.329846
NPTXR,0.75,3,1,0.333333,0.161579,0.384468
NR1H3,0.75,3,1,0.333333,0.666181,0.628224
NTN1,0.75,3,1,0.333333,0.622422,0.491619
NUP85,0.75,3,1,0.333333,0.264607,0.390407
OAS3,0.75,3,1,0.333333,0.415844,0.47676
OLFM1,0.75,3,1,0.333333,1e-05,0.291512
OPN1LW,0.75,3,1,0.333333,4.9e-05,0.326244
OPRPN,0.75,3,1,0.333333,0.461676,0.485818
OR10A2,0.75,3,1,0.333333,0.726708,0.595287
OR10G2,0.75,3,1,0.333333,0.000685,0.314316
OR13C3,0.75,3,1,0.333333,0.544631,0.632882
OR13F1,0.75,3,1,0.333333,0.45299,0.572863
OR1I1,0.75,3,1,0.333333,0.358383,0.471129
OR2A14,0.75,3,1,0.333333,0.702012,0.535556
OR2B3,0.75,3,1,0.333333,0.319606,0.448155
OR2K2,0.75,3,1,0.333333,0.267168,0.424089
OR2T10,0.75,3,1,0.333333,0.233483,0.408307
OR4A15,0.75,3,1,0.333333,0.625833,0.518521
OR4D2,0.75,3,1,0.333333,0.162728,0.32284
OR52B2,0.75,3,1,0.333333,0.673455,0.665864
OR5AU1,0.75,3,1,0.333333,0.013271,0.333482
OR5J2,0.75,3,1,0.333333,0.511447,0.573485
OR5M1,0.75,3,1,0.333333,0.384045,0.514602
OR6C65,0.75,3,1,0.333333,0.618003,0.596279
ORC3,0.75,3,1,0.333333,0.064119,0.351711
OTX2,0.75,3,1,0.333333,0.231205,0.357704
P2RY2,0.75,3,1,0.333333,0.683172,0.582912
P3H4,0.75,3,1,0.333333,0.207687,0.377579
P4HB,0.75,3,1,0.333333,0.027123,0.33946
PAK4,0.75,3,1,0.333333,7e-06,0.31551
PAMR1,0.75,3,1,0.333333,0.022202,0.319902
PAPOLB,0.75,3,1,0.333333,0.308752,0.447677
PAQR3,0.75,3,1,0.333333,0.005013,0.329013
PAQR9,0.75,3,1,0.333333,0.688477,0.706162
PARP3,0.75,3,1,0.333333,0.683395,0.563606
PASK,0.75,3,1,0.333333,0.210931,0.398952
PBX2,0.75,3,1,0.333333,7.5e-05,0.317555
PCARE,0.75,3,1,0.333333,0.235853,0.3869
PCCA,0.75,3,1,0.333333,0.007989,0.33315
PCCB,0.75,3,1,0.333333,0.001268,0.320133
PCDHA10,0.75,3,1,0.333333,0.540908,0.477382
PDCD2L,0.75,3,1,0.333333,0.507466,0.499651
PDE4B,0.75,3,1,0.333333,0.6635,0.517241
PDGFD,0.75,3,1,0.333333,0.068288,0.370315
PDK3,0.75,3,1,0.333333,0.000159,0.272857
PDLIM3,0.75,3,1,0.333333,0.292764,0.492481
PDS5B,0.75,3,1,0.333333,0.554102,0.674223
PDSS1,0.75,3,1,0.333333,0.282306,0.423967
PDZD8,0.75,3,1,0.333333,0.676659,0.661944
PELP1,0.75,3,1,0.333333,0.557989,0.516474
PER1,0.75,3,1,0.333333,0.078939,0.356807
PGBD4,0.75,3,1,0.333333,0.327608,0.440132
PHC2,0.75,3,1,0.333333,0.637698,0.595633
PHTF2,0.75,3,1,0.333333,0.693584,0.687563
PI4KA,0.75,3,1,0.333333,0.608561,0.522408
PIM2,0.75,3,1,0.333333,0.732002,0.572236
PIP4K2A,0.75,3,1,0.333333,0.73074,0.66416
PJA1,0.75,3,1,0.333333,0.0,0.328247
PKM,0.75,3,1,0.333333,0.28174,0.386576
PLCZ1,0.75,3,1,0.333333,0.635727,0.542989
PLIN5,0.75,3,1,0.333333,0.191001,0.394335
PLOD2,0.75,3,1,0.333333,0.281213,0.51053
PNLIPRP3,0.75,3,1,0.333333,0.209319,0.401486
PNPLA1,0.75,3,1,0.333333,0.497803,0.630717
PNPLA2,0.75,3,1,0.333333,0.518575,0.498052
POLE2,0.75,3,1,0.333333,0.05503,0.348573
POLE3,0.75,3,1,0.333333,0.121329,0.370585
POLR2A,0.75,3,1,0.333333,0.074003,0.305895
POU4F2,0.75,3,1,0.333333,0.00057,0.296741
PPIG,0.75,3,1,0.333333,0.472124,0.512579
PPM1H,0.75,3,1,0.333333,0.315558,0.423166
PPM1K,0.75,3,1,0.333333,0.219353,0.398126
PPP1CC,0.75,3,1,0.333333,0.24537,0.4125
PPP1R18,0.75,3,1,0.333333,0.0,0.330118
PPP1R32,0.75,3,1,0.333333,0.615589,0.517367
PPP2R1A,0.75,3,1,0.333333,0.500072,0.453218
PPP2R2C,0.75,3,1,0.333333,0.469036,0.533649
PPRC1,0.75,3,1,0.333333,0.066434,0.352639
PRIMPOL,0.75,3,1,0.333333,0.216346,0.348538
PRR11,0.75,3,1,0.333333,0.205954,0.416848
PRRC2A,0.75,3,1,0.333333,0.688335,0.553316
PSG8,0.75,3,1,0.333333,0.642776,0.692362
PSTK,0.75,3,1,0.333333,0.58674,0.568171
PTAFR,0.75,3,1,0.333333,0.488482,0.477358
PTHLH,0.75,3,1,0.333333,0.721871,0.579918
PTOV1,0.75,3,1,0.333333,0.51536,0.494572
PTX4,0.75,3,1,0.333333,0.005314,0.261747
PUDP,0.75,3,1,0.333333,0.44554,0.474111
PUF60,0.75,3,1,0.333333,0.580876,0.522838
PUM2,0.75,3,1,0.333333,0.005019,0.329378
PXYLP1,0.75,3,1,0.333333,0.507529,0.491621
R3HDM1,0.75,3,1,0.333333,0.032211,0.287728
RAB11B,0.75,3,1,0.333333,0.056061,0.274391
RAB39B,0.75,3,1,0.333333,0.0,0.330444
RAD54L,0.75,3,1,0.333333,0.640147,0.602917
RALBP1,0.75,3,1,0.333333,0.406115,0.596385
RASD2,0.75,3,1,0.333333,2.3e-05,0.330511
RASEF,0.75,3,1,0.333333,0.167198,0.41707
RBFOX1,0.75,3,1,0.333333,0.395463,0.52467
RBM25,0.75,3,1,0.333333,0.481662,0.488919
RBM46,0.75,3,1,0.333333,0.503898,0.49457
RCHY1,0.75,3,1,0.333333,0.139925,0.3752
REXO1,0.75,3,1,0.333333,0.0,0.330166
RHOXF1,0.75,3,1,0.333333,0.53963,0.663472
RILP,0.75,3,1,0.333333,0.211209,0.400889
RIPOR2,0.75,3,1,0.333333,0.011212,0.335793
RMC1,0.75,3,1,0.333333,0.324312,0.42584
RNASE11,0.75,3,1,0.333333,0.575002,0.654854
RNASET2,0.75,3,1,0.333333,0.241662,0.404502
RNF25,0.75,3,1,0.333333,0.564136,0.513087
RNF43,0.75,3,1,0.333333,0.507384,0.53302
RNFT2,0.75,3,1,0.333333,0.583334,0.633865
RNH1,0.75,3,1,0.333333,0.274334,0.366249
ROBO4,0.75,3,1,0.333333,0.004296,0.331928
RPF1,0.75,3,1,0.333333,0.205897,0.395902
RPGRIP1,0.75,3,1,0.333333,4e-05,0.307075
RRAGB,0.75,3,1,0.333333,0.015237,0.326416
RTL4,0.75,3,1,0.333333,0.0,0.328949
SAXO2,0.75,3,1,0.333333,0.157166,0.391995
SBNO2,0.75,3,1,0.333333,0.216866,0.402735
SBSPON,0.75,3,1,0.333333,0.388473,0.410683
SCYL3,0.75,3,1,0.333333,0.6645,0.686112
SDC2,0.75,3,1,0.333333,0.199504,0.438546
SEC23IP,0.75,3,1,0.333333,1e-06,0.330454
SEC24C,0.75,3,1,0.333333,0.474263,0.498345
SEC63,0.75,3,1,0.333333,0.411128,0.501891
SECISBP2,0.75,3,1,0.333333,0.602549,0.531349
SELENOO,0.75,3,1,0.333333,0.0,0.330293
SEMA6A,0.75,3,1,0.333333,0.0,0.327499
SERTM1,0.75,3,1,0.333333,1.1e-05,0.326961
SFTPC,0.75,3,1,0.333333,0.604237,0.68711
SFXN5,0.75,3,1,0.333333,0.000141,0.315354
SH3BP2,0.75,3,1,0.333333,0.363003,0.449934
SHANK1,0.75,3,1,0.333333,1e-06,0.299693
SHISA5,0.75,3,1,0.333333,0.207425,0.398833
SIGLEC12,0.75,3,1,0.333333,0.261779,0.480327
SIGLEC15,0.75,3,1,0.333333,4e-06,0.330489
SIK2,0.75,3,1,0.333333,0.44028,0.430644
SLAIN2,0.75,3,1,0.333333,0.209397,0.412821
SLC17A1,0.75,3,1,0.333333,0.004844,0.323231
SLC22A13,0.75,3,1,0.333333,0.016768,0.331468
SLC22A7,0.75,3,1,0.333333,0.562613,0.620786
SLC22A8,0.75,3,1,0.333333,0.274264,0.418771
SLC34A3,0.75,3,1,0.333333,0.600105,0.495496
SLC35B3,0.75,3,1,0.333333,0.517823,0.498279
SLC43A3,0.75,3,1,0.333333,0.465401,0.485554
SLC49A3,0.75,3,1,0.333333,0.597326,0.500395
SLC7A9,0.75,3,1,0.333333,0.189926,0.411933
SLITRK3,0.75,3,1,0.333333,0.001058,0.330993
SMIM19,0.75,3,1,0.333333,0.284756,0.424501
SNAP91,0.75,3,1,0.333333,0.363227,0.404553
SNIP1,0.75,3,1,0.333333,0.209886,0.425686
SOGA1,0.75,3,1,0.333333,0.0,0.330501
SORBS3,0.75,3,1,0.333333,0.548513,0.537597
SPI1,0.75,3,1,0.333333,0.390382,0.460356
SPIRE1,0.75,3,1,0.333333,0.612452,0.574595
SPO11,0.75,3,1,0.333333,0.655193,0.763996
SPON1,0.75,3,1,0.333333,0.064775,0.303452
SPON2,0.75,3,1,0.333333,0.020782,0.327107
SRD5A2,0.75,3,1,0.333333,0.001219,0.29342
SSX9P,0.75,3,1,0.333333,0.733689,0.815406
STAC,0.75,3,1,0.333333,0.605448,0.531466
STAM,0.75,3,1,0.333333,0.335105,0.437902
STC1,0.75,3,1,0.333333,0.39746,0.458303
STK26,0.75,3,1,0.333333,0.003418,0.310021
STK32B,0.75,3,1,0.333333,0.673172,0.515268
STRA6,0.75,3,1,0.333333,0.078892,0.353808
STRN4,0.75,3,1,0.333333,0.555135,0.540203
SULT1E1,0.75,3,1,0.333333,0.637121,0.561975
SUSD2,0.75,3,1,0.333333,0.631005,0.541014
SYBU,0.75,3,1,0.333333,0.042978,0.341703
SYCP2L,0.75,3,1,0.333333,0.377932,0.479836
SYNE3,0.75,3,1,0.333333,0.540682,0.480025
SYT7,0.75,3,1,0.333333,0.254882,0.445482
SYT9,0.75,3,1,0.333333,0.242948,0.42282
TAB3,0.75,3,1,0.333333,0.713434,0.632734
TAC3,0.75,3,1,0.333333,0.0,0.329491
TARS1,0.75,3,1,0.333333,0.458257,0.528974
TAS1R3,0.75,3,1,0.333333,1e-06,0.329334
TAS2R14,0.75,3,1,0.333333,0.03285,0.345326
TAS2R16,0.75,3,1,0.333333,0.366548,0.487356
TAS2R20,0.75,3,1,0.333333,0.51758,0.50613
TBC1D25,0.75,3,1,0.333333,0.001344,0.324967
TBC1D2B,0.75,3,1,0.333333,0.586466,0.517233
TBCK,0.75,3,1,0.333333,0.0065,0.333415
TBL1X,0.75,3,1,0.333333,0.0,0.32213
TBR1,0.75,3,1,0.333333,0.608786,0.524346
TBX18,0.75,3,1,0.333333,0.002756,0.330797
TBX20,0.75,3,1,0.333333,0.20159,0.413578
TBX5,0.75,3,1,0.333333,0.672915,0.660609
TCEAL3,0.75,3,1,0.333333,0.386256,0.453259
TCF25,0.75,3,1,0.333333,0.70361,0.592554
TCF4,0.75,3,1,0.333333,0.0,0.25883
TCTN2,0.75,3,1,0.333333,0.321005,0.427375
TECPR2,0.75,3,1,0.333333,0.201656,0.397674
TEF,0.75,3,1,0.333333,0.634923,0.492859
TGFB1,0.75,3,1,0.333333,0.082272,0.357841
TGFB2,0.75,3,1,0.333333,0.536088,0.521083
TGS1,0.75,3,1,0.333333,0.563638,0.506905
THAP11,0.75,3,1,0.333333,0.691022,0.560811
THEMIS2,0.75,3,1,0.333333,0.564323,0.58725
TIGD4,0.75,3,1,0.333333,0.629122,0.473538
TM4SF1,0.75,3,1,0.333333,0.713546,0.674847
TM6SF1,0.75,3,1,0.333333,0.298474,0.435254
TMC6,0.75,3,1,0.333333,0.480111,0.548821
TMCC3,0.75,3,1,0.333333,0.639326,0.545369
TMEM135,0.75,3,1,0.333333,0.0,0.313067
TMEM159,0.75,3,1,0.333333,0.277725,0.479724
TMEM161A,0.75,3,1,0.333333,0.507694,0.501297
TMEM25,0.75,3,1,0.333333,0.40377,0.465067
TMEM260,0.75,3,1,0.333333,0.230529,0.403456
TMPRSS3,0.75,3,1,0.333333,0.528952,0.618893
TMPRSS9,0.75,3,1,0.333333,2.2e-05,0.330233
TMTC2,0.75,3,1,0.333333,0.683972,0.606707
TNFRSF10A,0.75,3,1,0.333333,0.628698,0.542707
TNFRSF4,0.75,3,1,0.333333,0.0,0.328164
TNFSF18,0.75,3,1,0.333333,0.496019,0.636084
TNNC1,0.75,3,1,0.333333,0.010814,0.283662
TNPO2,0.75,3,1,0.333333,4e-06,0.330498
TOM1,0.75,3,1,0.333333,0.0,0.323994
TOMM40L,0.75,3,1,0.333333,0.158208,0.385729
TOX4,0.75,3,1,0.333333,0.526325,0.503748
TPM3,0.75,3,1,0.333333,0.141075,0.399178
TREX2,0.75,3,1,0.333333,0.011724,0.32942
TRIM11,0.75,3,1,0.333333,0.177057,0.380418
TRIM33,0.75,3,1,0.333333,0.549599,0.515738
TRIM37,0.75,3,1,0.333333,0.487532,0.577282
TRIM40,0.75,3,1,0.333333,0.095362,0.356913
TRIM9,0.75,3,1,0.333333,0.0,0.326787
TRNAU1AP,0.75,3,1,0.333333,0.393415,0.463746
TSR2,0.75,3,1,0.333333,0.0,0.327966
TSSK6,0.75,3,1,0.333333,0.0,0.330459
TTLL4,0.75,3,1,0.333333,0.292719,0.376173
TUBD1,0.75,3,1,0.333333,0.292416,0.478298
UBA1,0.75,3,1,0.333333,0.679061,0.538357
UBE2O,0.75,3,1,0.333333,7.6e-05,0.330531
UCKL1,0.75,3,1,0.333333,0.374437,0.501301
UFSP2,0.75,3,1,0.333333,0.015419,0.332311
UGCG,0.75,3,1,0.333333,0.606494,0.650319
USH1C,0.75,3,1,0.333333,4e-06,0.330431
USP16,0.75,3,1,0.333333,0.182142,0.414934
UTP25,0.75,3,1,0.333333,0.391593,0.542191
VAMP7,0.75,3,1,0.333333,0.242606,0.413555
VEGFD,0.75,3,1,0.333333,0.0,0.32166
VMP1,0.75,3,1,0.333333,0.080569,0.357319
VNN1,0.75,3,1,0.333333,0.562366,0.549364
VPS54,0.75,3,1,0.333333,0.000762,0.316814
WAS,0.75,3,1,0.333333,0.560222,0.516358
WDR37,0.75,3,1,0.333333,0.125046,0.372325
WDR49,0.75,3,1,0.333333,0.216582,0.401379
WDR76,0.75,3,1,0.333333,0.666225,0.632268
WEE2,0.75,3,1,0.333333,0.691967,0.72744
WIPF1,0.75,3,1,0.333333,0.26273,0.41682
XPNPEP2,0.75,3,1,0.333333,0.000752,0.329208
XYLT2,0.75,3,1,0.333333,0.660154,0.588466
YARS2,0.75,3,1,0.333333,0.151731,0.381041
Z83844.2,0.75,3,1,0.333333,0.613822,0.589632
ZBTB10,0.75,3,1,0.333333,0.677688,0.556399
ZC3H11A,0.75,3,1,0.333333,0.006251,0.330865
ZCCHC12,0.75,3,1,0.333333,0.206236,0.353793
ZDHHC23,0.75,3,1,0.333333,0.128363,0.350476
ZFAND2B,0.75,3,1,0.333333,0.570062,0.520469
ZGPAT,0.75,3,1,0.333333,0.133209,0.350856
ZIC4,0.75,3,1,0.333333,0.236248,0.408346
ZKSCAN7,0.75,3,1,0.333333,0.491183,0.495359
ZNF18,0.75,3,1,0.333333,3.6e-05,0.330521
ZNF180,0.75,3,1,0.333333,0.162119,0.368097
ZNF189,0.75,3,1,0.333333,0.525969,0.506171
ZNF300,0.75,3,1,0.333333,0.027256,0.323319
ZNF384,0.75,3,1,0.333333,0.614682,0.569954
ZNF430,0.75,3,1,0.333333,0.353685,0.523626
ZNF442,0.75,3,1,0.333333,0.598407,0.700365
ZNF461,0.75,3,1,0.333333,0.363461,0.448579
ZNF527,0.75,3,1,0.333333,0.410653,0.530277
ZNF557,0.75,3,1,0.333333,0.075555,0.355829
ZNF564,0.75,3,1,0.333333,0.737888,0.577337
ZNF583,0.75,3,1,0.333333,0.004634,0.331974
ZNF597,0.75,3,1,0.333333,0.458378,0.483277
ZNF611,0.75,3,1,0.333333,0.337638,0.517432
ZNF619,0.75,3,1,0.333333,0.133879,0.372601
ZNF641,0.75,3,1,0.333333,0.48016,0.590679
ZNF76,0.75,3,1,0.333333,0.654086,0.750706
ZNF787,0.75,3,1,0.333333,0.691011,0.55693
ZRANB3,0.75,3,1,0.333333,0.000972,0.330677
ZSWIM2,0.75,3,1,0.333333,0.442154,0.4794
ZXDA,0.75,3,1,0.333333,0.415557,0.544317
ABCC2,0.75,4,1,0.25,0.428161,0.461509
ACAP1,0.75,4,1,0.25,0.084919,0.290273
ACOT12,0.75,4,1,0.25,0.673763,0.59057
ACOXL,0.75,4,1,0.25,0.384612,0.426321
ADAMTS14,0.75,4,1,0.25,0.0,0.227902
ADD1,0.75,4,1,0.25,0.504198,0.498832
ADGRA2,0.75,4,1,0.25,0.188077,0.332706
ADGRB2,0.75,4,1,0.25,0.165582,0.330634
ADORA1,0.75,4,1,0.25,0.328017,0.413357
ADRA2C,0.75,4,1,0.25,0.0,0.241493
AIPL1,0.75,4,1,0.25,5.2e-05,0.211732
ANAPC4,0.75,4,1,0.25,0.746748,0.585909
ANKIB1,0.75,4,1,0.25,0.07226,0.280874
ANKRD28,0.75,4,1,0.25,0.002057,0.246938
ANKS4B,0.75,4,1,0.25,0.004254,0.250391
AP2A1,0.75,4,1,0.25,0.070998,0.283351
APAF1,0.75,4,1,0.25,0.149749,0.300292
ARHGEF10,0.75,4,1,0.25,0.62466,0.560243
ARHGEF17,0.75,4,1,0.25,0.488076,0.489776
ARID1B,0.75,4,1,0.25,0.333281,0.408874
ARID4A,0.75,4,1,0.25,0.443175,0.462907
ARNT2,0.75,4,1,0.25,0.48336,0.489917
ARSI,0.75,4,1,0.25,0.636794,0.603967
ATP1A3,0.75,4,1,0.25,0.244037,0.368672
BCKDHB,0.75,4,1,0.25,0.032534,0.260508
BDKRB2,0.75,4,1,0.25,0.31372,0.36722
BRINP1,0.75,4,1,0.25,0.160984,0.314065
BTRC,0.75,4,1,0.25,0.0,0.215008
C12orf4,0.75,4,1,0.25,0.30703,0.422908
C16orf70,0.75,4,1,0.25,0.014275,0.213135
C2CD5,0.75,4,1,0.25,0.427261,0.515952
C3orf38,0.75,4,1,0.25,0.002713,0.249196
CALCOCO2,0.75,4,1,0.25,0.301732,0.391529
CAPS2,0.75,4,1,0.25,0.576088,0.588978
CCDC88C,0.75,4,1,0.25,0.266313,0.380361
CCNF,0.75,4,1,0.25,0.126586,0.311262
CD300A,0.75,4,1,0.25,0.481572,0.531036
CD38,0.75,4,1,0.25,0.381572,0.410546
CD93,0.75,4,1,0.25,0.337424,0.412796
CDC42EP4,0.75,4,1,0.25,0.191026,0.318216
CEP55,0.75,4,1,0.25,0.335498,0.41142
CEP57L1,0.75,4,1,0.25,0.004248,0.239924
CETP,0.75,4,1,0.25,0.619856,0.567457
CFHR2,0.75,4,1,0.25,0.392601,0.430069
CHST15,0.75,4,1,0.25,0.015471,0.201554
CLCC1,0.75,4,1,0.25,0.46391,0.481746
CLCN6,0.75,4,1,0.25,0.543994,0.540971
CNKSR2,0.75,4,1,0.25,0.703353,0.557809
COPB1,0.75,4,1,0.25,0.151441,0.323589
CREB3L1,0.75,4,1,0.25,0.022822,0.205908
CSH2,0.75,4,1,0.25,0.215945,0.35585
CSNK1G1,0.75,4,1,0.25,0.158406,0.282984
CSTF1,0.75,4,1,0.25,0.436987,0.509608
CTBP1,0.75,4,1,0.25,0.491144,0.491639
CTSE,0.75,4,1,0.25,0.267771,0.381951
CTSG,0.75,4,1,0.25,0.452204,0.512455
CTSS,0.75,4,1,0.25,0.300993,0.398325
DAB2,0.75,4,1,0.25,0.456862,0.538374
DBF4B,0.75,4,1,0.25,0.449083,0.511562
DCAF5,0.75,4,1,0.25,0.175084,0.333683
DCLRE1B,0.75,4,1,0.25,0.61781,0.558534
DENND4B,0.75,4,1,0.25,0.234627,0.365148
DENND4C,0.75,4,1,0.25,0.081333,0.273683
DRICH1,0.75,4,1,0.25,0.485592,0.567264
DROSHA,0.75,4,1,0.25,0.307193,0.396387
DTX4,0.75,4,1,0.25,0.615005,0.555834
EFTUD2,0.75,4,1,0.25,0.441655,0.462763
EGR3,0.75,4,1,0.25,0.150642,0.323303
ELMOD3,0.75,4,1,0.25,0.631484,0.57846
ENO3,0.75,4,1,0.25,0.437301,0.543751
ENPP6,0.75,4,1,0.25,0.315999,0.466589
EPHX4,0.75,4,1,0.25,0.157063,0.310582
ERICH6,0.75,4,1,0.25,0.506368,0.569119
ERP27,0.75,4,1,0.25,0.429249,0.447364
ESRRB,0.75,4,1,0.25,0.070437,0.28309
ESX1,0.75,4,1,0.25,0.175535,0.333404
FADS3,0.75,4,1,0.25,0.30134,0.397688
FAF1,0.75,4,1,0.25,0.274421,0.37271
FAM13C,0.75,4,1,0.25,0.210385,0.328016
FAM234A,0.75,4,1,0.25,0.312272,0.360096
FGD4,0.75,4,1,0.25,0.333599,0.414659
FGF20,0.75,4,1,0.25,0.059387,0.262039
FKBP8,0.75,4,1,0.25,0.467538,0.464075
FOXR1,0.75,4,1,0.25,0.64385,0.559022
FZD10,0.75,4,1,0.25,0.377405,0.423895
FZD4,0.75,4,1,0.25,0.039131,0.267078
GAB2,0.75,4,1,0.25,0.509359,0.595242
GALNT9,0.75,4,1,0.25,0.171519,0.358021
GAPDHS,0.75,4,1,0.25,0.166652,0.327187
GDF2,0.75,4,1,0.25,0.222008,0.329154
GGTLC1,0.75,4,1,0.25,0.568725,0.588558
GIPC3,0.75,4,1,0.25,0.180781,0.321057
GM2A,0.75,4,1,0.25,0.012628,0.245788
GNAS,0.75,4,1,0.25,0.008622,0.243593
GRHL2,0.75,4,1,0.25,0.390144,0.432534
GTSE1,0.75,4,1,0.25,0.147997,0.316209
GUCY2F,0.75,4,1,0.25,0.651401,0.556735
HIP1R,0.75,4,1,0.25,0.246273,0.35774
HMGCS1,0.75,4,1,0.25,0.455821,0.476431
HP1BP3,0.75,4,1,0.25,0.167341,0.295011
HTR4,0.75,4,1,0.25,0.581201,0.538642
IDO1,0.75,4,1,0.25,0.023289,0.259444
IGHM,0.75,4,1,0.25,0.047076,0.255195
IL22,0.75,4,1,0.25,0.546913,0.492609
INPP1,0.75,4,1,0.25,0.449228,0.454101
INPP5J,0.75,4,1,0.25,0.098969,0.297304
IQGAP3,0.75,4,1,0.25,0.609932,0.652466
ITIH3,0.75,4,1,0.25,0.277585,0.387844
KCNN4,0.75,4,1,0.25,0.258052,0.348281
KCNQ4,0.75,4,1,0.25,0.000161,0.2014
KCNS1,0.75,4,1,0.25,0.004005,0.232663
KIAA1586,0.75,4,1,0.25,0.41408,0.453082
KIRREL3,0.75,4,1,0.25,0.031098,0.209717
KLB,0.75,4,1,0.25,0.246362,0.411843
KLHL4,0.75,4,1,0.25,0.324352,0.399532
KLHL40,0.75,4,1,0.25,0.002248,0.241541
KNG1,0.75,4,1,0.25,0.208329,0.346736
KNSTRN,0.75,4,1,0.25,0.31843,0.404114
KRT20,0.75,4,1,0.25,0.446031,0.464334
KRTAP12-3,0.75,4,1,0.25,0.439172,0.525752
LAS1L,0.75,4,1,0.25,0.470296,0.48788
LBR,0.75,4,1,0.25,0.69202,0.585323
LEFTY1,0.75,4,1,0.25,0.331496,0.411504
LGALS12,0.75,4,1,0.25,0.046693,0.271776
LGI3,0.75,4,1,0.25,0.590486,0.543067
LIMCH1,0.75,4,1,0.25,0.530977,0.509127
LINGO1,0.75,4,1,0.25,0.362088,0.422245
LMX1A,0.75,4,1,0.25,0.123222,0.312266
LONRF2,0.75,4,1,0.25,0.0312,0.223807
LRRC40,0.75,4,1,0.25,0.524106,0.510212
LRRC4C,0.75,4,1,0.25,0.559816,0.525088
MAGED2,0.75,4,1,0.25,0.0,0.241207
MAMLD1,0.75,4,1,0.25,0.001203,0.237637
MAPK7,0.75,4,1,0.25,0.003142,0.231872
MARCHF4,0.75,4,1,0.25,0.001331,0.236092
MATN2,0.75,4,1,0.25,0.066373,0.281009
MBTPS1,0.75,4,1,0.25,0.363575,0.476072
MCM4,0.75,4,1,0.25,0.434688,0.451881
MCRS1,0.75,4,1,0.25,0.319711,0.375569
MGAT2,0.75,4,1,0.25,0.244763,0.311309
MGAT5B,0.75,4,1,0.25,0.056259,0.2355
MIS12,0.75,4,1,0.25,0.114513,0.305132
MLKL,0.75,4,1,0.25,0.648605,0.571846
MMP10,0.75,4,1,0.25,0.389951,0.500651
MMP17,0.75,4,1,0.25,0.443364,0.468844
MPP1,0.75,4,1,0.25,1e-06,0.233442
MPP4,0.75,4,1,0.25,8.3e-05,0.247378
MSLN,0.75,4,1,0.25,0.134764,0.320188
MTMR1,0.75,4,1,0.25,0.04789,0.268481
MTMR7,0.75,4,1,0.25,0.355923,0.425379
MYH10,0.75,4,1,0.25,0.523979,0.527543
MYO7B,0.75,4,1,0.25,0.076507,0.283588
NDUFV1,0.75,4,1,0.25,0.057714,0.276649
NEFL,0.75,4,1,0.25,0.523039,0.502501
NF2,0.75,4,1,0.25,0.302124,0.385913
NIBAN1,0.75,4,1,0.25,0.359838,0.42514
NIT2,0.75,4,1,0.25,0.115941,0.302325
NKAPL,0.75,4,1,0.25,0.108662,0.299724
NMRK2,0.75,4,1,0.25,0.003134,0.249408
NOL4,0.75,4,1,0.25,0.45292,0.513023
NPAT,0.75,4,1,0.25,0.371071,0.458416
NPBWR1,0.75,4,1,0.25,0.303766,0.399599
NPEPPS,0.75,4,1,0.25,0.419534,0.43791
NR2C1,0.75,4,1,0.25,0.386615,0.43198
NUDT21,0.75,4,1,0.25,0.472925,0.484315
NUF2,0.75,4,1,0.25,0.27255,0.384033
OCLN,0.75,4,1,0.25,0.490326,0.542447
OPRM1,0.75,4,1,0.25,0.731846,0.645319
OR10C1,0.75,4,1,0.25,0.618996,0.602703
OR1M1,0.75,4,1,0.25,0.124356,0.304403
OR2C3,0.75,4,1,0.25,0.362155,0.418746
OR4C12,0.75,4,1,0.25,0.624724,0.578376
OR4D6,0.75,4,1,0.25,0.603075,0.606955
OR4K13,0.75,4,1,0.25,0.010446,0.200682
OR51G2,0.75,4,1,0.25,0.419474,0.492483
OR52K2,0.75,4,1,0.25,0.288297,0.373776
OR6F1,0.75,4,1,0.25,0.016147,0.22942
OR8D1,0.75,4,1,0.25,0.194116,0.369539
OR8S1,0.75,4,1,0.25,0.129406,0.312584
OSBPL10,0.75,4,1,0.25,0.135661,0.312282
PARGP1,0.75,4,1,0.25,0.319352,0.401309
PAX8,0.75,4,1,0.25,1.4e-05,0.242621
PCID2,0.75,4,1,0.25,0.522363,0.500378
PDZD3,0.75,4,1,0.25,0.208263,0.332203
PDZD4,0.75,4,1,0.25,0.000254,0.216294
PEG10,0.75,4,1,0.25,0.246536,0.367867
PEX10,0.75,4,1,0.25,0.15693,0.319956
PGPEP1L,0.75,4,1,0.25,0.434577,0.525065
PIAS2,0.75,4,1,0.25,0.387792,0.420262
PLAGL2,0.75,4,1,0.25,0.606161,0.550925
PLEKHA6,0.75,4,1,0.25,0.185341,0.317551
PLEKHG3,0.75,4,1,0.25,0.039466,0.267605
PLEKHS1,0.75,4,1,0.25,0.213572,0.354616
PLXDC1,0.75,4,1,0.25,0.213988,0.354836
PLXNA1,0.75,4,1,0.25,0.388454,0.439806
PNMA3,0.75,4,1,0.25,0.313714,0.403987
POP1,0.75,4,1,0.25,0.492807,0.532685
PPFIBP1,0.75,4,1,0.25,0.566503,0.568865
PPIL2,0.75,4,1,0.25,0.0,0.247842
PRDM13,0.75,4,1,0.25,0.189334,0.338228
PRDM16,0.75,4,1,0.25,0.370951,0.433346
PRKACA,0.75,4,1,0.25,0.111623,0.278006
PRKACG,0.75,4,1,0.25,0.000563,0.248104
PROX2,0.75,4,1,0.25,0.148648,0.322187
PTPN14,0.75,4,1,0.25,0.145678,0.320685
RABGGTA,0.75,4,1,0.25,0.244057,0.364341
RALGPS2,0.75,4,1,0.25,0.149827,0.306032
RAVER1,0.75,4,1,0.25,0.05075,0.258251
RIMS1,0.75,4,1,0.25,0.304551,0.399798
RIOK1,0.75,4,1,0.25,0.425383,0.502383
RNF130,0.75,4,1,0.25,0.1066,0.297711
RPS6KL1,0.75,4,1,0.25,0.080274,0.274762
RSPO1,0.75,4,1,0.25,0.625091,0.617623
RTF2,0.75,4,1,0.25,0.466166,0.480895
RTN2,0.75,4,1,0.25,0.43514,0.502432
RTP1,0.75,4,1,0.25,0.168033,0.329754
SCAF1,0.75,4,1,0.25,0.002158,0.247587
SCTR,0.75,4,1,0.25,0.000207,0.239503
SEMA4B,0.75,4,1,0.25,0.314461,0.390213
SEPHS1,0.75,4,1,0.25,0.253861,0.374794
SEPTIN11,0.75,4,1,0.25,0.603751,0.612636
SERPINA12,0.75,4,1,0.25,7.1e-05,0.247854
SERPINB1,0.75,4,1,0.25,0.643869,0.569782
SERPINC1,0.75,4,1,0.25,0.251191,0.395697
SERTAD2,0.75,4,1,0.25,0.328626,0.38515
SH2D4B,0.75,4,1,0.25,0.030658,0.23433
SH3BP5,0.75,4,1,0.25,0.232925,0.356694
SLC15A1,0.75,4,1,0.25,0.005857,0.212079
SLC18A2,0.75,4,1,0.25,0.574914,0.53508
SLC24A1,0.75,4,1,0.25,0.510368,0.560973
SLC26A11,0.75,4,1,0.25,0.301879,0.381597
SLC32A1,0.75,4,1,0.25,0.616653,0.582592
SLC36A1,0.75,4,1,0.25,0.565473,0.52679
SLC41A1,0.75,4,1,0.25,0.114602,0.302615
SLC5A1,0.75,4,1,0.25,0.505996,0.480822
SLC7A3,0.75,4,1,0.25,7e-05,0.247807
SLC9A6,0.75,4,1,0.25,0.611948,0.551586
SMTN,0.75,4,1,0.25,0.001647,0.226579
SMYD5,0.75,4,1,0.25,0.121962,0.305336
SPACA1,0.75,4,1,0.25,0.270673,0.377103
SSR2,0.75,4,1,0.25,0.274437,0.393985
STAT6,0.75,4,1,0.25,0.428629,0.502879
STK36,0.75,4,1,0.25,0.5227,0.488478
STOML3,0.75,4,1,0.25,0.049552,0.272152
STOX1,0.75,4,1,0.25,0.569963,0.53265
STRN3,0.75,4,1,0.25,0.606036,0.550649
TAF6L,0.75,4,1,0.25,0.317834,0.425664
TAP2,0.75,4,1,0.25,0.326851,0.406618
TARBP1,0.75,4,1,0.25,0.425048,0.461337
TARS3,0.75,4,1,0.25,0.354483,0.424506
TAX1BP1,0.75,4,1,0.25,0.36929,0.432776
TBX21,0.75,4,1,0.25,0.017116,0.256396
TCEA1,0.75,4,1,0.25,0.235432,0.361732
TECPR1,0.75,4,1,0.25,4.1e-05,0.236293
TFCP2L1,0.75,4,1,0.25,9.2e-05,0.20827
TGFBR3,0.75,4,1,0.25,0.322606,0.417625
TM9SF2,0.75,4,1,0.25,0.096579,0.296339
TMEM255B,0.75,4,1,0.25,0.340296,0.408453
TMEM26,0.75,4,1,0.25,4e-06,0.243926
TMEM30A,0.75,4,1,0.25,0.334465,0.410919
TMF1,0.75,4,1,0.25,0.215875,0.351272
TPRG1,0.75,4,1,0.25,0.16046,0.327524
TRIM26,0.75,4,1,0.25,0.205746,0.350556
TRMT1L,0.75,4,1,0.25,0.380339,0.436356
TUBA1A,0.75,4,1,0.25,0.370838,0.51297
TUBB7P,0.75,4,1,0.25,0.07962,0.286877
TUBG1,0.75,4,1,0.25,0.174486,0.320854
TUBGCP5,0.75,4,1,0.25,0.001231,0.224551
ULK1,0.75,4,1,0.25,1.7e-05,0.232721
USP1,0.75,4,1,0.25,0.509652,0.528282
USP6NL,0.75,4,1,0.25,0.302713,0.395032
UTP15,0.75,4,1,0.25,0.563685,0.6099
UVRAG,0.75,4,1,0.25,0.629957,0.60863
VPS39,0.75,4,1,0.25,0.331159,0.430895
WIPI1,0.75,4,1,0.25,0.323535,0.438334
XPNPEP1,0.75,4,1,0.25,0.046982,0.271339
YWHAE,0.75,4,1,0.25,0.436858,0.466334
ZC3H18,0.75,4,1,0.25,0.006383,0.250882
ZC3H3,0.75,4,1,0.25,0.331232,0.413457
ZFR2,0.75,4,1,0.25,0.044673,0.262253
ZFX,0.75,4,1,0.25,0.015735,0.246387
ZKSCAN2,0.75,4,1,0.25,0.519485,0.507832
ZMIZ1,0.75,4,1,0.25,0.001031,0.232167
ZMYND11,0.75,4,1,0.25,0.221271,0.358478
ZNF235,0.75,4,1,0.25,0.312405,0.434383
ZNF283,0.75,4,1,0.25,0.345605,0.417125
ZNF33A,0.75,4,1,0.25,0.559591,0.527632
ZNF341,0.75,4,1,0.25,0.088438,0.291576
ZNF37A,0.75,4,1,0.25,0.128936,0.312334
ZNF443,0.75,4,1,0.25,0.417057,0.456259
ZNF592,0.75,4,1,0.25,0.245807,0.370759
ZNF792,0.75,4,1,0.25,0.189734,0.347825
ZNF883,0.75,4,1,0.25,0.32192,0.391344
ZSCAN10,0.75,4,1,0.25,0.387964,0.460009
A4GALT,0.75,5,1,0.2,0.057377,0.290104
ABCF3,0.75,5,1,0.2,0.000133,0.170856
ACTL8,0.75,5,1,0.2,0.389832,0.397643
ADAMTS5,0.75,5,1,0.2,0.437913,0.433195
AHDC1,0.75,5,1,0.2,0.397194,0.442438
AICDA,0.75,5,1,0.2,0.329174,0.356511
ALDH1A3,0.75,5,1,0.2,0.378372,0.475093
AMHR2,0.75,5,1,0.2,0.303797,0.36745
AOX1,0.75,5,1,0.2,0.452869,0.414741
ARHGEF7,0.75,5,1,0.2,0.0,0.198251
ASB2,0.75,5,1,0.2,0.25773,0.291087
AVPR1B,0.75,5,1,0.2,0.138838,0.268248
BCHE,0.75,5,1,0.2,0.616158,0.642847
BMPER,0.75,5,1,0.2,0.56374,0.54088
C1S,0.75,5,1,0.2,0.567893,0.539965
CABP1,0.75,5,1,0.2,0.392478,0.426649
CDC5L,0.75,5,1,0.2,0.666833,0.549874
CDH15,0.75,5,1,0.2,2e-06,0.193628
CDH19,0.75,5,1,0.2,0.000416,0.200347
CEMIP,0.75,5,1,0.2,0.482902,0.443553
CHML,0.75,5,1,0.2,0.11921,0.356668
CHRNB2,0.75,5,1,0.2,0.393904,0.474257
CNTNAP4,0.75,5,1,0.2,0.035308,0.215551
COL18A1,0.75,5,1,0.2,0.0,0.233665
CORO7,0.75,5,1,0.2,0.408629,0.431277
DDX23,0.75,5,1,0.2,0.256044,0.393357
DNM1P46,0.75,5,1,0.2,1e-06,0.258519
EIF3A,0.75,5,1,0.2,0.53552,0.517837
ENG,0.75,5,1,0.2,1.2e-05,0.206255
EOMES,0.75,5,1,0.2,0.13817,0.337126
ERCC1,0.75,5,1,0.2,0.455042,0.409222
ESYT1,0.75,5,1,0.2,0.186851,0.328526
FBXO43,0.75,5,1,0.2,0.647363,0.542085
FERD3L,0.75,5,1,0.2,0.044183,0.234363
FOSL2,0.75,5,1,0.2,0.003973,0.201527
FTMT,0.75,5,1,0.2,0.539176,0.415974
GABRP,0.75,5,1,0.2,0.672393,0.586742
GAREM1,0.75,5,1,0.2,0.67591,0.660614
GART,0.75,5,1,0.2,0.276151,0.353238
GPAM,0.75,5,1,0.2,0.011388,0.233082
GPR174,0.75,5,1,0.2,0.141264,0.335985
GPR78,0.75,5,1,0.2,0.0,0.192334
GRIN3A,0.75,5,1,0.2,0.000709,0.324822
HECA,0.75,5,1,0.2,0.152651,0.359525
IFT172,0.75,5,1,0.2,0.626482,0.495611
INPP5B,0.75,5,1,0.2,0.206789,0.401203
INSC,0.75,5,1,0.2,0.412682,0.43545
IRF4,0.75,5,1,0.2,0.549369,0.458298
ITIH2,0.75,5,1,0.2,0.353273,0.407614
KANK4,0.75,5,1,0.2,0.484438,0.456797
KCNA10,0.75,5,1,0.2,0.261268,0.360581
KCNH4,0.75,5,1,0.2,0.008013,0.228663
KCNQ1,0.75,5,1,0.2,0.01104,0.211687
KRT37,0.75,5,1,0.2,0.522157,0.645156
LATS2,0.75,5,1,0.2,0.000233,0.328521
LCK,0.75,5,1,0.2,0.562846,0.611206
LRRC3B,0.75,5,1,0.2,0.507296,0.469736
MAGEB18,0.75,5,1,0.2,0.000187,0.198471
MAGEC3,0.75,5,1,0.2,1e-06,0.196401
MAP3K20,0.75,5,1,0.2,2.7e-05,0.192524
MCM2,0.75,5,1,0.2,0.545458,0.504002
MDM1,0.75,5,1,0.2,0.22111,0.408335
MED23,0.75,5,1,0.2,0.002324,0.203566
MLLT6,0.75,5,1,0.2,0.046388,0.30826
MYBPC3,0.75,5,1,0.2,0.002661,0.222198
N4BP3,0.75,5,1,0.2,0.570044,0.416249
NAF1,0.75,5,1,0.2,0.152055,0.276451
NCKAP5,0.75,5,1,0.2,0.280906,0.31491
NEMF,0.75,5,1,0.2,2.6e-05,0.198639
NGF,0.75,5,1,0.2,0.34116,0.379529
NID1,0.75,5,1,0.2,0.515303,0.504365
NOC2L,0.75,5,1,0.2,0.0,0.317123
NPFFR2,0.75,5,1,0.2,0.567848,0.639257
NPHP4,0.75,5,1,0.2,4e-06,0.286686
NR2C2,0.75,5,1,0.2,0.056876,0.302211
NRAS,0.75,5,1,0.2,0.217443,0.362829
NT5C1A,0.75,5,1,0.2,0.000386,0.328763
NXPE4,0.75,5,1,0.2,0.266852,0.366621
OGA,0.75,5,1,0.2,0.375573,0.346432
OR51T1,0.75,5,1,0.2,0.517639,0.419013
OR5AN1,0.75,5,1,0.2,0.457494,0.509552
OTOL1,0.75,5,1,0.2,0.172707,0.38232
OXSM,0.75,5,1,0.2,0.660105,0.644676
P4HTM,0.75,5,1,0.2,2e-06,0.198038
PCMTD2,0.75,5,1,0.2,0.271167,0.353239
PHACTR4,0.75,5,1,0.2,0.437961,0.351624
PIGV,0.75,5,1,0.2,0.632665,0.450241
PIK3R2,0.75,5,1,0.2,0.0,0.194279
PLA2G3,0.75,5,1,0.2,0.082036,0.332976
PLCB3,0.75,5,1,0.2,1e-06,0.174858
PLXND1,0.75,5,1,0.2,1e-06,0.207467
PPP2R5D,0.75,5,1,0.2,0.206914,0.342934
PRPS2,0.75,5,1,0.2,0.0,0.187386
PXN,0.75,5,1,0.2,0.063516,0.323586
RANBP10,0.75,5,1,0.2,0.538416,0.49006
RBMXL1,0.75,5,1,0.2,0.300833,0.356291
REEP2,0.75,5,1,0.2,0.248247,0.416024
RIC1,0.75,5,1,0.2,0.262937,0.381897
RMDN2,0.75,5,1,0.2,0.268272,0.365757
RMND5A,0.75,5,1,0.2,0.002478,0.221118
ROBO2,0.75,5,1,0.2,0.274124,0.42256
SERPINA7,0.75,5,1,0.2,0.0,0.195346
SH3TC1,0.75,5,1,0.2,0.396625,0.41398
SKOR1,0.75,5,1,0.2,0.000383,0.320032
SLAMF6,0.75,5,1,0.2,0.187751,0.329363
SLC35F5,0.75,5,1,0.2,0.001884,0.27527
SLK,0.75,5,1,0.2,0.152322,0.305391
SNAP25,0.75,5,1,0.2,0.275529,0.29597
SOHLH1,0.75,5,1,0.2,0.000574,0.19683
SP2,0.75,5,1,0.2,0.10927,0.324126
SRL,0.75,5,1,0.2,0.000805,0.24406
SYN3,0.75,5,1,0.2,0.14028,0.24247
TACSTD2,0.75,5,1,0.2,0.0,0.210049
TBC1D12,0.75,5,1,0.2,0.0,0.310841
TDRD5,0.75,5,1,0.2,0.201126,0.318174
TEKT5,0.75,5,1,0.2,0.458833,0.503097
TGFBRAP1,0.75,5,1,0.2,0.034503,0.351205
TMEM183B,0.75,5,1,0.2,0.0,0.213332
TNRC6B,0.75,5,1,0.2,0.235983,0.354894
TNS1,0.75,5,1,0.2,0.480092,0.392799
TRPM5,0.75,5,1,0.2,6e-06,0.250024
TUBGCP6,0.75,5,1,0.2,0.071088,0.286538
UGT2B11,0.75,5,1,0.2,0.176736,0.404896
UGT2B15,0.75,5,1,0.2,0.00096,0.326841
UGT3A1,0.75,5,1,0.2,0.616428,0.425746
USP11,0.75,5,1,0.2,0.528888,0.438668
VSIG10,0.75,5,1,0.2,0.026758,0.348127
YEATS2,0.75,5,1,0.2,0.332376,0.405318
ZBTB33,0.75,5,1,0.2,0.458351,0.43259
ZKSCAN4,0.75,5,1,0.2,0.461479,0.45552
ZNF699,0.75,5,1,0.2,0.675143,0.465499
ACTL7B,0.75,6,1,0.166667,0.055992,0.284494
ADGRL3,0.75,6,1,0.166667,0.258561,0.334638
AEBP1,0.75,6,1,0.166667,0.150144,0.328442
ATN1,0.75,6,1,0.166667,0.132742,0.268859
ATP13A4,0.75,6,1,0.166667,0.007002,0.171626
CANT1,0.75,6,1,0.166667,0.035095,0.263948
CD55,0.75,6,1,0.166667,0.152721,0.308182
CLEC14A,0.75,6,1,0.166667,0.132863,0.271639
CNKSR1,0.75,6,1,0.166667,0.087823,0.242222
CNTLN,0.75,6,1,0.166667,0.406671,0.401772
COLQ,0.75,6,1,0.166667,0.200613,0.316393
CRYBG2,0.75,6,1,0.166667,0.101514,0.283597
CTBP2,0.75,6,1,0.166667,0.330924,0.346227
DDX60L,0.75,6,1,0.166667,0.021978,0.21065
DEPDC5,0.75,6,1,0.166667,0.362031,0.398428
DPPA2,0.75,6,1,0.166667,0.098577,0.250433
EML1,0.75,6,1,0.166667,0.044562,0.259254
ERCC6,0.75,6,1,0.166667,0.016756,0.239527
FAM83G,0.75,6,1,0.166667,0.04892,0.279547
FOXP3,0.75,6,1,0.166667,0.105908,0.296244
HSPA12A,0.75,6,1,0.166667,0.019596,0.176004
IFT140,0.75,6,1,0.166667,0.2307,0.323982
IRAG1,0.75,6,1,0.166667,0.305502,0.361112
IRS1,0.75,6,1,0.166667,0.257559,0.348374
ITGA11,0.75,6,1,0.166667,0.0,0.148999
KCNMA1,0.75,6,1,0.166667,0.0,0.167795
KNTC1,0.75,6,1,0.166667,0.029853,0.251575
MTA1,0.75,6,1,0.166667,0.00068,0.167316
NOL8,0.75,6,1,0.166667,0.002514,0.186825
OXSR1,0.75,6,1,0.166667,0.003429,0.17704
PCDH9,0.75,6,1,0.166667,0.426713,0.463746
PDS5A,0.75,6,1,0.166667,0.005972,0.181089
PRDM5,0.75,6,1,0.166667,0.425348,0.465798
PRG4,0.75,6,1,0.166667,0.277339,0.379811
PTCHD3,0.75,6,1,0.166667,0.0,0.206319
RAI2,0.75,6,1,0.166667,0.590624,0.507361
RTL9,0.75,6,1,0.166667,0.06406,0.210387
SCN4A,0.75,6,1,0.166667,0.108428,0.272699
SH3BP4,0.75,6,1,0.166667,0.290016,0.357776
SIRPB1,0.75,6,1,0.166667,0.48261,0.469398
SLC22A2,0.75,6,1,0.166667,0.14079,0.331349
SLX4,0.75,6,1,0.166667,0.306464,0.379823
SORCS3,0.75,6,1,0.166667,0.00066,0.166634
SOX30,0.75,6,1,0.166667,0.092528,0.252281
UBTF,0.75,6,1,0.166667,0.044609,0.217107
VAV2,0.75,6,1,0.166667,1e-06,0.185178
WDR19,0.75,6,1,0.166667,0.121642,0.249328
ABCA7,0.75,7,1,0.142857,0.121322,0.320975
BNC1,0.75,7,1,0.142857,0.378359,0.40205
CTNNA3,0.75,7,1,0.142857,0.317799,0.394892
FBXO38,0.75,7,1,0.142857,0.131026,0.226276
GRIK3,0.75,7,1,0.142857,0.00266,0.230776
IRX1,0.75,7,1,0.142857,0.133305,0.311178
KCNT2,0.75,7,1,0.142857,0.192222,0.345236
MAGEB16,0.75,7,1,0.142857,0.0,0.223647
MYH14,0.75,7,1,0.142857,0.172934,0.2555
NISCH,0.75,7,1,0.142857,0.000711,0.153853
NMBR,0.75,7,1,0.142857,0.419722,0.392126
NXN,0.75,7,1,0.142857,0.000319,0.287072
NYNRIN,0.75,7,1,0.142857,0.000447,0.197521
PC,0.75,7,1,0.142857,0.219599,0.296499
PNPLA6,0.75,7,1,0.142857,0.000299,0.177349
SLC38A4,0.75,7,1,0.142857,0.413576,0.46916
SRGAP1,0.75,7,1,0.142857,0.124535,0.211323
TSNARE1,0.75,7,1,0.142857,0.208834,0.40467
U2SURP,0.75,7,1,0.142857,0.00307,0.224383
UBE3A,0.75,7,1,0.142857,0.419205,0.358698
A1CF,0.75,8,1,0.125,0.009651,0.229017
ARHGAP6,0.75,8,1,0.125,0.020355,0.309359
DNMBP,0.75,8,1,0.125,0.023635,0.140178
HELZ2,0.75,8,1,0.125,0.076033,0.208318
ITIH6,0.75,8,1,0.125,8.8e-05,0.203849
LINGO2,0.75,8,1,0.125,0.444074,0.387964
PIK3R5,0.75,8,1,0.125,2.7e-05,0.195318
SCNN1G,0.75,8,1,0.125,0.418805,0.40136
SLC2A1,0.75,8,1,0.125,0.150816,0.308521
SLC2A14,0.75,8,1,0.125,0.393912,0.37742
FLT1,0.75,9,1,0.111111,0.172635,0.289452
MAGEC2,0.75,9,1,0.111111,0.099167,0.239281
MAST4,0.75,9,1,0.111111,0.000987,0.184463
TDRD6,0.75,9,1,0.111111,0.20981,0.34569
ANKRD11,0.75,10,1,0.1,0.248269,0.336806
USP24,0.75,10,1,0.1,0.000655,0.162092
CASZ1,0.75,11,1,0.090909,0.007111,0.143233
FAM83H,0.75,12,1,0.083333,0.009052,0.28221
PCDH11Y,0.75,12,1,0.083333,0.0,0.126739
TRPC4,0.75,12,1,0.083333,0.005048,0.178598
A3GALT2,0.75,1,0,0.0,3.7e-05,3.7e-05
AAK1,0.75,1,0,0.0,0.000568,0.000568
AATK,0.75,2,0,0.0,9.4e-05,9.4e-05
ABCA3,0.75,4,0,0.0,0.218841,0.250307
ABCG5,0.75,5,0,0.0,0.0,0.018621
ABHD16B,0.75,1,0,0.0,0.568191,0.568191
ABHD6,0.75,1,0,0.0,0.053176,0.053176
ABI1,0.75,1,0,0.0,0.269169,0.269169
ABITRAM,0.75,1,0,0.0,1e-06,1e-06
ABRAXAS2,0.75,3,0,0.0,0.0,0.057572
ABTB1,0.75,3,0,0.0,0.211237,0.273358
ABTB2,0.75,1,0,0.0,0.41967,0.41967
AC007040.2,0.75,1,0,0.0,4.1e-05,4.1e-05
AC013477.1,0.75,1,0,0.0,0.002683,0.002683
AC016747.4,0.75,1,0,0.0,0.0,0.0
AC024598.1,0.75,1,0,0.0,0.078833,0.078833
AC097636.1,0.75,1,0,0.0,3e-06,3e-06
AC109583.1,0.75,2,0,0.0,0.562542,0.562542
AC132217.2,0.75,2,0,0.0,0.199662,0.199662
AC134980.2,0.75,3,0,0.0,0.0,4e-06
ACADSB,0.75,2,0,0.0,0.642457,0.642457
ACBD5,0.75,1,0,0.0,0.729497,0.729497
ACER2,0.75,2,0,0.0,0.155178,0.155178
ACKR1,0.75,2,0,0.0,0.001791,0.001791
ACKR4,0.75,1,0,0.0,0.507441,0.507441
ACO1,0.75,2,0,0.0,0.441348,0.441348
ACO2,0.75,2,0,0.0,0.73355,0.73355
ACOT11,0.75,2,0,0.0,0.116801,0.116801
ACOT2,0.75,1,0,0.0,0.021703,0.021703
ACR,0.75,1,0,0.0,0.0,0.0
ACSF3,0.75,1,0,0.0,0.294799,0.294799
ACSL1,0.75,2,0,0.0,0.173513,0.173513
ACSL6,0.75,1,0,0.0,3e-06,3e-06
ACSM3,0.75,2,0,0.0,0.470681,0.470681
ACTA1,0.75,1,0,0.0,0.00205,0.00205
ACTL6A,0.75,1,0,0.0,0.621017,0.621017
ACTL6B,0.75,1,0,0.0,0.053184,0.053184
ACTN3,0.75,1,0,0.0,0.611643,0.611643
ACTR1B,0.75,1,0,0.0,0.602522,0.602522
ACTR3B,0.75,1,0,0.0,0.487873,0.487873
ACTR6,0.75,1,0,0.0,0.663298,0.663298
ACTRT3,0.75,1,0,0.0,0.51357,0.51357
ACVR1,0.75,5,0,0.0,0.002399,0.031655
ACYP1,0.75,2,0,0.0,0.348867,0.348867
ADA,0.75,1,0,0.0,0.0,0.0
ADA2,0.75,2,0,0.0,0.129548,0.129548
ADAL,0.75,2,0,0.0,0.021032,0.021032
ADAM12,0.75,1,0,0.0,0.600327,0.600327
ADAMTS7,0.75,3,0,0.0,0.0,2e-06
ADAMTS8,0.75,1,0,0.0,0.653471,0.653471
ADAMTSL5,0.75,3,0,0.0,0.263988,0.311487
ADAR,0.75,1,0,0.0,0.004717,0.004717
ADARB2,0.75,8,0,0.0,0.0,0.055266
ADAT3,0.75,1,0,0.0,0.059788,0.059788
ADIPOQ,0.75,1,0,0.0,0.000421,0.000421
ADM2,0.75,2,0,0.0,0.315202,0.315202
ADO,0.75,1,0,0.0,0.0,0.0
ADORA2A,0.75,2,0,0.0,0.013567,0.013567
ADPRS,0.75,2,0,0.0,0.0,0.0
ADRA1D,0.75,1,0,0.0,0.0,0.0
ADRA2B,0.75,1,0,0.0,0.0,0.0
ADRB1,0.75,1,0,0.0,0.000854,0.000854
ADRB2,0.75,1,0,0.0,0.005016,0.005016
AFAP1L2,0.75,4,0,0.0,0.011611,0.163563
AGAP4,0.75,1,0,0.0,0.0,0.0
AGAP7P,0.75,1,0,0.0,0.66636,0.66636
AGBL4,0.75,2,0,0.0,0.125806,0.125806
AGBL5,0.75,1,0,0.0,7.1e-05,7.1e-05
AGPAT2,0.75,1,0,0.0,0.000698,0.000698
AGPS,0.75,1,0,0.0,0.473966,0.473966
AGR2,0.75,1,0,0.0,0.594435,0.594435
AGXT,0.75,2,0,0.0,0.571405,0.571405
AIFM2,0.75,1,0,0.0,0.0,0.0
AIG1,0.75,1,0,0.0,0.0,0.0
AIM2,0.75,3,0,0.0,0.70702,0.681211
AIMP1,0.75,1,0,0.0,4e-05,4e-05
AJAP1,0.75,1,0,0.0,0.466585,0.466585
AK8,0.75,1,0,0.0,0.601948,0.601948
AKIP1,0.75,1,0,0.0,0.055125,0.055125
AKR1A1,0.75,1,0,0.0,0.073957,0.073957
AKR1B1,0.75,1,0,0.0,0.351029,0.351029
AKT3,0.75,1,0,0.0,0.115498,0.115498
AL162417.1,0.75,1,0,0.0,0.0,0.0
AL441992.2,0.75,1,0,0.0,0.029623,0.029623
AL645933.1,0.75,1,0,0.0,0.638854,0.638854
AL662899.2,0.75,1,0,0.0,0.599674,0.599674
ALAS2,0.75,1,0,0.0,0.0,0.0
ALDH18A1,0.75,3,0,0.0,0.0,0.053923
ALDH3A1,0.75,4,0,0.0,0.005809,0.160479
ALG12,0.75,2,0,0.0,0.433986,0.433986
ALG5,0.75,1,0,0.0,0.000114,0.000114
ALG6,0.75,1,0,0.0,0.077292,0.077292
ALKAL1,0.75,3,0,0.0,0.001993,0.031283
ALOX12,0.75,1,0,0.0,0.000299,0.000299
ALOX5,0.75,2,0,0.0,0.286563,0.286563
ALPL,0.75,2,0,0.0,0.400994,0.400994
ALS2CL,0.75,3,0,0.0,0.000738,0.003985
ALX4,0.75,5,0,0.0,0.140348,0.219751
AMIGO1,0.75,1,0,0.0,0.008011,0.008011
AMMECR1,0.75,1,0,0.0,0.180311,0.180311
AMN,0.75,1,0,0.0,0.152763,0.152763
AMN1,0.75,3,0,0.0,0.18541,0.167224
ANG,0.75,2,0,0.0,0.714747,0.714747
ANGPTL2,0.75,2,0,0.0,0.0,0.0
ANGPTL8,0.75,1,0,0.0,0.361333,0.361333
ANKDD1A,0.75,2,0,0.0,0.203448,0.203448
ANKK1,0.75,2,0,0.0,0.163223,0.163223
ANKLE1,0.75,1,0,0.0,0.507793,0.507793
ANKRD27,0.75,2,0,0.0,0.165492,0.165492
ANKRD36B,0.75,1,0,0.0,0.021058,0.021058
ANKRD6,0.75,1,0,0.0,0.645506,0.645506
ANOS1,0.75,3,0,0.0,0.000299,0.06519
ANP32A,0.75,1,0,0.0,0.08629,0.08629
ANP32E,0.75,2,0,0.0,0.241949,0.241949
ANTKMT,0.75,1,0,0.0,0.674288,0.674288
ANXA2,0.75,1,0,0.0,0.292541,0.292541
ANXA6,0.75,1,0,0.0,0.045649,0.045649
AP1M1,0.75,2,0,0.0,0.001203,0.001203
AP2A2,0.75,3,0,0.0,0.0,0.00019
AP2M1,0.75,2,0,0.0,0.16613,0.16613
AP3B2,0.75,1,0,0.0,0.605562,0.605562
AP4B1,0.75,2,0,0.0,0.328213,0.328213
AP4M1,0.75,1,0,0.0,0.741414,0.741414
AP5B1,0.75,2,0,0.0,9.7e-05,9.7e-05
APBA2,0.75,5,0,0.0,0.235605,0.20485
APBA3,0.75,1,0,0.0,0.0,0.0
APC2,0.75,2,0,0.0,0.000162,0.000162
APCDD1,0.75,1,0,0.0,0.401537,0.401537
APEH,0.75,1,0,0.0,0.660256,0.660256
APLF,0.75,1,0,0.0,0.154772,0.154772
APLN,0.75,1,0,0.0,0.0,0.0
APOA5,0.75,3,0,0.0,0.001119,0.073599
APOBEC3H,0.75,2,0,0.0,0.387748,0.387748
APOBR,0.75,3,0,0.0,0.0,2e-05
APOC3,0.75,1,0,0.0,0.07025,0.07025
APOD,0.75,1,0,0.0,0.458769,0.458769
APOE,0.75,1,0,0.0,1e-06,1e-06
APOF,0.75,3,0,0.0,0.157117,0.166461
APOL5,0.75,1,0,0.0,0.710728,0.710728
APOL6,0.75,1,0,0.0,0.455228,0.455228
APOO,0.75,1,0,0.0,0.623099,0.623099
AQP1,0.75,1,0,0.0,0.067802,0.067802
AQP2,0.75,2,0,0.0,0.000519,0.000519
AQP4,0.75,3,0,0.0,0.027936,0.061298
AR,0.75,4,0,0.0,2.8e-05,0.08913
ARAF,0.75,1,0,0.0,0.0,0.0
ARF5,0.75,2,0,0.0,0.4851,0.4851
ARFGAP1,0.75,3,0,0.0,0.0,0.197548
ARG2,0.75,1,0,0.0,0.000418,0.000418
ARHGAP19,0.75,1,0,0.0,0.0,0.0
ARHGAP27,0.75,4,0,0.0,0.269613,0.297689
ARHGAP33,0.75,4,0,0.0,0.099012,0.114708
ARHGAP39,0.75,3,0,0.0,0.0,0.0
ARHGAP4,0.75,3,0,0.0,0.0,3e-06
ARHGEF1,0.75,2,0,0.0,0.000849,0.000849
ARHGEF2,0.75,1,0,0.0,0.112466,0.112466
ARHGEF26,0.75,2,0,0.0,0.001329,0.001329
ARHGEF39,0.75,1,0,0.0,0.015631,0.015631
ARID3B,0.75,1,0,0.0,0.002104,0.002104
ARID3C,0.75,1,0,0.0,1e-06,1e-06
ARIH1,0.75,2,0,0.0,0.271741,0.271741
ARL11,0.75,2,0,0.0,0.573717,0.573717
ARL13B,0.75,1,0,0.0,0.319402,0.319402
ARL6IP5,0.75,1,0,0.0,0.001611,0.001611
ARMC5,0.75,5,0,0.0,2e-06,0.232722
ARMC7,0.75,1,0,0.0,0.683039,0.683039
ARPP19P1,0.75,1,0,0.0,0.0,0.0
ARRDC5,0.75,1,0,0.0,0.623489,0.623489
ARSA,0.75,1,0,0.0,0.0,0.0
ARV1,0.75,1,0,0.0,0.68123,0.68123
AS3MT,0.75,2,0,0.0,0.072838,0.072838
ASB13,0.75,1,0,0.0,0.011731,0.011731
ASB18,0.75,1,0,0.0,0.0,0.0
ASB4,0.75,3,0,0.0,0.022511,0.163077
ASIC1,0.75,2,0,0.0,0.012397,0.012397
ASIP,0.75,1,0,0.0,0.045884,0.045884
ASPDH,0.75,1,0,0.0,6e-06,6e-06
ASPG,0.75,1,0,0.0,1e-06,1e-06
ASPHD2,0.75,2,0,0.0,0.070413,0.070413
ASPN,0.75,1,0,0.0,0.493296,0.493296
ASPSCR1,0.75,1,0,0.0,0.0,0.0
ASS1,0.75,2,0,0.0,0.287281,0.287281
ASTN1,0.75,2,0,0.0,0.394903,0.394903
ASXL3,0.75,4,0,0.0,0.131885,0.165111
ATAD1,0.75,3,0,0.0,0.0,0.055964
ATAD3B,0.75,1,0,0.0,0.001577,0.001577
ATAD3C,0.75,1,0,0.0,2e-06,2e-06
ATG9A,0.75,2,0,0.0,0.0,0.0
ATL2,0.75,1,0,0.0,0.000992,0.000992
ATL3,0.75,1,0,0.0,0.152684,0.152684
ATOX1,0.75,1,0,0.0,0.0,0.0
ATP11AUN,0.75,1,0,0.0,5.6e-05,5.6e-05
ATP1B4,0.75,2,0,0.0,0.34893,0.34893
ATP5F1A,0.75,2,0,0.0,0.174834,0.174834
ATP5ME,0.75,2,0,0.0,0.296165,0.296165
ATP6AP1L,0.75,1,0,0.0,0.467826,0.467826
ATP6V0B,0.75,1,0,0.0,0.132278,0.132278
ATP6V1B2,0.75,1,0,0.0,0.452012,0.452012
ATP6V1G1,0.75,3,0,0.0,0.347867,0.250109
ATP6V1G3,0.75,1,0,0.0,0.0,0.0
ATP8B3,0.75,2,0,0.0,0.0,0.0
ATXN3,0.75,1,0,0.0,4e-06,4e-06
AVIL,0.75,2,0,0.0,0.432795,0.432795
AWAT1,0.75,2,0,0.0,0.347895,0.347895
B2M,0.75,1,0,0.0,0.639129,0.639129
B3GALNT2,0.75,2,0,0.0,0.242247,0.242247
B3GAT1,0.75,3,0,0.0,1e-06,0.155467
B3GNT4,0.75,2,0,0.0,0.347752,0.347752
B3GNT5,0.75,1,0,0.0,0.666125,0.666125
B3GNT6,0.75,2,0,0.0,0.0,0.0
B3GNT7,0.75,2,0,0.0,0.001204,0.001204
B3GNT8,0.75,1,0,0.0,0.338724,0.338724
B4GALNT4,0.75,1,0,0.0,0.000319,0.000319
B4GAT1,0.75,1,0,0.0,0.0,0.0
BAG3,0.75,1,0,0.0,0.542392,0.542392
BAG5,0.75,1,0,0.0,0.0,0.0
BARX2,0.75,1,0,0.0,4e-06,4e-06
BATF,0.75,1,0,0.0,0.0,0.0
BATF2,0.75,1,0,0.0,0.000192,0.000192
BBOF1,0.75,1,0,0.0,0.662475,0.662475
BCCIP,0.75,1,0,0.0,0.421312,0.421312
BCDIN3D,0.75,1,0,0.0,0.003423,0.003423
BCL2,0.75,1,0,0.0,0.041919,0.041919
BCL2L1,0.75,1,0,0.0,0.001646,0.001646
BCL2L10,0.75,2,0,0.0,0.085858,0.085858
BCL2L11,0.75,2,0,0.0,0.001665,0.001665
BCL7B,0.75,1,0,0.0,0.492357,0.492357
BCL9L,0.75,1,0,0.0,0.0,0.0
BCO1,0.75,1,0,0.0,0.05412,0.05412
BECN1,0.75,1,0,0.0,0.0,0.0
BEGAIN,0.75,1,0,0.0,0.0,0.0
BEST4,0.75,2,0,0.0,0.39368,0.39368
BEX2,0.75,1,0,0.0,2.2e-05,2.2e-05
BEX5,0.75,1,0,0.0,0.0,0.0
BHLHE41,0.75,1,0,0.0,0.000659,0.000659
BICD2,0.75,2,0,0.0,0.315025,0.315025
BICRA,0.75,1,0,0.0,0.0,0.0
BID,0.75,1,0,0.0,0.002048,0.002048
BIRC8,0.75,1,0,0.0,0.004671,0.004671
BLID,0.75,1,0,0.0,0.004517,0.004517
BLOC1S5,0.75,2,0,0.0,0.000485,0.000485
BLZF1,0.75,2,0,0.0,0.366441,0.366441
BMERB1,0.75,1,0,0.0,0.424638,0.424638
BMP15,0.75,4,0,0.0,0.0,0.0
BMP4,0.75,1,0,0.0,0.027086,0.027086
BMP7,0.75,1,0,0.0,0.093269,0.093269
BNIP3,0.75,3,0,0.0,0.000356,0.117897
BNIPL,0.75,1,0,0.0,0.292836,0.292836
BOLA3,0.75,1,0,0.0,0.252505,0.252505
BOLL,0.75,1,0,0.0,0.710617,0.710617
BOP1,0.75,2,0,0.0,0.002647,0.002647
BPIFA2,0.75,1,0,0.0,0.200242,0.200242
BPIFB1,0.75,2,0,0.0,0.37134,0.37134
BRCC3,0.75,1,0,0.0,0.0,0.0
BRD2,0.75,6,0,0.0,0.516783,0.435537
BRICD5,0.75,1,0,0.0,0.0,0.0
BRMS1,0.75,2,0,0.0,0.394536,0.394536
BROX,0.75,1,0,0.0,0.61466,0.61466
BSND,0.75,2,0,0.0,0.615058,0.615058
BSPRY,0.75,1,0,0.0,1e-06,1e-06
BSX,0.75,1,0,0.0,0.0,0.0
BTBD17,0.75,1,0,0.0,0.0032,0.0032
BTBD2,0.75,2,0,0.0,0.355444,0.355444
BTBD6,0.75,1,0,0.0,0.58693,0.58693
BTD,0.75,1,0,0.0,0.001204,0.001204
BTF3,0.75,1,0,0.0,0.160687,0.160687
BUB3,0.75,1,0,0.0,0.055561,0.055561
BUD13,0.75,3,0,0.0,0.267194,0.203548
BUD23,0.75,1,0,0.0,0.313918,0.313918
BVES,0.75,1,0,0.0,0.206021,0.206021
C10orf53,0.75,1,0,0.0,0.0,0.0
C11orf80,0.75,1,0,0.0,0.497086,0.497086
C12orf29,0.75,1,0,0.0,0.535542,0.535542
C12orf57,0.75,1,0,0.0,0.646408,0.646408
C12orf66,0.75,2,0,0.0,0.256418,0.256418
C14orf177,0.75,1,0,0.0,0.644503,0.644503
C15orf54,0.75,1,0,0.0,0.223455,0.223455
C16orf54,0.75,2,0,0.0,0.0,0.0
C16orf89,0.75,1,0,0.0,2.3e-05,2.3e-05
C17orf64,0.75,1,0,0.0,1e-06,1e-06
C17orf67,0.75,1,0,0.0,1.2e-05,1.2e-05
C18orf21,0.75,2,0,0.0,0.35085,0.35085
C19orf12,0.75,1,0,0.0,0.501014,0.501014
C1GALT1,0.75,1,0,0.0,0.057824,0.057824
C1GALT1C1L,0.75,1,0,0.0,1.3e-05,1.3e-05
C1QBP,0.75,1,0,0.0,0.413121,0.413121
C1QL2,0.75,1,0,0.0,2.3e-05,2.3e-05
C1QL4,0.75,1,0,0.0,2.6e-05,2.6e-05
C1QTNF6,0.75,2,0,0.0,0.275466,0.275466
C1QTNF9B,0.75,1,0,0.0,0.0,0.0
C1orf122,0.75,1,0,0.0,0.515343,0.515343
C1orf158,0.75,1,0,0.0,0.0,0.0
C1orf194,0.75,1,0,0.0,0.09825,0.09825
C1orf21,0.75,1,0,0.0,0.637412,0.637412
C1orf56,0.75,1,0,0.0,0.317516,0.317516
C1orf94,0.75,4,0,0.0,0.175548,0.153262
C2,0.75,2,0,0.0,0.341572,0.341572
C22orf23,0.75,1,0,0.0,0.159371,0.159371
C2CD2L,0.75,4,0,0.0,0.102591,0.118516
C2orf68,0.75,1,0,0.0,0.0,0.0
C3orf18,0.75,1,0,0.0,0.0,0.0
C5orf24,0.75,1,0,0.0,0.129356,0.129356
C9orf116,0.75,2,0,0.0,0.075823,0.075823
C9orf43,0.75,2,0,0.0,0.582745,0.582745
C9orf85,0.75,1,0,0.0,0.040382,0.040382
CA4,0.75,1,0,0.0,0.0,0.0
CA6,0.75,1,0,0.0,0.252662,0.252662
CAB39L,0.75,1,0,0.0,0.044373,0.044373
CACNG1,0.75,1,0,0.0,0.610942,0.610942
CACNG5,0.75,1,0,0.0,0.706686,0.706686
CADM3,0.75,1,0,0.0,0.095005,0.095005
CAGE1,0.75,1,0,0.0,0.539605,0.539605
CALCA,0.75,3,0,0.0,0.003937,0.213881
CALCOCO1,0.75,3,0,0.0,0.615619,0.418601
CALHM1,0.75,1,0,0.0,0.058465,0.058465
CALHM2,0.75,3,0,0.0,1e-05,0.031812
CALM3,0.75,1,0,0.0,0.205445,0.205445
CALML5,0.75,2,0,0.0,2e-06,2e-06
CALY,0.75,1,0,0.0,0.594715,0.594715
CAMK2A,0.75,2,0,0.0,0.301202,0.301202
CAMP,0.75,1,0,0.0,0.0,0.0
CAPN13,0.75,4,0,0.0,0.129553,0.189194
CAPN15,0.75,1,0,0.0,0.002955,0.002955
CAPN5,0.75,3,0,0.0,2.3e-05,0.009612
CAPN9,0.75,1,0,0.0,0.28534,0.28534
CAPZA2,0.75,1,0,0.0,0.432647,0.432647
CARD10,0.75,2,0,0.0,0.005875,0.005875
CARD16,0.75,3,0,0.0,0.318902,0.372039
CASQ1,0.75,1,0,0.0,0.649947,0.649947
CASQ2,0.75,4,0,0.0,0.253784,0.29483
CASS4,0.75,5,0,0.0,0.165264,0.167957
CATIP,0.75,1,0,0.0,0.558353,0.558353
CATSPERE,0.75,1,0,0.0,0.384735,0.384735
CATSPERZ,0.75,1,0,0.0,0.001218,0.001218
CAV2,0.75,3,0,0.0,0.019548,0.0504
CBLN3,0.75,1,0,0.0,0.0,0.0
CBWD6,0.75,1,0,0.0,0.0,0.0
CBX4,0.75,1,0,0.0,0.008028,0.008028
CBX7,0.75,1,0,0.0,0.0,0.0
CBX8,0.75,2,0,0.0,1e-06,1e-06
CC2D1B,0.75,2,0,0.0,0.269349,0.269349
CCBE1,0.75,2,0,0.0,0.316137,0.316137
CCDC102A,0.75,1,0,0.0,0.0,0.0
CCDC106,0.75,1,0,0.0,0.0,0.0
CCDC12,0.75,2,0,0.0,0.0,0.0
CCDC122,0.75,1,0,0.0,0.007992,0.007992
CCDC14,0.75,1,0,0.0,0.0,0.0
CCDC15,0.75,1,0,0.0,0.406382,0.406382
CCDC157,0.75,3,0,0.0,0.311802,0.276093
CCDC17,0.75,1,0,0.0,7.6e-05,7.6e-05
CCDC183,0.75,1,0,0.0,0.564141,0.564141
CCDC184,0.75,3,0,0.0,0.229676,0.256563
CCDC189,0.75,1,0,0.0,0.00631,0.00631
CCDC25,0.75,1,0,0.0,0.116851,0.116851
CCDC3,0.75,2,0,0.0,0.275797,0.275797
CCDC34,0.75,1,0,0.0,0.00599,0.00599
CCDC39,0.75,4,0,0.0,0.033303,0.064818
CCDC47,0.75,1,0,0.0,0.167787,0.167787
CCDC54,0.75,3,0,0.0,0.302365,0.299203
CCDC68,0.75,2,0,0.0,0.375127,0.375127
CCDC74A,0.75,1,0,0.0,0.674017,0.674017
CCDC78,0.75,1,0,0.0,0.0,0.0
CCDC83,0.75,1,0,0.0,0.625719,0.625719
CCDC89,0.75,2,0,0.0,0.311527,0.311527
CCDC9,0.75,3,0,0.0,0.0,0.145567
CCDC9B,0.75,1,0,0.0,0.017476,0.017476
CCL11,0.75,1,0,0.0,0.053137,0.053137
CCL19,0.75,1,0,0.0,0.623407,0.623407
CCL2,0.75,1,0,0.0,0.184084,0.184084
CCL20,0.75,1,0,0.0,4e-06,4e-06
CCL5,0.75,1,0,0.0,0.151,0.151
CCN2,0.75,2,0,0.0,0.150134,0.150134
CCNB1,0.75,1,0,0.0,0.195681,0.195681
CCNC,0.75,1,0,0.0,0.313239,0.313239
CCNG1,0.75,1,0,0.0,0.001775,0.001775
CCNG2,0.75,1,0,0.0,0.367881,0.367881
CCNK,0.75,1,0,0.0,0.00014,0.00014
CCNO,0.75,1,0,0.0,0.0,0.0
CCPG1,0.75,2,0,0.0,0.601346,0.601346
CCR10,0.75,1,0,0.0,4e-06,4e-06
CCR4,0.75,2,0,0.0,0.422553,0.422553
CCT7,0.75,1,0,0.0,0.061155,0.061155
CD164,0.75,2,0,0.0,0.238619,0.238619
CD177,0.75,3,0,0.0,0.0,0.242648
CD1D,0.75,2,0,0.0,0.342242,0.342242
CD200R1L,0.75,2,0,0.0,0.185142,0.185142
CD247,0.75,1,0,0.0,0.351291,0.351291
CD300LD,0.75,3,0,0.0,0.02856,0.221756
CD320,0.75,1,0,0.0,0.0,0.0
CD34,0.75,3,0,0.0,0.0,0.104344
CD4,0.75,2,0,0.0,0.446761,0.446761
CD58,0.75,2,0,0.0,0.450983,0.450983
CDC27,0.75,2,0,0.0,0.373189,0.373189
CDC40,0.75,1,0,0.0,0.0,0.0
CDC42EP1,0.75,1,0,0.0,0.0,0.0
CDC45,0.75,1,0,0.0,0.675336,0.675336
CDCA4,0.75,2,0,0.0,0.322386,0.322386
CDCA5,0.75,1,0,0.0,0.241751,0.241751
CDH2,0.75,2,0,0.0,0.302238,0.302238
CDH22,0.75,4,0,0.0,0.000319,0.020064
CDH24,0.75,1,0,0.0,0.536023,0.536023
CDHR4,0.75,1,0,0.0,0.002111,0.002111
CDK11B,0.75,1,0,0.0,0.0,0.0
CDK16,0.75,2,0,0.0,2.3e-05,2.3e-05
CDK5R2,0.75,2,0,0.0,0.189215,0.189215
CDK6,0.75,1,0,0.0,0.0,0.0
CDK9,0.75,2,0,0.0,0.087014,0.087014
CDKN1A,0.75,2,0,0.0,0.269537,0.269537
CDKN2AIP,0.75,3,0,0.0,0.036561,0.085971
CDPF1,0.75,1,0,0.0,0.534484,0.534484
CDT1,0.75,1,0,0.0,0.00071,0.00071
CDX2,0.75,1,0,0.0,0.000192,0.000192
CEACAM16,0.75,2,0,0.0,0.092549,0.092549
CEACAM21,0.75,2,0,0.0,0.069727,0.069727
CEACAM4,0.75,1,0,0.0,0.002694,0.002694
CEACAM8,0.75,2,0,0.0,0.184077,0.184077
CEBPD,0.75,1,0,0.0,0.0,0.0
CENPBD1,0.75,1,0,0.0,0.488188,0.488188
CENPC,0.75,3,0,0.0,0.008084,0.062645
CENPQ,0.75,1,0,0.0,0.0,0.0
CENPV,0.75,1,0,0.0,0.507567,0.507567
CEP152,0.75,4,0,0.0,0.149403,0.233874
CEP162,0.75,1,0,0.0,0.0,0.0
CEP170B,0.75,3,0,0.0,0.000837,0.070151
CERK,0.75,1,0,0.0,0.589893,0.589893
CERS1,0.75,2,0,0.0,0.054532,0.054532
CERS2,0.75,1,0,0.0,0.01251,0.01251
CERT1,0.75,1,0,0.0,0.003552,0.003552
CFAP299,0.75,1,0,0.0,0.741199,0.741199
CFAP410,0.75,2,0,0.0,0.301315,0.301315
CFAP46,0.75,2,0,0.0,0.3384,0.3384
CFAP77,0.75,5,0,0.0,0.507688,0.33712
CFAP97,0.75,1,0,0.0,0.180075,0.180075
CGB7,0.75,1,0,0.0,0.666474,0.666474
CHAC1,0.75,1,0,0.0,0.655073,0.655073
CHAD,0.75,1,0,0.0,0.00802,0.00802
CHCHD4,0.75,1,0,0.0,7.8e-05,7.8e-05
CHCHD7,0.75,1,0,0.0,1e-06,1e-06
CHERP,0.75,1,0,0.0,0.000489,0.000489
CHM,0.75,4,0,0.0,0.0,0.0
CHMP2B,0.75,1,0,0.0,0.000807,0.000807
CHMP7,0.75,1,0,0.0,0.353853,0.353853
CHORDC1,0.75,2,0,0.0,0.473588,0.473588
CHRDL2,0.75,4,0,0.0,8e-05,0.051779
CHST11,0.75,1,0,0.0,0.318191,0.318191
CHST13,0.75,1,0,0.0,0.0,0.0
CHST4,0.75,2,0,0.0,0.204986,0.204986
CHST7,0.75,2,0,0.0,0.018966,0.018966
CHTF18,0.75,1,0,0.0,0.101471,0.101471
CIB1,0.75,1,0,0.0,0.592326,0.592326
CIB4,0.75,2,0,0.0,0.324492,0.324492
CKB,0.75,1,0,0.0,0.747724,0.747724
CLCF1,0.75,2,0,0.0,0.044591,0.044591
CLCN2,0.75,1,0,0.0,0.720692,0.720692
CLCN5,0.75,2,0,0.0,0.140964,0.140964
CLDN16,0.75,1,0,0.0,0.065031,0.065031
CLDN17,0.75,1,0,0.0,0.30514,0.30514
CLDN19,0.75,1,0,0.0,0.0,0.0
CLDN20,0.75,1,0,0.0,1e-06,1e-06
CLDN6,0.75,2,0,0.0,0.359558,0.359558
CLDN7,0.75,1,0,0.0,0.552162,0.552162
CLDN8,0.75,2,0,0.0,0.051926,0.051926
CLEC12A,0.75,2,0,0.0,0.14624,0.14624
CLEC16A,0.75,1,0,0.0,0.738186,0.738186
CLEC17A,0.75,1,0,0.0,0.185854,0.185854
CLEC2B,0.75,1,0,0.0,0.001439,0.001439
CLEC2L,0.75,1,0,0.0,0.632701,0.632701
CLEC3B,0.75,1,0,0.0,0.216692,0.216692
CLEC4G,0.75,1,0,0.0,0.006677,0.006677
CLEC6A,0.75,1,0,0.0,0.307942,0.307942
CLHC1,0.75,1,0,0.0,0.026724,0.026724
CLIP2,0.75,3,0,0.0,1e-06,0.000827
CLLU1,0.75,1,0,0.0,0.140023,0.140023
CLMP,0.75,1,0,0.0,0.348584,0.348584
CLN3,0.75,1,0,0.0,0.0,0.0
CLN8,0.75,1,0,0.0,0.442099,0.442099
CLNS1A,0.75,1,0,0.0,0.254577,0.254577
CLPB,0.75,3,0,0.0,0.151441,0.176203
CLSTN1,0.75,1,0,0.0,0.0,0.0
CLTRN,0.75,1,0,0.0,0.499087,0.499087
CLUAP1,0.75,2,0,0.0,0.010378,0.010378
CLUH,0.75,5,0,0.0,0.0,0.262271
CMAS,0.75,1,0,0.0,3e-06,3e-06
CMIP,0.75,1,0,0.0,0.178188,0.178188
CMKLR1,0.75,1,0,0.0,0.020745,0.020745
CMTM8,0.75,1,0,0.0,0.146418,0.146418
CMTR2,0.75,1,0,0.0,0.000373,0.000373
CNEP1R1,0.75,1,0,0.0,0.081725,0.081725
CNNM1,0.75,2,0,0.0,0.0,0.0
CNNM3,0.75,1,0,0.0,1e-06,1e-06
CNOT7,0.75,1,0,0.0,0.324067,0.324067
COL21A1,0.75,3,0,0.0,0.00507,0.022684
COL8A1,0.75,5,0,0.0,0.130106,0.298723
COL9A2,0.75,1,0,0.0,0.0,0.0
COLCA2,0.75,1,0,0.0,0.032429,0.032429
COMT,0.75,1,0,0.0,0.001557,0.001557
COPS7B,0.75,1,0,0.0,0.197777,0.197777
COQ6,0.75,1,0,0.0,0.000897,0.000897
COQ8B,0.75,2,0,0.0,0.211673,0.211673
CORO2B,0.75,3,0,0.0,0.033591,0.20749
CORO7-PAM16,0.75,1,0,0.0,0.00016,0.00016
COX15,0.75,2,0,0.0,0.660529,0.660529
COX5A,0.75,1,0,0.0,0.050494,0.050494
COX7B2,0.75,1,0,0.0,0.0473,0.0473
CPEB1,0.75,1,0,0.0,0.673952,0.673952
CPLX2,0.75,1,0,0.0,0.019584,0.019584
CPLX3,0.75,1,0,0.0,0.0,0.0
CPOX,0.75,2,0,0.0,0.229936,0.229936
CPSF4,0.75,1,0,0.0,0.177845,0.177845
CRACR2A,0.75,2,0,0.0,0.525994,0.525994
CRACR2B,0.75,3,0,0.0,0.0,0.0
CRADD,0.75,1,0,0.0,0.43651,0.43651
CRAMP1,0.75,1,0,0.0,0.001304,0.001304
CREBL2,0.75,2,0,0.0,0.0001,0.0001
CREG2,0.75,1,0,0.0,0.000161,0.000161
CRHR1,0.75,1,0,0.0,0.482665,0.482665
CRISP2,0.75,1,0,0.0,0.025308,0.025308
CRLF3,0.75,2,0,0.0,0.356851,0.356851
CRYBA2,0.75,1,0,0.0,0.028065,0.028065
CRYZ,0.75,1,0,0.0,0.413146,0.413146
CSAD,0.75,1,0,0.0,0.361607,0.361607
CSDC2,0.75,1,0,0.0,0.179735,0.179735
CSF2,0.75,1,0,0.0,0.098831,0.098831
CSGALNACT1,0.75,1,0,0.0,0.303458,0.303458
CSNK1A1L,0.75,2,0,0.0,1e-05,1e-05
CSRNP2,0.75,2,0,0.0,0.18183,0.18183
CSRNP3,0.75,1,0,0.0,0.507376,0.507376
CST11,0.75,1,0,0.0,0.054107,0.054107
CST9,0.75,1,0,0.0,0.554446,0.554446
CST9L,0.75,1,0,0.0,1.4e-05,1.4e-05
CSTF3,0.75,1,0,0.0,0.090142,0.090142
CTPS2,0.75,2,0,0.0,0.339352,0.339352
CTRL,0.75,2,0,0.0,0.320602,0.320602
CTSB,0.75,1,0,0.0,0.55828,0.55828
CTSD,0.75,2,0,0.0,0.0,0.0
CTSF,0.75,4,0,0.0,0.132436,0.154048
CUL3,0.75,1,0,0.0,0.000699,0.000699
CUZD1,0.75,1,0,0.0,0.186584,0.186584
CWC22,0.75,1,0,0.0,0.658837,0.658837
CWC27,0.75,1,0,0.0,0.42174,0.42174
CXCL16,0.75,1,0,0.0,0.084865,0.084865
CXCR4,0.75,1,0,0.0,0.293295,0.293295
CXCR6,0.75,1,0,0.0,0.178737,0.178737
CXXC4,0.75,1,0,0.0,0.415836,0.415836
CXorf56,0.75,2,0,0.0,0.693553,0.693553
CYB561D2,0.75,1,0,0.0,0.461307,0.461307
CYB5R1,0.75,1,0,0.0,0.0,0.0
CYB5R2,0.75,1,0,0.0,0.0,0.0
CYBB,0.75,3,0,0.0,2.8e-05,0.103572
CYC1,0.75,1,0,0.0,0.272612,0.272612
CYFIP1,0.75,5,0,0.0,0.000678,0.219206
CYLC1,0.75,1,0,0.0,0.004836,0.004836
CYP11A1,0.75,4,0,0.0,0.278648,0.320398
CYP21A2,0.75,1,0,0.0,0.0,0.0
CYP26C1,0.75,1,0,0.0,0.039386,0.039386
CYP27A1,0.75,1,0,0.0,0.003824,0.003824
CYP2C8,0.75,4,0,0.0,2.6e-05,0.143059
CYP4V2,0.75,1,0,0.0,0.008012,0.008012
CYTH3,0.75,2,0,0.0,0.078999,0.078999
DAAM2,0.75,1,0,0.0,0.0,0.0
DAOA,0.75,1,0,0.0,0.112236,0.112236
DBT,0.75,2,0,0.0,0.605191,0.605191
DBX2,0.75,2,0,0.0,0.204415,0.204415
DCAF13,0.75,1,0,0.0,0.0,0.0
DCAF17,0.75,1,0,0.0,0.666453,0.666453
DCLRE1A,0.75,1,0,0.0,0.0,0.0
DCT,0.75,2,0,0.0,0.107556,0.107556
DCTN3,0.75,1,0,0.0,0.015975,0.015975
DCUN1D5,0.75,1,0,0.0,0.0,0.0
DDAH2,0.75,1,0,0.0,0.002041,0.002041
DDB2,0.75,1,0,0.0,3.1e-05,3.1e-05
DDX1,0.75,1,0,0.0,6e-06,6e-06
DDX20,0.75,1,0,0.0,0.110131,0.110131
DDX25,0.75,1,0,0.0,0.0,0.0
DDX27,0.75,1,0,0.0,0.015624,0.015624
DDX39A,0.75,1,0,0.0,0.004893,0.004893
DDX41,0.75,4,0,0.0,0.465107,0.377136
DEDD2,0.75,1,0,0.0,0.250842,0.250842
DEFB108B,0.75,1,0,0.0,1e-06,1e-06
DEFB113,0.75,3,0,0.0,0.0,0.04436
DEFB116,0.75,1,0,0.0,0.239363,0.239363
DEFB125,0.75,1,0,0.0,0.097345,0.097345
DEFB127,0.75,1,0,0.0,0.000862,0.000862
DEGS2,0.75,1,0,0.0,0.0,0.0
DENND11,0.75,1,0,0.0,0.000546,0.000546
DENND6B,0.75,1,0,0.0,0.0,0.0
DEPDC7,0.75,1,0,0.0,0.269374,0.269374
DERL3,0.75,1,0,0.0,0.552315,0.552315
DESI1,0.75,1,0,0.0,0.0,0.0
DEUP1,0.75,3,0,0.0,0.154642,0.2394
DGKA,0.75,2,0,0.0,0.637629,0.637629
DGKQ,0.75,2,0,0.0,0.001347,0.001347
DGLUCY,0.75,2,0,0.0,0.0,0.0
DHDH,0.75,2,0,0.0,0.052951,0.052951
DHH,0.75,1,0,0.0,0.0,0.0
DHPS,0.75,1,0,0.0,0.064777,0.064777
DHRS13,0.75,3,0,0.0,0.371479,0.373819
DHRS7,0.75,1,0,0.0,5.9e-05,5.9e-05
DHRS7B,0.75,1,0,0.0,0.546039,0.546039
DHX15,0.75,2,0,0.0,1e-06,1e-06
DIAPH1,0.75,2,0,0.0,0.156112,0.156112
DIO1,0.75,1,0,0.0,0.65408,0.65408
DIPK1B,0.75,1,0,0.0,0.367989,0.367989
DIPK2A,0.75,1,0,0.0,0.006156,0.006156
DIS3,0.75,3,0,0.0,0.001345,0.137824
DIXDC1,0.75,1,0,0.0,0.0,0.0
DLG1,0.75,3,0,0.0,0.006167,0.079451
DLG3,0.75,1,0,0.0,0.0,0.0
DLL1,0.75,3,0,0.0,0.293018,0.32166
DLX2,0.75,1,0,0.0,0.0,0.0
DLX3,0.75,1,0,0.0,0.208718,0.208718
DMAP1,0.75,1,0,0.0,0.473511,0.473511
DMRTC2,0.75,1,0,0.0,0.345971,0.345971
DNAAF2,0.75,3,0,0.0,0.00092,0.211913
DNAAF3,0.75,1,0,0.0,0.254817,0.254817
DNAH6,0.75,1,0,0.0,0.067561,0.067561
DNAI2,0.75,1,0,0.0,0.530419,0.530419
DNAJB1,0.75,2,0,0.0,0.000219,0.000219
DNAJB7,0.75,1,0,0.0,0.0,0.0
DNAJC16,0.75,3,0,0.0,1e-06,1.3e-05
DNAJC18,0.75,1,0,0.0,0.02801,0.02801
DNAJC7,0.75,1,0,0.0,0.049194,0.049194
DNAJC8,0.75,1,0,0.0,0.0,0.0
DNASE2,0.75,1,0,0.0,4e-06,4e-06
DNASE2B,0.75,1,0,0.0,0.000641,0.000641
DNM1L,0.75,2,0,0.0,0.365286,0.365286
DNM3,0.75,2,0,0.0,0.0,0.0
DNTT,0.75,4,0,0.0,0.000102,0.001564
DNTTIP2,0.75,1,0,0.0,0.002033,0.002033
DPP3,0.75,1,0,0.0,0.489296,0.489296
DPP8,0.75,1,0,0.0,0.728701,0.728701
DPP9,0.75,1,0,0.0,0.133356,0.133356
DPPA3,0.75,1,0,0.0,0.605368,0.605368
DPPA5,0.75,1,0,0.0,0.56925,0.56925
DPRX,0.75,2,0,0.0,0.109002,0.109002
DPT,0.75,4,0,0.0,0.699139,0.576519
DPY19L3,0.75,1,0,0.0,0.632192,0.632192
DPYSL4,0.75,1,0,0.0,0.145973,0.145973
DRAM1,0.75,1,0,0.0,0.22698,0.22698
DRD3,0.75,2,0,0.0,0.00291,0.00291
DSPP,0.75,1,0,0.0,0.138766,0.138766
DTNBP1,0.75,1,0,0.0,0.57942,0.57942
DUOX1,0.75,2,0,0.0,0.602101,0.602101
DUOXA1,0.75,1,0,0.0,0.350147,0.350147
DUS2,0.75,2,0,0.0,0.3444,0.3444
DUSP13,0.75,1,0,0.0,2.3e-05,2.3e-05
DUSP18,0.75,1,0,0.0,0.322858,0.322858
DUSP3,0.75,1,0,0.0,0.636844,0.636844
DUSP4,0.75,1,0,0.0,0.000157,0.000157
DUSP6,0.75,1,0,0.0,0.54185,0.54185
DUSP8,0.75,1,0,0.0,0.0,0.0
DUSP9,0.75,3,0,0.0,0.000572,0.093844
DVL3,0.75,1,0,0.0,0.665239,0.665239
DYNAP,0.75,2,0,0.0,0.393668,0.393668
DYRK3,0.75,1,0,0.0,0.670288,0.670288
DYTN,0.75,2,0,0.0,0.000776,0.000776
EARS2,0.75,2,0,0.0,0.331181,0.331181
EBLN2,0.75,1,0,0.0,0.18386,0.18386
ECE2,0.75,2,0,0.0,0.0,0.0
ECHDC2,0.75,1,0,0.0,0.053207,0.053207
ECHS1,0.75,2,0,0.0,0.085363,0.085363
ECI2,0.75,1,0,0.0,0.252264,0.252264
ECSIT,0.75,1,0,0.0,0.227663,0.227663
EDA2R,0.75,1,0,0.0,1e-06,1e-06
EDAR,0.75,2,0,0.0,0.195473,0.195473
EDDM3A,0.75,2,0,0.0,0.273864,0.273864
EDDM3B,0.75,3,0,0.0,0.058753,0.063409
EFCAB1,0.75,1,0,0.0,0.322287,0.322287
EFNA3,0.75,2,0,0.0,0.129054,0.129054
EFNA5,0.75,2,0,0.0,0.413273,0.413273
EFNB1,0.75,1,0,0.0,0.008099,0.008099
EFNB2,0.75,2,0,0.0,0.343469,0.343469
EGFL7,0.75,1,0,0.0,0.536207,0.536207
EHD2,0.75,1,0,0.0,0.0,0.0
EHF,0.75,2,0,0.0,0.0,0.0
EHHADH,0.75,4,0,0.0,0.007511,0.055903
EHMT1,0.75,3,0,0.0,0.005091,0.094373
EIF2A,0.75,2,0,0.0,0.521606,0.521606
EIF2B5,0.75,2,0,0.0,0.00191,0.00191
EIF3J,0.75,1,0,0.0,0.479398,0.479398
EIF3K,0.75,1,0,0.0,0.144722,0.144722
EIF4A3,0.75,2,0,0.0,0.171402,0.171402
EIF5A,0.75,1,0,0.0,6e-06,6e-06
ELFN2,0.75,3,0,0.0,0.067827,0.23736
ELK1,0.75,3,0,0.0,0.269009,0.3337
ELMO3,0.75,1,0,0.0,0.1752,0.1752
ELMOD2,0.75,1,0,0.0,0.137681,0.137681
ELOA,0.75,2,0,0.0,0.310397,0.310397
ELOVL6,0.75,1,0,0.0,0.629413,0.629413
ELP5,0.75,2,0,0.0,0.0,0.0
EMC10,0.75,1,0,0.0,0.367209,0.367209
EMC6,0.75,1,0,0.0,0.688528,0.688528
EMC8,0.75,1,0,0.0,0.005322,0.005322
EMC9,0.75,1,0,0.0,0.00801,0.00801
EME1,0.75,2,0,0.0,0.334119,0.334119
EMG1,0.75,1,0,0.0,0.000192,0.000192
EMID1,0.75,1,0,0.0,0.084744,0.084744
EML3,0.75,1,0,0.0,0.090629,0.090629
EML5,0.75,5,0,0.0,0.0,0.018418
EMX1,0.75,1,0,0.0,0.0,0.0
EN2,0.75,1,0,0.0,2.2e-05,2.2e-05
ENDOU,0.75,1,0,0.0,0.000384,0.000384
ENDOV,0.75,2,0,0.0,0.0,0.0
ENO2,0.75,2,0,0.0,0.201781,0.201781
ENOPH1,0.75,3,0,0.0,9.6e-05,0.053477
ENOX1,0.75,1,0,0.0,0.059784,0.059784
ENTPD4,0.75,2,0,0.0,0.372407,0.372407
ENTPD5,0.75,1,0,0.0,0.109233,0.109233
ENTPD8,0.75,1,0,0.0,0.747735,0.747735
EOLA1,0.75,1,0,0.0,0.0,0.0
EPC2,0.75,1,0,0.0,0.000851,0.000851
EPCAM,0.75,1,0,0.0,0.001675,0.001675
EPHB3,0.75,1,0,0.0,0.059829,0.059829
EPHX1,0.75,1,0,0.0,0.538175,0.538175
EPN2,0.75,1,0,0.0,0.015264,0.015264
EPN3,0.75,2,0,0.0,0.0,0.0
EPRS1,0.75,5,0,0.0,0.12974,0.229504
EPS8L1,0.75,3,0,0.0,1.4e-05,0.234491
ERAS,0.75,1,0,0.0,0.629865,0.629865
ERBB3,0.75,3,0,0.0,0.000349,0.134089
ERCC4,0.75,7,0,0.0,0.067661,0.128625
EREG,0.75,1,0,0.0,0.699943,0.699943
ERLIN1,0.75,1,0,0.0,1e-06,1e-06
ERO1B,0.75,1,0,0.0,0.231372,0.231372
ESCO2,0.75,1,0,0.0,0.197453,0.197453
ESPN,0.75,1,0,0.0,0.0,0.0
ESRRA,0.75,1,0,0.0,0.008017,0.008017
ESYT3,0.75,1,0,0.0,0.0,0.0
ETF1,0.75,3,0,0.0,0.127991,0.158326
ETFB,0.75,2,0,0.0,0.365418,0.365418
ETNK1,0.75,1,0,0.0,0.002162,0.002162
ETNK2,0.75,1,0,0.0,0.162628,0.162628
EVI2A,0.75,1,0,0.0,0.70834,0.70834
EWSR1,0.75,2,0,0.0,0.324534,0.324534
EXD2,0.75,1,0,0.0,0.078892,0.078892
EXD3,0.75,4,0,0.0,1e-06,0.001124
EXOC6B,0.75,1,0,0.0,0.0,0.0
EXOG,0.75,1,0,0.0,0.003754,0.003754
EXOSC3,0.75,1,0,0.0,0.39705,0.39705
EXOSC5,0.75,1,0,0.0,0.699706,0.699706
EXTL1,0.75,1,0,0.0,0.542576,0.542576
F11R,0.75,2,0,0.0,0.02427,0.02427
F2RL1,0.75,1,0,0.0,1e-06,1e-06
F2RL3,0.75,2,0,0.0,1.1e-05,1.1e-05
FAAP20,0.75,1,0,0.0,1e-06,1e-06
FADS1,0.75,3,0,0.0,0.0,0.0
FAM107B,0.75,2,0,0.0,0.040828,0.040828
FAM111B,0.75,3,0,0.0,0.054882,0.263967
FAM117B,0.75,1,0,0.0,0.0,0.0
FAM124B,0.75,1,0,0.0,0.550136,0.550136
FAM126B,0.75,1,0,0.0,0.000281,0.000281
FAM133A,0.75,1,0,0.0,0.0,0.0
FAM155A,0.75,2,0,0.0,0.265161,0.265161
FAM160A2,0.75,2,0,0.0,0.26977,0.26977
FAM161B,0.75,2,0,0.0,4.7e-05,4.7e-05
FAM163B,0.75,1,0,0.0,0.0,0.0
FAM167A,0.75,1,0,0.0,0.082442,0.082442
FAM168B,0.75,2,0,0.0,0.0,0.0
FAM181B,0.75,1,0,0.0,0.0,0.0
FAM210B,0.75,1,0,0.0,0.240904,0.240904
FAM217B,0.75,3,0,0.0,0.143532,0.111909
FAM21FP,0.75,1,0,0.0,0.0,0.0
FAM220A,0.75,1,0,0.0,0.665064,0.665064
FAM27E5,0.75,1,0,0.0,0.049002,0.049002
FAM53C,0.75,1,0,0.0,0.188541,0.188541
FAM83C,0.75,4,0,0.0,0.001663,0.009682
FAM89B,0.75,1,0,0.0,0.719395,0.719395
FAM9B,0.75,1,0,0.0,0.421862,0.421862
FANCG,0.75,1,0,0.0,0.000921,0.000921
FANK1,0.75,1,0,0.0,0.17604,0.17604
FARP1,0.75,5,0,0.0,0.0,0.096032
FARP2,0.75,1,0,0.0,0.004025,0.004025
FASLG,0.75,1,0,0.0,0.0,0.0
FASN,0.75,4,0,0.0,0.011904,0.048189
FAXDC2,0.75,1,0,0.0,0.565151,0.565151
FBXL12,0.75,1,0,0.0,0.055205,0.055205
FBXL16,0.75,1,0,0.0,0.0,0.0
FBXL17,0.75,2,0,0.0,0.0,0.0
FBXL19,0.75,2,0,0.0,0.119649,0.119649
FBXL2,0.75,1,0,0.0,0.014851,0.014851
FBXL22,0.75,1,0,0.0,0.257798,0.257798
FBXL3,0.75,1,0,0.0,0.007984,0.007984
FBXO15,0.75,2,0,0.0,0.320567,0.320567
FBXO21,0.75,1,0,0.0,0.004851,0.004851
FBXO27,0.75,1,0,0.0,0.602625,0.602625
FBXO33,0.75,1,0,0.0,1e-06,1e-06
FBXO41,0.75,1,0,0.0,0.0,0.0
FBXO42,0.75,1,0,0.0,0.456967,0.456967
FBXO46,0.75,1,0,0.0,0.151886,0.151886
FBXW9,0.75,2,0,0.0,0.000376,0.000376
FCAMR,0.75,2,0,0.0,0.096572,0.096572
FCAR,0.75,2,0,0.0,0.188324,0.188324
FCER1A,0.75,4,0,0.0,0.242169,0.217429
FCMR,0.75,1,0,0.0,0.51816,0.51816
FCRL5,0.75,5,0,0.0,0.020821,0.272994
FEM1B,0.75,1,0,0.0,0.000222,0.000222
FER,0.75,2,0,0.0,0.002809,0.002809
FES,0.75,2,0,0.0,0.444769,0.444769
FEZF1,0.75,1,0,0.0,0.415315,0.415315
FGD2,0.75,1,0,0.0,0.571134,0.571134
FGF13,0.75,1,0,0.0,0.0,0.0
FGF2,0.75,2,0,0.0,0.357561,0.357561
FGF21,0.75,1,0,0.0,0.268953,0.268953
FGF3,0.75,1,0,0.0,0.662987,0.662987
FGF6,0.75,3,0,0.0,0.104966,0.085164
FGF7,0.75,1,0,0.0,0.634514,0.634514
FGFRL1,0.75,2,0,0.0,4.1e-05,4.1e-05
FHL2,0.75,1,0,0.0,0.038238,0.038238
FHOD1,0.75,2,0,0.0,7e-06,7e-06
FIGLA,0.75,1,0,0.0,0.000987,0.000987
FIGNL1,0.75,2,0,0.0,0.00352,0.00352
FIGNL2,0.75,1,0,0.0,1e-06,1e-06
FITM2,0.75,2,0,0.0,0.0,0.0
FKBP11,0.75,1,0,0.0,0.0,0.0
FKBP4,0.75,1,0,0.0,0.012112,0.012112
FKBPL,0.75,1,0,0.0,0.0,0.0
FKRP,0.75,1,0,0.0,0.0,0.0
FLII,0.75,1,0,0.0,0.537145,0.537145
FLVCR2,0.75,1,0,0.0,4.8e-05,4.8e-05
FLYWCH1,0.75,1,0,0.0,0.0,0.0
FN3K,0.75,2,0,0.0,0.289802,0.289802
FNBP1L,0.75,1,0,0.0,0.0,0.0
FOLR1,0.75,2,0,0.0,0.409735,0.409735
FOXA3,0.75,1,0,0.0,0.000143,0.000143
FOXB1,0.75,2,0,0.0,0.0,0.0
FOXB2,0.75,2,0,0.0,0.010923,0.010923
FOXF2,0.75,1,0,0.0,0.002662,0.002662
FOXH1,0.75,1,0,0.0,0.0,0.0
FOXL1,0.75,2,0,0.0,0.392583,0.392583
FOXP4,0.75,1,0,0.0,0.458872,0.458872
FPGT-TNNI3K,0.75,2,0,0.0,0.0,0.0
FRG2,0.75,3,0,0.0,0.058791,0.114242
FRMD4A,0.75,1,0,0.0,0.0,0.0
FSCN2,0.75,1,0,0.0,0.0,0.0
FSD2,0.75,1,0,0.0,0.166199,0.166199
FSTL3,0.75,1,0,0.0,0.0,0.0
FTCD,0.75,2,0,0.0,0.481326,0.481326
FTHL17,0.75,4,0,0.0,0.188106,0.185885
FTSJ1,0.75,3,0,0.0,0.0,0.0
FUBP3,0.75,1,0,0.0,1e-06,1e-06
FUNDC1,0.75,1,0,0.0,0.100468,0.100468
FURIN,0.75,2,0,0.0,0.158488,0.158488
FUS,0.75,2,0,0.0,0.002854,0.002854
FXR1,0.75,3,0,0.0,0.001003,0.184337
GABARAPL1,0.75,1,0,0.0,0.028863,0.028863
GABARAPL2,0.75,1,0,0.0,0.254124,0.254124
GABRR2,0.75,2,0,0.0,0.106256,0.106256
GAD1,0.75,6,0,0.0,0.062598,0.174711
GADD45A,0.75,1,0,0.0,0.0,0.0
GAGE2E,0.75,1,0,0.0,0.654665,0.654665
GALE,0.75,3,0,0.0,0.461811,0.398598
GALNS,0.75,3,0,0.0,0.001945,0.003347
GALNT3,0.75,2,0,0.0,0.249416,0.249416
GALR2,0.75,1,0,0.0,0.105089,0.105089
GAN,0.75,1,0,0.0,0.11382,0.11382
GAP43,0.75,1,0,0.0,0.430381,0.430381
GAR1,0.75,1,0,0.0,0.005423,0.005423
GAS1,0.75,1,0,0.0,0.007248,0.007248
GAS2,0.75,3,0,0.0,0.0,0.0
GAS2L1,0.75,2,0,0.0,0.25699,0.25699
GATA5,0.75,1,0,0.0,0.507819,0.507819
GATAD2A,0.75,1,0,0.0,0.000113,0.000113
GBA,0.75,2,0,0.0,0.06994,0.06994
GDF10,0.75,2,0,0.0,0.0,0.0
GDF7,0.75,1,0,0.0,0.0,0.0
GDI1,0.75,1,0,0.0,0.037243,0.037243
GDPD3,0.75,1,0,0.0,0.002192,0.002192
GFOD2,0.75,1,0,0.0,0.551215,0.551215
GFRA1,0.75,3,0,0.0,0.0,0.071669
GGH,0.75,1,0,0.0,0.067559,0.067559
GGT6,0.75,1,0,0.0,8e-06,8e-06
GH2,0.75,3,0,0.0,0.154365,0.220292
GID4,0.75,1,0,0.0,0.0,0.0
GID8,0.75,2,0,0.0,0.0,0.0
GJB1,0.75,2,0,0.0,0.175626,0.175626
GJC2,0.75,1,0,0.0,0.057669,0.057669
GJD4,0.75,1,0,0.0,0.069573,0.069573
GLB1,0.75,2,0,0.0,0.000419,0.000419
GLIPR1L2,0.75,1,0,0.0,0.247456,0.247456
GLRA1,0.75,1,0,0.0,0.131701,0.131701
GLRA4,0.75,1,0,0.0,0.0,0.0
GLTP,0.75,2,0,0.0,0.625299,0.625299
GMPS,0.75,1,0,0.0,0.009738,0.009738
GNA15,0.75,1,0,0.0,0.716897,0.716897
GNAO1,0.75,2,0,0.0,0.149235,0.149235
GNAQ,0.75,1,0,0.0,0.023287,0.023287
GNAT2,0.75,1,0,0.0,0.248312,0.248312
GNAZ,0.75,2,0,0.0,0.404068,0.404068
GNB3,0.75,1,0,0.0,0.170569,0.170569
GNB4,0.75,1,0,0.0,7.2e-05,7.2e-05
GNGT1,0.75,1,0,0.0,0.462816,0.462816
GNL1,0.75,1,0,0.0,0.013278,0.013278
GNL3L,0.75,1,0,0.0,0.46621,0.46621
GNPTG,0.75,1,0,0.0,0.151428,0.151428
GNRH2,0.75,1,0,0.0,0.476307,0.476307
GOLM2,0.75,1,0,0.0,9.6e-05,9.6e-05
GORASP1,0.75,1,0,0.0,0.008007,0.008007
GOT1,0.75,1,0,0.0,0.0,0.0
GPATCH2,0.75,1,0,0.0,0.405187,0.405187
GPBP1L1,0.75,1,0,0.0,0.343734,0.343734
GPC3,0.75,1,0,0.0,0.700178,0.700178
GPC6,0.75,2,0,0.0,0.0,0.0
GPD1L,0.75,1,0,0.0,0.680432,0.680432
GPER1,0.75,2,0,0.0,0.036753,0.036753
GPHA2,0.75,1,0,0.0,1e-06,1e-06
GPHB5,0.75,1,0,0.0,1.8e-05,1.8e-05
GPN2,0.75,1,0,0.0,0.0,0.0
GPR12,0.75,1,0,0.0,0.140133,0.140133
GPR137,0.75,3,0,0.0,0.346006,0.397139
GPR137B,0.75,1,0,0.0,0.000855,0.000855
GPR146,0.75,1,0,0.0,0.433978,0.433978
GPR150,0.75,2,0,0.0,0.0,0.0
GPR153,0.75,1,0,0.0,0.261567,0.261567
GPR155,0.75,2,0,0.0,2e-06,2e-06
GPR171,0.75,1,0,0.0,0.018837,0.018837
GPR6,0.75,2,0,0.0,0.160471,0.160471
GPR62,0.75,1,0,0.0,0.0,0.0
GPR82,0.75,1,0,0.0,0.744216,0.744216
GPR89A,0.75,1,0,0.0,0.000187,0.000187
GPRASP1,0.75,2,0,0.0,0.047665,0.047665
GPRIN1,0.75,1,0,0.0,0.0,0.0
GPX3,0.75,1,0,0.0,0.292846,0.292846
GPX4,0.75,1,0,0.0,0.64916,0.64916
GPX7,0.75,1,0,0.0,0.0,0.0
GPX8,0.75,1,0,0.0,0.007998,0.007998
GRAMD1B,0.75,4,0,0.0,0.001023,0.164413
GRAMD1C,0.75,1,0,0.0,0.126787,0.126787
GREM1,0.75,3,0,0.0,0.000841,0.169456
GREM2,0.75,1,0,0.0,0.215055,0.215055
GRIK1,0.75,7,0,0.0,0.237318,0.238331
GRM7,0.75,5,0,0.0,0.233804,0.266211
GRTP1,0.75,1,0,0.0,0.536046,0.536046
GRXCR1,0.75,1,0,0.0,0.503138,0.503138
GRXCR2,0.75,1,0,0.0,0.095398,0.095398
GSG1L,0.75,2,0,0.0,0.26941,0.26941
GSTA1,0.75,1,0,0.0,0.736332,0.736332
GSTA5,0.75,2,0,0.0,0.036052,0.036052
GSTK1,0.75,1,0,0.0,0.263804,0.263804
GSTM1,0.75,2,0,0.0,0.0,0.0
GSTT2,0.75,1,0,0.0,0.0,0.0
GSTT2B,0.75,2,0,0.0,0.244887,0.244887
GTF2E1,0.75,1,0,0.0,0.550975,0.550975
GTF2H4,0.75,3,0,0.0,0.176942,0.131209
GTF3C4,0.75,1,0,0.0,0.0,0.0
GTF3C6,0.75,1,0,0.0,0.533988,0.533988
GTSF1L,0.75,1,0,0.0,0.219267,0.219267
GUCA1B,0.75,2,0,0.0,0.08275,0.08275
GXYLT2,0.75,1,0,0.0,0.013602,0.013602
GYG1,0.75,1,0,0.0,0.240733,0.240733
GZMA,0.75,1,0,0.0,0.00115,0.00115
H1-10,0.75,1,0,0.0,0.518683,0.518683
H1-3,0.75,2,0,0.0,0.455084,0.455084
H1-5,0.75,1,0,0.0,0.464496,0.464496
H1-7,0.75,2,0,0.0,0.0,0.0
H1-8,0.75,1,0,0.0,0.004637,0.004637
H2BC11,0.75,1,0,0.0,0.642255,0.642255
H6PD,0.75,1,0,0.0,9.6e-05,9.6e-05
HAAO,0.75,1,0,0.0,0.04416,0.04416
HABP2,0.75,2,0,0.0,0.004007,0.004007
HACL1,0.75,1,0,0.0,0.091921,0.091921
HADH,0.75,1,0,0.0,0.58539,0.58539
HAND1,0.75,1,0,0.0,0.000258,0.000258
HAPLN1,0.75,1,0,0.0,0.175566,0.175566
HARBI1,0.75,2,0,0.0,0.20242,0.20242
HAVCR2,0.75,3,0,0.0,0.539829,0.413798
HBEGF,0.75,1,0,0.0,0.086261,0.086261
HCFC2,0.75,2,0,0.0,0.331424,0.331424
HCN4,0.75,4,0,0.0,0.162188,0.1517
HDAC2,0.75,3,0,0.0,0.315785,0.361873
HDGF,0.75,1,0,0.0,0.162938,0.162938
HDHD5,0.75,2,0,0.0,0.074866,0.074866
HDX,0.75,3,0,0.0,0.507574,0.341923
HEG1,0.75,1,0,0.0,0.411501,0.411501
HELLS,0.75,1,0,0.0,0.299031,0.299031
HELQ,0.75,2,0,0.0,0.230264,0.230264
HERC6,0.75,3,0,0.0,1e-06,0.138495
HES1,0.75,1,0,0.0,0.021185,0.021185
HEXIM2,0.75,1,0,0.0,0.162888,0.162888
HFE,0.75,2,0,0.0,0.112722,0.112722
HHEX,0.75,2,0,0.0,0.322976,0.322976
HIBADH,0.75,1,0,0.0,0.218304,0.218304
HINT2,0.75,1,0,0.0,0.16787,0.16787
HLA-C,0.75,1,0,0.0,0.01889,0.01889
HLA-DMA,0.75,2,0,0.0,0.081668,0.081668
HLA-DMB,0.75,1,0,0.0,0.740056,0.740056
HLA-DOA,0.75,3,0,0.0,0.162653,0.16183
HLA-DQB1,0.75,2,0,0.0,0.004609,0.004609
HLX,0.75,2,0,0.0,0.238793,0.238793
HMBS,0.75,1,0,0.0,0.558156,0.558156
HMGA2,0.75,1,0,0.0,0.144528,0.144528
HMGB1,0.75,2,0,0.0,0.007615,0.007615
HMGXB4,0.75,1,0,0.0,0.683604,0.683604
HMOX1,0.75,2,0,0.0,0.055351,0.055351
HNRNPA1L2,0.75,3,0,0.0,8.5e-05,0.029897
HNRNPK,0.75,1,0,0.0,2e-06,2e-06
HOGA1,0.75,1,0,0.0,0.0,0.0
HOPX,0.75,1,0,0.0,0.0,0.0
HOXB5,0.75,1,0,0.0,0.057342,0.057342
HOXB8,0.75,2,0,0.0,0.049026,0.049026
HOXB9,0.75,1,0,0.0,1.2e-05,1.2e-05
HOXC13,0.75,1,0,0.0,0.0,0.0
HPF1,0.75,2,0,0.0,0.161712,0.161712
HRH3,0.75,3,0,0.0,0.028073,0.104865
HRH4,0.75,1,0,0.0,0.404267,0.404267
HS3ST6,0.75,2,0,0.0,2e-06,2e-06
HS6ST1,0.75,2,0,0.0,0.263325,0.263325
HSD17B1,0.75,1,0,0.0,0.378509,0.378509
HSD17B12,0.75,1,0,0.0,0.057121,0.057121
HSD3B2,0.75,3,0,0.0,0.402588,0.371571
HSDL1,0.75,1,0,0.0,0.023899,0.023899
HSF1,0.75,2,0,0.0,0.000495,0.000495
HSPB7,0.75,1,0,0.0,0.160554,0.160554
HSPD1,0.75,1,0,0.0,0.000299,0.000299
HTR1B,0.75,1,0,0.0,0.172785,0.172785
HUS1B,0.75,1,0,0.0,0.007243,0.007243
HYAL1,0.75,1,0,0.0,0.001613,0.001613
IBA57,0.75,1,0,0.0,0.0,0.0
ICAM3,0.75,1,0,0.0,4.8e-05,4.8e-05
IDI1,0.75,1,0,0.0,0.48804,0.48804
IFI30,0.75,1,0,0.0,0.0,0.0
IFIT2,0.75,2,0,0.0,0.250443,0.250443
IFITM1,0.75,1,0,0.0,0.183395,0.183395
IFITM2,0.75,1,0,0.0,0.061565,0.061565
IFITM5,0.75,1,0,0.0,0.0,0.0
IFNA10,0.75,2,0,0.0,0.0,0.0
IFNA21,0.75,2,0,0.0,0.0,0.0
IFNB1,0.75,2,0,0.0,0.0,0.0
IFNE,0.75,2,0,0.0,0.00858,0.00858
IFNLR1,0.75,1,0,0.0,0.415779,0.415779
IFT88,0.75,1,0,0.0,0.000132,0.000132
IFTAP,0.75,1,0,0.0,0.007998,0.007998
IGF1,0.75,1,0,0.0,0.152218,0.152218
IGFALS,0.75,1,0,0.0,0.0,0.0
IGHA2,0.75,2,0,0.0,0.000835,0.000835
IGHD,0.75,3,0,0.0,0.0,0.0
IGHE,0.75,3,0,0.0,4.5e-05,0.000341
IGHG1,0.75,3,0,0.0,0.527801,0.400282
IGHG2,0.75,1,0,0.0,0.0,0.0
IGHJ6,0.75,1,0,0.0,0.387926,0.387926
IGHV1-45,0.75,1,0,0.0,0.000836,0.000836
IGHV1OR15-9,0.75,2,0,0.0,0.531999,0.531999
IGHV2-5,0.75,1,0,0.0,0.153057,0.153057
IGHV3-13,0.75,1,0,0.0,0.292739,0.292739
IGHV3-15,0.75,1,0,0.0,0.0,0.0
IGHV3-16,0.75,1,0,0.0,0.0,0.0
IGHV3-38,0.75,1,0,0.0,0.629745,0.629745
IGHV3-66,0.75,1,0,0.0,0.466466,0.466466
IGHV3OR16-8,0.75,1,0,0.0,0.442342,0.442342
IGKV1-13,0.75,1,0,0.0,0.423043,0.423043
IGKV1-5,0.75,1,0,0.0,9.6e-05,9.6e-05
IGKV1D-43,0.75,2,0,0.0,0.0,0.0
IGKV3-7,0.75,1,0,0.0,0.006454,0.006454
IGKV4-1,0.75,1,0,0.0,0.178165,0.178165
IGLON5,0.75,2,0,0.0,0.032983,0.032983
IGLV1-40,0.75,1,0,0.0,0.441194,0.441194
IGLV1-50,0.75,1,0,0.0,0.365098,0.365098
IGLV1-51,0.75,1,0,0.0,0.0,0.0
IGLV2-11,0.75,1,0,0.0,0.174668,0.174668
IGLV3-19,0.75,3,0,0.0,0.349259,0.316527
IGLV8OR8-1,0.75,1,0,0.0,0.331074,0.331074
IK,0.75,1,0,0.0,0.0,0.0
IKBIP,0.75,1,0,0.0,0.310117,0.310117
IKZF4,0.75,1,0,0.0,0.021114,0.021114
IL13,0.75,1,0,0.0,0.139545,0.139545
IL17RA,0.75,2,0,0.0,0.014911,0.014911
IL1R1,0.75,2,0,0.0,0.246018,0.246018
IL21,0.75,1,0,0.0,0.147742,0.147742
IL22RA2,0.75,2,0,0.0,0.311571,0.311571
IL23A,0.75,1,0,0.0,0.175424,0.175424
IL24,0.75,1,0,0.0,0.222785,0.222785
IL25,0.75,1,0,0.0,1e-06,1e-06
IL3,0.75,1,0,0.0,0.719315,0.719315
IL4,0.75,1,0,0.0,0.562216,0.562216
IL6,0.75,2,0,0.0,0.104981,0.104981
ILDR1,0.75,2,0,0.0,0.203337,0.203337
IMP3,0.75,1,0,0.0,1e-06,1e-06
IMPACT,0.75,2,0,0.0,0.060938,0.060938
INA,0.75,1,0,0.0,0.0,0.0
ING4,0.75,1,0,0.0,0.441081,0.441081
INHBE,0.75,2,0,0.0,0.0,0.0
INO80B,0.75,2,0,0.0,3.8e-05,3.8e-05
INO80C,0.75,1,0,0.0,0.261565,0.261565
INPP5A,0.75,1,0,0.0,0.358352,0.358352
INPPL1,0.75,3,0,0.0,0.0,8e-06
INS,0.75,1,0,0.0,0.0,0.0
INSIG1,0.75,2,0,0.0,0.233051,0.233051
INTS14,0.75,2,0,0.0,0.556438,0.556438
INTS3,0.75,2,0,0.0,0.331087,0.331087
INTS8,0.75,2,0,0.0,0.083412,0.083412
IPCEF1,0.75,1,0,0.0,0.121096,0.121096
IPO13,0.75,3,0,0.0,0.0,0.168402
IPO4,0.75,3,0,0.0,4.1e-05,0.000102
IQCJ,0.75,1,0,0.0,0.554782,0.554782
IRF7,0.75,1,0,0.0,0.000319,0.000319
IRS2,0.75,2,0,0.0,0.0,0.0
IRX2,0.75,2,0,0.0,0.075574,0.075574
IRX4,0.75,1,0,0.0,0.0,0.0
IRX5,0.75,2,0,0.0,0.129719,0.129719
IRX6,0.75,2,0,0.0,0.318385,0.318385
ISG20,0.75,1,0,0.0,0.017727,0.017727
ISOC2,0.75,1,0,0.0,0.0,0.0
ITGA2B,0.75,1,0,0.0,0.487388,0.487388
ITGB8,0.75,3,0,0.0,0.292341,0.32264
ITM2A,0.75,2,0,0.0,0.0,0.0
ITM2B,0.75,1,0,0.0,0.003134,0.003134
ITPK1,0.75,1,0,0.0,0.530511,0.530511
ITPRIP,0.75,1,0,0.0,0.074022,0.074022
ITPRIPL1,0.75,2,0,0.0,0.1548,0.1548
IZUMO1R,0.75,1,0,0.0,0.016145,0.016145
JADE1,0.75,4,0,0.0,0.021149,0.083782
JAG2,0.75,9,0,0.0,1e-06,0.020525
JAKMIP1,0.75,4,0,0.0,1e-06,0.184978
JMJD7-PLA2G4B,0.75,1,0,0.0,0.328027,0.328027
JPH4,0.75,1,0,0.0,0.311083,0.311083
JPT1,0.75,1,0,0.0,0.037681,0.037681
JRKL,0.75,1,0,0.0,2.2e-05,2.2e-05
JUP,0.75,1,0,0.0,0.0,0.0
KANSL1,0.75,1,0,0.0,0.310775,0.310775
KAT7,0.75,1,0,0.0,0.158897,0.158897
KATNAL2,0.75,2,0,0.0,0.438218,0.438218
KATNB1,0.75,1,0,0.0,0.559097,0.559097
KBTBD11,0.75,1,0,0.0,0.0,0.0
KCNC1,0.75,1,0,0.0,1e-06,1e-06
KCNC2,0.75,8,0,0.0,0.233787,0.28814
KCND1,0.75,4,0,0.0,0.077523,0.199948
KCNE3,0.75,1,0,0.0,0.004163,0.004163
KCNE4,0.75,1,0,0.0,0.42752,0.42752
KCNJ10,0.75,1,0,0.0,0.008009,0.008009
KCNJ12,0.75,3,0,0.0,1e-06,0.12044
KCNJ2,0.75,1,0,0.0,0.56517,0.56517
KCNJ5,0.75,4,0,0.0,0.087996,0.218599
KCNK12,0.75,1,0,0.0,2.9e-05,2.9e-05
KCNK18,0.75,2,0,0.0,0.198451,0.198451
KCTD11,0.75,1,0,0.0,0.494978,0.494978
KCTD12,0.75,3,0,0.0,8e-06,0.015464
KCTD2,0.75,3,0,0.0,0.059721,0.098495
KDM5D,0.75,6,0,0.0,0.0,0.0
KHDC1,0.75,1,0,0.0,0.004665,0.004665
KIAA0408,0.75,2,0,0.0,0.000411,0.000411
KIAA1191,0.75,1,0,0.0,0.09788,0.09788
KIAA1328,0.75,1,0,0.0,0.045853,0.045853
KIF22,0.75,1,0,0.0,0.013129,0.013129
KIF23,0.75,3,0,0.0,0.069009,0.197155
KIF24,0.75,1,0,0.0,0.0,0.0
KIF2A,0.75,2,0,0.0,0.106021,0.106021
KIF6,0.75,1,0,0.0,0.015244,0.015244
KIN,0.75,1,0,0.0,0.658661,0.658661
KLC2,0.75,2,0,0.0,0.164896,0.164896
KLF14,0.75,2,0,0.0,0.000163,0.000163
KLF5,0.75,2,0,0.0,0.094275,0.094275
KLF7,0.75,2,0,0.0,0.321931,0.321931
KLF9,0.75,1,0,0.0,4.4e-05,4.4e-05
KLHDC2,0.75,1,0,0.0,0.0,0.0
KLHDC4,0.75,1,0,0.0,0.073654,0.073654
KLHL2,0.75,1,0,0.0,0.00057,0.00057
KLK1,0.75,1,0,0.0,0.024678,0.024678
KLK5,0.75,3,0,0.0,0.154996,0.115311
KLK7,0.75,2,0,0.0,9.2e-05,9.2e-05
KLRD1,0.75,1,0,0.0,0.703141,0.703141
KLRG2,0.75,1,0,0.0,0.11593,0.11593
KMT5B,0.75,1,0,0.0,1.1e-05,1.1e-05
KNCN,0.75,1,0,0.0,0.008007,0.008007
KNOP1,0.75,3,0,0.0,1.4e-05,0.0135
KPNA6,0.75,2,0,0.0,0.451901,0.451901
KRBOX4,0.75,2,0,0.0,1e-06,1e-06
KREMEN2,0.75,1,0,0.0,0.071076,0.071076
KRIT1,0.75,2,0,0.0,0.253881,0.253881
KRT18P23,0.75,1,0,0.0,0.608774,0.608774
KRT77,0.75,2,0,0.0,0.185923,0.185923
KRT86,0.75,2,0,0.0,0.157624,0.157624
KRTAP10-10,0.75,2,0,0.0,0.311113,0.311113
KRTAP10-12,0.75,1,0,0.0,0.008028,0.008028
KRTAP11-1,0.75,1,0,0.0,0.392385,0.392385
KRTAP12-4,0.75,2,0,0.0,0.364603,0.364603
KRTAP19-1,0.75,2,0,0.0,0.505365,0.505365
KRTAP26-1,0.75,1,0,0.0,4.9e-05,4.9e-05
KRTAP3-3,0.75,3,0,0.0,1e-06,0.000666
KRTAP4-1,0.75,1,0,0.0,0.0,0.0
KRTAP4-5,0.75,3,0,0.0,2.2e-05,0.064292
KRTAP6-2,0.75,3,0,0.0,0.27282,0.31507
KSR1,0.75,4,0,0.0,0.052107,0.148115
KXD1,0.75,1,0,0.0,0.007231,0.007231
LACTB,0.75,2,0,0.0,0.07559,0.07559
LAMP1,0.75,1,0,0.0,0.546319,0.546319
LAMTOR1,0.75,1,0,0.0,0.0,0.0
LAMTOR2,0.75,1,0,0.0,0.311093,0.311093
LAMTOR3,0.75,1,0,0.0,0.292181,0.292181
LANCL3,0.75,1,0,0.0,0.0,0.0
LARS2,0.75,1,0,0.0,0.002111,0.002111
LAT2,0.75,1,0,0.0,0.28505,0.28505
LBX1,0.75,2,0,0.0,0.0,0.0
LCE3A,0.75,1,0,0.0,0.090609,0.090609
LCN10,0.75,1,0,0.0,0.0,0.0
LDHA,0.75,2,0,0.0,0.080505,0.080505
LDHC,0.75,1,0,0.0,0.156911,0.156911
LDLRAP1,0.75,1,0,0.0,0.221681,0.221681
LEFTY2,0.75,3,0,0.0,0.0,2e-06
LELP1,0.75,1,0,0.0,0.000108,0.000108
LENG1,0.75,1,0,0.0,0.099664,0.099664
LEPR,0.75,1,0,0.0,0.001979,0.001979
LGALS3,0.75,1,0,0.0,0.001644,0.001644
LGALS9B,0.75,1,0,0.0,0.732206,0.732206
LGI4,0.75,1,0,0.0,0.000143,0.000143
LHFPL4,0.75,1,0,0.0,0.0,0.0
LHFPL5,0.75,1,0,0.0,0.000823,0.000823
LHX4,0.75,3,0,0.0,0.133378,0.128403
LHX5,0.75,1,0,0.0,0.0,0.0
LHX6,0.75,2,0,0.0,0.363997,0.363997
LIG1,0.75,3,0,0.0,0.21358,0.148452
LIG4,0.75,1,0,0.0,0.002327,0.002327
LIMK1,0.75,3,0,0.0,0.507693,0.399294
LIMS1,0.75,2,0,0.0,0.218197,0.218197
LINC00174,0.75,1,0,0.0,0.0,0.0
LINC01098,0.75,1,0,0.0,0.025761,0.025761
LINC01587,0.75,1,0,0.0,0.004825,0.004825
LINC01600,0.75,2,0,0.0,0.237394,0.237394
LINC02843,0.75,1,0,0.0,0.465199,0.465199
LINC02870,0.75,1,0,0.0,0.44304,0.44304
LIPC,0.75,1,0,0.0,0.001346,0.001346
LIPK,0.75,2,0,0.0,0.306053,0.306053
LIPN,0.75,1,0,0.0,0.059702,0.059702
LMAN1,0.75,2,0,0.0,0.358256,0.358256
LMAN1L,0.75,3,0,0.0,0.155176,0.253614
LMF2,0.75,1,0,0.0,0.000698,0.000698
LMNA,0.75,1,0,0.0,0.0,0.0
LMNB1,0.75,1,0,0.0,0.000617,0.000617
LMOD1,0.75,1,0,0.0,0.0,0.0
LMX1B,0.75,2,0,0.0,2e-06,2e-06
LONP2,0.75,3,0,0.0,0.077694,0.091404
LPAR5,0.75,2,0,0.0,0.0,0.0
LPAR6,0.75,2,0,0.0,0.000942,0.000942
LPIN2,0.75,5,0,0.0,0.504093,0.332702
LPXN,0.75,3,0,0.0,0.000719,0.006527
LRFN3,0.75,2,0,0.0,0.000342,0.000342
LRFN4,0.75,1,0,0.0,0.0,0.0
LRP11,0.75,1,0,0.0,0.000457,0.000457
LRP3,0.75,4,0,0.0,0.0,0.0
LRPAP1,0.75,1,0,0.0,0.0,0.0
LRPPRC,0.75,5,0,0.0,1.3e-05,0.148465
LRRC17,0.75,1,0,0.0,0.499686,0.499686
LRRC3,0.75,2,0,0.0,0.289143,0.289143
LRRC34,0.75,2,0,0.0,0.555881,0.555881
LRRC73,0.75,1,0,0.0,0.0,0.0
LRRC75A,0.75,3,0,0.0,0.001136,0.163138
LRRN4CL,0.75,1,0,0.0,1e-06,1e-06
LRRTM1,0.75,2,0,0.0,0.000733,0.000733
LRRTM4,0.75,2,0,0.0,4.7e-05,4.7e-05
LSM12,0.75,1,0,0.0,0.241626,0.241626
LSS,0.75,1,0,0.0,0.546306,0.546306
LTB4R2,0.75,1,0,0.0,5.2e-05,5.2e-05
LTBP2,0.75,14,0,0.0,0.000983,0.102666
LTBP3,0.75,1,0,0.0,1e-06,1e-06
LTF,0.75,2,0,0.0,0.13635,0.13635
LUC7L2,0.75,2,0,0.0,0.551496,0.551496
LY6G5C,0.75,1,0,0.0,0.000691,0.000691
LY6G6D,0.75,1,0,0.0,0.687352,0.687352
LY6K,0.75,1,0,0.0,0.248361,0.248361
LY86,0.75,1,0,0.0,0.017222,0.017222
LYAR,0.75,1,0,0.0,6.2e-05,6.2e-05
LYSMD4,0.75,3,0,0.0,0.224429,0.25602
M1AP,0.75,3,0,0.0,0.001882,0.232522
M6PR,0.75,1,0,0.0,0.684015,0.684015
MAD2L1BP,0.75,1,0,0.0,0.00023,0.00023
MAF1,0.75,1,0,0.0,0.408995,0.408995
MAFG,0.75,1,0,0.0,0.0,0.0
MAGEA1,0.75,1,0,0.0,0.289054,0.289054
MAGEA5,0.75,2,0,0.0,0.518479,0.518479
MAGEH1,0.75,1,0,0.0,0.0,0.0
MAGIX,0.75,1,0,0.0,0.016788,0.016788
MALSU1,0.75,1,0,0.0,0.013714,0.013714
MANEAL,0.75,1,0,0.0,0.19795,0.19795
MAOA,0.75,1,0,0.0,3e-05,3e-05
MAP10,0.75,3,0,0.0,0.068563,0.128067
MAP1LC3B,0.75,1,0,0.0,0.365124,0.365124
MAP2K5,0.75,1,0,0.0,0.656989,0.656989
MAP2K6,0.75,1,0,0.0,0.518256,0.518256
MAP4K5,0.75,1,0,0.0,0.465374,0.465374
MAP7,0.75,4,0,0.0,0.00041,0.146968
MAPK10,0.75,2,0,0.0,0.236104,0.236104
MAPK1IP1L,0.75,1,0,0.0,0.0,0.0
MAPK4,0.75,2,0,0.0,0.536514,0.536514
MAPRE3,0.75,1,0,0.0,0.361215,0.361215
MARK2,0.75,1,0,0.0,0.0,0.0
MARK3,0.75,1,0,0.0,0.065653,0.065653
MAS1,0.75,1,0,0.0,0.659856,0.659856
MASP2,0.75,4,0,0.0,0.0,0.062679
MASTL,0.75,1,0,0.0,0.059628,0.059628
MATN1,0.75,1,0,0.0,0.608659,0.608659
MAZ,0.75,1,0,0.0,0.0,0.0
MBD3,0.75,1,0,0.0,0.623606,0.623606
MBD4,0.75,1,0,0.0,0.091289,0.091289
MBIP,0.75,2,0,0.0,0.0,0.0
MBL2,0.75,2,0,0.0,0.0,0.0
MBLAC1,0.75,1,0,0.0,0.0,0.0
MBOAT7,0.75,1,0,0.0,1e-06,1e-06
MBTD1,0.75,1,0,0.0,0.440092,0.440092
MBTPS2,0.75,1,0,0.0,0.0,0.0
MCAT,0.75,1,0,0.0,4e-06,4e-06
MCMBP,0.75,2,0,0.0,0.030168,0.030168
MCMDC2,0.75,3,0,0.0,0.03412,0.13731
MCPH1,0.75,4,0,0.0,0.002153,0.127909
MCRIP2,0.75,1,0,0.0,0.351475,0.351475
MDH1B,0.75,2,0,0.0,0.356684,0.356684
MDH2,0.75,2,0,0.0,0.238539,0.238539
MDP1,0.75,1,0,0.0,0.204307,0.204307
MDS2,0.75,2,0,0.0,0.036543,0.036543
MED10,0.75,1,0,0.0,0.229405,0.229405
MED12L,0.75,7,0,0.0,0.19313,0.261072
MED22,0.75,3,0,0.0,0.130146,0.268439
MED25,0.75,2,0,0.0,0.312112,0.312112
MEF2A,0.75,2,0,0.0,0.106444,0.106444
MEGF11,0.75,3,0,0.0,0.261577,0.226756
MELK,0.75,3,0,0.0,0.006433,0.01949
MEP1B,0.75,4,0,0.0,0.004672,0.120076
MESP2,0.75,1,0,0.0,0.444156,0.444156
METAP1,0.75,1,0,0.0,0.072744,0.072744
METAP2,0.75,1,0,0.0,0.363764,0.363764
METRNL,0.75,2,0,0.0,0.414044,0.414044
METTL21A,0.75,1,0,0.0,0.36763,0.36763
METTL24,0.75,1,0,0.0,0.605403,0.605403
METTL7A,0.75,2,0,0.0,0.51654,0.51654
METTL8,0.75,1,0,0.0,0.001213,0.001213
MFAP3L,0.75,3,0,0.0,5e-06,0.000101
MFF,0.75,1,0,0.0,0.016738,0.016738
MFNG,0.75,3,0,0.0,0.0,0.004918
MFSD10,0.75,2,0,0.0,1e-06,1e-06
MFSD11,0.75,2,0,0.0,0.082726,0.082726
MFSD12,0.75,1,0,0.0,0.0,0.0
MFSD13A,0.75,1,0,0.0,0.232175,0.232175
MFSD14A,0.75,1,0,0.0,0.008004,0.008004
MFSD3,0.75,1,0,0.0,0.001666,0.001666
MFSD4B,0.75,1,0,0.0,0.000627,0.000627
MFSD8,0.75,3,0,0.0,0.002653,0.164876
MGARP,0.75,1,0,0.0,0.60661,0.60661
MGAT1,0.75,1,0,0.0,0.0,0.0
MGMT,0.75,5,0,0.0,0.0,2e-06
MGST1,0.75,1,0,0.0,0.258939,0.258939
MIB2,0.75,2,0,0.0,0.000333,0.000333
MICALL2,0.75,2,0,0.0,0.004009,0.004009
MICU1,0.75,2,0,0.0,0.029916,0.029916
MIER1,0.75,1,0,0.0,2.3e-05,2.3e-05
MIGA1,0.75,1,0,0.0,0.62107,0.62107
MIIP,0.75,1,0,0.0,0.0,0.0
MILR1,0.75,1,0,0.0,0.673006,0.673006
MIOX,0.75,1,0,0.0,6.2e-05,6.2e-05
MIR1-1HG-AS1,0.75,2,0,0.0,0.349946,0.349946
MIR1179,0.75,1,0,0.0,0.391087,0.391087
MIR124-1,0.75,1,0,0.0,0.037875,0.037875
MIR1261,0.75,1,0,0.0,0.415187,0.415187
MIR1283-1,0.75,1,0,0.0,0.1521,0.1521
MIR1323,0.75,1,0,0.0,0.012217,0.012217
MIR15A,0.75,1,0,0.0,0.007981,0.007981
MIR16-1,0.75,2,0,0.0,0.22262,0.22262
MIR1915,0.75,1,0,0.0,0.0,0.0
MIR20A,0.75,1,0,0.0,0.000121,0.000121
MIR302F,0.75,1,0,0.0,0.693274,0.693274
MIR372,0.75,1,0,0.0,0.000324,0.000324
MIR380,0.75,1,0,0.0,0.632619,0.632619
MIR424,0.75,1,0,0.0,0.130074,0.130074
MIR492,0.75,1,0,0.0,0.284422,0.284422
MIR495,0.75,1,0,0.0,0.644717,0.644717
MIR498,0.75,2,0,0.0,0.206703,0.206703
MIR508,0.75,2,0,0.0,0.084427,0.084427
MIR515-1,0.75,2,0,0.0,0.095787,0.095787
MIR758,0.75,1,0,0.0,0.075482,0.075482
MIR9-1HG,0.75,1,0,0.0,0.06905,0.06905
MIS18BP1,0.75,1,0,0.0,0.269138,0.269138
MITF,0.75,2,0,0.0,0.25698,0.25698
MLEC,0.75,1,0,0.0,0.488829,0.488829
MLST8,0.75,3,0,0.0,0.539484,0.479541
MLYCD,0.75,1,0,0.0,4e-06,4e-06
MMP12,0.75,4,0,0.0,0.028533,0.058484
MMP15,0.75,6,0,0.0,0.0,0.014168
MMP19,0.75,3,0,0.0,0.345662,0.238211
MMP21,0.75,4,0,0.0,1.6e-05,0.04665
MMP24,0.75,2,0,0.0,0.00541,0.00541
MMP26,0.75,2,0,0.0,0.316352,0.316352
MMRN2,0.75,3,0,0.0,0.0,0.0
MMS19,0.75,2,0,0.0,0.124993,0.124993
MN1,0.75,4,0,0.0,0.260286,0.287076
MNT,0.75,2,0,0.0,0.0,0.0
MOB3A,0.75,2,0,0.0,0.019268,0.019268
MOCOS,0.75,5,0,0.0,0.090665,0.221833
MOGAT3,0.75,2,0,0.0,0.076471,0.076471
MOK,0.75,2,0,0.0,1e-06,1e-06
MORC3,0.75,4,0,0.0,0.214228,0.18687
MORF4,0.75,1,0,0.0,0.18136,0.18136
MORN3,0.75,2,0,0.0,0.209075,0.209075
MOSPD3,0.75,1,0,0.0,0.154352,0.154352
MPG,0.75,1,0,0.0,0.632638,0.632638
MPHOSPH10,0.75,2,0,0.0,5e-06,5e-06
MPIG6B,0.75,1,0,0.0,0.456218,0.456218
MPZ,0.75,1,0,0.0,0.019964,0.019964
MPZL1,0.75,1,0,0.0,0.179138,0.179138
MPZL2,0.75,1,0,0.0,0.507531,0.507531
MRAS,0.75,1,0,0.0,0.001144,0.001144
MRC2,0.75,6,0,0.0,0.104098,0.229227
MRM2,0.75,1,0,0.0,0.444205,0.444205
MRPL2,0.75,2,0,0.0,0.375868,0.375868
MRPL24,0.75,1,0,0.0,0.061172,0.061172
MRPL28,0.75,1,0,0.0,0.202418,0.202418
MRPL33,0.75,1,0,0.0,0.001352,0.001352
MRPL44,0.75,1,0,0.0,0.178459,0.178459
MRPL45,0.75,1,0,0.0,0.655347,0.655347
MRPL49,0.75,2,0,0.0,0.31625,0.31625
MRPL9,0.75,1,0,0.0,0.167811,0.167811
MRPS17,0.75,1,0,0.0,0.019967,0.019967
MRPS17P9,0.75,1,0,0.0,0.0,0.0
MRTFA,0.75,2,0,0.0,0.263944,0.263944
MRTFB,0.75,4,0,0.0,0.221609,0.300378
MS4A10,0.75,1,0,0.0,0.184251,0.184251
MS4A14,0.75,5,0,0.0,0.366732,0.367147
MS4A15,0.75,1,0,0.0,0.180644,0.180644
MS4A4A,0.75,2,0,0.0,0.342164,0.342164
MS4A6E,0.75,2,0,0.0,0.348234,0.348234
MS4A8,0.75,4,0,0.0,0.50645,0.515733
MSANTD3,0.75,2,0,0.0,0.00035,0.00035
MSANTD4,0.75,1,0,0.0,0.043017,0.043017
MSL3,0.75,4,0,0.0,0.0,0.128385
MSLNL,0.75,4,0,0.0,0.0,0.029028
MSN,0.75,3,0,0.0,0.0,0.0
MSTO1,0.75,1,0,0.0,0.515037,0.515037
MSX2,0.75,1,0,0.0,0.470468,0.470468
MT1B,0.75,1,0,0.0,0.494715,0.494715
MT1F,0.75,1,0,0.0,0.137686,0.137686
MTARC2,0.75,2,0,0.0,0.000576,0.000576
MTCH2,0.75,1,0,0.0,0.438051,0.438051
MTCP1,0.75,2,0,0.0,0.283295,0.283295
MTF2,0.75,3,0,0.0,0.086152,0.260752
MTG1,0.75,1,0,0.0,0.0,0.0
MTX3,0.75,2,0,0.0,0.07555,0.07555
MUC13,0.75,1,0,0.0,0.430625,0.430625
MUCL1,0.75,1,0,0.0,0.648106,0.648106
MXD3,0.75,1,0,0.0,0.00022,0.00022
MYBL1,0.75,3,0,0.0,0.0,0.020683
MYCL,0.75,1,0,0.0,0.474022,0.474022
MYCN,0.75,3,0,0.0,0.738182,0.494275
MYEOV,0.75,1,0,0.0,0.004355,0.004355
MYL2,0.75,2,0,0.0,0.339309,0.339309
MYLPF,0.75,1,0,0.0,4.5e-05,4.5e-05
MYMK,0.75,1,0,0.0,0.133374,0.133374
MYO5A,0.75,3,0,0.0,0.292422,0.276007
MYOG,0.75,1,0,0.0,0.0,0.0
NAA16,0.75,1,0,0.0,0.103395,0.103395
NAA35,0.75,2,0,0.0,0.094567,0.094567
NAB2,0.75,2,0,0.0,0.19262,0.19262
NABP1,0.75,2,0,0.0,0.275362,0.275362
NACC2,0.75,2,0,0.0,0.0,0.0
NAPEPLD,0.75,1,0,0.0,0.233697,0.233697
NAPSA,0.75,1,0,0.0,0.046966,0.046966
NARS2,0.75,2,0,0.0,0.406914,0.406914
NBPF11,0.75,1,0,0.0,0.045997,0.045997
NBR1,0.75,3,0,0.0,0.001574,0.035477
NCAPD2,0.75,2,0,0.0,0.252913,0.252913
NCBP3,0.75,1,0,0.0,0.258406,0.258406
NCCRP1,0.75,1,0,0.0,0.691711,0.691711
NCDN,0.75,5,0,0.0,0.077412,0.181736
NCKAP5L,0.75,2,0,0.0,0.169409,0.169409
NCLN,0.75,2,0,0.0,0.001628,0.001628
NDC80,0.75,1,0,0.0,0.379579,0.379579
NDE1,0.75,1,0,0.0,0.557948,0.557948
NDEL1,0.75,1,0,0.0,0.020301,0.020301
NDP,0.75,1,0,0.0,0.044147,0.044147
NDUFA10,0.75,3,0,0.0,0.600884,0.421779
NDUFA4L2,0.75,1,0,0.0,0.577512,0.577512
NDUFAF1,0.75,1,0,0.0,0.520116,0.520116
NDUFB1,0.75,2,0,0.0,0.0,0.0
NDUFB11,0.75,1,0,0.0,0.140252,0.140252
NDUFV2,0.75,1,0,0.0,0.0,0.0
NDUFV3,0.75,3,0,0.0,0.031504,0.119341
NEBL-AS1,0.75,2,0,0.0,0.150889,0.150889
NECAP2,0.75,2,0,0.0,0.102941,0.102941
NEDD1,0.75,2,0,0.0,0.032108,0.032108
NEFH,0.75,2,0,0.0,0.0,0.0
NEK3,0.75,5,0,0.0,0.0,0.115232
NET1,0.75,1,0,0.0,0.06113,0.06113
NEU4,0.75,3,0,0.0,0.0,0.122373
NEURL1,0.75,2,0,0.0,0.315241,0.315241
NEURL2,0.75,1,0,0.0,0.749982,0.749982
NEUROD2,0.75,1,0,0.0,0.042189,0.042189
NFATC2IP,0.75,2,0,0.0,0.091417,0.091417
NFKB2,0.75,3,0,0.0,0.0,0.011337
NFKBIE,0.75,1,0,0.0,0.725285,0.725285
NFKBIL1,0.75,1,0,0.0,1e-06,1e-06
NFS1,0.75,1,0,0.0,0.341758,0.341758
NGFR,0.75,2,0,0.0,0.109047,0.109047
NHEJ1,0.75,1,0,0.0,0.528435,0.528435
NHLRC1,0.75,3,0,0.0,0.001162,0.001145
NHSL2,0.75,1,0,0.0,0.252485,0.252485
NIBAN3,0.75,1,0,0.0,0.497109,0.497109
NINJ1,0.75,1,0,0.0,0.000219,0.000219
NIPAL1,0.75,1,0,0.0,0.018249,0.018249
NKD1,0.75,1,0,0.0,0.0,0.0
NKRF,0.75,1,0,0.0,2.7e-05,2.7e-05
NKX2-1,0.75,1,0,0.0,1e-06,1e-06
NKX2-3,0.75,1,0,0.0,0.000319,0.000319
NKX3-1,0.75,1,0,0.0,0.613779,0.613779
NKX3-2,0.75,1,0,0.0,1e-06,1e-06
NKX6-1,0.75,1,0,0.0,0.0,0.0
NLGN3,0.75,2,0,0.0,0.11493,0.11493
NMNAT3,0.75,1,0,0.0,0.000675,0.000675
NOC4L,0.75,1,0,0.0,0.733981,0.733981
NOL10,0.75,1,0,0.0,0.0,0.0
NOL11,0.75,2,0,0.0,0.158626,0.158626
NOL3,0.75,1,0,0.0,1.1e-05,1.1e-05
NOL4L,0.75,2,0,0.0,0.0,0.0
NOL6,0.75,6,0,0.0,0.015385,0.109205
NOMO1,0.75,2,0,0.0,0.133243,0.133243
NONO,0.75,4,0,0.0,0.390248,0.342571
NOX3,0.75,5,0,0.0,0.507516,0.347807
NOXA1,0.75,1,0,0.0,0.0,0.0
NOXRED1,0.75,1,0,0.0,1e-06,1e-06
NPEPL1,0.75,1,0,0.0,0.0,0.0
NPFFR1,0.75,3,0,0.0,7.6e-05,9.3e-05
NPTN,0.75,1,0,0.0,0.688376,0.688376
NR2E1,0.75,1,0,0.0,8.5e-05,8.5e-05
NR2E3,0.75,1,0,0.0,0.0,0.0
NR4A1,0.75,5,0,0.0,0.001357,0.081064
NR5A1,0.75,3,0,0.0,0.00021,0.005661
NR5A2,0.75,2,0,0.0,0.326468,0.326468
NR6A1,0.75,1,0,0.0,0.037198,0.037198
NRIP2,0.75,1,0,0.0,0.515266,0.515266
NRIP3,0.75,1,0,0.0,0.581661,0.581661
NRM,0.75,1,0,0.0,0.257597,0.257597
NRN1,0.75,2,0,0.0,0.002759,0.002759
NRSN2,0.75,3,0,0.0,0.0311,0.079917
NSFL1C,0.75,4,0,0.0,0.00043,0.044754
NSG1,0.75,1,0,0.0,0.116095,0.116095
NSUN3,0.75,1,0,0.0,0.601703,0.601703
NT5C1B-RDH14,0.75,1,0,0.0,0.70912,0.70912
NT5DC2,0.75,3,0,0.0,0.130162,0.223503
NTF4,0.75,1,0,0.0,0.395454,0.395454
NUBP1,0.75,2,0,0.0,0.1224,0.1224
NUDT11,0.75,2,0,0.0,0.090284,0.090284
NUDT14,0.75,1,0,0.0,0.113571,0.113571
NUMBL,0.75,1,0,0.0,0.0,0.0
NUTM2F,0.75,1,0,0.0,5e-06,5e-06
NXF1,0.75,4,0,0.0,0.395197,0.347201
NXPH3,0.75,1,0,0.0,0.320396,0.320396
OAS1,0.75,1,0,0.0,0.091532,0.091532
OAZ3,0.75,1,0,0.0,0.000773,0.000773
ODF1,0.75,2,0,0.0,0.387873,0.387873
ODF4,0.75,3,0,0.0,0.083635,0.231312
ODR4,0.75,1,0,0.0,0.0,0.0
OGFRL1,0.75,1,0,0.0,0.00096,0.00096
OLAH,0.75,1,0,0.0,0.625902,0.625902
OLIG2,0.75,1,0,0.0,1.2e-05,1.2e-05
OLR1,0.75,5,0,0.0,0.225132,0.311771
OMD,0.75,1,0,0.0,2e-06,2e-06
OMG,0.75,1,0,0.0,0.24621,0.24621
ONECUT1,0.75,1,0,0.0,0.0,0.0
OPN1MW,0.75,1,0,0.0,0.676864,0.676864
OPRD1,0.75,2,0,0.0,0.0,0.0
OR10G3,0.75,1,0,0.0,0.000623,0.000623
OR10G8,0.75,3,0,0.0,0.000159,0.152421
OR10H2,0.75,1,0,0.0,0.000362,0.000362
OR11A1,0.75,2,0,0.0,0.000154,0.000154
OR11L1,0.75,1,0,0.0,0.001705,0.001705
OR13A1,0.75,3,0,0.0,0.595215,0.419053
OR14I1,0.75,3,0,0.0,0.543346,0.518223
OR1B1,0.75,2,0,0.0,0.000253,0.000253
OR1J4,0.75,2,0,0.0,0.0,0.0
OR1S2,0.75,1,0,0.0,0.599006,0.599006
OR2AK2,0.75,1,0,0.0,0.619869,0.619869
OR2B11,0.75,1,0,0.0,0.0059,0.0059
OR2B2,0.75,1,0,0.0,0.066076,0.066076
OR2M7,0.75,1,0,0.0,0.619292,0.619292
OR2T2,0.75,4,0,0.0,0.099513,0.217758
OR2T35,0.75,1,0,0.0,6e-06,6e-06
OR2T8,0.75,1,0,0.0,0.0,0.0
OR4B1,0.75,2,0,0.0,0.195165,0.195165
OR4C11,0.75,3,0,0.0,2e-06,0.097514
OR4S1,0.75,1,0,0.0,0.055169,0.055169
OR51A7,0.75,1,0,0.0,0.071476,0.071476
OR51F2,0.75,2,0,0.0,0.030713,0.030713
OR51I2,0.75,1,0,0.0,0.386621,0.386621
OR52E2,0.75,3,0,0.0,0.213329,0.26422
OR52E6,0.75,2,0,0.0,0.27481,0.27481
OR56A3,0.75,2,0,0.0,0.347857,0.347857
OR56B1,0.75,1,0,0.0,0.700241,0.700241
OR5AK2,0.75,3,0,0.0,0.375893,0.436237
OR5AS1,0.75,3,0,0.0,0.158161,0.281261
OR5H14,0.75,3,0,0.0,0.000183,0.004344
OR5M11,0.75,3,0,0.0,0.465084,0.417728
OR5M3,0.75,2,0,0.0,0.375008,0.375008
OR6C68,0.75,1,0,0.0,0.194709,0.194709
OR6K6,0.75,1,0,0.0,0.319274,0.319274
OR6S1,0.75,2,0,0.0,4.3e-05,4.3e-05
OR7C1,0.75,3,0,0.0,0.081379,0.252217
OR8B4,0.75,1,0,0.0,0.20841,0.20841
OR8G1,0.75,3,0,0.0,0.313005,0.281214
OR8J1,0.75,1,0,0.0,0.255164,0.255164
ORAI3,0.75,1,0,0.0,0.0,0.0
ORC6,0.75,1,0,0.0,0.405334,0.405334
ORM2,0.75,2,0,0.0,0.019857,0.019857
OSCAR,0.75,1,0,0.0,0.0,0.0
OSM,0.75,1,0,0.0,0.121386,0.121386
OSR2,0.75,1,0,0.0,0.12122,0.12122
OTUD5,0.75,3,0,0.0,0.617219,0.411586
OVCH1,0.75,4,0,0.0,0.001533,0.046757
OVCH2,0.75,2,0,0.0,0.007124,0.007124
OXCT1,0.75,1,0,0.0,0.245478,0.245478
OXGR1,0.75,2,0,0.0,0.243601,0.243601
OXR1,0.75,4,0,0.0,0.405833,0.359385
P2RX3,0.75,1,0,0.0,0.0,0.0
P2RY6,0.75,3,0,0.0,0.0,0.228184
P4HA3,0.75,1,0,0.0,0.117343,0.117343
PAAF1,0.75,2,0,0.0,0.329328,0.329328
PABPC1,0.75,1,0,0.0,0.475901,0.475901
PABPN1L,0.75,2,0,0.0,0.044547,0.044547
PACRGL,0.75,1,0,0.0,0.143153,0.143153
PACSIN3,0.75,1,0,0.0,0.174073,0.174073
PAEP,0.75,1,0,0.0,0.0,0.0
PAF1,0.75,1,0,0.0,0.079515,0.079515
PAG1,0.75,1,0,0.0,0.001442,0.001442
PAGE2B,0.75,2,0,0.0,0.033375,0.033375
PAGE5,0.75,1,0,0.0,0.0,0.0
PAK3,0.75,1,0,0.0,0.000126,0.000126
PALD1,0.75,1,0,0.0,0.0,0.0
PALM,0.75,2,0,0.0,0.0,0.0
PANX2,0.75,5,0,0.0,0.000143,0.062961
PANX3,0.75,3,0,0.0,0.224729,0.213364
PAPLN,0.75,2,0,0.0,0.311798,0.311798
PAQR4,0.75,2,0,0.0,0.172998,0.172998
PARD6G,0.75,2,0,0.0,0.0,0.0
PARM1,0.75,1,0,0.0,0.266741,0.266741
PARP6,0.75,2,0,0.0,0.306041,0.306041
PARVG,0.75,1,0,0.0,0.35107,0.35107
PAX2,0.75,1,0,0.0,0.0,0.0
PBDC1,0.75,1,0,0.0,0.328873,0.328873
PBLD,0.75,1,0,0.0,0.48937,0.48937
PBOV1,0.75,1,0,0.0,0.000105,0.000105
PCDHB1,0.75,2,0,0.0,0.010816,0.010816
PCGF6,0.75,1,0,0.0,0.001301,0.001301
PCP4,0.75,1,0,0.0,0.616018,0.616018
PDCD1,0.75,1,0,0.0,0.0,0.0
PDCD1LG2,0.75,1,0,0.0,0.092275,0.092275
PDCD4,0.75,1,0,0.0,0.68085,0.68085
PDE10A,0.75,1,0,0.0,0.183766,0.183766
PDGFA,0.75,1,0,0.0,0.270354,0.270354
PDHB,0.75,1,0,0.0,0.005117,0.005117
PDIA2,0.75,1,0,0.0,0.0,0.0
PDIA3,0.75,2,0,0.0,0.145633,0.145633
PDX1,0.75,1,0,0.0,0.0,0.0
PDZD11,0.75,1,0,0.0,0.0,0.0
PDZRN3,0.75,6,0,0.0,0.12873,0.251419
PEAK3,0.75,2,0,0.0,0.0,0.0
PEBP1,0.75,1,0,0.0,0.000866,0.000866
PELI3,0.75,1,0,0.0,0.318813,0.318813
PEPD,0.75,1,0,0.0,0.700751,0.700751
PES1,0.75,1,0,0.0,7e-06,7e-06
PEX11B,0.75,2,0,0.0,0.103417,0.103417
PEX11G,0.75,1,0,0.0,0.0,0.0
PEX12,0.75,2,0,0.0,0.268965,0.268965
PF4V1,0.75,1,0,0.0,0.458593,0.458593
PFDN4,0.75,1,0,0.0,0.613232,0.613232
PFN1,0.75,1,0,0.0,0.0,0.0
PGF,0.75,1,0,0.0,1e-06,1e-06
PGK1,0.75,2,0,0.0,0.721916,0.721916
PGLS,0.75,2,0,0.0,0.189141,0.189141
PGRMC1,0.75,1,0,0.0,0.0,0.0
PHETA2,0.75,1,0,0.0,0.0,0.0
PHF1,0.75,2,0,0.0,0.251693,0.251693
PHF10,0.75,2,0,0.0,0.043152,0.043152
PHF13,0.75,3,0,0.0,0.0,3.8e-05
PHF23,0.75,1,0,0.0,0.521346,0.521346
PHF24,0.75,1,0,0.0,0.004966,0.004966
PHF5A,0.75,1,0,0.0,0.278734,0.278734
PHLDA1,0.75,2,0,0.0,0.0,0.0
PHOSPHO1,0.75,1,0,0.0,0.0,0.0
PHTF1,0.75,3,0,0.0,0.091292,0.238145
PIAS4,0.75,3,0,0.0,0.006613,0.240387
PICK1,0.75,3,0,0.0,0.01251,0.245952
PIDD1,0.75,1,0,0.0,0.00168,0.00168
PIGB,0.75,1,0,0.0,0.311703,0.311703
PIGH,0.75,1,0,0.0,0.0,0.0
PIGU,0.75,1,0,0.0,0.539892,0.539892
PIGX,0.75,1,0,0.0,2e-06,2e-06
PIH1D2,0.75,2,0,0.0,0.129058,0.129058
PIM3,0.75,1,0,0.0,0.0,0.0
PIMREG,0.75,1,0,0.0,0.111245,0.111245
PIP5K1A,0.75,1,0,0.0,0.111118,0.111118
PISD,0.75,2,0,0.0,0.001742,0.001742
PITPNM2,0.75,1,0,0.0,0.0,0.0
PITX3,0.75,1,0,0.0,0.0,0.0
PKDCC,0.75,1,0,0.0,0.706753,0.706753
PKIA,0.75,1,0,0.0,0.018429,0.018429
PKP1,0.75,2,0,0.0,0.001755,0.001755
PKP3,0.75,1,0,0.0,1.3e-05,1.3e-05
PLA2G12B,0.75,1,0,0.0,0.0,0.0
PLAU,0.75,1,0,0.0,0.254875,0.254875
PLCD1,0.75,3,0,0.0,0.0,0.081906
PLCD3,0.75,4,0,0.0,0.003898,0.112561
PLEKHA1,0.75,2,0,0.0,0.280356,0.280356
PLEKHF1,0.75,1,0,0.0,0.242991,0.242991
PLEKHF2,0.75,1,0,0.0,0.17697,0.17697
PLEKHH3,0.75,1,0,0.0,0.015635,0.015635
PLEKHM1,0.75,2,0,0.0,0.159983,0.159983
PLEKHM2,0.75,2,0,0.0,0.155116,0.155116
PLGRKT,0.75,1,0,0.0,0.426999,0.426999
PLIN1,0.75,1,0,0.0,0.004608,0.004608
PLIN3,0.75,1,0,0.0,0.532393,0.532393
PLOD1,0.75,3,0,0.0,0.0314,0.137408
PLPBP,0.75,2,0,0.0,0.37491,0.37491
PLPP7,0.75,2,0,0.0,0.007825,0.007825
PLPPR3,0.75,2,0,0.0,0.0,0.0
PLSCR1,0.75,2,0,0.0,0.089517,0.089517
PLSCR3,0.75,1,0,0.0,0.594774,0.594774
PLXNB3,0.75,4,0,0.0,0.0,0.001812
PM20D1,0.75,1,0,0.0,0.694501,0.694501
PM20D2,0.75,1,0,0.0,0.00485,0.00485
PMCH,0.75,1,0,0.0,0.166627,0.166627
PMM1,0.75,2,0,0.0,0.330124,0.330124
PMPCA,0.75,1,0,0.0,1e-06,1e-06
PNLIPRP2,0.75,1,0,0.0,0.0,0.0
PNN,0.75,1,0,0.0,0.0,0.0
POC1B-GALNT4,0.75,1,0,0.0,0.035023,0.035023
POC5,0.75,2,0,0.0,0.224158,0.224158
PODN,0.75,1,0,0.0,0.118797,0.118797
PODXL,0.75,1,0,0.0,0.153699,0.153699
POFUT1,0.75,2,0,0.0,0.0,0.0
POLD2,0.75,1,0,0.0,0.000179,0.000179
POLG2,0.75,1,0,0.0,0.0,0.0
POLI,0.75,3,0,0.0,3.3e-05,0.147045
POLK,0.75,3,0,0.0,0.66364,0.461829
POLR2D,0.75,2,0,0.0,0.002171,0.002171
POLR2E,0.75,1,0,0.0,0.361413,0.361413
POLR2G,0.75,2,0,0.0,0.362466,0.362466
POLR3E,0.75,1,0,0.0,7e-06,7e-06
POLR3H,0.75,1,0,0.0,0.000832,0.000832
POMK,0.75,2,0,0.0,4e-06,4e-06
POPDC2,0.75,2,0,0.0,0.575203,0.575203
POR,0.75,1,0,0.0,0.021833,0.021833
POSTN,0.75,1,0,0.0,0.000133,0.000133
POTEM,0.75,1,0,0.0,0.002659,0.002659
POU1F1,0.75,2,0,0.0,0.123759,0.123759
POU2AF1,0.75,3,0,0.0,0.035374,0.141869
POU2F2,0.75,1,0,0.0,4e-06,4e-06
POU2F3,0.75,3,0,0.0,0.159097,0.237365
POU3F2,0.75,1,0,0.0,4e-06,4e-06
POU3F3,0.75,1,0,0.0,0.0,0.0
POU3F4,0.75,1,0,0.0,0.000806,0.000806
POU4F1,0.75,1,0,0.0,0.001612,0.001612
PPIAL4A,0.75,1,0,0.0,0.599174,0.599174
PPIF,0.75,1,0,0.0,0.225049,0.225049
PPIP5K1,0.75,1,0,0.0,0.715564,0.715564
PPM1N,0.75,1,0,0.0,0.644143,0.644143
PPP1R13L,0.75,1,0,0.0,0.004391,0.004391
PPP1R14C,0.75,1,0,0.0,0.00195,0.00195
PPP1R14D,0.75,1,0,0.0,0.157076,0.157076
PPP1R15A,0.75,2,0,0.0,0.447877,0.447877
PPP1R1A,0.75,1,0,0.0,0.255413,0.255413
PPP1R36,0.75,1,0,0.0,0.007989,0.007989
PPP1R3C,0.75,1,0,0.0,0.150107,0.150107
PPP2CA,0.75,1,0,0.0,0.332547,0.332547
PPP2R2A,0.75,2,0,0.0,0.222401,0.222401
PPP2R2B,0.75,2,0,0.0,0.130186,0.130186
PPP2R2D,0.75,1,0,0.0,0.041671,0.041671
PPP6R1,0.75,1,0,0.0,7e-06,7e-06
PPWD1,0.75,1,0,0.0,0.189262,0.189262
PRAM1,0.75,1,0,0.0,0.0,0.0
PRCC,0.75,1,0,0.0,0.528763,0.528763
PRDM4,0.75,1,0,0.0,0.507575,0.507575
PRG2,0.75,2,0,0.0,0.092289,0.092289
PRICKLE4,0.75,2,0,0.0,0.132324,0.132324
PRIM2,0.75,1,0,0.0,0.747507,0.747507
PRKAB1,0.75,1,0,0.0,0.436594,0.436594
PRKACB,0.75,1,0,0.0,0.641814,0.641814
PRKCQ,0.75,1,0,0.0,4.8e-05,4.8e-05
PRKN,0.75,1,0,0.0,0.0,0.0
PRLH,0.75,1,0,0.0,0.001095,0.001095
PRLHR,0.75,1,0,0.0,0.006265,0.006265
PRMT2,0.75,3,0,0.0,0.151072,0.119832
PRMT3,0.75,2,0,0.0,0.0,0.0
PRMT5,0.75,1,0,0.0,0.001092,0.001092
PROM2,0.75,2,0,0.0,0.0,0.0
PRORP,0.75,1,0,0.0,0.000834,0.000834
PROSER2,0.75,1,0,0.0,0.0,0.0
PROSER3,0.75,1,0,0.0,1e-06,1e-06
PRPF39,0.75,1,0,0.0,0.001323,0.001323
PRPH2,0.75,1,0,0.0,1e-06,1e-06
PRR14,0.75,1,0,0.0,2e-06,2e-06
PRR27,0.75,3,0,0.0,0.135659,0.175683
PRR5-ARHGAP8,0.75,3,0,0.0,0.002974,0.204871
PRR5L,0.75,1,0,0.0,0.217808,0.217808
PRRG4,0.75,1,0,0.0,0.681003,0.681003
PRRT2,0.75,1,0,0.0,0.018272,0.018272
PRSS23,0.75,3,0,0.0,0.10831,0.20688
PRXL2C,0.75,1,0,0.0,0.444454,0.444454
PSCA,0.75,1,0,0.0,0.001576,0.001576
PSKH1,0.75,1,0,0.0,0.535698,0.535698
PSMA1,0.75,1,0,0.0,0.069445,0.069445
PSMA4,0.75,2,0,0.0,0.000656,0.000656
PSMB4,0.75,2,0,0.0,0.323383,0.323383
PSMB9,0.75,2,0,0.0,0.164552,0.164552
PSMD14,0.75,1,0,0.0,0.000143,0.000143
PSMD2,0.75,3,0,0.0,0.558909,0.458019
PSMD6,0.75,1,0,0.0,0.336759,0.336759
PSMD7,0.75,1,0,0.0,0.0,0.0
PSMG3,0.75,1,0,0.0,0.0,0.0
PSRC1,0.75,1,0,0.0,0.58238,0.58238
PSTPIP1,0.75,1,0,0.0,0.0,0.0
PSTPIP2,0.75,1,0,0.0,3e-06,3e-06
PTDSS2,0.75,1,0,0.0,0.0,0.0
PTGDS,0.75,1,0,0.0,0.0,0.0
PTGFR,0.75,3,0,0.0,0.023337,0.047096
PTGR2,0.75,1,0,0.0,0.000383,0.000383
PTN,0.75,1,0,0.0,0.000388,0.000388
PTPMT1,0.75,1,0,0.0,0.158591,0.158591
PTPN18,0.75,1,0,0.0,0.0,0.0
PTPN22,0.75,1,0,0.0,1e-06,1e-06
PTPN23,0.75,1,0,0.0,0.067777,0.067777
PTPN9,0.75,2,0,0.0,0.532743,0.532743
PTRHD1,0.75,1,0,0.0,7e-06,7e-06
PTX3,0.75,1,0,0.0,0.213284,0.213284
PUSL1,0.75,1,0,0.0,1e-06,1e-06
PWWP2A,0.75,1,0,0.0,0.0,0.0
PYCARD,0.75,1,0,0.0,0.0,0.0
PYDC1,0.75,1,0,0.0,0.167593,0.167593
PYGO2,0.75,1,0,0.0,0.188604,0.188604
PYROXD1,0.75,3,0,0.0,0.645091,0.518659
QRFP,0.75,1,0,0.0,0.292927,0.292927
QRSL1,0.75,1,0,0.0,0.121071,0.121071
QTRT2,0.75,1,0,0.0,0.64428,0.64428
R3HCC1L,0.75,2,0,0.0,0.558399,0.558399
RAB11FIP4,0.75,3,0,0.0,0.524517,0.525142
RAB24,0.75,2,0,0.0,0.177962,0.177962
RAB2A,0.75,1,0,0.0,0.0,0.0
RAB31,0.75,1,0,0.0,0.710935,0.710935
RAB36,0.75,1,0,0.0,0.0,0.0
RAB40C,0.75,1,0,0.0,0.001168,0.001168
RAB6B,0.75,1,0,0.0,0.149878,0.149878
RABAC1,0.75,1,0,0.0,0.008096,0.008096
RABIF,0.75,1,0,0.0,0.445333,0.445333
RACGAP1,0.75,3,0,0.0,0.55995,0.469452
RAD51B,0.75,1,0,0.0,0.007993,0.007993
RAF1,0.75,1,0,0.0,0.001242,0.001242
RALB,0.75,1,0,0.0,0.000119,0.000119
RALYL,0.75,5,0,0.0,0.077286,0.179289
RANBP9,0.75,1,0,0.0,0.002683,0.002683
RAP1GAP,0.75,1,0,0.0,0.371102,0.371102
RAP2A,0.75,1,0,0.0,0.175869,0.175869
RAP2B,0.75,1,0,0.0,0.693675,0.693675
RAP2C,0.75,1,0,0.0,0.607517,0.607517
RAPGEFL1,0.75,2,0,0.0,0.355731,0.355731
RAPSN,0.75,1,0,0.0,0.0,0.0
RARS1,0.75,2,0,0.0,0.215777,0.215777
RARS2,0.75,1,0,0.0,8.2e-05,8.2e-05
RASA1,0.75,2,0,0.0,0.384896,0.384896
RASGEF1C,0.75,3,0,0.0,0.0,0.149934
RASGRP1,0.75,3,0,0.0,0.083584,0.1349
RASIP1,0.75,1,0,0.0,0.008008,0.008008
RASSF3,0.75,1,0,0.0,0.018393,0.018393
RASSF9,0.75,1,0,0.0,0.34916,0.34916
RAVER2,0.75,1,0,0.0,0.005993,0.005993
RBBP8NL,0.75,1,0,0.0,0.0,0.0
RBBP9,0.75,1,0,0.0,0.626906,0.626906
RBM15B,0.75,2,0,0.0,0.076217,0.076217
RBM22,0.75,1,0,0.0,0.383499,0.383499
RBM4,0.75,4,0,0.0,0.178127,0.254711
RBMXL2,0.75,2,0,0.0,0.014823,0.014823
RCAN1,0.75,2,0,0.0,0.104106,0.104106
RCBTB2,0.75,2,0,0.0,0.382712,0.382712
RCL1,0.75,2,0,0.0,0.049374,0.049374
RCN1,0.75,2,0,0.0,0.039425,0.039425
RCN3,0.75,1,0,0.0,0.498887,0.498887
RCSD1,0.75,1,0,0.0,0.0,0.0
RDH13,0.75,1,0,0.0,0.029502,0.029502
RDH5,0.75,1,0,0.0,0.082422,0.082422
RECQL4,0.75,2,0,0.0,0.30443,0.30443
REEP3,0.75,2,0,0.0,0.0,0.0
RELA,0.75,2,0,0.0,0.109286,0.109286
RELB,0.75,1,0,0.0,0.29283,0.29283
RELCH,0.75,2,0,0.0,0.11116,0.11116
RERG,0.75,2,0,0.0,1e-06,1e-06
RETNLB,0.75,1,0,0.0,0.677471,0.677471
RFC3,0.75,1,0,0.0,0.151631,0.151631
RFPL4B,0.75,1,0,0.0,0.01067,0.01067
RFX7,0.75,3,0,0.0,3e-06,0.018275
RGL2,0.75,1,0,0.0,0.023542,0.023542
RGMA,0.75,1,0,0.0,0.0,0.0
RGMB,0.75,1,0,0.0,0.606641,0.606641
RGN,0.75,1,0,0.0,0.4879,0.4879
RGS1,0.75,1,0,0.0,0.194766,0.194766
RGS21,0.75,2,0,0.0,0.448779,0.448779
RGS4,0.75,1,0,0.0,0.439711,0.439711
RHBG,0.75,1,0,0.0,9e-06,9e-06
RHCG,0.75,1,0,0.0,0.168776,0.168776
RHD,0.75,1,0,0.0,0.378289,0.378289
RHEBL1,0.75,1,0,0.0,0.276054,0.276054
RHOBTB2,0.75,1,0,0.0,0.121405,0.121405
RHPN1,0.75,1,0,0.0,0.0,0.0
RIBC2,0.75,2,0,0.0,0.183692,0.183692
RIC8B,0.75,1,0,0.0,0.253916,0.253916
RIN3,0.75,3,0,0.0,0.0,0.0
RIOK2,0.75,2,0,0.0,0.616682,0.616682
RIOX1,0.75,2,0,0.0,0.354176,0.354176
RIPPLY3,0.75,2,0,0.0,0.20293,0.20293
RIT2,0.75,2,0,0.0,0.026544,0.026544
RLIM,0.75,1,0,0.0,0.0,0.0
RMDN3,0.75,1,0,0.0,0.000867,0.000867
RMND1,0.75,1,0,0.0,0.0,0.0
RN7SL106P,0.75,1,0,0.0,0.074602,0.074602
RNASE6,0.75,1,0,0.0,0.391204,0.391204
RNASE9,0.75,1,0,0.0,0.676712,0.676712
RNASEH2C,0.75,1,0,0.0,0.00057,0.00057
RND1,0.75,1,0,0.0,0.472796,0.472796
RNF111,0.75,5,0,0.0,0.210785,0.23974
RNF112,0.75,2,0,0.0,0.545251,0.545251
RNF123,0.75,2,0,0.0,0.362661,0.362661
RNF126,0.75,1,0,0.0,0.035745,0.035745
RNF138,0.75,1,0,0.0,0.400934,0.400934
RNF148,0.75,1,0,0.0,1e-06,1e-06
RNF169,0.75,1,0,0.0,0.468587,0.468587
RNF207,0.75,1,0,0.0,0.029655,0.029655
RNF217-AS1,0.75,4,0,0.0,3e-06,0.000279
RNF26,0.75,1,0,0.0,0.0,0.0
RNF7,0.75,1,0,0.0,0.001778,0.001778
RNLS,0.75,1,0,0.0,7.6e-05,7.6e-05
ROCK2,0.75,4,0,0.0,0.609269,0.512852
RORC,0.75,4,0,0.0,0.092138,0.180329
RPA1,0.75,1,0,0.0,0.0,0.0
RPAP3,0.75,1,0,0.0,0.217459,0.217459
RPGR,0.75,2,0,0.0,0.36934,0.36934
RPL14,0.75,2,0,0.0,0.185916,0.185916
RPL18A,0.75,2,0,0.0,0.0,0.0
RPL22L1,0.75,1,0,0.0,0.084823,0.084823
RPL3,0.75,2,0,0.0,0.184462,0.184462
RPL37A,0.75,1,0,0.0,0.000487,0.000487
RPL7L1,0.75,1,0,0.0,0.157678,0.157678
RPLP0,0.75,1,0,0.0,0.000706,0.000706
RPP25,0.75,1,0,0.0,0.0,0.0
RPP40,0.75,1,0,0.0,0.368622,0.368622
RPRM,0.75,1,0,0.0,0.632688,0.632688
RPS12,0.75,1,0,0.0,0.353358,0.353358
RPS20,0.75,2,0,0.0,0.102153,0.102153
RPS3,0.75,1,0,0.0,0.688486,0.688486
RPS3A,0.75,1,0,0.0,0.410581,0.410581
RPS7,0.75,1,0,0.0,1.4e-05,1.4e-05
RRN3,0.75,1,0,0.0,0.427865,0.427865
RRNAD1,0.75,4,0,0.0,0.035278,0.037729
RRP12,0.75,1,0,0.0,0.250096,0.250096
RRP36,0.75,1,0,0.0,0.430485,0.430485
RSC1A1,0.75,1,0,0.0,0.174166,0.174166
RSPH14,0.75,1,0,0.0,0.0,0.0
RSPO3,0.75,3,0,0.0,0.274031,0.308434
RSRC2,0.75,2,0,0.0,0.299042,0.299042
RSU1,0.75,1,0,0.0,0.507327,0.507327
RTL6,0.75,2,0,0.0,0.000354,0.000354
RTL8B,0.75,1,0,0.0,0.0,0.0
RTN4RL1,0.75,1,0,0.0,0.045687,0.045687
RTN4RL2,0.75,1,0,0.0,0.004606,0.004606
RTP2,0.75,1,0,0.0,0.107331,0.107331
RTP5,0.75,1,0,0.0,0.0,0.0
RUFY1,0.75,1,0,0.0,0.000727,0.000727
RUFY2,0.75,3,0,0.0,2e-06,5.8e-05
RUFY4,0.75,1,0,0.0,0.436458,0.436458
RUNDC3A,0.75,1,0,0.0,0.002826,0.002826
RWDD2A,0.75,2,0,0.0,0.594078,0.594078
RWDD4,0.75,1,0,0.0,6e-05,6e-05
RXFP3,0.75,3,0,0.0,1.3e-05,0.010475
RXFP4,0.75,1,0,0.0,0.0,0.0
RXRG,0.75,2,0,0.0,0.208011,0.208011
RYK,0.75,2,0,0.0,0.159764,0.159764
S100A4,0.75,1,0,0.0,0.1545,0.1545
S100A7L2,0.75,1,0,0.0,0.441659,0.441659
S100A8,0.75,1,0,0.0,0.655113,0.655113
S100Z,0.75,1,0,0.0,0.245728,0.245728
S1PR3,0.75,2,0,0.0,0.042427,0.042427
S1PR5,0.75,1,0,0.0,0.0,0.0
SAC3D1,0.75,1,0,0.0,0.0,0.0
SAMD14,0.75,1,0,0.0,0.233849,0.233849
SAMD8,0.75,1,0,0.0,0.673883,0.673883
SAP18,0.75,1,0,0.0,0.562204,0.562204
SAPCD2,0.75,2,0,0.0,0.0,0.0
SAR1B,0.75,1,0,0.0,0.001489,0.001489
SARAF,0.75,1,0,0.0,0.508239,0.508239
SARDH,0.75,1,0,0.0,0.005511,0.005511
SAT2,0.75,1,0,0.0,0.315871,0.315871
SBDS,0.75,1,0,0.0,0.176827,0.176827
SBK1,0.75,2,0,0.0,0.311639,0.311639
SBK2,0.75,2,0,0.0,0.619934,0.619934
SCARA5,0.75,1,0,0.0,0.00099,0.00099
SCARF2,0.75,1,0,0.0,1e-06,1e-06
SCD,0.75,2,0,0.0,0.396623,0.396623
SCGB1A1,0.75,1,0,0.0,0.507579,0.507579
SCGB1D1,0.75,1,0,0.0,0.608694,0.608694
SCIN,0.75,1,0,0.0,0.0,0.0
SCLT1,0.75,1,0,0.0,0.638877,0.638877
SCLY,0.75,1,0,0.0,0.26382,0.26382
SCML1,0.75,2,0,0.0,0.0,0.0
SCN3B,0.75,1,0,0.0,1e-06,1e-06
SCRIB,0.75,3,0,0.0,0.0,0.0
SCRT2,0.75,2,0,0.0,0.002273,0.002273
SDC1,0.75,2,0,0.0,0.474726,0.474726
SDHB,0.75,1,0,0.0,0.158464,0.158464
SEC22C,0.75,2,0,0.0,0.362688,0.362688
SEC62,0.75,1,0,0.0,0.197707,0.197707
SEL1L,0.75,2,0,0.0,0.169132,0.169132
SEL1L3,0.75,2,0,0.0,0.000212,0.000212
SELENOI,0.75,1,0,0.0,0.021106,0.021106
SELL,0.75,1,0,0.0,0.002162,0.002162
SEMA7A,0.75,2,0,0.0,0.072349,0.072349
SENP2,0.75,1,0,0.0,0.000938,0.000938
SEPTIN2,0.75,2,0,0.0,1.1e-05,1.1e-05
SEPTIN5,0.75,2,0,0.0,0.161954,0.161954
SERINC2,0.75,2,0,0.0,0.105992,0.105992
SERINC5,0.75,1,0,0.0,0.012428,0.012428
SERPINA9,0.75,3,0,0.0,0.02908,0.098235
SERPINE3,0.75,1,0,0.0,0.654104,0.654104
SERPINF1,0.75,1,0,0.0,0.126019,0.126019
SERPINH1,0.75,1,0,0.0,0.382023,0.382023
SERTAD1,0.75,1,0,0.0,1.7e-05,1.7e-05
SESN2,0.75,1,0,0.0,0.071514,0.071514
SETD5,0.75,1,0,0.0,0.534839,0.534839
SEZ6L,0.75,2,0,0.0,0.237182,0.237182
SFRP1,0.75,1,0,0.0,0.005087,0.005087
SFRP2,0.75,1,0,0.0,0.475598,0.475598
SFTPD,0.75,1,0,0.0,0.258882,0.258882
SGMS1,0.75,2,0,0.0,0.35759,0.35759
SGPL1,0.75,1,0,0.0,0.677817,0.677817
SGPP1,0.75,1,0,0.0,0.0,0.0
SH2D3A,0.75,4,0,0.0,0.14464,0.184722
SH2D5,0.75,2,0,0.0,0.16999,0.16999
SH2D6,0.75,1,0,0.0,8e-06,8e-06
SH3RF3,0.75,3,0,0.0,0.0,0.000452
SHANK3,0.75,1,0,0.0,0.0,0.0
SHB,0.75,1,0,0.0,0.039341,0.039341
SHC4,0.75,2,0,0.0,3.8e-05,3.8e-05
SHCBP1,0.75,2,0,0.0,0.223661,0.223661
SHH,0.75,1,0,0.0,0.378533,0.378533
SHISAL1,0.75,2,0,0.0,0.050675,0.050675
SHISAL2A,0.75,1,0,0.0,0.089092,0.089092
SHLD2,0.75,1,0,0.0,0.160428,0.160428
SIAE,0.75,3,0,0.0,0.237325,0.389878
SIRT1,0.75,1,0,0.0,0.166357,0.166357
SIRT4,0.75,2,0,0.0,0.001666,0.001666
SIT1,0.75,2,0,0.0,0.000941,0.000941
SIX3,0.75,2,0,0.0,0.000277,0.000277
SIX5,0.75,4,0,0.0,0.037978,0.042035
SKI,0.75,2,0,0.0,0.128389,0.128389
SLAIN1,0.75,1,0,0.0,0.124332,0.124332
SLC10A1,0.75,1,0,0.0,0.19799,0.19799
SLC10A2,0.75,1,0,0.0,0.002464,0.002464
SLC10A7,0.75,1,0,0.0,0.074097,0.074097
SLC12A1,0.75,3,0,0.0,0.659979,0.540439
SLC13A5,0.75,2,0,0.0,0.077592,0.077592
SLC16A1,0.75,1,0,0.0,0.121027,0.121027
SLC16A10,0.75,1,0,0.0,0.133828,0.133828
SLC16A2,0.75,2,0,0.0,0.000784,0.000784
SLC16A7,0.75,2,0,0.0,0.494393,0.494393
SLC16A8,0.75,1,0,0.0,0.228639,0.228639
SLC19A1,0.75,1,0,0.0,0.135987,0.135987
SLC19A2,0.75,1,0,0.0,0.066258,0.066258
SLC1A4,0.75,3,0,0.0,0.277927,0.213632
SLC1A7,0.75,1,0,0.0,0.0,0.0
SLC22A14,0.75,2,0,0.0,0.312173,0.312173
SLC22A18,0.75,1,0,0.0,0.0,0.0
SLC22A25,0.75,2,0,0.0,0.237431,0.237431
SLC23A1,0.75,1,0,0.0,1e-05,1e-05
SLC24A4,0.75,2,0,0.0,0.015925,0.015925
SLC25A16,0.75,1,0,0.0,0.000155,0.000155
SLC25A17,0.75,1,0,0.0,0.0,0.0
SLC25A20,0.75,1,0,0.0,0.261512,0.261512
SLC25A32,0.75,3,0,0.0,0.252561,0.294138
SLC25A39,0.75,2,0,0.0,0.0,0.0
SLC25A42,0.75,1,0,0.0,0.217779,0.217779
SLC25A46,0.75,1,0,0.0,0.003422,0.003422
SLC25A52,0.75,1,0,0.0,0.49883,0.49883
SLC25A6,0.75,1,0,0.0,0.0,0.0
SLC26A1,0.75,1,0,0.0,0.0,0.0
SLC26A6,0.75,2,0,0.0,0.0,0.0
SLC27A3,0.75,1,0,0.0,0.650471,0.650471
SLC27A5,0.75,1,0,0.0,0.0,0.0
SLC2A11,0.75,3,0,0.0,0.084679,0.092682
SLC2A6,0.75,1,0,0.0,0.000554,0.000554
SLC2A7,0.75,2,0,0.0,0.020855,0.020855
SLC30A6,0.75,1,0,0.0,5.7e-05,5.7e-05
SLC35C1,0.75,1,0,0.0,0.0,0.0
SLC35F1,0.75,1,0,0.0,0.000202,0.000202
SLC35F2,0.75,1,0,0.0,0.15106,0.15106
SLC35F6,0.75,1,0,0.0,1.3e-05,1.3e-05
SLC35G2,0.75,3,0,0.0,0.201936,0.232291
SLC36A2,0.75,3,0,0.0,0.005077,0.229343
SLC36A4,0.75,1,0,0.0,0.000918,0.000918
SLC38A7,0.75,1,0,0.0,0.358331,0.358331
SLC39A4,0.75,4,0,0.0,0.0,0.000416
SLC41A3,0.75,3,0,0.0,1e-06,0.101436
SLC45A3,0.75,2,0,0.0,0.425755,0.425755
SLC47A2,0.75,3,0,0.0,0.500189,0.513788
SLC49A4,0.75,1,0,0.0,1.3e-05,1.3e-05
SLC4A9,0.75,2,0,0.0,0.217016,0.217016
SLC50A1,0.75,1,0,0.0,0.354079,0.354079
SLC5A10,0.75,1,0,0.0,0.0,0.0
SLC66A2,0.75,1,0,0.0,0.0,0.0
SLC6A5,0.75,4,0,0.0,0.14088,0.184397
SLC7A11,0.75,2,0,0.0,0.308227,0.308227
SLC7A5,0.75,3,0,0.0,0.016363,0.057153
SLC7A7,0.75,3,0,0.0,0.031338,0.221217
SLCO1C1,0.75,1,0,0.0,0.312293,0.312293
SLFNL1,0.75,3,0,0.0,0.000384,0.227857
SLIT1,0.75,4,0,0.0,0.021388,0.067495
SMAD3,0.75,2,0,0.0,1.2e-05,1.2e-05
SMAD4,0.75,3,0,0.0,0.001439,0.016716
SMARCD2,0.75,1,0,0.0,0.58237,0.58237
SMC5,0.75,2,0,0.0,0.303406,0.303406
SMCO4,0.75,1,0,0.0,0.487335,0.487335
SMOC2,0.75,1,0,0.0,0.743988,0.743988
SMPD3,0.75,3,0,0.0,4e-06,0.169297
SMU1,0.75,1,0,0.0,6e-06,6e-06
SNAI3,0.75,1,0,0.0,0.000262,0.000262
SNAP23,0.75,1,0,0.0,0.524073,0.524073
SNAP29,0.75,1,0,0.0,0.290324,0.290324
SNED1,0.75,1,0,0.0,0.744563,0.744563
SNORD114-25,0.75,2,0,0.0,0.535499,0.535499
SNORD115-23,0.75,1,0,0.0,0.027242,0.027242
SNORD115-40,0.75,1,0,0.0,0.268005,0.268005
SNORD116-14,0.75,1,0,0.0,0.572338,0.572338
SNORD116-22,0.75,1,0,0.0,0.086004,0.086004
SNORD116-23,0.75,2,0,0.0,0.528536,0.528536
SNORD116-6,0.75,1,0,0.0,0.087181,0.087181
SNRNP35,0.75,1,0,0.0,0.507486,0.507486
SNRNP48,0.75,1,0,0.0,0.659764,0.659764
SNRPB,0.75,1,0,0.0,0.059131,0.059131
SNRPB2,0.75,1,0,0.0,0.353621,0.353621
SNRPD1,0.75,1,0,0.0,0.517742,0.517742
SNTB2,0.75,1,0,0.0,0.041415,0.041415
SNTG2,0.75,2,0,0.0,0.28445,0.28445
SNX12,0.75,1,0,0.0,0.292932,0.292932
SNX16,0.75,2,0,0.0,0.385434,0.385434
SNX30,0.75,2,0,0.0,0.035437,0.035437
SNX4,0.75,2,0,0.0,0.0,0.0
SNX6,0.75,1,0,0.0,0.0,0.0
SOCS1,0.75,1,0,0.0,0.000676,0.000676
SOCS2,0.75,2,0,0.0,0.326192,0.326192
SOHLH2,0.75,2,0,0.0,0.415395,0.415395
SORT1,0.75,1,0,0.0,0.507456,0.507456
SOWAHD,0.75,3,0,0.0,0.011736,0.101546
SOX10,0.75,1,0,0.0,0.0,0.0
SOX17,0.75,1,0,0.0,0.0,0.0
SOX4,0.75,3,0,0.0,0.0,0.0
SOX5,0.75,2,0,0.0,0.122046,0.122046
SP5,0.75,2,0,0.0,1e-06,1e-06
SP6,0.75,1,0,0.0,0.248496,0.248496
SPACA3,0.75,1,0,0.0,0.515363,0.515363
SPACA7,0.75,1,0,0.0,0.002607,0.002607
SPACA9,0.75,1,0,0.0,2e-06,2e-06
SPAG6,0.75,1,0,0.0,0.337112,0.337112
SPARCL1,0.75,1,0,0.0,0.611456,0.611456
SPART,0.75,1,0,0.0,0.0,0.0
SPATA19,0.75,2,0,0.0,0.263739,0.263739
SPATA2,0.75,2,0,0.0,0.0,0.0
SPATA20,0.75,1,0,0.0,3e-06,3e-06
SPATA2L,0.75,3,0,0.0,0.0,0.0
SPATA4,0.75,1,0,0.0,8.1e-05,8.1e-05
SPATA46,0.75,1,0,0.0,0.711067,0.711067
SPATA9,0.75,1,0,0.0,0.527809,0.527809
SPATS1,0.75,1,0,0.0,0.001734,0.001734
SPC24,0.75,1,0,0.0,0.0,0.0
SPCS3,0.75,1,0,0.0,6e-06,6e-06
SPDEF,0.75,1,0,0.0,0.0,0.0
SPEF1,0.75,1,0,0.0,0.018293,0.018293
SPEM2,0.75,1,0,0.0,0.402744,0.402744
SPG7,0.75,2,0,0.0,0.044546,0.044546
SPHK1,0.75,2,0,0.0,0.504398,0.504398
SPHK2,0.75,2,0,0.0,0.000849,0.000849
SPIDR,0.75,1,0,0.0,0.345849,0.345849
SPIN2B,0.75,2,0,0.0,0.00059,0.00059
SPIN3,0.75,1,0,0.0,4.8e-05,4.8e-05
SPIRE2,0.75,2,0,0.0,1.3e-05,1.3e-05
SPOPL,0.75,1,0,0.0,3.7e-05,3.7e-05
SPOUT1,0.75,1,0,0.0,0.000299,0.000299
SPRED1,0.75,2,0,0.0,0.437174,0.437174
SPRTN,0.75,3,0,0.0,0.637548,0.546028
SPSB4,0.75,1,0,0.0,0.182431,0.182431
SPTSSB,0.75,2,0,0.0,0.538302,0.538302
SPX,0.75,2,0,0.0,0.182057,0.182057
SPZ1,0.75,1,0,0.0,0.023174,0.023174
SRA1,0.75,1,0,0.0,0.094259,0.094259
SRFBP1,0.75,2,0,0.0,0.036651,0.036651
SRPK1,0.75,3,0,0.0,0.0053,0.00633
SRSF1,0.75,1,0,0.0,0.700686,0.700686
SRXN1,0.75,1,0,0.0,0.000726,0.000726
SSNA1,0.75,1,0,0.0,0.0,0.0
SSTR5,0.75,3,0,0.0,0.0,0.004198
SSU72,0.75,1,0,0.0,0.28053,0.28053
SSUH2,0.75,1,0,0.0,0.023346,0.023346
SSX3,0.75,1,0,0.0,0.340508,0.340508
ST13,0.75,1,0,0.0,0.000553,0.000553
ST8SIA6,0.75,3,0,0.0,0.415259,0.388355
STAMBPL1,0.75,2,0,0.0,3e-06,3e-06
STARD3,0.75,1,0,0.0,0.0,0.0
STARD4,0.75,1,0,0.0,0.553953,0.553953
STARD5,0.75,2,0,0.0,0.107344,0.107344
STIP1,0.75,1,0,0.0,0.688368,0.688368
STK11IP,0.75,1,0,0.0,0.0,0.0
STK16,0.75,1,0,0.0,0.211678,0.211678
STK24,0.75,3,0,0.0,7.9e-05,0.000154
STK25,0.75,1,0,0.0,0.688515,0.688515
STMN1,0.75,1,0,0.0,0.616676,0.616676
STOML1,0.75,1,0,0.0,0.061582,0.061582
STOX2,0.75,2,0,0.0,0.0,0.0
STRADA,0.75,1,0,0.0,0.453668,0.453668
STRADB,0.75,1,0,0.0,0.728331,0.728331
STRAP,0.75,2,0,0.0,0.115383,0.115383
STX18,0.75,1,0,0.0,0.632617,0.632617
STX7,0.75,1,0,0.0,2.3e-05,2.3e-05
STX8,0.75,1,0,0.0,0.419141,0.419141
STXBP6,0.75,1,0,0.0,0.035625,0.035625
SUCLG1,0.75,2,0,0.0,0.450491,0.450491
SULT1A1,0.75,1,0,0.0,0.008016,0.008016
SULT2A1,0.75,1,0,0.0,0.425787,0.425787
SUN2,0.75,1,0,0.0,0.0,0.0
SUOX,0.75,2,0,0.0,0.254745,0.254745
SUPT3H,0.75,1,0,0.0,0.552602,0.552602
SUPT7L,0.75,1,0,0.0,1.5e-05,1.5e-05
SUSD4,0.75,1,0,0.0,0.0,0.0
SUV39H1,0.75,1,0,0.0,0.019517,0.019517
SUZ12,0.75,3,0,0.0,0.000108,0.081282
SWAP70,0.75,1,0,0.0,0.021675,0.021675
SYAP1,0.75,1,0,0.0,0.000179,0.000179
SYN1,0.75,3,0,0.0,8e-06,0.000332
SYN2,0.75,1,0,0.0,0.000987,0.000987
SYNDIG1,0.75,1,0,0.0,0.074029,0.074029
SYNDIG1L,0.75,1,0,0.0,2.7e-05,2.7e-05
SYNM,0.75,5,0,0.0,0.526639,0.340928
SYP,0.75,2,0,0.0,0.306913,0.306913
SYS1,0.75,1,0,0.0,0.166227,0.166227
SYT1,0.75,2,0,0.0,0.343047,0.343047
SYT14,0.75,1,0,0.0,1e-06,1e-06
SYT17,0.75,1,0,0.0,0.351,0.351
SYT3,0.75,1,0,0.0,0.078952,0.078952
SYTL1,0.75,1,0,0.0,0.072856,0.072856
SYTL4,0.75,1,0,0.0,0.001576,0.001576
SZRD1,0.75,1,0,0.0,0.499219,0.499219
TAAR1,0.75,2,0,0.0,0.000196,0.000196
TAC4,0.75,1,0,0.0,0.236109,0.236109
TACC3,0.75,1,0,0.0,0.236086,0.236086
TAF3,0.75,2,0,0.0,0.0,0.0
TAFA2,0.75,1,0,0.0,0.229494,0.229494
TAFA4,0.75,2,0,0.0,0.231006,0.231006
TAFA5,0.75,1,0,0.0,0.0,0.0
TAGAP,0.75,3,0,0.0,0.0,5e-06
TAGLN,0.75,1,0,0.0,0.529054,0.529054
TANGO6,0.75,1,0,0.0,0.0,0.0
TAPBP,0.75,1,0,0.0,0.603471,0.603471
TAS2R42,0.75,1,0,0.0,0.288791,0.288791
TAS2R5,0.75,1,0,0.0,0.244115,0.244115
TASOR,0.75,3,0,0.0,0.12347,0.094306
TASP1,0.75,1,0,0.0,0.406346,0.406346
TAX1BP3,0.75,2,0,0.0,1e-06,1e-06
TBATA,0.75,1,0,0.0,0.741615,0.741615
TBC1D10B,0.75,1,0,0.0,0.409676,0.409676
TBC1D13,0.75,1,0,0.0,0.0,0.0
TBC1D17,0.75,2,0,0.0,0.511969,0.511969
TBC1D28,0.75,1,0,0.0,0.662695,0.662695
TBC1D7,0.75,2,0,0.0,0.109677,0.109677
TBKBP1,0.75,1,0,0.0,0.0,0.0
TBL1Y,0.75,1,0,0.0,0.0,0.0
TBX1,0.75,1,0,0.0,0.008008,0.008008
TBX3,0.75,3,0,0.0,0.274298,0.223867
TCAP,0.75,1,0,0.0,0.368058,0.368058
TCEA3,0.75,1,0,0.0,0.636372,0.636372
TCEANC2,0.75,1,0,0.0,0.382515,0.382515
TCF15,0.75,1,0,0.0,0.002664,0.002664
TCF23,0.75,2,0,0.0,0.07102,0.07102
TCF7,0.75,1,0,0.0,0.114187,0.114187
TCIRG1,0.75,2,0,0.0,0.333999,0.333999
TCN2,0.75,1,0,0.0,0.606796,0.606796
TCP11,0.75,1,0,0.0,0.579749,0.579749
TCP11L1,0.75,1,0,0.0,0.1277,0.1277
TCTEX1D4,0.75,1,0,0.0,0.0,0.0
TDRP,0.75,2,0,0.0,0.046641,0.046641
TEAD2,0.75,1,0,0.0,0.328973,0.328973
TEAD4,0.75,2,0,0.0,0.109074,0.109074
TEKT2,0.75,1,0,0.0,1e-06,1e-06
TEKT3,0.75,1,0,0.0,0.143566,0.143566
TEKT4,0.75,4,0,0.0,0.289376,0.326676
TENT4B,0.75,1,0,0.0,0.002048,0.002048
TENT5B,0.75,1,0,0.0,0.0,0.0
TENT5D,0.75,2,0,0.0,0.329954,0.329954
TEX33,0.75,1,0,0.0,0.464315,0.464315
TEX35,0.75,1,0,0.0,0.031381,0.031381
TFB2M,0.75,2,0,0.0,0.340972,0.340972
TFDP1,0.75,2,0,0.0,5.2e-05,5.2e-05
TFF2,0.75,1,0,0.0,0.03509,0.03509
TGDS,0.75,1,0,0.0,0.000169,0.000169
TGFA,0.75,7,0,0.0,0.000384,0.110925
TGFB3,0.75,1,0,0.0,0.745662,0.745662
TGFBR1,0.75,1,0,0.0,0.390004,0.390004
TGIF2LX,0.75,7,0,0.0,0.0,0.056416
TGIF2LY,0.75,1,0,0.0,0.0,0.0
TGOLN2,0.75,1,0,0.0,2.2e-05,2.2e-05
TH,0.75,1,0,0.0,0.000627,0.000627
THAP10,0.75,1,0,0.0,0.0,0.0
THAP8,0.75,1,0,0.0,0.261541,0.261541
THEM4,0.75,1,0,0.0,0.131341,0.131341
THOC1,0.75,1,0,0.0,0.0,0.0
THTPA,0.75,1,0,0.0,1e-06,1e-06
TIGD5,0.75,2,0,0.0,0.0,0.0
TIMMDC1,0.75,1,0,0.0,0.443856,0.443856
TIMP3,0.75,2,0,0.0,0.397149,0.397149
TLNRD1,0.75,2,0,0.0,0.0,0.0
TLR9,0.75,4,0,0.0,0.00017,0.056366
TLX2,0.75,1,0,0.0,0.0,0.0
TLX3,0.75,1,0,0.0,0.000143,0.000143
TM2D3,0.75,1,0,0.0,0.093153,0.093153
TM4SF19,0.75,1,0,0.0,0.245274,0.245274
TM9SF1,0.75,2,0,0.0,0.089296,0.089296
TMBIM4,0.75,1,0,0.0,0.319203,0.319203
TMCC2,0.75,3,0,0.0,0.0,0.066021
TMCO6,0.75,1,0,0.0,0.532761,0.532761
TMED9,0.75,1,0,0.0,1e-06,1e-06
TMEM106A,0.75,1,0,0.0,0.681501,0.681501
TMEM116,0.75,1,0,0.0,0.054899,0.054899
TMEM117,0.75,2,0,0.0,0.39892,0.39892
TMEM121,0.75,1,0,0.0,0.0,0.0
TMEM127,0.75,2,0,0.0,0.0,0.0
TMEM150B,0.75,1,0,0.0,5e-06,5e-06
TMEM151A,0.75,4,0,0.0,0.003803,0.004836
TMEM160,0.75,1,0,0.0,0.421686,0.421686
TMEM167B,0.75,1,0,0.0,0.0,0.0
TMEM175,0.75,2,0,0.0,0.0,0.0
TMEM176A,0.75,1,0,0.0,0.688447,0.688447
TMEM176B,0.75,1,0,0.0,0.636667,0.636667
TMEM18,0.75,1,0,0.0,0.000112,0.000112
TMEM198,0.75,2,0,0.0,0.60191,0.60191
TMEM201,0.75,1,0,0.0,0.000832,0.000832
TMEM202,0.75,2,0,0.0,0.000326,0.000326
TMEM205,0.75,2,0,0.0,0.668608,0.668608
TMEM207,0.75,2,0,0.0,0.237744,0.237744
TMEM209,0.75,2,0,0.0,0.410459,0.410459
TMEM231,0.75,1,0,0.0,0.044111,0.044111
TMEM236,0.75,1,0,0.0,1e-06,1e-06
TMEM251,0.75,1,0,0.0,0.54373,0.54373
TMEM270,0.75,1,0,0.0,0.688647,0.688647
TMEM40,0.75,1,0,0.0,0.16842,0.16842
TMEM41B,0.75,1,0,0.0,0.321661,0.321661
TMEM44,0.75,1,0,0.0,6e-06,6e-06
TMEM51,0.75,1,0,0.0,0.512251,0.512251
TMEM53,0.75,3,0,0.0,0.302953,0.346553
TMEM59,0.75,1,0,0.0,0.448009,0.448009
TMEM61,0.75,1,0,0.0,0.31491,0.31491
TMEM62,0.75,1,0,0.0,0.637583,0.637583
TMEM80,0.75,2,0,0.0,0.528344,0.528344
TMEM82,0.75,1,0,0.0,0.0,0.0
TMEM87A,0.75,1,0,0.0,0.136927,0.136927
TMEM91,0.75,3,0,0.0,0.0,0.201896
TMOD2,0.75,1,0,0.0,0.388138,0.388138
TMPPE,0.75,2,0,0.0,0.357406,0.357406
TMPRSS11F,0.75,2,0,0.0,0.005201,0.005201
TMPRSS4,0.75,4,0,0.0,0.148631,0.192871
TMX4,0.75,1,0,0.0,0.090233,0.090233
TNFAIP2,0.75,1,0,0.0,0.437109,0.437109
TNFRSF11B,0.75,2,0,0.0,0.291514,0.291514
TNFRSF12A,0.75,1,0,0.0,0.672051,0.672051
TNFRSF13B,0.75,1,0,0.0,0.385528,0.385528
TNFRSF14,0.75,2,0,0.0,0.002291,0.002291
TNFRSF18,0.75,2,0,0.0,0.473467,0.473467
TNFRSF19,0.75,1,0,0.0,0.032941,0.032941
TNFRSF25,0.75,2,0,0.0,0.002484,0.002484
TNFRSF6B,0.75,2,0,0.0,0.320822,0.320822
TNK1,0.75,1,0,0.0,1e-06,1e-06
TNNI2,0.75,1,0,0.0,0.548408,0.548408
TNNI3,0.75,1,0,0.0,0.001665,0.001665
TNNT3,0.75,2,0,0.0,0.126289,0.126289
TOE1,0.75,1,0,0.0,0.386416,0.386416
TOM1L2,0.75,2,0,0.0,0.0,0.0
TOMM22,0.75,1,0,0.0,0.385879,0.385879
TOP2B,0.75,2,0,0.0,0.000349,0.000349
TOR1AIP2,0.75,1,0,0.0,0.706778,0.706778
TOR4A,0.75,1,0,0.0,0.0,0.0
TOX2,0.75,2,0,0.0,0.43519,0.43519
TP53I13,0.75,2,0,0.0,0.36023,0.36023
TP53I3,0.75,2,0,0.0,0.154311,0.154311
TPD52,0.75,2,0,0.0,0.597446,0.597446
TPD52L1,0.75,1,0,0.0,0.0,0.0
TPD52L3,0.75,1,0,0.0,1e-06,1e-06
TPM4,0.75,1,0,0.0,0.004493,0.004493
TRAF2,0.75,3,0,0.0,0.0,0.005591
TRAF6,0.75,1,0,0.0,0.236036,0.236036
TRAJ58,0.75,1,0,0.0,0.0,0.0
TRAM2,0.75,1,0,0.0,0.632731,0.632731
TRAPPC3,0.75,1,0,0.0,0.261552,0.261552
TRAPPC6A,0.75,1,0,0.0,0.0,0.0
TRAV16,0.75,1,0,0.0,0.0,0.0
TRAV29DV5,0.75,1,0,0.0,1e-06,1e-06
TRAV3,0.75,1,0,0.0,3e-05,3e-05
TRAV4,0.75,1,0,0.0,0.406783,0.406783
TRAV40,0.75,1,0,0.0,0.000783,0.000783
TRAV9-2,0.75,1,0,0.0,0.657332,0.657332
TRBJ2-1,0.75,1,0,0.0,0.0,0.0
TRBV19,0.75,1,0,0.0,0.292718,0.292718
TREH,0.75,2,0,0.0,0.045942,0.045942
TREM1,0.75,1,0,0.0,0.001158,0.001158
TREML4,0.75,3,0,0.0,0.0,0.231691
TRH,0.75,3,0,0.0,0.089096,0.259236
TRIM13,0.75,2,0,0.0,0.137241,0.137241
TRIM14,0.75,2,0,0.0,0.178343,0.178343
TRIM16,0.75,1,0,0.0,0.184756,0.184756
TRIM17,0.75,1,0,0.0,0.373486,0.373486
TRIM39,0.75,1,0,0.0,0.000183,0.000183
TRIM44,0.75,3,0,0.0,0.00075,0.078681
TRIM52,0.75,2,0,0.0,0.367826,0.367826
TRIM55,0.75,3,0,0.0,0.184874,0.218436
TRIM60,0.75,1,0,0.0,0.000895,0.000895
TRIM69,0.75,2,0,0.0,0.369448,0.369448
TRIM72,0.75,2,0,0.0,0.003363,0.003363
TRMO,0.75,3,0,0.0,0.325153,0.376761
TRMT10C,0.75,1,0,0.0,0.013876,0.013876
TRMT11,0.75,2,0,0.0,0.284864,0.284864
TRMT5,0.75,1,0,0.0,0.000329,0.000329
TRMU,0.75,1,0,0.0,0.015127,0.015127
TRNT1,0.75,2,0,0.0,0.315337,0.315337
TROAP,0.75,1,0,0.0,0.50764,0.50764
TRPC4AP,0.75,2,0,0.0,0.013867,0.013867
TRPM4,0.75,4,0,0.0,0.037286,0.177424
TSHB,0.75,1,0,0.0,0.327623,0.327623
TSPAN17,0.75,2,0,0.0,0.3245,0.3245
TSPAN19,0.75,1,0,0.0,1e-06,1e-06
TSPAN31,0.75,1,0,0.0,0.649936,0.649936
TSPY1,0.75,1,0,0.0,0.0,0.0
TSSC4,0.75,1,0,0.0,0.626193,0.626193
TSSK2,0.75,1,0,0.0,0.0,0.0
TSSK3,0.75,1,0,0.0,0.23601,0.23601
TTC33,0.75,1,0,0.0,0.515052,0.515052
TTC39C,0.75,2,0,0.0,0.33758,0.33758
TTC4,0.75,1,0,0.0,0.121297,0.121297
TTC7B,0.75,1,0,0.0,0.4709,0.4709
TTI2,0.75,2,0,0.0,0.190486,0.190486
TTL,0.75,3,0,0.0,0.398273,0.501342
TTLL1,0.75,1,0,0.0,0.250742,0.250742
TTLL13P,0.75,2,0,0.0,0.41579,0.41579
TTLL5,0.75,1,0,0.0,8e-06,8e-06
TTLL8,0.75,1,0,0.0,0.191666,0.191666
TTPA,0.75,2,0,0.0,0.3098,0.3098
TUBB,0.75,2,0,0.0,0.067742,0.067742
TUBGCP4,0.75,1,0,0.0,0.016759,0.016759
TXNDC17,0.75,2,0,0.0,0.1895,0.1895
TXNDC5,0.75,1,0,0.0,2e-06,2e-06
TYROBP,0.75,2,0,0.0,0.128107,0.128107
TYSND1,0.75,2,0,0.0,0.0,0.0
UAP1,0.75,1,0,0.0,0.203956,0.203956
UBAC2,0.75,1,0,0.0,0.001209,0.001209
UBE2D1,0.75,1,0,0.0,0.363621,0.363621
UBE2D3,0.75,1,0,0.0,0.000191,0.000191
UBE2L3,0.75,1,0,0.0,0.1433,0.1433
UBE2M,0.75,2,0,0.0,0.200693,0.200693
UBE2R2,0.75,1,0,0.0,1e-05,1e-05
UBE2U,0.75,1,0,0.0,0.377951,0.377951
UBE2Z,0.75,3,0,0.0,0.000955,0.003017
UBL5,0.75,1,0,0.0,0.0,0.0
UBQLN1,0.75,2,0,0.0,0.507008,0.507008
UBQLN4,0.75,1,0,0.0,0.521214,0.521214
UBXN1,0.75,1,0,0.0,0.568824,0.568824
UBXN10,0.75,3,0,0.0,0.095321,0.117076
UCMA,0.75,1,0,0.0,0.0,0.0
UCN3,0.75,1,0,0.0,0.0,0.0
UFL1,0.75,1,0,0.0,0.003901,0.003901
UFSP1,0.75,1,0,0.0,6e-06,6e-06
UGP2,0.75,1,0,0.0,0.000575,0.000575
UNC119B,0.75,1,0,0.0,0.0683,0.0683
UNC13D,0.75,2,0,0.0,0.211146,0.211146
UNC50,0.75,1,0,0.0,0.0,0.0
UNC5B,0.75,1,0,0.0,0.366709,0.366709
UNC80,0.75,1,0,0.0,0.00262,0.00262
UNC93B1,0.75,1,0,0.0,0.0,0.0
UNKL,0.75,3,0,0.0,0.0,0.000525
UPK1B,0.75,2,0,0.0,1e-06,1e-06
UPK3B,0.75,1,0,0.0,0.0,0.0
UQCRC2,0.75,1,0,0.0,0.176842,0.176842
URB2,0.75,2,0,0.0,0.349225,0.349225
USF2,0.75,1,0,0.0,0.0,0.0
USP43,0.75,4,0,0.0,8e-06,0.003147
USP46,0.75,1,0,0.0,0.602424,0.602424
USP9Y,0.75,1,0,0.0,0.0,0.0
UTP14A,0.75,1,0,0.0,0.0,0.0
UTS2R,0.75,2,0,0.0,0.000548,0.000548
UTY,0.75,1,0,0.0,0.0,0.0
VASH1,0.75,1,0,0.0,0.0,0.0
VBP1,0.75,1,0,0.0,0.000223,0.000223
VDAC2,0.75,2,0,0.0,0.0,0.0
VDR,0.75,1,0,0.0,0.164252,0.164252
VENTX,0.75,2,0,0.0,0.0,0.0
VGF,0.75,1,0,0.0,0.000184,0.000184
VMAC,0.75,2,0,0.0,7.2e-05,7.2e-05
VPS25,0.75,1,0,0.0,0.050536,0.050536
VPS26B,0.75,2,0,0.0,0.334657,0.334657
VPS51,0.75,1,0,0.0,0.0,0.0
VPS72,0.75,2,0,0.0,0.309633,0.309633
VPS9D1,0.75,2,0,0.0,0.307393,0.307393
VSIG2,0.75,2,0,0.0,0.180451,0.180451
VSIG4,0.75,1,0,0.0,0.0,0.0
VSTM2L,0.75,1,0,0.0,0.380988,0.380988
VSTM4,0.75,5,0,0.0,1e-06,0.001609
VWA2,0.75,1,0,0.0,4.4e-05,4.4e-05
VWA7,0.75,2,0,0.0,0.000192,0.000192
VXN,0.75,1,0,0.0,0.0,0.0
WARS1,0.75,1,0,0.0,0.127479,0.127479
WARS2,0.75,1,0,0.0,0.692793,0.692793
WASHC3,0.75,1,0,0.0,1e-06,1e-06
WDHD1,0.75,2,0,0.0,0.000183,0.000183
WDR1,0.75,3,0,0.0,0.0,0.0
WDR24,0.75,2,0,0.0,0.299263,0.299263
WDR25,0.75,1,0,0.0,0.0,0.0
WDR27,0.75,5,0,0.0,0.011699,0.182681
WDR31,0.75,1,0,0.0,0.680293,0.680293
WDR46,0.75,1,0,0.0,0.000897,0.000897
WDR6,0.75,2,0,0.0,0.093461,0.093461
WDR73,0.75,2,0,0.0,0.0,0.0
WDR75,0.75,2,0,0.0,0.117987,0.117987
WDR81,0.75,4,0,0.0,0.082594,0.155739
WEE1,0.75,1,0,0.0,0.107975,0.107975
WFDC10B,0.75,1,0,0.0,0.323532,0.323532
WFDC11,0.75,1,0,0.0,0.620552,0.620552
WFDC2,0.75,1,0,0.0,0.696412,0.696412
WNT11,0.75,1,0,0.0,0.449809,0.449809
WNT3,0.75,4,0,0.0,0.169924,0.257092
WNT3A,0.75,1,0,0.0,0.000122,0.000122
WNT5A,0.75,2,0,0.0,0.22743,0.22743
WNT5B,0.75,2,0,0.0,0.008383,0.008383
WNT9A,0.75,5,0,0.0,0.074794,0.072289
WRAP53,0.75,2,0,0.0,1e-06,1e-06
WRN,0.75,2,0,0.0,0.226499,0.226499
WRNIP1,0.75,2,0,0.0,0.000424,0.000424
WSB1,0.75,1,0,0.0,0.11343,0.11343
WWOX,0.75,1,0,0.0,0.067731,0.067731
WWP1,0.75,1,0,0.0,0.011633,0.011633
WWP2,0.75,2,0,0.0,0.0,0.0
XAGE2,0.75,1,0,0.0,0.665649,0.665649
XG,0.75,1,0,0.0,0.000324,0.000324
XKR5,0.75,1,0,0.0,0.000324,0.000324
XKR8,0.75,1,0,0.0,0.017254,0.017254
XKR9,0.75,1,0,0.0,0.194998,0.194998
XPC,0.75,1,0,0.0,0.005314,0.005314
XPO5,0.75,2,0,0.0,0.079391,0.079391
XPR1,0.75,2,0,0.0,0.105078,0.105078
XXYLT1,0.75,1,0,0.0,0.345979,0.345979
YAE1,0.75,1,0,0.0,0.700573,0.700573
YBX3,0.75,1,0,0.0,0.031694,0.031694
YIF1B,0.75,1,0,0.0,0.056907,0.056907
YIPF2,0.75,1,0,0.0,0.520268,0.520268
YIPF7,0.75,1,0,0.0,0.0,0.0
YME1L1,0.75,4,0,0.0,0.000345,0.153931
YOD1,0.75,3,0,0.0,0.263683,0.24239
YPEL1,0.75,2,0,0.0,0.0,0.0
YPEL3,0.75,1,0,0.0,0.000147,0.000147
YWHAH,0.75,2,0,0.0,0.001541,0.001541
YY1,0.75,1,0,0.0,0.423546,0.423546
Y_RNA,0.75,3,0,0.0,0.0,0.002698
Z82190.2,0.75,2,0,0.0,0.091559,0.091559
ZACN,0.75,2,0,0.0,0.164635,0.164635
ZBED4,0.75,2,0,0.0,0.647885,0.647885
ZBED6CL,0.75,1,0,0.0,0.001217,0.001217
ZBTB16,0.75,1,0,0.0,0.144673,0.144673
ZBTB2,0.75,3,0,0.0,0.00411,0.158199
ZBTB39,0.75,1,0,0.0,0.52634,0.52634
ZBTB4,0.75,1,0,0.0,2.2e-05,2.2e-05
ZBTB45,0.75,2,0,0.0,0.299314,0.299314
ZC3H12D,0.75,2,0,0.0,0.126786,0.126786
ZC3H15,0.75,1,0,0.0,0.2782,0.2782
ZC4H2,0.75,1,0,0.0,0.0,0.0
ZCCHC2,0.75,2,0,0.0,0.194721,0.194721
ZDHHC20,0.75,2,0,0.0,0.017362,0.017362
ZDHHC22,0.75,1,0,0.0,0.016987,0.016987
ZDHHC9,0.75,1,0,0.0,0.263455,0.263455
ZFAND1,0.75,1,0,0.0,0.015937,0.015937
ZFAND2A,0.75,1,0,0.0,0.024629,0.024629
ZFAND3,0.75,1,0,0.0,0.5687,0.5687
ZFAND6,0.75,1,0,0.0,0.482845,0.482845
ZFP1,0.75,2,0,0.0,0.201886,0.201886
ZFP91,0.75,3,0,0.0,0.034475,0.082515
ZFR,0.75,3,0,0.0,0.223812,0.22265
ZFYVE19,0.75,1,0,0.0,0.182504,0.182504
ZFYVE27,0.75,2,0,0.0,0.298697,0.298697
ZG16B,0.75,1,0,0.0,0.0,0.0
ZIM2,0.75,1,0,0.0,0.699949,0.699949
ZMAT3,0.75,2,0,0.0,0.404689,0.404689
ZMYM1,0.75,2,0,0.0,0.02918,0.02918
ZMYM5,0.75,1,0,0.0,0.279812,0.279812
ZMYM6,0.75,1,0,0.0,0.623096,0.623096
ZNF132,0.75,1,0,0.0,0.480892,0.480892
ZNF133,0.75,2,0,0.0,0.176687,0.176687
ZNF137P,0.75,1,0,0.0,0.031311,0.031311
ZNF155,0.75,1,0,0.0,0.577663,0.577663
ZNF17,0.75,1,0,0.0,0.662853,0.662853
ZNF185,0.75,1,0,0.0,0.0,0.0
ZNF211,0.75,1,0,0.0,0.020579,0.020579
ZNF213,0.75,4,0,0.0,0.098503,0.107714
ZNF214,0.75,1,0,0.0,0.613986,0.613986
ZNF219,0.75,1,0,0.0,0.0,0.0
ZNF22,0.75,1,0,0.0,8e-06,8e-06
ZNF224,0.75,3,0,0.0,0.459742,0.373595
ZNF25,0.75,2,0,0.0,5e-06,5e-06
ZNF280B,0.75,3,0,0.0,0.0001,0.163864
ZNF30,0.75,1,0,0.0,0.466205,0.466205
ZNF319,0.75,1,0,0.0,0.406098,0.406098
ZNF324,0.75,1,0,0.0,0.217787,0.217787
ZNF354C,0.75,4,0,0.0,0.001373,0.008441
ZNF391,0.75,1,0,0.0,0.688156,0.688156
ZNF395,0.75,1,0,0.0,0.485866,0.485866
ZNF404,0.75,1,0,0.0,0.292536,0.292536
ZNF415,0.75,1,0,0.0,0.091367,0.091367
ZNF416,0.75,1,0,0.0,0.4426,0.4426
ZNF43,0.75,2,0,0.0,6.6e-05,6.6e-05
ZNF497,0.75,2,0,0.0,0.315274,0.315274
ZNF503,0.75,1,0,0.0,0.0,0.0
ZNF512B,0.75,1,0,0.0,0.102834,0.102834
ZNF517,0.75,1,0,0.0,0.0,0.0
ZNF524,0.75,1,0,0.0,0.0,0.0
ZNF548,0.75,1,0,0.0,0.003674,0.003674
ZNF549,0.75,1,0,0.0,0.203269,0.203269
ZNF559-ZNF177,0.75,1,0,0.0,0.001163,0.001163
ZNF562,0.75,1,0,0.0,0.001198,0.001198
ZNF568,0.75,1,0,0.0,0.688046,0.688046
ZNF577,0.75,3,0,0.0,0.004771,0.199477
ZNF581,0.75,1,0,0.0,0.00168,0.00168
ZNF587,0.75,1,0,0.0,0.224218,0.224218
ZNF622,0.75,1,0,0.0,0.645413,0.645413
ZNF648,0.75,1,0,0.0,1e-06,1e-06
ZNF667,0.75,2,0,0.0,0.506492,0.506492
ZNF672,0.75,2,0,0.0,0.000273,0.000273
ZNF678,0.75,3,0,0.0,0.160461,0.246829
ZNF688,0.75,2,0,0.0,0.003306,0.003306
ZNF689,0.75,3,0,0.0,1.1e-05,0.043383
ZNF696,0.75,2,0,0.0,0.000315,0.000315
ZNF697,0.75,6,0,0.0,0.0,0.000278
ZNF705A,0.75,1,0,0.0,0.337514,0.337514
ZNF707,0.75,2,0,0.0,2e-06,2e-06
ZNF710,0.75,1,0,0.0,1e-06,1e-06
ZNF711,0.75,1,0,0.0,3e-06,3e-06
ZNF750,0.75,1,0,0.0,0.423121,0.423121
ZNF766,0.75,1,0,0.0,8.1e-05,8.1e-05
ZNF770,0.75,2,0,0.0,0.347563,0.347563
ZNF783,0.75,1,0,0.0,0.0,0.0
ZNF790,0.75,1,0,0.0,0.292586,0.292586
ZNF839,0.75,1,0,0.0,0.0,0.0
ZNF85,0.75,4,0,0.0,0.001026,0.023397
ZNHIT2,0.75,1,0,0.0,0.185351,0.185351
ZNRF2,0.75,1,0,0.0,0.0,0.0
ZNRF3,0.75,7,0,0.0,0.0,0.0
ZNRF4,0.75,2,0,0.0,0.008301,0.008301
ZSCAN20,0.75,2,0,0.0,0.432904,0.432904
ZSCAN26,0.75,1,0,0.0,0.001253,0.001253
ZSWIM8,0.75,3,0,0.0,0.0,0.0
ZW10,0.75,1,0,0.0,0.444529,0.444529
ZWINT,0.75,2,0,0.0,0.0,0.0
ZXDC,0.75,2,0,0.0,0.197201,0.197201
