Hugo_Symbol,n_variants,n_predicted_artifacts,artifact_rate,mean_probability
TTN,262,157,0.5992366412213741,0.6706112
MUC16,132,99,0.75,0.7821366
EGFR,132,65,0.49242424242424243,0.5487958
FLG,74,48,0.6486486486486487,0.72601765
MUC17,49,43,0.8775510204081632,0.8930777
TP53,155,37,0.23870967741935484,0.2954597
RELN,42,33,0.7857142857142857,0.8160192
RYR2,62,33,0.532258064516129,0.62006736
PCLO,41,32,0.7804878048780488,0.8026509
PKHD1,47,32,0.6808510638297872,0.73017824
NF1,47,31,0.6595744680851063,0.7313419
HMCN1,47,30,0.6382978723404256,0.6918203
SPTA1,53,30,0.5660377358490566,0.63909006
PTEN,118,29,0.2457627118644068,0.28322127
SYNE1,39,28,0.717948717948718,0.7620156
LRP2,47,28,0.5957446808510638,0.6893231
OBSCN,72,28,0.3888888888888889,0.44739798
DNAH11,39,26,0.6666666666666666,0.6900448
DNAH5,47,25,0.5319148936170213,0.62364703
DST,50,25,0.5,0.57331145
GRM3,25,24,0.96,0.9472578
APOB,26,23,0.8846153846153846,0.8853853
FCGBP,29,23,0.7931034482758621,0.8246473
PIK3CG,32,23,0.71875,0.74268067
DNAH2,41,23,0.5609756097560976,0.6405407
DNAH3,49,23,0.46938775510204084,0.60971856
FAT2,29,22,0.7586206896551724,0.7665134
COL6A3,36,22,0.6111111111111112,0.65255415
USH2A,43,22,0.5116279069767442,0.65157515
KMT2C,28,21,0.75,0.77328914
GRIN2A,31,21,0.6774193548387096,0.73999923
DCHS2,25,20,0.8,0.810683
PIK3CA,39,20,0.5128205128205128,0.56160486
CNTNAP2,23,19,0.8260869565217391,0.82673067
TCHH,24,19,0.7916666666666666,0.8073675
TRRAP,24,19,0.7916666666666666,0.8652365
SDK1,25,19,0.76,0.7480555
HUWE1,26,19,0.7307692307692307,0.7362048
MACF1,29,19,0.6551724137931034,0.7242197
AHNAK,30,19,0.6333333333333333,0.6772467
RIMS2,34,19,0.5588235294117647,0.653073
PLXNA4,18,18,1.0,0.97972214
NEB,26,18,0.6923076923076923,0.7143616
CSMD3,27,18,0.6666666666666666,0.7482716
FER1L6,29,18,0.6206896551724138,0.75230855
AHNAK2,38,18,0.47368421052631576,0.496947
PKD1L1,18,17,0.9444444444444444,0.9289973
FAT4,21,17,0.8095238095238095,0.78418785
DNAH7,23,17,0.7391304347826086,0.6869082
PIK3R1,27,17,0.6296296296296297,0.73448634
ATRX,35,17,0.4857142857142857,0.49819767
HYDIN,35,17,0.4857142857142857,0.5973055
MUC3A,17,16,0.9411764705882353,0.9462106
LCT,18,16,0.8888888888888888,0.8392092
VPS13D,21,16,0.7619047619047619,0.77913266
NLRP5,22,16,0.7272727272727273,0.7665018
KIF2B,25,16,0.64,0.776667
RYR1,26,16,0.6153846153846154,0.7004531
DSP,28,16,0.5714285714285714,0.6402163
LAMA1,31,16,0.5161290322580645,0.5973776
ADGRV1,33,16,0.48484848484848486,0.612694
COL1A2,16,15,0.9375,0.91563666
LAMA2,17,15,0.8823529411764706,0.86627316
PPP1R3A,18,15,0.8333333333333334,0.8921115
TRIO,18,15,0.8333333333333334,0.79292136
ZFHX3,19,15,0.7894736842105263,0.80630547
ANK2,21,15,0.7142857142857143,0.83513397
COL14A1,22,15,0.6818181818181818,0.70230716
FBN2,22,15,0.6818181818181818,0.7725392
MYH1,23,15,0.6521739130434783,0.6825955
SACS,23,15,0.6521739130434783,0.6832559
SYNE2,23,15,0.6521739130434783,0.67201877
TEX15,24,15,0.625,0.74182105
TAF1L,29,15,0.5172413793103449,0.61763674
DNAH8,30,15,0.5,0.6139012
ARHGEF5,15,14,0.9333333333333333,0.9457322
ABCB4,17,14,0.8235294117647058,0.8624365
LAMB4,17,14,0.8235294117647058,0.81238085
TLL1,17,14,0.8235294117647058,0.80098486
GABRA6,18,14,0.7777777777777778,0.7756896
ZAN,21,14,0.6666666666666666,0.70886165
FLNA,22,14,0.6363636363636364,0.6457541
MYH13,22,14,0.6363636363636364,0.68387675
FRAS1,26,14,0.5384615384615384,0.5629669
IDH1,26,14,0.5384615384615384,0.5983748
TECTA,26,14,0.5384615384615384,0.6637903
DOCK5,31,14,0.45161290322580644,0.52031285
PTPN3,14,13,0.9285714285714286,0.852275
FREM2,15,13,0.8666666666666667,0.855579
NME8,15,13,0.8666666666666667,0.8890807
OR5D13,15,13,0.8666666666666667,0.87902427
SAMD9,15,13,0.8666666666666667,0.8825697
TRPV6,15,13,0.8666666666666667,0.8997552
CALN1,16,13,0.8125,0.82976955
EXPH5,16,13,0.8125,0.87973964
GALNT17,16,13,0.8125,0.8714392
GRIN2B,17,13,0.7647058823529411,0.8095078
ITPR3,17,13,0.7647058823529411,0.7741451
MECOM,17,13,0.7647058823529411,0.74136895
NLRP7,18,13,0.7222222222222222,0.8005075
SCN10A,19,13,0.6842105263157895,0.7480896
SETD2,19,13,0.6842105263157895,0.70861065
NLRP12,20,13,0.65,0.6748917
PTPRT,20,13,0.65,0.7688526
MUC5B,21,13,0.6190476190476191,0.6118605
NLRP4,21,13,0.6190476190476191,0.7116635
PRDM9,21,13,0.6190476190476191,0.7397465
CENPF,22,13,0.5909090909090909,0.6213489
XIRP2,27,13,0.48148148148148145,0.6440885
RYR3,29,13,0.4482758620689655,0.5425188
NLRP13,13,12,0.9230769230769231,0.8966836
CALCR,15,12,0.8,0.7779154
COL11A1,15,12,0.8,0.8176087
F8,15,12,0.8,0.80061287
MYH11,15,12,0.8,0.8319833
ADAM29,16,12,0.75,0.7771836
F5,16,12,0.75,0.7282455
ZNF208,16,12,0.75,0.73732996
CASR,17,12,0.7058823529411765,0.76811904
KEL,17,12,0.7058823529411765,0.7767011
POM121L12,17,12,0.7058823529411765,0.7044461
SPEG,17,12,0.7058823529411765,0.72907096
BRCA2,18,12,0.6666666666666666,0.68917423
HECTD4,18,12,0.6666666666666666,0.69144017
PCDHB7,18,12,0.6666666666666666,0.78951573
GRM8,19,12,0.631578947368421,0.69012284
HECW1,19,12,0.631578947368421,0.69788307
KIAA1109,19,12,0.631578947368421,0.7128267
C3,20,12,0.6,0.65400356
CDH18,20,12,0.6,0.68186986
TENM1,20,12,0.6,0.6631944
TRPM6,20,12,0.6,0.68227756
NOS1,22,12,0.5454545454545454,0.60493386
SCN9A,22,12,0.5454545454545454,0.632132
DNAH9,24,12,0.5,0.6696665
SLIT3,24,12,0.5,0.585753
LRP1B,26,12,0.46153846153846156,0.5707942
DNAH10,27,12,0.4444444444444444,0.46236742
TMEM132D,28,12,0.42857142857142855,0.521092
CR2,12,11,0.9166666666666666,0.9066768
OR5H2,12,11,0.9166666666666666,0.872361
TRPV5,12,11,0.9166666666666666,0.9383221
ABCB5,13,11,0.8461538461538461,0.84823924
FRMPD4,13,11,0.8461538461538461,0.79791486
NIPBL,13,11,0.8461538461538461,0.8867522
PCDH19,13,11,0.8461538461538461,0.8125639
PCDHA13,13,11,0.8461538461538461,0.87072337
ZNF493,13,11,0.8461538461538461,0.79937655
CDK5RAP2,14,11,0.7857142857142857,0.7714333
COL12A1,14,11,0.7857142857142857,0.8015469
ERICH3,14,11,0.7857142857142857,0.8305146
PTPRN2,14,11,0.7857142857142857,0.78896314
TAF1,14,11,0.7857142857142857,0.7709976
ZNF462,14,11,0.7857142857142857,0.7973428
CARD6,15,11,0.7333333333333333,0.7460593
ADAMTS16,16,11,0.6875,0.71917963
DYNC1H1,16,11,0.6875,0.68903583
EPB41L3,16,11,0.6875,0.7729011
RNF17,16,11,0.6875,0.6769041
ATR,17,11,0.6470588235294118,0.6537917
UGGT1,17,11,0.6470588235294118,0.7277561
ABCC9,18,11,0.6111111111111112,0.7204671
ANK1,18,11,0.6111111111111112,0.6780141
HSPG2,18,11,0.6111111111111112,0.71312374
KIF16B,18,11,0.6111111111111112,0.82087064
PKHD1L1,18,11,0.6111111111111112,0.6514465
FLG2,19,11,0.5789473684210527,0.70632094
RESF1,19,11,0.5789473684210527,0.6621278
HRNR,20,11,0.55,0.65296525
QSER1,20,11,0.55,0.63940537
USP9X,21,11,0.5238095238095238,0.50422055
TENM3,22,11,0.5,0.540594
VWF,23,11,0.4782608695652174,0.64034253
DOCK8,24,11,0.4583333333333333,0.5154534
EP400,25,11,0.44,0.57751954
MXRA5,25,11,0.44,0.48133165
HCN1,26,11,0.4230769230769231,0.49810278
ACAD10,10,10,1.0,0.9511458
CPNE8,10,10,1.0,0.9570476
LPA,10,10,1.0,0.9333049
SPATA31D1,11,10,0.9090909090909091,0.8548767
TTC21A,11,10,0.9090909090909091,0.8443977
URGCP,11,10,0.9090909090909091,0.88205963
ADCY1,12,10,0.8333333333333334,0.81226414
CNTN6,12,10,0.8333333333333334,0.87164813
CYP4F22,12,10,0.8333333333333334,0.83370274
UBE3C,12,10,0.8333333333333334,0.8145523
ABCA1,13,10,0.7692307692307693,0.7940285
CLCN1,13,10,0.7692307692307693,0.80666023
CPAMD8,13,10,0.7692307692307693,0.7561074
ENPP2,13,10,0.7692307692307693,0.82160985
OR5W2,13,10,0.7692307692307693,0.7588608
PREX1,13,10,0.7692307692307693,0.7958066
RFX6,13,10,0.7692307692307693,0.83966696
CAMTA1,14,10,0.7142857142857143,0.7996868
DENND2C,14,10,0.7142857142857143,0.7325633
FBN3,14,10,0.7142857142857143,0.7027446
MYH8,14,10,0.7142857142857143,0.7168872
NLRP2,14,10,0.7142857142857143,0.79274255
PEG3,14,10,0.7142857142857143,0.70962316
ABCA13,15,10,0.6666666666666666,0.6904373
EPHA8,15,10,0.6666666666666666,0.6654752
SRRM2,15,10,0.6666666666666666,0.73098963
ALPK2,16,10,0.625,0.753018
CACNA2D1,16,10,0.625,0.7048882
CMYA5,16,10,0.625,0.72384423
DSG4,16,10,0.625,0.69785386
GLI3,16,10,0.625,0.71389914
ITPR2,16,10,0.625,0.73254716
LRP1,16,10,0.625,0.6889839
SPATA31A1,16,10,0.625,0.6797008
ELMO1,17,10,0.5882352941176471,0.7103257
ENPEP,17,10,0.5882352941176471,0.6809852
FBN1,17,10,0.5882352941176471,0.6873135
NLRP3,17,10,0.5882352941176471,0.62369597
TSHZ2,17,10,0.5882352941176471,0.68503606
ZFP42,17,10,0.5882352941176471,0.665557
ABCC5,18,10,0.5555555555555556,0.6234762
BIRC6,18,10,0.5555555555555556,0.57211536
ITGAD,18,10,0.5555555555555556,0.57020646
CACNA1S,19,10,0.5263157894736842,0.70296717
MYH2,20,10,0.5,0.58287215
PCDHA1,20,10,0.5,0.6076772
PDGFRA,20,10,0.5,0.58981806
DNAH17,21,10,0.47619047619047616,0.5541108
DMD,25,10,0.4,0.46002662
CHD1,9,9,1.0,0.9527681
TPTE,9,9,1.0,0.9668844
VPS50,9,9,1.0,0.96929425
ZPBP,9,9,1.0,0.95978194
ANO3,10,9,0.9,0.9054821
AREL1,10,9,0.9,0.84980696
CDK13,10,9,0.9,0.9189188
COL28A1,10,9,0.9,0.8810889
FAM120B,10,9,0.9,0.8865932
FANCD2,10,9,0.9,0.8941107
LDLR,10,9,0.9,0.9005128
MED13L,10,9,0.9,0.9017922
PON1,10,9,0.9,0.87303364
PTPRZ1,10,9,0.9,0.9387382
RAB3GAP2,10,9,0.9,0.8541047
SEPTIN4,10,9,0.9,0.8653787
TDRD7,10,9,0.9,0.8614168
ADAMTS2,11,9,0.8181818181818182,0.85349256
AMPD1,11,9,0.8181818181818182,0.86535305
AOC1,11,9,0.8181818181818182,0.7833032
CNTNAP1,11,9,0.8181818181818182,0.84189206
GEMIN5,11,9,0.8181818181818182,0.7828026
LARP1,11,9,0.8181818181818182,0.79288954
MAP1B,11,9,0.8181818181818182,0.90646535
NLRP11,11,9,0.8181818181818182,0.80399114
SLC6A18,11,9,0.8181818181818182,0.8068548
TRPM3,11,9,0.8181818181818182,0.8712763
AFM,12,9,0.75,0.7473503
ARHGAP21,12,9,0.75,0.7545762
CENPE,12,9,0.75,0.753098
COBL,12,9,0.75,0.81888145
COL24A1,12,9,0.75,0.76610154
KALRN,12,9,0.75,0.7542746
KIAA1210,12,9,0.75,0.72100335
KLK15,12,9,0.75,0.7292188
NRXN3,12,9,0.75,0.71985435
PDE1C,12,9,0.75,0.819004
PTPN11,12,9,0.75,0.80798894
SAMD9L,12,9,0.75,0.76159316
SBNO1,12,9,0.75,0.79853797
SLC5A7,12,9,0.75,0.7383755
UTRN,12,9,0.75,0.7357293
CNTN1,13,9,0.6923076923076923,0.74372005
CUBN,13,9,0.6923076923076923,0.6650903
LRBA,13,9,0.6923076923076923,0.72417533
PCDHB15,13,9,0.6923076923076923,0.8134292
PREX2,13,9,0.6923076923076923,0.75704914
SALL4,13,9,0.6923076923076923,0.74645174
VAV1,13,9,0.6923076923076923,0.76534814
ANO4,14,9,0.6428571428571429,0.7781497
ASH1L,14,9,0.6428571428571429,0.7901872
CFTR,14,9,0.6428571428571429,0.6705862
LY75,14,9,0.6428571428571429,0.71178925
MC3R,14,9,0.6428571428571429,0.8015035
MYO3A,14,9,0.6428571428571429,0.64738846
MYOCD,14,9,0.6428571428571429,0.63924646
SLC9A4,14,9,0.6428571428571429,0.7362481
SVEP1,14,9,0.6428571428571429,0.65906286
UGT3A2,14,9,0.6428571428571429,0.6975736
WDFY3,14,9,0.6428571428571429,0.68651885
CACNA1B,15,9,0.6,0.6463295
CIT,15,9,0.6,0.76645195
DYNC1I1,15,9,0.6,0.7035636
HERC2P3,15,9,0.6,0.64055383
KIF4B,15,9,0.6,0.6537392
MAG,15,9,0.6,0.606233
POLE,15,9,0.6,0.6912956
TLR7,15,9,0.6,0.598588
VPS13B,15,9,0.6,0.73424685
BDP1,16,9,0.5625,0.66298866
CHD9,16,9,0.5625,0.6397594
FAT1,16,9,0.5625,0.643103
ZDBF2,16,9,0.5625,0.6189483
ADGRF5,17,9,0.5294117647058824,0.5446745
FGD5,17,9,0.5294117647058824,0.62813216
MYH6,17,9,0.5294117647058824,0.5606877
NWD1,17,9,0.5294117647058824,0.69579136
SCN5A,17,9,0.5294117647058824,0.5943139
ADCY10,18,9,0.5,0.6005047
CD163L1,18,9,0.5,0.6149736
ESPL1,18,9,0.5,0.5179198
GRIP1,18,9,0.5,0.5815859
HERC2,18,9,0.5,0.6304792
NAV2,19,9,0.47368421052631576,0.5642559
SLIT2,19,9,0.47368421052631576,0.63171655
ASPM,20,9,0.45,0.59869415
KSR2,20,9,0.45,0.54325056
PLCG2,21,9,0.42857142857142855,0.49915522
ADAM22,8,8,1.0,0.97357255
BAZ1A,8,8,1.0,0.9377456
CDK12,8,8,1.0,0.9551304
KMT2E,8,8,1.0,0.96866196
NRP2,8,8,1.0,0.92748576
OR2A7,8,8,1.0,0.9746524
AC004593.2,9,8,0.8888888888888888,0.8665874
BRAF,9,8,0.8888888888888888,0.88932157
BRCA1,9,8,0.8888888888888888,0.85664856
CSF2RA,9,8,0.8888888888888888,0.9422715
CTNND2,9,8,0.8888888888888888,0.8141437
CUL9,9,8,0.8888888888888888,0.8610228
DGKK,9,8,0.8888888888888888,0.81701714
EEF1A1,9,8,0.8888888888888888,0.9196148
ENAM,9,8,0.8888888888888888,0.8416237
HECTD1,9,8,0.8888888888888888,0.915978
KDM7A,9,8,0.8888888888888888,0.8750918
KRT16,9,8,0.8888888888888888,0.8784287
MMRN1,9,8,0.8888888888888888,0.901606
MYH7,9,8,0.8888888888888888,0.9460042
NPTX2,9,8,0.8888888888888888,0.93354225
PCDH18,9,8,0.8888888888888888,0.9492802
PLCH1,9,8,0.8888888888888888,0.91839135
SEMG2,9,8,0.8888888888888888,0.8622009
SRGAP3,9,8,0.8888888888888888,0.8368466
SSTR4,9,8,0.8888888888888888,0.9131824
TYR,9,8,0.8888888888888888,0.86673605
XRN1,9,8,0.8888888888888888,0.9099125
ZNF532,9,8,0.8888888888888888,0.8944416
ZNFX1,9,8,0.8888888888888888,0.9517162
ARAP2,10,8,0.8,0.82714635
C6,10,8,0.8,0.8178421
CARD11,10,8,0.8,0.77678645
CDH1,10,8,0.8,0.90692043
CR1,10,8,0.8,0.81832945
CYLD,10,8,0.8,0.854963
HEATR5B,10,8,0.8,0.85252553
HTR3A,10,8,0.8,0.7935682
IGSF9,10,8,0.8,0.8515174
ITGA4,10,8,0.8,0.77782315
OPN5,10,8,0.8,0.8328905
PAPPA2,10,8,0.8,0.8193302
PPL,10,8,0.8,0.7606772
PPP4R4,10,8,0.8,0.8316881
SLC9C1,10,8,0.8,0.7785649
STXBP5L,10,8,0.8,0.81329715
SYDE2,10,8,0.8,0.8196136
TIMD4,10,8,0.8,0.849726
VIRMA,10,8,0.8,0.85009015
ZNF335,10,8,0.8,0.7918003
BMS1,11,8,0.7272727272727273,0.71759605
BRWD3,11,8,0.7272727272727273,0.70367914
CDCP1,11,8,0.7272727272727273,0.7931874
COL6A2,11,8,0.7272727272727273,0.7248533
DSCAM,11,8,0.7272727272727273,0.8159641
GABRA4,11,8,0.7272727272727273,0.69747806
KCNV1,11,8,0.7272727272727273,0.72404766
KMT2A,11,8,0.7272727272727273,0.7105146
OR8K3,11,8,0.7272727272727273,0.80407834
PCDH15,11,8,0.7272727272727273,0.69944793
PCK1,11,8,0.7272727272727273,0.7428911
PHLDB2,11,8,0.7272727272727273,0.7611958
PTPRM,11,8,0.7272727272727273,0.7114757
RP1L1,11,8,0.7272727272727273,0.7683153
SCN1A,11,8,0.7272727272727273,0.72675973
SHROOM3,11,8,0.7272727272727273,0.74385583
SLC26A3,11,8,0.7272727272727273,0.9090426
VCAN,11,8,0.7272727272727273,0.7780418
WNT2,11,8,0.7272727272727273,0.71811247
XIRP1,11,8,0.7272727272727273,0.7144161
ZC3H13,11,8,0.7272727272727273,0.7593006
ZNF99,11,8,0.7272727272727273,0.77636415
ASXL1,12,8,0.6666666666666666,0.72182566
BSN,12,8,0.6666666666666666,0.6671881
C9orf131,12,8,0.6666666666666666,0.73323447
CACNA1D,12,8,0.6666666666666666,0.6911188
CD33,12,8,0.6666666666666666,0.7593996
CEMIP2,12,8,0.6666666666666666,0.6508827
CHGB,12,8,0.6666666666666666,0.71519876
COL6A6,12,8,0.6666666666666666,0.6954711
CPS1,12,8,0.6666666666666666,0.77243394
EGF,12,8,0.6666666666666666,0.70986384
FLNB,12,8,0.6666666666666666,0.678569
FLT4,12,8,0.6666666666666666,0.7211022
GABRB2,12,8,0.6666666666666666,0.71308565
GFRAL,12,8,0.6666666666666666,0.7080238
KCNQ5,12,8,0.6666666666666666,0.6852226
MDN1,12,8,0.6666666666666666,0.6730719
MYO1D,12,8,0.6666666666666666,0.70189863
NLRP8,12,8,0.6666666666666666,0.7308666
PLCL1,12,8,0.6666666666666666,0.7268264
PTPRD,12,8,0.6666666666666666,0.64119506
SEMA3C,12,8,0.6666666666666666,0.7020752
SLC1A6,12,8,0.6666666666666666,0.72350454
STK31,12,8,0.6666666666666666,0.7774434
TLN1,12,8,0.6666666666666666,0.7584862
AKAP13,13,8,0.6153846153846154,0.6724896
AL592490.1,13,8,0.6153846153846154,0.73675346
CIITA,13,8,0.6153846153846154,0.5953076
COL4A6,13,8,0.6153846153846154,0.5933767
FAM47B,13,8,0.6153846153846154,0.61834615
GLI2,13,8,0.6153846153846154,0.5786811
GON4L,13,8,0.6153846153846154,0.6211308
MYCBP2,13,8,0.6153846153846154,0.6717449
NTSR1,13,8,0.6153846153846154,0.657776
PCDHA8,13,8,0.6153846153846154,0.6405291
PCDHB5,13,8,0.6153846153846154,0.71620494
PDE4DIP,13,8,0.6153846153846154,0.745191
STAG2,13,8,0.6153846153846154,0.57395685
TENM4,13,8,0.6153846153846154,0.6887064
UGT2B4,13,8,0.6153846153846154,0.6551039
FLNC,14,8,0.5714285714285714,0.6653827
HIVEP1,14,8,0.5714285714285714,0.637396
MYO1B,14,8,0.5714285714285714,0.6257278
NRXN1,14,8,0.5714285714285714,0.5971945
SCN7A,14,8,0.5714285714285714,0.7032439
SIPA1L2,14,8,0.5714285714285714,0.72609633
SIPA1L3,14,8,0.5714285714285714,0.5619611
SMARCA2,14,8,0.5714285714285714,0.6043848
SSPOP,14,8,0.5714285714285714,0.62278306
TG,14,8,0.5714285714285714,0.67023
TNC,14,8,0.5714285714285714,0.61275184
TPTE2,14,8,0.5714285714285714,0.5886356
ZNF407,14,8,0.5714285714285714,0.6170497
COL5A1,15,8,0.5333333333333333,0.5629898
KDR,15,8,0.5333333333333333,0.67675805
ANK3,16,8,0.5,0.55850303
BPTF,16,8,0.5,0.5533208
CDH9,16,8,0.5,0.54630756
RBM47,16,8,0.5,0.6119348
SIM1,16,8,0.5,0.6048456
ATP10B,17,8,0.47058823529411764,0.53816366
CHD5,17,8,0.47058823529411764,0.5240083
LAMA3,17,8,0.47058823529411764,0.4888377
MUC2,17,8,0.47058823529411764,0.57084435
RP1,17,8,0.47058823529411764,0.57238865
ARFGEF3,18,8,0.4444444444444444,0.5172679
ZNF831,19,8,0.42105263157894735,0.47634783
MYO15A,20,8,0.4,0.45700207
TRPM2,20,8,0.4,0.51362073
PCDHA12,21,8,0.38095238095238093,0.610822
MROH2B,22,8,0.36363636363636365,0.45572698
CFAP47,24,8,0.3333333333333333,0.36649892
RB1,28,8,0.2857142857142857,0.2889726
ADAMTS10,7,7,1.0,0.94083613
AKAP11,7,7,1.0,0.9807674
AMPH,7,7,1.0,0.9677308
AXL,7,7,1.0,0.98457056
CLDN4,7,7,1.0,0.9258572
COBLL1,7,7,1.0,0.9716493
COG4,7,7,1.0,0.9642212
COL5A2,7,7,1.0,0.9493195
KIAA0753,7,7,1.0,0.9855504
MX2,7,7,1.0,0.89517313
NCAPG2,7,7,1.0,0.9483323
PLCE1,7,7,1.0,0.9528039
PYHIN1,7,7,1.0,0.97628105
SEC31A,7,7,1.0,0.9400076
SLC26A5,7,7,1.0,0.9628357
TTC30A,7,7,1.0,0.98055017
ABCB8,8,7,0.875,0.9395246
ADAM7,8,7,0.875,0.8792362
ARSK,8,7,0.875,0.881521
C14orf39,8,7,0.875,0.8473517
CDH20,8,7,0.875,0.9359192
CDKL5,8,7,0.875,0.8405824
CEP126,8,7,0.875,0.87250066
CTAGE1,8,7,0.875,0.851697
DIDO1,8,7,0.875,0.84159106
EYA4,8,7,0.875,0.8647385
KDM2B,8,7,0.875,0.8348259
KIR2DL4,8,7,0.875,0.9108177
KLHL13,8,7,0.875,0.83278793
LPIN1,8,7,0.875,0.86059016
MTUS2,8,7,0.875,0.8661525
OR10H5,8,7,0.875,0.9000128
OR1S1,8,7,0.875,0.91172284
OR2T33,8,7,0.875,0.84916705
PROKR2,8,7,0.875,0.87715495
PSG4,8,7,0.875,0.8921454
REPS2,8,7,0.875,0.8459684
RPGRIP1L,8,7,0.875,0.86749697
SAGE1,8,7,0.875,0.83812493
SERPINA3,8,7,0.875,0.8611629
SLC12A7,8,7,0.875,0.85750043
SLC26A4,8,7,0.875,0.88846576
SLITRK2,8,7,0.875,0.8751395
UHRF1BP1L,8,7,0.875,0.90171003
ZNF780B,8,7,0.875,0.82223547
ABCB1,9,7,0.7777777777777778,0.73978585
AHR,9,7,0.7777777777777778,0.77441704
ASZ1,9,7,0.7777777777777778,0.8327172
ATP10D,9,7,0.7777777777777778,0.8492819
C2orf16,9,7,0.7777777777777778,0.7579246
CCDC18,9,7,0.7777777777777778,0.85185313
CUL1,9,7,0.7777777777777778,0.8110707
DLC1,9,7,0.7777777777777778,0.8523784
DPP6,9,7,0.7777777777777778,0.7608038
EPHB6,9,7,0.7777777777777778,0.7919209
FBXL13,9,7,0.7777777777777778,0.7657144
ICE1,9,7,0.7777777777777778,0.7517412
ITGB4,9,7,0.7777777777777778,0.7541449
JHY,9,7,0.7777777777777778,0.8940326
LRRC66,9,7,0.7777777777777778,0.75257486
MAP3K4,9,7,0.7777777777777778,0.8937924
MYO6,9,7,0.7777777777777778,0.7622607
NR3C2,9,7,0.7777777777777778,0.837548
NRDC,9,7,0.7777777777777778,0.83921677
OGDH,9,7,0.7777777777777778,0.8410411
OR2T12,9,7,0.7777777777777778,0.7274595
OR2Y1,9,7,0.7777777777777778,0.7578026
OR5AR1,9,7,0.7777777777777778,0.7117614
PCDHGA2,9,7,0.7777777777777778,0.81238157
PEX1,9,7,0.7777777777777778,0.7577336
PHF3,9,7,0.7777777777777778,0.7460677
PIK3CB,9,7,0.7777777777777778,0.90657604
PPEF2,9,7,0.7777777777777778,0.8595176
PRR23B,9,7,0.7777777777777778,0.7988398
PRSS35,9,7,0.7777777777777778,0.74355984
SGO2,9,7,0.7777777777777778,0.8462298
SLC9C2,9,7,0.7777777777777778,0.83210516
SMARCA1,9,7,0.7777777777777778,0.73483807
SNRNP200,9,7,0.7777777777777778,0.7899008
TAF2,9,7,0.7777777777777778,0.7429955
TJP3,9,7,0.7777777777777778,0.7674072
UBASH3A,9,7,0.7777777777777778,0.8355269
AFDN,10,7,0.7,0.6518224
AXDND1,10,7,0.7,0.7488053
CHL1,10,7,0.7,0.7638111
CNGA4,10,7,0.7,0.79304034
COL15A1,10,7,0.7,0.7542903
DSC1,10,7,0.7,0.7616966
EMILIN2,10,7,0.7,0.73565
ERCC6L,10,7,0.7,0.7821236
ERN2,10,7,0.7,0.731888
FILIP1,10,7,0.7,0.733326
HELB,10,7,0.7,0.6794338
KIAA1549,10,7,0.7,0.7834724
LGSN,10,7,0.7,0.7068306
LILRB2,10,7,0.7,0.72042066
MATK,10,7,0.7,0.7399484
MED13,10,7,0.7,0.70931005
MSH6,10,7,0.7,0.7690498
MYO9A,10,7,0.7,0.7102071
NEK10,10,7,0.7,0.6898061
NOTCH3,10,7,0.7,0.7118536
PCDHA9,10,7,0.7,0.7315709
PCDHB6,10,7,0.7,0.7516121
PCDHGA8,10,7,0.7,0.7395012
PLCB1,10,7,0.7,0.7129685
PPP1R9A,10,7,0.7,0.77347916
PTPRC,10,7,0.7,0.7550783
RBMS3,10,7,0.7,0.84245473
TBC1D32,10,7,0.7,0.7637885
TMEM132B,10,7,0.7,0.67792636
TRIML1,10,7,0.7,0.7613251
UPF1,10,7,0.7,0.7396289
ZNF229,10,7,0.7,0.7889679
ACE,11,7,0.6363636363636364,0.6830288
ATP11A,11,7,0.6363636363636364,0.6292422
CFAP54,11,7,0.6363636363636364,0.6610232
FHDC1,11,7,0.6363636363636364,0.6404643
FLT3,11,7,0.6363636363636364,0.662612
KIAA1217,11,7,0.6363636363636364,0.72797984
KIF1B,11,7,0.6363636363636364,0.670159
MAP3K19,11,7,0.6363636363636364,0.62099653
MGAM,11,7,0.6363636363636364,0.64456457
NPHS1,11,7,0.6363636363636364,0.7031817
OR5D18,11,7,0.6363636363636364,0.6718474
PCDHB13,11,7,0.6363636363636364,0.7760373
PCNX1,11,7,0.6363636363636364,0.6757629
PIK3C2G,11,7,0.6363636363636364,0.6508635
PTCH1,11,7,0.6363636363636364,0.6009274
RASGRF2,11,7,0.6363636363636364,0.74317384
ROS1,11,7,0.6363636363636364,0.6719856
SRCAP,11,7,0.6363636363636364,0.66516936
TENM2,11,7,0.6363636363636364,0.74137723
TRPM8,11,7,0.6363636363636364,0.7217518
TULP4,11,7,0.6363636363636364,0.7491853
ZNF521,11,7,0.6363636363636364,0.84970784
ZNF676,11,7,0.6363636363636364,0.8109991
ZNF98,11,7,0.6363636363636364,0.684499
ATP6V0A4,12,7,0.5833333333333334,0.6529642
BAZ2B,12,7,0.5833333333333334,0.60607487
LYST,12,7,0.5833333333333334,0.60310453
MUC4,12,7,0.5833333333333334,0.6408903
NDST4,12,7,0.5833333333333334,0.71655375
NUP210L,12,7,0.5833333333333334,0.71570617
OLFML2B,12,7,0.5833333333333334,0.6458147
PAN3,12,7,0.5833333333333334,0.677774
PKD1L2,12,7,0.5833333333333334,0.6061743
PTPRB,12,7,0.5833333333333334,0.7067378
PUM1,12,7,0.5833333333333334,0.69774455
SCAF11,12,7,0.5833333333333334,0.6938788
SETBP1,12,7,0.5833333333333334,0.64860874
SPOCD1,12,7,0.5833333333333334,0.6478887
VPS13A,12,7,0.5833333333333334,0.6284592
XDH,12,7,0.5833333333333334,0.6374629
ZFHX4,12,7,0.5833333333333334,0.7485695
ZNF28,12,7,0.5833333333333334,0.6491596
ATP4A,13,7,0.5384615384615384,0.57611156
CACNA1E,13,7,0.5384615384615384,0.6165409
COL11A2,13,7,0.5384615384615384,0.58259076
COL27A1,13,7,0.5384615384615384,0.61184543
CREBBP,13,7,0.5384615384615384,0.57028
FAM83B,13,7,0.5384615384615384,0.64767337
IGF2BP1,13,7,0.5384615384615384,0.5436636
KIAA2026,13,7,0.5384615384615384,0.5259866
PCDHGB4,13,7,0.5384615384615384,0.66530377
POLA1,13,7,0.5384615384615384,0.57139504
PRSS16,13,7,0.5384615384615384,0.6524383
PTPRH,13,7,0.5384615384615384,0.536682
REV3L,13,7,0.5384615384615384,0.58494735
SYNPO2,13,7,0.5384615384615384,0.6507027
DICER1,14,7,0.5,0.48513612
MYOF,14,7,0.5,0.6066302
PLEKHG4B,14,7,0.5,0.5145151
PTPRS,14,7,0.5,0.56817895
SEMG1,14,7,0.5,0.5744114
TRAPPC8,14,7,0.5,0.6220952
UHRF1BP1,14,7,0.5,0.61712205
ADGRG4,15,7,0.4666666666666667,0.6122981
FAT3,15,7,0.4666666666666667,0.55941814
MYH3,15,7,0.4666666666666667,0.5366569
NUP205,15,7,0.4666666666666667,0.65656745
PALM2AKAP2,15,7,0.4666666666666667,0.5268643
PRKDC,15,7,0.4666666666666667,0.5703971
COL22A1,16,7,0.4375,0.49564993
CUX2,16,7,0.4375,0.43923652
PCDHA3,16,7,0.4375,0.5629032
DPP10,17,7,0.4117647058823529,0.5518412
LRRK1,18,7,0.3888888888888889,0.4252573
MYO10,18,7,0.3888888888888889,0.45263734
CSMD1,19,7,0.3684210526315789,0.40723062
ADAMTS12,20,7,0.35,0.5886087
SPAG17,20,7,0.35,0.56131494
ALX1,6,6,1.0,0.94313115
ATP7A,6,6,1.0,0.90374255
CYP2B6,6,6,1.0,0.9593312
DMXL1,6,6,1.0,0.9376185
E2F7,6,6,1.0,0.95619386
EZH2,6,6,1.0,0.9869233
FBXO31,6,6,1.0,0.98885804
FLACC1,6,6,1.0,0.9739547
GAPVD1,6,6,1.0,0.9241295
GPRC6A,6,6,1.0,0.9872584
GUCY2C,6,6,1.0,0.94422024
MC4R,6,6,1.0,0.94971734
MPEG1,6,6,1.0,0.9255655
NFAT5,6,6,1.0,0.9714005
OAS2,6,6,1.0,0.9668417
OR2M2,6,6,1.0,0.9668267
OR4K15,6,6,1.0,0.96058804
OR9G1,6,6,1.0,0.98990726
PCDHB4,6,6,1.0,0.97513217
PDE7A,6,6,1.0,0.9635155
PIP4K2C,6,6,1.0,0.8835022
PKN2,6,6,1.0,0.9344018
PRSS58,6,6,1.0,0.99142313
RBM14,6,6,1.0,0.9574859
RSPH10B,6,6,1.0,0.9793868
SERPINB12,6,6,1.0,0.9488252
SMCR8,6,6,1.0,0.98535705
SPINK5,6,6,1.0,0.9642107
STAG1,6,6,1.0,0.95420104
TFPI2,6,6,1.0,0.97891575
TMEM106B,6,6,1.0,0.95697325
TMEM131,6,6,1.0,0.90115887
TRIML2,6,6,1.0,0.93350416
TRIP11,6,6,1.0,0.93864745
VWA3B,6,6,1.0,0.93168855
ZBTB38,6,6,1.0,0.96740836
ZNF264,6,6,1.0,0.9902442
ZNF426,6,6,1.0,0.929848
ZNF470,6,6,1.0,0.9689247
ACVRL1,7,6,0.8571428571428571,0.8632044
AGAP3,7,6,0.8571428571428571,0.8199571
AMY2B,7,6,0.8571428571428571,0.87830395
ARHGAP25,7,6,0.8571428571428571,0.8391594
C12orf40,7,6,0.8571428571428571,0.9255814
CACNA1A,7,6,0.8571428571428571,0.82475233
CASK,7,6,0.8571428571428571,0.8014437
CDH4,7,6,0.8571428571428571,0.76736814
CDH7,7,6,0.8571428571428571,0.8877252
CHRM2,7,6,0.8571428571428571,0.88912725
DCAF8L1,7,6,0.8571428571428571,0.78688675
DLG5,7,6,0.8571428571428571,0.8270834
DNAJC13,7,6,0.8571428571428571,0.79539746
DRD1,7,6,0.8571428571428571,0.8854099
ECM2,7,6,0.8571428571428571,0.831355
ENDOD1,7,6,0.8571428571428571,0.8141809
EPHB4,7,6,0.8571428571428571,0.9000348
FAM71B,7,6,0.8571428571428571,0.91428787
FAM81B,7,6,0.8571428571428571,0.85554445
FBXL5,7,6,0.8571428571428571,0.8130802
FSTL4,7,6,0.8571428571428571,0.7926492
GFPT1,7,6,0.8571428571428571,0.81022966
GHRHR,7,6,0.8571428571428571,0.8294686
GNAT3,7,6,0.8571428571428571,0.8354396
GPATCH8,7,6,0.8571428571428571,0.7979363
IL17RD,7,6,0.8571428571428571,0.84098047
IL1RAPL1,7,6,0.8571428571428571,0.8171043
IL21R,7,6,0.8571428571428571,0.8797391
IPO5,7,6,0.8571428571428571,0.83776087
ITPRID1,7,6,0.8571428571428571,0.86268145
KANK1,7,6,0.8571428571428571,0.8352541
KIAA1755,7,6,0.8571428571428571,0.87456405
LIPG,7,6,0.8571428571428571,0.9266652
MPP7,7,6,0.8571428571428571,0.9093289
OR11G2,7,6,0.8571428571428571,0.8356201
OR2T4,7,6,0.8571428571428571,0.81197625
PLEKHG1,7,6,0.8571428571428571,0.85255843
PRAG1,7,6,0.8571428571428571,0.841865
PTPRA,7,6,0.8571428571428571,0.8226762
RLF,7,6,0.8571428571428571,0.816016
SIN3B,7,6,0.8571428571428571,0.94300395
SLC6A15,7,6,0.8571428571428571,0.8949916
SLC6A6,7,6,0.8571428571428571,0.93601483
SMURF1,7,6,0.8571428571428571,0.8399857
ST14,7,6,0.8571428571428571,0.81103414
SVOPL,7,6,0.8571428571428571,0.8434561
SYNRG,7,6,0.8571428571428571,0.8572417
TBC1D2,7,6,0.8571428571428571,0.7841771
THEMIS,7,6,0.8571428571428571,0.8755666
TRIM22,7,6,0.8571428571428571,0.846476
YY1AP1,7,6,0.8571428571428571,0.87818784
ZNF75D,7,6,0.8571428571428571,0.8375296
ZNF91,7,6,0.8571428571428571,0.92076665
ABCC1,8,6,0.75,0.79573035
ABCG4,8,6,0.75,0.7380844
ABLIM3,8,6,0.75,0.89820653
ADAMTS19,8,6,0.75,0.8083075
ADGRE1,8,6,0.75,0.74126744
BACH1,8,6,0.75,0.737905
BOC,8,6,0.75,0.75368583
C12orf50,8,6,0.75,0.83864504
CACNA2D3,8,6,0.75,0.8173854
CADPS,8,6,0.75,0.7576387
CAMSAP2,8,6,0.75,0.7051575
CFAP20DC,8,6,0.75,0.76528215
CHD3,8,6,0.75,0.7131637
CHD6,8,6,0.75,0.77875
CLEC1A,8,6,0.75,0.64431643
COL3A1,8,6,0.75,0.7114836
DAPK1,8,6,0.75,0.74596345
DDR2,8,6,0.75,0.79640216
DDX11,8,6,0.75,0.847954
DLEC1,8,6,0.75,0.7880725
DNAI3,8,6,0.75,0.81505316
DSEL,8,6,0.75,0.77213585
EPG5,8,6,0.75,0.8231468
EPHA1,8,6,0.75,0.7418213
FAM135B,8,6,0.75,0.8461193
FCRL3,8,6,0.75,0.8298503
FSCB,8,6,0.75,0.7699142
GAK,8,6,0.75,0.8236988
GALNT8,8,6,0.75,0.72065514
GRIA1,8,6,0.75,0.77937126
GRIPAP1,8,6,0.75,0.70938355
GUCY2D,8,6,0.75,0.69589347
HYOU1,8,6,0.75,0.74548787
IFI16,8,6,0.75,0.7848504
IGSF3,8,6,0.75,0.76908034
IL12RB2,8,6,0.75,0.7579824
ITGA9,8,6,0.75,0.8090134
KCTD16,8,6,0.75,0.81963104
KDM5A,8,6,0.75,0.82783484
KIAA0319,8,6,0.75,0.72044414
LAMA5,8,6,0.75,0.8769121
LILRB4,8,6,0.75,0.78374684
LUM,8,6,0.75,0.8068341
MADD,8,6,0.75,0.75433636
MFHAS1,8,6,0.75,0.7937007
MGA,8,6,0.75,0.7699411
NPC1L1,8,6,0.75,0.81498367
OR4X2,8,6,0.75,0.73223346
PCDHAC1,8,6,0.75,0.7516308
PDZD2,8,6,0.75,0.8383484
POTEF,8,6,0.75,0.694889
PPP1R26,8,6,0.75,0.72477853
PRKG2,8,6,0.75,0.70126164
PTPRO,8,6,0.75,0.79456013
ROCK1,8,6,0.75,0.84647363
SEMA3E,8,6,0.75,0.7559096
SERPINB4,8,6,0.75,0.8961124
SHROOM4,8,6,0.75,0.7214965
SLC12A2,8,6,0.75,0.69881636
SLC44A5,8,6,0.75,0.75716364
SLC4A5,8,6,0.75,0.7334943
ST3GAL6,8,6,0.75,0.8549398
STAG3,8,6,0.75,0.8059321
SYCP2,8,6,0.75,0.7282152
TDRD9,8,6,0.75,0.7298806
TERT,8,6,0.75,0.7236815
THOC2,8,6,0.75,0.7549262
TIAM1,8,6,0.75,0.82097363
TNFSF14,8,6,0.75,0.78256714
TRPC6,8,6,0.75,0.7373202
TTC37,8,6,0.75,0.8764304
USP29,8,6,0.75,0.8049649
WDR91,8,6,0.75,0.72080576
ZFYVE9,8,6,0.75,0.7379879
ZNF536,8,6,0.75,0.7098207
ZNF81,8,6,0.75,0.69352835
ZNF816,8,6,0.75,0.7564985
ABCC11,9,6,0.6666666666666666,0.6928669
ADGRL2,9,6,0.6666666666666666,0.73163956
AL121899.2,9,6,0.6666666666666666,0.73447067
ATP10A,9,6,0.6666666666666666,0.6796952
BIVM-ERCC5,9,6,0.6666666666666666,0.7499268
BOD1L1,9,6,0.6666666666666666,0.74143475
BRWD1,9,6,0.6666666666666666,0.7013418
CEP112,9,6,0.6666666666666666,0.78228456
CNOT1,9,6,0.6666666666666666,0.76708955
COL1A1,9,6,0.6666666666666666,0.66941535
CORIN,9,6,0.6666666666666666,0.7259639
CP,9,6,0.6666666666666666,0.7028314
CYP4F11,9,6,0.6666666666666666,0.6798966
DOP1A,9,6,0.6666666666666666,0.8326336
EPS8,9,6,0.6666666666666666,0.76842654
FMN1,9,6,0.6666666666666666,0.66204697
FN1,9,6,0.6666666666666666,0.6932709
FSTL5,9,6,0.6666666666666666,0.7418612
GABRB3,9,6,0.6666666666666666,0.7181518
IGF2R,9,6,0.6666666666666666,0.79261935
ITIH1,9,6,0.6666666666666666,0.7580278
KIR3DL3,9,6,0.6666666666666666,0.7350085
LGR5,9,6,0.6666666666666666,0.7373431
LRRK2,9,6,0.6666666666666666,0.781591
LTN1,9,6,0.6666666666666666,0.71336293
MAGI2,9,6,0.6666666666666666,0.6990686
MET,9,6,0.6666666666666666,0.7938554
NOTCH4,9,6,0.6666666666666666,0.71533555
NUP153,9,6,0.6666666666666666,0.6768521
OR2T6,9,6,0.6666666666666666,0.8388985
OTOF,9,6,0.6666666666666666,0.6437622
PCDHA5,9,6,0.6666666666666666,0.7867696
PCDHGA6,9,6,0.6666666666666666,0.7196338
PDE4D,9,6,0.6666666666666666,0.710336
PDHA2,9,6,0.6666666666666666,0.67678154
RAB11FIP1,9,6,0.6666666666666666,0.6849924
REST,9,6,0.6666666666666666,0.666468
SLC5A11,9,6,0.6666666666666666,0.8037926
SLITRK4,9,6,0.6666666666666666,0.66227585
SMARCA4,9,6,0.6666666666666666,0.73319435
SMG8,9,6,0.6666666666666666,0.6997985
SOS2,9,6,0.6666666666666666,0.6296295
TEP1,9,6,0.6666666666666666,0.64607024
TMEM200A,9,6,0.6666666666666666,0.679497
TNFRSF8,9,6,0.6666666666666666,0.6447337
TRPS1,9,6,0.6666666666666666,0.7104416
TUT1,9,6,0.6666666666666666,0.75949776
WASHC4,9,6,0.6666666666666666,0.7006239
ZNF236,9,6,0.6666666666666666,0.72373366
ADAMTS18,10,6,0.6,0.80401677
ANKHD1-EIF4EBP3,10,6,0.6,0.70509183
ANO5,10,6,0.6,0.7301673
APC,10,6,0.6,0.5864736
ARHGAP30,10,6,0.6,0.685656
CATSPERD,10,6,0.6,0.60860574
CCDC105,10,6,0.6,0.6186241
CNTN4,10,6,0.6,0.65454715
CPA4,10,6,0.6,0.6967193
FRMD7,10,6,0.6,0.5845669
GRM1,10,6,0.6,0.7527742
HECW2,10,6,0.6,0.64285874
HIVEP2,10,6,0.6,0.64698493
IGSF10,10,6,0.6,0.7379298
KIF17,10,6,0.6,0.6781711
LAMC1,10,6,0.6,0.61175805
LRP6,10,6,0.6,0.6291722
LRRC7,10,6,0.6,0.70993954
MDC1,10,6,0.6,0.6234525
MYO3B,10,6,0.6,0.70518404
NSD3,10,6,0.6,0.67050457
PCDHA7,10,6,0.6,0.62804973
PCDHB3,10,6,0.6,0.6173374
PCDHGA1,10,6,0.6,0.6693397
PLCXD3,10,6,0.6,0.60303223
PRDM15,10,6,0.6,0.6326987
SCN3A,10,6,0.6,0.6457685
SMC1A,10,6,0.6,0.5713327
SMG1,10,6,0.6,0.6446109
SYNJ2,10,6,0.6,0.5865779
TFAP2D,10,6,0.6,0.7509788
THSD7A,10,6,0.6,0.7244011
TMPRSS15,10,6,0.6,0.6806963
TNN,10,6,0.6,0.6361064
TRANK1,10,6,0.6,0.5805222
TUBA3C,10,6,0.6,0.6459392
USF3,10,6,0.6,0.6489116
ZFC3H1,10,6,0.6,0.69717515
ZNF808,10,6,0.6,0.7979722
ZNF836,10,6,0.6,0.7304565
ABCB11,11,6,0.5454545454545454,0.52858585
ARFGEF1,11,6,0.5454545454545454,0.5993487
ATP2B3,11,6,0.5454545454545454,0.5612566
ATP8B1,11,6,0.5454545454545454,0.64313996
BMP5,11,6,0.5454545454545454,0.67772174
CACNA1F,11,6,0.5454545454545454,0.55617535
CELSR3,11,6,0.5454545454545454,0.56833667
DRD5,11,6,0.5454545454545454,0.62895244
DYSF,11,6,0.5454545454545454,0.61131185
ENTHD1,11,6,0.5454545454545454,0.7167664
ERBB2,11,6,0.5454545454545454,0.6428042
FGA,11,6,0.5454545454545454,0.64688313
GLI1,11,6,0.5454545454545454,0.6030278
HDAC9,11,6,0.5454545454545454,0.6477255
IGF1R,11,6,0.5454545454545454,0.5629162
INTS6L,11,6,0.5454545454545454,0.64857197
ITPR1,11,6,0.5454545454545454,0.6016069
KIDINS220,11,6,0.5454545454545454,0.64152074
MDGA2,11,6,0.5454545454545454,0.5739734
NOTCH2,11,6,0.5454545454545454,0.60622
PCDH7,11,6,0.5454545454545454,0.67344993
PCDHGB3,11,6,0.5454545454545454,0.59761643
PCSK2,11,6,0.5454545454545454,0.62853354
PKDREJ,11,6,0.5454545454545454,0.6768534
PRPF8,11,6,0.5454545454545454,0.6414621
SENP7,11,6,0.5454545454545454,0.65889007
SON,11,6,0.5454545454545454,0.65351176
STAB2,11,6,0.5454545454545454,0.6485722
UBR4,11,6,0.5454545454545454,0.6925642
UGT2A3,11,6,0.5454545454545454,0.63151234
UGT2B28,11,6,0.5454545454545454,0.65939355
USP34,11,6,0.5454545454545454,0.56674945
ZFYVE26,11,6,0.5454545454545454,0.57025474
ZNF804A,11,6,0.5454545454545454,0.5379951
ABCA9,12,6,0.5,0.6914608
ABCC8,12,6,0.5,0.64781827
ADGRD1,12,6,0.5,0.5866956
AHCTF1,12,6,0.5,0.62264746
ALPK3,12,6,0.5,0.6080423
DOCK3,12,6,0.5,0.5558733
FAM47A,12,6,0.5,0.532695
GABRA1,12,6,0.5,0.619968
ITSN1,12,6,0.5,0.5941058
KIF20B,12,6,0.5,0.6053172
KMT2D,12,6,0.5,0.5886776
LRIG3,12,6,0.5,0.6709054
MYH4,12,6,0.5,0.5669313
NBAS,12,6,0.5,0.5749582
NCOR1,12,6,0.5,0.6483368
NRK,12,6,0.5,0.5448139
PRUNE2,12,6,0.5,0.59102803
SLC4A1,12,6,0.5,0.59671336
SV2C,12,6,0.5,0.5795471
SZT2,12,6,0.5,0.5016472
ACACA,13,6,0.46153846153846156,0.5339155
ADAMTS9,13,6,0.46153846153846156,0.5513518
CELSR1,13,6,0.46153846153846156,0.51528746
DMXL2,13,6,0.46153846153846156,0.57865435
DOCK7,13,6,0.46153846153846156,0.565295
GRM4,13,6,0.46153846153846156,0.51431
KCNU1,13,6,0.46153846153846156,0.4435727
MAGEB6,13,6,0.46153846153846156,0.46438712
NOD1,13,6,0.46153846153846156,0.67690057
PCDHA4,13,6,0.46153846153846156,0.5251448
TLL2,13,6,0.46153846153846156,0.601019
TLR6,13,6,0.46153846153846156,0.61951786
TPO,13,6,0.46153846153846156,0.458053
ABCA4,14,6,0.42857142857142855,0.5766904
COL4A2,14,6,0.42857142857142855,0.46451095
MAGEC1,14,6,0.42857142857142855,0.52168983
MRC1,14,6,0.42857142857142855,0.47805136
MYLK,14,6,0.42857142857142855,0.5420486
PTPRF,14,6,0.42857142857142855,0.5259577
UMODL1,14,6,0.42857142857142855,0.5253317
LRRIQ1,15,6,0.4,0.50286716
OTOA,15,6,0.4,0.56792533
SYT16,15,6,0.4,0.44613045
TRHDE,15,6,0.4,0.46647465
ANO2,16,6,0.375,0.5251875
PCDH11X,16,6,0.375,0.39406464
EPHB1,17,6,0.35294117647058826,0.5974333
NPAP1,17,6,0.35294117647058826,0.48192775
FRYL,18,6,0.3333333333333333,0.518706
ITGAM,20,6,0.3,0.4293533
PLEC,21,6,0.2857142857142857,0.29735065
RIMBP2,22,6,0.2727272727272727,0.34182385
AADACL2,5,5,1.0,0.9103204
ABCA10,5,5,1.0,0.97101486
AC073310.1,5,5,1.0,0.97733337
ACP7,5,5,1.0,0.9703205
ADGRA3,5,5,1.0,0.96636474
ANKRD55,5,5,1.0,0.92392033
ATP6V1C2,5,5,1.0,0.9212101
AZGP1,5,5,1.0,0.9903086
BCAS1,5,5,1.0,0.8952983
CAST,5,5,1.0,0.9385251
CCNT2,5,5,1.0,0.9497107
CLDN25,5,5,1.0,0.94323313
CPVL,5,5,1.0,0.9312789
DDC,5,5,1.0,0.98791295
DDI1,5,5,1.0,0.98279154
DES,5,5,1.0,0.91607463
DLGAP4,5,5,1.0,0.9427484
DMP1,5,5,1.0,0.9698903
EEF2,5,5,1.0,0.98518354
EVA1A,5,5,1.0,0.9274117
FAP,5,5,1.0,0.9458591
FMO3,5,5,1.0,0.98480856
FUT5,5,5,1.0,0.9674598
FUT6,5,5,1.0,0.9912694
GCM1,5,5,1.0,0.9500901
GPR37,5,5,1.0,0.98401815
HEMGN,5,5,1.0,0.95826226
HOXA6,5,5,1.0,0.9578579
HTT,5,5,1.0,0.98860323
IKZF3,5,5,1.0,0.9514661
IL36A,5,5,1.0,0.92044115
INHBA,5,5,1.0,0.9842781
IPO11,5,5,1.0,0.9774041
KARS1,5,5,1.0,0.9886487
KCNK10,5,5,1.0,0.8916871
KCNN2,5,5,1.0,0.98868436
KCNS2,5,5,1.0,0.98442876
MMP3,5,5,1.0,0.9629073
MMUT,5,5,1.0,0.9813827
MORF4L2,5,5,1.0,0.92495024
NCOA1,5,5,1.0,0.948672
NCOA2,5,5,1.0,0.96103776
NOM1,5,5,1.0,0.91644126
NSUN7,5,5,1.0,0.95840454
OCIAD1,5,5,1.0,0.9315637
OR2A12,5,5,1.0,0.9566143
OR2A25,5,5,1.0,0.97802097
OR4L1,5,5,1.0,0.9436906
OR4M1,5,5,1.0,0.9425662
OR7A10,5,5,1.0,0.98573303
OR8H2,5,5,1.0,0.92661035
PDLIM5,5,5,1.0,0.9174875
PDXDC1,5,5,1.0,0.9466773
PIGO,5,5,1.0,0.92962587
PIWIL2,5,5,1.0,0.9340118
PSG1,5,5,1.0,0.9300826
PTPRN,5,5,1.0,0.9017352
RIOX2,5,5,1.0,0.9678857
RTN1,5,5,1.0,0.96798813
SAMD12,5,5,1.0,0.8819038
SERPINB5,5,5,1.0,0.94111407
SESN3,5,5,1.0,0.96228564
SGMS2,5,5,1.0,0.9642582
SLC30A3,5,5,1.0,0.96710014
SLC4A7,5,5,1.0,0.9532423
SLC6A16,5,5,1.0,0.9762311
SNAP47,5,5,1.0,0.9453756
SPTY2D1,5,5,1.0,0.96517766
TBX4,5,5,1.0,0.95740306
TBXAS1,5,5,1.0,0.9865947
TOGARAM1,5,5,1.0,0.9412217
TP53BP1,5,5,1.0,0.9309727
TRAK2,5,5,1.0,0.9629881
TRIP12,5,5,1.0,0.9370863
TTLL2,5,5,1.0,0.95649415
UNC13B,5,5,1.0,0.96003497
USP19,5,5,1.0,0.9694908
WLS,5,5,1.0,0.96055824
WWC1,5,5,1.0,0.9459859
ZNF354A,5,5,1.0,0.98809737
ZNF479,5,5,1.0,0.97699976
ZNF606,5,5,1.0,0.9872263
ZNF782,5,5,1.0,0.98963565
ABCD3,6,5,0.8333333333333334,0.81645125
AC024940.1,6,5,0.8333333333333334,0.8183611
ACE2,6,5,0.8333333333333334,0.81463337
ADGRE2,6,5,0.8333333333333334,0.8929221
ALDH6A1,6,5,0.8333333333333334,0.7519432
ARFGEF2,6,5,0.8333333333333334,0.79576665
CAPRIN2,6,5,0.8333333333333334,0.8184883
CDC42BPA,6,5,0.8333333333333334,0.8038127
CDH12,6,5,0.8333333333333334,0.9118299
CENPI,6,5,0.8333333333333334,0.87332636
CFAP52,6,5,0.8333333333333334,0.81329805
CLCN7,6,5,0.8333333333333334,0.825141
COL4A4,6,5,0.8333333333333334,0.8774617
CRYBG3,6,5,0.8333333333333334,0.88057536
CTNNA2,6,5,0.8333333333333334,0.9009636
CWH43,6,5,0.8333333333333334,0.8364353
CYP4A22,6,5,0.8333333333333334,0.814938
DGKI,6,5,0.8333333333333334,0.8270743
DHX32,6,5,0.8333333333333334,0.8122668
DPH2,6,5,0.8333333333333334,0.86530775
ECT2L,6,5,0.8333333333333334,0.8051064
EDIL3,6,5,0.8333333333333334,0.76780003
EGFLAM,6,5,0.8333333333333334,0.85971004
ESF1,6,5,0.8333333333333334,0.804521
FAM126A,6,5,0.8333333333333334,0.8885011
FAM234B,6,5,0.8333333333333334,0.8856549
FAM98A,6,5,0.8333333333333334,0.78842014
FBXW10,6,5,0.8333333333333334,0.8596695
FGD6,6,5,0.8333333333333334,0.90006906
FIP1L1,6,5,0.8333333333333334,0.8447984
GABBR1,6,5,0.8333333333333334,0.9021785
GARNL3,6,5,0.8333333333333334,0.8779482
GCC1,6,5,0.8333333333333334,0.8348934
GLRA3,6,5,0.8333333333333334,0.8712628
GLS,6,5,0.8333333333333334,0.7914157
GOLGA6A,6,5,0.8333333333333334,0.820199
GRIK2,6,5,0.8333333333333334,0.7926156
HHIP,6,5,0.8333333333333334,0.8089821
HPSE2,6,5,0.8333333333333334,0.91230536
IRGC,6,5,0.8333333333333334,0.82039934
KCNJ15,6,5,0.8333333333333334,0.75723886
KDM4D,6,5,0.8333333333333334,0.8558302
KIF18A,6,5,0.8333333333333334,0.90708447
KIF27,6,5,0.8333333333333334,0.8350522
KIR3DL1,6,5,0.8333333333333334,0.8995943
L3MBTL1,6,5,0.8333333333333334,0.80834484
LAMP2,6,5,0.8333333333333334,0.86927825
LANCL2,6,5,0.8333333333333334,0.8241663
LPAR3,6,5,0.8333333333333334,0.80818266
LRWD1,6,5,0.8333333333333334,0.91307265
LUZP1,6,5,0.8333333333333334,0.8997018
LVRN,6,5,0.8333333333333334,0.77719
MAGI1,6,5,0.8333333333333334,0.8524472
MANEA,6,5,0.8333333333333334,0.77121085
MAPK8IP1,6,5,0.8333333333333334,0.872333
MFSD9,6,5,0.8333333333333334,0.8803337
MGAT4C,6,5,0.8333333333333334,0.8924869
MKRN3,6,5,0.8333333333333334,0.8468015
MPP3,6,5,0.8333333333333334,0.9037759
MROH9,6,5,0.8333333333333334,0.75691384
N4BP2L2,6,5,0.8333333333333334,0.8011257
NAA11,6,5,0.8333333333333334,0.87844634
NEDD4L,6,5,0.8333333333333334,0.7659521
NEXN,6,5,0.8333333333333334,0.91834086
NFASC,6,5,0.8333333333333334,0.8951361
NIBAN2,6,5,0.8333333333333334,0.8558922
NLGN1,6,5,0.8333333333333334,0.9078626
NPAS2,6,5,0.8333333333333334,0.8951742
NPHP1,6,5,0.8333333333333334,0.898854
NR1H4,6,5,0.8333333333333334,0.7805112
NSMAF,6,5,0.8333333333333334,0.9191012
NXPE3,6,5,0.8333333333333334,0.8256917
OPN1SW,6,5,0.8333333333333334,0.87358826
OR1N1,6,5,0.8333333333333334,0.8945759
OR2W5,6,5,0.8333333333333334,0.7455845
OR3A4P,6,5,0.8333333333333334,0.87335175
OR51E2,6,5,0.8333333333333334,0.89748925
OR7A17,6,5,0.8333333333333334,0.7955706
PARP12,6,5,0.8333333333333334,0.78902483
PCDHB12,6,5,0.8333333333333334,0.88572055
PCDHGA9,6,5,0.8333333333333334,0.9102845
PHKA2,6,5,0.8333333333333334,0.8286813
PIK3C2B,6,5,0.8333333333333334,0.80817634
PODNL1,6,5,0.8333333333333334,0.7859385
POTEE,6,5,0.8333333333333334,0.81950694
PPARGC1B,6,5,0.8333333333333334,0.81423277
PPP1R16B,6,5,0.8333333333333334,0.8962717
PRAMEF20,6,5,0.8333333333333334,0.8881143
PRKCE,6,5,0.8333333333333334,0.87103033
PTGER4,6,5,0.8333333333333334,0.82542676
PTPRR,6,5,0.8333333333333334,0.74315166
RBM12B,6,5,0.8333333333333334,0.81687474
REN,6,5,0.8333333333333334,0.81623316
RERE,6,5,0.8333333333333334,0.7931034
RPL5,6,5,0.8333333333333334,0.85909253
SEC23B,6,5,0.8333333333333334,0.8537803
SEL1L2,6,5,0.8333333333333334,0.8460717
SHKBP1,6,5,0.8333333333333334,0.7977863
SPAG5,6,5,0.8333333333333334,0.837409
SPHKAP,6,5,0.8333333333333334,0.8538558
SRSF11,6,5,0.8333333333333334,0.89243037
ST8SIA3,6,5,0.8333333333333334,0.8171522
STXBP5,6,5,0.8333333333333334,0.8695609
TET1,6,5,0.8333333333333334,0.79000336
TEX13B,6,5,0.8333333333333334,0.7929037
TFEC,6,5,0.8333333333333334,0.8867187
TIE1,6,5,0.8333333333333334,0.81482553
TIPARP,6,5,0.8333333333333334,0.80221003
TLR10,6,5,0.8333333333333334,0.9010508
TMCO4,6,5,0.8333333333333334,0.83738303
TMCO5A,6,5,0.8333333333333334,0.8663636
TMEM241,6,5,0.8333333333333334,0.88634735
TRIM49,6,5,0.8333333333333334,0.8233163
TRIM58,6,5,0.8333333333333334,0.8397568
TRIM6,6,5,0.8333333333333334,0.81568164
TTC30B,6,5,0.8333333333333334,0.77166444
TXNDC2,6,5,0.8333333333333334,0.8222708
UGT1A5,6,5,0.8333333333333334,0.79347736
UMOD,6,5,0.8333333333333334,0.79693365
USP53,6,5,0.8333333333333334,0.83452934
VIPR2,6,5,0.8333333333333334,0.7928806
VLDLR,6,5,0.8333333333333334,0.834528
ZBTB41,6,5,0.8333333333333334,0.8216931
ZNF106,6,5,0.8333333333333334,0.80398065
ZNF507,6,5,0.8333333333333334,0.92286116
ABI2,7,5,0.7142857142857143,0.7968356
AL645922.1,7,5,0.7142857142857143,0.6586404
ANGPT4,7,5,0.7142857142857143,0.85610884
ARHGAP44,7,5,0.7142857142857143,0.73498344
ARSD,7,5,0.7142857142857143,0.7030447
BTBD11,7,5,0.7142857142857143,0.75115997
CARMIL1,7,5,0.7142857142857143,0.73021567
CCDC146,7,5,0.7142857142857143,0.81580174
CCDC87,7,5,0.7142857142857143,0.6927919
CDHR2,7,5,0.7142857142857143,0.8239871
CHEK1,7,5,0.7142857142857143,0.7728771
COG5,7,5,0.7142857142857143,0.8215413
CRTAC1,7,5,0.7142857142857143,0.69221973
DHX16,7,5,0.7142857142857143,0.69846517
DMBT1,7,5,0.7142857142857143,0.7686738
DNAAF1,7,5,0.7142857142857143,0.7549113
ELN,7,5,0.7142857142857143,0.67266285
ENPP7,7,5,0.7142857142857143,0.7787047
EPB41L2,7,5,0.7142857142857143,0.8592294
EPB41L4B,7,5,0.7142857142857143,0.71340096
EXOC8,7,5,0.7142857142857143,0.6849828
FAM193A,7,5,0.7142857142857143,0.71106416
FOXP2,7,5,0.7142857142857143,0.79371697
GFPT2,7,5,0.7142857142857143,0.69499975
GGN,7,5,0.7142857142857143,0.69193286
GIMAP7,7,5,0.7142857142857143,0.7290322
HFM1,7,5,0.7142857142857143,0.7162668
HTR5A,7,5,0.7142857142857143,0.79233646
IGSF1,7,5,0.7142857142857143,0.6985633
ITGA10,7,5,0.7142857142857143,0.749088
ITGB6,7,5,0.7142857142857143,0.7534005
KHDRBS2,7,5,0.7142857142857143,0.79143935
KIF5A,7,5,0.7142857142857143,0.730683
KRT34,7,5,0.7142857142857143,0.8434749
LRRC32,7,5,0.7142857142857143,0.6717448
MACC1,7,5,0.7142857142857143,0.72139746
MAST2,7,5,0.7142857142857143,0.734382
MCTP1,7,5,0.7142857142857143,0.7086187
MICAL3,7,5,0.7142857142857143,0.72733456
MTMR11,7,5,0.7142857142857143,0.78713524
NFX1,7,5,0.7142857142857143,0.72251934
NOBOX,7,5,0.7142857142857143,0.8412223
NRP1,7,5,0.7142857142857143,0.78707224
OR2T3,7,5,0.7142857142857143,0.6710393
OR4D10,7,5,0.7142857142857143,0.7416461
OR51F1,7,5,0.7142857142857143,0.76842624
OR5H1,7,5,0.7142857142857143,0.8425288
OR7G2,7,5,0.7142857142857143,0.7120972
PABPC1L,7,5,0.7142857142857143,0.7060808
PGR,7,5,0.7142857142857143,0.7604984
PHIP,7,5,0.7142857142857143,0.7743534
PLCG1,7,5,0.7142857142857143,0.8693992
PRAMEF2,7,5,0.7142857142857143,0.8258687
PSG5,7,5,0.7142857142857143,0.80324143
PSG6,7,5,0.7142857142857143,0.7805711
PTK2B,7,5,0.7142857142857143,0.8958066
RBP3,7,5,0.7142857142857143,0.7409392
RUSC1,7,5,0.7142857142857143,0.7104036
SH3D19,7,5,0.7142857142857143,0.7678743
SLC17A7,7,5,0.7142857142857143,0.6945409
SLC6A4,7,5,0.7142857142857143,0.6940526
SLCO1B1,7,5,0.7142857142857143,0.6989462
TCF20,7,5,0.7142857142857143,0.81080484
TNFSF11,7,5,0.7142857142857143,0.70695037
TNRC6A,7,5,0.7142857142857143,0.6649489
TRIM51,7,5,0.7142857142857143,0.8489846
TSC1,7,5,0.7142857142857143,0.7676708
TSPOAP1,7,5,0.7142857142857143,0.78292495
TTC3,7,5,0.7142857142857143,0.75384194
WASHC2C,7,5,0.7142857142857143,0.7769247
ZBED9,7,5,0.7142857142857143,0.7509756
ZEB2,7,5,0.7142857142857143,0.7795091
ZFAT,7,5,0.7142857142857143,0.7609078
ZNF140,7,5,0.7142857142857143,0.8343573
ZNF492,7,5,0.7142857142857143,0.6998744
ZNF776,7,5,0.7142857142857143,0.7519256
ABCA12,8,5,0.625,0.6115227
ACSM4,8,5,0.625,0.6446817
ACTRT1,8,5,0.625,0.62397146
ADCY9,8,5,0.625,0.66324425
AK7,8,5,0.625,0.7924932
ALPK1,8,5,0.625,0.7709225
ANKS1B,8,5,0.625,0.6284564
AQP10,8,5,0.625,0.75887865
ATP12A,8,5,0.625,0.6094749
BIN1,8,5,0.625,0.5735063
BTAF1,8,5,0.625,0.59234154
CANX,8,5,0.625,0.7353282
CCDC8,8,5,0.625,0.6152219
CCN4,8,5,0.625,0.66270316
CD22,8,5,0.625,0.76536095
CEP250,8,5,0.625,0.6018695
COL6A1,8,5,0.625,0.63345486
CREB3L3,8,5,0.625,0.75130165
DNAAF5,8,5,0.625,0.5929685
DNM2,8,5,0.625,0.6740267
EGR1,8,5,0.625,0.69780546
EML2,8,5,0.625,0.6173367
EPHA5,8,5,0.625,0.7338629
FAM124A,8,5,0.625,0.6247364
FIGN,8,5,0.625,0.64060616
GABRA5,8,5,0.625,0.67157555
IGFN1,8,5,0.625,0.7315164
INPP4B,8,5,0.625,0.6711076
JAK2,8,5,0.625,0.68023354
KAT14,8,5,0.625,0.7657817
LAMB3,8,5,0.625,0.7100091
LCOR,8,5,0.625,0.66543865
LILRA2,8,5,0.625,0.7147047
LILRB5,8,5,0.625,0.7302697
LMTK2,8,5,0.625,0.64797384
MCOLN3,8,5,0.625,0.58784246
MYOM1,8,5,0.625,0.691025
N4BP2,8,5,0.625,0.66842043
OSBPL8,8,5,0.625,0.74991345
PAPPA,8,5,0.625,0.7806115
PATJ,8,5,0.625,0.62510115
PGAP4,8,5,0.625,0.6797357
PHF20,8,5,0.625,0.6924259
PRX,8,5,0.625,0.671046
PSG7,8,5,0.625,0.81594443
RGS22,8,5,0.625,0.7526609
SLC24A3,8,5,0.625,0.73324203
SLFN11,8,5,0.625,0.7477151
SPTAN1,8,5,0.625,0.83755124
SRRM4,8,5,0.625,0.76601285
ST18,8,5,0.625,0.6878731
STARD13,8,5,0.625,0.62876886
TEK,8,5,0.625,0.7969588
TRPM7,8,5,0.625,0.617391
TSGA10,8,5,0.625,0.66393554
ULK2,8,5,0.625,0.63790536
UTP20,8,5,0.625,0.6613202
WNK1,8,5,0.625,0.7305621
A2M,9,5,0.5555555555555556,0.56858313
ABCA5,9,5,0.5555555555555556,0.6067786
ABCG2,9,5,0.5555555555555556,0.64846295
ALMS1,9,5,0.5555555555555556,0.6274191
AP000769.3,9,5,0.5555555555555556,0.5334224
ARHGAP28,9,5,0.5555555555555556,0.72072214
ATP8A1,9,5,0.5555555555555556,0.5308562
BCAR3,9,5,0.5555555555555556,0.6008804
BCORL1,9,5,0.5555555555555556,0.5787682
BTNL8,9,5,0.5555555555555556,0.7044086
CCER1,9,5,0.5555555555555556,0.64344233
CRB1,9,5,0.5555555555555556,0.5636779
CTTNBP2,9,5,0.5555555555555556,0.6674663
CYLC2,9,5,0.5555555555555556,0.57079947
CYP4F3,9,5,0.5555555555555556,0.64098394
FANCM,9,5,0.5555555555555556,0.6756638
GABBR2,9,5,0.5555555555555556,0.6350558
GCNA,9,5,0.5555555555555556,0.5250719
GHSR,9,5,0.5555555555555556,0.6026842
HIVEP3,9,5,0.5555555555555556,0.6644263
IL5RA,9,5,0.5555555555555556,0.5552741
IRF6,9,5,0.5555555555555556,0.63004243
ITGAX,9,5,0.5555555555555556,0.5989412
KIAA0100,9,5,0.5555555555555556,0.66716444
MAP1A,9,5,0.5555555555555556,0.7176839
MBD1,9,5,0.5555555555555556,0.6968255
MIB1,9,5,0.5555555555555556,0.60043025
MOCS1,9,5,0.5555555555555556,0.5962781
MTOR,9,5,0.5555555555555556,0.6469315
NPY5R,9,5,0.5555555555555556,0.6369118
NSD1,9,5,0.5555555555555556,0.62496305
NUP98,9,5,0.5555555555555556,0.7018618
OR13C8,9,5,0.5555555555555556,0.64471686
PCDHB9,9,5,0.5555555555555556,0.62477916
PCDHGB1,9,5,0.5555555555555556,0.61690295
PHEX,9,5,0.5555555555555556,0.5110862
PSD4,9,5,0.5555555555555556,0.6637516
PTPN13,9,5,0.5555555555555556,0.6595232
RAPGEF2,9,5,0.5555555555555556,0.6871829
RB1CC1,9,5,0.5555555555555556,0.67536867
RTL5,9,5,0.5555555555555556,0.54620343
SHANK2,9,5,0.5555555555555556,0.5678979
SLC4A10,9,5,0.5555555555555556,0.5610316
SLCO4C1,9,5,0.5555555555555556,0.62363887
SLFN13,9,5,0.5555555555555556,0.63476944
SULT1B1,9,5,0.5555555555555556,0.70548797
SYCP1,9,5,0.5555555555555556,0.59643126
TMPRSS6,9,5,0.5555555555555556,0.54610556
TNS3,9,5,0.5555555555555556,0.7846325
TRIM71,9,5,0.5555555555555556,0.5922643
TRPV2,9,5,0.5555555555555556,0.59333944
ZNF10,9,5,0.5555555555555556,0.65043694
ZNF184,9,5,0.5555555555555556,0.6024991
ZZEF1,9,5,0.5555555555555556,0.68838
ARID1A,10,5,0.5,0.5536279
CFH,10,5,0.5,0.59273356
DBH,10,5,0.5,0.5364397
DCAF12L1,10,5,0.5,0.51110554
DOCK6,10,5,0.5,0.51141346
DSC3,10,5,0.5,0.55858654
DYNC2H1,10,5,0.5,0.48146376
GNPTAB,10,5,0.5,0.61610365
IARS1,10,5,0.5,0.61185056
JARID2,10,5,0.5,0.590021
LRRC55,10,5,0.5,0.66074574
LTBP4,10,5,0.5,0.45893073
MYBPC1,10,5,0.5,0.55446666
MYH15,10,5,0.5,0.587139
NFATC2,10,5,0.5,0.57717836
OR2W3,10,5,0.5,0.52004325
PLXNA2,10,5,0.5,0.56170386
RNF213,10,5,0.5,0.65599406
RREB1,10,5,0.5,0.52482265
SCN11A,10,5,0.5,0.5861651
SLC12A5,10,5,0.5,0.6758103
SPTB,10,5,0.5,0.7197782
SUPT6H,10,5,0.5,0.61503774
TNFRSF11A,10,5,0.5,0.6354116
TNIK,10,5,0.5,0.56550115
TP63,10,5,0.5,0.5720224
TUBB4A,10,5,0.5,0.54986197
USP26,10,5,0.5,0.56076556
ZNF804B,10,5,0.5,0.63694113
ADAMTS20,11,5,0.45454545454545453,0.44199973
ADCY5,11,5,0.45454545454545453,0.5505395
ANKRD30A,11,5,0.45454545454545453,0.5062408
ATP9B,11,5,0.45454545454545453,0.5156413
CACNG3,11,5,0.45454545454545453,0.69013536
DNAH1,11,5,0.45454545454545453,0.4870677
EP300,11,5,0.45454545454545453,0.606099
EPHB2,11,5,0.45454545454545453,0.59220403
EVPL,11,5,0.45454545454545453,0.5539765
FRY,11,5,0.45454545454545453,0.5864516
GAS2L2,11,5,0.45454545454545453,0.5048506
GRIA3,11,5,0.45454545454545453,0.4581319
IL12RB1,11,5,0.45454545454545453,0.47958705
ITGB2,11,5,0.45454545454545453,0.5667407
ITIH5,11,5,0.45454545454545453,0.54629993
KCNB2,11,5,0.45454545454545453,0.61401576
LAMB1,11,5,0.45454545454545453,0.61756647
MATN4,11,5,0.45454545454545453,0.57547724
PKP2,11,5,0.45454545454545453,0.6430282
SPEF2,11,5,0.45454545454545453,0.55668473
SPEN,11,5,0.45454545454545453,0.6024409
TIAM2,11,5,0.45454545454545453,0.5009126
TKTL2,11,5,0.45454545454545453,0.58266425
TRPA1,11,5,0.45454545454545453,0.6121213
ATP8A2,12,5,0.4166666666666667,0.5269962
ATP8B4,12,5,0.4166666666666667,0.6040171
CARMIL2,12,5,0.4166666666666667,0.5113829
CCDC60,12,5,0.4166666666666667,0.49929705
CNTNAP5,12,5,0.4166666666666667,0.5241461
IL4R,12,5,0.4166666666666667,0.57325566
TRPC7,12,5,0.4166666666666667,0.4818213
ADAMTS3,13,5,0.38461538461538464,0.55765224
CAD,13,5,0.38461538461538464,0.44988725
DSG3,13,5,0.38461538461538464,0.56620705
GPR179,13,5,0.38461538461538464,0.47438636
MEGF8,13,5,0.38461538461538464,0.36827654
AFF2,14,5,0.35714285714285715,0.4084056
CD163,14,5,0.35714285714285715,0.55833435
DCC,14,5,0.35714285714285715,0.5100053
EPHA10,14,5,0.35714285714285715,0.46054512
EPPK1,14,5,0.35714285714285715,0.4497821
PCDHA2,14,5,0.35714285714285715,0.5062107
STYXL2,14,5,0.35714285714285715,0.45139283
ACACB,15,5,0.3333333333333333,0.5485486
SLCO5A1,15,5,0.3333333333333333,0.4592489
FBLN2,16,5,0.3125,0.34097865
LZTR1,16,5,0.3125,0.37996554
CSMD2,17,5,0.29411764705882354,0.352765
UNC79,17,5,0.29411764705882354,0.44360667
AASDH,4,4,1.0,0.962541
ACIN1,4,4,1.0,0.9499118
ADAM20,4,4,1.0,0.9414108
ADAM30,4,4,1.0,0.9444119
AGAP1,4,4,1.0,0.9784782
AGO2,4,4,1.0,0.89646924
AKR1B10,4,4,1.0,0.98564065
AMMECR1L,4,4,1.0,0.93886936
AMY2A,4,4,1.0,0.9886065
ANKFN1,4,4,1.0,0.97615165
AP4E1,4,4,1.0,0.9458612
ARHGAP10,4,4,1.0,0.94623786
ARHGEF15,4,4,1.0,0.9810007
ARHGEF35,4,4,1.0,0.9895985
ATP2B2,4,4,1.0,0.9548454
B3GNT2,4,4,1.0,0.9190551
BIN2,4,4,1.0,0.9490877
BPIFB3,4,4,1.0,0.98436767
C8B,4,4,1.0,0.96777403
CASP2,4,4,1.0,0.92226994
CCDC138,4,4,1.0,0.98317057
CCDC59,4,4,1.0,0.94379026
CCDC96,4,4,1.0,0.96629965
CCL24,4,4,1.0,0.95286334
CEACAM18,4,4,1.0,0.9777576
CEACAM5,4,4,1.0,0.9506933
CEBPZ,4,4,1.0,0.9279255
CHAMP1,4,4,1.0,0.9762396
CKAP5,4,4,1.0,0.9191831
CLEC4M,4,4,1.0,0.958362
CNTD1,4,4,1.0,0.9471681
COPB2,4,4,1.0,0.9860928
CPN1,4,4,1.0,0.9754682
CRHR2,4,4,1.0,0.933385
CTR9,4,4,1.0,0.91351855
CYP2C9,4,4,1.0,0.95845383
CYP3A4,4,4,1.0,0.9764393
DDX56,4,4,1.0,0.9875026
DLGAP1,4,4,1.0,0.9743458
DMKN,4,4,1.0,0.9597215
DOCK9,4,4,1.0,0.96683514
DPYSL5,4,4,1.0,0.9235486
DRC1,4,4,1.0,0.9579359
EIF2AK4,4,4,1.0,0.94816935
ELP1,4,4,1.0,0.9329187
ELP4,4,4,1.0,0.9689678
EMB,4,4,1.0,0.94862986
EPYC,4,4,1.0,0.95435977
ERCC3,4,4,1.0,0.93254167
ERMN,4,4,1.0,0.9637314
ETFDH,4,4,1.0,0.90313005
F10,4,4,1.0,0.96593976
FABP5P3,4,4,1.0,0.93715423
FAM13B,4,4,1.0,0.8664154
FAM187B,4,4,1.0,0.9662658
FBP1,4,4,1.0,0.9372399
FFAR3,4,4,1.0,0.9881843
FGB,4,4,1.0,0.9003518
FRG2C,4,4,1.0,0.93012154
FXR2,4,4,1.0,0.96348935
GBX1,4,4,1.0,0.9790621
GCSAML,4,4,1.0,0.9169356
GRB10,4,4,1.0,0.99077415
GRK4,4,4,1.0,0.9601644
H2BC1,4,4,1.0,0.9749406
HEATR4,4,4,1.0,0.9488635
HEPACAM2,4,4,1.0,0.9754224
HMGCR,4,4,1.0,0.9435004
HPS6,4,4,1.0,0.99006766
HSPH1,4,4,1.0,0.95321393
IGHV1OR21-1,4,4,1.0,0.975602
IGHV3-21,4,4,1.0,0.89157236
IGKV1D-16,4,4,1.0,0.97615063
ING3,4,4,1.0,0.99139893
JAKMIP2,4,4,1.0,0.9454695
KATNIP,4,4,1.0,0.92834014
KBTBD2,4,4,1.0,0.9679372
KCNA1,4,4,1.0,0.9613591
KCNA7,4,4,1.0,0.92215765
KDM4C,4,4,1.0,0.98814243
KLHL15,4,4,1.0,0.84001565
KRT222,4,4,1.0,0.97472733
LBP,4,4,1.0,0.96200204
LDB3,4,4,1.0,0.990284
LILRA1,4,4,1.0,0.98498416
LIPI,4,4,1.0,0.98183936
LRCH4,4,4,1.0,0.9729258
LRRC37A3,4,4,1.0,0.97728455
MAGEA4,4,4,1.0,0.9738607
MAGEA6,4,4,1.0,0.985414
MARCO,4,4,1.0,0.9509265
MCHR2,4,4,1.0,0.975214
MCM8,4,4,1.0,0.9418833
MEPCE,4,4,1.0,0.98594785
MKRN1,4,4,1.0,0.9617422
MOGS,4,4,1.0,0.89987445
MPDZ,4,4,1.0,0.944918
MVP,4,4,1.0,0.9464242
NAALADL2,4,4,1.0,0.9806401
NBPF25P,4,4,1.0,0.98676884
NDST3,4,4,1.0,0.9598258
NES,4,4,1.0,0.99054074
NFE2L3,4,4,1.0,0.9872289
NLGN4X,4,4,1.0,0.9398944
NME7,4,4,1.0,0.92953247
NPR3,4,4,1.0,0.97837114
NPRL2,4,4,1.0,0.9492239
NTF3,4,4,1.0,0.95883995
OCIAD2,4,4,1.0,0.9852945
OR10R2,4,4,1.0,0.9167677
OR10S1,4,4,1.0,0.97756505
OR2L13,4,4,1.0,0.92170966
OR51E1,4,4,1.0,0.93141496
OTULIN,4,4,1.0,0.9889968
PALB2,4,4,1.0,0.95300853
PAPOLA,4,4,1.0,0.91887766
PBXIP1,4,4,1.0,0.98221534
PCDH12,4,4,1.0,0.98641956
PCDHA6,4,4,1.0,0.97343934
PCSK1,4,4,1.0,0.97895026
PDYN,4,4,1.0,0.9461618
PEX5L,4,4,1.0,0.9208783
PJA2,4,4,1.0,0.9035238
PLAGL1,4,4,1.0,0.9253261
PLEKHA5,4,4,1.0,0.89731103
PLK4,4,4,1.0,0.9434551
POGLUT3,4,4,1.0,0.94331366
POLR3A,4,4,1.0,0.9389446
POTEH,4,4,1.0,0.95360315
PRKD1,4,4,1.0,0.92316693
PRKRA,4,4,1.0,0.9477122
PRPS1L1,4,4,1.0,0.9732574
PSD2,4,4,1.0,0.95652336
RAB11FIP5,4,4,1.0,0.9805746
RABEP2,4,4,1.0,0.98605174
RBAK,4,4,1.0,0.98892194
RBL1,4,4,1.0,0.97109544
RECK,4,4,1.0,0.8397219
RERGL,4,4,1.0,0.9830234
RFC2,4,4,1.0,0.90270317
RGPD1,4,4,1.0,0.979463
RIPOR1,4,4,1.0,0.94220066
RRBP1,4,4,1.0,0.96735835
RTN4,4,4,1.0,0.96022224
RUFY3,4,4,1.0,0.9309515
SART3,4,4,1.0,0.9769999
SCN2A,4,4,1.0,0.9642434
SEMA3A,4,4,1.0,0.99109846
SIDT1,4,4,1.0,0.9907637
SLC13A4,4,4,1.0,0.96391094
SLC25A3,4,4,1.0,0.95638263
SLC28A3,4,4,1.0,0.946567
SLC37A3,4,4,1.0,0.9662622
SMARCAD1,4,4,1.0,0.93933403
SMR3B,4,4,1.0,0.9695652
SND1,4,4,1.0,0.97746456
SNX11,4,4,1.0,0.8717599
SPATA17,4,4,1.0,0.9820333
SSC4D,4,4,1.0,0.94275755
SSH2,4,4,1.0,0.9356868
STEAP1,4,4,1.0,0.991471
STIM1,4,4,1.0,0.97387993
STKLD1,4,4,1.0,0.9754869
STMN4,4,4,1.0,0.97274065
STYK1,4,4,1.0,0.9091989
SUGCT,4,4,1.0,0.9483021
SUPT20H,4,4,1.0,0.95986265
TAF1B,4,4,1.0,0.9791448
TAF4,4,4,1.0,0.98422354
TBC1D31,4,4,1.0,0.92828244
TBCD,4,4,1.0,0.9452633
TGM4,4,4,1.0,0.92213213
TKFC,4,4,1.0,0.9811958
TKT,4,4,1.0,0.9819108
TLE2,4,4,1.0,0.9867593
TMEM130,4,4,1.0,0.98233175
TMEM67,4,4,1.0,0.98631364
TMEM74,4,4,1.0,0.9712336
TNPO3,4,4,1.0,0.9803153
TRAF3IP1,4,4,1.0,0.92986405
TRIM25,4,4,1.0,0.9483933
TRIP10,4,4,1.0,0.9137482
TRPC1,4,4,1.0,0.97868174
TSGA13,4,4,1.0,0.9432591
TSHZ1,4,4,1.0,0.9830568
TTC16,4,4,1.0,0.983601
TTC26,4,4,1.0,0.9885611
TUBB1,4,4,1.0,0.97991836
TUBG2,4,4,1.0,0.938199
UBN2,4,4,1.0,0.98012567
UNC5A,4,4,1.0,0.98025453
USP42,4,4,1.0,0.9728197
USP47,4,4,1.0,0.96094346
WFDC8,4,4,1.0,0.9669205
ZBP1,4,4,1.0,0.8700563
ZBTB11,4,4,1.0,0.9586735
ZC3HC1,4,4,1.0,0.98934627
ZDHHC4,4,4,1.0,0.975312
ZFP30,4,4,1.0,0.90024275
ZKSCAN5,4,4,1.0,0.9882974
ZMYND8,4,4,1.0,0.96841985
ZNF181,4,4,1.0,0.9334124
ZNF234,4,4,1.0,0.99134535
ZNF274,4,4,1.0,0.9750187
ZNF418,4,4,1.0,0.97427464
ZNF44,4,4,1.0,0.966119
ZNF491,4,4,1.0,0.9500997
ZNF556,4,4,1.0,0.9824397
ZNF585A,4,4,1.0,0.91856
ZNF624,4,4,1.0,0.97056043
ZNF653,4,4,1.0,0.9643297
ZNF721,4,4,1.0,0.9444483
ZNF827,4,4,1.0,0.9451813
ZP2,4,4,1.0,0.9430961
ACADS,5,4,0.8,0.79297864
ADAM23,5,4,0.8,0.786273
ADAMTSL2,5,4,0.8,0.7921688
ADCK1,5,4,0.8,0.77904403
ADH1A,5,4,0.8,0.9039114
AGL,5,4,0.8,0.7934016
AGXT2,5,4,0.8,0.9268762
AHCYL1,5,4,0.8,0.80528754
ALB,5,4,0.8,0.8501304
ALK,5,4,0.8,0.777613
ANKS3,5,4,0.8,0.7389945
AOPEP,5,4,0.8,0.93621475
AREG,5,4,0.8,0.71795404
ATG2B,5,4,0.8,0.78301305
ATP7B,5,4,0.8,0.7589125
ATXN7,5,4,0.8,0.77197844
BMPR2,5,4,0.8,0.7360583
CALD1,5,4,0.8,0.76472473
CAMKV,5,4,0.8,0.9186371
CCDC171,5,4,0.8,0.8879484
CCR1,5,4,0.8,0.7443932
CD5,5,4,0.8,0.75137645
CENPU,5,4,0.8,0.85929567
CEP63,5,4,0.8,0.8073347
CERS6,5,4,0.8,0.76451975
CHEK2,5,4,0.8,0.8177759
CHST9,5,4,0.8,0.8696478
CKAP2L,5,4,0.8,0.7869945
CLCN3,5,4,0.8,0.89791834
CLIC5,5,4,0.8,0.7436766
CLINT1,5,4,0.8,0.7931063
CLSPN,5,4,0.8,0.80802584
CNDP1,5,4,0.8,0.8770941
CNTNAP3,5,4,0.8,0.77354914
COL4A3,5,4,0.8,0.7486868
CPLANE1,5,4,0.8,0.7904884
CTC1,5,4,0.8,0.8748287
CUL5,5,4,0.8,0.87039185
CX3CR1,5,4,0.8,0.7785575
DAGLB,5,4,0.8,0.88527375
DDB1,5,4,0.8,0.8212401
DDX17,5,4,0.8,0.79014814
DENND1A,5,4,0.8,0.7807335
DENND2B,5,4,0.8,0.8118712
DHX30,5,4,0.8,0.7365474
DHX8,5,4,0.8,0.74511135
DLK1,5,4,0.8,0.7249788
DNAI4,5,4,0.8,0.77122724
DNAJC28,5,4,0.8,0.78453094
DPH7,5,4,0.8,0.7747156
EML4,5,4,0.8,0.78718626
ENPP3,5,4,0.8,0.83173865
EPHA4,5,4,0.8,0.92207795
ESR1,5,4,0.8,0.77293986
ETNPPL,5,4,0.8,0.783962
FASTKD1,5,4,0.8,0.7512026
FCRL1,5,4,0.8,0.8440238
FGFR4,5,4,0.8,0.84926397
FIG4,5,4,0.8,0.8531661
FKBP6,5,4,0.8,0.86799604
FOXD4L5,5,4,0.8,0.8917635
FOXN1,5,4,0.8,0.86879903
FSIP1,5,4,0.8,0.7671625
FZD1,5,4,0.8,0.92704123
FZD9,5,4,0.8,0.8449319
GDF3,5,4,0.8,0.83327323
GDF9,5,4,0.8,0.69631565
GFM2,5,4,0.8,0.8063241
GIMAP1,5,4,0.8,0.795853
GIMAP4,5,4,0.8,0.74710095
GPR15,5,4,0.8,0.84961176
GPR65,5,4,0.8,0.8196195
GPR83,5,4,0.8,0.7256282
GRAMD2B,5,4,0.8,0.9212309
GSDMB,5,4,0.8,0.87293303
GSPT2,5,4,0.8,0.77320033
HAO1,5,4,0.8,0.8739826
HIF3A,5,4,0.8,0.7905428
HLTF,5,4,0.8,0.77564734
HNRNPCL1,5,4,0.8,0.81179637
HRH2,5,4,0.8,0.85024756
IGHG3,5,4,0.8,0.7639462
INPP5F,5,4,0.8,0.85643214
KBTBD4,5,4,0.8,0.8405161
KIRREL2,5,4,0.8,0.7296866
KLHDC7A,5,4,0.8,0.82964766
KLHL3,5,4,0.8,0.8659428
KPNA5,5,4,0.8,0.8602689
KRT14,5,4,0.8,0.76895654
KRT15,5,4,0.8,0.7559494
KRT4,5,4,0.8,0.7846336
KRT7,5,4,0.8,0.7458123
LGALS13,5,4,0.8,0.7987736
LILRA4,5,4,0.8,0.82755375
LMLN,5,4,0.8,0.7319967
LONP1,5,4,0.8,0.8122013
LOXL2,5,4,0.8,0.82575226
LRIG1,5,4,0.8,0.7472204
MAP3K21,5,4,0.8,0.7348762
MARCHF10,5,4,0.8,0.82484835
MCM6,5,4,0.8,0.9024335
ME1,5,4,0.8,0.7587463
MEFV,5,4,0.8,0.7861422
MFAP1,5,4,0.8,0.7636308
MPPE1,5,4,0.8,0.7153765
MS4A1,5,4,0.8,0.8657762
MS4A7,5,4,0.8,0.7685446
MUSK,5,4,0.8,0.74128044
MYLK4,5,4,0.8,0.83166057
MYO19,5,4,0.8,0.7547573
MYO1G,5,4,0.8,0.7820433
MYO5B,5,4,0.8,0.79270214
NIM1K,5,4,0.8,0.90134543
NOX5,5,4,0.8,0.7913295
NR4A3,5,4,0.8,0.7566157
NRAP,5,4,0.8,0.8366914
NRG3,5,4,0.8,0.7928998
NUAK1,5,4,0.8,0.76514363
OGT,5,4,0.8,0.81435174
OR1G1,5,4,0.8,0.9345931
OR2A1,5,4,0.8,0.76367426
OR2G2,5,4,0.8,0.7695495
OR2M3,5,4,0.8,0.7462428
OR4C15,5,4,0.8,0.9038399
OR4K5,5,4,0.8,0.82554567
OR56A4,5,4,0.8,0.8458756
OR5B17,5,4,0.8,0.7881254
OR5D14,5,4,0.8,0.82534236
OR5L1,5,4,0.8,0.76939887
OSBPL3,5,4,0.8,0.8593022
OSMR,5,4,0.8,0.87145793
PCDH1,5,4,0.8,0.773197
PCDHA11,5,4,0.8,0.85053027
PHF2,5,4,0.8,0.7111761
PIGK,5,4,0.8,0.8932034
PIGR,5,4,0.8,0.7606003
PKD2,5,4,0.8,0.76128614
PKD2L2,5,4,0.8,0.8367464
PKN1,5,4,0.8,0.7246117
PLCB4,5,4,0.8,0.77354985
PLEKHG7,5,4,0.8,0.77378905
PNMA8A,5,4,0.8,0.7899043
PPFIA3,5,4,0.8,0.7774595
PPP1R12C,5,4,0.8,0.78589565
PRKAR1B,5,4,0.8,0.8948164
PRTG,5,4,0.8,0.8479997
PSG3,5,4,0.8,0.8477346
PTH2R,5,4,0.8,0.78268725
PTPN6,5,4,0.8,0.8548895
PTPRJ,5,4,0.8,0.8095747
RAB3GAP1,5,4,0.8,0.75768346
RBM12,5,4,0.8,0.9095723
RBPJL,5,4,0.8,0.79597473
RHOBTB1,5,4,0.8,0.82906467
RPS6KA1,5,4,0.8,0.8177451
RRAD,5,4,0.8,0.8577076
RTN3,5,4,0.8,0.7816676
RTTN,5,4,0.8,0.89448607
SCFD1,5,4,0.8,0.8941061
SCG2,5,4,0.8,0.86182576
SECISBP2L,5,4,0.8,0.7849077
SERPINA5,5,4,0.8,0.7325565
SERPINB2,5,4,0.8,0.7874532
SETDB1,5,4,0.8,0.7739215
SH3KBP1,5,4,0.8,0.7816841
SLC17A2,5,4,0.8,0.8499032
SLC29A2,5,4,0.8,0.79170626
SLC39A10,5,4,0.8,0.8534495
SLC39A9,5,4,0.8,0.8066519
SLC3A1,5,4,0.8,0.87311107
SLC6A20,5,4,0.8,0.744084
SLCO3A1,5,4,0.8,0.82966423
SNTG1,5,4,0.8,0.8668442
SPAG9,5,4,0.8,0.7572243
STK10,5,4,0.8,0.7463386
SUN1,5,4,0.8,0.8379669
TAOK3,5,4,0.8,0.83303976
TAS2R41,5,4,0.8,0.90653694
TBX22,5,4,0.8,0.8626598
TDRD1,5,4,0.8,0.8046832
TDRD3,5,4,0.8,0.7635037
TENT5C,5,4,0.8,0.86179274
TES,5,4,0.8,0.860308
TREML2,5,4,0.8,0.78186005
TRIM36,5,4,0.8,0.7867085
TSKS,5,4,0.8,0.79004246
TTF2,5,4,0.8,0.87017155
TYW1,5,4,0.8,0.74406946
UBA7,5,4,0.8,0.90663946
UBAP2L,5,4,0.8,0.7500388
UBQLN3,5,4,0.8,0.7423316
UPP1,5,4,0.8,0.8038162
USP17L2,5,4,0.8,0.7876995
USP49,5,4,0.8,0.762034
USP7,5,4,0.8,0.8769523
VIL1,5,4,0.8,0.7710716
VPS52,5,4,0.8,0.7867084
WASF4P,5,4,0.8,0.790628
WDR48,5,4,0.8,0.7341453
WNT9B,5,4,0.8,0.74912417
XKR7,5,4,0.8,0.8828167
XPOT,5,4,0.8,0.8564087
XRN2,5,4,0.8,0.89909756
YTHDC1,5,4,0.8,0.7642936
ZBTB22,5,4,0.8,0.83632773
ZCCHC4,5,4,0.8,0.7755161
ZFPM2,5,4,0.8,0.7896997
ZFYVE16,5,4,0.8,0.7601621
ZHX1,5,4,0.8,0.7638969
ZNF136,5,4,0.8,0.7830847
ZNF169,5,4,0.8,0.756282
ZNF215,5,4,0.8,0.75248504
ZNF595,5,4,0.8,0.93251055
ZNF646,5,4,0.8,0.85103714
ZNF7,5,4,0.8,0.815763
ZNF701,5,4,0.8,0.7647728
ZSCAN22,5,4,0.8,0.88251984
ABCC12,6,4,0.6666666666666666,0.7123411
ABR,6,4,0.6666666666666666,0.65578574
ADAMTS6,6,4,0.6666666666666666,0.77683073
ADGRG7,6,4,0.6666666666666666,0.7995398
AGMO,6,4,0.6666666666666666,0.6571687
AMPD3,6,4,0.6666666666666666,0.7159314
ANKRD12,6,4,0.6666666666666666,0.7258082
ANKRD17,6,4,0.6666666666666666,0.74901146
ANKRD50,6,4,0.6666666666666666,0.71237254
AP3B1,6,4,0.6666666666666666,0.65067273
AQR,6,4,0.6666666666666666,0.78932875
ASAH2,6,4,0.6666666666666666,0.64994246
ATP2A1,6,4,0.6666666666666666,0.8074458
B4GALNT3,6,4,0.6666666666666666,0.75780386
BCLAF3,6,4,0.6666666666666666,0.7642517
BPIFB2,6,4,0.6666666666666666,0.65950614
CARD14,6,4,0.6666666666666666,0.66543514
CASP8AP2,6,4,0.6666666666666666,0.7130049
CBLB,6,4,0.6666666666666666,0.66424257
CCIN,6,4,0.6666666666666666,0.76359063
CCNB3,6,4,0.6666666666666666,0.66242987
CD14,6,4,0.6666666666666666,0.7309509
CDH23,6,4,0.6666666666666666,0.6842281
CDX4,6,4,0.6666666666666666,0.6490177
CHP2,6,4,0.6666666666666666,0.70851594
CIC,6,4,0.6666666666666666,0.64876246
CLSTN2,6,4,0.6666666666666666,0.70835733
CNNM2,6,4,0.6666666666666666,0.651918
CNTN2,6,4,0.6666666666666666,0.6582126
COL4A1,6,4,0.6666666666666666,0.65885764
COL6A5,6,4,0.6666666666666666,0.67893744
CUX1,6,4,0.6666666666666666,0.7324753
CYP3A7,6,4,0.6666666666666666,0.72554344
DGKB,6,4,0.6666666666666666,0.66670376
DGKG,6,4,0.6666666666666666,0.61602944
DISP1,6,4,0.6666666666666666,0.71199936
DMBX1,6,4,0.6666666666666666,0.661123
DNAJC6,6,4,0.6666666666666666,0.7532108
DNMT1,6,4,0.6666666666666666,0.8514452
DOCK11,6,4,0.6666666666666666,0.82890815
DSE,6,4,0.6666666666666666,0.7915962
DYRK1A,6,4,0.6666666666666666,0.713298
EBF1,6,4,0.6666666666666666,0.8377671
ELAPOR2,6,4,0.6666666666666666,0.70919865
ELAVL2,6,4,0.6666666666666666,0.6345803
EPHA7,6,4,0.6666666666666666,0.7779203
ERBIN,6,4,0.6666666666666666,0.72115
FAM120A,6,4,0.6666666666666666,0.623195
FBLN5,6,4,0.6666666666666666,0.65880466
FGD1,6,4,0.6666666666666666,0.7283992
FMN2,6,4,0.6666666666666666,0.7219484
FMNL1,6,4,0.6666666666666666,0.6715339
FNIP1,6,4,0.6666666666666666,0.64931756
FSIP2,6,4,0.6666666666666666,0.61781794
GEM,6,4,0.6666666666666666,0.6578204
GEN1,6,4,0.6666666666666666,0.6461672
GGNBP2,6,4,0.6666666666666666,0.72727185
GPLD1,6,4,0.6666666666666666,0.63048583
GPR141,6,4,0.6666666666666666,0.68240875
GRID1,6,4,0.6666666666666666,0.69652337
GTPBP3,6,4,0.6666666666666666,0.73568743
GYS2,6,4,0.6666666666666666,0.7055524
HACE1,6,4,0.6666666666666666,0.7564647
HDC,6,4,0.6666666666666666,0.737042
HERC5,6,4,0.6666666666666666,0.646845
HGF,6,4,0.6666666666666666,0.8366215
IBTK,6,4,0.6666666666666666,0.64883786
ITGA2,6,4,0.6666666666666666,0.6359148
JADE3,6,4,0.6666666666666666,0.6582609
JMY,6,4,0.6666666666666666,0.64921814
KCNH6,6,4,0.6666666666666666,0.71153855
KCNK5,6,4,0.6666666666666666,0.67669874
KCNQ3,6,4,0.6666666666666666,0.84742856
KDM3B,6,4,0.6666666666666666,0.7067165
KDM5C,6,4,0.6666666666666666,0.59257436
KIAA0232,6,4,0.6666666666666666,0.72513074
KIAA1522,6,4,0.6666666666666666,0.6675744
KIF14,6,4,0.6666666666666666,0.7511554
KLK4,6,4,0.6666666666666666,0.6064375
KRT23,6,4,0.6666666666666666,0.7322425
KRT31,6,4,0.6666666666666666,0.73798007
LARP4B,6,4,0.6666666666666666,0.7853407
LEMD3,6,4,0.6666666666666666,0.65162075
LEXM,6,4,0.6666666666666666,0.67256004
LHCGR,6,4,0.6666666666666666,0.7044638
LILRB1,6,4,0.6666666666666666,0.6574116
LRIF1,6,4,0.6666666666666666,0.7262954
LRP12,6,4,0.6666666666666666,0.69218373
LRP4,6,4,0.6666666666666666,0.6298643
MBNL1,6,4,0.6666666666666666,0.8704807
MCM7,6,4,0.6666666666666666,0.7880674
MEGF6,6,4,0.6666666666666666,0.6470431
MFSD6L,6,4,0.6666666666666666,0.61216193
MOV10L1,6,4,0.6666666666666666,0.756732
MTM1,6,4,0.6666666666666666,0.6983492
MTNR1B,6,4,0.6666666666666666,0.79332787
MYLK3,6,4,0.6666666666666666,0.71629524
MYO1E,6,4,0.6666666666666666,0.7054627
NCAN,6,4,0.6666666666666666,0.73035663
NCL,6,4,0.6666666666666666,0.7519582
NCOA7,6,4,0.6666666666666666,0.65405744
NEDD4,6,4,0.6666666666666666,0.5987198
NEGR1,6,4,0.6666666666666666,0.6721225
NEURL4,6,4,0.6666666666666666,0.6332887
NFATC1,6,4,0.6666666666666666,0.6571043
ONECUT2,6,4,0.6666666666666666,0.7001147
OPRK1,6,4,0.6666666666666666,0.773326
OR10A3,6,4,0.6666666666666666,0.7262638
OR13G1,6,4,0.6666666666666666,0.7796927
OR2AG1,6,4,0.6666666666666666,0.7387578
OR4A47,6,4,0.6666666666666666,0.72387654
OR51A2,6,4,0.6666666666666666,0.7777467
OR52B6,6,4,0.6666666666666666,0.68026763
OR5T3,6,4,0.6666666666666666,0.8449401
OR6C1,6,4,0.6666666666666666,0.7084879
OR6M1,6,4,0.6666666666666666,0.70880634
OR8H1,6,4,0.6666666666666666,0.72869754
OR9G4,6,4,0.6666666666666666,0.7350984
OTUB2,6,4,0.6666666666666666,0.626579
P2RY10,6,4,0.6666666666666666,0.7126999
P4HA2,6,4,0.6666666666666666,0.8345509
PCDHB10,6,4,0.6666666666666666,0.7507002
PCDHGA3,6,4,0.6666666666666666,0.6984541
PDE3B,6,4,0.6666666666666666,0.71837664
PGK2,6,4,0.6666666666666666,0.74706197
PIK3AP1,6,4,0.6666666666666666,0.75192183
PIK3R6,6,4,0.6666666666666666,0.7119251
PIKFYVE,6,4,0.6666666666666666,0.682204
PIWIL4,6,4,0.6666666666666666,0.7035757
PKD2L1,6,4,0.6666666666666666,0.67610073
PLEKHA7,6,4,0.6666666666666666,0.6604242
PORCN,6,4,0.6666666666666666,0.79355365
PPP2R1B,6,4,0.6666666666666666,0.71417063
PTCH2,6,4,0.6666666666666666,0.65420514
PTGFRN,6,4,0.6666666666666666,0.72253346
PXDN,6,4,0.6666666666666666,0.64961165
RBM27,6,4,0.6666666666666666,0.6541508
RBM45,6,4,0.6666666666666666,0.6527466
REV1,6,4,0.6666666666666666,0.6462845
RFC1,6,4,0.6666666666666666,0.7594359
RFX4,6,4,0.6666666666666666,0.6898468
RHAG,6,4,0.6666666666666666,0.69986373
RHOBTB3,6,4,0.6666666666666666,0.7298157
RPS5,6,4,0.6666666666666666,0.73557323
RSF1,6,4,0.6666666666666666,0.77350134
RXRA,6,4,0.6666666666666666,0.7337959
SCAF4,6,4,0.6666666666666666,0.7512143
SCNN1B,6,4,0.6666666666666666,0.70827776
SEMA3D,6,4,0.6666666666666666,0.67731404
SEPTIN14,6,4,0.6666666666666666,0.63697976
SERPINA4,6,4,0.6666666666666666,0.70142055
SIPA1L1,6,4,0.6666666666666666,0.7341865
SKIV2L,6,4,0.6666666666666666,0.7095046
SLC13A3,6,4,0.6666666666666666,0.628501
SLC23A2,6,4,0.6666666666666666,0.74079084
SLC46A2,6,4,0.6666666666666666,0.65775496
SLC4A4,6,4,0.6666666666666666,0.7682743
SLCO1B3,6,4,0.6666666666666666,0.7096966
SLU7,6,4,0.6666666666666666,0.68929815
SMC1B,6,4,0.6666666666666666,0.7388318
SNX18,6,4,0.6666666666666666,0.6762154
SNX25,6,4,0.6666666666666666,0.7991314
SPATA16,6,4,0.6666666666666666,0.63397384
SPTLC3,6,4,0.6666666666666666,0.74914265
SUN3,6,4,0.6666666666666666,0.6781135
SV2A,6,4,0.6666666666666666,0.82113177
SYT13,6,4,0.6666666666666666,0.6335389
TCN1,6,4,0.6666666666666666,0.80568117
TEC,6,4,0.6666666666666666,0.74590474
TLE1,6,4,0.6666666666666666,0.6562241
TRAT1,6,4,0.6666666666666666,0.73071927
TSHZ3,6,4,0.6666666666666666,0.62474614
TSR1,6,4,0.6666666666666666,0.6815093
UGT2B7,6,4,0.6666666666666666,0.8245656
USP5,6,4,0.6666666666666666,0.6644559
WNK4,6,4,0.6666666666666666,0.6879897
XPO1,6,4,0.6666666666666666,0.6479002
ZFP57,6,4,0.6666666666666666,0.71749765
ZHX2,6,4,0.6666666666666666,0.7762856
ZHX3,6,4,0.6666666666666666,0.7100222
ZNF197,6,4,0.6666666666666666,0.71099836
ZNF445,6,4,0.6666666666666666,0.7348335
ZNF569,6,4,0.6666666666666666,0.67455536
ZNF605,6,4,0.6666666666666666,0.7798063
ZNF800,6,4,0.6666666666666666,0.6281309
AC008397.2,7,4,0.5714285714285714,0.62265414
ACSM2B,7,4,0.5714285714285714,0.7512903
ADD2,7,4,0.5714285714285714,0.74044603
ANKS6,7,4,0.5714285714285714,0.6450233
APLP2,7,4,0.5714285714285714,0.6246233
ARMC3,7,4,0.5714285714285714,0.5693845
ASIC2,7,4,0.5714285714285714,0.55717975
ATP2A3,7,4,0.5714285714285714,0.75239646
C8A,7,4,0.5714285714285714,0.7069422
CAND1,7,4,0.5714285714285714,0.63923085
CDHR1,7,4,0.5714285714285714,0.6862566
CDRT1,7,4,0.5714285714285714,0.6677584
CEP70,7,4,0.5714285714285714,0.66542655
CFAP44,7,4,0.5714285714285714,0.6395626
CHD7,7,4,0.5714285714285714,0.66634274
CHSY3,7,4,0.5714285714285714,0.64879227
CLIP1,7,4,0.5714285714285714,0.69778925
CPD,7,4,0.5714285714285714,0.55862105
CYP4F12,7,4,0.5714285714285714,0.6768648
EBF2,7,4,0.5714285714285714,0.76800495
EFHB,7,4,0.5714285714285714,0.6675623
FAM13A,7,4,0.5714285714285714,0.6794764
FAM189A2,7,4,0.5714285714285714,0.53728616
FCRL2,7,4,0.5714285714285714,0.66405946
FFAR2,7,4,0.5714285714285714,0.5518521
FOXJ3,7,4,0.5714285714285714,0.6958808
FOXM1,7,4,0.5714285714285714,0.5643124
GRHL3,7,4,0.5714285714285714,0.6107878
GRK7,7,4,0.5714285714285714,0.60562646
GRM6,7,4,0.5714285714285714,0.5806607
HCK,7,4,0.5714285714285714,0.6567052
HEATR1,7,4,0.5714285714285714,0.6482986
HIPK1,7,4,0.5714285714285714,0.72112453
HSPA2,7,4,0.5714285714285714,0.6656365
ITGA6,7,4,0.5714285714285714,0.61526376
KCND2,7,4,0.5714285714285714,0.59326077
KCNH1,7,4,0.5714285714285714,0.62073576
KCNH7,7,4,0.5714285714285714,0.6515352
KL,7,4,0.5714285714285714,0.65175444
KNDC1,7,4,0.5714285714285714,0.5224234
LAMC2,7,4,0.5714285714285714,0.6880736
LRRC8B,7,4,0.5714285714285714,0.662618
MAPK8IP3,7,4,0.5714285714285714,0.5072939
MFSD2A,7,4,0.5714285714285714,0.528297
MPO,7,4,0.5714285714285714,0.6095675
MSH4,7,4,0.5714285714285714,0.782098
MYO18B,7,4,0.5714285714285714,0.5660159
NCOA6,7,4,0.5714285714285714,0.68145084
NHS,7,4,0.5714285714285714,0.5636144
NOX4,7,4,0.5714285714285714,0.6061152
NUMA1,7,4,0.5714285714285714,0.6285967
OR2H1,7,4,0.5714285714285714,0.7065908
OR5A1,7,4,0.5714285714285714,0.71358556
PACS1,7,4,0.5714285714285714,0.6291855
PCDHB14,7,4,0.5714285714285714,0.6823292
PCDHB16,7,4,0.5714285714285714,0.59569114
PDGFRB,7,4,0.5714285714285714,0.6020495
PDILT,7,4,0.5714285714285714,0.7159854
PEAK1,7,4,0.5714285714285714,0.67019856
PGM5,7,4,0.5714285714285714,0.7587848
PIWIL3,7,4,0.5714285714285714,0.73142165
POGZ,7,4,0.5714285714285714,0.6268242
PRKCB,7,4,0.5714285714285714,0.54977554
PRKCD,7,4,0.5714285714285714,0.8000027
PRPF40B,7,4,0.5714285714285714,0.72483885
PSD3,7,4,0.5714285714285714,0.618539
PTPRU,7,4,0.5714285714285714,0.60863495
PZP,7,4,0.5714285714285714,0.67629486
RALGAPA2,7,4,0.5714285714285714,0.5439022
RANBP17,7,4,0.5714285714285714,0.67434406
RBM44,7,4,0.5714285714285714,0.6468359
RET,7,4,0.5714285714285714,0.6310729
RGS12,7,4,0.5714285714285714,0.6472452
RIPK4,7,4,0.5714285714285714,0.65862125
RPTOR,7,4,0.5714285714285714,0.66222364
RTL3,7,4,0.5714285714285714,0.50864595
RUSC2,7,4,0.5714285714285714,0.57495433
RUVBL2,7,4,0.5714285714285714,0.65051025
RXFP1,7,4,0.5714285714285714,0.6083408
SERPINA1,7,4,0.5714285714285714,0.59571964
SH2B2,7,4,0.5714285714285714,0.545111
SIGLEC11,7,4,0.5714285714285714,0.579943
SIGLEC8,7,4,0.5714285714285714,0.6277784
SIGLEC9,7,4,0.5714285714285714,0.56685704
SLC4A2,7,4,0.5714285714285714,0.6762163
SPAM1,7,4,0.5714285714285714,0.6354851
SPATA31A3,7,4,0.5714285714285714,0.54501456
ST6GALNAC3,7,4,0.5714285714285714,0.5920882
STK35,7,4,0.5714285714285714,0.55068487
SV2B,7,4,0.5714285714285714,0.61584455
TANC1,7,4,0.5714285714285714,0.6192074
TESK1,7,4,0.5714285714285714,0.629182
TGFBR2,7,4,0.5714285714285714,0.69790316
THBS1,7,4,0.5714285714285714,0.7352068
THBS2,7,4,0.5714285714285714,0.51576793
TLR2,7,4,0.5714285714285714,0.59584486
TMC5,7,4,0.5714285714285714,0.68762237
TMEM255A,7,4,0.5714285714285714,0.6324772
TRIM42,7,4,0.5714285714285714,0.7087859
TTC7A,7,4,0.5714285714285714,0.62612695
UBR1,7,4,0.5714285714285714,0.61328286
UNC13C,7,4,0.5714285714285714,0.54953724
VARS1,7,4,0.5714285714285714,0.5238366
ZNF254,7,4,0.5714285714285714,0.67914313
ZNF460,7,4,0.5714285714285714,0.776797
ZP4,7,4,0.5714285714285714,0.6285106
ZSWIM5,7,4,0.5714285714285714,0.6044092
ABCC10,8,4,0.5,0.5994129
ADAM28,8,4,0.5,0.6148562
ADAMDEC1,8,4,0.5,0.6288464
AKAP6,8,4,0.5,0.58944726
ARHGAP32,8,4,0.5,0.53898984
ARID4B,8,4,0.5,0.69064295
ASTL,8,4,0.5,0.67015475
ATP2C1,8,4,0.5,0.7395445
BRD4,8,4,0.5,0.5984534
CASP1,8,4,0.5,0.54962844
CHD2,8,4,0.5,0.51694316
CHD8,8,4,0.5,0.5294173
CLCNKB,8,4,0.5,0.58515465
CNTN3,8,4,0.5,0.5823886
COL19A1,8,4,0.5,0.65699565
CTDP1,8,4,0.5,0.50269115
CYP4A11,8,4,0.5,0.58806604
DCLK1,8,4,0.5,0.5970623
DDX60,8,4,0.5,0.6689403
DIP2C,8,4,0.5,0.54839516
DSC2,8,4,0.5,0.6364037
DUOX2,8,4,0.5,0.5124231
EHD3,8,4,0.5,0.68457675
EPX,8,4,0.5,0.6922641
ERG,8,4,0.5,0.5195141
EVC2,8,4,0.5,0.4397021
FYB1,8,4,0.5,0.52800167
GJA8,8,4,0.5,0.51906276
GOLGA4,8,4,0.5,0.57962555
GOLGB1,8,4,0.5,0.6069019
HEPH,8,4,0.5,0.53042054
HNF1B,8,4,0.5,0.6075713
IL1RAPL2,8,4,0.5,0.47836456
INPP5K,8,4,0.5,0.51236916
INTS12,8,4,0.5,0.49963292
KIF13B,8,4,0.5,0.4900809
KIF21A,8,4,0.5,0.7490935
MAN2B2,8,4,0.5,0.5389873
MAP7D2,8,4,0.5,0.5190738
MAS1L,8,4,0.5,0.5920356
MTF1,8,4,0.5,0.6280235
MYH7B,8,4,0.5,0.652298
MYO16,8,4,0.5,0.49385813
MYO1A,8,4,0.5,0.63201153
MYO5C,8,4,0.5,0.56594217
MYO7A,8,4,0.5,0.5538655
MYOM3,8,4,0.5,0.55138075
NDN,8,4,0.5,0.5023992
NPAS4,8,4,0.5,0.7273051
NRG1,8,4,0.5,0.5822374
OTUD4,8,4,0.5,0.6732108
PCDHGB2,8,4,0.5,0.5500825
PLB1,8,4,0.5,0.5338592
POF1B,8,4,0.5,0.49225476
PROX1,8,4,0.5,0.49343893
RABEP1,8,4,0.5,0.65700793
RAPGEF6,8,4,0.5,0.6024731
REPIN1,8,4,0.5,0.5919685
RIF1,8,4,0.5,0.6039164
SCML2,8,4,0.5,0.62208444
SCN8A,8,4,0.5,0.5713495
SLC22A9,8,4,0.5,0.7157221
TEX11,8,4,0.5,0.53111774
TEX2,8,4,0.5,0.6588097
TMEM131L,8,4,0.5,0.6173323
TMTC1,8,4,0.5,0.4955941
TRIOBP,8,4,0.5,0.5974355
UPF2,8,4,0.5,0.67010564
VPS13C,8,4,0.5,0.6081271
WWC3,8,4,0.5,0.51322234
ZNF318,8,4,0.5,0.6145004
APBA1,9,4,0.4444444444444444,0.48406485
ARMC4,9,4,0.4444444444444444,0.4356435
ARSF,9,4,0.4444444444444444,0.4386449
ASCC3,9,4,0.4444444444444444,0.6326692
ATP13A2,9,4,0.4444444444444444,0.581691
ATRNL1,9,4,0.4444444444444444,0.51149124
B4GALNT1,9,4,0.4444444444444444,0.657703
BMP3,9,4,0.4444444444444444,0.53612876
CACNA1I,9,4,0.4444444444444444,0.46280426
CEP104,9,4,0.4444444444444444,0.49143478
CFAP57,9,4,0.4444444444444444,0.5816308
CRYBG1,9,4,0.4444444444444444,0.6174977
DCHS1,9,4,0.4444444444444444,0.44867653
DGKD,9,4,0.4444444444444444,0.5541268
DRC7,9,4,0.4444444444444444,0.5083266
ECPAS,9,4,0.4444444444444444,0.5156532
F13A1,9,4,0.4444444444444444,0.52672
GTF3C1,9,4,0.4444444444444444,0.6539705
HNF4A,9,4,0.4444444444444444,0.6030103
HTR2C,9,4,0.4444444444444444,0.5161605
IL18RAP,9,4,0.4444444444444444,0.6425982
JMJD1C,9,4,0.4444444444444444,0.48588997
KCNH5,9,4,0.4444444444444444,0.49100357
MAGEB1,9,4,0.4444444444444444,0.44732845
NALCN,9,4,0.4444444444444444,0.5711407
NETO1,9,4,0.4444444444444444,0.46902835
NLRP1,9,4,0.4444444444444444,0.53871727
NUTM1,9,4,0.4444444444444444,0.4930965
PAX3,9,4,0.4444444444444444,0.5295988
PLCL2,9,4,0.4444444444444444,0.5901625
RBM19,9,4,0.4444444444444444,0.65987337
SEC16A,9,4,0.4444444444444444,0.49526945
SHCBP1L,9,4,0.4444444444444444,0.6739352
SLC27A2,9,4,0.4444444444444444,0.6218083
SLC9A2,9,4,0.4444444444444444,0.516705
SLITRK6,9,4,0.4444444444444444,0.48704672
SPTBN1,9,4,0.4444444444444444,0.61076504
ST6GAL2,9,4,0.4444444444444444,0.42958808
TBC1D8,9,4,0.4444444444444444,0.43552977
TNRC6C,9,4,0.4444444444444444,0.53838366
TTC17,9,4,0.4444444444444444,0.6349048
UBR2,9,4,0.4444444444444444,0.70441085
UNC45B,9,4,0.4444444444444444,0.5232686
ZNF518B,9,4,0.4444444444444444,0.52554095
ZNF618,9,4,0.4444444444444444,0.5186418
ZNF644,9,4,0.4444444444444444,0.6816766
AKAP9,10,4,0.4,0.46928817
CFAP43,10,4,0.4,0.46495047
DOCK2,10,4,0.4,0.5777919
FHOD3,10,4,0.4,0.43493423
INPP5D,10,4,0.4,0.43833718
KAT6B,10,4,0.4,0.4910829
KRT13,10,4,0.4,0.5857121
MKI67,10,4,0.4,0.5035036
PCNT,10,4,0.4,0.393521
POLQ,10,4,0.4,0.580987
RBBP6,10,4,0.4,0.44610006
SERPINA11,10,4,0.4,0.5683813
SPTBN2,10,4,0.4,0.5569915
TEX14,10,4,0.4,0.48909664
TPR,10,4,0.4,0.4790713
WNK2,10,4,0.4,0.36917603
ZNF423,10,4,0.4,0.5410526
ZNF658,10,4,0.4,0.62009495
BNC2,11,4,0.36363636363636365,0.39739656
CCDC158,11,4,0.36363636363636365,0.6184883
CEP350,11,4,0.36363636363636365,0.3790634
DOCK4,11,4,0.36363636363636365,0.4363883
FOXA1,11,4,0.36363636363636365,0.41509402
GABRG2,11,4,0.36363636363636365,0.5282847
HHIPL2,11,4,0.36363636363636365,0.5882936
MAST1,11,4,0.36363636363636365,0.4051819
MORC1,11,4,0.36363636363636365,0.558433
MYOM2,11,4,0.36363636363636365,0.58587813
PIWIL1,11,4,0.36363636363636365,0.40786093
RAD51AP2,11,4,0.36363636363636365,0.34594437
SLCO1B3-SLCO1B7,11,4,0.36363636363636365,0.46845353
STAB1,11,4,0.36363636363636365,0.48441353
ACAN,12,4,0.3333333333333333,0.36122882
CACNA1H,12,4,0.3333333333333333,0.37398192
CD209,12,4,0.3333333333333333,0.5365935
COL2A1,12,4,0.3333333333333333,0.3330069
KMT2B,12,4,0.3333333333333333,0.44021788
SLC14A2,12,4,0.3333333333333333,0.6298702
DOCK10,13,4,0.3076923076923077,0.4048111
FRMPD3,13,4,0.3076923076923077,0.4109425
GCN1,13,4,0.3076923076923077,0.55207336
L1CAM,13,4,0.3076923076923077,0.3301919
NYAP2,13,4,0.3076923076923077,0.34833473
OTOGL,13,4,0.3076923076923077,0.34455168
ZNF292,13,4,0.3076923076923077,0.4410864
KPRP,14,4,0.2857142857142857,0.49894014
SLCO6A1,14,4,0.2857142857142857,0.4169034
MED12,15,4,0.26666666666666666,0.31384227
NCKAP1L,15,4,0.26666666666666666,0.51969206
AARS2,3,3,1.0,0.97902304
ABHD11,3,3,1.0,0.88637465
ABI3BP,3,3,1.0,0.9196947
ACOX2,3,3,1.0,0.8999004
ACP5,3,3,1.0,0.9892886
ACRV1,3,3,1.0,0.9407365
ACSF2,3,3,1.0,0.90838003
ACTG2,3,3,1.0,0.9757698
ADM,3,3,1.0,0.98743963
ADPRM,3,3,1.0,0.99043006
AFAP1,3,3,1.0,0.9742208
AHCYL2,3,3,1.0,0.9875733
AKR1B15,3,3,1.0,0.96455973
AL136982.4,3,3,1.0,0.9765945
ALDH1A1,3,3,1.0,0.9899048
ALG10B,3,3,1.0,0.9678077
ALPP,3,3,1.0,0.8935284
AMD1,3,3,1.0,0.91112304
ANGPT2,3,3,1.0,0.87343293
APCDD1L,3,3,1.0,0.9617955
ARFGAP2,3,3,1.0,0.9907481
ARHGDIB,3,3,1.0,0.99144715
ARL13A,3,3,1.0,0.98852485
ARMC10,3,3,1.0,0.9894946
ASAP3,3,3,1.0,0.97172886
ASMT,3,3,1.0,0.9854369
ATG101,3,3,1.0,0.931519
ATG16L1,3,3,1.0,0.8774373
ATL1,3,3,1.0,0.8779722
ATOH1,3,3,1.0,0.9890935
ATP1A1,3,3,1.0,0.9819817
ATXN1,3,3,1.0,0.8747937
AVL9,3,3,1.0,0.9909234
BCAS3,3,3,1.0,0.9907835
BEST2,3,3,1.0,0.98538405
BPIFA1,3,3,1.0,0.9807218
BTN2A2,3,3,1.0,0.96802086
C5,3,3,1.0,0.964719
C6orf89,3,3,1.0,0.8642297
C7orf31,3,3,1.0,0.97527766
C7orf66,3,3,1.0,0.9805499
CA10,3,3,1.0,0.8512097
CA3,3,3,1.0,0.98664623
CAB39,3,3,1.0,0.97814626
CBFA2T3,3,3,1.0,0.9644447
CBLL1,3,3,1.0,0.9257683
CCDC112,3,3,1.0,0.95647615
CCDC136,3,3,1.0,0.9697351
CCDC170,3,3,1.0,0.96502143
CCDC181,3,3,1.0,0.991314
CCNE1,3,3,1.0,0.9106954
CCNH,3,3,1.0,0.99133945
CCNL2,3,3,1.0,0.9878936
CCNYL1,3,3,1.0,0.96092397
CCZ1,3,3,1.0,0.9812568
CD300LG,3,3,1.0,0.97790647
CD84,3,3,1.0,0.9501125
CD8A,3,3,1.0,0.9238774
CDC42BPG,3,3,1.0,0.8895292
CDK17,3,3,1.0,0.9913209
CDK20,3,3,1.0,0.8517912
CDON,3,3,1.0,0.9803138
CDYL,3,3,1.0,0.98965603
CEP41,3,3,1.0,0.9817107
CEP85,3,3,1.0,0.98053384
CERS3,3,3,1.0,0.9786317
CES1,3,3,1.0,0.945108
CFAP161,3,3,1.0,0.95393497
CFAP300,3,3,1.0,0.9886016
CHAF1B,3,3,1.0,0.9105272
CHRNA3,3,3,1.0,0.9145606
CLCA2,3,3,1.0,0.9913833
CLEC3A,3,3,1.0,0.95805675
CLIP3,3,3,1.0,0.98811466
CLPTM1,3,3,1.0,0.9824412
CLPTM1L,3,3,1.0,0.9896128
CLVS2,3,3,1.0,0.9854428
CNGB3,3,3,1.0,0.91700536
CNOT2,3,3,1.0,0.9914287
COL13A1,3,3,1.0,0.9912769
CPA2,3,3,1.0,0.9910028
CPA5,3,3,1.0,0.9301517
CPEB2,3,3,1.0,0.98520786
CRISPLD2,3,3,1.0,0.9885638
CRTAM,3,3,1.0,0.99136335
CRYGN,3,3,1.0,0.92719346
CSE1L,3,3,1.0,0.9736523
CSN2,3,3,1.0,0.9675288
CTSL3P,3,3,1.0,0.9900255
CTTN,3,3,1.0,0.98676425
CXCL6,3,3,1.0,0.98120546
CYP27C1,3,3,1.0,0.9889207
CYP2R1,3,3,1.0,0.9679362
CYP7A1,3,3,1.0,0.9678095
CYRIA,3,3,1.0,0.974098
CYSTM1,3,3,1.0,0.99067235
DCUN1D4,3,3,1.0,0.9827457
DENND1B,3,3,1.0,0.9746545
DGAT2,3,3,1.0,0.9772852
DIO3,3,3,1.0,0.948963
DIP2B,3,3,1.0,0.9558921
DLD,3,3,1.0,0.9872466
DNAJC3,3,3,1.0,0.9752631
DNAJC5B,3,3,1.0,0.9604142
DNTTIP1,3,3,1.0,0.89493066
DTX3L,3,3,1.0,0.9899357
DUS4L,3,3,1.0,0.97962934
DUSP11,3,3,1.0,0.93368906
DUXA,3,3,1.0,0.9781802
DYNC2LI1,3,3,1.0,0.93101126
EBPL,3,3,1.0,0.97312015
EEFSEC,3,3,1.0,0.9314125
EIF2AK1,3,3,1.0,0.990587
EIF4A1,3,3,1.0,0.9360387
EMILIN3,3,3,1.0,0.9890654
ENGASE,3,3,1.0,0.98752195
EPGN,3,3,1.0,0.9905917
ESRRG,3,3,1.0,0.95925516
EXTL2,3,3,1.0,0.96123356
EZH1,3,3,1.0,0.99103945
F13B,3,3,1.0,0.9914196
FAM221A,3,3,1.0,0.96457833
FBXO11,3,3,1.0,0.9604725
FBXO34,3,3,1.0,0.94379854
FCER2,3,3,1.0,0.98919374
FETUB,3,3,1.0,0.96056455
FGF14,3,3,1.0,0.98441166
FGF23,3,3,1.0,0.9131546
FGFBP1,3,3,1.0,0.97791475
FLRT2,3,3,1.0,0.8606627
FOSB,3,3,1.0,0.9116027
FPGT,3,3,1.0,0.96429396
GADL1,3,3,1.0,0.9787593
GALC,3,3,1.0,0.9479888
GALNT13,3,3,1.0,0.98366123
GALNTL5,3,3,1.0,0.98931384
GDF6,3,3,1.0,0.9635382
GDNF,3,3,1.0,0.95081854
GLYATL1,3,3,1.0,0.97767687
GNE,3,3,1.0,0.98244
GOLIM4,3,3,1.0,0.9364095
GORAB,3,3,1.0,0.97407866
GP2,3,3,1.0,0.92626816
GPAA1,3,3,1.0,0.9868471
GPCPD1,3,3,1.0,0.9903483
GPD2,3,3,1.0,0.9913245
GPN3,3,3,1.0,0.95109373
GPR148,3,3,1.0,0.9839694
GPR156,3,3,1.0,0.9908616
GPR161,3,3,1.0,0.96906877
GPR85,3,3,1.0,0.95388263
GREB1,3,3,1.0,0.96575165
GRIA2,3,3,1.0,0.9738157
GSAP,3,3,1.0,0.9678033
GTF2IRD2B,3,3,1.0,0.9827528
H3C7,3,3,1.0,0.98557276
H4-16,3,3,1.0,0.9690123
HDAC3,3,3,1.0,0.95971185
HDGFL2,3,3,1.0,0.92929816
HINT1,3,3,1.0,0.95194334
HLCS,3,3,1.0,0.9864591
HLF,3,3,1.0,0.97481084
HRG,3,3,1.0,0.95995647
IAH1,3,3,1.0,0.9189709
ICAM4,3,3,1.0,0.96564263
IFI44,3,3,1.0,0.8832777
IFT22,3,3,1.0,0.9418216
IGHV3-35,3,3,1.0,0.92642355
IGHV3-43,3,3,1.0,0.95669585
IGHV3-48,3,3,1.0,0.935855
IGHV3-7,3,3,1.0,0.9608917
IGHV3-73,3,3,1.0,0.94267946
IGKV1-12,3,3,1.0,0.97758514
IGKV3D-20,3,3,1.0,0.9539965
IGKV5-2,3,3,1.0,0.9582102
IL17RB,3,3,1.0,0.91238576
IL3RA,3,3,1.0,0.9646247
IL6R,3,3,1.0,0.9860191
ILDR2,3,3,1.0,0.9373124
ING1,3,3,1.0,0.9413121
IPPK,3,3,1.0,0.9806611
IQGAP1,3,3,1.0,0.8934798
ITGAL,3,3,1.0,0.9836905
ITGB3,3,3,1.0,0.9899699
JAML,3,3,1.0,0.91537493
KCNA2,3,3,1.0,0.94004804
KCNJ4,3,3,1.0,0.9810128
KCNJ8,3,3,1.0,0.9723699
KCNK3,3,3,1.0,0.9433344
KDELR1,3,3,1.0,0.97593
KDM3A,3,3,1.0,0.9700102
KIAA1841,3,3,1.0,0.96914214
KIF3A,3,3,1.0,0.9656599
KIFC3,3,3,1.0,0.9453225
KIR2DL1,3,3,1.0,0.98299307
KIR2DS4,3,3,1.0,0.9740247
KIR3DL2,3,3,1.0,0.95837516
KITLG,3,3,1.0,0.9827644
KLC4,3,3,1.0,0.93965715
KLF11,3,3,1.0,0.9524786
KLHDC8A,3,3,1.0,0.9641383
KLHL10,3,3,1.0,0.976111
KLHL7,3,3,1.0,0.8596588
KLHL8,3,3,1.0,0.97648245
KLRC2,3,3,1.0,0.9720885
KRT39,3,3,1.0,0.9669842
KRT6A,3,3,1.0,0.9623294
KRT6B,3,3,1.0,0.8971906
KRTAP10-4,3,3,1.0,0.9758308
KRTAP10-9,3,3,1.0,0.9842251
LAIR1,3,3,1.0,0.9877855
LCE2C,3,3,1.0,0.9877715
LCP1,3,3,1.0,0.9374644
LCTL,3,3,1.0,0.97666234
LINC02694,3,3,1.0,0.91980124
LONRF1,3,3,1.0,0.97694594
LPAR2,3,3,1.0,0.91088533
LRCH3,3,3,1.0,0.9424476
LRRC14,3,3,1.0,0.97851974
LSG1,3,3,1.0,0.9901344
LSR,3,3,1.0,0.91246337
LY96,3,3,1.0,0.9476266
MACO1,3,3,1.0,0.9913828
MAN2A1,3,3,1.0,0.97218484
MANBAL,3,3,1.0,0.98669666
MAOB,3,3,1.0,0.91315275
MAP3K14,3,3,1.0,0.9665243
MAP4,3,3,1.0,0.98576444
MAPK13,3,3,1.0,0.981575
MARK1,3,3,1.0,0.974431
MARK4,3,3,1.0,0.9805415
MB21D2,3,3,1.0,0.975765
MECP2,3,3,1.0,0.9346745
MED1,3,3,1.0,0.9341042
MLXIP,3,3,1.0,0.9429931
MMP20,3,3,1.0,0.9304533
MNDA,3,3,1.0,0.9799104
MOCS3,3,3,1.0,0.93537825
MON2,3,3,1.0,0.9886221
MORN5,3,3,1.0,0.98547107
MRPL32,3,3,1.0,0.9800577
MRPS27,3,3,1.0,0.9847954
MSH3,3,3,1.0,0.91334105
MSS51,3,3,1.0,0.9817359
NAA15,3,3,1.0,0.9622194
NAALADL1,3,3,1.0,0.97166806
NAGK,3,3,1.0,0.9124691
NAP1L3,3,3,1.0,0.9361349
NDNF,3,3,1.0,0.94049436
NDUFS7,3,3,1.0,0.89406806
NKIRAS1,3,3,1.0,0.9747419
NLRP10,3,3,1.0,0.99141675
NOLC1,3,3,1.0,0.9879535
NOX1,3,3,1.0,0.9768397
NPBWR2,3,3,1.0,0.8991907
NPY4R,3,3,1.0,0.89970034
NR1I3,3,3,1.0,0.95887655
NUCB1,3,3,1.0,0.9175969
NUP62,3,3,1.0,0.90880996
OASL,3,3,1.0,0.98672587
OCM2,3,3,1.0,0.94186956
ODF2,3,3,1.0,0.9786868
ODF3,3,3,1.0,0.8916979
OIT3,3,3,1.0,0.9623335
OR11H12,3,3,1.0,0.98387855
OR13D1,3,3,1.0,0.98600966
OR1D5,3,3,1.0,0.9830709
OR1E2,3,3,1.0,0.97098535
OR2A2,3,3,1.0,0.98952967
OR2D2,3,3,1.0,0.9590985
OR2L2,3,3,1.0,0.9356584
OR2L3,3,3,1.0,0.9742064
OR4C3,3,3,1.0,0.9063361
OR51A4,3,3,1.0,0.97385645
OR52I2,3,3,1.0,0.9400022
OR5F1,3,3,1.0,0.9485367
OR6C75,3,3,1.0,0.9698718
OR6Q1,3,3,1.0,0.95575017
OR6V1,3,3,1.0,0.97532797
OR7D2,3,3,1.0,0.9831853
OR8B3,3,3,1.0,0.986625
OR8U1,3,3,1.0,0.9904766
ORC5,3,3,1.0,0.9416694
OSER1,3,3,1.0,0.9863542
OSGIN2,3,3,1.0,0.9884204
OSR1,3,3,1.0,0.86210006
OVOL2,3,3,1.0,0.9659793
OXA1L,3,3,1.0,0.98224735
P2RX7,3,3,1.0,0.9838672
PARD6B,3,3,1.0,0.98901963
PARP14,3,3,1.0,0.9824304
PARP2,3,3,1.0,0.9282176
PAX4,3,3,1.0,0.97336334
PCDHB8,3,3,1.0,0.96704483
PCDHGC4,3,3,1.0,0.9433146
PCYOX1L,3,3,1.0,0.9257195
PDE5A,3,3,1.0,0.96406746
PDGFRL,3,3,1.0,0.88922596
PDHA1,3,3,1.0,0.9149663
PELI2,3,3,1.0,0.87869436
PFKP,3,3,1.0,0.991411
PGM3,3,3,1.0,0.8954962
PGPEP1,3,3,1.0,0.98036546
PHACTR2,3,3,1.0,0.96157223
PHLDB1,3,3,1.0,0.9895614
PLCXD1,3,3,1.0,0.9164877
PLPPR2,3,3,1.0,0.98779947
POLR1B,3,3,1.0,0.9228263
PPEF1,3,3,1.0,0.9201494
PPM1J,3,3,1.0,0.9822314
PRAMEF1,3,3,1.0,0.99086094
PRCP,3,3,1.0,0.94944793
PREP,3,3,1.0,0.870936
PREPL,3,3,1.0,0.9664925
PRKAA2,3,3,1.0,0.9897321
PRKG1,3,3,1.0,0.94477123
PRODH2,3,3,1.0,0.96869546
PSMD12,3,3,1.0,0.94391584
PSPH,3,3,1.0,0.9843934
PTCD1,3,3,1.0,0.98952556
PTGS2,3,3,1.0,0.93468636
PTPN12,3,3,1.0,0.981854
PVR,3,3,1.0,0.9099145
PYGL,3,3,1.0,0.891136
QARS1,3,3,1.0,0.9911108
RAB3C,3,3,1.0,0.9455302
RAD23B,3,3,1.0,0.93941337
RAE1,3,3,1.0,0.9913487
RALGAPB,3,3,1.0,0.9274606
RAMP3,3,3,1.0,0.9886112
RAPGEF3,3,3,1.0,0.98970866
RAPGEF4,3,3,1.0,0.92421454
RBBP5,3,3,1.0,0.96916074
RBM28,3,3,1.0,0.9274866
RGL3,3,3,1.0,0.9913812
RINT1,3,3,1.0,0.98251265
RNASE10,3,3,1.0,0.96195245
RND3,3,3,1.0,0.9368866
RNF128,3,3,1.0,0.93916535
RNF144A,3,3,1.0,0.94756967
RNF214,3,3,1.0,0.9914465
RPL30,3,3,1.0,0.9686684
RRAGD,3,3,1.0,0.9724812
RSPRY1,3,3,1.0,0.99071115
RTBDN,3,3,1.0,0.97852993
RTN4IP1,3,3,1.0,0.9649195
RTRAF,3,3,1.0,0.9868193
RUNX1,3,3,1.0,0.92134696
RYBP,3,3,1.0,0.9649518
SASS6,3,3,1.0,0.99132603
SDAD1,3,3,1.0,0.9896191
SEC24D,3,3,1.0,0.97804403
SEC61A2,3,3,1.0,0.9812801
SENP6,3,3,1.0,0.95445377
SEPTIN10,3,3,1.0,0.9609758
SEPTIN12,3,3,1.0,0.9629043
SESN1,3,3,1.0,0.91992617
SFMBT2,3,3,1.0,0.9890518
SHLD1,3,3,1.0,0.9597104
SIGLEC1,3,3,1.0,0.9359483
SIK3,3,3,1.0,0.90687394
SIL1,3,3,1.0,0.9865725
SLC12A9,3,3,1.0,0.9869518
SLC13A1,3,3,1.0,0.98139596
SLC1A1,3,3,1.0,0.9434312
SLC25A14,3,3,1.0,0.979057
SLC2A12,3,3,1.0,0.96060663
SLC2A13,3,3,1.0,0.956784
SLC36A3,3,3,1.0,0.9232027
SLC38A10,3,3,1.0,0.9453322
SLC39A8,3,3,1.0,0.9559102
SLC5A3,3,3,1.0,0.98642
SLC7A10,3,3,1.0,0.98635167
SLC8A1,3,3,1.0,0.9592102
SLX4IP,3,3,1.0,0.9879424
SMC4,3,3,1.0,0.96515656
SMG5,3,3,1.0,0.9816787
SMPDL3B,3,3,1.0,0.9912512
SNX19,3,3,1.0,0.99121094
SNX27,3,3,1.0,0.989139
SOAT1,3,3,1.0,0.9799878
SPDL1,3,3,1.0,0.981834
SPDYE1,3,3,1.0,0.9520049
SPRYD4,3,3,1.0,0.91081506
SPTLC1,3,3,1.0,0.9914655
SSRP1,3,3,1.0,0.9176903
STAP1,3,3,1.0,0.9809671
STARD3NL,3,3,1.0,0.98685193
STAU2,3,3,1.0,0.95338386
STIL,3,3,1.0,0.9095691
STK39,3,3,1.0,0.92084044
SUPT20HL1,3,3,1.0,0.9122925
TBC1D3B,3,3,1.0,0.98947763
TBP,3,3,1.0,0.9731827
TBX6,3,3,1.0,0.9861024
TCAF1,3,3,1.0,0.99004394
TCEAL5,3,3,1.0,0.9749346
TCEAL6,3,3,1.0,0.94262177
TCERG1,3,3,1.0,0.96978813
TDO2,3,3,1.0,0.96392816
TERB2,3,3,1.0,0.9458256
TEX10,3,3,1.0,0.9242344
TEX101,3,3,1.0,0.979044
TEX29,3,3,1.0,0.9884608
TEX55,3,3,1.0,0.97952986
TFAP2B,3,3,1.0,0.91943187
TIMM44,3,3,1.0,0.9555424
TJAP1,3,3,1.0,0.90001494
TM4SF20,3,3,1.0,0.9587696
TM7SF2,3,3,1.0,0.9802728
TMEM144,3,3,1.0,0.9591622
TMEM181,3,3,1.0,0.974227
TMEM200C,3,3,1.0,0.99030143
TMEM38A,3,3,1.0,0.9544754
TMEM45B,3,3,1.0,0.9878742
TMPRSS11E,3,3,1.0,0.9707168
TMTC4,3,3,1.0,0.93283993
TNFAIP8L3,3,3,1.0,0.9596329
TPH1,3,3,1.0,0.98947066
TPST1,3,3,1.0,0.9645593
TRAM1L1,3,3,1.0,0.88537675
TRBV3-1,3,3,1.0,0.9842505
TRBV4-1,3,3,1.0,0.9840469
TRHR,3,3,1.0,0.97286963
TRIM27,3,3,1.0,0.91940814
TRIM65,3,3,1.0,0.97531676
TRMT10B,3,3,1.0,0.971312
TRO,3,3,1.0,0.991211
TSPAN12,3,3,1.0,0.9763506
TTPAL,3,3,1.0,0.9689905
TUBA1C,3,3,1.0,0.97501326
TUBA4A,3,3,1.0,0.96830434
TULP1,3,3,1.0,0.9576737
TUT7,3,3,1.0,0.99066234
TXNIP,3,3,1.0,0.98032904
UBE3D,3,3,1.0,0.97103804
UBQLNL,3,3,1.0,0.9241142
UBR3,3,3,1.0,0.92331487
UGT2A2,3,3,1.0,0.983857
USP14,3,3,1.0,0.94932455
VAV3,3,3,1.0,0.93054694
VEPH1,3,3,1.0,0.98839045
VN1R4,3,3,1.0,0.9765951
VWC2,3,3,1.0,0.9178327
WAPL,3,3,1.0,0.98934126
WASF3,3,3,1.0,0.9702049
WDR35,3,3,1.0,0.98250914
WDR92,3,3,1.0,0.96733123
WNT4,3,3,1.0,0.9533808
YTHDF2,3,3,1.0,0.9395933
ZBBX,3,3,1.0,0.9868557
ZC3H7A,3,3,1.0,0.94810754
ZKSCAN1,3,3,1.0,0.9905599
ZKSCAN3,3,3,1.0,0.97241974
ZNF112,3,3,1.0,0.9799623
ZNF14,3,3,1.0,0.98982614
ZNF205,3,3,1.0,0.9731439
ZNF3,3,3,1.0,0.9905912
ZNF347,3,3,1.0,0.98958135
ZNF366,3,3,1.0,0.96020395
ZNF417,3,3,1.0,0.9847784
ZNF473,3,3,1.0,0.96675056
ZNF578,3,3,1.0,0.98728806
ZNF630,3,3,1.0,0.966315
ZNF662,3,3,1.0,0.93624514
ZNF700,3,3,1.0,0.9217448
ZNF768,3,3,1.0,0.9908018
ZNF77,3,3,1.0,0.9613367
ZNF875,3,3,1.0,0.9867678
ZPBP2,3,3,1.0,0.9770048
ZYX,3,3,1.0,0.9595751
ACP3,4,3,0.75,0.8206347
ACTBL2,4,3,0.75,0.81756413
ACVR1C,4,3,0.75,0.7173823
ADAM9,4,3,0.75,0.8986826
ADCY2,4,3,0.75,0.7362095
AGFG1,4,3,0.75,0.71290463
AGPAT4,4,3,0.75,0.7126959
AGTPBP1,4,3,0.75,0.8262883
AKAP17A,4,3,0.75,0.8114306
ALDH3B2,4,3,0.75,0.8121568
ANGEL2,4,3,0.75,0.70721716
ANO9,4,3,0.75,0.7516688
AQP9,4,3,0.75,0.8518556
ARHGAP18,4,3,0.75,0.7386298
ARHGAP29,4,3,0.75,0.75100255
ARHGAP5,4,3,0.75,0.83383507
ARHGEF19,4,3,0.75,0.87948745
ARHGEF40,4,3,0.75,0.8326305
ARMC6,4,3,0.75,0.8021287
ART4,4,3,0.75,0.74689406
ASB15,4,3,0.75,0.898018
ATP13A5,4,3,0.75,0.7344234
ATP1A4,4,3,0.75,0.7808144
ATP2B4,4,3,0.75,0.911909
ATP6V0A1,4,3,0.75,0.7514645
BCL6B,4,3,0.75,0.7428434
BCL9,4,3,0.75,0.66509163
BEST3,4,3,0.75,0.8866949
BICC1,4,3,0.75,0.7871951
BTBD9,4,3,0.75,0.7605995
BTK,4,3,0.75,0.6971892
BUB1,4,3,0.75,0.6777044
C10orf90,4,3,0.75,0.7196241
CA8,4,3,0.75,0.67887294
CARM1,4,3,0.75,0.7427536
CASD1,4,3,0.75,0.80858415
CCAR2,4,3,0.75,0.688461
CCDC173,4,3,0.75,0.8134877
CCDC27,4,3,0.75,0.775002
CCDC6,4,3,0.75,0.88322663
CCDC66,4,3,0.75,0.69610393
CCDC7,4,3,0.75,0.7383356
CCL14,4,3,0.75,0.8696315
CCT6B,4,3,0.75,0.8260145
CDC42BPB,4,3,0.75,0.72903705
CDH13,4,3,0.75,0.6985573
CDH16,4,3,0.75,0.86017823
CDKAL1,4,3,0.75,0.6777077
CELF5,4,3,0.75,0.71513605
CEP135,4,3,0.75,0.9117031
CEP164,4,3,0.75,0.7434001
CEP290,4,3,0.75,0.7248881
CHST1,4,3,0.75,0.73244095
CKAP2,4,3,0.75,0.8111119
CKMT1B,4,3,0.75,0.8528693
CLU,4,3,0.75,0.77926946
CNTRL,4,3,0.75,0.9135434
COL10A1,4,3,0.75,0.7916434
COLGALT2,4,3,0.75,0.7507131
COPG1,4,3,0.75,0.8555623
COPG2,4,3,0.75,0.8402879
CPNE4,4,3,0.75,0.78912956
CPXCR1,4,3,0.75,0.7210115
CSPP1,4,3,0.75,0.7366673
CXADR,4,3,0.75,0.7148626
CXXC1,4,3,0.75,0.7492335
CYP11B1,4,3,0.75,0.8678237
CYP1A2,4,3,0.75,0.8676609
CYP2D6,4,3,0.75,0.7008745
DAB2IP,4,3,0.75,0.7426731
DAGLA,4,3,0.75,0.87670076
DDX10,4,3,0.75,0.8054745
DDX54,4,3,0.75,0.7424445
DGCR2,4,3,0.75,0.72264504
DHX40,4,3,0.75,0.7728411
DIABLO,4,3,0.75,0.8129444
DMTF1,4,3,0.75,0.7737843
DNAJB8,4,3,0.75,0.83482456
DNAJC1,4,3,0.75,0.8999746
DNAJC2,4,3,0.75,0.7398224
DNM1,4,3,0.75,0.68455225
DNMT3B,4,3,0.75,0.6798804
DRD2,4,3,0.75,0.8250484
DYRK4,4,3,0.75,0.74976116
DZANK1,4,3,0.75,0.7796374
EBF3,4,3,0.75,0.88334715
EEF1AKMT4-ECE2,4,3,0.75,0.7437154
EEF2K,4,3,0.75,0.70918703
EIF3M,4,3,0.75,0.8463352
ELOVL2,4,3,0.75,0.8186809
ELOVL4,4,3,0.75,0.87147546
ENC1,4,3,0.75,0.7022992
ERAP2,4,3,0.75,0.7337405
ESCO1,4,3,0.75,0.8732807
ETAA1,4,3,0.75,0.82411367
ETS1,4,3,0.75,0.80657876
EVC,4,3,0.75,0.73865354
FARSA,4,3,0.75,0.74117833
FASTKD5,4,3,0.75,0.76608354
FBP2,4,3,0.75,0.7405654
FEZ2,4,3,0.75,0.7274996
FGFR3,4,3,0.75,0.7076288
FGG,4,3,0.75,0.8630869
FGL1,4,3,0.75,0.7778906
FOLH1,4,3,0.75,0.8570774
G3BP2,4,3,0.75,0.73809206
GARRE1,4,3,0.75,0.8947847
GBP1,4,3,0.75,0.7491691
GCK,4,3,0.75,0.7796182
GIGYF2,4,3,0.75,0.71038854
GIMAP8,4,3,0.75,0.90293974
GIPC1,4,3,0.75,0.75904906
GK2,4,3,0.75,0.72411585
GLIPR1,4,3,0.75,0.75386935
GLP1R,4,3,0.75,0.6889546
GLYCTK,4,3,0.75,0.74477285
GNGT2,4,3,0.75,0.8017889
GOLM1,4,3,0.75,0.73434156
GPR45,4,3,0.75,0.7178392
GPR50,4,3,0.75,0.7055468
GPR61,4,3,0.75,0.7841395
GPRIN2,4,3,0.75,0.8362695
GPS1,4,3,0.75,0.7802
GRK2,4,3,0.75,0.7724372
GSDMA,4,3,0.75,0.81674206
GTF2IRD1,4,3,0.75,0.7478585
HAS2,4,3,0.75,0.9004096
HASPIN,4,3,0.75,0.8762423
HCN2,4,3,0.75,0.7410307
HCRTR1,4,3,0.75,0.892813
HDAC1,4,3,0.75,0.8396595
HERPUD2,4,3,0.75,0.74075294
HMBOX1,4,3,0.75,0.7678711
HNF1A,4,3,0.75,0.8482735
HPN,4,3,0.75,0.8795096
HR,4,3,0.75,0.7264834
HS3ST3A1,4,3,0.75,0.8414906
HSF2,4,3,0.75,0.8938247
HTR1F,4,3,0.75,0.8054865
IFIT5,4,3,0.75,0.8171878
IGF2BP3,4,3,0.75,0.72318417
IL1RL1,4,3,0.75,0.7445063
IL2RA,4,3,0.75,0.727673
IL4I1,4,3,0.75,0.72316504
IL7R,4,3,0.75,0.755062
INTS10,4,3,0.75,0.8308187
IPP,4,3,0.75,0.73604524
IQUB,4,3,0.75,0.80600417
IRAK4,4,3,0.75,0.87589693
ISLR,4,3,0.75,0.7980062
KCNC4,4,3,0.75,0.75196445
KCNH2,4,3,0.75,0.80866516
KCNS3,4,3,0.75,0.83877635
KCTD19,4,3,0.75,0.74694
KIF13A,4,3,0.75,0.7424438
KIF21B,4,3,0.75,0.72750884
KLHL38,4,3,0.75,0.7850995
KRT12,4,3,0.75,0.70104116
KRT33B,4,3,0.75,0.8992881
LAMP3,4,3,0.75,0.8763255
LEO1,4,3,0.75,0.8797661
LGALS14,4,3,0.75,0.88125473
LHFPL1,4,3,0.75,0.7204613
LPP,4,3,0.75,0.6874578
LYN,4,3,0.75,0.75664973
MALT1,4,3,0.75,0.7916691
MAMDC2,4,3,0.75,0.7331785
MAP6,4,3,0.75,0.78530926
MAP9,4,3,0.75,0.7342168
MAPK9,4,3,0.75,0.80695224
MARCHF6,4,3,0.75,0.88129485
MC2R,4,3,0.75,0.81166136
MCCC1,4,3,0.75,0.7482867
MCOLN1,4,3,0.75,0.6997479
MEIS3,4,3,0.75,0.7853694
MEST,4,3,0.75,0.79795
MFN1,4,3,0.75,0.7293117
MIDEAS,4,3,0.75,0.7237924
MIER3,4,3,0.75,0.73744106
MINDY4,4,3,0.75,0.9006901
MLH3,4,3,0.75,0.694369
MMP9,4,3,0.75,0.7348512
MMS22L,4,3,0.75,0.8873749
MROH7,4,3,0.75,0.8192061
MS4A6A,4,3,0.75,0.8291915
MTMR2,4,3,0.75,0.7827678
MX1,4,3,0.75,0.8162072
MYCBPAP,4,3,0.75,0.9017518
MYF5,4,3,0.75,0.8674462
MYRF,4,3,0.75,0.6979607
NBEAL1,4,3,0.75,0.66732526
NCR1,4,3,0.75,0.6711384
NECAB1,4,3,0.75,0.73264194
NFXL1,4,3,0.75,0.77092576
NINL,4,3,0.75,0.7931478
NSUN5,4,3,0.75,0.863085
NUP107,4,3,0.75,0.7596603
NXPH1,4,3,0.75,0.89540154
OPCML,4,3,0.75,0.831867
OPRL1,4,3,0.75,0.7391872
OR10H1,4,3,0.75,0.87038785
OR10V1,4,3,0.75,0.8908641
OR2F2,4,3,0.75,0.8067157
OR2L8,4,3,0.75,0.8576758
OR2T1,4,3,0.75,0.8225266
OR2T27,4,3,0.75,0.722868
OR4N2,4,3,0.75,0.6999681
OR4Q3,4,3,0.75,0.7216681
OR52E8,4,3,0.75,0.87041277
OR52H1,4,3,0.75,0.7147458
OR5K2,4,3,0.75,0.8210493
OR5L2,4,3,0.75,0.7061062
OR5M8,4,3,0.75,0.70102084
OR6C3,4,3,0.75,0.84145355
OR8A1,4,3,0.75,0.9056553
OR8G2P,4,3,0.75,0.7371127
OR9A4,4,3,0.75,0.73428154
OSBP,4,3,0.75,0.7927469
OSBPL6,4,3,0.75,0.70652467
P3H2,4,3,0.75,0.7189205
PCDHB2,4,3,0.75,0.6925375
PCIF1,4,3,0.75,0.7331604
PCYT1A,4,3,0.75,0.8085654
PFKL,4,3,0.75,0.6747767
PGGHG,4,3,0.75,0.7547398
PHF21A,4,3,0.75,0.8274636
PHKB,4,3,0.75,0.7974255
PIAS3,4,3,0.75,0.79716843
PIK3CD,4,3,0.75,0.7746019
PIP5K1B,4,3,0.75,0.7778953
PLIN2,4,3,0.75,0.79429793
PNLDC1,4,3,0.75,0.75241053
PON3,4,3,0.75,0.7405617
PPAN-P2RY11,4,3,0.75,0.7239746
PPARGC1A,4,3,0.75,0.7922842
PPFIA1,4,3,0.75,0.7923248
PPIP5K2,4,3,0.75,0.7141601
PRDM1,4,3,0.75,0.71530044
PRICKLE2,4,3,0.75,0.6815908
PRKAR2B,4,3,0.75,0.74437904
PROC,4,3,0.75,0.7496872
PSG9,4,3,0.75,0.78903234
PSME4,4,3,0.75,0.74804056
PTGER3,4,3,0.75,0.78045726
PTPDC1,4,3,0.75,0.8329078
QKI,4,3,0.75,0.77256733
RAB40A,4,3,0.75,0.72963935
RAB4B,4,3,0.75,0.8538114
RAD51C,4,3,0.75,0.73731667
RAD54B,4,3,0.75,0.7458272
RASGRP2,4,3,0.75,0.73427016
RASSF6,4,3,0.75,0.7389364
RBM15,4,3,0.75,0.8212
RBM33,4,3,0.75,0.70074034
RDH8,4,3,0.75,0.80686474
RFPL1,4,3,0.75,0.7263266
RFWD3,4,3,0.75,0.79894435
RGS3,4,3,0.75,0.7249727
RIPK2,4,3,0.75,0.7439479
RNF20,4,3,0.75,0.8535496
RP2,4,3,0.75,0.73479795
RPAP1,4,3,0.75,0.73009044
RPS6KB1,4,3,0.75,0.7372488
RTEL1,4,3,0.75,0.84226733
SAP130,4,3,0.75,0.8678908
SATB1,4,3,0.75,0.7151465
SCNN1D,4,3,0.75,0.7649577
SEC16B,4,3,0.75,0.7947678
SEC31B,4,3,0.75,0.7864813
SEMA5B,4,3,0.75,0.7709454
SERPINB8,4,3,0.75,0.68724394
SERPINE1,4,3,0.75,0.7769615
SETD3,4,3,0.75,0.84086585
SETD7,4,3,0.75,0.76492095
SFXN1,4,3,0.75,0.8279111
SGCZ,4,3,0.75,0.80588764
SGK1,4,3,0.75,0.6832993
SGSM3,4,3,0.75,0.6888485
SH3PXD2B,4,3,0.75,0.6611513
SH3RF2,4,3,0.75,0.8132003
SH3YL1,4,3,0.75,0.8644531
SIGLEC5,4,3,0.75,0.8136937
SIMC1,4,3,0.75,0.7864901
SIRT3,4,3,0.75,0.75567704
SKA2,4,3,0.75,0.69006777
SLC10A4,4,3,0.75,0.8584826
SLC15A2,4,3,0.75,0.8337588
SLC17A5,4,3,0.75,0.7380161
SLC18A3,4,3,0.75,0.7263471
SLC20A2,4,3,0.75,0.72767466
SLC26A2,4,3,0.75,0.74914396
SLC26A8,4,3,0.75,0.7727866
SLC27A1,4,3,0.75,0.7121578
SLC28A1,4,3,0.75,0.78769404
SLC2A4,4,3,0.75,0.8021007
SLC44A1,4,3,0.75,0.7189673
SLC44A3,4,3,0.75,0.7477119
SLC5A4,4,3,0.75,0.69950515
SLC6A1,4,3,0.75,0.74012387
SLC7A13,4,3,0.75,0.708824
SLC9A1,4,3,0.75,0.7374784
SLCO4A1,4,3,0.75,0.67522323
SLMAP,4,3,0.75,0.7361748
SLTM,4,3,0.75,0.77581143
SMC2,4,3,0.75,0.7562389
SNCAIP,4,3,0.75,0.7010009
SNX9,4,3,0.75,0.7995527
SOGA3,4,3,0.75,0.90512437
SP3,4,3,0.75,0.8579728
SPATA22,4,3,0.75,0.7281999
SPECC1,4,3,0.75,0.8511095
SPIC,4,3,0.75,0.83592
SPINT1,4,3,0.75,0.8547488
SPOCK1,4,3,0.75,0.7353506
SPRY3,4,3,0.75,0.6951649
SRPRA,4,3,0.75,0.6842402
SRRT,4,3,0.75,0.70736325
STAT1,4,3,0.75,0.8115878
STXBP2,4,3,0.75,0.8013867
SUV39H2,4,3,0.75,0.7280217
SYT12,4,3,0.75,0.82972383
SYT6,4,3,0.75,0.82609683
TAF7L,4,3,0.75,0.67578524
TAOK1,4,3,0.75,0.92891145
TAPT1,4,3,0.75,0.7572864
TAS2R9,4,3,0.75,0.780335
TET2,4,3,0.75,0.90937155
THRAP3,4,3,0.75,0.8953384
TINAG,4,3,0.75,0.8398313
TINF2,4,3,0.75,0.6988189
TJP2,4,3,0.75,0.7432203
TKTL1,4,3,0.75,0.73760086
TLR3,4,3,0.75,0.8216631
TMEM104,4,3,0.75,0.7931172
TMEM215,4,3,0.75,0.9192136
TMEM94,4,3,0.75,0.82520014
TNKS1BP1,4,3,0.75,0.7431831
TOP1MT,4,3,0.75,0.74329257
TOP2A,4,3,0.75,0.73710334
TOPBP1,4,3,0.75,0.7548516
TOX,4,3,0.75,0.73849845
TOX3,4,3,0.75,0.91904914
TPCN1,4,3,0.75,0.8645097
TPSD1,4,3,0.75,0.8712445
TRA2A,4,3,0.75,0.85040385
TRA2B,4,3,0.75,0.76539516
TRAF1,4,3,0.75,0.7131485
TRAF3,4,3,0.75,0.74287724
TRAPPC9,4,3,0.75,0.7447293
TREML1,4,3,0.75,0.8095107
TRIM23,4,3,0.75,0.82787913
TRIM3,4,3,0.75,0.8516493
TRIM46,4,3,0.75,0.8169091
TRIP13,4,3,0.75,0.7066274
TSSK1B,4,3,0.75,0.900452
TTC6,4,3,0.75,0.83065844
TTLL12,4,3,0.75,0.7240102
TXNRD1,4,3,0.75,0.8302141
TYRO3,4,3,0.75,0.6942849
TYRP1,4,3,0.75,0.851534
UBA6,4,3,0.75,0.7916599
UGT8,4,3,0.75,0.7353923
USP22,4,3,0.75,0.8720745
USP33,4,3,0.75,0.8329096
USP37,4,3,0.75,0.73024714
USP54,4,3,0.75,0.80390054
USPL1,4,3,0.75,0.9103802
VCL,4,3,0.75,0.84634775
VCPIP1,4,3,0.75,0.8224329
VPS18,4,3,0.75,0.84898484
VPS53,4,3,0.75,0.85723716
VWA8,4,3,0.75,0.74008197
WDPCP,4,3,0.75,0.7385783
WIF1,4,3,0.75,0.72174186
WSCD1,4,3,0.75,0.7282521
WT1,4,3,0.75,0.6593719
XYLT1,4,3,0.75,0.79517716
YIPF6,4,3,0.75,0.8915892
ZBED1,4,3,0.75,0.79097027
ZFP64,4,3,0.75,0.73424715
ZNF100,4,3,0.75,0.7038004
ZNF135,4,3,0.75,0.7703336
ZNF182,4,3,0.75,0.74090564
ZNF207,4,3,0.75,0.8725937
ZNF257,4,3,0.75,0.7180871
ZNF267,4,3,0.75,0.86648613
ZNF285,4,3,0.75,0.8218174
ZNF302,4,3,0.75,0.7151345
ZNF468,4,3,0.75,0.8483915
ZNF483,4,3,0.75,0.6990216
ZNF496,4,3,0.75,0.69178987
ZNF540,4,3,0.75,0.8950583
ZNF544,4,3,0.75,0.7334272
ZNF599,4,3,0.75,0.7754961
ZNF623,4,3,0.75,0.7360014
ZNF664,4,3,0.75,0.73901653
ZNF674,4,3,0.75,0.83238935
ZNF862,4,3,0.75,0.7080342
ZNF878,4,3,0.75,0.6470625
ZSCAN29,4,3,0.75,0.78132933
AACS,5,3,0.6,0.6915668
AC092718.9,5,3,0.6,0.55746526
ACSM1,5,3,0.6,0.67839146
ACSM2A,5,3,0.6,0.78035456
ACTL9,5,3,0.6,0.8007482
ACTR8,5,3,0.6,0.6845736
ADGRG6,5,3,0.6,0.7059415
ADNP2,5,3,0.6,0.73581445
AFP,5,3,0.6,0.6435066
AHSA1,5,3,0.6,0.56989276
AL353804.6,5,3,0.6,0.56273973
ALDH1A2,5,3,0.6,0.7024801
ANKAR,5,3,0.6,0.729746
ANO6,5,3,0.6,0.7060097
ARMCX2,5,3,0.6,0.8114317
ARSL,5,3,0.6,0.61033916
ART1,5,3,0.6,0.70630085
ASB10,5,3,0.6,0.5920142
ATAD2,5,3,0.6,0.65603566
ATF7IP2,5,3,0.6,0.83079064
ATP11B,5,3,0.6,0.5871757
ATP6V1C1,5,3,0.6,0.68175495
ATXN2L,5,3,0.6,0.7017549
BICD1,5,3,0.6,0.6773979
BRINP3,5,3,0.6,0.71586335
BRPF3,5,3,0.6,0.6366752
BRS3,5,3,0.6,0.6803817
C18orf54,5,3,0.6,0.63868177
CAMKK2,5,3,0.6,0.55567396
CAND2,5,3,0.6,0.57577044
CARMIL3,5,3,0.6,0.5801109
CBLIF,5,3,0.6,0.5885791
CCDC125,5,3,0.6,0.6423767
CCDC141,5,3,0.6,0.5437645
CCDC33,5,3,0.6,0.66647017
CD86,5,3,0.6,0.73626727
CDH11,5,3,0.6,0.6566608
CDH17,5,3,0.6,0.6190583
CDHR5,5,3,0.6,0.6978818
CEACAM20,5,3,0.6,0.5870529
CEP95,5,3,0.6,0.8466965
CFAP61,5,3,0.6,0.7073318
CHRND,5,3,0.6,0.726409
CILP,5,3,0.6,0.72611284
CIP2A,5,3,0.6,0.6691394
CNR1,5,3,0.6,0.6886385
COL7A1,5,3,0.6,0.65055287
CRACD,5,3,0.6,0.6838486
CRISP3,5,3,0.6,0.69884986
CSF2RB,5,3,0.6,0.6174274
CWF19L2,5,3,0.6,0.66445416
CYP2C18,5,3,0.6,0.5606039
DCST1,5,3,0.6,0.6812733
DCSTAMP,5,3,0.6,0.65216005
DENND2A,5,3,0.6,0.59844774
DENND4A,5,3,0.6,0.55745196
DGKE,5,3,0.6,0.70803577
DHX36,5,3,0.6,0.6198679
DMGDH,5,3,0.6,0.72067255
DNAJC10,5,3,0.6,0.660072
DNMT3A,5,3,0.6,0.5896024
DOP1B,5,3,0.6,0.58942735
DPPA4,5,3,0.6,0.7406883
DRP2,5,3,0.6,0.53656286
DVL1,5,3,0.6,0.5534029
EEF1A2,5,3,0.6,0.60954905
EHBP1L1,5,3,0.6,0.55405074
EIF2S3,5,3,0.6,0.5736284
EIF4G2,5,3,0.6,0.7497733
ELAPOR1,5,3,0.6,0.66973615
ELF2,5,3,0.6,0.6183143
ELOVL7,5,3,0.6,0.6508295
ELSPBP1,5,3,0.6,0.6163927
EXD1,5,3,0.6,0.72115374
EXT2,5,3,0.6,0.6374671
FAM74A3,5,3,0.6,0.6170811
FAM9A,5,3,0.6,0.590984
FANCA,5,3,0.6,0.7045597
FBXO24,5,3,0.6,0.73318166
FECH,5,3,0.6,0.83477604
FGFR1,5,3,0.6,0.5953921
FGFR2,5,3,0.6,0.65623784
FIZ1,5,3,0.6,0.6018953
FMR1NB,5,3,0.6,0.5611326
FOXI1,5,3,0.6,0.60986954
FYCO1,5,3,0.6,0.6812979
GABRA2,5,3,0.6,0.6434546
GABRB1,5,3,0.6,0.8059252
GABRD,5,3,0.6,0.7821496
GALM,5,3,0.6,0.58859867
GALNT10,5,3,0.6,0.6801346
GALNT14,5,3,0.6,0.7886493
GANAB,5,3,0.6,0.6245702
GATA3,5,3,0.6,0.50972164
GBA3,5,3,0.6,0.5670689
GBP3,5,3,0.6,0.6052984
GDF5,5,3,0.6,0.7164782
GLG1,5,3,0.6,0.5588237
GLIS1,5,3,0.6,0.5445174
GLYR1,5,3,0.6,0.6244443
GML,5,3,0.6,0.7264874
GNB1L,5,3,0.6,0.59475636
GPI,5,3,0.6,0.6505126
GPR142,5,3,0.6,0.5915359
GPRASP2,5,3,0.6,0.578195
GRID2,5,3,0.6,0.5741021
GRIK4,5,3,0.6,0.73882693
HCAR3,5,3,0.6,0.66313326
HKDC1,5,3,0.6,0.6126612
HOXB1,5,3,0.6,0.6113659
HOXC11,5,3,0.6,0.6385394
HPS5,5,3,0.6,0.74498314
HS3ST1,5,3,0.6,0.7266876
HS6ST2,5,3,0.6,0.6109279
IFT122,5,3,0.6,0.6815396
IGSF9B,5,3,0.6,0.5448338
IMPDH1,5,3,0.6,0.6350218
INTS1,5,3,0.6,0.6937963
IQCA1,5,3,0.6,0.58650917
IRAG2,5,3,0.6,0.6674739
IRS4,5,3,0.6,0.591788
ITGA1,5,3,0.6,0.8197859
JAG1,5,3,0.6,0.5888916
KBTBD3,5,3,0.6,0.63597155
KCNA5,5,3,0.6,0.56876266
KDM4B,5,3,0.6,0.5900459
KIF1C,5,3,0.6,0.6151163
KLKB1,5,3,0.6,0.6285121
KRT25,5,3,0.6,0.65818334
KRT27,5,3,0.6,0.73299295
KRT73,5,3,0.6,0.7622018
KRT8,5,3,0.6,0.6105449
KRTAP10-7,5,3,0.6,0.6701015
KRTAP13-1,5,3,0.6,0.6308588
LATS1,5,3,0.6,0.85030556
LIG3,5,3,0.6,0.858774
LINGO4,5,3,0.6,0.58578956
LMBRD1,5,3,0.6,0.62096393
LNX1,5,3,0.6,0.8267924
LRRC30,5,3,0.6,0.7724962
LRRC31,5,3,0.6,0.6754956
LRRIQ3,5,3,0.6,0.62987244
LSMEM1,5,3,0.6,0.6845422
LZTS1,5,3,0.6,0.5845031
MACROD2,5,3,0.6,0.52255094
MAGEA10,5,3,0.6,0.5859826
MAN2B1,5,3,0.6,0.55285233
MAPK3,5,3,0.6,0.5945231
MASP1,5,3,0.6,0.6638109
MECR,5,3,0.6,0.67980343
MELTF,5,3,0.6,0.67679363
MEN1,5,3,0.6,0.6113897
MGRN1,5,3,0.6,0.7052439
MIA3,5,3,0.6,0.68133175
MICAL1,5,3,0.6,0.7324176
MMEL1,5,3,0.6,0.6919789
MRGPRX4,5,3,0.6,0.58989656
MS4A3,5,3,0.6,0.81529236
MSH5,5,3,0.6,0.53415227
MTA2,5,3,0.6,0.64688504
MTHFD1L,5,3,0.6,0.5414429
MTMR3,5,3,0.6,0.86239946
MTTP,5,3,0.6,0.6272086
MYO1F,5,3,0.6,0.7309232
NAGA,5,3,0.6,0.60938203
NCOA5,5,3,0.6,0.78570163
NDST1,5,3,0.6,0.78710544
NECTIN4,5,3,0.6,0.5474001
NEK6,5,3,0.6,0.6050478
NELL2,5,3,0.6,0.529352
NEU2,5,3,0.6,0.61862797
NEXMIF,5,3,0.6,0.56967896
NIPAL4,5,3,0.6,0.60067564
NLRC5,5,3,0.6,0.74703854
NPR2,5,3,0.6,0.558673
NTAQ1,5,3,0.6,0.5695416
NUP133,5,3,0.6,0.68100554
NUP155,5,3,0.6,0.70967597
OCRL,5,3,0.6,0.58110535
OFD1,5,3,0.6,0.5705034
OOEP,5,3,0.6,0.58778447
OR13C9,5,3,0.6,0.84344673
OR51D1,5,3,0.6,0.72885555
OR52D1,5,3,0.6,0.6930934
OR7G3,5,3,0.6,0.67262095
OR8H3,5,3,0.6,0.70524925
OSBPL1A,5,3,0.6,0.62614805
OTUD7B,5,3,0.6,0.6847162
P3H1,5,3,0.6,0.7575409
PALLD,5,3,0.6,0.63393146
PCDHGA7,5,3,0.6,0.6051826
PDE11A,5,3,0.6,0.6249007
PDE3A,5,3,0.6,0.8652004
PDE6C,5,3,0.6,0.6420526
PDIA4,5,3,0.6,0.67000663
PEAR1,5,3,0.6,0.6816912
PGBD2,5,3,0.6,0.6431299
PHRF1,5,3,0.6,0.5470917
PIEZO2,5,3,0.6,0.6053959
PIK3C2A,5,3,0.6,0.6681598
PLCH2,5,3,0.6,0.5501502
PLD1,5,3,0.6,0.69545954
PLEKHG4,5,3,0.6,0.6014689
PLEKHM3,5,3,0.6,0.8116602
PLG,5,3,0.6,0.67716485
PLK3,5,3,0.6,0.6230324
POC1B,5,3,0.6,0.5727771
POLR3C,5,3,0.6,0.5871639
POTED,5,3,0.6,0.5773271
PPP2R3A,5,3,0.6,0.72695017
PPP6R3,5,3,0.6,0.690546
PRDM2,5,3,0.6,0.60242283
PRMT7,5,3,0.6,0.59486145
PRPF6,5,3,0.6,0.6772953
PSMB11,5,3,0.6,0.62723106
PSMC4,5,3,0.6,0.75031716
PTCD2,5,3,0.6,0.79679364
PTPRK,5,3,0.6,0.63738155
QTRT1,5,3,0.6,0.5952934
RABGEF1,5,3,0.6,0.7188323
RAD50,5,3,0.6,0.7261486
RAD54L2,5,3,0.6,0.5900837
RAG2,5,3,0.6,0.5219299
RAPGEF1,5,3,0.6,0.71806693
RBM10,5,3,0.6,0.57318175
RBM48,5,3,0.6,0.60327965
REM1,5,3,0.6,0.71289885
RGR,5,3,0.6,0.55396926
RHOH,5,3,0.6,0.58729565
RICTOR,5,3,0.6,0.7800644
RNF34,5,3,0.6,0.5856428
ROR1,5,3,0.6,0.6954402
RPH3A,5,3,0.6,0.72299606
RRM1,5,3,0.6,0.70367014
RRP8,5,3,0.6,0.6538024
RUNX2,5,3,0.6,0.60227144
RXFP2,5,3,0.6,0.71878177
SCYL2,5,3,0.6,0.710575
SEMA6D,5,3,0.6,0.7235441
SERPINA6,5,3,0.6,0.7248556
SERPINB3,5,3,0.6,0.5928186
SETX,5,3,0.6,0.5948669
SFI1,5,3,0.6,0.72874415
SH3TC2,5,3,0.6,0.83153373
SIRPG,5,3,0.6,0.7853225
SLC1A2,5,3,0.6,0.64274627
SLC22A11,5,3,0.6,0.55955154
SLC5A12,5,3,0.6,0.7785861
SOS1,5,3,0.6,0.5621071
SP4,5,3,0.6,0.70028114
SPATA5,5,3,0.6,0.6056442
SPATC1,5,3,0.6,0.7159576
SRBD1,5,3,0.6,0.78257
SRPK2,5,3,0.6,0.6206646
SRPK3,5,3,0.6,0.83950806
SSTR2,5,3,0.6,0.7192179
STAR,5,3,0.6,0.70932436
STAT4,5,3,0.6,0.6534589
SUFU,5,3,0.6,0.675722
SYK,5,3,0.6,0.5943866
SYNGAP1,5,3,0.6,0.5595864
TBC1D4,5,3,0.6,0.69625986
TBC1D9B,5,3,0.6,0.5831512
TBPL2,5,3,0.6,0.63869244
TFAP2A,5,3,0.6,0.5976453
THBS4,5,3,0.6,0.7367298
TLR5,5,3,0.6,0.7366403
TM7SF3,5,3,0.6,0.70360357
TM9SF4,5,3,0.6,0.5936426
TMC3,5,3,0.6,0.6388926
TMEM214,5,3,0.6,0.56886816
TNS4,5,3,0.6,0.67246974
TRPV4,5,3,0.6,0.7476155
TTC13,5,3,0.6,0.663397
TTC14,5,3,0.6,0.60648847
TTC21B,5,3,0.6,0.66894585
TTC22,5,3,0.6,0.5802761
TUSC3,5,3,0.6,0.8212674
TWNK,5,3,0.6,0.7164796
UBE3B,5,3,0.6,0.6422863
UBQLN2,5,3,0.6,0.57923925
UGT2B10,5,3,0.6,0.7127088
ULK4,5,3,0.6,0.5905258
UNC45A,5,3,0.6,0.72067595
UTP14C,5,3,0.6,0.5882494
VANGL1,5,3,0.6,0.5349791
VEGFA,5,3,0.6,0.8364363
WDR11,5,3,0.6,0.66133857
WSCD2,5,3,0.6,0.6492363
WWC2,5,3,0.6,0.60591155
XCL1,5,3,0.6,0.6581787
YTHDC2,5,3,0.6,0.5987274
YY2,5,3,0.6,0.62772
ZBTB21,5,3,0.6,0.7412014
ZBTB40,5,3,0.6,0.6217184
ZBTB7C,5,3,0.6,0.5650323
ZCCHC14,5,3,0.6,0.74368644
ZCWPW1,5,3,0.6,0.5504414
ZMIZ2,5,3,0.6,0.7323422
ZMYND15,5,3,0.6,0.64682525
ZNF107,5,3,0.6,0.6726922
ZNF217,5,3,0.6,0.67628974
ZNF23,5,3,0.6,0.6946398
ZNF26,5,3,0.6,0.58911854
ZNF337,5,3,0.6,0.65742123
ZNF543,5,3,0.6,0.59044254
ZNF572,5,3,0.6,0.72725266
ZNF609,5,3,0.6,0.7125912
ZNF665,5,3,0.6,0.7600171
ZNF681,5,3,0.6,0.5662794
ZNF84,5,3,0.6,0.51266634
AADACL4,6,3,0.5,0.49892578
ABCD2,6,3,0.5,0.57569855
ABCG1,6,3,0.5,0.48912826
AC126283.2,6,3,0.5,0.6932991
ACSL4,6,3,0.5,0.60280985
ACSS3,6,3,0.5,0.61004966
ACTN1,6,3,0.5,0.49160597
ADCY7,6,3,0.5,0.649036
ADGRB3,6,3,0.5,0.48721373
AHI1,6,3,0.5,0.48290142
AL353804.4,6,3,0.5,0.5712959
ALLC,6,3,0.5,0.68063736
ALOX12B,6,3,0.5,0.69368476
ALOX15,6,3,0.5,0.78607184
ANKEF1,6,3,0.5,0.54830426
ANKRD33,6,3,0.5,0.58639616
ANKRD52,6,3,0.5,0.5804671
APBB1,6,3,0.5,0.6446484
ARHGAP45,6,3,0.5,0.491182
ASXL2,6,3,0.5,0.48616847
ATP9A,6,3,0.5,0.53041565
BAHD1,6,3,0.5,0.5808171
BMX,6,3,0.5,0.5226391
BRIP1,6,3,0.5,0.49072954
C2CD6,6,3,0.5,0.5423773
C4BPA,6,3,0.5,0.538021
CABS1,6,3,0.5,0.5742038
CCAR1,6,3,0.5,0.4926442
CCDC110,6,3,0.5,0.64269024
CCDC144A,6,3,0.5,0.55100816
CCDC63,6,3,0.5,0.6262174
CD96,6,3,0.5,0.5877989
CDH5,6,3,0.5,0.5131636
CDYL2,6,3,0.5,0.6306562
CLCA1,6,3,0.5,0.56930465
CLYBL,6,3,0.5,0.503312
COG6,6,3,0.5,0.5271153
COL5A3,6,3,0.5,0.6427278
CPA6,6,3,0.5,0.5640475
CPT1A,6,3,0.5,0.5330803
CRB2,6,3,0.5,0.5892284
CSDE1,6,3,0.5,0.5560281
CSF1R,6,3,0.5,0.67606014
CYP11B2,6,3,0.5,0.61123395
CYP4B1,6,3,0.5,0.5438031
DCDC1,6,3,0.5,0.58104223
DCTN1,6,3,0.5,0.6353063
DENND1C,6,3,0.5,0.528255
DHCR24,6,3,0.5,0.5373798
DHX38,6,3,0.5,0.6071192
E2F2,6,3,0.5,0.57930124
EHMT2,6,3,0.5,0.59903073
ELOA2,6,3,0.5,0.7009752
EPHA3,6,3,0.5,0.68932503
EXOSC10,6,3,0.5,0.7761221
FADS6,6,3,0.5,0.54322094
FBH1,6,3,0.5,0.57927436
FNIP2,6,3,0.5,0.703512
FOXP1,6,3,0.5,0.49492726
FRMPD2,6,3,0.5,0.5829711
GABRQ,6,3,0.5,0.4309152
GCNT2,6,3,0.5,0.61550623
GLUD2,6,3,0.5,0.62084925
GMEB2,6,3,0.5,0.46857294
GPATCH1,6,3,0.5,0.6818771
GPR132,6,3,0.5,0.5797039
HIPK2,6,3,0.5,0.6502492
HTR3E,6,3,0.5,0.5546387
IMPDH2,6,3,0.5,0.46096167
IMPG2,6,3,0.5,0.713048
INSR,6,3,0.5,0.6331842
JPH3,6,3,0.5,0.4841976
KAT6A,6,3,0.5,0.6366787
KCNA4,6,3,0.5,0.5951283
KCNB1,6,3,0.5,0.48631772
KIF20A,6,3,0.5,0.4878738
KLHL1,6,3,0.5,0.63259566
KLHL20,6,3,0.5,0.76436585
KLHL32,6,3,0.5,0.56867486
KLHL34,6,3,0.5,0.5701232
KRT18,6,3,0.5,0.63823956
LARS1,6,3,0.5,0.5791479
LILRB3,6,3,0.5,0.5073264
LLGL2,6,3,0.5,0.5370153
LPAR4,6,3,0.5,0.4383417
LRRC8E,6,3,0.5,0.4942479
MAGEB6B,6,3,0.5,0.50909674
MAP4K2,6,3,0.5,0.4695882
MAPK15,6,3,0.5,0.4608885
MED14,6,3,0.5,0.49231103
MID1,6,3,0.5,0.4928055
MIOS,6,3,0.5,0.6770118
MLXIPL,6,3,0.5,0.49598888
MMP14,6,3,0.5,0.44568345
MSL2,6,3,0.5,0.5345058
MSR1,6,3,0.5,0.67866963
MTREX,6,3,0.5,0.57805485
MYT1L,6,3,0.5,0.5653677
NBPF26,6,3,0.5,0.5946423
NKTR,6,3,0.5,0.5980167
NLRC4,6,3,0.5,0.4767977
NRIP1,6,3,0.5,0.57513505
NTN4,6,3,0.5,0.6458419
NTNG2,6,3,0.5,0.465832
OR14J1,6,3,0.5,0.6956722
OR2G6,6,3,0.5,0.675859
OR2M4,6,3,0.5,0.58634025
OR2Z1,6,3,0.5,0.5223591
OR4P4,6,3,0.5,0.68968993
OR51S1,6,3,0.5,0.57366145
OR5D16,6,3,0.5,0.5904034
OR5P2,6,3,0.5,0.59882265
OR9K2,6,3,0.5,0.5287915
PACS2,6,3,0.5,0.48725185
PARP9,6,3,0.5,0.50528795
PASD1,6,3,0.5,0.598787
PCSK6,6,3,0.5,0.62278825
PDE2A,6,3,0.5,0.63715714
PEX14,6,3,0.5,0.48304105
PFKFB4,6,3,0.5,0.634391
PINK1,6,3,0.5,0.48811522
PLXNC1,6,3,0.5,0.55013955
PMPCB,6,3,0.5,0.6710107
POLR1A,6,3,0.5,0.60750353
PPP1R3F,6,3,0.5,0.44867763
PRAMEF12,6,3,0.5,0.49330667
PRAMEF19,6,3,0.5,0.5096155
PRRC2B,6,3,0.5,0.7101756
RADX,6,3,0.5,0.4909241
RAI1,6,3,0.5,0.61747366
RANBP6,6,3,0.5,0.5282378
RPS6KC1,6,3,0.5,0.66198564
RPTN,6,3,0.5,0.71441156
RUNX1T1,6,3,0.5,0.50287765
SAMD7,6,3,0.5,0.59466535
SATL1,6,3,0.5,0.59359235
SDK2,6,3,0.5,0.5172253
SEMA3G,6,3,0.5,0.662541
SERPING1,6,3,0.5,0.699338
SESTD1,6,3,0.5,0.6702164
SETDB2,6,3,0.5,0.54703057
SLC17A6,6,3,0.5,0.5256509
SLC27A6,6,3,0.5,0.6666271
SLC2A2,6,3,0.5,0.5491305
SLC7A14,6,3,0.5,0.5691694
SLFN5,6,3,0.5,0.6344498
SMCHD1,6,3,0.5,0.5027511
SMG7,6,3,0.5,0.6508797
SPOCK3,6,3,0.5,0.6523121
SPTBN5,6,3,0.5,0.47250423
ST6GAL1,6,3,0.5,0.57316136
SULF1,6,3,0.5,0.6443309
SYTL5,6,3,0.5,0.6542526
TAOK2,6,3,0.5,0.640392
TBXT,6,3,0.5,0.49380255
TGM1,6,3,0.5,0.4945815
TGM2,6,3,0.5,0.62242824
TJP1,6,3,0.5,0.59714955
TLR8,6,3,0.5,0.41822574
TSPAN9,6,3,0.5,0.56494164
UACA,6,3,0.5,0.62455213
UBE4B,6,3,0.5,0.60479546
UGT2A1,6,3,0.5,0.63815576
UHRF2,6,3,0.5,0.7150559
USP35,6,3,0.5,0.47874466
VPS16,6,3,0.5,0.67110664
VPS41,6,3,0.5,0.52074087
VRTN,6,3,0.5,0.6370229
WDR17,6,3,0.5,0.5691427
XYLB,6,3,0.5,0.49162745
ZGRF1,6,3,0.5,0.5776208
ZMYM2,6,3,0.5,0.55828094
ZNF117,6,3,0.5,0.6338603
ZNF271P,6,3,0.5,0.65743583
ZNF451,6,3,0.5,0.6996462
ZNF551,6,3,0.5,0.60324174
ABCA6,7,3,0.42857142857142855,0.56312174
ADAM2,7,3,0.42857142857142855,0.52330863
AKAP10,7,3,0.42857142857142855,0.48872265
ANKRD13B,7,3,0.42857142857142855,0.42432716
ANLN,7,3,0.42857142857142855,0.5146772
ARHGEF11,7,3,0.42857142857142855,0.5176646
ASB5,7,3,0.42857142857142855,0.5306614
ATF7IP,7,3,0.42857142857142855,0.71719706
ATP6V0D1,7,3,0.42857142857142855,0.70457995
ATXN2,7,3,0.42857142857142855,0.51666385
BAZ2A,7,3,0.42857142857142855,0.4244135
BFSP1,7,3,0.42857142857142855,0.48609883
CAPN6,7,3,0.42857142857142855,0.39983964
CARF,7,3,0.42857142857142855,0.42112154
CCDC85A,7,3,0.42857142857142855,0.47998753
CD101,7,3,0.42857142857142855,0.5696492
CEP128,7,3,0.42857142857142855,0.4760108
CFAP58,7,3,0.42857142857142855,0.42171952
CLDN14,7,3,0.42857142857142855,0.4742132
CNTN5,7,3,0.42857142857142855,0.48931143
COL16A1,7,3,0.42857142857142855,0.42067742
CPPED1,7,3,0.42857142857142855,0.544901
CPXM2,7,3,0.42857142857142855,0.5082615
CRNN,7,3,0.42857142857142855,0.45921928
CYP4F8,7,3,0.42857142857142855,0.5281289
CYP7B1,7,3,0.42857142857142855,0.4671895
DAO,7,3,0.42857142857142855,0.60712653
DKC1,7,3,0.42857142857142855,0.54877794
EFCAB6,7,3,0.42857142857142855,0.42785674
EHD4,7,3,0.42857142857142855,0.4749136
ELK3,7,3,0.42857142857142855,0.51144916
EPAS1,7,3,0.42857142857142855,0.48337966
EXOC1,7,3,0.42857142857142855,0.50886613
EXTL3,7,3,0.42857142857142855,0.5503282
FBXW11,7,3,0.42857142857142855,0.49634033
G6PD,7,3,0.42857142857142855,0.5876565
GALNT1,7,3,0.42857142857142855,0.7573179
GLT8D2,7,3,0.42857142857142855,0.67014635
GOLGA3,7,3,0.42857142857142855,0.55820304
HEATR5A,7,3,0.42857142857142855,0.47722435
HNRNPU,7,3,0.42857142857142855,0.57366383
IFNW1,7,3,0.42857142857142855,0.3956389
IL31RA,7,3,0.42857142857142855,0.61570275
IMPG1,7,3,0.42857142857142855,0.5698996
INTS13,7,3,0.42857142857142855,0.6465147
IPO9,7,3,0.42857142857142855,0.62125313
ITGAE,7,3,0.42857142857142855,0.4910941
ITSN2,7,3,0.42857142857142855,0.4648671
KCNT1,7,3,0.42857142857142855,0.4444711
KDM5B,7,3,0.42857142857142855,0.6278619
KHDC3L,7,3,0.42857142857142855,0.5126972
KRT9,7,3,0.42857142857142855,0.46344158
LPAR1,7,3,0.42857142857142855,0.61631244
LPCAT1,7,3,0.42857142857142855,0.5384248
LRFN2,7,3,0.42857142857142855,0.49829096
MAML1,7,3,0.42857142857142855,0.49526337
MAP4K4,7,3,0.42857142857142855,0.5787751
MCM3AP,7,3,0.42857142857142855,0.42175344
MID2,7,3,0.42857142857142855,0.49133405
MROH5,7,3,0.42857142857142855,0.6234621
MST1R,7,3,0.42857142857142855,0.5159718
NCOA3,7,3,0.42857142857142855,0.59405375
NFIB,7,3,0.42857142857142855,0.39812687
NSD2,7,3,0.42857142857142855,0.48353836
NXF3,7,3,0.42857142857142855,0.5102573
OCA2,7,3,0.42857142857142855,0.45903137
OR10W1,7,3,0.42857142857142855,0.5370704
OR52J3,7,3,0.42857142857142855,0.69060045
OR5K1,7,3,0.42857142857142855,0.5115823
OSBP2,7,3,0.42857142857142855,0.5449132
PABPC4,7,3,0.42857142857142855,0.7616276
PCDH17,7,3,0.42857142857142855,0.43491846
PCDHGB6,7,3,0.42857142857142855,0.47673324
PCF11,7,3,0.42857142857142855,0.57831204
PHF8,7,3,0.42857142857142855,0.482909
PKD1,7,3,0.42857142857142855,0.58635557
PLEKHG2,7,3,0.42857142857142855,0.38601178
PLIN4,7,3,0.42857142857142855,0.5187864
PLXNA3,7,3,0.42857142857142855,0.48770696
PMFBP1,7,3,0.42857142857142855,0.5373331
POLRMT,7,3,0.42857142857142855,0.54145473
ROBO1,7,3,0.42857142857142855,0.44066635
SEMA5A,7,3,0.42857142857142855,0.48463255
SERPINB10,7,3,0.42857142857142855,0.49606434
SLCO2B1,7,3,0.42857142857142855,0.530042
SMC3,7,3,0.42857142857142855,0.4250378
SP110,7,3,0.42857142857142855,0.4507917
SREBF2,7,3,0.42857142857142855,0.40780142
ST8SIA2,7,3,0.42857142857142855,0.5736624
STARD8,7,3,0.42857142857142855,0.41843623
SULF2,7,3,0.42857142857142855,0.5354976
SYMPK,7,3,0.42857142857142855,0.4229574
TACR3,7,3,0.42857142857142855,0.51243246
TMPRSS7,7,3,0.42857142857142855,0.4777555
TONSL,7,3,0.42857142857142855,0.5032608
TRAPPC10,7,3,0.42857142857142855,0.59125984
TRPC5,7,3,0.42857142857142855,0.42260164
VARS2,7,3,0.42857142857142855,0.4065983
ZC3H12B,7,3,0.42857142857142855,0.5004732
ZNF160,7,3,0.42857142857142855,0.6135043
ZNF226,7,3,0.42857142857142855,0.48800126
ZNF560,7,3,0.42857142857142855,0.43635672
ZNF813,7,3,0.42857142857142855,0.49214527
ABCC4,8,3,0.375,0.35457602
ADCY8,8,3,0.375,0.5041182
ALG13,8,3,0.375,0.43171695
AP002512.3,8,3,0.375,0.53764915
ARHGAP35,8,3,0.375,0.43188664
CCDC178,8,3,0.375,0.5702185
CD109,8,3,0.375,0.4325545
CHAT,8,3,0.375,0.41256684
CLNK,8,3,0.375,0.50993466
CROCC,8,3,0.375,0.52344173
DAB1,8,3,0.375,0.51167816
DCAF12L2,8,3,0.375,0.40038657
DIAPH2,8,3,0.375,0.47087023
FRMPD1,8,3,0.375,0.42353502
IKZF1,8,3,0.375,0.48783815
KDM1B,8,3,0.375,0.46492818
KIF4A,8,3,0.375,0.48739302
KIR3DX1,8,3,0.375,0.50875765
LRP5,8,3,0.375,0.51360655
MCTP2,8,3,0.375,0.49065086
MYO18A,8,3,0.375,0.42123538
OGDHL,8,3,0.375,0.4305291
OR52R1,8,3,0.375,0.523563
OTUD6A,8,3,0.375,0.41002977
PARD3B,8,3,0.375,0.5795115
PARP8,8,3,0.375,0.46529257
PCDHGA11,8,3,0.375,0.49420765
PCNX2,8,3,0.375,0.60605764
PDE6A,8,3,0.375,0.6019646
PDZRN4,8,3,0.375,0.452959
POLR2B,8,3,0.375,0.3728759
RPRD2,8,3,0.375,0.40410292
SMARCAL1,8,3,0.375,0.36848897
SOCS6,8,3,0.375,0.5095868
TBC1D9,8,3,0.375,0.50303847
TCHHL1,8,3,0.375,0.57417965
THEG,8,3,0.375,0.55550957
TLN2,8,3,0.375,0.60018593
TLR1,8,3,0.375,0.50458634
TMC4,8,3,0.375,0.45457676
TRIM10,8,3,0.375,0.51192015
USP28,8,3,0.375,0.60022205
ZMYM3,8,3,0.375,0.47817582
ZNF638,8,3,0.375,0.4138792
ABCA8,9,3,0.3333333333333333,0.54732394
ADAMTSL1,9,3,0.3333333333333333,0.43568602
ARHGEF28,9,3,0.3333333333333333,0.3763322
BCL11A,9,3,0.3333333333333333,0.52988935
BLM,9,3,0.3333333333333333,0.57315534
CACNA1C,9,3,0.3333333333333333,0.340227
CHRNA10,9,3,0.3333333333333333,0.4183892
COL4A5,9,3,0.3333333333333333,0.47660732
CRACDL,9,3,0.3333333333333333,0.33576354
DSCAML1,9,3,0.3333333333333333,0.55446714
ECEL1,9,3,0.3333333333333333,0.4672132
EDC4,9,3,0.3333333333333333,0.4631079
GABRE,9,3,0.3333333333333333,0.37937757
GRIK5,9,3,0.3333333333333333,0.39697152
HCLS1,9,3,0.3333333333333333,0.3778596
HOOK1,9,3,0.3333333333333333,0.44468272
IL16,9,3,0.3333333333333333,0.47088474
KIAA1549L,9,3,0.3333333333333333,0.48936236
NBEA,9,3,0.3333333333333333,0.43541804
NLRP9,9,3,0.3333333333333333,0.46781695
OR4C16,9,3,0.3333333333333333,0.42753136
OR5K4,9,3,0.3333333333333333,0.3861811
PARP4,9,3,0.3333333333333333,0.40091935
PPM1D,9,3,0.3333333333333333,0.33097044
RAG1,9,3,0.3333333333333333,0.5701009
SEC14L5,9,3,0.3333333333333333,0.38307944
SLC13A2,9,3,0.3333333333333333,0.5144058
SLC6A3,9,3,0.3333333333333333,0.49233803
SLC9A3,9,3,0.3333333333333333,0.3551444
TASOR2,9,3,0.3333333333333333,0.5066683
WDR36,9,3,0.3333333333333333,0.37522662
ZNF608,9,3,0.3333333333333333,0.46422896
ANPEP,10,3,0.3,0.4566826
C10orf71,10,3,0.3,0.39730102
C7,10,3,0.3,0.47634453
CILP2,10,3,0.3,0.42588753
CNGB1,10,3,0.3,0.4899993
DIS3L2,10,3,0.3,0.3295455
HEPHL1,10,3,0.3,0.40860605
IGHMBP2,10,3,0.3,0.49095687
IQGAP2,10,3,0.3,0.47948128
ITGA8,10,3,0.3,0.39115208
MYH9,10,3,0.3,0.39770788
PPP1R12B,10,3,0.3,0.43000397
PXDNL,10,3,0.3,0.41684946
SORBS1,10,3,0.3,0.3873201
UBE2NL,10,3,0.3,0.4260664
USP6,10,3,0.3,0.41531044
WNK3,10,3,0.3,0.2673033
ASIC5,11,3,0.2727272727272727,0.32778928
COL17A1,11,3,0.2727272727272727,0.35423857
FAM47C,11,3,0.2727272727272727,0.3677591
IQSEC3,11,3,0.2727272727272727,0.33649823
MAP3K1,11,3,0.2727272727272727,0.44833213
SHPRH,11,3,0.2727272727272727,0.28940183
SVIL,11,3,0.2727272727272727,0.29663485
WDR72,11,3,0.2727272727272727,0.41562128
HELZ,12,3,0.25,0.40921068
LRFN5,12,3,0.25,0.47965384
MUC5AC,12,3,0.25,0.30883157
THSD7B,12,3,0.25,0.26350632
TRPM1,13,3,0.23076923076923078,0.39255714
CABIN1,14,3,0.21428571428571427,0.28524867
JCAD,14,3,0.21428571428571427,0.3217941
BCOR,15,3,0.2,0.29810983
DOCK1,15,3,0.2,0.2907502
FREM1,15,3,0.2,0.2816652
TACC2,15,3,0.2,0.31102774
A4GNT,2,2,1.0,0.99137354
AADAT,2,2,1.0,0.95642877
AASDHPPT,2,2,1.0,0.987993
ABAT,2,2,1.0,0.980788
ABHD12,2,2,1.0,0.9848156
AC004922.1,2,2,1.0,0.90379584
AC092143.1,2,2,1.0,0.98941964
AC093525.2,2,2,1.0,0.9909879
AC127029.3,2,2,1.0,0.97115755
ACADL,2,2,1.0,0.9446604
ACBD3,2,2,1.0,0.97127366
ACCSL,2,2,1.0,0.99150276
ACER1,2,2,1.0,0.9913584
ACHE,2,2,1.0,0.98925483
ACMSD,2,2,1.0,0.9406378
ACOT8,2,2,1.0,0.9904618
ACOX1,2,2,1.0,0.9525969
ACP6,2,2,1.0,0.9849789
ACSBG2,2,2,1.0,0.9508298
ACSL5,2,2,1.0,0.98936063
ACTR10,2,2,1.0,0.9671451
ADAMTS4,2,2,1.0,0.9017397
ADAT1,2,2,1.0,0.97886795
ADGRG2,2,2,1.0,0.982025
ADGRG5,2,2,1.0,0.8373444
AFAP1L1,2,2,1.0,0.97340274
AFG3L2,2,2,1.0,0.84877324
AGAP6,2,2,1.0,0.9869528
AGFG2,2,2,1.0,0.95149696
AIFM1,2,2,1.0,0.90516984
AJM1,2,2,1.0,0.9909855
AK9,2,2,1.0,0.90733063
AKAP12,2,2,1.0,0.9784627
AKAP7,2,2,1.0,0.8845315
AKAP8L,2,2,1.0,0.97885966
AKR1C2,2,2,1.0,0.9006829
AKT1,2,2,1.0,0.9818077
AL035461.3,2,2,1.0,0.991302
ALDH1B1,2,2,1.0,0.99148524
ALG1,2,2,1.0,0.98062825
ALMS1P1,2,2,1.0,0.94869125
AMDHD2,2,2,1.0,0.98379636
ANAPC5,2,2,1.0,0.92070466
ANKRA2,2,2,1.0,0.99086726
ANKRD10,2,2,1.0,0.9480088
ANKRD20A4P,2,2,1.0,0.9823216
ANKRD29,2,2,1.0,0.89413047
ANO10,2,2,1.0,0.971559
ANXA1,2,2,1.0,0.9294181
ANXA11,2,2,1.0,0.95663714
ANXA2R,2,2,1.0,0.9112886
AP1AR,2,2,1.0,0.96953964
AP1G1,2,2,1.0,0.9456698
AP3D1,2,2,1.0,0.95043856
APCS,2,2,1.0,0.9847151
APOL1,2,2,1.0,0.9913254
APPL1,2,2,1.0,0.9841788
APPL2,2,2,1.0,0.8699434
AQP3,2,2,1.0,0.970989
ARF4,2,2,1.0,0.9743701
ARHGAP17,2,2,1.0,0.98720384
ARHGAP36,2,2,1.0,0.96595955
ARHGEF6,2,2,1.0,0.96837735
ARL1,2,2,1.0,0.9599221
ARL4D,2,2,1.0,0.878319
ARMC1,2,2,1.0,0.8772348
ARMC9,2,2,1.0,0.9908767
ARMCX3,2,2,1.0,0.98778516
ARMH4,2,2,1.0,0.9678573
ARPP21,2,2,1.0,0.97350264
ARSG,2,2,1.0,0.9882879
ASB11,2,2,1.0,0.99140346
ASB3,2,2,1.0,0.9794707
ASCC2,2,2,1.0,0.98710054
ASIC4,2,2,1.0,0.9459022
ASL,2,2,1.0,0.976738
ATE1,2,2,1.0,0.976838
ATG13,2,2,1.0,0.98031235
ATG2A,2,2,1.0,0.94675183
ATG5,2,2,1.0,0.94161105
ATP13A3,2,2,1.0,0.81469196
ATP4B,2,2,1.0,0.99141526
ATP5PB,2,2,1.0,0.984146
ATP6V1H,2,2,1.0,0.99114573
AUNIP,2,2,1.0,0.9914111
AURKA,2,2,1.0,0.97199774
AURKC,2,2,1.0,0.99083966
AZI2,2,2,1.0,0.9812976
BANP,2,2,1.0,0.9699481
BARD1,2,2,1.0,0.9267812
BBS7,2,2,1.0,0.9913692
BCAN,2,2,1.0,0.9913639
BCL3,2,2,1.0,0.96790576
BHLHE40,2,2,1.0,0.9257066
BHMT,2,2,1.0,0.9527718
BIRC3,2,2,1.0,0.97292775
BNIP3L,2,2,1.0,0.9281328
BORA,2,2,1.0,0.96851933
BPGM,2,2,1.0,0.98729515
BPIFA3,2,2,1.0,0.98467165
BRD7,2,2,1.0,0.9913882
BRSK2,2,2,1.0,0.91371214
BTN2A3P,2,2,1.0,0.9880763
BTN3A2,2,2,1.0,0.9913621
BTNL2,2,2,1.0,0.9844164
C10orf120,2,2,1.0,0.82524383
C12orf60,2,2,1.0,0.9839932
C14orf93,2,2,1.0,0.9796779
C15orf48,2,2,1.0,0.9736289
C16orf46,2,2,1.0,0.9381807
C16orf91,2,2,1.0,0.99079865
C1QB,2,2,1.0,0.87105244
C1QC,2,2,1.0,0.9796227
C1QTNF7,2,2,1.0,0.93527746
C1orf54,2,2,1.0,0.90457356
C2orf83,2,2,1.0,0.9669526
C3orf22,2,2,1.0,0.9876511
C3orf33,2,2,1.0,0.9779953
C3orf35,2,2,1.0,0.90671813
C4B,2,2,1.0,0.9465395
C5orf34,2,2,1.0,0.97088027
C7orf33,2,2,1.0,0.9030532
CA11,2,2,1.0,0.9744179
CA7,2,2,1.0,0.9273336
CADPS2,2,2,1.0,0.99102724
CAMK1,2,2,1.0,0.9702114
CAMK1G,2,2,1.0,0.92189145
CAMKMT,2,2,1.0,0.98418605
CAPN2,2,2,1.0,0.9906509
CASKIN1,2,2,1.0,0.96006143
CAT,2,2,1.0,0.9898143
CATSPER4,2,2,1.0,0.92043316
CATSPERG,2,2,1.0,0.99081874
CBLC,2,2,1.0,0.99091506
CCDC121,2,2,1.0,0.97386575
CCDC124,2,2,1.0,0.9772649
CCDC144B,2,2,1.0,0.98771536
CCDC32,2,2,1.0,0.9865873
CCDC38,2,2,1.0,0.9454037
CCDC50,2,2,1.0,0.9563956
CCDC69,2,2,1.0,0.8798144
CCL26,2,2,1.0,0.991025
CCM2,2,2,1.0,0.98690856
CCN6,2,2,1.0,0.9348925
CCNI,2,2,1.0,0.99137735
CCNQP1,2,2,1.0,0.97889566
CCR5,2,2,1.0,0.9900032
CCT4,2,2,1.0,0.9834724
CD1C,2,2,1.0,0.9906639
CD200,2,2,1.0,0.98441863
CD2AP,2,2,1.0,0.95003796
CD37,2,2,1.0,0.9914036
CD72,2,2,1.0,0.99088216
CDC23,2,2,1.0,0.99131423
CDC25C,2,2,1.0,0.94732344
CDC42EP3,2,2,1.0,0.9168851
CDC42SE2,2,2,1.0,0.97505605
CDCA3,2,2,1.0,0.95824695
CDCA7,2,2,1.0,0.9783511
CDK11A,2,2,1.0,0.99143314
CDR1,2,2,1.0,0.99139905
CDRT15,2,2,1.0,0.98609346
CDS2,2,2,1.0,0.9722961
CDX1,2,2,1.0,0.96826017
CELA1,2,2,1.0,0.9068659
CENPK,2,2,1.0,0.9795766
CEP170,2,2,1.0,0.95232415
CEP76,2,2,1.0,0.9375805
CEP89,2,2,1.0,0.9866574
CERS5,2,2,1.0,0.97491634
CES5A,2,2,1.0,0.82202125
CFAP53,2,2,1.0,0.972558
CFL2,2,2,1.0,0.941519
CHAF1A,2,2,1.0,0.9515141
CHDH,2,2,1.0,0.99133074
CHRD,2,2,1.0,0.86009157
CHRFAM7A,2,2,1.0,0.943141
CHRM5,2,2,1.0,0.9601656
CHRNA7,2,2,1.0,0.9899033
CHRNB1,2,2,1.0,0.91221106
CHRNB3,2,2,1.0,0.938278
CKMT2,2,2,1.0,0.98970866
CLASP1,2,2,1.0,0.91942394
CLCNKA,2,2,1.0,0.9911858
CLDN2,2,2,1.0,0.9893423
CLEC18B,2,2,1.0,0.9718813
CLEC7A,2,2,1.0,0.9692135
CLIC4,2,2,1.0,0.9864396
CLP1,2,2,1.0,0.89455265
CLRN3,2,2,1.0,0.9468118
CMTM6,2,2,1.0,0.9545566
CNN2,2,2,1.0,0.95530355
CNNM4,2,2,1.0,0.8877578
CNOT4,2,2,1.0,0.99040824
COA7,2,2,1.0,0.96589583
COG2,2,2,1.0,0.9857116
COL23A1,2,2,1.0,0.9748948
COL26A1,2,2,1.0,0.9135742
COPS4,2,2,1.0,0.9325648
CPB2,2,2,1.0,0.9861581
CPE,2,2,1.0,0.98608875
CPT1C,2,2,1.0,0.9860892
CPT2,2,2,1.0,0.883296
CR1L,2,2,1.0,0.9908669
CREB3L4,2,2,1.0,0.8899101
CREB5,2,2,1.0,0.9877794
CRISP1,2,2,1.0,0.98360884
CRP,2,2,1.0,0.9675647
CRYGA,2,2,1.0,0.9675359
CRYZL1,2,2,1.0,0.9523161
CSAG1,2,2,1.0,0.9783734
CST1,2,2,1.0,0.9879637
CT83,2,2,1.0,0.9855517
CTAGE15,2,2,1.0,0.91636527
CTDSPL2,2,2,1.0,0.91170657
CTNNA1,2,2,1.0,0.91233313
CUTA,2,2,1.0,0.97972053
CXCR2,2,2,1.0,0.88727397
CXCR3,2,2,1.0,0.94265807
CXorf21,2,2,1.0,0.9796711
CYB561,2,2,1.0,0.91513056
CYP1A1,2,2,1.0,0.91675866
CYP3A5,2,2,1.0,0.92506456
DAG1,2,2,1.0,0.9725995
DAW1,2,2,1.0,0.9677785
DAZAP2,2,2,1.0,0.9317508
DCAF16,2,2,1.0,0.9178436
DCP2,2,2,1.0,0.9903507
DCTN5,2,2,1.0,0.98321277
DCUN1D2,2,2,1.0,0.98008263
DDIT3,2,2,1.0,0.96333027
DDX39B,2,2,1.0,0.9906949
DDX43,2,2,1.0,0.9807055
DDX50,2,2,1.0,0.974946
DDX53,2,2,1.0,0.979797
DECR1,2,2,1.0,0.9907403
DEFB104A,2,2,1.0,0.99094164
DEFB119,2,2,1.0,0.9905236
DELEC1,2,2,1.0,0.9322027
DENND10P1,2,2,1.0,0.9911442
DENND5A,2,2,1.0,0.9907609
DEPDC4,2,2,1.0,0.9715798
DEPTOR,2,2,1.0,0.94880164
DFFA,2,2,1.0,0.9448018
DHFR,2,2,1.0,0.89032435
DHRS1,2,2,1.0,0.9525727
DHRS12,2,2,1.0,0.9832485
DHX33,2,2,1.0,0.9829898
DHX9,2,2,1.0,0.9913795
DISP2,2,2,1.0,0.8962766
DKKL1,2,2,1.0,0.9859332
DLGAP3,2,2,1.0,0.98921126
DLK2,2,2,1.0,0.92629135
DNAAF4,2,2,1.0,0.97667277
DNAI1,2,2,1.0,0.9557502
DNAJA4,2,2,1.0,0.87048537
DNAJB4,2,2,1.0,0.9914074
DNAJB9,2,2,1.0,0.99148375
DNAJC22,2,2,1.0,0.98278713
DNASE1L1,2,2,1.0,0.97860765
DOLPP1,2,2,1.0,0.99093574
DPYSL3,2,2,1.0,0.89060473
DR1,2,2,1.0,0.97802144
DSTYK,2,2,1.0,0.8625394
DTD1,2,2,1.0,0.991068
DTX2,2,2,1.0,0.98386025
DUSP10,2,2,1.0,0.8771529
DUSP22,2,2,1.0,0.98929137
DYNLRB1,2,2,1.0,0.9688387
DZIP1,2,2,1.0,0.98807836
E4F1,2,2,1.0,0.98105
EAPP,2,2,1.0,0.8265233
EBAG9,2,2,1.0,0.9710531
ECT2,2,2,1.0,0.9777591
EDNRA,2,2,1.0,0.9913542
EED,2,2,1.0,0.9912987
EEF1AKMT1,2,2,1.0,0.9905931
EFNB3,2,2,1.0,0.93317187
EIF2AK2,2,2,1.0,0.9835944
EIF2B3,2,2,1.0,0.99147034
EIF4B,2,2,1.0,0.9766713
EIPR1,2,2,1.0,0.9409203
ELAVL1,2,2,1.0,0.978012
ELAVL4,2,2,1.0,0.9829598
ELP2,2,2,1.0,0.98061335
ENO1,2,2,1.0,0.9888524
ENOSF1,2,2,1.0,0.8616569
ENPP4,2,2,1.0,0.9783917
EPN1,2,2,1.0,0.9722327
EPO,2,2,1.0,0.9829647
ERGIC1,2,2,1.0,0.9806224
ERMP1,2,2,1.0,0.9913019
ERV3-1,2,2,1.0,0.97885025
ESR2,2,2,1.0,0.98012877
ETHE1,2,2,1.0,0.9906772
EXOC3L1,2,2,1.0,0.98457515
EXOC6,2,2,1.0,0.9879191
FA2H,2,2,1.0,0.97922474
FABP6,2,2,1.0,0.9689541
FADS2,2,2,1.0,0.89978987
FAH,2,2,1.0,0.9028234
FAHD2A,2,2,1.0,0.9900962
FAM102A,2,2,1.0,0.85684717
FAM170A,2,2,1.0,0.9678326
FAM200A,2,2,1.0,0.97158813
FAM32A,2,2,1.0,0.9588938
FAM3B,2,2,1.0,0.97788393
FAM50B,2,2,1.0,0.96368945
FAM71C,2,2,1.0,0.9828822
FANCB,2,2,1.0,0.9579452
FANCD2OS,2,2,1.0,0.91711175
FAR2,2,2,1.0,0.991418
FARSB,2,2,1.0,0.9327096
FBXL20,2,2,1.0,0.8935175
FBXL21P,2,2,1.0,0.9907392
FBXL4,2,2,1.0,0.9838952
FBXL7,2,2,1.0,0.82589936
FBXO8,2,2,1.0,0.9849648
FBXW12,2,2,1.0,0.89920914
FBXW8,2,2,1.0,0.97334206
FCHO1,2,2,1.0,0.9891875
FCN1,2,2,1.0,0.99136925
FCN2,2,2,1.0,0.9914241
FCRL6,2,2,1.0,0.99070346
FDFT1,2,2,1.0,0.99052215
FERMT1,2,2,1.0,0.98670316
FFAR4,2,2,1.0,0.901141
FGF16,2,2,1.0,0.9628184
FGF9,2,2,1.0,0.96707773
FGFBP2,2,2,1.0,0.9508151
FHL3,2,2,1.0,0.97896826
FKBP9,2,2,1.0,0.9829195
FLCN,2,2,1.0,0.89740765
FLRT1,2,2,1.0,0.9531477
FMO1,2,2,1.0,0.975176
FMO4,2,2,1.0,0.94581056
FNDC4,2,2,1.0,0.97923625
FNTA,2,2,1.0,0.98127764
FOCAD,2,2,1.0,0.98848313
FOXK1,2,2,1.0,0.95743895
FOXO1,2,2,1.0,0.97039425
FRA10AC1,2,2,1.0,0.95793194
FRG2B,2,2,1.0,0.98359597
FUT3,2,2,1.0,0.9807842
FUT7,2,2,1.0,0.98197067
FUT8,2,2,1.0,0.9317795
FXN,2,2,1.0,0.99053925
G6PC3,2,2,1.0,0.9337423
GALR1,2,2,1.0,0.94165635
GATAD2B,2,2,1.0,0.98453426
GBP2,2,2,1.0,0.99138427
GBP6,2,2,1.0,0.9914576
GCAT,2,2,1.0,0.98216987
GCDH,2,2,1.0,0.9818782
GCM2,2,2,1.0,0.9862255
GCNT1,2,2,1.0,0.8976954
GEMIN4,2,2,1.0,0.94522965
GFI1B,2,2,1.0,0.96490216
GFM1,2,2,1.0,0.9477428
GFOD1,2,2,1.0,0.98678076
GGA1,2,2,1.0,0.9295901
GGTLC2,2,2,1.0,0.9383786
GHR,2,2,1.0,0.9326259
GIMAP2,2,2,1.0,0.95425546
GIMAP5,2,2,1.0,0.96577644
GIMAP6,2,2,1.0,0.9841766
GJB3,2,2,1.0,0.9896586
GJD2,2,2,1.0,0.9127893
GLMN,2,2,1.0,0.97247183
GLP2R,2,2,1.0,0.97471404
GOLGA1,2,2,1.0,0.9214362
GOLGA2,2,2,1.0,0.99141026
GPAT4,2,2,1.0,0.9245213
GPATCH3,2,2,1.0,0.9880938
GPM6A,2,2,1.0,0.9576372
GPR143,2,2,1.0,0.9862174
GPR19,2,2,1.0,0.9640599
GPR25,2,2,1.0,0.9030081
GPR37L1,2,2,1.0,0.96003675
GPRIN3,2,2,1.0,0.9886876
GPX2,2,2,1.0,0.90191567
GRIA4,2,2,1.0,0.97244847
GSDME,2,2,1.0,0.9724791
GSG1,2,2,1.0,0.986183
GSN,2,2,1.0,0.96056867
GSS,2,2,1.0,0.92498577
GSTO1,2,2,1.0,0.9913791
GTDC1,2,2,1.0,0.96466327
GTF3C2,2,2,1.0,0.9804849
GUCA2B,2,2,1.0,0.9912112
GUCY1A2,2,2,1.0,0.98939645
GZMK,2,2,1.0,0.9811781
HADHA,2,2,1.0,0.9747721
HADHB,2,2,1.0,0.9662576
HARS1,2,2,1.0,0.9626552
HAUS6,2,2,1.0,0.9073645
HAVCR1,2,2,1.0,0.98832107
HBS1L,2,2,1.0,0.9797088
HCAR2,2,2,1.0,0.98653597
HDAC7,2,2,1.0,0.95731664
HEPACAM,2,2,1.0,0.9584734
HIBCH,2,2,1.0,0.9852741
HIPK4,2,2,1.0,0.95570314
HJURP,2,2,1.0,0.9905207
HLA-DRB5,2,2,1.0,0.96666443
HM13,2,2,1.0,0.9791485
HMGN4,2,2,1.0,0.90302587
HOXA10,2,2,1.0,0.98496306
HOXA13,2,2,1.0,0.9913799
HOXB13,2,2,1.0,0.9908726
HOXB2,2,2,1.0,0.98579425
HS1BP3,2,2,1.0,0.9558991
HS2ST1,2,2,1.0,0.99109834
HS3ST2,2,2,1.0,0.991387
HSD17B8,2,2,1.0,0.9795053
HSDL2,2,2,1.0,0.99146336
HSPBP1,2,2,1.0,0.9701561
HTR2A,2,2,1.0,0.88453424
HTRA4,2,2,1.0,0.9912149
HUNK,2,2,1.0,0.9815678
HYI,2,2,1.0,0.9878822
ICAM1,2,2,1.0,0.9693375
IFIT1B,2,2,1.0,0.9514768
IFNA7,2,2,1.0,0.9910673
IFNAR1,2,2,1.0,0.9775739
IFNGR2,2,2,1.0,0.98636615
IFNL1,2,2,1.0,0.9913551
IFT57,2,2,1.0,0.9823169
IGFBP3,2,2,1.0,0.9678445
IGFL1,2,2,1.0,0.928157
IGFLR1,2,2,1.0,0.9723909
IGHA1,2,2,1.0,0.9006736
IGHV1-12,2,2,1.0,0.9773793
IGHV1-58,2,2,1.0,0.93012834
IGHV3-49,2,2,1.0,0.94744563
IGHV4-28,2,2,1.0,0.9914333
IGHV6-1,2,2,1.0,0.9488887
IGKV1-17,2,2,1.0,0.9627124
IGKV1D-17,2,2,1.0,0.9666312
IGKV2-30,2,2,1.0,0.9384314
IGKV2D-24,2,2,1.0,0.9643345
IGKV3D-11,2,2,1.0,0.9845207
IGKV6-21,2,2,1.0,0.97285825
IGLV3-9,2,2,1.0,0.89787424
IGSF8,2,2,1.0,0.9731113
IHO1,2,2,1.0,0.9695183
IL11RA,2,2,1.0,0.98858196
IL13RA1,2,2,1.0,0.9820349
IL17F,2,2,1.0,0.9677608
IL1RN,2,2,1.0,0.95102584
IL22RA1,2,2,1.0,0.9604664
IL27,2,2,1.0,0.9735334
ILK,2,2,1.0,0.99124277
IMPA2,2,2,1.0,0.88567364
INTS4,2,2,1.0,0.98657846
INTS6,2,2,1.0,0.97889566
IP6K2,2,2,1.0,0.89724004
IRAK1,2,2,1.0,0.98195636
ISG20L2,2,2,1.0,0.9227292
JAM2,2,2,1.0,0.9897796
JSRP1,2,2,1.0,0.9593517
KANK3,2,2,1.0,0.8934369
KAT2B,2,2,1.0,0.9741529
KCNF1,2,2,1.0,0.9432726
KCNH3,2,2,1.0,0.95041215
KCNJ16,2,2,1.0,0.90013504
KCNK16,2,2,1.0,0.9828179
KCNK17,2,2,1.0,0.9898684
KCTD10,2,2,1.0,0.9777038
KCTD15,2,2,1.0,0.9847374
KCTD3,2,2,1.0,0.9842715
KCTD6,2,2,1.0,0.9914853
KCTD7,2,2,1.0,0.986757
KDM8,2,2,1.0,0.97903216
KHNYN,2,2,1.0,0.90482116
KIAA0825,2,2,1.0,0.9601862
KIF18B,2,2,1.0,0.9557489
KIF3C,2,2,1.0,0.9243958
KIRREL1,2,2,1.0,0.9570626
KLHL18,2,2,1.0,0.98279095
KRBA2,2,2,1.0,0.9912914
KRT17,2,2,1.0,0.9389797
KRT2,2,2,1.0,0.9905468
KRT24,2,2,1.0,0.9749984
KRT26,2,2,1.0,0.8294841
KRT28,2,2,1.0,0.98605263
KRT35,2,2,1.0,0.98095167
KRT75,2,2,1.0,0.91217667
KRT76,2,2,1.0,0.95648474
KRT78,2,2,1.0,0.9842762
KRTAP10-1,2,2,1.0,0.91169715
KRTAP4-4,2,2,1.0,0.9879502
KRTAP6-1,2,2,1.0,0.9913616
KYAT3,2,2,1.0,0.84581894
LACRT,2,2,1.0,0.88003486
LARP1B,2,2,1.0,0.98450536
LARP4,2,2,1.0,0.9615867
LAX1,2,2,1.0,0.9583206
LCA5,2,2,1.0,0.98279095
LDLRAD4,2,2,1.0,0.99086595
LGR6,2,2,1.0,0.9600693
LHFPL3,2,2,1.0,0.98731625
LHFPL6,2,2,1.0,0.9815118
LILRA5,2,2,1.0,0.98982143
LIPE,2,2,1.0,0.98575354
LIPF,2,2,1.0,0.9756124
LLCFC1,2,2,1.0,0.9914821
LMF1,2,2,1.0,0.95367086
LPL,2,2,1.0,0.9911822
LRRC2,2,2,1.0,0.98294926
LRRC37A2,2,2,1.0,0.8889891
LRRC49,2,2,1.0,0.8703191
LRRC74A,2,2,1.0,0.86833733
LRRTM3,2,2,1.0,0.98717546
LUC7L,2,2,1.0,0.8955424
LYPD4,2,2,1.0,0.9828
LZTFL1,2,2,1.0,0.976706
MAGEB2,2,2,1.0,0.96184206
MAGEE2,2,2,1.0,0.89458525
MAP2,2,2,1.0,0.9034499
MAP2K3,2,2,1.0,0.98416525
MAP2K7,2,2,1.0,0.94930756
MAP3K13,2,2,1.0,0.9418442
MAP3K9,2,2,1.0,0.8804826
MAP4K1,2,2,1.0,0.95636314
MAPK6,2,2,1.0,0.8778813
MARCHF2,2,2,1.0,0.98357105
MARCHF8,2,2,1.0,0.9845578
MAVS,2,2,1.0,0.9326608
MBNL2,2,2,1.0,0.97646356
MCAM,2,2,1.0,0.9906713
ME2,2,2,1.0,0.98488307
MED21,2,2,1.0,0.991408
MED4,2,2,1.0,0.9598187
MEGF9,2,2,1.0,0.98737454
MEPE,2,2,1.0,0.9861947
METTL14,2,2,1.0,0.9485729
METTL15,2,2,1.0,0.9828278
METTL17,2,2,1.0,0.9907662
METTL2A,2,2,1.0,0.9172461
MEX3C,2,2,1.0,0.9848945
MGAT4A,2,2,1.0,0.98349977
MIR551B,2,2,1.0,0.91719246
MKLN1,2,2,1.0,0.9890567
MLLT3,2,2,1.0,0.9010904
MMD,2,2,1.0,0.9341134
MMP16,2,2,1.0,0.90226656
MMP2,2,2,1.0,0.9903918
MNS1,2,2,1.0,0.9515369
MOB3C,2,2,1.0,0.9913986
MOSPD2,2,2,1.0,0.9628776
MPL,2,2,1.0,0.9866025
MPP5,2,2,1.0,0.9915055
MPP6,2,2,1.0,0.9879556
MRGBP,2,2,1.0,0.9142941
MRGPRD,2,2,1.0,0.95085883
MRGPRX2,2,2,1.0,0.9911237
MRPL54,2,2,1.0,0.9754958
MRPS22,2,2,1.0,0.9595903
MRPS7,2,2,1.0,0.7752781
MSANTD2,2,2,1.0,0.98458767
MT1A,2,2,1.0,0.959229
MTARC1,2,2,1.0,0.9806051
MTERF3,2,2,1.0,0.90825737
MTMR4,2,2,1.0,0.9825727
MTSS1,2,2,1.0,0.9149867
MUC20,2,2,1.0,0.98076105
MUC7,2,2,1.0,0.9902923
MYBL2,2,2,1.0,0.98304266
MYOZ3,2,2,1.0,0.97276604
NAB1,2,2,1.0,0.9872432
NANP,2,2,1.0,0.9676738
NAP1L2,2,2,1.0,0.960665
NBPF10,2,2,1.0,0.9055858
NBPF15,2,2,1.0,0.96403253
NCAPH,2,2,1.0,0.98887336
NCBP2,2,2,1.0,0.9548862
NDUFA4,2,2,1.0,0.9913975
NDUFS2,2,2,1.0,0.9770073
NECAP1,2,2,1.0,0.987688
NECTIN1,2,2,1.0,0.9324521
NEDD9,2,2,1.0,0.9650624
NEK4,2,2,1.0,0.9872941
NEK9,2,2,1.0,0.9105071
NELFA,2,2,1.0,0.967448
NELFCD,2,2,1.0,0.98387545
NFATC3,2,2,1.0,0.99135554
NFE2L2,2,2,1.0,0.9340192
NFIA,2,2,1.0,0.9047315
NFIC,2,2,1.0,0.9910004
NFKB1,2,2,1.0,0.9913708
NFKBIA,2,2,1.0,0.8828527
NICN1,2,2,1.0,0.97684956
NIF3L1,2,2,1.0,0.93953097
NIPSNAP2,2,2,1.0,0.9906452
NMD3,2,2,1.0,0.9855477
NMS,2,2,1.0,0.9511858
NMUR1,2,2,1.0,0.851509
NPNT,2,2,1.0,0.8248942
NPSR1,2,2,1.0,0.9715482
NQO2,2,2,1.0,0.8716017
NR1D1,2,2,1.0,0.8625491
NR2F6,2,2,1.0,0.9690312
NUCB2,2,2,1.0,0.9381084
NUDCD1,2,2,1.0,0.9329002
NUDT12,2,2,1.0,0.917722
NUDT9,2,2,1.0,0.9741554
NUP188,2,2,1.0,0.9911697
NUP35,2,2,1.0,0.9498364
NUP42,2,2,1.0,0.987144
NUP58,2,2,1.0,0.9793597
NXNL1,2,2,1.0,0.88042235
OAF,2,2,1.0,0.9609586
OBI1,2,2,1.0,0.8662534
OCEL1,2,2,1.0,0.9913845
OFCC1,2,2,1.0,0.946653
OGFOD1,2,2,1.0,0.93097824
OMA1,2,2,1.0,0.9894304
OR10A4,2,2,1.0,0.924399
OR10X1,2,2,1.0,0.90681285
OR14C36,2,2,1.0,0.9561757
OR14K1,2,2,1.0,0.9880521
OR1C1,2,2,1.0,0.92850757
OR1L3,2,2,1.0,0.8768679
OR1L4,2,2,1.0,0.9914377
OR2AG2,2,2,1.0,0.9842576
OR2V2,2,2,1.0,0.9792424
OR3A2,2,2,1.0,0.9913466
OR4E2,2,2,1.0,0.9589214
OR4F5,2,2,1.0,0.9869611
OR4F6,2,2,1.0,0.9329338
OR4K1,2,2,1.0,0.97201025
OR4K14,2,2,1.0,0.9793253
OR51B5,2,2,1.0,0.96886015
OR51B6,2,2,1.0,0.9027382
OR56A1,2,2,1.0,0.98428863
OR5B12,2,2,1.0,0.88161135
OR5B3,2,2,1.0,0.9562727
OR5P3,2,2,1.0,0.90543854
OR5T1,2,2,1.0,0.9782839
OR6B2,2,2,1.0,0.9642074
OR6K3,2,2,1.0,0.99144614
OR7A5,2,2,1.0,0.98679936
OR7D4,2,2,1.0,0.990885
OR9I1,2,2,1.0,0.9722152
ORM1,2,2,1.0,0.9676446
OSGEP,2,2,1.0,0.8976413
OSTF1,2,2,1.0,0.9292239
OTULINL,2,2,1.0,0.933216
OTX1,2,2,1.0,0.9793817
OVGP1,2,2,1.0,0.9893581
P2RX1,2,2,1.0,0.9820791
P2RX5,2,2,1.0,0.9785386
P2RY1,2,2,1.0,0.98984903
P2RY14,2,2,1.0,0.9833046
PACSIN1,2,2,1.0,0.9823537
PAK1,2,2,1.0,0.99139816
PANK4,2,2,1.0,0.97022176
PATL1,2,2,1.0,0.97499233
PAX1,2,2,1.0,0.9910777
PAX7,2,2,1.0,0.991446
PBRM1,2,2,1.0,0.92255026
PBX4,2,2,1.0,0.9802164
PCGF3,2,2,1.0,0.9551426
PCGF5,2,2,1.0,0.94511247
PCNX3,2,2,1.0,0.94139326
PCNX4,2,2,1.0,0.9773784
PCYOX1,2,2,1.0,0.9124775
PCYT2,2,2,1.0,0.96878755
PDCL,2,2,1.0,0.98596025
PDE12,2,2,1.0,0.9276978
PDIK1L,2,2,1.0,0.9844651
PDLIM1,2,2,1.0,0.99090624
PDPR,2,2,1.0,0.98369026
PELI1,2,2,1.0,0.896436
PGA5,2,2,1.0,0.9793762
PGS1,2,2,1.0,0.94237924
PHC3,2,2,1.0,0.9904779
PHGDH,2,2,1.0,0.9159364
PHKG1,2,2,1.0,0.86351824
PI4K2B,2,2,1.0,0.99139273
PIBF1,2,2,1.0,0.96072435
PID1,2,2,1.0,0.9886937
PIF1,2,2,1.0,0.89464337
PIK3C3,2,2,1.0,0.99136245
PILRA,2,2,1.0,0.99132305
PIP4P1,2,2,1.0,0.99127686
PITX2,2,2,1.0,0.92774546
PKMYT1,2,2,1.0,0.9769199
PLA2R1,2,2,1.0,0.97868055
PLD2,2,2,1.0,0.9732831
PLEKHA3,2,2,1.0,0.97613275
PLEKHA8,2,2,1.0,0.95073944
PLEKHB2,2,2,1.0,0.9283608
PLXDC2,2,2,1.0,0.9364063
PNPLA8,2,2,1.0,0.9844357
POC1A,2,2,1.0,0.99144864
POLD4,2,2,1.0,0.9685611
POLN,2,2,1.0,0.8875395
POM121,2,2,1.0,0.9773387
POMGNT2,2,2,1.0,0.9371842
POU2F1,2,2,1.0,0.8956696
PPARA,2,2,1.0,0.853255
PPFIBP2,2,2,1.0,0.88826406
PPIAL4G,2,2,1.0,0.94279146
PPID,2,2,1.0,0.98355424
PPIH,2,2,1.0,0.9856172
PPIL6,2,2,1.0,0.87573737
PPP1R17,2,2,1.0,0.98621917
PPP1R21,2,2,1.0,0.9108293
PPP1R3B,2,2,1.0,0.91082007
PPP1R7,2,2,1.0,0.88063943
PPP3R2,2,2,1.0,0.9255923
PQBP1,2,2,1.0,0.9702918
PRAMEF7,2,2,1.0,0.9849204
PRB1,2,2,1.0,0.9679791
PRDM7,2,2,1.0,0.9402514
PRIMA1,2,2,1.0,0.9441545
PRKCG,2,2,1.0,0.9752346
PROKR1,2,2,1.0,0.98161936
PRPF38A,2,2,1.0,0.91803586
PRSS22,2,2,1.0,0.91741276
PRSS37,2,2,1.0,0.9353987
PSMC2,2,2,1.0,0.9913424
PSMD1,2,2,1.0,0.98161185
PSMD9,2,2,1.0,0.80418295
PSMG2,2,2,1.0,0.9746349
PTGER2,2,2,1.0,0.9368621
PTGS1,2,2,1.0,0.8879919
PTPN1,2,2,1.0,0.99043214
QRICH2,2,2,1.0,0.9867504
R3HDM4,2,2,1.0,0.94927156
RAB10,2,2,1.0,0.98462236
RAB39A,2,2,1.0,0.9912975
RAB3D,2,2,1.0,0.964623
RABGAP1,2,2,1.0,0.98742324
RAET1E,2,2,1.0,0.95947844
RAET1L,2,2,1.0,0.980749
RANBP3,2,2,1.0,0.99105173
RAPGEF5,2,2,1.0,0.9782769
RASSF8,2,2,1.0,0.899818
RBL2,2,2,1.0,0.991487
RBPJ,2,2,1.0,0.9333699
RCAN3,2,2,1.0,0.89929056
RECQL5,2,2,1.0,0.97632164
REEP5,2,2,1.0,0.9604497
REL,2,2,1.0,0.91023636
RENBP,2,2,1.0,0.9853215
RETREG2,2,2,1.0,0.9461743
RETSAT,2,2,1.0,0.98748994
RFX1,2,2,1.0,0.97147644
RGS2,2,2,1.0,0.9913759
RHBDD2,2,2,1.0,0.92713857
RIN2,2,2,1.0,0.96172905
RIOK3,2,2,1.0,0.848005
RIPK1,2,2,1.0,0.9907899
RMI1,2,2,1.0,0.97431993
RNASE4,2,2,1.0,0.9913732
RNF10,2,2,1.0,0.9913196
RNF133,2,2,1.0,0.86245954
RNF149,2,2,1.0,0.9105519
RNF150,2,2,1.0,0.9905619
RNF157,2,2,1.0,0.9573004
RNGTT,2,2,1.0,0.9800334
RNMT,2,2,1.0,0.8810992
RP9,2,2,1.0,0.9903209
RPE,2,2,1.0,0.98953813
RPL13A,2,2,1.0,0.9251325
RPL15,2,2,1.0,0.87549865
RPL36A,2,2,1.0,0.98228866
RPP14,2,2,1.0,0.9851942
RPS6KA5,2,2,1.0,0.9846368
RSL1D1,2,2,1.0,0.9244504
RSPH3,2,2,1.0,0.9773481
RSPO2,2,2,1.0,0.9760771
RSPO4,2,2,1.0,0.94365263
RTF1,2,2,1.0,0.94747186
RUNDC3B,2,2,1.0,0.90656376
SAMHD1,2,2,1.0,0.9095074
SBSN,2,2,1.0,0.8846205
SCMH1,2,2,1.0,0.97969556
SDCBP,2,2,1.0,0.8898258
SDR42E1,2,2,1.0,0.9865364
SELP,2,2,1.0,0.98984265
SEMA3F,2,2,1.0,0.9687621
SENP8,2,2,1.0,0.9869945
SETD6,2,2,1.0,0.9400235
SFMBT1,2,2,1.0,0.9717219
SFTPA2,2,2,1.0,0.96064997
SGCE,2,2,1.0,0.9326199
SH2B1,2,2,1.0,0.9325032
SHARPIN,2,2,1.0,0.991472
SHISA2,2,2,1.0,0.9514248
SHMT2,2,2,1.0,0.91444397
SIAH2,2,2,1.0,0.97494566
SIGLEC14,2,2,1.0,0.9697292
SIGLEC6,2,2,1.0,0.9839312
SIGLECL1,2,2,1.0,0.97740376
SIRPD,2,2,1.0,0.9257245
SIRT2,2,2,1.0,0.9329651
SIRT7,2,2,1.0,0.98199344
SKA1,2,2,1.0,0.9643798
SKP1,2,2,1.0,0.96870154
SLC14A1,2,2,1.0,0.9289391
SLC16A12,2,2,1.0,0.82434857
SLC19A3,2,2,1.0,0.97071975
SLC1A3,2,2,1.0,0.96301454
SLC20A1,2,2,1.0,0.94770306
SLC22A1,2,2,1.0,0.98420656
SLC22A17,2,2,1.0,0.9571837
SLC25A13,2,2,1.0,0.9844084
SLC25A40,2,2,1.0,0.9904238
SLC25A41,2,2,1.0,0.96069545
SLC25A53,2,2,1.0,0.98519266
SLC26A7,2,2,1.0,0.9036038
SLC2A3,2,2,1.0,0.9866561
SLC30A7,2,2,1.0,0.9801822
SLC33A1,2,2,1.0,0.86799675
SLC34A1,2,2,1.0,0.9170958
SLC35B4,2,2,1.0,0.87897897
SLC37A1,2,2,1.0,0.9849239
SLC39A2,2,2,1.0,0.97445476
SLC39A3,2,2,1.0,0.9769767
SLC44A2,2,2,1.0,0.98423004
SLC7A1,2,2,1.0,0.98514247
SLC8A2,2,2,1.0,0.9913784
SLCO1A2,2,2,1.0,0.98601896
SMARCD1,2,2,1.0,0.98402035
SNORD115-21,2,2,1.0,0.7999593
SNORD115-22,2,2,1.0,0.9887811
SNPH,2,2,1.0,0.98401576
SP140,2,2,1.0,0.9778553
SPAG8,2,2,1.0,0.97528183
SPANXN2,2,2,1.0,0.96564674
SPANXN3,2,2,1.0,0.9740985
SPATA5L1,2,2,1.0,0.988764
SPATA7,2,2,1.0,0.982811
SPDYE3,2,2,1.0,0.9906632
SPNS1,2,2,1.0,0.9711633
SPP1,2,2,1.0,0.9824188
SPPL2C,2,2,1.0,0.98252714
SPRR1A,2,2,1.0,0.8044943
SQSTM1,2,2,1.0,0.9899594
SRPX,2,2,1.0,0.96793455
SS18,2,2,1.0,0.9175291
SS18L1,2,2,1.0,0.97359216
SSH3,2,2,1.0,0.9908681
SSR1,2,2,1.0,0.9148289
SSR4,2,2,1.0,0.9818326
SSU72P8,2,2,1.0,0.9849305
STAC3,2,2,1.0,0.9386308
STAT3,2,2,1.0,0.9814842
STEAP2,2,2,1.0,0.9504585
STK32A,2,2,1.0,0.979038
STRIP1,2,2,1.0,0.9909223
STYX,2,2,1.0,0.91983855
SULT6B1,2,2,1.0,0.9800316
SUPT5H,2,2,1.0,0.90137964
SUPV3L1,2,2,1.0,0.98451924
SVOP,2,2,1.0,0.9568211
SYCP3,2,2,1.0,0.91040397
SYDE1,2,2,1.0,0.814734
SYTL3,2,2,1.0,0.9825391
SYVN1,2,2,1.0,0.95848763
TACO1,2,2,1.0,0.9227252
TAF1A,2,2,1.0,0.96785235
TAF6,2,2,1.0,0.98297864
TAF7,2,2,1.0,0.98992056
TAFA1,2,2,1.0,0.9840364
TARDBP,2,2,1.0,0.95456755
TARS2,2,2,1.0,0.9788259
TAS1R1,2,2,1.0,0.9820792
TAS2R10,2,2,1.0,0.9860358
TAS2R38,2,2,1.0,0.96902704
TBC1D29P,2,2,1.0,0.98603106
TBC1D5,2,2,1.0,0.97184193
TBRG4,2,2,1.0,0.9870422
TCAIM,2,2,1.0,0.97208
TCF19,2,2,1.0,0.94224954
TCF3,2,2,1.0,0.9857471
TCTE1,2,2,1.0,0.9223399
TDG,2,2,1.0,0.9887525
TERF2,2,2,1.0,0.8997642
TERF2IP,2,2,1.0,0.9891708
TESK2,2,2,1.0,0.9844171
TEX26,2,2,1.0,0.98401093
TEX37,2,2,1.0,0.940465
TEX44,2,2,1.0,0.96714795
TFDP2,2,2,1.0,0.97442216
TGFB1I1,2,2,1.0,0.9056041
THAP4,2,2,1.0,0.9853932
THPO,2,2,1.0,0.95268965
THRB,2,2,1.0,0.9812689
TIGD6,2,2,1.0,0.9774667
TLCD3A,2,2,1.0,0.9720964
TLCD5,2,2,1.0,0.8783567
TLK2,2,2,1.0,0.9891882
TLR4,2,2,1.0,0.87870944
TM4SF4,2,2,1.0,0.93951726
TMCO3,2,2,1.0,0.97201765
TMEM120B,2,2,1.0,0.8953316
TMEM150C,2,2,1.0,0.9690954
TMEM161B,2,2,1.0,0.98741317
TMEM163,2,2,1.0,0.9907377
TMEM171,2,2,1.0,0.98560274
TMEM177,2,2,1.0,0.9098128
TMEM196,2,2,1.0,0.9912354
TMEM219,2,2,1.0,0.9894884
TMEM39A,2,2,1.0,0.9863807
TMEM59L,2,2,1.0,0.909038
TMEM72,2,2,1.0,0.9831132
TMPRSS11A,2,2,1.0,0.990204
TMPRSS11B,2,2,1.0,0.8824626
TNFRSF9,2,2,1.0,0.8771987
TNRC18,2,2,1.0,0.98179793
TNS2,2,2,1.0,0.99136996
TOP1,2,2,1.0,0.98711103
TPSAB1,2,2,1.0,0.95521593
TRAFD1,2,2,1.0,0.98260844
TRAJ38,2,2,1.0,0.8834501
TRBC2,2,2,1.0,0.98699677
TRBV2,2,2,1.0,0.9735412
TRGC1,2,2,1.0,0.8653858
TRIB3,2,2,1.0,0.9894856
TRIM5,2,2,1.0,0.99149543
TRMT1,2,2,1.0,0.9857116
TRMT2B,2,2,1.0,0.98935425
TSC22D1,2,2,1.0,0.98035765
TSEN34,2,2,1.0,0.98841155
TSPYL6,2,2,1.0,0.9009562
TTBK1,2,2,1.0,0.9204664
TTC29,2,2,1.0,0.9826313
TTC39B,2,2,1.0,0.95403194
TTC5,2,2,1.0,0.989018
TTC9C,2,2,1.0,0.99145114
TTLL11,2,2,1.0,0.95418406
TUBGCP2,2,2,1.0,0.9913868
TWSG1,2,2,1.0,0.9914062
TXLNG,2,2,1.0,0.97379124
TYMP,2,2,1.0,0.93508935
UCHL3,2,2,1.0,0.9914304
UGDH,2,2,1.0,0.915661
UGT1A3,2,2,1.0,0.97456944
UHMK1,2,2,1.0,0.99000794
UPF3B,2,2,1.0,0.9848056
UPK1A,2,2,1.0,0.935815
USH1G,2,2,1.0,0.991451
USP25,2,2,1.0,0.98122865
USP4,2,2,1.0,0.98793375
USP50,2,2,1.0,0.92156684
UTP6,2,2,1.0,0.9231381
VAPB,2,2,1.0,0.98102105
VAT1L,2,2,1.0,0.9912118
VCX3A,2,2,1.0,0.97873306
VCX3B,2,2,1.0,0.9113549
VEZT,2,2,1.0,0.9631212
VIPR1,2,2,1.0,0.9544708
VKORC1L1,2,2,1.0,0.99141544
VPREB1,2,2,1.0,0.9192771
VPS26A,2,2,1.0,0.9909153
VPS4B,2,2,1.0,0.9913138
WAC,2,2,1.0,0.9914303
WDR43,2,2,1.0,0.98962355
WDR83,2,2,1.0,0.8937541
WDR89,2,2,1.0,0.9202915
WNT10B,2,2,1.0,0.8945919
WNT8B,2,2,1.0,0.987171
XPNPEP3,2,2,1.0,0.9914516
XRCC1,2,2,1.0,0.9501675
YIPF5,2,2,1.0,0.9913329
ZBTB37,2,2,1.0,0.89971006
ZBTB46,2,2,1.0,0.99134254
ZBTB9,2,2,1.0,0.9223117
ZC3HAV1,2,2,1.0,0.99138284
ZDHHC14,2,2,1.0,0.9743174
ZFP2,2,2,1.0,0.98814
ZFYVE28,2,2,1.0,0.9611404
ZIC5,2,2,1.0,0.9099239
ZIK1,2,2,1.0,0.96404195
ZMYND19,2,2,1.0,0.9907141
ZNF143,2,2,1.0,0.8998089
ZNF16,2,2,1.0,0.9901434
ZNF165,2,2,1.0,0.96668434
ZNF175,2,2,1.0,0.9861257
ZNF2,2,2,1.0,0.9561869
ZNF20,2,2,1.0,0.9898309
ZNF221,2,2,1.0,0.99079734
ZNF222,2,2,1.0,0.98760694
ZNF223,2,2,1.0,0.9910304
ZNF225,2,2,1.0,0.99138
ZNF230,2,2,1.0,0.87275285
ZNF260,2,2,1.0,0.9914088
ZNF277,2,2,1.0,0.9878865
ZNF320,2,2,1.0,0.8018695
ZNF345,2,2,1.0,0.8925165
ZNF382,2,2,1.0,0.9909898
ZNF394,2,2,1.0,0.8658651
ZNF396,2,2,1.0,0.98859954
ZNF429,2,2,1.0,0.96411854
ZNF441,2,2,1.0,0.9909353
ZNF449,2,2,1.0,0.96512485
ZNF490,2,2,1.0,0.9504866
ZNF511-PRAP1,2,2,1.0,0.9735707
ZNF512,2,2,1.0,0.92719483
ZNF514,2,2,1.0,0.90188396
ZNF559,2,2,1.0,0.9514294
ZNF561,2,2,1.0,0.93149126
ZNF571,2,2,1.0,0.9912393
ZNF610,2,2,1.0,0.8961618
ZNF614,2,2,1.0,0.991215
ZNF655,2,2,1.0,0.98710895
ZNF670,2,2,1.0,0.9914225
ZNF677,2,2,1.0,0.97795534
ZNF695,2,2,1.0,0.9834231
ZNF749,2,2,1.0,0.9845472
ZNF763,2,2,1.0,0.9280826
ZNF772,2,2,1.0,0.9912833
ZNF780A,2,2,1.0,0.98175085
ZNF8,2,2,1.0,0.97363746
ZNF829,2,2,1.0,0.9534712
ZNF888,2,2,1.0,0.97751594
ZP1,2,2,1.0,0.98285043
ZSCAN5B,2,2,1.0,0.9908206
ZSCAN9,2,2,1.0,0.8984643
ZSWIM1,2,2,1.0,0.99113494
ZYG11B,2,2,1.0,0.9909538
ABCB10,3,2,0.6666666666666666,0.7463221
ABHD10,3,2,0.6666666666666666,0.6840971
ABHD16A,3,2,0.6666666666666666,0.6161434
ABHD8,3,2,0.6666666666666666,0.6401326
ABL1,3,2,0.6666666666666666,0.81812906
ACAD11,3,2,0.6666666666666666,0.8973718
ACADVL,3,2,0.6666666666666666,0.6138446
ACSBG1,3,2,0.6666666666666666,0.8056529
ACSL3,3,2,0.6666666666666666,0.6752155
ACTR3,3,2,0.6666666666666666,0.64458805
ACTRT2,3,2,0.6666666666666666,0.7516474
ACVR2A,3,2,0.6666666666666666,0.61784595
ADAM17,3,2,0.6666666666666666,0.6597993
ADARB1,3,2,0.6666666666666666,0.76773614
ADCYAP1,3,2,0.6666666666666666,0.6320031
ADCYAP1R1,3,2,0.6666666666666666,0.743043
ADGRB1,3,2,0.6666666666666666,0.61273223
ADH1C,3,2,0.6666666666666666,0.6439686
ADH7,3,2,0.6666666666666666,0.7075611
AFMID,3,2,0.6666666666666666,0.65959996
AGPAT1,3,2,0.6666666666666666,0.8006944
AGTR1,3,2,0.6666666666666666,0.704506
AHCY,3,2,0.6666666666666666,0.777745
AIMP2,3,2,0.6666666666666666,0.662591
AIRE,3,2,0.6666666666666666,0.65837747
AK5,3,2,0.6666666666666666,0.83912987
AKNA,3,2,0.6666666666666666,0.6026522
AKR1C1,3,2,0.6666666666666666,0.7488849
AL109984.1,3,2,0.6666666666666666,0.65993047
ALAS1,3,2,0.6666666666666666,0.60563046
ALDH1L2,3,2,0.6666666666666666,0.70901555
ALDH9A1,3,2,0.6666666666666666,0.7538526
ALDOC,3,2,0.6666666666666666,0.81052834
ALKBH2,3,2,0.6666666666666666,0.6706347
ALS2,3,2,0.6666666666666666,0.5433168
AMELX,3,2,0.6666666666666666,0.63617104
ANGPTL1,3,2,0.6666666666666666,0.6386693
ANKRD20A5P,3,2,0.6666666666666666,0.666449
ANKRD34B,3,2,0.6666666666666666,0.8505283
ANKRD53,3,2,0.6666666666666666,0.88444084
ANO7,3,2,0.6666666666666666,0.75221044
ANO8,3,2,0.6666666666666666,0.6364506
ANXA13,3,2,0.6666666666666666,0.6611717
AP002748.5,3,2,0.6666666666666666,0.6534578
APBB1IP,3,2,0.6666666666666666,0.8107094
APH1A,3,2,0.6666666666666666,0.63827527
APMAP,3,2,0.6666666666666666,0.6800492
AQP7,3,2,0.6666666666666666,0.7878149
ARHGAP26,3,2,0.6666666666666666,0.6610295
ARHGEF12,3,2,0.6666666666666666,0.6482131
ARHGEF16,3,2,0.6666666666666666,0.75425214
ARHGEF18,3,2,0.6666666666666666,0.66413677
ARHGEF37,3,2,0.6666666666666666,0.6606169
ARIH2,3,2,0.6666666666666666,0.81716704
ARL14,3,2,0.6666666666666666,0.65922576
ARMC8,3,2,0.6666666666666666,0.73926353
ARMT1,3,2,0.6666666666666666,0.6570711
ARPP19P2,3,2,0.6666666666666666,0.6635664
ARRB1,3,2,0.6666666666666666,0.7340951
ARRDC3,3,2,0.6666666666666666,0.6971305
ARSJ,3,2,0.6666666666666666,0.71406054
ASNS,3,2,0.6666666666666666,0.6583511
ASNSD1,3,2,0.6666666666666666,0.6492885
ASPHD1,3,2,0.6666666666666666,0.79151225
ATP2A2,3,2,0.6666666666666666,0.6635537
ATP6V0D2,3,2,0.6666666666666666,0.662906
ATP8B2,3,2,0.6666666666666666,0.7847139
ATXN10,3,2,0.6666666666666666,0.72210264
ATXN3L,3,2,0.6666666666666666,0.8058832
B3GALT5,3,2,0.6666666666666666,0.73489213
B4GALT2,3,2,0.6666666666666666,0.8672511
BACH2,3,2,0.6666666666666666,0.6360596
BAG6,3,2,0.6666666666666666,0.8320344
BAHCC1,3,2,0.6666666666666666,0.5870374
BAIAP2L1,3,2,0.6666666666666666,0.8536661
BBS12,3,2,0.6666666666666666,0.6653394
BBX,3,2,0.6666666666666666,0.8393349
BCAT1,3,2,0.6666666666666666,0.6494223
BCL11B,3,2,0.6666666666666666,0.60710734
BLK,3,2,0.6666666666666666,0.83943766
BLMH,3,2,0.6666666666666666,0.68209475
BMPR1B,3,2,0.6666666666666666,0.58613616
BORCS5,3,2,0.6666666666666666,0.6533782
BRAT1,3,2,0.6666666666666666,0.6455757
BRD3,3,2,0.6666666666666666,0.8276973
BRIX1,3,2,0.6666666666666666,0.60341424
BSDC1,3,2,0.6666666666666666,0.7724293
BTG3,3,2,0.6666666666666666,0.68425393
BTG4,3,2,0.6666666666666666,0.65713054
BUB1B,3,2,0.6666666666666666,0.6807546
C11orf65,3,2,0.6666666666666666,0.86244327
C12orf71,3,2,0.6666666666666666,0.60810834
C16orf71,3,2,0.6666666666666666,0.8993416
C17orf80,3,2,0.6666666666666666,0.6847169
C20orf194,3,2,0.6666666666666666,0.66936666
C20orf85,3,2,0.6666666666666666,0.7616427
C2CD2,3,2,0.6666666666666666,0.5514829
C2orf42,3,2,0.6666666666666666,0.5906293
C3AR1,3,2,0.6666666666666666,0.58728456
C4orf17,3,2,0.6666666666666666,0.7115534
C7orf65,3,2,0.6666666666666666,0.7149594
CACNB3,3,2,0.6666666666666666,0.6467021
CADM1,3,2,0.6666666666666666,0.8903783
CAPS,3,2,0.6666666666666666,0.5900747
CAPSL,3,2,0.6666666666666666,0.8194749
CARS2,3,2,0.6666666666666666,0.8699022
CAVIN3,3,2,0.6666666666666666,0.6724407
CBX2,3,2,0.6666666666666666,0.8879905
CC2D1A,3,2,0.6666666666666666,0.656856
CC2D2A,3,2,0.6666666666666666,0.6413656
CCDC190,3,2,0.6666666666666666,0.5969139
CCDC30,3,2,0.6666666666666666,0.69540614
CCDC40,3,2,0.6666666666666666,0.7865884
CCDC62,3,2,0.6666666666666666,0.79922414
CCHCR1,3,2,0.6666666666666666,0.719526
CCNE2,3,2,0.6666666666666666,0.77083874
CCR2,3,2,0.6666666666666666,0.8105233
CCR6,3,2,0.6666666666666666,0.6705478
CCT5,3,2,0.6666666666666666,0.6475163
CD226,3,2,0.6666666666666666,0.78253454
CD3E,3,2,0.6666666666666666,0.7048259
CD8B,3,2,0.6666666666666666,0.62599045
CDC20,3,2,0.6666666666666666,0.7130971
CDC73,3,2,0.6666666666666666,0.77890605
CDCA2,3,2,0.6666666666666666,0.6398555
CDCP2,3,2,0.6666666666666666,0.6142383
CDHR3,3,2,0.6666666666666666,0.63140124
CDIP1,3,2,0.6666666666666666,0.6664872
CDK3,3,2,0.6666666666666666,0.8000562
CDKL3,3,2,0.6666666666666666,0.61972666
CELA3B,3,2,0.6666666666666666,0.5713161
CELF6,3,2,0.6666666666666666,0.61418885
CFAP251,3,2,0.6666666666666666,0.7599397
CFAP45,3,2,0.6666666666666666,0.88809747
CFAP70,3,2,0.6666666666666666,0.65701574
CGN,3,2,0.6666666666666666,0.67384845
CHD1L,3,2,0.6666666666666666,0.8036299
CHST6,3,2,0.6666666666666666,0.78752726
CHSY1,3,2,0.6666666666666666,0.84508985
CHUK,3,2,0.6666666666666666,0.659863
CITED2,3,2,0.6666666666666666,0.56508887
CLASRP,3,2,0.6666666666666666,0.6609525
CLEC10A,3,2,0.6666666666666666,0.717998
CLEC4D,3,2,0.6666666666666666,0.8403055
CLK3,3,2,0.6666666666666666,0.6199525
CLK4,3,2,0.6666666666666666,0.8904839
CLMN,3,2,0.6666666666666666,0.6163777
CLN5,3,2,0.6666666666666666,0.65801656
CLTC,3,2,0.6666666666666666,0.7654453
CMTR1,3,2,0.6666666666666666,0.63177425
CNPY4,3,2,0.6666666666666666,0.81512207
CNTF,3,2,0.6666666666666666,0.65220517
COIL,3,2,0.6666666666666666,0.7781586
COL25A1,3,2,0.6666666666666666,0.8908908
COLEC10,3,2,0.6666666666666666,0.8382215
COLGALT1,3,2,0.6666666666666666,0.87799615
CORO2A,3,2,0.6666666666666666,0.83320075
COX10,3,2,0.6666666666666666,0.8286292
CPNE2,3,2,0.6666666666666666,0.637335
CPSF3,3,2,0.6666666666666666,0.65359217
CREB3,3,2,0.6666666666666666,0.6152249
CRIM1,3,2,0.6666666666666666,0.81830835
CROT,3,2,0.6666666666666666,0.7633786
CRTC2,3,2,0.6666666666666666,0.5779611
CRY2,3,2,0.6666666666666666,0.7233872
CSH1,3,2,0.6666666666666666,0.722559
CSPG5,3,2,0.6666666666666666,0.80332726
CTSC,3,2,0.6666666666666666,0.67605656
CTSW,3,2,0.6666666666666666,0.74965954
CWF19L1,3,2,0.6666666666666666,0.8836736
CYP4Z1,3,2,0.6666666666666666,0.7229802
CYTH1,3,2,0.6666666666666666,0.7247556
DAAM1,3,2,0.6666666666666666,0.6519005
DCAF6,3,2,0.6666666666666666,0.7781566
DCBLD1,3,2,0.6666666666666666,0.672952
DCTN2,3,2,0.6666666666666666,0.6314168
DDX42,3,2,0.6666666666666666,0.66657305
DDX46,3,2,0.6666666666666666,0.82961684
DDX58,3,2,0.6666666666666666,0.855529
DEAF1,3,2,0.6666666666666666,0.83977693
DECR2,3,2,0.6666666666666666,0.68509406
DELE1,3,2,0.6666666666666666,0.71545935
DENND3,3,2,0.6666666666666666,0.80466336
DENND5B,3,2,0.6666666666666666,0.57281834
DERA,3,2,0.6666666666666666,0.6430556
DGAT2L6,3,2,0.6666666666666666,0.7310681
DHCR7,3,2,0.6666666666666666,0.8191789
DISC1,3,2,0.6666666666666666,0.6696563
DKK1,3,2,0.6666666666666666,0.64509416
DLX4,3,2,0.6666666666666666,0.6008705
DNAH12,3,2,0.6666666666666666,0.80418843
DNAJC14,3,2,0.6666666666666666,0.7763317
DNAJC21,3,2,0.6666666666666666,0.88279724
DOK1,3,2,0.6666666666666666,0.8066869
DOK6,3,2,0.6666666666666666,0.7335348
DPF3,3,2,0.6666666666666666,0.64647627
DPYD,3,2,0.6666666666666666,0.82809085
DRG2,3,2,0.6666666666666666,0.741
DSG2,3,2,0.6666666666666666,0.8063871
DUS1L,3,2,0.6666666666666666,0.65691525
DUSP16,3,2,0.6666666666666666,0.8106211
DVL2,3,2,0.6666666666666666,0.672231
E2F3,3,2,0.6666666666666666,0.6515797
E2F6,3,2,0.6666666666666666,0.653343
EDARADD,3,2,0.6666666666666666,0.79534525
EDC3,3,2,0.6666666666666666,0.7966364
EDEM1,3,2,0.6666666666666666,0.6262588
EDRF1,3,2,0.6666666666666666,0.73879623
EI24P4,3,2,0.6666666666666666,0.8406808
EIF2D,3,2,0.6666666666666666,0.623809
EIF3B,3,2,0.6666666666666666,0.8646207
EIF3D,3,2,0.6666666666666666,0.8008804
EIF4G3,3,2,0.6666666666666666,0.639
EIF4H,3,2,0.6666666666666666,0.8848858
ELK4,3,2,0.6666666666666666,0.7666361
ELP3,3,2,0.6666666666666666,0.8733236
ENOX2,3,2,0.6666666666666666,0.8394453
ENTPD1,3,2,0.6666666666666666,0.5761542
ENTPD3,3,2,0.6666666666666666,0.8854862
ENTR1,3,2,0.6666666666666666,0.8714568
EPB41L1,3,2,0.6666666666666666,0.83063054
EPHX2,3,2,0.6666666666666666,0.7380076
EPM2A,3,2,0.6666666666666666,0.6513466
ERCC2,3,2,0.6666666666666666,0.80986685
ERVW-1,3,2,0.6666666666666666,0.8742091
ETS2,3,2,0.6666666666666666,0.6591816
EXO1,3,2,0.6666666666666666,0.7634628
EXO5,3,2,0.6666666666666666,0.7891202
EXOC3,3,2,0.6666666666666666,0.6609828
EXOC3L2,3,2,0.6666666666666666,0.6242638
EZR,3,2,0.6666666666666666,0.83110684
FAIM,3,2,0.6666666666666666,0.7451577
FAM118A,3,2,0.6666666666666666,0.77186996
FAM118B,3,2,0.6666666666666666,0.61444634
FAM153B,3,2,0.6666666666666666,0.59977263
FAM169A,3,2,0.6666666666666666,0.6344349
FAM228A,3,2,0.6666666666666666,0.6271726
FAM71F1,3,2,0.6666666666666666,0.6539754
FBXO40,3,2,0.6666666666666666,0.67488164
FBXO47,3,2,0.6666666666666666,0.78490514
FCGR3B,3,2,0.6666666666666666,0.705777
FCRLA,3,2,0.6666666666666666,0.8324747
FGGY,3,2,0.6666666666666666,0.6372814
FKBP10,3,2,0.6666666666666666,0.772873
FMNL2,3,2,0.6666666666666666,0.63494915
FMO5,3,2,0.6666666666666666,0.74663526
FNDC3A,3,2,0.6666666666666666,0.64693964
FOLR3,3,2,0.6666666666666666,0.6460643
FOXD4L6,3,2,0.6666666666666666,0.6219075
FOXN4,3,2,0.6666666666666666,0.6522206
FOXS1,3,2,0.6666666666666666,0.75972086
FRK,3,2,0.6666666666666666,0.644582
FRMD3,3,2,0.6666666666666666,0.89059454
FRMD4B,3,2,0.6666666666666666,0.6524332
FRRS1,3,2,0.6666666666666666,0.8002803
FTO,3,2,0.6666666666666666,0.76292926
G6PC,3,2,0.6666666666666666,0.76559305
GAB1,3,2,0.6666666666666666,0.6363954
GABRA3,3,2,0.6666666666666666,0.64321965
GAL3ST4,3,2,0.6666666666666666,0.6818502
GALNTL6,3,2,0.6666666666666666,0.6318236
GALT,3,2,0.6666666666666666,0.6295034
GATA4,3,2,0.6666666666666666,0.837302
GCC2,3,2,0.6666666666666666,0.60898775
GCSAM,3,2,0.6666666666666666,0.64491427
GDAP2,3,2,0.6666666666666666,0.7929047
GJA10,3,2,0.6666666666666666,0.79554826
GJB4,3,2,0.6666666666666666,0.79305476
GJB5,3,2,0.6666666666666666,0.90692234
GLT6D1,3,2,0.6666666666666666,0.79321766
GOLGA6B,3,2,0.6666666666666666,0.6648653
GPBP1,3,2,0.6666666666666666,0.6420599
GPC4,3,2,0.6666666666666666,0.62846863
GPNMB,3,2,0.6666666666666666,0.7425818
GPR107,3,2,0.6666666666666666,0.6501407
GPR182,3,2,0.6666666666666666,0.8181319
GPR34,3,2,0.6666666666666666,0.6261198
GPR52,3,2,0.6666666666666666,0.60784847
GPSM2,3,2,0.6666666666666666,0.75811
GRAMD2A,3,2,0.6666666666666666,0.8567357
GRB7,3,2,0.6666666666666666,0.89786977
GRK1,3,2,0.6666666666666666,0.643327
GRM5,3,2,0.6666666666666666,0.6764936
GRWD1,3,2,0.6666666666666666,0.65926737
GTF3C3,3,2,0.6666666666666666,0.6610778
H2AC4,3,2,0.6666666666666666,0.7502336
H3-5,3,2,0.6666666666666666,0.6919915
HAUS7,3,2,0.6666666666666666,0.7474587
HCCS,3,2,0.6666666666666666,0.61833113
HDAC6,3,2,0.6666666666666666,0.61901087
HDLBP,3,2,0.6666666666666666,0.604115
HEATR6,3,2,0.6666666666666666,0.77816033
HEATR9,3,2,0.6666666666666666,0.77107173
HELT,3,2,0.6666666666666666,0.76220226
HEXA,3,2,0.6666666666666666,0.66097504
HEXD,3,2,0.6666666666666666,0.6416144
HEYL,3,2,0.6666666666666666,0.66096634
HGFAC,3,2,0.6666666666666666,0.6253647
HID1,3,2,0.6666666666666666,0.7319324
HIPK3,3,2,0.6666666666666666,0.8941474
HJV,3,2,0.6666666666666666,0.6354887
HK1,3,2,0.6666666666666666,0.69923276
HNRNPR,3,2,0.6666666666666666,0.6673414
HNRNPUL1,3,2,0.6666666666666666,0.8572984
HOOK2,3,2,0.6666666666666666,0.85824054
HOXB3,3,2,0.6666666666666666,0.7209012
HOXC9,3,2,0.6666666666666666,0.62457365
HPCAL4,3,2,0.6666666666666666,0.7795644
HPGD,3,2,0.6666666666666666,0.68547076
HPR,3,2,0.6666666666666666,0.782542
HPX,3,2,0.6666666666666666,0.6509251
HSD3B1,3,2,0.6666666666666666,0.88253087
HSPA1L,3,2,0.6666666666666666,0.74312836
IARS2,3,2,0.6666666666666666,0.8108208
ICA1L,3,2,0.6666666666666666,0.65795213
ICAM5,3,2,0.6666666666666666,0.6609711
ICE2,3,2,0.6666666666666666,0.5978807
IFI44L,3,2,0.6666666666666666,0.74580216
IFIT3,3,2,0.6666666666666666,0.7859659
IFT46,3,2,0.6666666666666666,0.60943407
IGBP1P2,3,2,0.6666666666666666,0.66172534
IGFBP7,3,2,0.6666666666666666,0.70168334
IGHG4,3,2,0.6666666666666666,0.83847076
IGHV3-64,3,2,0.6666666666666666,0.6702738
IGKV1D-42,3,2,0.6666666666666666,0.79343206
IGSF21,3,2,0.6666666666666666,0.66087246
IL2RB,3,2,0.6666666666666666,0.67741865
IMMT,3,2,0.6666666666666666,0.6064698
ING2,3,2,0.6666666666666666,0.6422722
INIP,3,2,0.6666666666666666,0.86338717
INO80,3,2,0.6666666666666666,0.8537424
INTS11,3,2,0.6666666666666666,0.64058405
IQCB1,3,2,0.6666666666666666,0.70520496
IQCG,3,2,0.6666666666666666,0.88680214
IRF9,3,2,0.6666666666666666,0.7877147
ISM2,3,2,0.6666666666666666,0.64929456
ITGA7,3,2,0.6666666666666666,0.64206225
ITK,3,2,0.6666666666666666,0.6955419
JADE2,3,2,0.6666666666666666,0.8197083
JAK1,3,2,0.6666666666666666,0.71719867
JAK3,3,2,0.6666666666666666,0.6830351
JUN,3,2,0.6666666666666666,0.69368625
KANK2,3,2,0.6666666666666666,0.706819
KATNA1,3,2,0.6666666666666666,0.6730477
KAZN,3,2,0.6666666666666666,0.6609945
KCND3,3,2,0.6666666666666666,0.81396943
KCNMB1,3,2,0.6666666666666666,0.65712816
KERA,3,2,0.6666666666666666,0.8903479
KIF7,3,2,0.6666666666666666,0.6162309
KIFAP3,3,2,0.6666666666666666,0.8085738
KLF1,3,2,0.6666666666666666,0.6595537
KLF12,3,2,0.6666666666666666,0.642118
KLHL12,3,2,0.6666666666666666,0.7114013
KLHL5,3,2,0.6666666666666666,0.8493633
KLK9,3,2,0.6666666666666666,0.7238059
KLRC1,3,2,0.6666666666666666,0.6603852
KLRC3,3,2,0.6666666666666666,0.69516474
KLRK1,3,2,0.6666666666666666,0.6440388
KRT10,3,2,0.6666666666666666,0.78393525
KRT40,3,2,0.6666666666666666,0.7056733
KRTAP20-2,3,2,0.6666666666666666,0.7939971
KRTAP24-1,3,2,0.6666666666666666,0.6503113
KTN1,3,2,0.6666666666666666,0.7922392
KYNU,3,2,0.6666666666666666,0.71567076
LAMP5,3,2,0.6666666666666666,0.8204763
LARGE1,3,2,0.6666666666666666,0.58246535
LCE1F,3,2,0.6666666666666666,0.7764408
LCMT1,3,2,0.6666666666666666,0.685383
LDHD,3,2,0.6666666666666666,0.6915321
LETMD1,3,2,0.6666666666666666,0.7620356
LHFPL2,3,2,0.6666666666666666,0.7135226
LHX8,3,2,0.6666666666666666,0.82031053
LHX9,3,2,0.6666666666666666,0.78550214
LIN9,3,2,0.6666666666666666,0.6638951
LLGL1,3,2,0.6666666666666666,0.7586508
LMAN2L,3,2,0.6666666666666666,0.62576896
LMBR1,3,2,0.6666666666666666,0.655027
LMNTD1,3,2,0.6666666666666666,0.65784675
LMOD3,3,2,0.6666666666666666,0.7783141
LPAL2,3,2,0.6666666666666666,0.9006255
LRIT1,3,2,0.6666666666666666,0.8717437
LRIT3,3,2,0.6666666666666666,0.65150976
LRRC37B,3,2,0.6666666666666666,0.77835876
LRRC8D,3,2,0.6666666666666666,0.6609934
LRRCC1,3,2,0.6666666666666666,0.5957747
LRRN4,3,2,0.6666666666666666,0.7927422
LRTM2,3,2,0.6666666666666666,0.603134
MAB21L2,3,2,0.6666666666666666,0.6519106
MAB21L4,3,2,0.6666666666666666,0.7817683
MAGEB10,3,2,0.6666666666666666,0.6595738
MAGEB3,3,2,0.6666666666666666,0.6054283
MAGEF1,3,2,0.6666666666666666,0.7258749
MAMDC4,3,2,0.6666666666666666,0.78489256
MAN1A2,3,2,0.6666666666666666,0.6702488
MAN1B1,3,2,0.6666666666666666,0.6605549
MAN2C1,3,2,0.6666666666666666,0.82757443
MAP3K10,3,2,0.6666666666666666,0.59739375
MAP7D3,3,2,0.6666666666666666,0.65205795
MAPT,3,2,0.6666666666666666,0.8027858
MARVELD2,3,2,0.6666666666666666,0.6813386
MAT1A,3,2,0.6666666666666666,0.6596496
MAT2A,3,2,0.6666666666666666,0.7186908
MATR3,3,2,0.6666666666666666,0.6055312
MAX,3,2,0.6666666666666666,0.63897747
MBOAT1,3,2,0.6666666666666666,0.6292036
MCF2L,3,2,0.6666666666666666,0.56496215
MCHR1,3,2,0.6666666666666666,0.69306344
MCM5,3,2,0.6666666666666666,0.6583176
MCOLN2,3,2,0.6666666666666666,0.7522623
MCTS1,3,2,0.6666666666666666,0.6508083
MDGA1,3,2,0.6666666666666666,0.6537009
MEAK7,3,2,0.6666666666666666,0.7069178
METTL16,3,2,0.6666666666666666,0.7892296
MEX3B,3,2,0.6666666666666666,0.8077781
MFSD5,3,2,0.6666666666666666,0.72507304
MFSD6,3,2,0.6666666666666666,0.6898308
MIPEP,3,2,0.6666666666666666,0.7964516
MLPH,3,2,0.6666666666666666,0.6263934
MMP7,3,2,0.6666666666666666,0.7672396
MOB1B,3,2,0.6666666666666666,0.85579294
MPHOSPH8,3,2,0.6666666666666666,0.78089064
MR1,3,2,0.6666666666666666,0.79760265
MRO,3,2,0.6666666666666666,0.9037127
MRPL30,3,2,0.6666666666666666,0.6542426
MRPS35,3,2,0.6666666666666666,0.6225864
MRPS5,3,2,0.6666666666666666,0.8579162
MRPS9,3,2,0.6666666666666666,0.6247042
MS4A12,3,2,0.6666666666666666,0.88224196
MSX1,3,2,0.6666666666666666,0.64073896
MTA3,3,2,0.6666666666666666,0.5989476
MTDH,3,2,0.6666666666666666,0.63345474
MTMR8,3,2,0.6666666666666666,0.66097045
MTR,3,2,0.6666666666666666,0.66334015
MTUS1,3,2,0.6666666666666666,0.87843585
MYBPC2,3,2,0.6666666666666666,0.62117964
MYLK2,3,2,0.6666666666666666,0.6530771
MYO1C,3,2,0.6666666666666666,0.65656775
MYSM1,3,2,0.6666666666666666,0.66099334
MYT1,3,2,0.6666666666666666,0.6734379
NAT16,3,2,0.6666666666666666,0.66122013
NCAPG,3,2,0.6666666666666666,0.65272796
NCAPH2,3,2,0.6666666666666666,0.65523654
NCEH1,3,2,0.6666666666666666,0.7454751
NCF1,3,2,0.6666666666666666,0.84685564
NCKAP1,3,2,0.6666666666666666,0.78761536
NDUFA3,3,2,0.6666666666666666,0.893549
NECAB2,3,2,0.6666666666666666,0.6313721
NEIL3,3,2,0.6666666666666666,0.630573
NEO1,3,2,0.6666666666666666,0.7075362
NEPRO,3,2,0.6666666666666666,0.78554946
NFIL3,3,2,0.6666666666666666,0.7991099
NFIX,3,2,0.6666666666666666,0.6274349
NFRKB,3,2,0.6666666666666666,0.62072676
NGLY1,3,2,0.6666666666666666,0.7911635
NID2,3,2,0.6666666666666666,0.63443583
NIPAL2,3,2,0.6666666666666666,0.7815678
NKAIN2,3,2,0.6666666666666666,0.77071357
NKD2,3,2,0.6666666666666666,0.6546257
NLGN2,3,2,0.6666666666666666,0.6567862
NOD2,3,2,0.6666666666666666,0.6365895
NOP56,3,2,0.6666666666666666,0.67746407
NPDC1,3,2,0.6666666666666666,0.6246676
NPHP3,3,2,0.6666666666666666,0.8271205
NPHS2,3,2,0.6666666666666666,0.6604151
NR2F2,3,2,0.6666666666666666,0.90049547
NRF1,3,2,0.6666666666666666,0.81914806
NRROS,3,2,0.6666666666666666,0.80521446
NSRP1,3,2,0.6666666666666666,0.71321946
NUP54,3,2,0.6666666666666666,0.65751487
NUP88,3,2,0.6666666666666666,0.66092026
NYAP1,3,2,0.6666666666666666,0.6607985
OBSL1,3,2,0.6666666666666666,0.61678195
OLFML1,3,2,0.6666666666666666,0.6945942
OR10H3,3,2,0.6666666666666666,0.7078031
OR10H4,3,2,0.6666666666666666,0.685487
OR10J3,3,2,0.6666666666666666,0.6959119
OR10Z1,3,2,0.6666666666666666,0.8671182
OR12D2,3,2,0.6666666666666666,0.7963128
OR2AT4,3,2,0.6666666666666666,0.7639578
OR2D3,3,2,0.6666666666666666,0.64352846
OR2F1,3,2,0.6666666666666666,0.90168786
OR2T34,3,2,0.6666666666666666,0.7663738
OR4A5,3,2,0.6666666666666666,0.6608011
OR4K2,3,2,0.6666666666666666,0.86875826
OR4N5,3,2,0.6666666666666666,0.7832542
OR4S2,3,2,0.6666666666666666,0.67932254
OR52K1,3,2,0.6666666666666666,0.6596518
OR52L1,3,2,0.6666666666666666,0.8538973
OR5C1,3,2,0.6666666666666666,0.64457536
OR6C4,3,2,0.6666666666666666,0.76500344
OR6C6,3,2,0.6666666666666666,0.7108343
OR6C70,3,2,0.6666666666666666,0.8110976
OR6N1,3,2,0.6666666666666666,0.78334063
OR6N2,3,2,0.6666666666666666,0.71250916
OR6Y1,3,2,0.6666666666666666,0.6601093
OR8D4,3,2,0.6666666666666666,0.67701536
OR8G5,3,2,0.6666666666666666,0.6649364
OSCP1,3,2,0.6666666666666666,0.7192693
OSTM1,3,2,0.6666666666666666,0.6240117
OTC,3,2,0.6666666666666666,0.656235
OTOP2,3,2,0.6666666666666666,0.6602978
OTOP3,3,2,0.6666666666666666,0.63300896
OVOL1,3,2,0.6666666666666666,0.79441375
P2RX4,3,2,0.6666666666666666,0.7316723
P3H3,3,2,0.6666666666666666,0.6536172
PADI4,3,2,0.6666666666666666,0.7661341
PADI6,3,2,0.6666666666666666,0.76046115
PAH,3,2,0.6666666666666666,0.6833756
PARPBP,3,2,0.6666666666666666,0.79214317
PARS2,3,2,0.6666666666666666,0.58725864
PAX5,3,2,0.6666666666666666,0.63431126
PCDH10,3,2,0.6666666666666666,0.64715344
PCDHGA12,3,2,0.6666666666666666,0.57993275
PCDHGC3,3,2,0.6666666666666666,0.636272
PCED1A,3,2,0.6666666666666666,0.7037644
PCK2,3,2,0.6666666666666666,0.7314885
PDE8A,3,2,0.6666666666666666,0.8230813
PDGFC,3,2,0.6666666666666666,0.7841167
PDP2,3,2,0.6666666666666666,0.7778654
PDZD7,3,2,0.6666666666666666,0.67731357
PEX19,3,2,0.6666666666666666,0.7816536
PEX2,3,2,0.6666666666666666,0.7610317
PEX3,3,2,0.6666666666666666,0.64309555
PFAS,3,2,0.6666666666666666,0.74771166
PFKFB1,3,2,0.6666666666666666,0.6265049
PGAP1,3,2,0.6666666666666666,0.65156627
PHF12,3,2,0.6666666666666666,0.6542707
PHF21B,3,2,0.6666666666666666,0.8137808
PHF7,3,2,0.6666666666666666,0.69940394
PHOX2B,3,2,0.6666666666666666,0.80344075
PHYH,3,2,0.6666666666666666,0.65309936
PI4KB,3,2,0.6666666666666666,0.67675704
PICALM,3,2,0.6666666666666666,0.64213914
PIGT,3,2,0.6666666666666666,0.8121409
PIP4K2B,3,2,0.6666666666666666,0.6284172
PIPOX,3,2,0.6666666666666666,0.8809492
PITPNA,3,2,0.6666666666666666,0.6608903
PITPNB,3,2,0.6666666666666666,0.85242516
PITPNC1,3,2,0.6666666666666666,0.6295677
PKN3,3,2,0.6666666666666666,0.6556103
PLA2G2F,3,2,0.6666666666666666,0.63519853
PLA2G7,3,2,0.6666666666666666,0.58678514
PLAA,3,2,0.6666666666666666,0.6579332
PLD4,3,2,0.6666666666666666,0.6041599
PLK1,3,2,0.6666666666666666,0.5593496
PLVAP,3,2,0.6666666666666666,0.73839325
PLXNB2,3,2,0.6666666666666666,0.8980798
PMS1,3,2,0.6666666666666666,0.60704976
PMS2,3,2,0.6666666666666666,0.776419
PNLIP,3,2,0.6666666666666666,0.83612233
POFUT2,3,2,0.6666666666666666,0.6436104
POGLUT1,3,2,0.6666666666666666,0.69370514
POLA2,3,2,0.6666666666666666,0.8439722
POLG,3,2,0.6666666666666666,0.6379196
POLM,3,2,0.6666666666666666,0.6535693
POLR1C,3,2,0.6666666666666666,0.7779193
POLR3D,3,2,0.6666666666666666,0.7132185
POLR3G,3,2,0.6666666666666666,0.8182575
POM121C,3,2,0.6666666666666666,0.73419887
POMT1,3,2,0.6666666666666666,0.6462533
PPA2,3,2,0.6666666666666666,0.7204804
PPBP,3,2,0.6666666666666666,0.6553556
PPM1E,3,2,0.6666666666666666,0.70771855
PPM1F,3,2,0.6666666666666666,0.69554424
PPME1,3,2,0.6666666666666666,0.65642565
PPP1R10,3,2,0.6666666666666666,0.8777947
PPP1R12A,3,2,0.6666666666666666,0.6040092
PPP4R2,3,2,0.6666666666666666,0.8559556
PPP4R3B,3,2,0.6666666666666666,0.6242164
PRAME,3,2,0.6666666666666666,0.6201469
PRAMEF4,3,2,0.6666666666666666,0.6608775
PRDM11,3,2,0.6666666666666666,0.627994
PRKAG1,3,2,0.6666666666666666,0.8782843
PRKAG2,3,2,0.6666666666666666,0.7249531
PRKCH,3,2,0.6666666666666666,0.63766205
PRL,3,2,0.6666666666666666,0.76309663
PRMT9,3,2,0.6666666666666666,0.8566051
PRPF19,3,2,0.6666666666666666,0.7547827
PRPF38B,3,2,0.6666666666666666,0.7499024
PRRC2C,3,2,0.6666666666666666,0.62321615
PRSS48,3,2,0.6666666666666666,0.7614481
PSMD3,3,2,0.6666666666666666,0.7668505
PSMG1,3,2,0.6666666666666666,0.6606962
PTPN20,3,2,0.6666666666666666,0.5837847
PTPRE,3,2,0.6666666666666666,0.59902185
PUS3,3,2,0.6666666666666666,0.8082517
PWWP3A,3,2,0.6666666666666666,0.7127784
PYGB,3,2,0.6666666666666666,0.707784
QPCT,3,2,0.6666666666666666,0.65923876
R3HDML,3,2,0.6666666666666666,0.7518981
RAD21,3,2,0.6666666666666666,0.7115175
RADIL,3,2,0.6666666666666666,0.66017425
RAI14,3,2,0.6666666666666666,0.73441845
RALGDS,3,2,0.6666666666666666,0.89814514
RASSF5,3,2,0.6666666666666666,0.6609372
RBFA,3,2,0.6666666666666666,0.62190413
RBM6,3,2,0.6666666666666666,0.5946674
RDH16,3,2,0.6666666666666666,0.7945652
REC8,3,2,0.6666666666666666,0.6532216
RECQL,3,2,0.6666666666666666,0.6750739
RFC4,3,2,0.6666666666666666,0.63147503
RFTN1,3,2,0.6666666666666666,0.6611101
RGL1,3,2,0.6666666666666666,0.6385582
RGS7,3,2,0.6666666666666666,0.7605222
RHBDL1,3,2,0.6666666666666666,0.5330654
RHNO1,3,2,0.6666666666666666,0.8086942
RHOQ,3,2,0.6666666666666666,0.7556018
RNF168,3,2,0.6666666666666666,0.6297116
RNF19A,3,2,0.6666666666666666,0.8024885
RNF216,3,2,0.6666666666666666,0.66063255
RNF40,3,2,0.6666666666666666,0.69435626
RNF5,3,2,0.6666666666666666,0.6319396
RPA4,3,2,0.6666666666666666,0.903559
RPRD1B,3,2,0.6666666666666666,0.65036607
RRAS2,3,2,0.6666666666666666,0.68743014
RSPH4A,3,2,0.6666666666666666,0.6387563
RTCA,3,2,0.6666666666666666,0.868449
RUBCNL,3,2,0.6666666666666666,0.6421299
S100A7A,3,2,0.6666666666666666,0.7345981
SAFB,3,2,0.6666666666666666,0.64975715
SAFB2,3,2,0.6666666666666666,0.6374752
SAG,3,2,0.6666666666666666,0.65033716
SALL2,3,2,0.6666666666666666,0.6533603
SAMD3,3,2,0.6666666666666666,0.73763734
SAMD4A,3,2,0.6666666666666666,0.90104294
SCAF8,3,2,0.6666666666666666,0.6500687
SEC14L4,3,2,0.6666666666666666,0.6619681
SEPSECS,3,2,0.6666666666666666,0.80784297
SERPINB6,3,2,0.6666666666666666,0.65824044
SEZ6L2,3,2,0.6666666666666666,0.6924421
SGCA,3,2,0.6666666666666666,0.6049689
SGCD,3,2,0.6666666666666666,0.80630165
SH2D3C,3,2,0.6666666666666666,0.7621266
SH3GL3,3,2,0.6666666666666666,0.88060826
SH3PXD2A,3,2,0.6666666666666666,0.7557818
SH3RF1,3,2,0.6666666666666666,0.620527
SHPK,3,2,0.6666666666666666,0.6600851
SIGLEC10,3,2,0.6666666666666666,0.8591805
SIPA1,3,2,0.6666666666666666,0.71556884
SKIL,3,2,0.6666666666666666,0.6308792
SLA,3,2,0.6666666666666666,0.7550933
SLAMF7,3,2,0.6666666666666666,0.5877468
SLC17A9,3,2,0.6666666666666666,0.83536786
SLC22A10,3,2,0.6666666666666666,0.69714516
SLC22A4,3,2,0.6666666666666666,0.65593934
SLC25A23,3,2,0.6666666666666666,0.6865974
SLC29A4,3,2,0.6666666666666666,0.6596907
SLC2A9,3,2,0.6666666666666666,0.7569398
SLC30A8,3,2,0.6666666666666666,0.6523683
SLC38A1,3,2,0.6666666666666666,0.8691798
SLC38A11,3,2,0.6666666666666666,0.7450389
SLC38A3,3,2,0.6666666666666666,0.6456351
SLC38A5,3,2,0.6666666666666666,0.8781969
SLC45A1,3,2,0.6666666666666666,0.68378705
SLC6A12,3,2,0.6666666666666666,0.655766
SLC7A8,3,2,0.6666666666666666,0.6663507
SLC9B1,3,2,0.6666666666666666,0.8300376
SMARCA5,3,2,0.6666666666666666,0.8387499
SMARCC1,3,2,0.6666666666666666,0.6386595
SMARCC2,3,2,0.6666666666666666,0.87847203
SMOC1,3,2,0.6666666666666666,0.7505469
SMR3A,3,2,0.6666666666666666,0.66504925
SMYD2,3,2,0.6666666666666666,0.6976413
SNRK,3,2,0.6666666666666666,0.80014324
SNX29,3,2,0.6666666666666666,0.6598134
SOWAHB,3,2,0.6666666666666666,0.7898038
SOX6,3,2,0.6666666666666666,0.66093874
SPAG1,3,2,0.6666666666666666,0.829948
SPANXB1,3,2,0.6666666666666666,0.866694
SPATS2L,3,2,0.6666666666666666,0.6763878
SPINT2,3,2,0.6666666666666666,0.6603977
SRP72,3,2,0.6666666666666666,0.6309383
SSH1,3,2,0.6666666666666666,0.7434721
SSTR3,3,2,0.6666666666666666,0.681367
SSX1,3,2,0.6666666666666666,0.59077555
SSX6P,3,2,0.6666666666666666,0.65473133
ST3GAL1,3,2,0.6666666666666666,0.6992901
STAM2,3,2,0.6666666666666666,0.6612111
STAU1,3,2,0.6666666666666666,0.70738727
STK40,3,2,0.6666666666666666,0.7437858
STON1,3,2,0.6666666666666666,0.612858
STON1-GTF2A1L,3,2,0.6666666666666666,0.87319773
STS,3,2,0.6666666666666666,0.57926434
STX2,3,2,0.6666666666666666,0.8348778
STX3,3,2,0.6666666666666666,0.8660299
SUCLA2,3,2,0.6666666666666666,0.7428195
SULT1C3,3,2,0.6666666666666666,0.8522423
SULT2B1,3,2,0.6666666666666666,0.6522129
SUPT16H,3,2,0.6666666666666666,0.6883487
SURF4,3,2,0.6666666666666666,0.8956036
SWT1,3,2,0.6666666666666666,0.79225326
SYNGR4,3,2,0.6666666666666666,0.7497688
SYT10,3,2,0.6666666666666666,0.70466393
SYT11,3,2,0.6666666666666666,0.75728655
TADA2A,3,2,0.6666666666666666,0.68647164
TAGLN2,3,2,0.6666666666666666,0.7287078
TAL1,3,2,0.6666666666666666,0.67484504
TAP1,3,2,0.6666666666666666,0.59601265
TAS2R60,3,2,0.6666666666666666,0.6788743
TBC1D3F,3,2,0.6666666666666666,0.82358074
TBL3,3,2,0.6666666666666666,0.72599095
TBXA2R,3,2,0.6666666666666666,0.7986123
TDRD10,3,2,0.6666666666666666,0.66528195
TECR,3,2,0.6666666666666666,0.63457686
TEKT1,3,2,0.6666666666666666,0.7017742
TENT4A,3,2,0.6666666666666666,0.8398989
TESPA1,3,2,0.6666666666666666,0.61687833
TFCP2,3,2,0.6666666666666666,0.8687997
TGM6,3,2,0.6666666666666666,0.6258033
TGM7,3,2,0.6666666666666666,0.6270682
THEM5,3,2,0.6666666666666666,0.6617572
TICAM1,3,2,0.6666666666666666,0.76462156
TIMELESS,3,2,0.6666666666666666,0.69749814
TM4SF5,3,2,0.6666666666666666,0.7503117
TMBIM6,3,2,0.6666666666666666,0.6635524
TMEFF2,3,2,0.6666666666666666,0.6599727
TMEM102,3,2,0.6666666666666666,0.6685922
TMEM150A,3,2,0.6666666666666666,0.6576855
TMEM156,3,2,0.6666666666666666,0.60640985
TMEM245,3,2,0.6666666666666666,0.5874245
TMEM63A,3,2,0.6666666666666666,0.65618885
TMEM63B,3,2,0.6666666666666666,0.60667723
TMOD3,3,2,0.6666666666666666,0.65557384
TMPO,3,2,0.6666666666666666,0.8023739
TNFRSF21,3,2,0.6666666666666666,0.60709924
TNKS,3,2,0.6666666666666666,0.819745
TNNI1,3,2,0.6666666666666666,0.65509176
TNNI3K,3,2,0.6666666666666666,0.72305876
TOPORS,3,2,0.6666666666666666,0.7168203
TOR3A,3,2,0.6666666666666666,0.6543697
TPM1,3,2,0.6666666666666666,0.7763872
TPP1,3,2,0.6666666666666666,0.70654994
TRAF3IP2,3,2,0.6666666666666666,0.63619226
TRAF3IP3,3,2,0.6666666666666666,0.7208932
TRAM1,3,2,0.6666666666666666,0.60534275
TRAP1,3,2,0.6666666666666666,0.6935161
TRAPPC5,3,2,0.6666666666666666,0.5673215
TRAV20,3,2,0.6666666666666666,0.7992123
TRBV20-1,3,2,0.6666666666666666,0.7111912
TRDN,3,2,0.6666666666666666,0.6402676
TRIM4,3,2,0.6666666666666666,0.657455
TRIM50,3,2,0.6666666666666666,0.6589542
TRIM59,3,2,0.6666666666666666,0.8162925
TRMT44,3,2,0.6666666666666666,0.61851186
TRPV3,3,2,0.6666666666666666,0.7203261
TSBP1,3,2,0.6666666666666666,0.6767145
TSC2,3,2,0.6666666666666666,0.60567445
TSPAN14,3,2,0.6666666666666666,0.66098803
TSPAN16,3,2,0.6666666666666666,0.7932791
TTBK2,3,2,0.6666666666666666,0.8202478
TTC31,3,2,0.6666666666666666,0.6540459
TTC39A,3,2,0.6666666666666666,0.6440571
TTC8,3,2,0.6666666666666666,0.73528266
TTI1,3,2,0.6666666666666666,0.8168643
TTK,3,2,0.6666666666666666,0.7717442
TTYH1,3,2,0.6666666666666666,0.6547548
TTYH2,3,2,0.6666666666666666,0.71281093
TUBA3D,3,2,0.6666666666666666,0.6196944
TULP2,3,2,0.6666666666666666,0.75782603
TXK,3,2,0.6666666666666666,0.7154565
TXLNA,3,2,0.6666666666666666,0.6643544
TXNDC16,3,2,0.6666666666666666,0.66115755
UBA3,3,2,0.6666666666666666,0.62183243
UBE2Q2,3,2,0.6666666666666666,0.6443114
UBIAD1,3,2,0.6666666666666666,0.6595239
UGT1A10,3,2,0.6666666666666666,0.7954318
ULBP1,3,2,0.6666666666666666,0.8522134
UNC93A,3,2,0.6666666666666666,0.635481
USP38,3,2,0.6666666666666666,0.83675003
UST,3,2,0.6666666666666666,0.65034926
UVSSA,3,2,0.6666666666666666,0.68595093
VCAM1,3,2,0.6666666666666666,0.74751157
VGLL1,3,2,0.6666666666666666,0.72895545
VILL,3,2,0.6666666666666666,0.81359786
VPS11,3,2,0.6666666666666666,0.819537
VRK2,3,2,0.6666666666666666,0.6256383
VRK3,3,2,0.6666666666666666,0.67317986
VSIG8,3,2,0.6666666666666666,0.7388422
VSTM2A,3,2,0.6666666666666666,0.6521937
VTCN1,3,2,0.6666666666666666,0.66196537
WDFY2,3,2,0.6666666666666666,0.6781021
WDR38,3,2,0.6666666666666666,0.85843086
WDR41,3,2,0.6666666666666666,0.7121787
WDR45,3,2,0.6666666666666666,0.6596193
WDR47,3,2,0.6666666666666666,0.8758223
WDR5,3,2,0.6666666666666666,0.6607414
WDR59,3,2,0.6666666666666666,0.6535337
WDR62,3,2,0.6666666666666666,0.681945
WDR64,3,2,0.6666666666666666,0.6583478
WDR7,3,2,0.6666666666666666,0.70591754
WDR70,3,2,0.6666666666666666,0.7245539
WDSUB1,3,2,0.6666666666666666,0.6594381
WFDC3,3,2,0.6666666666666666,0.6084984
WFS1,3,2,0.6666666666666666,0.6441336
WIPF3,3,2,0.6666666666666666,0.8503466
WNT8A,3,2,0.6666666666666666,0.5721252
XCR1,3,2,0.6666666666666666,0.6584739
XK,3,2,0.6666666666666666,0.90054697
XPA,3,2,0.6666666666666666,0.660965
XRCC5,3,2,0.6666666666666666,0.64772034
YBX2,3,2,0.6666666666666666,0.7267235
ZBED2,3,2,0.6666666666666666,0.8509033
ZBTB24,3,2,0.6666666666666666,0.68124336
ZC3H12A,3,2,0.6666666666666666,0.6494424
ZFP37,3,2,0.6666666666666666,0.66094095
ZFP90,3,2,0.6666666666666666,0.7216514
ZIC1,3,2,0.6666666666666666,0.6602781
ZIC2,3,2,0.6666666666666666,0.6557106
ZMYM4,3,2,0.6666666666666666,0.83541656
ZNF101,3,2,0.6666666666666666,0.6857524
ZNF12,3,2,0.6666666666666666,0.7071604
ZNF124,3,2,0.6666666666666666,0.6815214
ZNF174,3,2,0.6666666666666666,0.6051194
ZNF19,3,2,0.6666666666666666,0.66625255
ZNF227,3,2,0.6666666666666666,0.67526835
ZNF251,3,2,0.6666666666666666,0.68612146
ZNF362,3,2,0.6666666666666666,0.83343124
ZNF385B,3,2,0.6666666666666666,0.65575314
ZNF385D,3,2,0.6666666666666666,0.63421524
ZNF414,3,2,0.6666666666666666,0.6507561
ZNF471,3,2,0.6666666666666666,0.687136
ZNF526,3,2,0.6666666666666666,0.89169675
ZNF546,3,2,0.6666666666666666,0.65245074
ZNF567,3,2,0.6666666666666666,0.65690774
ZNF570,3,2,0.6666666666666666,0.74295396
ZNF654,3,2,0.6666666666666666,0.77484965
ZNF683,3,2,0.6666666666666666,0.8069005
ZNF691,3,2,0.6666666666666666,0.6586107
ZNF692,3,2,0.6666666666666666,0.8577407
ZNF709,3,2,0.6666666666666666,0.907865
ZNF765,3,2,0.6666666666666666,0.66165215
ZNF79,3,2,0.6666666666666666,0.78610253
ZNF799,3,2,0.6666666666666666,0.87513614
ZNF833P,3,2,0.6666666666666666,0.63560015
ZSCAN18,3,2,0.6666666666666666,0.6609159
ZSWIM3,3,2,0.6666666666666666,0.67635435
A2ML1,4,2,0.5,0.5748028
AADACL3,4,2,0.5,0.48431277
ABCC6,4,2,0.5,0.64441323
ABI3,4,2,0.5,0.6049398
ACOT4,4,2,0.5,0.65910363
ACOX3,4,2,0.5,0.49662483
ACTL7A,4,2,0.5,0.4879008
ACTN2,4,2,0.5,0.61424404
ACTR5,4,2,0.5,0.47184515
ADAD1,4,2,0.5,0.64102703
ADAM10,4,2,0.5,0.58739334
ADAM32,4,2,0.5,0.46903324
ADAM8,4,2,0.5,0.4943295
ADAMTS1,4,2,0.5,0.58313346
ADCY3,4,2,0.5,0.459548
ADCY6,4,2,0.5,0.48823345
ADGRE3,4,2,0.5,0.61316687
ADGRF3,4,2,0.5,0.6174053
ADH1B,4,2,0.5,0.6454195
ADH6,4,2,0.5,0.645962
ADRA1B,4,2,0.5,0.64161384
AGT,4,2,0.5,0.6973922
AHRR,4,2,0.5,0.7405341
AJUBA,4,2,0.5,0.48263043
AKAP8,4,2,0.5,0.59080994
AKR1C4,4,2,0.5,0.6122266
AKTIP,4,2,0.5,0.6674749
ALDOA,4,2,0.5,0.6212559
AMIGO3,4,2,0.5,0.6626515
ANAPC2,4,2,0.5,0.56267333
ANGPTL5,4,2,0.5,0.6086858
ANKMY1,4,2,0.5,0.6242816
ANO1,4,2,0.5,0.74609125
ANP32D,4,2,0.5,0.64306664
AP2B1,4,2,0.5,0.8106745
ARHGAP11A,4,2,0.5,0.43728328
ARHGEF10L,4,2,0.5,0.49975386
ARHGEF25,4,2,0.5,0.59565556
ARHGEF9,4,2,0.5,0.7799017
ARID2,4,2,0.5,0.58709085
ARMCX5-GPRASP2,4,2,0.5,0.4462175
ARNTL2,4,2,0.5,0.6302018
ASAP1,4,2,0.5,0.6020233
ATAD2B,4,2,0.5,0.66212153
ATG4D,4,2,0.5,0.7421204
ATP13A1,4,2,0.5,0.5327469
ATP2B1,4,2,0.5,0.6588403
ATP2C2,4,2,0.5,0.5207464
ATP6V0A2,4,2,0.5,0.5803302
ATP6V1A,4,2,0.5,0.47166747
AUTS2,4,2,0.5,0.4885403
AXIN1,4,2,0.5,0.5501566
BACE2,4,2,0.5,0.59339714
BASP1,4,2,0.5,0.6396519
BEND2,4,2,0.5,0.48230758
BEND3,4,2,0.5,0.53478754
BEST1,4,2,0.5,0.59086484
BLNK,4,2,0.5,0.47958976
BNIP1,4,2,0.5,0.49518198
BPIFB6,4,2,0.5,0.47764394
BRAP,4,2,0.5,0.6997684
BRINP2,4,2,0.5,0.5283325
BRPF1,4,2,0.5,0.5004023
BTBD7,4,2,0.5,0.46534288
C2CD3,4,2,0.5,0.5970912
C3orf20,4,2,0.5,0.56694853
C8orf34,4,2,0.5,0.47158012
C9,4,2,0.5,0.52669805
C9orf64,4,2,0.5,0.58370495
CA12,4,2,0.5,0.53710765
CABP4,4,2,0.5,0.53939986
CABYR,4,2,0.5,0.6382229
CACHD1,4,2,0.5,0.662908
CACNA2D4,4,2,0.5,0.44669855
CALB2,4,2,0.5,0.6560987
CAMK1D,4,2,0.5,0.49964526
CAMSAP1,4,2,0.5,0.52331084
CCDC142,4,2,0.5,0.80727506
CCDC149,4,2,0.5,0.66968066
CCDC22,4,2,0.5,0.5319864
CCDC80,4,2,0.5,0.7169605
CD44,4,2,0.5,0.66344416
CDH10,4,2,0.5,0.8445523
CDK8,4,2,0.5,0.6612655
CEACAM7,4,2,0.5,0.69478583
CEL,4,2,0.5,0.48251536
CEP72,4,2,0.5,0.49307346
CEP83,4,2,0.5,0.57562685
CEP97,4,2,0.5,0.6695681
CES3,4,2,0.5,0.46906725
CES4A,4,2,0.5,0.64488083
CHIA,4,2,0.5,0.5623734
CHMP4C,4,2,0.5,0.48403135
CHRNA2,4,2,0.5,0.51870483
CHRNA4,4,2,0.5,0.55909544
CHRNA6,4,2,0.5,0.50918627
CHRNG,4,2,0.5,0.5869589
CHST2,4,2,0.5,0.4955815
CHST5,4,2,0.5,0.54243976
CLCN4,4,2,0.5,0.72705686
CLDN18,4,2,0.5,0.6478307
CLIP4,4,2,0.5,0.58530223
CLRN2,4,2,0.5,0.46804628
CLSTN3,4,2,0.5,0.5164875
CNBD2,4,2,0.5,0.62906295
CNGA1,4,2,0.5,0.70470774
CNGA3,4,2,0.5,0.57552
CNKSR3,4,2,0.5,0.78278273
CNTROB,4,2,0.5,0.5478099
COL20A1,4,2,0.5,0.4765517
COL9A3,4,2,0.5,0.4929033
COP1,4,2,0.5,0.5487985
CSNK2A1,4,2,0.5,0.6254015
CSTF2,4,2,0.5,0.6022439
CSTF2T,4,2,0.5,0.5927359
CTCF,4,2,0.5,0.6468194
CTHRC1,4,2,0.5,0.5634989
CTIF,4,2,0.5,0.63518715
CUL7,4,2,0.5,0.625271
CYP19A1,4,2,0.5,0.51524115
CYP2E1,4,2,0.5,0.5813127
CYP2F1,4,2,0.5,0.46898526
CYP3A43,4,2,0.5,0.6562545
CYP4F2,4,2,0.5,0.7697049
CYYR1,4,2,0.5,0.6298215
DACH1,4,2,0.5,0.6845204
DCAF11,4,2,0.5,0.52814597
DCAF4L1,4,2,0.5,0.5764034
DCLK2,4,2,0.5,0.6387838
DDX59,4,2,0.5,0.55993533
DEFB114,4,2,0.5,0.6556931
DHX34,4,2,0.5,0.45089582
DHX37,4,2,0.5,0.5118922
DLAT,4,2,0.5,0.5038925
DMPK,4,2,0.5,0.7911474
DNA2,4,2,0.5,0.491008
DNHD1,4,2,0.5,0.64459705
DOK5,4,2,0.5,0.6860961
DPEP1,4,2,0.5,0.48601598
DPYSL2,4,2,0.5,0.5214649
DUS3L,4,2,0.5,0.5940136
E2F8,4,2,0.5,0.6296586
EEA1,4,2,0.5,0.72742903
EFCAB13,4,2,0.5,0.62140995
EFCAB5,4,2,0.5,0.5357037
EFHC2,4,2,0.5,0.51409715
EHBP1,4,2,0.5,0.55555546
ELAVL3,4,2,0.5,0.635799
ELF4,4,2,0.5,0.49263263
EMILIN1,4,2,0.5,0.541765
ENPP5,4,2,0.5,0.6467866
EPS8L3,4,2,0.5,0.5211163
ERN1,4,2,0.5,0.82817835
ESYT2,4,2,0.5,0.56635535
ETFBKMT,4,2,0.5,0.49428004
EXOC2,4,2,0.5,0.5733881
EXOC7,4,2,0.5,0.50441086
EXOSC9,4,2,0.5,0.6630453
EYA3,4,2,0.5,0.52659446
F2R,4,2,0.5,0.48787647
FAIM2,4,2,0.5,0.5851425
FAM153CP,4,2,0.5,0.6025496
FAM214A,4,2,0.5,0.67112136
FAM214B,4,2,0.5,0.57072693
FAM83A,4,2,0.5,0.5630246
FATE1,4,2,0.5,0.4847931
FBXW5,4,2,0.5,0.46720463
FCGR3A,4,2,0.5,0.45288455
FDPS,4,2,0.5,0.74131405
FLI1,4,2,0.5,0.58354676
FLOT1,4,2,0.5,0.56870586
FNBP4,4,2,0.5,0.5605384
FOXG1,4,2,0.5,0.7386896
FOXK2,4,2,0.5,0.63595283
FOXO3,4,2,0.5,0.60135764
FPR3,4,2,0.5,0.59224
FUCA1,4,2,0.5,0.49589622
FZD3,4,2,0.5,0.5990273
FZD6,4,2,0.5,0.49609005
GAB4,4,2,0.5,0.6180697
GALK2,4,2,0.5,0.70391643
GALNT5,4,2,0.5,0.5673705
GBGT1,4,2,0.5,0.49522817
GBP4,4,2,0.5,0.78353727
GCKR,4,2,0.5,0.49191338
GFI1,4,2,0.5,0.5064021
GGT1,4,2,0.5,0.5402639
GIPC2,4,2,0.5,0.6858507
GIT2,4,2,0.5,0.7600527
GLRB,4,2,0.5,0.7152509
GNPAT,4,2,0.5,0.5861471
GOSR2,4,2,0.5,0.49454084
GPR158,4,2,0.5,0.7038298
GPR20,4,2,0.5,0.4941075
GPR87,4,2,0.5,0.49677223
GPX5,4,2,0.5,0.7781416
GRAMD1A,4,2,0.5,0.7488723
GRAMD4,4,2,0.5,0.5052234
GRIN1,4,2,0.5,0.4499328
GSTA4,4,2,0.5,0.7449201
GTF2IRD2,4,2,0.5,0.54745215
GTPBP6,4,2,0.5,0.6093712
GUCY1A1,4,2,0.5,0.5087381
H2AC1,4,2,0.5,0.59790903
HCAR1,4,2,0.5,0.6233315
HDAC8,4,2,0.5,0.6663274
HK3,4,2,0.5,0.52805024
HMGCS2,4,2,0.5,0.5022925
HNRNPDL,4,2,0.5,0.5637833
HNRNPM,4,2,0.5,0.4906816
HTR3B,4,2,0.5,0.71293277
IDH2,4,2,0.5,0.4770863
IFNG,4,2,0.5,0.5881575
IKBKB,4,2,0.5,0.51072127
IL10RA,4,2,0.5,0.45212734
IL12B,4,2,0.5,0.5851824
IL13RA2,4,2,0.5,0.49417272
IL18R1,4,2,0.5,0.63402903
IL1RL2,4,2,0.5,0.62995464
IL23R,4,2,0.5,0.6461478
IL32,4,2,0.5,0.45989648
ILKAP,4,2,0.5,0.5204243
INTS7,4,2,0.5,0.67705
IPO8,4,2,0.5,0.6045705
IQCE,4,2,0.5,0.4801872
IRAK3,4,2,0.5,0.44124487
IRF2,4,2,0.5,0.69601125
IRF8,4,2,0.5,0.46487713
ITCH,4,2,0.5,0.6698061
ITGAV,4,2,0.5,0.464626
ITGB7,4,2,0.5,0.6077513
IVL,4,2,0.5,0.59870076
KASH5,4,2,0.5,0.6559713
KAT5,4,2,0.5,0.68378395
KAT8,4,2,0.5,0.56142795
KCNJ1,4,2,0.5,0.6073216
KCNK9,4,2,0.5,0.6651923
KCNN3,4,2,0.5,0.56528836
KCNRG,4,2,0.5,0.54485166
KCNV2,4,2,0.5,0.44255626
KCTD13,4,2,0.5,0.49773863
KIZ,4,2,0.5,0.61893356
KLF3,4,2,0.5,0.6661714
KLHL6,4,2,0.5,0.59774524
KLK8,4,2,0.5,0.49705765
KRT3,4,2,0.5,0.6568948
KRT36,4,2,0.5,0.72618973
KRT74,4,2,0.5,0.59751564
KRTAP10-3,4,2,0.5,0.48889345
KRTAP5-9,4,2,0.5,0.7017237
L3MBTL4,4,2,0.5,0.4695307
LARGE2,4,2,0.5,0.47820193
LGALS9,4,2,0.5,0.49539474
LGR4,4,2,0.5,0.7523858
LIN54,4,2,0.5,0.49613005
LPO,4,2,0.5,0.48574
LRRC15,4,2,0.5,0.6474564
LRRC41,4,2,0.5,0.6170463
LRRC43,4,2,0.5,0.73819745
LRRC4B,4,2,0.5,0.69750386
LRRC6,4,2,0.5,0.56770027
LSM11,4,2,0.5,0.62443316
LTBP1,4,2,0.5,0.6339233
LTBR,4,2,0.5,0.48954135
MAEL,4,2,0.5,0.636768
MAGEA11,4,2,0.5,0.56304055
MAML2,4,2,0.5,0.45711213
MAN1C1,4,2,0.5,0.6541063
MAP3K5,4,2,0.5,0.46705323
MAP3K6,4,2,0.5,0.49460703
MAPK1,4,2,0.5,0.6408663
MARCHF1,4,2,0.5,0.69596446
MBD5,4,2,0.5,0.76708573
MCC,4,2,0.5,0.7923449
MEP1A,4,2,0.5,0.72364235
MIA2,4,2,0.5,0.6162757
MICB,4,2,0.5,0.7541107
MKS1,4,2,0.5,0.6070917
MMAA,4,2,0.5,0.58014643
MMP27,4,2,0.5,0.5024322
MOB3B,4,2,0.5,0.5491448
MPHOSPH9,4,2,0.5,0.63698024
MRE11,4,2,0.5,0.5471132
MRGPRX1,4,2,0.5,0.7481668
MROH8,4,2,0.5,0.7652442
MRPL47,4,2,0.5,0.61956984
MS4A5,4,2,0.5,0.7125086
MTMR12,4,2,0.5,0.55849016
MUS81,4,2,0.5,0.5194111
MYOC,4,2,0.5,0.66255397
NAP1L1,4,2,0.5,0.5418859
NARS1,4,2,0.5,0.68882847
NCKIPSD,4,2,0.5,0.49457964
NDRG1,4,2,0.5,0.52840275
NDST2,4,2,0.5,0.64104927
NEFM,4,2,0.5,0.618692
NEUROG2,4,2,0.5,0.63761944
NLRX1,4,2,0.5,0.6208964
NPLOC4,4,2,0.5,0.5537043
NPR1,4,2,0.5,0.5439995
NPTX1,4,2,0.5,0.4774998
NTRK1,4,2,0.5,0.6150346
NUDC,4,2,0.5,0.54047227
NUP214,4,2,0.5,0.6422061
NVL,4,2,0.5,0.66752857
NXPH4,4,2,0.5,0.62477314
OLFM4,4,2,0.5,0.4796077
OLFML2A,4,2,0.5,0.4927964
OPLAH,4,2,0.5,0.47575486
OR10AD1,4,2,0.5,0.64549375
OR10G9,4,2,0.5,0.6818683
OR11H6,4,2,0.5,0.48482108
OR14A16,4,2,0.5,0.5713442
OR1L1,4,2,0.5,0.5497836
OR2J3,4,2,0.5,0.6310982
OR2M5,4,2,0.5,0.6901551
OR4C6,4,2,0.5,0.50820255
OR51L1,4,2,0.5,0.6986641
OR52M1,4,2,0.5,0.62623847
OR52N1,4,2,0.5,0.4989421
OR52N4,4,2,0.5,0.53109473
OR5AC2,4,2,0.5,0.7061036
OR5H6,4,2,0.5,0.5992534
OR5K3,4,2,0.5,0.5151975
OR6B1,4,2,0.5,0.50346684
OR8J3,4,2,0.5,0.70852935
P2RY13,4,2,0.5,0.59127873
PABPC3,4,2,0.5,0.6125558
PACRG,4,2,0.5,0.5012217
PAFAH2,4,2,0.5,0.69478714
PCDHB11,4,2,0.5,0.66943187
PCDHGA10,4,2,0.5,0.63627577
PCDHGB5,4,2,0.5,0.4966592
PCDHGB7,4,2,0.5,0.6170112
PCMTD1,4,2,0.5,0.74730885
PCOLCE2,4,2,0.5,0.6849131
PDE6B,4,2,0.5,0.43893942
PDE9A,4,2,0.5,0.64894086
PEX11A,4,2,0.5,0.7138845
PEX5,4,2,0.5,0.5013374
PEX6,4,2,0.5,0.5381496
PFKM,4,2,0.5,0.5702567
PHAX,4,2,0.5,0.6431841
PHC1,4,2,0.5,0.58577174
PIAS1,4,2,0.5,0.4417228
PIP5K1C,4,2,0.5,0.70010686
PITPNM1,4,2,0.5,0.578712
PJVK,4,2,0.5,0.6409181
PKLR,4,2,0.5,0.6519221
PLA2G12A,4,2,0.5,0.4971243
PLA2G15,4,2,0.5,0.44362223
PLEKHG6,4,2,0.5,0.5564104
PML,4,2,0.5,0.59692943
PNCK,4,2,0.5,0.4947308
PNISR,4,2,0.5,0.50903064
PNPLA5,4,2,0.5,0.50639045
POLR3B,4,2,0.5,0.6111519
POPDC3,4,2,0.5,0.49908307
POT1,4,2,0.5,0.69271433
PPFIA2,4,2,0.5,0.74816686
PPP4R1,4,2,0.5,0.5447774
PRKD3,4,2,0.5,0.6660097
PRMT8,4,2,0.5,0.65206015
PRPF40A,4,2,0.5,0.49182656
PRR16,4,2,0.5,0.65444386
PRSS12,4,2,0.5,0.8080742
PSD,4,2,0.5,0.4835959
PSEN2,4,2,0.5,0.5904867
PTCD3,4,2,0.5,0.6536094
PTCHD4,4,2,0.5,0.47196528
PTGIS,4,2,0.5,0.6178856
PTPN4,4,2,0.5,0.46014637
PTPRG,4,2,0.5,0.4969045
PXK,4,2,0.5,0.5282083
PYROXD2,4,2,0.5,0.6815543
QRFPR,4,2,0.5,0.8378286
QSOX1,4,2,0.5,0.49217397
RALGAPA1,4,2,0.5,0.60631835
RASA3,4,2,0.5,0.508326
RASAL3,4,2,0.5,0.5901444
RASGRP3,4,2,0.5,0.48512715
RASGRP4,4,2,0.5,0.48565736
RBCK1,4,2,0.5,0.47098768
RBM39,4,2,0.5,0.5046186
RC3H1,4,2,0.5,0.6026393
RC3H2,4,2,0.5,0.60908085
RFTN2,4,2,0.5,0.51390773
RFX2,4,2,0.5,0.6611132
RGS6,4,2,0.5,0.4968575
RGS9,4,2,0.5,0.6115518
RHBDF2,4,2,0.5,0.6144539
RHBDL3,4,2,0.5,0.57108194
RHO,4,2,0.5,0.600016
RIC8A,4,2,0.5,0.7152479
RNF220,4,2,0.5,0.64952624
RNF32,4,2,0.5,0.5051288
RORB,4,2,0.5,0.6715316
RPAP2,4,2,0.5,0.66532
RPN2,4,2,0.5,0.6579311
RPS6KA2,4,2,0.5,0.6039844
RSBN1,4,2,0.5,0.60006833
S100A7,4,2,0.5,0.7276564
SAMSN1,4,2,0.5,0.6664533
SBF2,4,2,0.5,0.6294236
SCAP,4,2,0.5,0.46877787
SDR16C5,4,2,0.5,0.67004323
SEC14L1,4,2,0.5,0.47178924
SEMA4F,4,2,0.5,0.5975996
SEMA4G,4,2,0.5,0.46374118
SENP3,4,2,0.5,0.49864328
SERPINB11,4,2,0.5,0.63513243
SEZ6,4,2,0.5,0.55854106
SF3B2,4,2,0.5,0.4474755
SGIP1,4,2,0.5,0.82635754
SGSH,4,2,0.5,0.4499037
SHOC1,4,2,0.5,0.63347787
SHROOM2,4,2,0.5,0.4632473
SHTN1,4,2,0.5,0.495357
SLC12A3,4,2,0.5,0.70876235
SLC12A4,4,2,0.5,0.47875506
SLC12A8,4,2,0.5,0.70053726
SLC17A8,4,2,0.5,0.6264548
SLC18A1,4,2,0.5,0.62261647
SLC22A3,4,2,0.5,0.70212543
SLC24A2,4,2,0.5,0.48895097
SLC25A11,4,2,0.5,0.7061265
SLC28A2,4,2,0.5,0.5649925
SLC35F4,4,2,0.5,0.60434484
SLC44A4,4,2,0.5,0.6732264
SLC4A3,4,2,0.5,0.44899082
SLC5A8,4,2,0.5,0.7249326
SLC6A13,4,2,0.5,0.5367348
SLC8A3,4,2,0.5,0.38212925
SLC8B1,4,2,0.5,0.6727193
SLCO2A1,4,2,0.5,0.71445334
SOAT2,4,2,0.5,0.63664925
SORBS2,4,2,0.5,0.65609634
SOX3,4,2,0.5,0.5487
SP100,4,2,0.5,0.82690805
SPATA31E1,4,2,0.5,0.49009782
SPG11,4,2,0.5,0.5959667
SPICE1,4,2,0.5,0.5378903
SPPL2B,4,2,0.5,0.53248835
SRC,4,2,0.5,0.6349495
SRMS,4,2,0.5,0.5168393
SRP54,4,2,0.5,0.5702274
SRPX2,4,2,0.5,0.6236305
SSX5,4,2,0.5,0.65245444
ST6GALNAC1,4,2,0.5,0.5989628
STAT5A,4,2,0.5,0.7046266
STON2,4,2,0.5,0.60545665
STRC,4,2,0.5,0.6073147
STRIP2,4,2,0.5,0.60892284
SUGP1,4,2,0.5,0.8416233
SULT1C2,4,2,0.5,0.4590009
SYNJ1,4,2,0.5,0.5313394
SYT4,4,2,0.5,0.6224543
TAF15,4,2,0.5,0.52759635
TAS1R2,4,2,0.5,0.5216382
TAS2R1,4,2,0.5,0.6837575
TCF12,4,2,0.5,0.7392155
TCP11L2,4,2,0.5,0.68808043
TEAD1,4,2,0.5,0.7767656
THAP12,4,2,0.5,0.71900713
THNSL2,4,2,0.5,0.49526444
TIGD3,4,2,0.5,0.574451
TLE4,4,2,0.5,0.6307794
TMEM217,4,2,0.5,0.635646
TNFAIP3,4,2,0.5,0.48967814
TNIP1,4,2,0.5,0.49289626
TNIP3,4,2,0.5,0.57554173
TNNT1,4,2,0.5,0.4919014
TNR,4,2,0.5,0.61113393
TOGARAM2,4,2,0.5,0.43777955
TOMM70,4,2,0.5,0.5184456
TP53BP2,4,2,0.5,0.5292443
TPRN,4,2,0.5,0.48983696
TRIM15,4,2,0.5,0.5181422
TRIM24,4,2,0.5,0.7213558
TRIM28,4,2,0.5,0.7362196
TSSK4,4,2,0.5,0.64326173
TTLL7,4,2,0.5,0.59642667
TUBA8,4,2,0.5,0.6717098
UBASH3B,4,2,0.5,0.66822624
UBE4A,4,2,0.5,0.67407846
UBN1,4,2,0.5,0.5476846
UGT1A6,4,2,0.5,0.8385546
UNC5D,4,2,0.5,0.53793323
UROC1,4,2,0.5,0.52348334
USF1,4,2,0.5,0.6472246
USP12,4,2,0.5,0.63585997
VEGFC,4,2,0.5,0.5692507
WASHC2A,4,2,0.5,0.5318435
WDR86,4,2,0.5,0.49250126
WDR88,4,2,0.5,0.6261542
WIZ,4,2,0.5,0.4718103
XAB2,4,2,0.5,0.5534957
ZBTB25,4,2,0.5,0.46754253
ZFP69,4,2,0.5,0.56595916
ZFYVE1,4,2,0.5,0.46974412
ZNF157,4,2,0.5,0.5204303
ZNF266,4,2,0.5,0.43615657
ZNF275,4,2,0.5,0.49391845
ZNF280A,4,2,0.5,0.6153258
ZNF280C,4,2,0.5,0.5944133
ZNF330,4,2,0.5,0.7969589
ZNF33B,4,2,0.5,0.6746544
ZNF425,4,2,0.5,0.62379396
ZNF554,4,2,0.5,0.5354415
ZNF555,4,2,0.5,0.61587447
ZNF585B,4,2,0.5,0.6457386
ZNF668,4,2,0.5,0.4868022
ZNF680,4,2,0.5,0.6814835
ZNF74,4,2,0.5,0.49004734
ZNF786,4,2,0.5,0.6616051
ZNF835,4,2,0.5,0.5704277
ZRSR2,4,2,0.5,0.46418586
ZSCAN2,4,2,0.5,0.7440209
AASS,5,2,0.4,0.658049
ABCD1,5,2,0.4,0.3879099
ABL2,5,2,0.4,0.5886109
AC006059.2,5,2,0.4,0.4264953
ACADM,5,2,0.4,0.6665411
ACCS,5,2,0.4,0.5488679
ACKR2,5,2,0.4,0.41868067
ACP4,5,2,0.4,0.51425064
ACTA2,5,2,0.4,0.57785547
ACTN4,5,2,0.4,0.5058199
ADAMTS13,5,2,0.4,0.51365817
ADAMTS15,5,2,0.4,0.43899077
ADAMTS17,5,2,0.4,0.44534677
AFF3,5,2,0.4,0.52989084
AIDA,5,2,0.4,0.52873075
ALDH1L1,5,2,0.4,0.45313287
ALOX15B,5,2,0.4,0.68381345
AMBRA1,5,2,0.4,0.5624325
AMER3,5,2,0.4,0.52060854
ANKRD26,5,2,0.4,0.5166583
ATCAY,5,2,0.4,0.41872168
ATF6B,5,2,0.4,0.4308548
ATP1A2,5,2,0.4,0.47107038
BCL2L13,5,2,0.4,0.5359067
BMP2K,5,2,0.4,0.39101356
BPIFC,5,2,0.4,0.39519623
BRF2,5,2,0.4,0.39041665
BRSK1,5,2,0.4,0.5051279
C1orf116,5,2,0.4,0.3810848
CACNA2D2,5,2,0.4,0.39591193
CALR3,5,2,0.4,0.4129272
CAVIN2,5,2,0.4,0.5345865
CCDC180,5,2,0.4,0.43120542
CCDC93,5,2,0.4,0.6181014
CCT2,5,2,0.4,0.670585
CD36,5,2,0.4,0.55784094
CD6,5,2,0.4,0.41975516
CDADC1,5,2,0.4,0.7097967
CDH26,5,2,0.4,0.53299206
CDKL1,5,2,0.4,0.3869455
CENPJ,5,2,0.4,0.5037878
CEP131,5,2,0.4,0.39000717
CEP295,5,2,0.4,0.39511213
CFAP100,5,2,0.4,0.7663542
CFAP206,5,2,0.4,0.57575136
CFAP65,5,2,0.4,0.72268194
CFAP91,5,2,0.4,0.5308037
CHD4,5,2,0.4,0.6218322
CIDEA,5,2,0.4,0.47487473
CLOCK,5,2,0.4,0.5838312
CNGA2,5,2,0.4,0.5462925
CPA1,5,2,0.4,0.6125483
CPN2,5,2,0.4,0.40729493
CPO,5,2,0.4,0.3847869
CPSF6,5,2,0.4,0.4517662
CYP17A1,5,2,0.4,0.48692566
CYP27B1,5,2,0.4,0.6995142
CYP8B1,5,2,0.4,0.5807578
DAXX,5,2,0.4,0.4390482
DCAF1,5,2,0.4,0.41870707
DCLK3,5,2,0.4,0.72917664
DDX4,5,2,0.4,0.5308152
DGKZ,5,2,0.4,0.5183601
DHX35,5,2,0.4,0.5425018
DIAPH3,5,2,0.4,0.5206578
DKK2,5,2,0.4,0.41174155
DMRTB1,5,2,0.4,0.4327125
EDEM3,5,2,0.4,0.7687801
EPB42,5,2,0.4,0.49640742
EPHA6,5,2,0.4,0.48381644
ERC2,5,2,0.4,0.64030707
ESRP2,5,2,0.4,0.3943142
FAN1,5,2,0.4,0.6547065
FBXO22,5,2,0.4,0.4991111
FBXW7,5,2,0.4,0.6078815
FCHO2,5,2,0.4,0.48921388
FOXJ2,5,2,0.4,0.6462721
G3BP1,5,2,0.4,0.6322666
GALNT15,5,2,0.4,0.5897619
GALNT6,5,2,0.4,0.5660439
GATM,5,2,0.4,0.402289
GCNT3,5,2,0.4,0.49995646
GJA1,5,2,0.4,0.508896
GLDC,5,2,0.4,0.3569792
GLUL,5,2,0.4,0.64217633
GRPR,5,2,0.4,0.40924487
HCN3,5,2,0.4,0.5150379
HEATR3,5,2,0.4,0.40619236
HGSNAT,5,2,0.4,0.50531185
HHIPL1,5,2,0.4,0.38782814
HK2,5,2,0.4,0.52049583
HPS3,5,2,0.4,0.62882346
HPSE,5,2,0.4,0.4964407
HSP90AB1,5,2,0.4,0.7088771
HSPA6,5,2,0.4,0.39724198
HTR1D,5,2,0.4,0.46347365
HYAL4,5,2,0.4,0.5689932
IDE,5,2,0.4,0.6367289
IFT80,5,2,0.4,0.57521045
IL1R2,5,2,0.4,0.782014
IL26,5,2,0.4,0.6013548
IWS1,5,2,0.4,0.531354
JAKMIP3,5,2,0.4,0.4125765
JPH2,5,2,0.4,0.5374891
KCNH8,5,2,0.4,0.6252966
KCNJ3,5,2,0.4,0.57792914
KCTD9,5,2,0.4,0.5266781
KIF15,5,2,0.4,0.4988761
KIF19,5,2,0.4,0.43077993
KIF1A,5,2,0.4,0.36275154
KIF9,5,2,0.4,0.5746695
KLK6,5,2,0.4,0.39315456
KNL1,5,2,0.4,0.5086587
KRT72,5,2,0.4,0.4167324
KRT82,5,2,0.4,0.5734203
LGI2,5,2,0.4,0.38758045
LMO7,5,2,0.4,0.39055717
LNPEP,5,2,0.4,0.64977896
LONRF3,5,2,0.4,0.37933356
LOXL3,5,2,0.4,0.40280733
LY9,5,2,0.4,0.4851051
MAB21L3,5,2,0.4,0.58232605
MAN2A2,5,2,0.4,0.6457005
MAP1S,5,2,0.4,0.36706105
MAP4K3,5,2,0.4,0.5153953
MCF2,5,2,0.4,0.3777034
MEGF10,5,2,0.4,0.5607999
MERTK,5,2,0.4,0.59512866
MFRP,5,2,0.4,0.59468067
MINAR1,5,2,0.4,0.5460113
MORC4,5,2,0.4,0.4606514
MOV10,5,2,0.4,0.52939814
MOXD1,5,2,0.4,0.39505285
MRGPRE,5,2,0.4,0.36027175
MUC6,5,2,0.4,0.57379735
MYLIP,5,2,0.4,0.4682854
MYO1H,5,2,0.4,0.5365934
MYPN,5,2,0.4,0.5707346
NAA25,5,2,0.4,0.5325834
NCOR2,5,2,0.4,0.44144303
NEK1,5,2,0.4,0.39271742
NHLRC2,5,2,0.4,0.5308906
NLRP14,5,2,0.4,0.47799984
NMT2,5,2,0.4,0.4351996
NPC1,5,2,0.4,0.5502902
NRCAM,5,2,0.4,0.50962716
NRDE2,5,2,0.4,0.37218183
NSUN2,5,2,0.4,0.53245395
NT5C1B,5,2,0.4,0.36099043
NUP160,5,2,0.4,0.5303191
OR10AG1,5,2,0.4,0.47399527
OR1J1,5,2,0.4,0.4820357
OR51M1,5,2,0.4,0.67109907
OR52E4,5,2,0.4,0.64669573
OR6K2,5,2,0.4,0.51378715
OR8K1,5,2,0.4,0.5935856
OTOP1,5,2,0.4,0.39196855
PADI3,5,2,0.4,0.41615257
PDE8B,5,2,0.4,0.5516814
PDP1,5,2,0.4,0.5349932
PERP,5,2,0.4,0.518894
PHF20L1,5,2,0.4,0.5881805
PHLPP2,5,2,0.4,0.5824491
PHYHIP,5,2,0.4,0.53046364
PIR,5,2,0.4,0.55932933
PLA2G4D,5,2,0.4,0.49768162
PLBD2,5,2,0.4,0.5723695
PLEKHG5,5,2,0.4,0.54766643
PLS1,5,2,0.4,0.67359257
PPP2R5B,5,2,0.4,0.58567584
PPP4R3A,5,2,0.4,0.50536734
PRKCA,5,2,0.4,0.36885148
PRPF4,5,2,0.4,0.4304348
PTER,5,2,0.4,0.3667667
PUS7,5,2,0.4,0.47038403
RASAL2,5,2,0.4,0.53520596
RBBP8,5,2,0.4,0.6750994
RFPL2,5,2,0.4,0.4397644
RGL4,5,2,0.4,0.3906526
RPS6KA3,5,2,0.4,0.52306426
RRP1B,5,2,0.4,0.56108284
RSPH6A,5,2,0.4,0.49153858
RUBCN,5,2,0.4,0.52235794
SALL3,5,2,0.4,0.37323087
SAMD4B,5,2,0.4,0.64871097
SCAPER,5,2,0.4,0.49466333
SCNN1A,5,2,0.4,0.607834
SCUBE1,5,2,0.4,0.6364387
SCYL1,5,2,0.4,0.54665357
SEC24A,5,2,0.4,0.46507588
SELE,5,2,0.4,0.6312986
SENP1,5,2,0.4,0.43283033
SENP5,5,2,0.4,0.6402379
SERPINB7,5,2,0.4,0.57441664
SETD1A,5,2,0.4,0.43889302
SGSM1,5,2,0.4,0.41261235
SH2D4A,5,2,0.4,0.57379997
SIN3A,5,2,0.4,0.34459773
SLC12A6,5,2,0.4,0.59911126
SLC26A9,5,2,0.4,0.4963978
SLC45A4,5,2,0.4,0.4524251
SLC46A3,5,2,0.4,0.42867333
SLF2,5,2,0.4,0.39671007
SNX1,5,2,0.4,0.70538
SNX14,5,2,0.4,0.5119668
SNX8,5,2,0.4,0.41937715
SPATA8,5,2,0.4,0.6311709
SPECC1L,5,2,0.4,0.48258096
SPNS3,5,2,0.4,0.59373254
SRSF5,5,2,0.4,0.39260554
STAT2,5,2,0.4,0.49168357
STPG1,5,2,0.4,0.6550337
SUSD1,5,2,0.4,0.48613682
SUSD5,5,2,0.4,0.6352955
TAB2,5,2,0.4,0.5280266
TADA3,5,2,0.4,0.37877688
TAF4B,5,2,0.4,0.5231961
TBC1D19,5,2,0.4,0.4277176
TBC1D8B,5,2,0.4,0.4354135
TBX19,5,2,0.4,0.49872264
TDP2,5,2,0.4,0.5537485
TELO2,5,2,0.4,0.5670977
THADA,5,2,0.4,0.4409539
THNSL1,5,2,0.4,0.396437
THRA,5,2,0.4,0.5907137
TIGD2,5,2,0.4,0.51333284
TNFSF10,5,2,0.4,0.47665367
TNFSF9,5,2,0.4,0.37078556
TRABD2A,5,2,0.4,0.56303424
TRAPPC12,5,2,0.4,0.48874825
TRERF1,5,2,0.4,0.49534553
TRIM2,5,2,0.4,0.43441263
TRIM29,5,2,0.4,0.6099738
TRIM62,5,2,0.4,0.4866272
TRIM7,5,2,0.4,0.47904554
TSHR,5,2,0.4,0.46454993
TUT4,5,2,0.4,0.5233947
UBXN11,5,2,0.4,0.5186404
UGGT2,5,2,0.4,0.49388617
UGT1A1,5,2,0.4,0.48966494
VPS8,5,2,0.4,0.37899888
WASHC5,5,2,0.4,0.37013528
ZAP70,5,2,0.4,0.3915822
ZBTB20,5,2,0.4,0.478895
ZC3H4,5,2,0.4,0.53348684
ZDHHC18,5,2,0.4,0.5287019
ZFP28,5,2,0.4,0.44758064
ZIM3,5,2,0.4,0.413279
ZNF142,5,2,0.4,0.44019866
ZNF248,5,2,0.4,0.42264637
ZNF263,5,2,0.4,0.54791176
ZNF317,5,2,0.4,0.6401493
ZNF48,5,2,0.4,0.49017912
ZNF528,5,2,0.4,0.68379986
ZNF586,5,2,0.4,0.699452
ZNF71,5,2,0.4,0.39186484
ZNF713,5,2,0.4,0.5589816
ABCC3,6,2,0.3333333333333333,0.55262226
ACAP2,6,2,0.3333333333333333,0.4545389
ADGRF4,6,2,0.3333333333333333,0.6117583
ADGRL4,6,2,0.3333333333333333,0.44535103
AMDHD1,6,2,0.3333333333333333,0.37670064
AMFR,6,2,0.3333333333333333,0.5270638
ARAP3,6,2,0.3333333333333333,0.39783642
ARHGAP9,6,2,0.3333333333333333,0.48156428
ATP11C,6,2,0.3333333333333333,0.41983426
BAZ1B,6,2,0.3333333333333333,0.36290607
BRD1,6,2,0.3333333333333333,0.47989538
C2orf78,6,2,0.3333333333333333,0.3159712
CAPN3,6,2,0.3333333333333333,0.3401394
CBY2,6,2,0.3333333333333333,0.39360747
CCR9,6,2,0.3333333333333333,0.39376712
CD19,6,2,0.3333333333333333,0.3685
CD248,6,2,0.3333333333333333,0.32280457
CDH8,6,2,0.3333333333333333,0.37384883
CDKN2A,6,2,0.3333333333333333,0.38688624
CECR2,6,2,0.3333333333333333,0.32017156
CFAP221,6,2,0.3333333333333333,0.48471367
CLASP2,6,2,0.3333333333333333,0.3839728
CRLF2,6,2,0.3333333333333333,0.40262544
CSPG4,6,2,0.3333333333333333,0.34396437
DCN,6,2,0.3333333333333333,0.4301711
DCX,6,2,0.3333333333333333,0.5748407
DENND6A,6,2,0.3333333333333333,0.45367756
DSG1,6,2,0.3333333333333333,0.5860527
DYRK2,6,2,0.3333333333333333,0.6464793
EGFL6,6,2,0.3333333333333333,0.33155495
ELL2,6,2,0.3333333333333333,0.5453544
FAM90A1,6,2,0.3333333333333333,0.36291423
FAM91A1,6,2,0.3333333333333333,0.43849954
FILIP1L,6,2,0.3333333333333333,0.3404365
FPR2,6,2,0.3333333333333333,0.6574045
FST,6,2,0.3333333333333333,0.50352854
FUT1,6,2,0.3333333333333333,0.38399792
GALNT2,6,2,0.3333333333333333,0.68480515
GBF1,6,2,0.3333333333333333,0.46127662
GPR4,6,2,0.3333333333333333,0.62657446
GRIP2,6,2,0.3333333333333333,0.4061158
HAL,6,2,0.3333333333333333,0.5344912
HCRTR2,6,2,0.3333333333333333,0.65687674
HIP1,6,2,0.3333333333333333,0.6021165
HTR7,6,2,0.3333333333333333,0.41128185
IGSF11,6,2,0.3333333333333333,0.39098117
INTS2,6,2,0.3333333333333333,0.33531633
ISLR2,6,2,0.3333333333333333,0.42294767
ITGA3,6,2,0.3333333333333333,0.4128214
ITIH4,6,2,0.3333333333333333,0.4546661
KCNQ2,6,2,0.3333333333333333,0.42694083
KDM6A,6,2,0.3333333333333333,0.3250781
KRT19,6,2,0.3333333333333333,0.5035553
KRT38,6,2,0.3333333333333333,0.38635027
KRTAP10-8,6,2,0.3333333333333333,0.47622776
L1TD1,6,2,0.3333333333333333,0.4352974
LAMC3,6,2,0.3333333333333333,0.49949303
LEKR1,6,2,0.3333333333333333,0.35988203
LMOD2,6,2,0.3333333333333333,0.42168745
MAP3K12,6,2,0.3333333333333333,0.37301865
MAP3K15,6,2,0.3333333333333333,0.31547752
MAP3K3,6,2,0.3333333333333333,0.54316765
MAP3K7,6,2,0.3333333333333333,0.6170916
MAST3,6,2,0.3333333333333333,0.5648972
MMP13,6,2,0.3333333333333333,0.62286156
MRGPRX3,6,2,0.3333333333333333,0.48952338
NAALAD2,6,2,0.3333333333333333,0.47025427
NBEAL2,6,2,0.3333333333333333,0.31167743
NCAPD3,6,2,0.3333333333333333,0.56132936
NFATC4,6,2,0.3333333333333333,0.41551948
NOS3,6,2,0.3333333333333333,0.39648724
ODF2L,6,2,0.3333333333333333,0.37878343
OGG1,6,2,0.3333333333333333,0.42130968
OPHN1,6,2,0.3333333333333333,0.4253292
OR51G1,6,2,0.3333333333333333,0.44226804
OR8I2,6,2,0.3333333333333333,0.5886387
P2RY8,6,2,0.3333333333333333,0.53598684
PARP1,6,2,0.3333333333333333,0.4712325
PCDHGA4,6,2,0.3333333333333333,0.45926926
PCM1,6,2,0.3333333333333333,0.40918505
PGBD1,6,2,0.3333333333333333,0.56894106
PHKA1,6,2,0.3333333333333333,0.3264614
PITPNM3,6,2,0.3333333333333333,0.42647037
PLEKHH2,6,2,0.3333333333333333,0.3299928
PLXNB1,6,2,0.3333333333333333,0.35813943
PRICKLE3,6,2,0.3333333333333333,0.3794457
PRKAG3,6,2,0.3333333333333333,0.32945886
PWWP3B,6,2,0.3333333333333333,0.31411955
ROR2,6,2,0.3333333333333333,0.4649687
RTKN2,6,2,0.3333333333333333,0.31370124
SBF1,6,2,0.3333333333333333,0.35883155
SDS,6,2,0.3333333333333333,0.5469054
SLC11A1,6,2,0.3333333333333333,0.4263036
SLC16A5,6,2,0.3333333333333333,0.6358903
SLC6A17,6,2,0.3333333333333333,0.4329401
SMAD1,6,2,0.3333333333333333,0.42528948
SMYD3,6,2,0.3333333333333333,0.39857343
SNX13,6,2,0.3333333333333333,0.5002753
SOX9,6,2,0.3333333333333333,0.44406366
SPAG4,6,2,0.3333333333333333,0.40952995
SYTL2,6,2,0.3333333333333333,0.5428173
TANC2,6,2,0.3333333333333333,0.5578675
TAT,6,2,0.3333333333333333,0.4584142
TCF7L2,6,2,0.3333333333333333,0.41769287
TGM5,6,2,0.3333333333333333,0.54281044
UNC5C,6,2,0.3333333333333333,0.5783629
USP20,6,2,0.3333333333333333,0.36823642
USP32,6,2,0.3333333333333333,0.440732
VWA3A,6,2,0.3333333333333333,0.38312134
WDR13,6,2,0.3333333333333333,0.42582905
WDR90,6,2,0.3333333333333333,0.49026713
YLPM1,6,2,0.3333333333333333,0.32589072
ZMAT4,6,2,0.3333333333333333,0.40039718
ZNF626,6,2,0.3333333333333333,0.3586967
ZSCAN1,6,2,0.3333333333333333,0.5742056
ZSCAN5A,6,2,0.3333333333333333,0.5272101
ABCA2,7,2,0.2857142857142857,0.3757976
ADAMTSL3,7,2,0.2857142857142857,0.49480584
BCAM,7,2,0.2857142857142857,0.3413978
CHRM3,7,2,0.2857142857142857,0.36279705
CPSF1,7,2,0.2857142857142857,0.3335548
CUL2,7,2,0.2857142857142857,0.40787014
CYP2A13,7,2,0.2857142857142857,0.43684596
EGR2,7,2,0.2857142857142857,0.35568863
EMC1,7,2,0.2857142857142857,0.44735628
EMSY,7,2,0.2857142857142857,0.40830082
FOXR2,7,2,0.2857142857142857,0.27035046
GZMB,7,2,0.2857142857142857,0.29103988
ILF3,7,2,0.2857142857142857,0.5099372
JPH1,7,2,0.2857142857142857,0.3507834
KCNG1,7,2,0.2857142857142857,0.30127925
KIAA1614,7,2,0.2857142857142857,0.404308
KIF5C,7,2,0.2857142857142857,0.36888576
KLF17,7,2,0.2857142857142857,0.5151387
LAMA4,7,2,0.2857142857142857,0.39263806
MCM3,7,2,0.2857142857142857,0.53535014
MORC2,7,2,0.2857142857142857,0.3688373
MTCL1,7,2,0.2857142857142857,0.35090375
MYO9B,7,2,0.2857142857142857,0.40227208
NAV1,7,2,0.2857142857142857,0.51230305
NAV3,7,2,0.2857142857142857,0.40790132
NCAM1,7,2,0.2857142857142857,0.36970073
NEBL,7,2,0.2857142857142857,0.40532207
NMUR2,7,2,0.2857142857142857,0.39821142
NRXN2,7,2,0.2857142857142857,0.47438985
NUP210,7,2,0.2857142857142857,0.30886674
OR4D5,7,2,0.2857142857142857,0.52168304
OR5I1,7,2,0.2857142857142857,0.40391663
P2RY4,7,2,0.2857142857142857,0.28507012
PAK5,7,2,0.2857142857142857,0.45345375
PLCB2,7,2,0.2857142857142857,0.34755507
PRDM10,7,2,0.2857142857142857,0.47534463
PRSS36,7,2,0.2857142857142857,0.2831324
PYGM,7,2,0.2857142857142857,0.4607737
RPL32,7,2,0.2857142857142857,0.47637495
SASH1,7,2,0.2857142857142857,0.36889642
SGSM2,7,2,0.2857142857142857,0.32975927
SLC35G3,7,2,0.2857142857142857,0.43284982
SLC6A14,7,2,0.2857142857142857,0.33888027
SLC6A19,7,2,0.2857142857142857,0.65005547
SP1,7,2,0.2857142857142857,0.62585914
TET3,7,2,0.2857142857142857,0.2723494
TMC1,7,2,0.2857142857142857,0.44215584
TMC2,7,2,0.2857142857142857,0.34382662
TMEM132E,7,2,0.2857142857142857,0.33081627
TRAK1,7,2,0.2857142857142857,0.35059053
UNC13A,7,2,0.2857142857142857,0.31278777
USP15,7,2,0.2857142857142857,0.42750716
VWCE,7,2,0.2857142857142857,0.27184993
WDR44,7,2,0.2857142857142857,0.288398
AGRN,8,2,0.25,0.36921933
AL353804.7,8,2,0.25,0.52792615
ASTN2,8,2,0.25,0.302481
BBS9,8,2,0.25,0.45835668
CAPN1,8,2,0.25,0.49962088
DLGAP2,8,2,0.25,0.22670722
EIF4G1,8,2,0.25,0.32156196
F9,8,2,0.25,0.21358286
FNDC3B,8,2,0.25,0.39727807
HERC1,8,2,0.25,0.3517253
KDM6B,8,2,0.25,0.3488013
MAGEB4,8,2,0.25,0.30493143
NELL1,8,2,0.25,0.38799626
NIN,8,2,0.25,0.41977015
NTRK3,8,2,0.25,0.45525151
PDCD11,8,2,0.25,0.2691199
PHLPP1,8,2,0.25,0.5531006
PLA2G4A,8,2,0.25,0.5350112
PNPLA7,8,2,0.25,0.23216923
RASGRF1,8,2,0.25,0.5206577
SI,8,2,0.25,0.5828794
SLC39A12,8,2,0.25,0.30690104
SORCS1,8,2,0.25,0.25144044
TBC1D1,8,2,0.25,0.43710688
TICRR,8,2,0.25,0.31633365
TNKS2,8,2,0.25,0.46015725
TNXB,8,2,0.25,0.3544864
UBR5,8,2,0.25,0.48725823
ZNF516,8,2,0.25,0.3859047
ATM,9,2,0.2222222222222222,0.41531882
CACNA1G,9,2,0.2222222222222222,0.29606664
CCSER1,9,2,0.2222222222222222,0.3292414
CCT8L2,9,2,0.2222222222222222,0.4052685
CELSR2,9,2,0.2222222222222222,0.36051834
CPZ,9,2,0.2222222222222222,0.44033906
FNDC1,9,2,0.2222222222222222,0.37457794
GAA,9,2,0.2222222222222222,0.4000307
GMIP,9,2,0.2222222222222222,0.2206266
HIRA,9,2,0.2222222222222222,0.4324845
INSRR,9,2,0.2222222222222222,0.27429658
KIT,9,2,0.2222222222222222,0.49038622
MAPKBP1,9,2,0.2222222222222222,0.52428544
PCSK5,9,2,0.2222222222222222,0.36359268
SORCS2,9,2,0.2222222222222222,0.26781297
SORL1,9,2,0.2222222222222222,0.42647445
SPTBN4,9,2,0.2222222222222222,0.29212323
CHRNB4,10,2,0.2,0.27827677
DISP3,10,2,0.2,0.28434733
THSD4,10,2,0.2,0.378833
TSPEAR,10,2,0.2,0.3869064
ALPG,11,2,0.18181818181818182,0.22872864
CFAP74,12,2,0.16666666666666666,0.2782869
AAMDC,1,1,1.0,0.8174227
AAR2,1,1,1.0,0.98864776
ABCB9,1,1,1.0,0.96312004
ABCD4,1,1,1.0,0.98832345
ABHD1,1,1,1.0,0.97793764
ABHD15,1,1,1.0,0.8967289
ABHD2,1,1,1.0,0.9649979
ABHD3,1,1,1.0,0.81798196
ABLIM1,1,1,1.0,0.861075
AC004997.1,1,1,1.0,0.9810651
AC008764.4,1,1,1.0,0.990827
AC025165.3,1,1,1.0,0.99140877
AC093246.1,1,1,1.0,0.98107105
AC131160.1,1,1,1.0,0.99109113
AC139530.2,1,1,1.0,0.98010296
AC244258.1,1,1,1.0,0.98601806
AC245748.1,1,1,1.0,0.99120224
AC245884.12,1,1,1.0,0.9814031
ACAA2,1,1,1.0,0.9577611
ACAD8,1,1,1.0,0.93681085
ACBD4,1,1,1.0,0.92382294
ACER3,1,1,1.0,0.9913087
ACKR3,1,1,1.0,0.9756663
ACOT6,1,1,1.0,0.9914137
ACP2,1,1,1.0,0.90789056
ACRBP,1,1,1.0,0.98160386
ACSS2,1,1,1.0,0.9913244
ACTC1,1,1,1.0,0.9332138
ACTG1,1,1,1.0,0.90289134
ACTL10,1,1,1.0,0.94889057
ACVR2B,1,1,1.0,0.9890381
ADAM11,1,1,1.0,0.99096745
ADAM18,1,1,1.0,0.99126446
ADAM19,1,1,1.0,0.9462394
ADAM33,1,1,1.0,0.8682582
ADAMTSL4,1,1,1.0,0.99131
ADAT2,1,1,1.0,0.9914936
ADGRE5,1,1,1.0,0.90390414
ADGRF1,1,1,1.0,0.9738617
ADGRF2,1,1,1.0,0.9911049
ADH4,1,1,1.0,0.9699536
ADI1,1,1,1.0,0.9866963
ADPRH,1,1,1.0,0.98063654
ADPRHL1,1,1,1.0,0.96946377
ADRM1,1,1,1.0,0.75368035
ADSS2,1,1,1.0,0.932086
AFTPH,1,1,1.0,0.9273357
AGA,1,1,1.0,0.99111396
AGAP2,1,1,1.0,0.7988621
AGBL2,1,1,1.0,0.9855723
AGK,1,1,1.0,0.99129045
AGTRAP,1,1,1.0,0.99103653
AIF1,1,1,1.0,0.8694986
AIFM3,1,1,1.0,0.98718125
AK6,1,1,1.0,0.9901748
AKAP14,1,1,1.0,0.91157454
AKAP5,1,1,1.0,0.9810839
AKIRIN2,1,1,1.0,0.9914983
AKR1C8P,1,1,1.0,0.9912731
AKR7A2,1,1,1.0,0.9783011
AL133467.6,1,1,1.0,0.86893463
AL163540.1,1,1,1.0,0.99122834
ALAD,1,1,1.0,0.97118616
ALDH16A1,1,1,1.0,0.974246
ALDH3B1,1,1,1.0,0.9521873
ALG10,1,1,1.0,0.9915148
ALG11,1,1,1.0,0.96584606
ALG8,1,1,1.0,0.99144894
ALKBH1,1,1,1.0,0.9914648
ALKBH5,1,1,1.0,0.9912833
ALKBH6,1,1,1.0,0.89012516
ALKBH7,1,1,1.0,0.97998446
AMER1,1,1,1.0,0.98859066
AMIGO2,1,1,1.0,0.97570133
AMOTL1,1,1,1.0,0.98743016
AMT,1,1,1.0,0.991323
AMY1B,1,1,1.0,0.96995115
AMZ2,1,1,1.0,0.99148
ANAPC1,1,1,1.0,0.9912004
ANGEL1,1,1,1.0,0.9751277
ANGPTL3,1,1,1.0,0.99128133
ANGPTL7,1,1,1.0,0.9735692
ANKLE2,1,1,1.0,0.9793168
ANKRD13A,1,1,1.0,0.99144226
ANKRD13C,1,1,1.0,0.8116968
ANKRD13D,1,1,1.0,0.8106515
ANKRD20A2P,1,1,1.0,0.95206475
ANKRD44,1,1,1.0,0.991441
ANKRD54,1,1,1.0,0.99142796
ANXA4,1,1,1.0,0.9696335
ANXA5,1,1,1.0,0.9914624
ANXA8,1,1,1.0,0.99080515
AOAH,1,1,1.0,0.9913668
AP000721.1,1,1,1.0,0.9895893
AP001267.5,1,1,1.0,0.98240453
AP001425.1,1,1,1.0,0.9905986
AP003393.1,1,1,1.0,0.8120607
AP3M1,1,1,1.0,0.9848134
AP3S1,1,1,1.0,0.9913254
AP4S1,1,1,1.0,0.9848609
AP5M1,1,1,1.0,0.96529263
APOBEC1,1,1,1.0,0.9913511
APOL2,1,1,1.0,0.99135256
APOOL,1,1,1.0,0.96273464
APTX,1,1,1.0,0.9902097
AQP11,1,1,1.0,0.99140805
AQP12A,1,1,1.0,0.9455378
AQP5,1,1,1.0,0.9220567
ARFGAP3,1,1,1.0,0.99133563
ARGFX,1,1,1.0,0.9900191
ARHGAP1,1,1,1.0,0.9915149
ARHGAP12,1,1,1.0,0.9871766
ARHGAP15,1,1,1.0,0.9745029
ARHGAP22,1,1,1.0,0.9403842
ARHGAP24,1,1,1.0,0.9914278
ARHGAP42,1,1,1.0,0.96271527
ARHGEF38,1,1,1.0,0.9914341
ARID5A,1,1,1.0,0.9913084
ARL5B,1,1,1.0,0.99116665
ARL9,1,1,1.0,0.98602194
ARMCX5,1,1,1.0,0.8371805
ARNT,1,1,1.0,0.7710245
ARPC2,1,1,1.0,0.95032597
ARPC5L,1,1,1.0,0.9913469
ARR3,1,1,1.0,0.9913629
ARRB2,1,1,1.0,0.9912798
ARRDC1,1,1,1.0,0.9913447
ASAH1,1,1,1.0,0.9912656
ASAH2B,1,1,1.0,0.9913605
ASB8,1,1,1.0,0.92151713
ASCC1,1,1,1.0,0.9914588
ASH2L,1,1,1.0,0.86897993
ATAD5,1,1,1.0,0.9600852
ATF1,1,1,1.0,0.9855295
ATF5,1,1,1.0,0.8995745
ATF6,1,1,1.0,0.80052954
ATG10,1,1,1.0,0.9457671
ATG12,1,1,1.0,0.99077153
ATG14,1,1,1.0,0.9833739
ATIC,1,1,1.0,0.8799571
ATP1B1,1,1,1.0,0.9859298
ATP1B3,1,1,1.0,0.9903391
ATP5MC2,1,1,1.0,0.9914171
ATP5PD,1,1,1.0,0.9912435
ATP6AP1,1,1,1.0,0.9687318
ATP6AP2,1,1,1.0,0.86518955
ATP6V1B1,1,1,1.0,0.755033
ATP6V1F,1,1,1.0,0.98939323
ATP6V1G2,1,1,1.0,0.97956765
ATPAF2,1,1,1.0,0.9914819
ATRAID,1,1,1.0,0.9895517
AUP1,1,1,1.0,0.9572212
AURKB,1,1,1.0,0.9210275
AVPR2,1,1,1.0,0.9054008
AZIN2,1,1,1.0,0.8730407
B3GALNT1,1,1,1.0,0.9914426
B3GALT1,1,1,1.0,0.983634
B3GAT2,1,1,1.0,0.9734334
B4GALNT2,1,1,1.0,0.82792276
B4GALT1,1,1,1.0,0.99146956
B4GALT4,1,1,1.0,0.9914619
B9D1,1,1,1.0,0.9769363
BAAT,1,1,1.0,0.98830926
BABAM1,1,1,1.0,0.99139786
BABAM2,1,1,1.0,0.98989886
BAG2,1,1,1.0,0.99131083
BAMBI,1,1,1.0,0.97768354
BANF1,1,1,1.0,0.99074835
BARHL1,1,1,1.0,0.9741691
BBS10,1,1,1.0,0.9914936
BCKDHA,1,1,1.0,0.94507676
BCKDK,1,1,1.0,0.9827298
BCL7A,1,1,1.0,0.94142646
BCO2,1,1,1.0,0.99000156
BCR,1,1,1.0,0.9890026
BCS1L,1,1,1.0,0.9101266
BDH1,1,1,1.0,0.9871815
BDH2,1,1,1.0,0.98947734
BEND4,1,1,1.0,0.99147874
BEND6,1,1,1.0,0.94502765
BEND7,1,1,1.0,0.93811274
BET1,1,1,1.0,0.87997544
BEX4,1,1,1.0,0.9727888
BGN,1,1,1.0,0.97893083
BHMT2,1,1,1.0,0.9914106
BIN3,1,1,1.0,0.9914072
BLVRA,1,1,1.0,0.99119204
BMP10,1,1,1.0,0.98180515
BMP2,1,1,1.0,0.94676256
BMP8B,1,1,1.0,0.9864806
BMT2,1,1,1.0,0.991413
BNIP5,1,1,1.0,0.96704626
BPY2C,1,1,1.0,0.9699584
BST1,1,1,1.0,0.99126524
BTBD1,1,1,1.0,0.89496243
BTBD8,1,1,1.0,0.8282945
BZW2,1,1,1.0,0.99121475
C10orf62,1,1,1.0,0.975723
C11orf1,1,1,1.0,0.989219
C11orf24,1,1,1.0,0.99144953
C11orf58,1,1,1.0,0.99150616
C11orf94,1,1,1.0,0.99145424
C12orf43,1,1,1.0,0.8995065
C12orf77,1,1,1.0,0.9704475
C15orf40,1,1,1.0,0.9839941
C16orf78,1,1,1.0,0.99101955
C18orf25,1,1,1.0,0.9912703
C19orf44,1,1,1.0,0.9914478
C19orf54,1,1,1.0,0.9703523
C1GALT1C1,1,1,1.0,0.9857085
C1QTNF1,1,1,1.0,0.99049765
C1QTNF12,1,1,1.0,0.9848748
C1QTNF9,1,1,1.0,0.99150956
C1RL,1,1,1.0,0.99146175
C1orf105,1,1,1.0,0.9731092
C1orf131,1,1,1.0,0.9912832
C1orf162,1,1,1.0,0.9892517
C1orf43,1,1,1.0,0.9018848
C1orf74,1,1,1.0,0.9910527
C21orf58,1,1,1.0,0.97210026
C21orf91,1,1,1.0,0.99138665
C2orf69,1,1,1.0,0.99046284
C2orf80,1,1,1.0,0.9906714
C4A,1,1,1.0,0.98942685
C4orf33,1,1,1.0,0.9180282
C5AR2,1,1,1.0,0.9915177
C5orf15,1,1,1.0,0.99137187
C5orf38,1,1,1.0,0.9914517
C5orf58,1,1,1.0,0.98514974
C6orf120,1,1,1.0,0.91951275
C6orf136,1,1,1.0,0.9505497
C6orf15,1,1,1.0,0.9898622
C6orf62,1,1,1.0,0.95835197
C7orf25,1,1,1.0,0.9914875
C8orf76,1,1,1.0,0.8536643
C9orf152,1,1,1.0,0.9730085
C9orf163,1,1,1.0,0.81587064
C9orf50,1,1,1.0,0.99105495
C9orf72,1,1,1.0,0.99126875
C9orf78,1,1,1.0,0.99144906
CA1,1,1,1.0,0.9915046
CA9,1,1,1.0,0.98763925
CABP2,1,1,1.0,0.9581872
CABP5,1,1,1.0,0.9301084
CACNB1,1,1,1.0,0.9823636
CACNG7,1,1,1.0,0.99128085
CALB1,1,1,1.0,0.99002784
CALHM4,1,1,1.0,0.9427752
CAMK2G,1,1,1.0,0.9557723
CAMLG,1,1,1.0,0.99131024
CAMTA2,1,1,1.0,0.9890981
CAP2,1,1,1.0,0.9730566
CAPG,1,1,1.0,0.9804047
CAPN11,1,1,1.0,0.9782827
CAPN12,1,1,1.0,0.9914498
CAPNS1,1,1,1.0,0.88911134
CAPRIN1,1,1,1.0,0.9772305
CAPZA3,1,1,1.0,0.98602355
CASP14,1,1,1.0,0.85003734
CASP3,1,1,1.0,0.9658221
CASP5,1,1,1.0,0.99143094
CASP6,1,1,1.0,0.99092007
CASP8,1,1,1.0,0.9880525
CATSPER1,1,1,1.0,0.98163384
CATSPERB,1,1,1.0,0.82516253
CAVIN4,1,1,1.0,0.9897385
CBFA2T2,1,1,1.0,0.99148285
CBL,1,1,1.0,0.9294638
CBLL2,1,1,1.0,0.90726966
CBLN1,1,1,1.0,0.92858434
CBLN4,1,1,1.0,0.9894881
CBR1,1,1,1.0,0.98521984
CBWD1,1,1,1.0,0.96847737
CBX3,1,1,1.0,0.9909644
CBY1,1,1,1.0,0.9913053
CC2D2B,1,1,1.0,0.98667693
CCDC102B,1,1,1.0,0.89187855
CCDC107,1,1,1.0,0.9617378
CCDC114,1,1,1.0,0.9849711
CCDC134,1,1,1.0,0.99137574
CCDC150,1,1,1.0,0.9497071
CCDC167,1,1,1.0,0.99141544
CCDC186,1,1,1.0,0.99112564
CCDC198,1,1,1.0,0.9773865
CCDC57,1,1,1.0,0.98802036
CCDC65,1,1,1.0,0.9883161
CCDC74B,1,1,1.0,0.968229
CCDC86,1,1,1.0,0.9877506
CCDC88A,1,1,1.0,0.9914819
CCK,1,1,1.0,0.9683257
CCL13,1,1,1.0,0.99098915
CCL28,1,1,1.0,0.9915149
CCL4,1,1,1.0,0.7988957
CCL7,1,1,1.0,0.99131775
CCNA2,1,1,1.0,0.92319554
CCNB2,1,1,1.0,0.7811901
CCNI2,1,1,1.0,0.98371387
CCNJ,1,1,1.0,0.9558004
CCR7,1,1,1.0,0.99147636
CCRL2,1,1,1.0,0.9773117
CCT3,1,1,1.0,0.98984617
CD200R1,1,1,1.0,0.98407525
CD207,1,1,1.0,0.92696524
CD300E,1,1,1.0,0.9504458
CD300LB,1,1,1.0,0.9833264
CD3G,1,1,1.0,0.97673845
CD40,1,1,1.0,0.989808
CD40LG,1,1,1.0,0.9800136
CD46,1,1,1.0,0.78516746
CD63,1,1,1.0,0.9908405
CD69,1,1,1.0,0.9598409
CD70,1,1,1.0,0.9789249
CD79B,1,1,1.0,0.8281314
CD81,1,1,1.0,0.9902553
CD99,1,1,1.0,0.9860312
CD99L2,1,1,1.0,0.99151295
CDA,1,1,1.0,0.9708576
CDC123,1,1,1.0,0.9547992
CDC14A,1,1,1.0,0.95400566
CDC14B,1,1,1.0,0.80426854
CDC16,1,1,1.0,0.93839556
CDC25B,1,1,1.0,0.9896757
CDC34,1,1,1.0,0.87388504
CDC37L1,1,1,1.0,0.99151784
CDC6,1,1,1.0,0.94660497
CDCA8,1,1,1.0,0.9914043
CDK10,1,1,1.0,0.9906487
CDK18,1,1,1.0,0.99140257
CDK19,1,1,1.0,0.9854857
CDK2,1,1,1.0,0.82798475
CDK5R1,1,1,1.0,0.97075975
CDKN2D,1,1,1.0,0.9882059
CDKN3,1,1,1.0,0.9912917
CDR2,1,1,1.0,0.99066633
CDV3,1,1,1.0,0.9004333
CEACAM1,1,1,1.0,0.9913924
CEACAM3,1,1,1.0,0.9551438
CEACAM6,1,1,1.0,0.8829608
CELA2B,1,1,1.0,0.9913641
CELF3,1,1,1.0,0.97674495
CEMP1,1,1,1.0,0.95876545
CENATAC,1,1,1.0,0.99077374
CENPH,1,1,1.0,0.9703288
CENPM,1,1,1.0,0.9847969
CENPT,1,1,1.0,0.9812614
CEP120,1,1,1.0,0.98009217
CEP43,1,1,1.0,0.99049133
CEP68,1,1,1.0,0.9912123
CEP78,1,1,1.0,0.9902919
CFAP126,1,1,1.0,0.9912884
CFAP298-TCP10L,1,1,1.0,0.9890316
CFI,1,1,1.0,0.9571812
CFL1,1,1,1.0,0.9475865
CFLAR,1,1,1.0,0.9706777
CGB1,1,1,1.0,0.9871804
CHCHD3,1,1,1.0,0.9870639
CHCHD5,1,1,1.0,0.94850045
CHCHD6,1,1,1.0,0.9915001
CHIC1,1,1,1.0,0.98083293
CHIC2,1,1,1.0,0.9805978
CHKA,1,1,1.0,0.99133766
CHMP1A,1,1,1.0,0.82438946
CHODL,1,1,1.0,0.86123914
CHP1,1,1,1.0,0.77796215
CHPF2,1,1,1.0,0.99149066
CHRM1,1,1,1.0,0.92956454
CHRNA9,1,1,1.0,0.84371555
CIAO3,1,1,1.0,0.942923
CIART,1,1,1.0,0.9914916
CIBAR2,1,1,1.0,0.9914792
CISD2,1,1,1.0,0.99130356
CKAP4,1,1,1.0,0.8629681
CLDN12,1,1,1.0,0.9818345
CLDN15,1,1,1.0,0.9889865
CLDN22,1,1,1.0,0.99141824
CLEC1B,1,1,1.0,0.8133721
CLEC4A,1,1,1.0,0.9913864
CLIC6,1,1,1.0,0.99145645
CLPSL1,1,1,1.0,0.96872956
CLTB,1,1,1.0,0.9907274
CLUL1,1,1,1.0,0.9842852
CMBL,1,1,1.0,0.85973316
CMPK1,1,1,1.0,0.8675465
CMTM2,1,1,1.0,0.93125075
CMTM3,1,1,1.0,0.991499
CNDP2,1,1,1.0,0.9846026
CNIH2,1,1,1.0,0.97349656
CNIH4,1,1,1.0,0.9758099
CNN3,1,1,1.0,0.77410686
CNOT11,1,1,1.0,0.9362562
CNOT6,1,1,1.0,0.9912754
CNPPD1,1,1,1.0,0.9892903
CNPY2,1,1,1.0,0.97822136
CNRIP1,1,1,1.0,0.9849973
COA4,1,1,1.0,0.9869845
COA8,1,1,1.0,0.99127066
COCH,1,1,1.0,0.97177446
COL8A2,1,1,1.0,0.98864645
COLEC12,1,1,1.0,0.920273
COMMD5,1,1,1.0,0.99140406
COMMD6,1,1,1.0,0.95356375
COMMD7,1,1,1.0,0.98544574
COPA,1,1,1.0,0.9914943
COPS3,1,1,1.0,0.9603561
COPS5,1,1,1.0,0.9912811
COPS7A,1,1,1.0,0.9536142
COPS8,1,1,1.0,0.9510667
COPS9,1,1,1.0,0.93216044
COPZ1,1,1,1.0,0.99129546
COQ10B,1,1,1.0,0.9666334
COQ9,1,1,1.0,0.99137634
CORO1C,1,1,1.0,0.95729524
COX11,1,1,1.0,0.9806138
CPEB4,1,1,1.0,0.99133754
CPM,1,1,1.0,0.9842063
CPNE1,1,1,1.0,0.88493073
CPNE6,1,1,1.0,0.99151576
CPNE9,1,1,1.0,0.9816846
CRCP,1,1,1.0,0.8920326
CREBRF,1,1,1.0,0.9895808
CREBZF,1,1,1.0,0.9366325
CRIP1,1,1,1.0,0.99149346
CRK,1,1,1.0,0.9910183
CRLF1,1,1,1.0,0.97994286
CRTAP,1,1,1.0,0.9757734
CRX,1,1,1.0,0.99096876
CRYAB,1,1,1.0,0.98938835
CRYL1,1,1,1.0,0.9682921
CRYM,1,1,1.0,0.97838163
CSAG3,1,1,1.0,0.9844977
CSKMT,1,1,1.0,0.90583295
CSNK1D,1,1,1.0,0.97548884
CSNK1G2,1,1,1.0,0.9635345
CSRP2,1,1,1.0,0.9914239
CSRP3,1,1,1.0,0.9822068
CST6,1,1,1.0,0.98441374
CST7,1,1,1.0,0.9429122
CSTL1,1,1,1.0,0.99138767
CTNS,1,1,1.0,0.9886423
CTSA,1,1,1.0,0.99139386
CTSH,1,1,1.0,0.983808
CUL4A,1,1,1.0,0.99131197
CX3CL1,1,1,1.0,0.9811297
CXCL13,1,1,1.0,0.9666776
CXXC5,1,1,1.0,0.9589251
CXorf38,1,1,1.0,0.9363706
CYB5R4,1,1,1.0,0.93008256
CYFIP2,1,1,1.0,0.9110253
CYGB,1,1,1.0,0.96925575
CYP20A1,1,1,1.0,0.9914454
CYP24A1,1,1,1.0,0.99143106
CYP26A1,1,1,1.0,0.97793627
CYP2A7,1,1,1.0,0.95196044
CYP39A1,1,1,1.0,0.9906661
CYP51A1,1,1,1.0,0.9906025
CYRIB,1,1,1.0,0.99137723
CYSLTR1,1,1,1.0,0.9865058
CYTH2,1,1,1.0,0.9903474
CYTH4,1,1,1.0,0.98338956
DALRD3,1,1,1.0,0.9735363
DAPP1,1,1,1.0,0.9903867
DARS2,1,1,1.0,0.9913936
DAZAP1,1,1,1.0,0.99100983
DBI,1,1,1.0,0.9829402
DCAF4,1,1,1.0,0.9718463
DCANP1,1,1,1.0,0.9825996
DCBLD2,1,1,1.0,0.9415753
DCP1A,1,1,1.0,0.8704365
DCST2,1,1,1.0,0.9912868
DCTD,1,1,1.0,0.991435
DCTN6,1,1,1.0,0.98518133
DDHD1,1,1,1.0,0.9718746
DDIAS,1,1,1.0,0.8790953
DDIT4L,1,1,1.0,0.99151367
DDN,1,1,1.0,0.9914488
DDO,1,1,1.0,0.7648246
DDRGK1,1,1,1.0,0.9506374
DDX18,1,1,1.0,0.93924266
DDX28,1,1,1.0,0.9912629
DDX51,1,1,1.0,0.984347
DDX55,1,1,1.0,0.991458
DDX6,1,1,1.0,0.9584171
DEF6,1,1,1.0,0.8081121
DEFB135,1,1,1.0,0.9718802
DEPDC1B,1,1,1.0,0.99109155
DEPP1,1,1,1.0,0.9901404
DERL2,1,1,1.0,0.890039
DHRS7C,1,1,1.0,0.95553243
DHTKD1,1,1,1.0,0.9706236
DHX57,1,1,1.0,0.9817499
DIRAS2,1,1,1.0,0.99127054
DIRAS3,1,1,1.0,0.9895579
DLL3,1,1,1.0,0.95955783
DLX1,1,1,1.0,0.9812207
DLX5,1,1,1.0,0.83520293
DMAC2,1,1,1.0,0.8442557
DMRT1,1,1,1.0,0.99048704
DMRT2,1,1,1.0,0.99149066
DMRTA1,1,1,1.0,0.9713596
DNAJA2,1,1,1.0,0.99151295
DNAJB12,1,1,1.0,0.97794104
DNAJB14,1,1,1.0,0.9867035
DNAJB6,1,1,1.0,0.99040025
DNAJC12,1,1,1.0,0.9801759
DNAJC15,1,1,1.0,0.991486
DNAJC19,1,1,1.0,0.9789099
DNALI1,1,1,1.0,0.8158305
DNASE1L3,1,1,1.0,0.9798329
DND1,1,1,1.0,0.93914527
DNLZ,1,1,1.0,0.9894525
DNMT3L,1,1,1.0,0.9874408
DOK3,1,1,1.0,0.9274425
DPEP2,1,1,1.0,0.90136606
DPEP3,1,1,1.0,0.9825326
DPF1,1,1,1.0,0.98968726
DPF2,1,1,1.0,0.87421757
DPH1,1,1,1.0,0.9011903
DPH6,1,1,1.0,0.96134645
DPY19L4,1,1,1.0,0.91151
DPY30,1,1,1.0,0.99041057
DPYS,1,1,1.0,0.9905806
DTL,1,1,1.0,0.99135613
DTNA,1,1,1.0,0.99141204
DTWD2,1,1,1.0,0.9635093
DTX3,1,1,1.0,0.9796593
DTYMK,1,1,1.0,0.9871622
DUOXA2,1,1,1.0,0.86589104
DUSP1,1,1,1.0,0.76756686
DUSP12,1,1,1.0,0.9894449
DUSP26,1,1,1.0,0.937333
DUSP29,1,1,1.0,0.89779246
DUSP7,1,1,1.0,0.9911315
DYDC1,1,1,1.0,0.8441021
DYNC1LI1,1,1,1.0,0.97995836
DYNC2I1,1,1,1.0,0.7900725
DYNLL2,1,1,1.0,0.99113095
DYNLRB2,1,1,1.0,0.99147826
EAF2,1,1,1.0,0.9671397
EBNA1BP2,1,1,1.0,0.94382554
ECRG4,1,1,1.0,0.9220594
EDN3,1,1,1.0,0.98710036
EEF1B2,1,1,1.0,0.9440542
EFCAB14,1,1,1.0,0.9860174
EFCAB3,1,1,1.0,0.9794504
EFCC1,1,1,1.0,0.9115693
EFEMP1,1,1,1.0,0.9767875
EFNA4,1,1,1.0,0.9914477
EGLN1,1,1,1.0,0.98966485
EGLN2,1,1,1.0,0.96625906
EIF1AD,1,1,1.0,0.9869986
EIF1AX,1,1,1.0,0.8327129
EIF2AK3,1,1,1.0,0.9914726
EIF2B1,1,1,1.0,0.8005341
EIF2B2,1,1,1.0,0.97071606
EIF2B4,1,1,1.0,0.9835011
EIF2S2,1,1,1.0,0.99146944
EIF3I,1,1,1.0,0.99126375
EIF3L,1,1,1.0,0.9697824
EIF4E2,1,1,1.0,0.94314355
EIF5,1,1,1.0,0.8382246
ELAC2,1,1,1.0,0.9429234
ELL,1,1,1.0,0.96261275
ELOB,1,1,1.0,0.9799397
ELOVL3,1,1,1.0,0.98572886
ELOVL5,1,1,1.0,0.9712914
EMC3,1,1,1.0,0.9812065
EMP3,1,1,1.0,0.9764607
ENKUR,1,1,1.0,0.97306204
ENSA,1,1,1.0,0.9914262
EPDR1,1,1,1.0,0.99127394
EPHA2,1,1,1.0,0.98784304
EPM2AIP1,1,1,1.0,0.9371761
EPSTI1,1,1,1.0,0.9746814
EQTN,1,1,1.0,0.91151947
ERAL1,1,1,1.0,0.99147207
ERAP1,1,1,1.0,0.92979544
ERCC5,1,1,1.0,0.9814208
ERCC8,1,1,1.0,0.9912812
ERF,1,1,1.0,0.99142444
ERGIC2,1,1,1.0,0.9912465
ERGIC3,1,1,1.0,0.98941094
ERLEC1,1,1,1.0,0.99056375
ERLIN2,1,1,1.0,0.9555058
ERP44,1,1,1.0,0.9914042
ESM1,1,1,1.0,0.9913736
ESRP1,1,1,1.0,0.99144685
ETV7,1,1,1.0,0.9220067
EVA1C,1,1,1.0,0.99149793
EVI5,1,1,1.0,0.9888343
EVX2,1,1,1.0,0.9631312
EXOSC2,1,1,1.0,0.96010333
EYS,1,1,1.0,0.9504954
F3,1,1,1.0,0.990493
FABP7,1,1,1.0,0.94051945
FABP9,1,1,1.0,0.99135196
FAHD2B,1,1,1.0,0.9866431
FAM114A1,1,1,1.0,0.99131715
FAM114A2,1,1,1.0,0.991327
FAM117A,1,1,1.0,0.95697963
FAM122B,1,1,1.0,0.9850004
FAM131C,1,1,1.0,0.96933514
FAM135A,1,1,1.0,0.9180397
FAM136A,1,1,1.0,0.84111744
FAM153A,1,1,1.0,0.8834124
FAM155B,1,1,1.0,0.95255595
FAM160B1,1,1,1.0,0.9825989
FAM161A,1,1,1.0,0.9713262
FAM163A,1,1,1.0,0.99151564
FAM166B,1,1,1.0,0.98769844
FAM166C,1,1,1.0,0.8439258
FAM169B,1,1,1.0,0.9371505
FAM171A1,1,1,1.0,0.9914846
FAM180A,1,1,1.0,0.9911946
FAM189B,1,1,1.0,0.9914175
FAM193B,1,1,1.0,0.99143934
FAM199X,1,1,1.0,0.93747324
FAM219A,1,1,1.0,0.9913585
FAM221B,1,1,1.0,0.991331
FAM227B,1,1,1.0,0.985999
FAM24B,1,1,1.0,0.99137235
FAM53A,1,1,1.0,0.9847631
FAM53B,1,1,1.0,0.9282707
FAM71F2,1,1,1.0,0.99076146
FAM76A,1,1,1.0,0.9914169
FAM78A,1,1,1.0,0.9115711
FAM86C1P,1,1,1.0,0.9776899
FAM89A,1,1,1.0,0.83175385
FAM8A1,1,1,1.0,0.99141884
FANCC,1,1,1.0,0.99148643
FANCF,1,1,1.0,0.9867994
FAR1,1,1,1.0,0.9913196
FARS2,1,1,1.0,0.8181275
FAS,1,1,1.0,0.97183716
FASTKD2,1,1,1.0,0.942493
FAU,1,1,1.0,0.9913946
FAXC,1,1,1.0,0.96326005
FBL,1,1,1.0,0.9891622
FBLN1,1,1,1.0,0.990054
FBXO16,1,1,1.0,0.9910392
FBXO17,1,1,1.0,0.99134946
FBXO25,1,1,1.0,0.9544142
FBXO28,1,1,1.0,0.98940456
FBXO30,1,1,1.0,0.9839168
FBXO32,1,1,1.0,0.9716836
FBXO36,1,1,1.0,0.9462301
FBXO45,1,1,1.0,0.93151474
FBXO9,1,1,1.0,0.98863995
FCER1G,1,1,1.0,0.9913119
FCGR2B,1,1,1.0,0.9794276
FCSK,1,1,1.0,0.9204665
FERMT2,1,1,1.0,0.97831374
FEZ1,1,1,1.0,0.9781506
FGF10,1,1,1.0,0.777233
FGF12,1,1,1.0,0.99137986
FGF8,1,1,1.0,0.8373027
FGFBP3,1,1,1.0,0.9913829
FGL2,1,1,1.0,0.8471245
FIBCD1,1,1,1.0,0.9429323
FIS1,1,1,1.0,0.9796616
FITM1,1,1,1.0,0.99135053
FKBP14,1,1,1.0,0.9914665
FKBP3,1,1,1.0,0.8745382
FKTN,1,1,1.0,0.99141276
FLRT3,1,1,1.0,0.991442
FMC1-LUC7L2,1,1,1.0,0.9914967
FMNL3,1,1,1.0,0.9912185
FMR1,1,1,1.0,0.9915045
FN3KRP,1,1,1.0,0.99149597
FOXA2,1,1,1.0,0.97191024
FOXC1,1,1,1.0,0.97278917
FOXD4L4,1,1,1.0,0.97399175
FOXN2,1,1,1.0,0.97759014
FOXO4,1,1,1.0,0.88825375
FRMD5,1,1,1.0,0.8813851
FRMD6,1,1,1.0,0.9903984
FRS2,1,1,1.0,0.93415064
FRS3,1,1,1.0,0.97925574
FSCN1,1,1,1.0,0.99144816
FSD1,1,1,1.0,0.88272035
FUT10,1,1,1.0,0.97922826
FUT11,1,1,1.0,0.9706343
FUZ,1,1,1.0,0.9869925
FXYD4,1,1,1.0,0.8472212
GAB3,1,1,1.0,0.9770397
GAL,1,1,1.0,0.99142843
GAL3ST1,1,1,1.0,0.9662616
GALK1,1,1,1.0,0.98742956
GALNT11,1,1,1.0,0.9910705
GALNT16,1,1,1.0,0.9116025
GALP,1,1,1.0,0.9825318
GAPDH,1,1,1.0,0.8626038
GAPT,1,1,1.0,0.9775488
GARS1,1,1,1.0,0.9819149
GAS2L3,1,1,1.0,0.9446961
GAS6,1,1,1.0,0.98003507
GAS7,1,1,1.0,0.83016694
GATA2,1,1,1.0,0.9860335
GATB,1,1,1.0,0.81039065
GBA2,1,1,1.0,0.93351036
GBE1,1,1,1.0,0.9860152
GCFC2,1,1,1.0,0.8426684
GCG,1,1,1.0,0.9727664
GCLM,1,1,1.0,0.97369516
GCNT4,1,1,1.0,0.8819398
GDPGP1,1,1,1.0,0.8497926
GEMIN6,1,1,1.0,0.9322501
GET1,1,1,1.0,0.9913809
GET1-SH3BGR,1,1,1.0,0.83618706
GET4,1,1,1.0,0.991446
GFER,1,1,1.0,0.9774604
GFRA3,1,1,1.0,0.95679444
GGA3,1,1,1.0,0.9914225
GGCT,1,1,1.0,0.9204264
GHDC,1,1,1.0,0.9914915
GHRL,1,1,1.0,0.9914048
GIN1,1,1,1.0,0.9903133
GINS1,1,1,1.0,0.98327774
GINS3,1,1,1.0,0.85320115
GIT1,1,1,1.0,0.99136615
GJB2,1,1,1.0,0.92768884
GJB6,1,1,1.0,0.990593
GJB7,1,1,1.0,0.98992467
GJC1,1,1,1.0,0.9892347
GJC3,1,1,1.0,0.98508286
GLB1L2,1,1,1.0,0.98154676
GLB1L3,1,1,1.0,0.965229
GLCCI1,1,1,1.0,0.76774055
GLDN,1,1,1.0,0.7671062
GLE1,1,1,1.0,0.9719963
GLIPR1L1,1,1,1.0,0.9348055
GLOD4,1,1,1.0,0.9913408
GLRXP3,1,1,1.0,0.971712
GLS2,1,1,1.0,0.9913326
GLT8D1,1,1,1.0,0.9876462
GLUD1,1,1,1.0,0.8569991
GMDS,1,1,1.0,0.87306476
GMPPA,1,1,1.0,0.97699237
GNA13,1,1,1.0,0.9912725
GNAI1,1,1,1.0,0.98602307
GNB1,1,1,1.0,0.9913982
GNB2,1,1,1.0,0.99142027
GNB5,1,1,1.0,0.9913788
GNG2,1,1,1.0,0.9886127
GNG5,1,1,1.0,0.98221004
GNLY,1,1,1.0,0.98819226
GNRH1,1,1,1.0,0.9903932
GOLGA6L22,1,1,1.0,0.99136275
GOLGA7,1,1,1.0,0.9913994
GORASP2,1,1,1.0,0.82216
GOSR1,1,1,1.0,0.99150825
GOT2,1,1,1.0,0.8028864
GP6,1,1,1.0,0.967266
GPA33,1,1,1.0,0.9803662
GPALPP1,1,1,1.0,0.9910657
GPANK1,1,1,1.0,0.9912457
GPAT2,1,1,1.0,0.9913735
GPC2,1,1,1.0,0.9466911
GPN1,1,1,1.0,0.952182
GPR108,1,1,1.0,0.85745627
GPR119,1,1,1.0,0.98124814
GPR139,1,1,1.0,0.9889951
GPR151,1,1,1.0,0.99130285
GPR157,1,1,1.0,0.99149936
GPR160,1,1,1.0,0.96680397
GPR162,1,1,1.0,0.96820986
GPR17,1,1,1.0,0.83769405
GPR176,1,1,1.0,0.7644452
GPR18,1,1,1.0,0.9632409
GPR180,1,1,1.0,0.9801205
GPR22,1,1,1.0,0.991364
GPR31,1,1,1.0,0.98746026
GPR68,1,1,1.0,0.9839754
GPR75,1,1,1.0,0.989934
GPR84,1,1,1.0,0.98027325
GPRC5C,1,1,1.0,0.9863977
GPX6,1,1,1.0,0.96268433
GRAP2,1,1,1.0,0.9791296
GRB14,1,1,1.0,0.9914432
GRIFIN,1,1,1.0,0.8740446
GRINA,1,1,1.0,0.9913981
GRK3,1,1,1.0,0.97626424
GRK6,1,1,1.0,0.976487
GRM2,1,1,1.0,0.9414382
GRN,1,1,1.0,0.9914185
GRPEL1,1,1,1.0,0.86535674
GSDMC,1,1,1.0,0.99142504
GSR,1,1,1.0,0.984649
GTF2A1,1,1,1.0,0.976074
GTF2E2,1,1,1.0,0.9913024
GTF2H1,1,1,1.0,0.98384386
GTF3C5,1,1,1.0,0.96083426
GTPBP10,1,1,1.0,0.9882238
GTPBP2,1,1,1.0,0.9905923
GTPBP8,1,1,1.0,0.991344
GTSF1,1,1,1.0,0.99143434
GUCY1B1,1,1,1.0,0.9676734
GUF1,1,1,1.0,0.9909054
GZMH,1,1,1.0,0.86898106
H1-0,1,1,1.0,0.9830441
H1-6,1,1,1.0,0.865938
H2AC17,1,1,1.0,0.9340028
H2AZ1,1,1,1.0,0.9914902
H2BC10,1,1,1.0,0.97559524
H2BC21,1,1,1.0,0.9893499
H3C11,1,1,1.0,0.9914657
H3C13,1,1,1.0,0.9912737
H3C8,1,1,1.0,0.97793853
H4C9,1,1,1.0,0.9823307
HACD4,1,1,1.0,0.99134946
HAGHL,1,1,1.0,0.988634
HARS2,1,1,1.0,0.98397267
HAT1,1,1,1.0,0.89446354
HAUS2,1,1,1.0,0.7723008
HAUS3,1,1,1.0,0.9912826
HBE1,1,1,1.0,0.88358456
HBG2,1,1,1.0,0.98240936
HBZ,1,1,1.0,0.99150074
HCFC1,1,1,1.0,0.80799633
HDAC10,1,1,1.0,0.9914794
HDHD3,1,1,1.0,0.9913243
HEBP1,1,1,1.0,0.9914711
HECTD2,1,1,1.0,0.9903336
HEMK1,1,1,1.0,0.9566221
HEXB,1,1,1.0,0.9904935
HGD,1,1,1.0,0.9913039
HGH1,1,1,1.0,0.85239875
HGS,1,1,1.0,0.991295
HHATL,1,1,1.0,0.9915081
HHLA2,1,1,1.0,0.93050677
HIF1A,1,1,1.0,0.9840338
HIF1AN,1,1,1.0,0.9908875
HINFP,1,1,1.0,0.9913669
HIRIP3,1,1,1.0,0.9650953
HLA-B,1,1,1.0,0.991409
HLA-DPA1,1,1,1.0,0.8563671
HLA-DPB1,1,1,1.0,0.9870243
HLA-DRB1,1,1,1.0,0.9667622
HLA-G,1,1,1.0,0.9082984
HMG20B,1,1,1.0,0.97790706
HMGA1,1,1,1.0,0.98276454
HMGB3,1,1,1.0,0.9893889
HMGCLL1,1,1,1.0,0.984166
HMGN1,1,1,1.0,0.99143994
HMOX2,1,1,1.0,0.9906097
HNF4G,1,1,1.0,0.90142965
HNMT,1,1,1.0,0.9437352
HNRNPA2B1,1,1,1.0,0.99142647
HNRNPH1,1,1,1.0,0.98137486
HNRNPLL,1,1,1.0,0.9681732
HOATZ,1,1,1.0,0.99097365
HOXA2,1,1,1.0,0.982463
HOXA9,1,1,1.0,0.9874642
HOXC10,1,1,1.0,0.8280782
HOXD11,1,1,1.0,0.9739688
HOXD13,1,1,1.0,0.92403066
HOXD3,1,1,1.0,0.95698214
HOXD8,1,1,1.0,0.9875386
HPD,1,1,1.0,0.9913536
HPGDS,1,1,1.0,0.9623168
HRC,1,1,1.0,0.98726255
HRH1,1,1,1.0,0.9731802
HSD11B2,1,1,1.0,0.9735656
HSD17B13,1,1,1.0,0.98324376
HSH2D,1,1,1.0,0.89602685
HSPA12B,1,1,1.0,0.9776989
HSPA1A,1,1,1.0,0.9418127
HSPA4L,1,1,1.0,0.97269374
HSPA5,1,1,1.0,0.99131256
HSPB2,1,1,1.0,0.99120003
HSPE1,1,1,1.0,0.9285026
HTATSF1,1,1,1.0,0.8885488
HTR2B,1,1,1.0,0.9702698
HTR6,1,1,1.0,0.9315783
HVCN1,1,1,1.0,0.9743759
HYAL3,1,1,1.0,0.9914164
HYLS1,1,1,1.0,0.9914995
IAPP,1,1,1.0,0.9913344
IDH3A,1,1,1.0,0.91170096
IDH3B,1,1,1.0,0.9776789
IDNK,1,1,1.0,0.96609336
IFFO1,1,1,1.0,0.8046398
IFIH1,1,1,1.0,0.97962534
IFNA1,1,1,1.0,0.7712342
IFNA14,1,1,1.0,0.76251996
IFNA16,1,1,1.0,0.9803403
IFNA5,1,1,1.0,0.99129206
IFNA6,1,1,1.0,0.99139434
IFNAR2,1,1,1.0,0.8131385
IFNGR1,1,1,1.0,0.93778944
IFNK,1,1,1.0,0.941774
IFNL2,1,1,1.0,0.98234034
IFRD1,1,1,1.0,0.99122405
IFT20,1,1,1.0,0.99147123
IFT27,1,1,1.0,0.7634371
IFT52,1,1,1.0,0.9913458
IFT81,1,1,1.0,0.9914758
IGDCC4,1,1,1.0,0.9557267
IGFBP1,1,1,1.0,0.99147886
IGFL4,1,1,1.0,0.9860286
IGHV1-24,1,1,1.0,0.9550318
IGHV2-70,1,1,1.0,0.832948
IGHV3-23,1,1,1.0,0.99050784
IGHV3-30,1,1,1.0,0.98125494
IGHV3-53,1,1,1.0,0.9028206
IGHV3-72,1,1,1.0,0.82721317
IGHV3-74,1,1,1.0,0.90104246
IGHV4-59,1,1,1.0,0.95941985
IGHV7-81,1,1,1.0,0.8372583
IGKV1-8,1,1,1.0,0.97716993
IGKV1OR22-5,1,1,1.0,0.88038236
IGKV2-24,1,1,1.0,0.98341423
IGLL1,1,1,1.0,0.99127835
IGLV1-36,1,1,1.0,0.95851153
IGLV2-18,1,1,1.0,0.79734474
IGLV2-33,1,1,1.0,0.9547458
IGLV4-60,1,1,1.0,0.77978605
IL10,1,1,1.0,0.98460346
IL17B,1,1,1.0,0.9913874
IL1B,1,1,1.0,0.90892375
IL1RAP,1,1,1.0,0.9902997
IL33,1,1,1.0,0.98141325
IL34,1,1,1.0,0.9900378
IL36G,1,1,1.0,0.9904357
IL37,1,1,1.0,0.9856396
ILF2,1,1,1.0,0.9808653
IMP4,1,1,1.0,0.927421
IMPA1,1,1,1.0,0.9571799
INAVA,1,1,1.0,0.9913988
INKA2,1,1,1.0,0.99132407
INSM2,1,1,1.0,0.97120553
INTU,1,1,1.0,0.9871984
IPMK,1,1,1.0,0.91960293
IQCC,1,1,1.0,0.8057751
IQCJ-SCHIP1,1,1,1.0,0.9899565
IRAK1BP1,1,1,1.0,0.974441
IREB2,1,1,1.0,0.9280276
ISCA1P1,1,1,1.0,0.7873262
ISL2,1,1,1.0,0.99138135
IST1,1,1,1.0,0.7907757
ISY1-RAB43,1,1,1.0,0.98153174
ITGA5,1,1,1.0,0.9915093
ITGBL1,1,1,1.0,0.7561486
ITLN2,1,1,1.0,0.93851906
JAM3,1,1,1.0,0.9913901
JMJD6,1,1,1.0,0.92470616
JUND,1,1,1.0,0.9886354
KANSL1L,1,1,1.0,0.9215159
KAT2A,1,1,1.0,0.8019496
KATNAL1,1,1,1.0,0.9503054
KBTBD7,1,1,1.0,0.9913981
KBTBD8,1,1,1.0,0.98194444
KCNAB2,1,1,1.0,0.98602784
KCNAB3,1,1,1.0,0.99129796
KCNG3,1,1,1.0,0.9672345
KCNG4,1,1,1.0,0.9718607
KCNIP1,1,1,1.0,0.9913837
KCNIP3,1,1,1.0,0.97712564
KCNIP4,1,1,1.0,0.97187567
KCNJ13,1,1,1.0,0.9913874
KCNJ14,1,1,1.0,0.9910812
KCNJ6,1,1,1.0,0.9913919
KCNK1,1,1,1.0,0.9914498
KCNK15,1,1,1.0,0.96874017
KCNK4,1,1,1.0,0.8436599
KCNK7,1,1,1.0,0.9658707
KCNMB3,1,1,1.0,0.99127007
KCNMB4,1,1,1.0,0.9914699
KCNN1,1,1,1.0,0.98602957
KCTD1,1,1,1.0,0.9912792
KCTD14,1,1,1.0,0.98667616
KCTD8,1,1,1.0,0.8244126
KDELR2,1,1,1.0,0.99144286
KDF1,1,1,1.0,0.98603046
KEAP1,1,1,1.0,0.9913306
KHDRBS1,1,1,1.0,0.95576847
KIAA0319L,1,1,1.0,0.991392
KIAA0513,1,1,1.0,0.9850042
KIAA0586,1,1,1.0,0.9718328
KIAA0895,1,1,1.0,0.82115436
KIAA0895L,1,1,1.0,0.9898352
KIF25,1,1,1.0,0.91907704
KIF3B,1,1,1.0,0.81729436
KIFC1,1,1,1.0,0.8917423
KISS1R,1,1,1.0,0.9578347
KLC1,1,1,1.0,0.93601483
KLC3,1,1,1.0,0.85707545
KLF2,1,1,1.0,0.9910226
KLHDC10,1,1,1.0,0.95674235
KLHDC7B,1,1,1.0,0.99144894
KLHL14,1,1,1.0,0.99143606
KLHL17,1,1,1.0,0.99141324
KLHL22,1,1,1.0,0.92806584
KLHL31,1,1,1.0,0.9733901
KLHL35,1,1,1.0,0.9866867
KLK11,1,1,1.0,0.9886497
KLK14,1,1,1.0,0.97932154
KLK3,1,1,1.0,0.9913316
KLRA1P,1,1,1.0,0.98746395
KLRC4,1,1,1.0,0.97348195
KMO,1,1,1.0,0.93258524
KMT5C,1,1,1.0,0.9782672
KPNA1,1,1,1.0,0.94951457
KPNA4,1,1,1.0,0.96655107
KPNB1,1,1,1.0,0.9362724
KRR1,1,1,1.0,0.9890933
KRT18P55,1,1,1.0,0.9914603
KRT5,1,1,1.0,0.9904953
KRT6C,1,1,1.0,0.9915005
KRT84,1,1,1.0,0.9307766
KRT85,1,1,1.0,0.89836675
KRTAP13-2,1,1,1.0,0.8791365
KRTAP15-1,1,1,1.0,0.96812046
KRTAP19-3,1,1,1.0,0.94349647
KRTAP19-4,1,1,1.0,0.99001956
KRTAP22-1,1,1,1.0,0.99142504
KRTAP4-2,1,1,1.0,0.99136156
KRTAP5-2,1,1,1.0,0.97768253
KRTAP5-8,1,1,1.0,0.90105224
KRTAP6-3,1,1,1.0,0.9912941
KRTAP8-1,1,1,1.0,0.9765227
KRTAP9-2,1,1,1.0,0.9913557
KRTAP9-4,1,1,1.0,0.98966867
KRTDAP,1,1,1.0,0.9907872
L3MBTL3,1,1,1.0,0.97793156
LAPTM4A,1,1,1.0,0.9480967
LARP7,1,1,1.0,0.8507321
LBX2,1,1,1.0,0.971439
LCA5L,1,1,1.0,0.9910971
LCE1C,1,1,1.0,0.8801202
LCE1D,1,1,1.0,0.77264833
LCE2D,1,1,1.0,0.9912664
LCE3E,1,1,1.0,0.7608255
LCE4A,1,1,1.0,0.9456575
LCN15,1,1,1.0,0.9914431
LCN6,1,1,1.0,0.93227285
LCN8,1,1,1.0,0.9913043
LCORL,1,1,1.0,0.9841675
LDLRAD1,1,1,1.0,0.9910052
LEMD1,1,1,1.0,0.9914574
LGALS4,1,1,1.0,0.99145365
LGMN,1,1,1.0,0.97957295
LHX1,1,1,1.0,0.9915031
LHX2,1,1,1.0,0.9894163
LIM2,1,1,1.0,0.76081055
LIMD1,1,1,1.0,0.9609276
LINC00303,1,1,1.0,0.99148303
LINC02210-CRHR1,1,1,1.0,0.991379
LINS1,1,1,1.0,0.87945855
LIPH,1,1,1.0,0.990308
LIX1,1,1,1.0,0.9903358
LMBR1L,1,1,1.0,0.99049556
LMO1,1,1,1.0,0.97832674
LMO2,1,1,1.0,0.9909672
LMTK3,1,1,1.0,0.9483208
LNP1,1,1,1.0,0.99131036
LRMDA,1,1,1.0,0.98520607
LRP10,1,1,1.0,0.97034824
LRR1,1,1,1.0,0.9218747
LRRC10,1,1,1.0,0.9912128
LRRC20,1,1,1.0,0.9914135
LRRC27,1,1,1.0,0.98622847
LRRC28,1,1,1.0,0.84967005
LRRC4,1,1,1.0,0.9838987
LRRC42,1,1,1.0,0.99145573
LRRC47,1,1,1.0,0.9875014
LRRC59,1,1,1.0,0.98429984
LRRC61,1,1,1.0,0.99128765
LRRC8A,1,1,1.0,0.9871793
LRRFIP2,1,1,1.0,0.9915023
LRRN3,1,1,1.0,0.99126726
LSM14A,1,1,1.0,0.88417375
LSM14B,1,1,1.0,0.9914442
LSM2,1,1,1.0,0.9786185
LSM3,1,1,1.0,0.97832537
LTA,1,1,1.0,0.8241358
LTK,1,1,1.0,0.93081963
LTV1,1,1,1.0,0.99090916
LUC7L3,1,1,1.0,0.9795624
LURAP1L,1,1,1.0,0.99127835
LXN,1,1,1.0,0.99067897
LY6G5B,1,1,1.0,0.91054875
LYG1,1,1,1.0,0.9814107
LYNX1-SLURP2,1,1,1.0,0.98603106
LYPD3,1,1,1.0,0.9856808
LYPD5,1,1,1.0,0.9907863
LYZL4,1,1,1.0,0.9913867
LZTS3,1,1,1.0,0.9798151
MAD2L1,1,1,1.0,0.9703471
MAFF,1,1,1.0,0.94875664
MAGEL2,1,1,1.0,0.975201
MAGT1,1,1,1.0,0.9717605
MAIP1,1,1,1.0,0.9771523
MAJIN,1,1,1.0,0.9912294
MAK,1,1,1.0,0.9356081
MAK16,1,1,1.0,0.9095372
MAL,1,1,1.0,0.8690357
MALAT1,1,1,1.0,0.98155516
MAML3,1,1,1.0,0.98948634
MANBA,1,1,1.0,0.9509632
MANF,1,1,1.0,0.9765204
MAP3K7CL,1,1,1.0,0.97419083
MAP3K8,1,1,1.0,0.990244
MAPK14,1,1,1.0,0.9878114
MAPKAP1,1,1,1.0,0.9914352
MAPKAPK3,1,1,1.0,0.99140394
MARCHF11,1,1,1.0,0.92585784
MARCHF5,1,1,1.0,0.97276783
MARCHF7,1,1,1.0,0.8885155
MAT2B,1,1,1.0,0.95170707
MATN3,1,1,1.0,0.99148506
MAU2,1,1,1.0,0.99028647
MBD6,1,1,1.0,0.99057263
MBLAC2,1,1,1.0,0.99144065
MBOAT2,1,1,1.0,0.79892075
MC1R,1,1,1.0,0.99139214
MCCC2,1,1,1.0,0.9914028
MCEMP1,1,1,1.0,0.9311671
MCM10,1,1,1.0,0.9260765
MDFIC,1,1,1.0,0.9913196
MDH1,1,1,1.0,0.9703132
MED17,1,1,1.0,0.9383581
MED18,1,1,1.0,0.76860803
MED27,1,1,1.0,0.98542607
MED28,1,1,1.0,0.9772978
MED6,1,1,1.0,0.9892681
MEF2D,1,1,1.0,0.9913794
MEIS2,1,1,1.0,0.98961496
MEOX2,1,1,1.0,0.9914493
METAP1D,1,1,1.0,0.9808832
METTL18,1,1,1.0,0.9903978
METTL22,1,1,1.0,0.9773796
METTL25,1,1,1.0,0.9874178
METTL27,1,1,1.0,0.92858857
METTL2B,1,1,1.0,0.8357529
METTL3,1,1,1.0,0.9417921
METTL4,1,1,1.0,0.9912559
METTL9,1,1,1.0,0.9663902
MEX3A,1,1,1.0,0.98623264
MFAP5,1,1,1.0,0.98852146
MFSD14B,1,1,1.0,0.9480245
MFSD4A,1,1,1.0,0.85709244
MGAT5,1,1,1.0,0.9910868
MGST3,1,1,1.0,0.99062437
MICAL2,1,1,1.0,0.99138707
MIEF2,1,1,1.0,0.96728265
MIER2,1,1,1.0,0.99133575
MIGA2,1,1,1.0,0.8497968
MINDY1,1,1,1.0,0.9915023
MINDY2,1,1,1.0,0.94055134
MINDY3,1,1,1.0,0.8929927
MIPOL1,1,1,1.0,0.9655704
MIR1185-2,1,1,1.0,0.97035587
MIR133B,1,1,1.0,0.97277653
MIR147A,1,1,1.0,0.84055656
MIR30C2,1,1,1.0,0.8632273
MIR325,1,1,1.0,0.95218426
MIR371A,1,1,1.0,0.9799473
MIR411,1,1,1.0,0.8401591
MIR513B,1,1,1.0,0.9889157
MIR517A,1,1,1.0,0.99125177
MIR518C,1,1,1.0,0.98602504
MIR519C,1,1,1.0,0.9914914
MIR519D,1,1,1.0,0.991321
MIR525,1,1,1.0,0.9835581
MIR541,1,1,1.0,0.9667522
MIR543,1,1,1.0,0.98338944
MIR548I2,1,1,1.0,0.9864835
MIR550A2,1,1,1.0,0.99095905
MIR646,1,1,1.0,0.99133295
MIR654,1,1,1.0,0.97627604
MLN,1,1,1.0,0.9712504
MMP11,1,1,1.0,0.9902608
MOG,1,1,1.0,0.961647
MOGAT1,1,1,1.0,0.96933246
MOGAT2,1,1,1.0,0.9741915
MON1A,1,1,1.0,0.991443
MORF4L1,1,1,1.0,0.93306977
MOS,1,1,1.0,0.87265325
MPLKIP,1,1,1.0,0.9912776
MPP2,1,1,1.0,0.99150753
MPZL3,1,1,1.0,0.99076486
MRAP2,1,1,1.0,0.9832182
MRFAP1L1,1,1,1.0,0.9384315
MRM1,1,1,1.0,0.87455344
MRNIP,1,1,1.0,0.88341236
MROH1,1,1,1.0,0.99136883
MRPL14,1,1,1.0,0.9876951
MRPL19,1,1,1.0,0.9789373
MRPL20,1,1,1.0,0.9914471
MRPL3,1,1,1.0,0.9699532
MRPL35,1,1,1.0,0.9890082
MRPL55,1,1,1.0,0.838018
MRPL58,1,1,1.0,0.99144274
MRPS10,1,1,1.0,0.99126095
MRPS12,1,1,1.0,0.9913726
MRPS30,1,1,1.0,0.9816326
MSC,1,1,1.0,0.9914518
MSI1,1,1,1.0,0.9906475
MSI2,1,1,1.0,0.99142504
MSL1,1,1,1.0,0.8039061
MSRA,1,1,1.0,0.9913799
MST1,1,1,1.0,0.98793143
MSTN,1,1,1.0,0.9799345
MT1H,1,1,1.0,0.99149793
MTAP,1,1,1.0,0.96905553
MTFR1L,1,1,1.0,0.9701761
MTHFD1,1,1,1.0,0.87538564
MTHFSD,1,1,1.0,0.9876988
MTIF3,1,1,1.0,0.97769064
MTMR9,1,1,1.0,0.98494095
MTPAP,1,1,1.0,0.9538824
MTRES1,1,1,1.0,0.9914282
MTRF1L,1,1,1.0,0.99134505
MTX1,1,1,1.0,0.98077065
MUC21,1,1,1.0,0.9849679
MXD4,1,1,1.0,0.991306
MXI1,1,1,1.0,0.99040717
MXRA7,1,1,1.0,0.9912553
MYBPHL,1,1,1.0,0.99150014
MYD88,1,1,1.0,0.9914704
MYL10,1,1,1.0,0.99000764
MYL3,1,1,1.0,0.98098844
MYL5,1,1,1.0,0.99005437
MYL6B,1,1,1.0,0.9557271
MYNN,1,1,1.0,0.9913907
MYOT,1,1,1.0,0.98890746
MYOZ2,1,1,1.0,0.9114549
MZT2B,1,1,1.0,0.9912463
NAA10,1,1,1.0,0.99067897
NAA60,1,1,1.0,0.99042445
NACA2,1,1,1.0,0.95493585
NAGS,1,1,1.0,0.96199226
NAIF1,1,1,1.0,0.9913816
NAP1L5,1,1,1.0,0.81108856
NAPA,1,1,1.0,0.9776349
NAPB,1,1,1.0,0.96963567
NAPG,1,1,1.0,0.99148166
NARF,1,1,1.0,0.99135953
NASP,1,1,1.0,0.98733985
NAT1,1,1,1.0,0.9721667
NAT10,1,1,1.0,0.9705594
NAT8,1,1,1.0,0.83544636
NBPF7,1,1,1.0,0.99138486
NBPF9,1,1,1.0,0.9867639
NCAM2,1,1,1.0,0.99132967
NCBP1,1,1,1.0,0.9863063
NCOA4,1,1,1.0,0.96775645
NCR2,1,1,1.0,0.76640975
NDOR1,1,1,1.0,0.99083287
NDRG3,1,1,1.0,0.9914716
NDUFA5,1,1,1.0,0.9658102
NDUFA9,1,1,1.0,0.9628514
NDUFAF2,1,1,1.0,0.99073094
NDUFAF4,1,1,1.0,0.9568122
NDUFB6,1,1,1.0,0.9884979
NDUFS4,1,1,1.0,0.97666967
NEIL2,1,1,1.0,0.928012
NEK11,1,1,1.0,0.9914398
NEU3,1,1,1.0,0.9688014
NFYB,1,1,1.0,0.9691038
NGDN,1,1,1.0,0.8672933
NGEF,1,1,1.0,0.9751501
NHLRC3,1,1,1.0,0.93457294
NINJ2,1,1,1.0,0.94033027
NIP7,1,1,1.0,0.990092
NIPSNAP3A,1,1,1.0,0.9301009
NKG7,1,1,1.0,0.97196645
NKIRAS2,1,1,1.0,0.95054305
NLK,1,1,1.0,0.9779288
NME4,1,1,1.0,0.9687233
NME5,1,1,1.0,0.9914718
NMRAL1,1,1,1.0,0.9913756
NMRK1,1,1,1.0,0.9913754
NNMT,1,1,1.0,0.99063385
NNT,1,1,1.0,0.9707464
NOA1,1,1,1.0,0.9914511
NOL9,1,1,1.0,0.80486846
NOP58,1,1,1.0,0.93442
NOP9,1,1,1.0,0.9215583
NOTUM,1,1,1.0,0.99145365
NPIPA1,1,1,1.0,0.99128586
NPL,1,1,1.0,0.98015434
NPM1,1,1,1.0,0.8961653
NPY1R,1,1,1.0,0.97032183
NR0B1,1,1,1.0,0.86111146
NR1H2,1,1,1.0,0.9839257
NR1I2,1,1,1.0,0.9914552
NR3C1,1,1,1.0,0.9913741
NRBF2,1,1,1.0,0.97829026
NREP,1,1,1.0,0.93160766
NRG2,1,1,1.0,0.9868357
NRG4,1,1,1.0,0.9819713
NRN1L,1,1,1.0,0.81756836
NSDHL,1,1,1.0,0.9811125
NSG2,1,1,1.0,0.96291167
NSUN6,1,1,1.0,0.81504005
NT5C,1,1,1.0,0.99148047
NT5C3A,1,1,1.0,0.99011314
NT5DC3,1,1,1.0,0.752249
NT5E,1,1,1.0,0.99138486
NTAN1,1,1,1.0,0.870698
NTMT1,1,1,1.0,0.99139714
NTPCR,1,1,1.0,0.9910715
NUDCD3,1,1,1.0,0.9913175
NUDT1,1,1,1.0,0.98924154
NUDT13,1,1,1.0,0.9575792
NUDT16,1,1,1.0,0.9910924
NUDT2,1,1,1.0,0.765607
NUDT7,1,1,1.0,0.9767395
NUFIP2,1,1,1.0,0.988794
NUGGC,1,1,1.0,0.97904164
NUP37,1,1,1.0,0.98910904
NUTM2A,1,1,1.0,0.976704
NUTM2G,1,1,1.0,0.99109745
NXPE1,1,1,1.0,0.8920246
NYX,1,1,1.0,0.84444666
OAT,1,1,1.0,0.9826583
OAZ1,1,1,1.0,0.9566316
ODF3L2,1,1,1.0,0.97750455
OGFOD2,1,1,1.0,0.99137306
OLA1,1,1,1.0,0.9915023
OLFM2,1,1,1.0,0.8244071
OPALIN,1,1,1.0,0.97948325
OPN3,1,1,1.0,0.96308994
OPTC,1,1,1.0,0.9913532
OR10G7,1,1,1.0,0.9856192
OR10J1,1,1,1.0,0.9871796
OR10T2,1,1,1.0,0.97165537
OR13C4,1,1,1.0,0.99144405
OR13C5,1,1,1.0,0.97782224
OR13J1,1,1,1.0,0.9041876
OR1A2,1,1,1.0,0.99138707
OR1J2,1,1,1.0,0.9913613
OR1K1,1,1,1.0,0.9913489
OR2A4,1,1,1.0,0.94124943
OR2A5,1,1,1.0,0.99093515
OR2AE1,1,1,1.0,0.99122953
OR2G3,1,1,1.0,0.9914307
OR2U1P,1,1,1.0,0.9914786
OR2W1,1,1,1.0,0.9913487
OR3A1,1,1,1.0,0.99126726
OR4A16,1,1,1.0,0.9913769
OR4F15,1,1,1.0,0.9763471
OR4F17,1,1,1.0,0.9605822
OR4F4,1,1,1.0,0.9913617
OR51B2,1,1,1.0,0.98209065
OR51V1,1,1,1.0,0.9371379
OR52A4P,1,1,1.0,0.97031677
OR52B4,1,1,1.0,0.95463675
OR52I1,1,1,1.0,0.9070597
OR52N2,1,1,1.0,0.9176986
OR56B4,1,1,1.0,0.941421
OR5A2,1,1,1.0,0.9868929
OR5AP2,1,1,1.0,0.9908619
OR5B2,1,1,1.0,0.97597337
OR5B21,1,1,1.0,0.9913258
OR5H15,1,1,1.0,0.9914181
OR5V1,1,1,1.0,0.94135803
OR6C2,1,1,1.0,0.9580917
OR6C74,1,1,1.0,0.9155937
OR6X1,1,1,1.0,0.969963
OR8B12,1,1,1.0,0.9912621
ORAI2,1,1,1.0,0.9658978
ORMDL2,1,1,1.0,0.98734134
ORMDL3,1,1,1.0,0.99128175
OS9,1,1,1.0,0.8376438
OSBPL2,1,1,1.0,0.83639085
OSBPL5,1,1,1.0,0.9670027
OSBPL7,1,1,1.0,0.97832537
OSBPL9,1,1,1.0,0.9397133
OSGIN1,1,1,1.0,0.99083203
OTUD3,1,1,1.0,0.8365717
OTUD7A,1,1,1.0,0.8855267
OXCT2,1,1,1.0,0.92384785
OXNAD1,1,1,1.0,0.9741182
P2RX6,1,1,1.0,0.9658703
PABPC5,1,1,1.0,0.9045181
PABPN1,1,1,1.0,0.84050477
PAGE1,1,1,1.0,0.9860218
PAIP2B,1,1,1.0,0.9745885
PAK1IP1,1,1,1.0,0.9616928
PALMD,1,1,1.0,0.9229665
PANK2,1,1,1.0,0.8701816
PAPSS2,1,1,1.0,0.99134916
PAQR7,1,1,1.0,0.9832517
PARK7,1,1,1.0,0.96965283
PARN,1,1,1.0,0.8540938
PARP10,1,1,1.0,0.96394277
PATE1,1,1,1.0,0.9785427
PATE2,1,1,1.0,0.9865377
PAX6,1,1,1.0,0.9321358
PCBP1,1,1,1.0,0.9914927
PCBP3,1,1,1.0,0.99149525
PCDH8,1,1,1.0,0.90471894
PCDHAC2,1,1,1.0,0.95099187
PCDHGC5,1,1,1.0,0.9914328
PCMT1,1,1,1.0,0.9849948
PCNP,1,1,1.0,0.99024934
PCSK4,1,1,1.0,0.98427063
PCSK7,1,1,1.0,0.93461293
PDC,1,1,1.0,0.9914792
PDCD10,1,1,1.0,0.9114699
PDCD6IP,1,1,1.0,0.9605312
PDE6D,1,1,1.0,0.9842614
PDE7B,1,1,1.0,0.9734851
PDIA6,1,1,1.0,0.9786402
PDK1,1,1,1.0,0.9667045
PDK2,1,1,1.0,0.9878686
PDK4,1,1,1.0,0.9910902
PDXK,1,1,1.0,0.99124897
PDZK1,1,1,1.0,0.8620087
PEMT,1,1,1.0,0.99126107
PENK,1,1,1.0,0.94760126
PEX13,1,1,1.0,0.99143654
PEX16,1,1,1.0,0.99127805
PFKFB2,1,1,1.0,0.99080884
PFKFB3,1,1,1.0,0.9789322
PGAM4,1,1,1.0,0.979882
PGC,1,1,1.0,0.97349995
PGLYRP3,1,1,1.0,0.99140465
PGP,1,1,1.0,0.9870946
PHF19,1,1,1.0,0.9646642
PHF6,1,1,1.0,0.9812362
PHKG2,1,1,1.0,0.87717897
PHLDA2,1,1,1.0,0.9116423
PHLDB3,1,1,1.0,0.97805697
PHOX2A,1,1,1.0,0.991247
PHYHIPL,1,1,1.0,0.9909504
PHYKPL,1,1,1.0,0.99143374
PI15,1,1,1.0,0.8298342
PI16,1,1,1.0,0.9331105
PI3,1,1,1.0,0.9589459
PIGA,1,1,1.0,0.9884842
PIGM,1,1,1.0,0.9913435
PIGY,1,1,1.0,0.99140394
PILRB,1,1,1.0,0.98734415
PIM1,1,1,1.0,0.9908482
PIP,1,1,1.0,0.9399488
PIP4P2,1,1,1.0,0.99139833
PIP5KL1,1,1,1.0,0.9799486
PIRT,1,1,1.0,0.7549676
PITHD1,1,1,1.0,0.973435
PITRM1,1,1,1.0,0.9860103
PLA2G4C,1,1,1.0,0.89824754
PLA2G4E,1,1,1.0,0.9669953
PLA2G4F,1,1,1.0,0.90316004
PLA2G6,1,1,1.0,0.96277595
PLAAT1,1,1,1.0,0.8709104
PLAAT2,1,1,1.0,0.98784316
PLAC8,1,1,1.0,0.98360115
PLAG1,1,1,1.0,0.9542985
PLAT,1,1,1.0,0.9912593
PLAUR,1,1,1.0,0.8862942
PLD5,1,1,1.0,0.9776904
PLEK2,1,1,1.0,0.95954907
PLEKHA4,1,1,1.0,0.97731906
PLEKHN1,1,1,1.0,0.99146044
PLOD3,1,1,1.0,0.9902955
PLP2,1,1,1.0,0.9557961
PLPP1,1,1,1.0,0.99126107
PLPP6,1,1,1.0,0.9844332
PLPPR4,1,1,1.0,0.98862606
PLS3,1,1,1.0,0.9541875
PLSCR4,1,1,1.0,0.94564223
PMEPA1,1,1,1.0,0.991434
PNMA1,1,1,1.0,0.94409883
PNMA8B,1,1,1.0,0.97777325
PNO1,1,1,1.0,0.7536103
PNPLA3,1,1,1.0,0.98351604
PNPLA4,1,1,1.0,0.78812784
PNPT1,1,1,1.0,0.90465784
POGLUT2,1,1,1.0,0.9892664
POLDIP2,1,1,1.0,0.7606776
POLH,1,1,1.0,0.96685547
POLR1G,1,1,1.0,0.9909314
POLR1H,1,1,1.0,0.9880883
POLR3GL,1,1,1.0,0.99150544
POMGNT1,1,1,1.0,0.9800649
POMP,1,1,1.0,0.97886616
POMT2,1,1,1.0,0.9232874
POP4,1,1,1.0,0.9618691
POP7,1,1,1.0,0.900185
POU4F3,1,1,1.0,0.9913874
PPA1,1,1,1.0,0.99150324
PPARD,1,1,1.0,0.9660583
PPARG,1,1,1.0,0.9804432
PPIL1,1,1,1.0,0.98981434
PPIL4,1,1,1.0,0.93068117
PPM1B,1,1,1.0,0.97358197
PPM1G,1,1,1.0,0.9699451
PPOX,1,1,1.0,0.8933898
PPP1CB,1,1,1.0,0.99149406
PPP1R11,1,1,1.0,0.8129247
PPP1R15B,1,1,1.0,0.9914152
PPP1R16A,1,1,1.0,0.9914888
PPP1R3D,1,1,1.0,0.9866996
PPP1R42,1,1,1.0,0.991409
PPP2CB,1,1,1.0,0.9913065
PPP2R5A,1,1,1.0,0.85213804
PPP3CA,1,1,1.0,0.95799595
PPP3CB,1,1,1.0,0.8418253
PPP6C,1,1,1.0,0.8026214
PPP6R2,1,1,1.0,0.97312474
PRADC1,1,1,1.0,0.9403372
PRAMEF17,1,1,1.0,0.9553919
PRAMEF18,1,1,1.0,0.99126923
PRAMEF5,1,1,1.0,0.9914386
PRAMEF6,1,1,1.0,0.99134254
PRB2,1,1,1.0,0.8990887
PRC1,1,1,1.0,0.9881599
PRDM12,1,1,1.0,0.9850036
PRDM8,1,1,1.0,0.90098196
PRDX2,1,1,1.0,0.95863175
PRELID2,1,1,1.0,0.9913306
PRELID3A,1,1,1.0,0.9914493
PRELP,1,1,1.0,0.89221686
PRH2,1,1,1.0,0.9701826
PRKAA1,1,1,1.0,0.9220312
PRKAB2,1,1,1.0,0.9655303
PRKCSH,1,1,1.0,0.93849
PRKRIP1,1,1,1.0,0.9903989
PRKX,1,1,1.0,0.85329765
PRMT1,1,1,1.0,0.9480424
PROCA1,1,1,1.0,0.9882399
PROZ,1,1,1.0,0.9866317
PRPF4B,1,1,1.0,0.9898089
PRR35,1,1,1.0,0.9814182
PRRX2,1,1,1.0,0.84360915
PRSS38,1,1,1.0,0.88320416
PRSS45P,1,1,1.0,0.99138355
PRSS53,1,1,1.0,0.9662307
PRTFDC1,1,1,1.0,0.92793
PRUNE1,1,1,1.0,0.9913366
PRXL2A,1,1,1.0,0.991377
PRXL2B,1,1,1.0,0.97915053
PSAP,1,1,1.0,0.9847478
PSAPL1,1,1,1.0,0.9624037
PSG2,1,1,1.0,0.982477
PSMA5,1,1,1.0,0.99034727
PSMB1,1,1,1.0,0.8852133
PSMB2,1,1,1.0,0.86656773
PSMB7,1,1,1.0,0.93005407
PSMB8,1,1,1.0,0.9908048
PSMC3,1,1,1.0,0.9391544
PSMD11,1,1,1.0,0.9907828
PSORS1C1,1,1,1.0,0.94197375
PTAR1,1,1,1.0,0.9914908
PTBP1,1,1,1.0,0.95256364
PTBP2,1,1,1.0,0.99150556
PTCHD1,1,1,1.0,0.8484505
PTDSS1,1,1,1.0,0.9008944
PTGDR,1,1,1.0,0.9873869
PTGES3L-AARSD1,1,1,1.0,0.991417
PTGR1,1,1,1.0,0.98831964
PTPN2,1,1,1.0,0.83277506
PTPN5,1,1,1.0,0.8677199
PTRH2,1,1,1.0,0.989537
PUM3,1,1,1.0,0.99145573
PURA,1,1,1.0,0.99129105
PUS7L,1,1,1.0,0.98833907
PXMP4,1,1,1.0,0.9914586
PYCR2,1,1,1.0,0.9066498
PYM1,1,1,1.0,0.9001154
QPCTL,1,1,1.0,0.99136883
QRICH1,1,1,1.0,0.9912833
RAB11A,1,1,1.0,0.8362478
RAB11FIP2,1,1,1.0,0.99144685
RAB15,1,1,1.0,0.99149114
RAB17,1,1,1.0,0.93769896
RAB27B,1,1,1.0,0.9784273
RAB28,1,1,1.0,0.98743325
RAB38,1,1,1.0,0.968329
RAB43,1,1,1.0,0.9912573
RAB8B,1,1,1.0,0.87020355
RAB9B,1,1,1.0,0.89450014
RABEPK,1,1,1.0,0.9913829
RABGAP1L,1,1,1.0,0.99126863
RABL6,1,1,1.0,0.9906448
RAC2,1,1,1.0,0.99135935
RAC3,1,1,1.0,0.87210035
RAD1,1,1,1.0,0.9913846
RAD51D,1,1,1.0,0.99138945
RAD52,1,1,1.0,0.9914023
RAD9A,1,1,1.0,0.7549838
RALA,1,1,1.0,0.99139565
RANBP2,1,1,1.0,0.98628855
RANBP3L,1,1,1.0,0.99139893
RAP1GAP2,1,1,1.0,0.9869801
RARA,1,1,1.0,0.9914528
RARB,1,1,1.0,0.9223409
RARRES1,1,1,1.0,0.991424
RASA2,1,1,1.0,0.991359
RASGEF1A,1,1,1.0,0.9912838
RBBP4,1,1,1.0,0.7752249
RBBP7,1,1,1.0,0.9723361
RBFOX2,1,1,1.0,0.99129194
RBM11,1,1,1.0,0.9744916
RBM17,1,1,1.0,0.99150205
RBM24,1,1,1.0,0.911578
RBM3,1,1,1.0,0.9896756
RBM34,1,1,1.0,0.8001895
RBM38,1,1,1.0,0.9905862
RBM4B,1,1,1.0,0.99143183
RBM5,1,1,1.0,0.9914233
RBMS2,1,1,1.0,0.965229
RBMX,1,1,1.0,0.9738261
RBMX2,1,1,1.0,0.9912935
RBP1,1,1,1.0,0.9830209
RBP4,1,1,1.0,0.98636067
RCC1,1,1,1.0,0.9913049
RCC1L,1,1,1.0,0.96337265
RCE1,1,1,1.0,0.9881363
RCOR1,1,1,1.0,0.9749051
RCOR3,1,1,1.0,0.99140406
RCVRN,1,1,1.0,0.9860286
RDH10,1,1,1.0,0.99139345
RDM1,1,1,1.0,0.91182375
REEP6,1,1,1.0,0.9913482
RELL1,1,1,1.0,0.9894554
RELL2,1,1,1.0,0.9417701
REM2,1,1,1.0,0.98823243
REP15,1,1,1.0,0.9815352
REPS1,1,1,1.0,0.91699624
RER1,1,1,1.0,0.9914027
RETN,1,1,1.0,0.94509995
RETREG3,1,1,1.0,0.8978242
REXO4,1,1,1.0,0.9913243
REXO5,1,1,1.0,0.99150765
RFFL,1,1,1.0,0.9854395
RFK,1,1,1.0,0.9837599
RFX5,1,1,1.0,0.9887553
RFXANK,1,1,1.0,0.99125963
RGPD2,1,1,1.0,0.9909883
RGS5,1,1,1.0,0.991454
RGS8,1,1,1.0,0.99118817
RHBDL2,1,1,1.0,0.9910992
RHEB,1,1,1.0,0.9894484
RHEX,1,1,1.0,0.9912951
RHOA,1,1,1.0,0.81794834
RHOF,1,1,1.0,0.99060947
RHOG,1,1,1.0,0.98348904
RHOXF2,1,1,1.0,0.80085164
RILPL1,1,1,1.0,0.9828766
RILPL2,1,1,1.0,0.93532395
RIMKLA,1,1,1.0,0.973962
RIMKLB,1,1,1.0,0.97789246
RIMS3,1,1,1.0,0.9529933
RIPPLY2,1,1,1.0,0.9874648
RIT1,1,1,1.0,0.87224203
RLN2,1,1,1.0,0.955635
RMND5B,1,1,1.0,0.9517959
RN7SL176P,1,1,1.0,0.96455437
RNASE12,1,1,1.0,0.95192623
RNASE13,1,1,1.0,0.82239467
RNASE2,1,1,1.0,0.9800981
RNASE3,1,1,1.0,0.97585005
RNASEH1,1,1,1.0,0.93363065
RNF103,1,1,1.0,0.9908958
RNF113A,1,1,1.0,0.9504862
RNF13,1,1,1.0,0.9914323
RNF139,1,1,1.0,0.79492044
RNF165,1,1,1.0,0.9871804
RNF166,1,1,1.0,0.9894108
RNF167,1,1,1.0,0.99128646
RNF185,1,1,1.0,0.99141324
RNF2,1,1,1.0,0.99148905
RNF212,1,1,1.0,0.98424006
RNF38,1,1,1.0,0.98989725
RNF41,1,1,1.0,0.978885
RNF8,1,1,1.0,0.94881743
ROPN1B,1,1,1.0,0.9892315
ROPN1L,1,1,1.0,0.9252498
RPF2,1,1,1.0,0.9774523
RPL11,1,1,1.0,0.9915127
RPL19,1,1,1.0,0.99145824
RPL22,1,1,1.0,0.849197
RPL26L1,1,1,1.0,0.8316603
RPL35A,1,1,1.0,0.99129534
RPL36AL,1,1,1.0,0.97450906
RPL6,1,1,1.0,0.82624006
RPN1,1,1,1.0,0.80581933
RPS11,1,1,1.0,0.9892903
RPS21,1,1,1.0,0.9749237
RPS26,1,1,1.0,0.9914724
RPS26P15,1,1,1.0,0.9842832
RPS4X,1,1,1.0,0.96944034
RPS6KA4,1,1,1.0,0.97187006
RPS6KA6,1,1,1.0,0.8469919
RPSA,1,1,1.0,0.95895964
RRM2B,1,1,1.0,0.87455887
RRP1,1,1,1.0,0.9815856
RRP15,1,1,1.0,0.99137163
RRP9,1,1,1.0,0.9881874
RSAD2,1,1,1.0,0.9750049
RSBN1L,1,1,1.0,0.9913728
RSKR,1,1,1.0,0.89013016
RSPH1,1,1,1.0,0.9883498
RSPH9,1,1,1.0,0.99013036
RSRC1,1,1,1.0,0.99144334
RTCB,1,1,1.0,0.82109857
RTL8A,1,1,1.0,0.96630335
RTN4R,1,1,1.0,0.9914688
S100A10,1,1,1.0,0.9914471
S100A2,1,1,1.0,0.9892278
S100A3,1,1,1.0,0.9913741
S100B,1,1,1.0,0.99144065
S1PR1,1,1,1.0,0.991456
SAA2,1,1,1.0,0.991435
SACM1L,1,1,1.0,0.93675256
SAE1,1,1,1.0,0.97505194
SAMD1,1,1,1.0,0.9915051
SAMD15,1,1,1.0,0.9871934
SAP30,1,1,1.0,0.77222544
SAP30BP,1,1,1.0,0.9914893
SART1,1,1,1.0,0.99150836
SAT1,1,1,1.0,0.96093667
SATB2,1,1,1.0,0.93981266
SCAMP2,1,1,1.0,0.9355879
SCARB2,1,1,1.0,0.9833852
SCARF1,1,1,1.0,0.8168649
SCGN,1,1,1.0,0.99145013
SCML4,1,1,1.0,0.9639386
SCN4B,1,1,1.0,0.9774573
SCO1,1,1,1.0,0.99132186
SCOC,1,1,1.0,0.9912812
SCRG1,1,1,1.0,0.9839399
SCRN3,1,1,1.0,0.98074913
SCUBE2,1,1,1.0,0.9913017
SDCBP2,1,1,1.0,0.7951136
SDHAF2,1,1,1.0,0.99145436
SDR39U1,1,1,1.0,0.98225087
SDSL,1,1,1.0,0.988958
SEBOX,1,1,1.0,0.9911457
SEC14L2,1,1,1.0,0.9799755
SEH1L,1,1,1.0,0.9847912
SELENBP1,1,1,1.0,0.98479617
SELENOF,1,1,1.0,0.9630765
SELENOM,1,1,1.0,0.9884753
SEM1,1,1,1.0,0.8275021
SEMA3B,1,1,1.0,0.89732414
SEMA4A,1,1,1.0,0.8247533
SEMA4D,1,1,1.0,0.9899249
SEPTIN6,1,1,1.0,0.9864439
SERBP1,1,1,1.0,0.9913526
SERHL,1,1,1.0,0.9914792
SERINC3,1,1,1.0,0.9846468
SERPINB13,1,1,1.0,0.82666975
SETD4,1,1,1.0,0.9914752
SETD9,1,1,1.0,0.99150157
SF3B3,1,1,1.0,0.9730769
SF3B4,1,1,1.0,0.9894085
SFRP5,1,1,1.0,0.9908999
SFSWAP,1,1,1.0,0.9897222
SFXN2,1,1,1.0,0.97878265
SFXN4,1,1,1.0,0.9696371
SGO1,1,1,1.0,0.991479
SGTA,1,1,1.0,0.99071807
SGTB,1,1,1.0,0.7894257
SH2B3,1,1,1.0,0.7694319
SH2D2A,1,1,1.0,0.991441
SH3GLB1,1,1,1.0,0.99060166
SH3GLB2,1,1,1.0,0.9903578
SHBG,1,1,1.0,0.9914051
SHC3,1,1,1.0,0.8232611
SHISA3,1,1,1.0,0.99009013
SHOC2,1,1,1.0,0.987884
SHROOM1,1,1,1.0,0.96007717
SIDT2,1,1,1.0,0.939883
SIGIRR,1,1,1.0,0.9914928
SIKE1,1,1,1.0,0.9912288
SINHCAF,1,1,1.0,0.991286
SIRPB2,1,1,1.0,0.9793361
SIX2,1,1,1.0,0.8224416
SIX6,1,1,1.0,0.98972917
SLAMF9,1,1,1.0,0.99148834
SLC10A3,1,1,1.0,0.91796255
SLC11A2,1,1,1.0,0.95885694
SLC15A3,1,1,1.0,0.8747568
SLC16A13,1,1,1.0,0.884196
SLC16A14,1,1,1.0,0.9645368
SLC16A3,1,1,1.0,0.99129736
SLC22A12,1,1,1.0,0.80817556
SLC22A6,1,1,1.0,0.91158265
SLC25A21,1,1,1.0,0.949673
SLC25A24,1,1,1.0,0.99139214
SLC25A25,1,1,1.0,0.9914745
SLC25A27,1,1,1.0,0.97601366
SLC25A28,1,1,1.0,0.99146944
SLC25A44,1,1,1.0,0.9898901
SLC25A45,1,1,1.0,0.98397577
SLC25A47,1,1,1.0,0.9716181
SLC2A10,1,1,1.0,0.99148023
SLC30A2,1,1,1.0,0.9734838
SLC30A5,1,1,1.0,0.964645
SLC31A1,1,1,1.0,0.9914581
SLC34A2,1,1,1.0,0.8669161
SLC35A1,1,1,1.0,0.96996415
SLC35A3,1,1,1.0,0.99049145
SLC35A4,1,1,1.0,0.7954855
SLC35A5,1,1,1.0,0.99137914
SLC35D1,1,1,1.0,0.99141055
SLC35D2,1,1,1.0,0.9818236
SLC35E1,1,1,1.0,0.9914381
SLC35E4,1,1,1.0,0.9635195
SLC35G1,1,1,1.0,0.99127287
SLC37A2,1,1,1.0,0.99139625
SLC38A2,1,1,1.0,0.98717904
SLC38A9,1,1,1.0,0.99106663
SLC39A1,1,1,1.0,0.9505417
SLC39A11,1,1,1.0,0.97210693
SLC39A13,1,1,1.0,0.9352774
SLC39A14,1,1,1.0,0.970709
SLC39A5,1,1,1.0,0.9546651
SLC3A2,1,1,1.0,0.98603106
SLC40A1,1,1,1.0,0.97276545
SLC41A2,1,1,1.0,0.9711112
SLC48A1,1,1,1.0,0.98142034
SLC4A1AP,1,1,1.0,0.99036914
SLC51A,1,1,1.0,0.9914961
SLC51B,1,1,1.0,0.9831845
SLC52A1,1,1,1.0,0.9914042
SLC66A3,1,1,1.0,0.9913532
SLC6A2,1,1,1.0,0.99144685
SLC6A9,1,1,1.0,0.93623286
SLC7A4,1,1,1.0,0.9913986
SLC7A6,1,1,1.0,0.9913145
SLC9A3R1,1,1,1.0,0.94565654
SLC9A7,1,1,1.0,0.9713246
SLC9A9,1,1,1.0,0.9914027
SLF1,1,1,1.0,0.97857624
SLFN12,1,1,1.0,0.98949033
SLN,1,1,1.0,0.9908013
SLURP1,1,1,1.0,0.99147147
SMAD2,1,1,1.0,0.9800868
SMAD9,1,1,1.0,0.98941046
SMAGP,1,1,1.0,0.9833884
SMAP1,1,1,1.0,0.9891784
SMARCD3,1,1,1.0,0.97986275
SMCP,1,1,1.0,0.99145156
SMDT1,1,1,1.0,0.84977835
SMIM14,1,1,1.0,0.96304893
SMO,1,1,1.0,0.9914172
SMS,1,1,1.0,0.9665619
SMYD1,1,1,1.0,0.9472476
SNAI1,1,1,1.0,0.9915154
SNN,1,1,1.0,0.9912838
SNORA26,1,1,1.0,0.99148494
SNORA71E,1,1,1.0,0.99133646
SNORD114-15,1,1,1.0,0.9823156
SNORD114-23,1,1,1.0,0.9789042
SNORD115-10,1,1,1.0,0.98848736
SNORD115-31,1,1,1.0,0.9901202
SNORD115-33,1,1,1.0,0.8860563
SNORD115-7,1,1,1.0,0.9882554
SNORD116-12,1,1,1.0,0.97500867
SNORD116-17,1,1,1.0,0.99143
SNORD116-20,1,1,1.0,0.7695763
SNRNP40,1,1,1.0,0.991482
SNRPN,1,1,1.0,0.97965103
SNUPN,1,1,1.0,0.93657804
SNW1,1,1,1.0,0.9725594
SNX15,1,1,1.0,0.9913976
SNX2,1,1,1.0,0.97198594
SNX21,1,1,1.0,0.94776034
SNX31,1,1,1.0,0.99147403
SNX5,1,1,1.0,0.97723526
SOBP,1,1,1.0,0.9832118
SOD2,1,1,1.0,0.98517966
SOST,1,1,1.0,0.99113363
SOSTDC1,1,1,1.0,0.9914569
SP7,1,1,1.0,0.9788952
SPACA5B,1,1,1.0,0.9910942
SPAG16,1,1,1.0,0.84451985
SPAG7,1,1,1.0,0.8130647
SPANXN5,1,1,1.0,0.9228002
SPATA13,1,1,1.0,0.97355956
SPATA21,1,1,1.0,0.9280231
SPATA25,1,1,1.0,0.9915177
SPATA6,1,1,1.0,0.98205525
SPC25,1,1,1.0,0.96772534
SPESP1,1,1,1.0,0.9912491
SPIB,1,1,1.0,0.98389685
SPINK2,1,1,1.0,0.99144965
SPINK4,1,1,1.0,0.99064505
SPINT4,1,1,1.0,0.99125224
SPN,1,1,1.0,0.98327684
SPOCK2,1,1,1.0,0.85780585
SPPL2A,1,1,1.0,0.9804819
SPRED2,1,1,1.0,0.9754302
SPRR1B,1,1,1.0,0.9752941
SPRR2A,1,1,1.0,0.9913276
SPRR2F,1,1,1.0,0.99137163
SPRR4,1,1,1.0,0.97698945
SPRY1,1,1,1.0,0.98540133
SPRYD3,1,1,1.0,0.9883211
SPTLC2,1,1,1.0,0.92350584
SQLE,1,1,1.0,0.9886727
SRD5A1,1,1,1.0,0.99065745
SREK1IP1,1,1,1.0,0.9913175
SRF,1,1,1.0,0.9755726
SRGN,1,1,1.0,0.9913722
SRRD,1,1,1.0,0.952514
SRSF2,1,1,1.0,0.91466236
SRSF3,1,1,1.0,0.97386044
SRSF6,1,1,1.0,0.972082
SRSF7,1,1,1.0,0.99147415
SSBP3,1,1,1.0,0.9914418
SSMEM1,1,1,1.0,0.9772404
SSX2IP,1,1,1.0,0.99127674
SSX4,1,1,1.0,0.99086916
SSX7,1,1,1.0,0.8462364
ST3GAL2,1,1,1.0,0.95572865
ST6GALNAC4,1,1,1.0,0.98983616
ST6GALNAC5,1,1,1.0,0.96280855
ST6GALNAC6,1,1,1.0,0.9915114
ST8SIA1,1,1,1.0,0.99132794
STAMBP,1,1,1.0,0.8996346
STARD7,1,1,1.0,0.9071606
STARD7-AS1,1,1,1.0,0.99133235
STAT5B,1,1,1.0,0.9874412
STC2,1,1,1.0,0.85715276
STEAP4,1,1,1.0,0.98259693
STIM2,1,1,1.0,0.98601705
STING1,1,1,1.0,0.9912689
STK33,1,1,1.0,0.97649115
STK38L,1,1,1.0,0.9860218
STK4,1,1,1.0,0.9913538
STOM,1,1,1.0,0.87598944
STOML2,1,1,1.0,0.9727763
STPG2,1,1,1.0,0.96994364
STRA8,1,1,1.0,0.9913591
STRN,1,1,1.0,0.9742133
STT3A,1,1,1.0,0.9910862
STUB1,1,1,1.0,0.9896744
STX19,1,1,1.0,0.97687745
STX5,1,1,1.0,0.9914581
STXBP3,1,1,1.0,0.9860174
STXBP4,1,1,1.0,0.9898582
STYXL1,1,1,1.0,0.85702455
SUDS3,1,1,1.0,0.99131924
SULT1A2,1,1,1.0,0.98969007
SUMF2,1,1,1.0,0.98448884
SUMO1,1,1,1.0,0.99124885
SUN5,1,1,1.0,0.99134856
SUPT20HL2,1,1,1.0,0.9796427
SUPT4H1,1,1,1.0,0.99137855
SURF1,1,1,1.0,0.9729551
SUSD3,1,1,1.0,0.9727898
SWI5,1,1,1.0,0.99133486
SYNCRIP,1,1,1.0,0.97479546
SYNGR3,1,1,1.0,0.94378877
SYNPO2L,1,1,1.0,0.98663414
SYT15,1,1,1.0,0.97127265
SYT5,1,1,1.0,0.9915097
TAAR2,1,1,1.0,0.9830336
TAAR5,1,1,1.0,0.9835512
TAAR6,1,1,1.0,0.99140465
TAB1,1,1,1.0,0.9913564
TAC1,1,1,1.0,0.9895253
TACR1,1,1,1.0,0.94376194
TAF11,1,1,1.0,0.9914274
TAF12,1,1,1.0,0.980525
TAF13,1,1,1.0,0.99140716
TAF5,1,1,1.0,0.9727621
TAF8,1,1,1.0,0.98226947
TAF9B,1,1,1.0,0.99142027
TAGLN3,1,1,1.0,0.99151015
TAMM41,1,1,1.0,0.9727958
TANGO2,1,1,1.0,0.99132794
TAS2R19,1,1,1.0,0.9912649
TAS2R3,1,1,1.0,0.99143195
TAS2R30,1,1,1.0,0.97733647
TAS2R31,1,1,1.0,0.98161733
TAS2R40,1,1,1.0,0.96393037
TAS2R50,1,1,1.0,0.7660964
TAS2R8,1,1,1.0,0.9914656
TATDN2,1,1,1.0,0.99127847
TBC1D10C,1,1,1.0,0.93082654
TBC1D14,1,1,1.0,0.9885749
TBC1D23,1,1,1.0,0.9913538
TBCCD1,1,1,1.0,0.98918694
TBK1,1,1,1.0,0.8839791
TBL1XR1,1,1,1.0,0.99097836
TBRG1,1,1,1.0,0.9914751
TBX15,1,1,1.0,0.9906977
TC2N,1,1,1.0,0.87224686
TCEAL1,1,1,1.0,0.991088
TCEAL4,1,1,1.0,0.9593108
TCEANC,1,1,1.0,0.98982847
TCERG1L,1,1,1.0,0.8157128
TCOF1,1,1,1.0,0.9866419
TCP1,1,1,1.0,0.98678696
TCP10L3,1,1,1.0,0.9614989
TCTE3,1,1,1.0,0.9909897
TCTN3,1,1,1.0,0.9337327
TEDDM1,1,1,1.0,0.97899365
TEX19,1,1,1.0,0.9910936
TEX43,1,1,1.0,0.80785537
TEX47,1,1,1.0,0.8871255
TFAP2C,1,1,1.0,0.9257717
TFAP2E,1,1,1.0,0.99100316
TFAP4,1,1,1.0,0.99130285
TFEB,1,1,1.0,0.9860303
TFIP11,1,1,1.0,0.9905866
TFPT,1,1,1.0,0.96935946
TFRC,1,1,1.0,0.99132526
TGFBI,1,1,1.0,0.9116076
THOC6,1,1,1.0,0.9912009
THSD1,1,1,1.0,0.9822213
THUMPD3,1,1,1.0,0.94504726
TIA1,1,1,1.0,0.98709977
TIAL1,1,1,1.0,0.92323434
TIFAB,1,1,1.0,0.99135536
TIGD7,1,1,1.0,0.99150324
TIGIT,1,1,1.0,0.99136096
TIMM17B,1,1,1.0,0.97469145
TIMM21,1,1,1.0,0.93493825
TK1,1,1,1.0,0.9727941
TLE6,1,1,1.0,0.98338944
TLK1,1,1,1.0,0.9797575
TM2D2,1,1,1.0,0.9914738
TM6SF2,1,1,1.0,0.9899781
TM9SF3,1,1,1.0,0.9533598
TMA16,1,1,1.0,0.9009025
TMC8,1,1,1.0,0.9860318
TMCC1,1,1,1.0,0.9911266
TMED1,1,1,1.0,0.9911917
TMED3,1,1,1.0,0.9912636
TMED4,1,1,1.0,0.99133646
TMEM100,1,1,1.0,0.9913129
TMEM101,1,1,1.0,0.9901771
TMEM106C,1,1,1.0,0.9913015
TMEM120A,1,1,1.0,0.99097544
TMEM121B,1,1,1.0,0.9866963
TMEM123,1,1,1.0,0.99151164
TMEM126B,1,1,1.0,0.9913624
TMEM134,1,1,1.0,0.9914972
TMEM143,1,1,1.0,0.9912526
TMEM154,1,1,1.0,0.91150254
TMEM164,1,1,1.0,0.819907
TMEM168,1,1,1.0,0.9166975
TMEM17,1,1,1.0,0.9467472
TMEM174,1,1,1.0,0.7565101
TMEM184B,1,1,1.0,0.9495816
TMEM184C,1,1,1.0,0.969637
TMEM185A,1,1,1.0,0.7980234
TMEM186,1,1,1.0,0.99148655
TMEM187,1,1,1.0,0.9072718
TMEM190,1,1,1.0,0.9912683
TMEM213,1,1,1.0,0.9084254
TMEM216,1,1,1.0,0.9914818
TMEM229B,1,1,1.0,0.9657111
TMEM248,1,1,1.0,0.9903916
TMEM268,1,1,1.0,0.9550441
TMEM273,1,1,1.0,0.9912935
TMEM35A,1,1,1.0,0.9626091
TMEM39B,1,1,1.0,0.99024326
TMEM50B,1,1,1.0,0.97969306
TMEM52,1,1,1.0,0.9894019
TMEM52B,1,1,1.0,0.9905945
TMEM64,1,1,1.0,0.85701215
TMEM68,1,1,1.0,0.98602194
TMEM69,1,1,1.0,0.98755395
TMEM71,1,1,1.0,0.9915073
TMEM74B,1,1,1.0,0.98036534
TMEM87B,1,1,1.0,0.984318
TMEM8B,1,1,1.0,0.991063
TMEM92,1,1,1.0,0.99089164
TMEM99,1,1,1.0,0.9913322
TMIE,1,1,1.0,0.97119665
TMIGD1,1,1,1.0,0.96810997
TMLHE,1,1,1.0,0.9914868
TMPRSS13,1,1,1.0,0.9915168
TMSB15A,1,1,1.0,0.80783844
TMSB4X,1,1,1.0,0.88729507
TMTC3,1,1,1.0,0.9814074
TNFAIP6,1,1,1.0,0.9171115
TNFRSF10B,1,1,1.0,0.87807447
TNFSF13B,1,1,1.0,0.9890759
TNFSF15,1,1,1.0,0.9791255
TNFSF8,1,1,1.0,0.99148154
TNIP2,1,1,1.0,0.8629206
TNK2,1,1,1.0,0.9885971
TNMD,1,1,1.0,0.9327776
TNPO1,1,1,1.0,0.9913195
TOB1,1,1,1.0,0.9854791
TOLLIP,1,1,1.0,0.95022315
TOMM20L,1,1,1.0,0.9888592
TOR1B,1,1,1.0,0.98076457
TP53I11,1,1,1.0,0.98770034
TP53RK,1,1,1.0,0.98917365
TP73-AS1,1,1,1.0,0.9909473
TPCN2,1,1,1.0,0.9860307
TPD52L2,1,1,1.0,0.98975617
TPGS2,1,1,1.0,0.97997653
TPRKB,1,1,1.0,0.9914185
TPX2,1,1,1.0,0.97449636
TRAC,1,1,1.0,0.97119147
TRAIP,1,1,1.0,0.99150896
TRAV1-1,1,1,1.0,0.9628919
TRAV12-1,1,1,1.0,0.9914363
TRAV14DV4,1,1,1.0,0.9209145
TRAV26-1,1,1,1.0,0.82780945
TRAV27,1,1,1.0,0.9892865
TRAV8-1,1,1,1.0,0.9333665
TRAV8-4,1,1,1.0,0.9906606
TRAV8-6,1,1,1.0,0.98488903
TRAV9-1,1,1,1.0,0.97872853
TRBV29-1,1,1,1.0,0.99148154
TRBV5-1,1,1,1.0,0.99137586
TRBV6-1,1,1,1.0,0.9914186
TRDV1,1,1,1.0,0.9577602
TRGC2,1,1,1.0,0.9321245
TRGJ2,1,1,1.0,0.9410192
TRGV9,1,1,1.0,0.9906758
TRIB1,1,1,1.0,0.9769766
TRIM21,1,1,1.0,0.9021156
TRIM32,1,1,1.0,0.9391567
TRIM41,1,1,1.0,0.8213341
TRIM56,1,1,1.0,0.99129796
TRIM61,1,1,1.0,0.8586168
TRIM67,1,1,1.0,0.99144673
TRIM75P,1,1,1.0,0.88651264
TRIP4,1,1,1.0,0.7928737
TRMT10A,1,1,1.0,0.991384
TRMT12,1,1,1.0,0.9908029
TRMT13,1,1,1.0,0.89423174
TRMT6,1,1,1.0,0.98646
TRMT9B,1,1,1.0,0.9814212
TRPT1,1,1,1.0,0.9914335
TRPV1,1,1,1.0,0.980998
TSC22D2,1,1,1.0,0.99073607
TSC22D3,1,1,1.0,0.9907279
TSN,1,1,1.0,0.8263314
TSNAXIP1,1,1,1.0,0.9915005
TSPAN4,1,1,1.0,0.9720104
TSPAN5,1,1,1.0,0.97813535
TSPAN8,1,1,1.0,0.9832434
TSPY2,1,1,1.0,0.95933396
TSPYL2,1,1,1.0,0.9914597
TSTD2,1,1,1.0,0.9914765
TTC12,1,1,1.0,0.9913412
TTC19,1,1,1.0,0.990135
TTC25,1,1,1.0,0.99146736
TTLL6,1,1,1.0,0.9912913
TTLL9,1,1,1.0,0.9914853
TTYH3,1,1,1.0,0.95065165
TUB,1,1,1.0,0.9915153
TUBA1B,1,1,1.0,0.9912152
TUBA3E,1,1,1.0,0.8364188
TUBAL3,1,1,1.0,0.9915127
TUBB2A,1,1,1.0,0.9241134
TUBB8,1,1,1.0,0.9913083
TUBE1,1,1,1.0,0.95336705
TUBGCP3,1,1,1.0,0.9799612
TUFM,1,1,1.0,0.9913594
TULP3,1,1,1.0,0.8192895
TVP23B,1,1,1.0,0.9912845
TXLNB,1,1,1.0,0.9118638
TXN2,1,1,1.0,0.9651307
TXNDC12,1,1,1.0,0.9912089
TXNDC15,1,1,1.0,0.9914569
TXNL1,1,1,1.0,0.9912026
TXNL4A,1,1,1.0,0.8272641
TYMS,1,1,1.0,0.9868074
U2AF1L4,1,1,1.0,0.99137235
U2AF2,1,1,1.0,0.77545744
UBA2,1,1,1.0,0.99107355
UBA52,1,1,1.0,0.9677614
UBAP1,1,1,1.0,0.94745123
UBC,1,1,1.0,0.98545974
UBE2A,1,1,1.0,0.9872944
UBE2D2,1,1,1.0,0.99132955
UBE2E2,1,1,1.0,0.9915108
UBE2G1,1,1,1.0,0.8799186
UBE2L6,1,1,1.0,0.99126196
UBE2Q1,1,1,1.0,0.84468144
UBLCP1,1,1,1.0,0.9907164
UBOX5,1,1,1.0,0.9914021
UBR7,1,1,1.0,0.9530089
UBTFL2,1,1,1.0,0.9787425
UBXN4,1,1,1.0,0.96473944
UCHL1,1,1,1.0,0.9883156
UCHL5,1,1,1.0,0.83658296
UCK2,1,1,1.0,0.99146515
UCN,1,1,1.0,0.9869516
UCP1,1,1,1.0,0.99141604
UCP2,1,1,1.0,0.99131316
UGT1A4,1,1,1.0,0.97160834
UGT1A7,1,1,1.0,0.82804954
UIMC1,1,1,1.0,0.95621943
UPB1,1,1,1.0,0.99137676
UPF3A,1,1,1.0,0.81262046
UPK2,1,1,1.0,0.9915127
UPK3A,1,1,1.0,0.98522514
UPP2,1,1,1.0,0.9815895
UQCC1,1,1,1.0,0.9913784
UQCC3,1,1,1.0,0.84436566
URI1,1,1,1.0,0.97072417
UROS,1,1,1.0,0.99136376
USHBP1,1,1,1.0,0.99145824
USP10,1,1,1.0,0.9115892
USP13,1,1,1.0,0.9895293
USP21,1,1,1.0,0.9908682
USP30,1,1,1.0,0.9346477
USP31,1,1,1.0,0.96719915
USP36,1,1,1.0,0.97373563
USP39,1,1,1.0,0.9674155
USP44,1,1,1.0,0.991245
UTS2,1,1,1.0,0.832916
UXS1,1,1,1.0,0.99145937
Unknown,1,1,1.0,0.9913613
VAMP5,1,1,1.0,0.8653928
VASP,1,1,1.0,0.9898947
VAT1,1,1,1.0,0.9687274
VEZF1,1,1,1.0,0.9915071
VGLL4,1,1,1.0,0.960951
VIM,1,1,1.0,0.99140453
VIPAS39,1,1,1.0,0.9890764
VMO1,1,1,1.0,0.9405666
VN1R10P,1,1,1.0,0.8372319
VN1R5,1,1,1.0,0.754032
VNN3,1,1,1.0,0.9915057
VOPP1,1,1,1.0,0.99124676
VPREB3,1,1,1.0,0.9832882
VPS26C,1,1,1.0,0.99141073
VPS28,1,1,1.0,0.98321664
VPS37B,1,1,1.0,0.9915081
VSIR,1,1,1.0,0.99140024
VSX1,1,1,1.0,0.99140865
VWC2L,1,1,1.0,0.9720311
Vault,1,1,1.0,0.9724901
WASF1,1,1,1.0,0.98049396
WBP1,1,1,1.0,0.9760994
WBP11,1,1,1.0,0.98060256
WDCP,1,1,1.0,0.84391236
WDR20,1,1,1.0,0.9810612
WDR3,1,1,1.0,0.99132556
WDR53,1,1,1.0,0.9914317
WDR54,1,1,1.0,0.9343248
WFDC12,1,1,1.0,0.99125415
WFDC13,1,1,1.0,0.81573117
WFDC9,1,1,1.0,0.99142927
WNT1,1,1,1.0,0.9660624
WNT7B,1,1,1.0,0.89607817
WTIP,1,1,1.0,0.9909642
XBP1,1,1,1.0,0.98099124
XCL2,1,1,1.0,0.9890744
YAP1,1,1,1.0,0.81297046
YARS1,1,1,1.0,0.9890127
YBX1,1,1,1.0,0.90292
YEATS4,1,1,1.0,0.9428579
YIPF1,1,1,1.0,0.9914904
YIPF4,1,1,1.0,0.96434283
YTHDF1,1,1,1.0,0.9894118
YTHDF3,1,1,1.0,0.9913634
YWHAB,1,1,1.0,0.9072924
Z82195.2,1,1,1.0,0.9783813
ZAR1,1,1,1.0,0.8660199
ZBTB17,1,1,1.0,0.9914511
ZBTB26,1,1,1.0,0.9915161
ZBTB3,1,1,1.0,0.790822
ZBTB32,1,1,1.0,0.99149936
ZBTB47,1,1,1.0,0.98602724
ZBTB49,1,1,1.0,0.9889542
ZC2HC1A,1,1,1.0,0.98973405
ZC3H14,1,1,1.0,0.94505197
ZC3HAV1L,1,1,1.0,0.7723561
ZCCHC13,1,1,1.0,0.99061567
ZCWPW2,1,1,1.0,0.9587125
ZDHHC1,1,1,1.0,0.75588435
ZDHHC13,1,1,1.0,0.9912986
ZDHHC16,1,1,1.0,0.9912122
ZDHHC17,1,1,1.0,0.991343
ZDHHC5,1,1,1.0,0.9909667
ZER1,1,1,1.0,0.99114615
ZFAND5,1,1,1.0,0.991347
ZFP3,1,1,1.0,0.99149173
ZFP36L1,1,1,1.0,0.9616723
ZFPL1,1,1,1.0,0.96533495
ZMAT5,1,1,1.0,0.9405618
ZNF121,1,1,1.0,0.97095585
ZNF138,1,1,1.0,0.99112165
ZNF148,1,1,1.0,0.9911322
ZNF200,1,1,1.0,0.9896736
ZNF232,1,1,1.0,0.9913243
ZNF256,1,1,1.0,0.94428325
ZNF281,1,1,1.0,0.9747984
ZNF284,1,1,1.0,0.99131936
ZNF286A,1,1,1.0,0.99147344
ZNF296,1,1,1.0,0.99034345
ZNF304,1,1,1.0,0.9691339
ZNF32,1,1,1.0,0.92333
ZNF329,1,1,1.0,0.979509
ZNF333,1,1,1.0,0.9913312
ZNF334,1,1,1.0,0.99137986
ZNF34,1,1,1.0,0.9876375
ZNF35,1,1,1.0,0.99142927
ZNF350,1,1,1.0,0.9697777
ZNF354B,1,1,1.0,0.93515474
ZNF397,1,1,1.0,0.90715086
ZNF41,1,1,1.0,0.991492
ZNF410,1,1,1.0,0.9342794
ZNF419,1,1,1.0,0.9791788
ZNF420,1,1,1.0,0.99026567
ZNF431,1,1,1.0,0.7604283
ZNF433,1,1,1.0,0.9912913
ZNF438,1,1,1.0,0.99142843
ZNF440,1,1,1.0,0.9415596
ZNF454,1,1,1.0,0.9470719
ZNF486,1,1,1.0,0.9781537
ZNF488,1,1,1.0,0.84591025
ZNF500,1,1,1.0,0.9914488
ZNF501,1,1,1.0,0.80236757
ZNF502,1,1,1.0,0.99140036
ZNF519,1,1,1.0,0.9912521
ZNF529,1,1,1.0,0.9914111
ZNF530,1,1,1.0,0.99147004
ZNF552,1,1,1.0,0.96577483
ZNF558,1,1,1.0,0.8628647
ZNF565,1,1,1.0,0.99151015
ZNF574,1,1,1.0,0.977382
ZNF582,1,1,1.0,0.9914044
ZNF589,1,1,1.0,0.9115455
ZNF598,1,1,1.0,0.9816057
ZNF627,1,1,1.0,0.9912828
ZNF628,1,1,1.0,0.99143434
ZNF652,1,1,1.0,0.99102753
ZNF660,1,1,1.0,0.9469544
ZNF671,1,1,1.0,0.9115701
ZNF682,1,1,1.0,0.99132055
ZNF687,1,1,1.0,0.907
ZNF69,1,1,1.0,0.94579107
ZNF70,1,1,1.0,0.96961796
ZNF704,1,1,1.0,0.9914552
ZNF761,1,1,1.0,0.98469365
ZNF773,1,1,1.0,0.89269894
ZNF789,1,1,1.0,0.9914587
ZNF791,1,1,1.0,0.85855186
ZNF793,1,1,1.0,0.9072149
ZNF816-ZNF321P,1,1,1.0,0.9912934
ZNHIT3,1,1,1.0,0.99150264
ZPR1,1,1,1.0,0.9901293
ZRANB2,1,1,1.0,0.99140644
ZSCAN16,1,1,1.0,0.9914498
ZSCAN25,1,1,1.0,0.9394645
ZSCAN30,1,1,1.0,0.9914488
ZSCAN31,1,1,1.0,0.9906764
ZSCAN4,1,1,1.0,0.9897453
ZUP1,1,1,1.0,0.9912697
ZWILCH,1,1,1.0,0.9866955
ZZZ3,1,1,1.0,0.9913483
A1BG,2,1,0.5,0.6128644
AAAS,2,1,0.5,0.6952286
AADAC,2,1,0.5,0.49631864
AAMP,2,1,0.5,0.4647742
AANAT,2,1,0.5,0.49301466
ABCB7,2,1,0.5,0.49252066
ABCE1,2,1,0.5,0.80020106
ABCF1,2,1,0.5,0.48765397
ABCF2,2,1,0.5,0.8685262
ABCG8,2,1,0.5,0.4657299
ABHD14A-ACY1,2,1,0.5,0.775318
ABHD17B,2,1,0.5,0.8396646
ABHD4,2,1,0.5,0.49560332
ABHD5,2,1,0.5,0.85817945
ABO,2,1,0.5,0.46994498
ABRA,2,1,0.5,0.4909995
AC005863.1,2,1,0.5,0.82860976
AC011455.2,2,1,0.5,0.597441
AC013489.1,2,1,0.5,0.53680366
AC023055.1,2,1,0.5,0.38231212
AC090517.4,2,1,0.5,0.4611119
AC098582.1,2,1,0.5,0.81253564
AC104452.1,2,1,0.5,0.7175691
AC242842.3,2,1,0.5,0.6285324
ACAA1,2,1,0.5,0.49130037
ACAD9,2,1,0.5,0.5525094
ACAT2,2,1,0.5,0.5984322
ACLY,2,1,0.5,0.7495861
ACOT9,2,1,0.5,0.6846223
ACSM5,2,1,0.5,0.5973033
ACY3,2,1,0.5,0.4932098
ADAM15,2,1,0.5,0.6269514
ADAM21,2,1,0.5,0.4175296
ADCK2,2,1,0.5,0.78908503
ADCK5,2,1,0.5,0.42623502
ADCY4,2,1,0.5,0.8042497
ADGRA1,2,1,0.5,0.48713654
ADGRG1,2,1,0.5,0.6310825
ADGRL1,2,1,0.5,0.44023433
ADH5,2,1,0.5,0.44085485
ADNP,2,1,0.5,0.44897678
ADPGK,2,1,0.5,0.475793
ADRA1A,2,1,0.5,0.7011511
AFG1L,2,1,0.5,0.49674857
AGBL1,2,1,0.5,0.7586574
AGO3,2,1,0.5,0.7987979
AGPAT3,2,1,0.5,0.6068001
AGTR2,2,1,0.5,0.48707438
AHSG,2,1,0.5,0.8272861
AKAP1,2,1,0.5,0.4662092
AKAP3,2,1,0.5,0.5145368
AKAP4,2,1,0.5,0.6246487
ALDH2,2,1,0.5,0.4942405
ALDOB,2,1,0.5,0.49569985
ALG2,2,1,0.5,0.58397263
ALG9,2,1,0.5,0.64180946
ALKBH3,2,1,0.5,0.61658394
ALOXE3,2,1,0.5,0.7065183
AMOTL2,2,1,0.5,0.49053273
ANAPC10,2,1,0.5,0.5422274
ANKRD35,2,1,0.5,0.82588434
ANTXR1,2,1,0.5,0.48652607
ANXA3,2,1,0.5,0.7748365
ANXA9,2,1,0.5,0.5841058
AOC2,2,1,0.5,0.49567643
AP000769.5,2,1,0.5,0.49575207
AP001781.2,2,1,0.5,0.7519598
AP5Z1,2,1,0.5,0.5277731
APBB3,2,1,0.5,0.49608216
APH1B,2,1,0.5,0.7085577
APOA2,2,1,0.5,0.5618634
APOA4,2,1,0.5,0.49572706
APOBEC3A,2,1,0.5,0.43148628
APOBEC3F,2,1,0.5,0.6518366
APP,2,1,0.5,0.5994747
APPBP2,2,1,0.5,0.48436588
AQP8,2,1,0.5,0.684303
ARAP1,2,1,0.5,0.45578948
ARCN1,2,1,0.5,0.518671
ARFIP1,2,1,0.5,0.4785094
ARFIP2,2,1,0.5,0.5537253
ARG1,2,1,0.5,0.4632442
ARHGAP20,2,1,0.5,0.52403
ARHGAP31,2,1,0.5,0.53332704
ARHGDIA,2,1,0.5,0.4951478
ARID5B,2,1,0.5,0.6831199
ARL4A,2,1,0.5,0.68065643
ARL6,2,1,0.5,0.74221057
ARL8A,2,1,0.5,0.8485559
ARL8B,2,1,0.5,0.58272105
ARMC12,2,1,0.5,0.46134052
ARMCX1,2,1,0.5,0.61663127
ARMH3,2,1,0.5,0.4863829
ARNTL,2,1,0.5,0.548772
ARPIN,2,1,0.5,0.5137338
ARRDC4,2,1,0.5,0.68856704
ASAP2,2,1,0.5,0.4898741
ASB17,2,1,0.5,0.6836997
ASB9,2,1,0.5,0.6995993
ASGR2,2,1,0.5,0.4757539
ATG16L2,2,1,0.5,0.49432442
ATG4B,2,1,0.5,0.4951229
ATP23,2,1,0.5,0.5893859
ATP5F1C,2,1,0.5,0.6281395
ATP5IF1,2,1,0.5,0.6882329
ATP5MC1,2,1,0.5,0.49613947
ATXN7L2,2,1,0.5,0.41124
ATXN7L3,2,1,0.5,0.6589319
AWAT2,2,1,0.5,0.41395995
AXIN2,2,1,0.5,0.51648605
AZU1,2,1,0.5,0.761533
B3GALT2,2,1,0.5,0.7799516
B3GNT3,2,1,0.5,0.62894225
BAG4,2,1,0.5,0.5791199
BAIAP2,2,1,0.5,0.605434
BCL2L14,2,1,0.5,0.64223075
BCLAF1,2,1,0.5,0.53345484
BDKRB1,2,1,0.5,0.6911148
BDNF,2,1,0.5,0.56578004
BICRAL,2,1,0.5,0.46715698
BIK,2,1,0.5,0.5167293
BIRC2,2,1,0.5,0.50518936
BMI1,2,1,0.5,0.4209379
BMP1,2,1,0.5,0.5996373
BMPR1A,2,1,0.5,0.7535845
BPI,2,1,0.5,0.7138403
BPNT2,2,1,0.5,0.7304937
BRD9,2,1,0.5,0.6070392
BST2,2,1,0.5,0.4957057
BTBD3,2,1,0.5,0.75507736
BTNL3,2,1,0.5,0.49484333
C12orf54,2,1,0.5,0.81651664
C15orf39,2,1,0.5,0.48176765
C19orf18,2,1,0.5,0.59730154
C19orf57,2,1,0.5,0.38999453
C1QA,2,1,0.5,0.48923784
C1QTNF5,2,1,0.5,0.4944782
C1QTNF8,2,1,0.5,0.481971
C1R,2,1,0.5,0.4953322
C1orf100,2,1,0.5,0.81652516
C1orf112,2,1,0.5,0.5803562
C1orf127,2,1,0.5,0.4913794
C1orf141,2,1,0.5,0.44158188
C1orf198,2,1,0.5,0.4136632
C1orf210,2,1,0.5,0.8512571
C1orf87,2,1,0.5,0.5820095
C20orf27,2,1,0.5,0.5986588
C3P1,2,1,0.5,0.8330207
C5AR1,2,1,0.5,0.5644793
C5orf22,2,1,0.5,0.66261816
C6orf201,2,1,0.5,0.6491162
C7orf57,2,1,0.5,0.45108652
C8orf58,2,1,0.5,0.69429314
C9orf129,2,1,0.5,0.5821477
CA5A,2,1,0.5,0.81011
CABLES1,2,1,0.5,0.58115417
CACNG2,2,1,0.5,0.46167067
CACNG8,2,1,0.5,0.4868467
CACUL1,2,1,0.5,0.7111918
CALCRL,2,1,0.5,0.6004962
CALHM5,2,1,0.5,0.41402838
CALM1,2,1,0.5,0.59306896
CALR,2,1,0.5,0.5036662
CAMK2D,2,1,0.5,0.6663682
CAMK4,2,1,0.5,0.67651737
CAPZA1,2,1,0.5,0.664273
CARTPT,2,1,0.5,0.7787918
CASP4,2,1,0.5,0.5706441
CATSPER3,2,1,0.5,0.6892926
CBX5,2,1,0.5,0.49972218
CBX6,2,1,0.5,0.48028207
CCDC113,2,1,0.5,0.54840267
CCDC115,2,1,0.5,0.6336769
CCDC130,2,1,0.5,0.49513254
CCDC151,2,1,0.5,0.5040869
CCDC191,2,1,0.5,0.6941623
CCDC42,2,1,0.5,0.8372872
CCDC73,2,1,0.5,0.8355662
CCDC82,2,1,0.5,0.77573097
CCDC90B,2,1,0.5,0.6210657
CCDC91,2,1,0.5,0.81436956
CCN1,2,1,0.5,0.4950081
CCNA1,2,1,0.5,0.49587703
CCND2,2,1,0.5,0.84760714
CCNT1,2,1,0.5,0.6707264
CCP110,2,1,0.5,0.47419542
CCR3,2,1,0.5,0.80677915
CCR8,2,1,0.5,0.501614
CD2,2,1,0.5,0.5670019
CD244,2,1,0.5,0.7378017
CD28,2,1,0.5,0.49699366
CD300C,2,1,0.5,0.74831504
CD5L,2,1,0.5,0.82878244
CD80,2,1,0.5,0.4908826
CDAN1,2,1,0.5,0.4906574
CDC25A,2,1,0.5,0.8449839
CDH3,2,1,0.5,0.56237435
CDH6,2,1,0.5,0.49203697
CDK1,2,1,0.5,0.49567965
CDK14,2,1,0.5,0.61087877
CDKL2,2,1,0.5,0.6520531
CDKN1B,2,1,0.5,0.5309214
CDKN2C,2,1,0.5,0.7203133
CDS1,2,1,0.5,0.48817018
CEACAM19,2,1,0.5,0.4958112
CEBPE,2,1,0.5,0.49199113
CELA3A,2,1,0.5,0.8549547
CELF2,2,1,0.5,0.4557863
CELF4,2,1,0.5,0.8234266
CEP192,2,1,0.5,0.5971637
CEP44,2,1,0.5,0.5898071
CERS4,2,1,0.5,0.48257306
CES2,2,1,0.5,0.68710524
CETN1,2,1,0.5,0.46020538
CFAP157,2,1,0.5,0.69569325
CFAP69,2,1,0.5,0.8684104
CFAP92,2,1,0.5,0.855244
CFDP1,2,1,0.5,0.7796967
CFHR4,2,1,0.5,0.4957435
CFHR5,2,1,0.5,0.49704278
CGNL1,2,1,0.5,0.5221809
CHCHD2P9,2,1,0.5,0.4817497
CHID1,2,1,0.5,0.6669524
CHKB,2,1,0.5,0.4949664
CHRM4,2,1,0.5,0.49563783
CIBAR1,2,1,0.5,0.470592
CIRBP,2,1,0.5,0.43090445
CITED1,2,1,0.5,0.44146585
CKM,2,1,0.5,0.6374499
CLBA1,2,1,0.5,0.73889995
CLCA4,2,1,0.5,0.56158024
CLDN11,2,1,0.5,0.5049218
CLEC4C,2,1,0.5,0.562768
CLEC4E,2,1,0.5,0.61677647
CLEC4F,2,1,0.5,0.4210059
CLEC9A,2,1,0.5,0.64144427
CLK2,2,1,0.5,0.53757817
CLPP,2,1,0.5,0.74749625
CLVS1,2,1,0.5,0.4927926
CMC2,2,1,0.5,0.5520565
CMSS1,2,1,0.5,0.5290303
CNIH3,2,1,0.5,0.52656275
CNMD,2,1,0.5,0.46969026
CNOT10,2,1,0.5,0.49808276
CNR2,2,1,0.5,0.4751704
COG8,2,1,0.5,0.6765386
COL9A1,2,1,0.5,0.65035594
COLEC11,2,1,0.5,0.4867816
COMP,2,1,0.5,0.40985176
COQ4,2,1,0.5,0.56297576
CPED1,2,1,0.5,0.49028024
CPSF7,2,1,0.5,0.50731283
CPXM1,2,1,0.5,0.68269396
CRAT,2,1,0.5,0.48817512
CRELD1,2,1,0.5,0.71908253
CRISPLD1,2,1,0.5,0.51091903
CRMP1,2,1,0.5,0.7120766
CRNKL1,2,1,0.5,0.5281208
CRTC1,2,1,0.5,0.8095487
CRTC3,2,1,0.5,0.6991379
CRYBB2,2,1,0.5,0.71234554
CRYGD,2,1,0.5,0.49136
CRYGS,2,1,0.5,0.7652786
CSK,2,1,0.5,0.48806208
CSN1S1,2,1,0.5,0.6027081
CSN3,2,1,0.5,0.7482739
CSNK1A1,2,1,0.5,0.8489785
CST3,2,1,0.5,0.6898345
CSTA,2,1,0.5,0.7269527
CTCFL,2,1,0.5,0.44095948
CTDNEP1,2,1,0.5,0.53752685
CTDSP1,2,1,0.5,0.7217596
CTH,2,1,0.5,0.54678917
CTNNAL1,2,1,0.5,0.8397786
CTNNB1,2,1,0.5,0.8604084
CTPS1,2,1,0.5,0.6611629
CTRB1,2,1,0.5,0.5903544
CTSL,2,1,0.5,0.545002
CTSV,2,1,0.5,0.7040564
CTU2,2,1,0.5,0.4772224
CUEDC1,2,1,0.5,0.6650971
CUL4B,2,1,0.5,0.72615373
CXorf58,2,1,0.5,0.67416847
CXorf65,2,1,0.5,0.48638916
CXorf66,2,1,0.5,0.6686864
CYB5D1,2,1,0.5,0.5134482
CYB5D2,2,1,0.5,0.6035534
CYP1B1,2,1,0.5,0.4938246
CYP2U1,2,1,0.5,0.4305045
CYP46A1,2,1,0.5,0.46598995
CYSLTR2,2,1,0.5,0.53076535
DACH2,2,1,0.5,0.4950329
DACT1,2,1,0.5,0.48786125
DAPK3,2,1,0.5,0.45698452
DCAF12,2,1,0.5,0.82335263
DCAF15,2,1,0.5,0.5592708
DCTN4,2,1,0.5,0.50069696
DCUN1D1,2,1,0.5,0.79273105
DDOST,2,1,0.5,0.6344051
DDX19B,2,1,0.5,0.65140814
DDX24,2,1,0.5,0.78362554
DDX31,2,1,0.5,0.45585182
DDX49,2,1,0.5,0.47188875
DDX5,2,1,0.5,0.40888378
DEDD,2,1,0.5,0.60421824
DEF8,2,1,0.5,0.47944865
DEFB110,2,1,0.5,0.6153289
DEFB118,2,1,0.5,0.4828599
DENND2D,2,1,0.5,0.6161893
DEPDC1,2,1,0.5,0.5134884
DHRS9,2,1,0.5,0.4923027
DHX29,2,1,0.5,0.55692905
DLGAP5,2,1,0.5,0.49028414
DLL4,2,1,0.5,0.43312827
DLST,2,1,0.5,0.49490282
DNAJC4,2,1,0.5,0.6000625
DNAJC5,2,1,0.5,0.4954256
DNAJC5G,2,1,0.5,0.49672323
DNASE1,2,1,0.5,0.6359269
DNPEP,2,1,0.5,0.63859594
DONSON,2,1,0.5,0.57822555
DOT1L,2,1,0.5,0.59685457
DPAGT1,2,1,0.5,0.6798659
DPCD,2,1,0.5,0.6474352
DPM1,2,1,0.5,0.59483635
DPY19L1,2,1,0.5,0.7195469
DRC3,2,1,0.5,0.47859275
DUSP19,2,1,0.5,0.48760673
DUSP21,2,1,0.5,0.82652473
DUSP5,2,1,0.5,0.49572372
DYM,2,1,0.5,0.8183391
DYRK1B,2,1,0.5,0.5181349
ECD,2,1,0.5,0.73232466
ECE1,2,1,0.5,0.550685
EDEM2,2,1,0.5,0.5259555
EEF1D,2,1,0.5,0.4218188
EEF1E1,2,1,0.5,0.48385504
EFS,2,1,0.5,0.5599041
EID3,2,1,0.5,0.52392805
EIF3E,2,1,0.5,0.59970605
EIF3H,2,1,0.5,0.759995
EIF4E,2,1,0.5,0.5922424
EIF4E1B,2,1,0.5,0.5084842
EIF5B,2,1,0.5,0.4782241
ELF5,2,1,0.5,0.7571364
ENAH,2,1,0.5,0.6796155
EPB41,2,1,0.5,0.46071306
EPS15L1,2,1,0.5,0.60169506
EPS8L2,2,1,0.5,0.4975407
ERC1,2,1,0.5,0.707206
ERMARD,2,1,0.5,0.4958385
ERRFI1,2,1,0.5,0.55338943
ESAM,2,1,0.5,0.7401477
ESPNL,2,1,0.5,0.46749064
ESS2,2,1,0.5,0.5915427
ETV1,2,1,0.5,0.65172946
ETV3L,2,1,0.5,0.66869223
ETV5,2,1,0.5,0.7746264
EXOC3L4,2,1,0.5,0.49446014
EXOSC4,2,1,0.5,0.51546204
EXOSC8,2,1,0.5,0.75743437
EYA2,2,1,0.5,0.49141645
EZHIP,2,1,0.5,0.49575654
F2RL2,2,1,0.5,0.43879074
FAAH,2,1,0.5,0.468368
FAF2,2,1,0.5,0.71181005
FAM111A,2,1,0.5,0.6183368
FAM149A,2,1,0.5,0.49700588
FAM171B,2,1,0.5,0.4819525
FAM172A,2,1,0.5,0.49570748
FAM183BP,2,1,0.5,0.5456625
FAM20A,2,1,0.5,0.782142
FAM217A,2,1,0.5,0.48281273
FAM222B,2,1,0.5,0.49536225
FAM241A,2,1,0.5,0.5493582
FAM71E1,2,1,0.5,0.45415846
FAM78B,2,1,0.5,0.61191297
FAM83F,2,1,0.5,0.49052083
FBLN7,2,1,0.5,0.48640728
FBXL14,2,1,0.5,0.50874406
FBXO10,2,1,0.5,0.5079924
FBXO39,2,1,0.5,0.6628113
FBXO4,2,1,0.5,0.6898446
FCGR2A,2,1,0.5,0.814924
FCGR2C,2,1,0.5,0.60593385
FCGRT,2,1,0.5,0.49526823
FCHSD2,2,1,0.5,0.6654935
FEM1C,2,1,0.5,0.4958347
FER1L5,2,1,0.5,0.4956016
FEZF2,2,1,0.5,0.5490957
FFAR1,2,1,0.5,0.5786551
FGF18,2,1,0.5,0.49569982
FGR,2,1,0.5,0.47383934
FKBP1A,2,1,0.5,0.4979307
FKBP5,2,1,0.5,0.49214426
FLAD1,2,1,0.5,0.8442544
FMO2,2,1,0.5,0.5819775
FNDC7,2,1,0.5,0.8596982
FOLH1B,2,1,0.5,0.68477523
FOXJ1,2,1,0.5,0.6841817
FOXL2,2,1,0.5,0.6520879
FOXL2NB,2,1,0.5,0.63193786
FOXN3,2,1,0.5,0.46151862
FOXRED2,2,1,0.5,0.68893
FRMD8,2,1,0.5,0.44892934
FSCN3,2,1,0.5,0.49574044
FYN,2,1,0.5,0.84103405
FYTTD1,2,1,0.5,0.49967664
FZD2,2,1,0.5,0.49567777
FZD5,2,1,0.5,0.4140592
FZR1,2,1,0.5,0.49991465
G2E3,2,1,0.5,0.49514875
GABPB1,2,1,0.5,0.49612123
GABRG1,2,1,0.5,0.65869796
GAD2,2,1,0.5,0.49552834
GAL3ST2,2,1,0.5,0.45582137
GAMT,2,1,0.5,0.4360533
GANC,2,1,0.5,0.49549073
GATA1,2,1,0.5,0.48872286
GBX2,2,1,0.5,0.78405654
GCLC,2,1,0.5,0.49797815
GDA,2,1,0.5,0.5873142
GDAP1L1,2,1,0.5,0.49708122
GDPD2,2,1,0.5,0.40542203
GEMIN2,2,1,0.5,0.65546054
GEMIN8,2,1,0.5,0.7397148
GGCX,2,1,0.5,0.5575049
GGT5,2,1,0.5,0.4433487
GIGYF1,2,1,0.5,0.7284571
GIPR,2,1,0.5,0.6338606
GJA4,2,1,0.5,0.5061771
GJA9,2,1,0.5,0.577738
GK,2,1,0.5,0.48894066
GKN1,2,1,0.5,0.48272663
GLB1L,2,1,0.5,0.81823194
GLMP,2,1,0.5,0.497231
GLRX,2,1,0.5,0.6371577
GLT1D1,2,1,0.5,0.6418375
GLYATL2,2,1,0.5,0.59041744
GMFG,2,1,0.5,0.4814577
GMPR,2,1,0.5,0.49553004
GMPR2,2,1,0.5,0.42799416
GNA11,2,1,0.5,0.49557725
GNA12,2,1,0.5,0.60878396
GNAL,2,1,0.5,0.50243616
GOLGA5,2,1,0.5,0.66076845
GP9,2,1,0.5,0.4956928
GPAT3,2,1,0.5,0.43482694
GPC5,2,1,0.5,0.48984137
GPHN,2,1,0.5,0.43653676
GPKOW,2,1,0.5,0.7299664
GPR101,2,1,0.5,0.43633854
GPR149,2,1,0.5,0.40050182
GPR173,2,1,0.5,0.7190145
GPR183,2,1,0.5,0.470366
GPR32,2,1,0.5,0.56015235
GPR63,2,1,0.5,0.4959435
GPS2,2,1,0.5,0.47246277
GPX1,2,1,0.5,0.6941339
GRIN3B,2,1,0.5,0.50005
GRSF1,2,1,0.5,0.5591042
GSDMD,2,1,0.5,0.4957598
GSE1,2,1,0.5,0.49571347
GSK3B,2,1,0.5,0.49571702
GSTM3,2,1,0.5,0.50906163
GSTO2,2,1,0.5,0.45481652
GTF2B,2,1,0.5,0.58631486
GTPBP4,2,1,0.5,0.49573982
GUSB,2,1,0.5,0.72125864
GYG2,2,1,0.5,0.49025142
GYPA,2,1,0.5,0.59264505
H2AC11,2,1,0.5,0.4930404
H2AP,2,1,0.5,0.81138515
H2BW1,2,1,0.5,0.620932
H3-3A,2,1,0.5,0.496341
HABP4,2,1,0.5,0.83282214
HAO2,2,1,0.5,0.80219996
HAPLN3,2,1,0.5,0.5156902
HAUS5,2,1,0.5,0.60930467
HBP1,2,1,0.5,0.562926
HCST,2,1,0.5,0.49610627
HDAC4,2,1,0.5,0.47981086
HERPUD1,2,1,0.5,0.6471633
HEY2,2,1,0.5,0.47408572
HIC2,2,1,0.5,0.45136285
HLA-DQA2,2,1,0.5,0.71106684
HLA-DRA,2,1,0.5,0.4808941
HMCES,2,1,0.5,0.7338833
HMG20A,2,1,0.5,0.775087
HMGB4,2,1,0.5,0.607374
HMGN2P46,2,1,0.5,0.5060917
HMMR,2,1,0.5,0.5041809
HNRNPH2,2,1,0.5,0.62412566
HNRNPL,2,1,0.5,0.49363902
HOMER3,2,1,0.5,0.49565834
HORMAD1,2,1,0.5,0.51013803
HORMAD2,2,1,0.5,0.5303156
HOXA7,2,1,0.5,0.8461447
HOXD4,2,1,0.5,0.7998668
HPDL,2,1,0.5,0.49506932
HPS1,2,1,0.5,0.4782301
HPS4,2,1,0.5,0.4779041
HSPA4,2,1,0.5,0.4765515
HSPB3,2,1,0.5,0.65810364
HTR3D,2,1,0.5,0.49500954
HTRA2,2,1,0.5,0.48348272
HTRA3,2,1,0.5,0.4879293
HUS1,2,1,0.5,0.49699497
HYAL2,2,1,0.5,0.49069694
ICA1,2,1,0.5,0.6512958
IDH3G,2,1,0.5,0.49251187
IDI2,2,1,0.5,0.4956593
IFI35,2,1,0.5,0.48807997
IFNL3,2,1,0.5,0.7269243
IGBP1,2,1,0.5,0.49181658
IGDCC3,2,1,0.5,0.4884941
IGF2BP2,2,1,0.5,0.4807246
IGHV1-18,2,1,0.5,0.733274
IGHV2-26,2,1,0.5,0.40107575
IGHV3-11,2,1,0.5,0.5254798
IGHV3-33,2,1,0.5,0.4830853
IGKJ1,2,1,0.5,0.7137432
IGKV1-16,2,1,0.5,0.83504725
IGLV3-1,2,1,0.5,0.5376047
IGLV3-25,2,1,0.5,0.77869064
IHH,2,1,0.5,0.48676765
IL17RE,2,1,0.5,0.46513164
IL1A,2,1,0.5,0.8667196
IL2,2,1,0.5,0.46799424
IL36RN,2,1,0.5,0.5134383
IL7,2,1,0.5,0.81754184
IL9R,2,1,0.5,0.49468175
ING5,2,1,0.5,0.40790755
INHBB,2,1,0.5,0.45128027
INKA1,2,1,0.5,0.46065846
INPP5E,2,1,0.5,0.57034045
INTS5,2,1,0.5,0.49572277
INTS9,2,1,0.5,0.50364363
INVS,2,1,0.5,0.4943509
IP6K3,2,1,0.5,0.49578914
IRF1,2,1,0.5,0.58658314
IRF5,2,1,0.5,0.5041714
IRGQ,2,1,0.5,0.49571228
ISM1,2,1,0.5,0.4803663
ISX,2,1,0.5,0.6398406
ITFG2,2,1,0.5,0.49800187
ITLN1,2,1,0.5,0.7582427
JAZF1,2,1,0.5,0.8024796
JCHAIN,2,1,0.5,0.61740214
KAZALD1,2,1,0.5,0.67921126
KBTBD12,2,1,0.5,0.6086876
KBTBD6,2,1,0.5,0.54571205
KCNA6,2,1,0.5,0.49569723
KCNC3,2,1,0.5,0.49572447
KCNE5,2,1,0.5,0.49038693
KCNG2,2,1,0.5,0.43453425
KCNJ11,2,1,0.5,0.4900011
KCNK13,2,1,0.5,0.49045545
KCTD18,2,1,0.5,0.42176813
KCTD20,2,1,0.5,0.83368945
KDM1A,2,1,0.5,0.5502927
KHSRP,2,1,0.5,0.60110676
KIAA1958,2,1,0.5,0.7611623
KIAA2013,2,1,0.5,0.48233148
KIF11,2,1,0.5,0.4914893
KIF12,2,1,0.5,0.48480743
KIF2C,2,1,0.5,0.7155341
KIF5B,2,1,0.5,0.5217558
KIFBP,2,1,0.5,0.51858675
KIFC2,2,1,0.5,0.55642897
KIR2DL3,2,1,0.5,0.77018464
KLF10,2,1,0.5,0.6364843
KLF8,2,1,0.5,0.6943343
KLHDC1,2,1,0.5,0.47482643
KLHDC3,2,1,0.5,0.43027732
KLHL24,2,1,0.5,0.6143856
KLK10,2,1,0.5,0.4957536
KLK12,2,1,0.5,0.4945394
KLRF1,2,1,0.5,0.5416575
KLRG1,2,1,0.5,0.7491318
KMT5A,2,1,0.5,0.49572605
KNOP1P1,2,1,0.5,0.8216059
KPNA2,2,1,0.5,0.42773816
KRBA1,2,1,0.5,0.49565792
KRCC1,2,1,0.5,0.71770555
KRT1,2,1,0.5,0.55901796
KRT71,2,1,0.5,0.72487354
KRT80,2,1,0.5,0.5035734
KRT81,2,1,0.5,0.48783872
KRT83,2,1,0.5,0.46383402
KRTAP1-3,2,1,0.5,0.78753155
KRTAP10-11,2,1,0.5,0.723873
KRTAP19-2,2,1,0.5,0.8054812
KRTCAP3,2,1,0.5,0.49169618
LAD1,2,1,0.5,0.49574515
LAMB2,2,1,0.5,0.4557937
LANCL1,2,1,0.5,0.8154007
LARP6,2,1,0.5,0.74863726
LCN1,2,1,0.5,0.49571082
LCN2,2,1,0.5,0.49139887
LDB2,2,1,0.5,0.626735
LDHAL6A,2,1,0.5,0.8390099
LDHAL6B,2,1,0.5,0.47196802
LDLRAD2,2,1,0.5,0.7747907
LEMD2,2,1,0.5,0.48462245
LGALS1,2,1,0.5,0.6711303
LGALS3BP,2,1,0.5,0.86096513
LGI1,2,1,0.5,0.75966537
LHPP,2,1,0.5,0.4702396
LHX3,2,1,0.5,0.48915526
LIAS,2,1,0.5,0.77887976
LIMK2,2,1,0.5,0.733906
LIN28A,2,1,0.5,0.50559723
LINGO3,2,1,0.5,0.47377902
LMBRD2,2,1,0.5,0.51199853
LMNB2,2,1,0.5,0.49566492
LNPK,2,1,0.5,0.83957064
LNX2,2,1,0.5,0.49763924
LOX,2,1,0.5,0.49765718
LPCAT3,2,1,0.5,0.7082285
LPCAT4,2,1,0.5,0.84062135
LRAT,2,1,0.5,0.7653018
LRG1,2,1,0.5,0.48999065
LRGUK,2,1,0.5,0.59983945
LRP2BP,2,1,0.5,0.52283967
LRRC19,2,1,0.5,0.48652548
LRRC36,2,1,0.5,0.6246854
LRRC52,2,1,0.5,0.5531685
LRRC56,2,1,0.5,0.45925456
LRRC57,2,1,0.5,0.4961227
LRRN1,2,1,0.5,0.48938107
LSMEM2,2,1,0.5,0.4614202
LUZP4,2,1,0.5,0.48938966
LY6G6F-LY6G6D,2,1,0.5,0.48923555
LYPLAL1,2,1,0.5,0.7299441
LYSMD3,2,1,0.5,0.6149935
MAD1L1,2,1,0.5,0.4901316
MADCAM1,2,1,0.5,0.4957548
MAEA,2,1,0.5,0.4956426
MAGI3,2,1,0.5,0.5939132
MAL2,2,1,0.5,0.49563956
MANSC1,2,1,0.5,0.50330025
MAP11,2,1,0.5,0.4930135
MAP2K2,2,1,0.5,0.49751306
MAP3K11,2,1,0.5,0.49562818
MAPK8,2,1,0.5,0.49550572
MAPRE2,2,1,0.5,0.7018826
MARF1,2,1,0.5,0.67758083
MARS1,2,1,0.5,0.6310496
MBD2,2,1,0.5,0.8538376
MCU,2,1,0.5,0.64873666
MDK,2,1,0.5,0.49395207
MED16,2,1,0.5,0.49006212
MED7,2,1,0.5,0.82406026
METTL1,2,1,0.5,0.6597324
METTL6,2,1,0.5,0.4964845
MFN2,2,1,0.5,0.4958245
MGME1,2,1,0.5,0.48817566
MIA,2,1,0.5,0.50315046
MICALL1,2,1,0.5,0.5441655
MICU2,2,1,0.5,0.4654964
MINK1,2,1,0.5,0.49575937
MINPP1,2,1,0.5,0.71378183
MIP,2,1,0.5,0.5403838
MIR1270,2,1,0.5,0.48928943
MIR376A2,2,1,0.5,0.49574345
MIR509-3,2,1,0.5,0.7051574
MIR516A2,2,1,0.5,0.48142147
MIR522,2,1,0.5,0.5243217
MISP,2,1,0.5,0.4629709
MLIP,2,1,0.5,0.47283867
MLLT1,2,1,0.5,0.49564207
MMP1,2,1,0.5,0.50789094
MMP28,2,1,0.5,0.7348058
MMP8,2,1,0.5,0.737607
MOAP1,2,1,0.5,0.4625205
MOCS2,2,1,0.5,0.582359
MON1B,2,1,0.5,0.6291115
MRI1,2,1,0.5,0.4917173
MRPL11,2,1,0.5,0.50334877
MRPL15,2,1,0.5,0.44158518
MRPL39,2,1,0.5,0.4859207
MRPL4,2,1,0.5,0.46150503
MRTO4,2,1,0.5,0.49573642
MSH2,2,1,0.5,0.49677607
MTERF1,2,1,0.5,0.59402025
MTHFR,2,1,0.5,0.7179204
MTMR10,2,1,0.5,0.43852335
MTNR1A,2,1,0.5,0.81302583
MTO1,2,1,0.5,0.5863914
MTRF1,2,1,0.5,0.49469414
MTRR,2,1,0.5,0.49961993
MXD1,2,1,0.5,0.7205427
MYB,2,1,0.5,0.7879083
MYBBP1A,2,1,0.5,0.4636281
MYBPH,2,1,0.5,0.4611844
MYEF2,2,1,0.5,0.48794985
MYL4,2,1,0.5,0.49592286
MYOD1,2,1,0.5,0.49567297
MYORG,2,1,0.5,0.49574164
MYRIP,2,1,0.5,0.550568
N4BP2L1,2,1,0.5,0.53938496
NAAA,2,1,0.5,0.81894886
NACA,2,1,0.5,0.49725267
NADK,2,1,0.5,0.53602415
NADSYN1,2,1,0.5,0.4710715
NAMPT,2,1,0.5,0.59440374
NANS,2,1,0.5,0.70943564
NAP1L4,2,1,0.5,0.7019402
NCALD,2,1,0.5,0.7886317
NCF2,2,1,0.5,0.73446083
NCSTN,2,1,0.5,0.734728
NDFIP1,2,1,0.5,0.60631716
NDRG2,2,1,0.5,0.49613783
NDRG4,2,1,0.5,0.6600359
NDUFAF5,2,1,0.5,0.4803389
NDUFAF6,2,1,0.5,0.60313886
NEIL1,2,1,0.5,0.53336465
NEK5,2,1,0.5,0.4951008
NEK8,2,1,0.5,0.62204814
NEMP1,2,1,0.5,0.73527217
NFAM1,2,1,0.5,0.47578946
NFE2,2,1,0.5,0.6265085
NFKBIB,2,1,0.5,0.67524695
NFKBIZ,2,1,0.5,0.51200986
NIPAL3,2,1,0.5,0.7288238
NKAIN1,2,1,0.5,0.48997015
NKAP,2,1,0.5,0.478801
NLE1,2,1,0.5,0.49567947
NLRC3,2,1,0.5,0.6905702
NLRP6,2,1,0.5,0.4773871
NMNAT2,2,1,0.5,0.56116503
NOMO3,2,1,0.5,0.4886814
NOP53,2,1,0.5,0.6388014
NOS2,2,1,0.5,0.49568635
NOVA1,2,1,0.5,0.45369565
NPRL3,2,1,0.5,0.48426896
NR0B2,2,1,0.5,0.6672909
NR4A2,2,1,0.5,0.4957318
NSF,2,1,0.5,0.757255
NSMCE1,2,1,0.5,0.4904738
NSMCE2,2,1,0.5,0.4888815
NT5C2,2,1,0.5,0.52589977
NTM,2,1,0.5,0.74177986
NTRK2,2,1,0.5,0.7598719
NUBPL,2,1,0.5,0.4889617
NUDCD2,2,1,0.5,0.64201134
NUDT19,2,1,0.5,0.82303923
NUFIP1,2,1,0.5,0.67625064
NUP43,2,1,0.5,0.8030642
NUP62CL,2,1,0.5,0.4962111
NUP93,2,1,0.5,0.64387023
NUTM2D,2,1,0.5,0.49563757
NXF5,2,1,0.5,0.4807594
NXPH2,2,1,0.5,0.49431536
OBP2B,2,1,0.5,0.5361628
ODAM,2,1,0.5,0.4748449
ODC1,2,1,0.5,0.4956592
OLFML3,2,1,0.5,0.48946217
OOSP2,2,1,0.5,0.5760002
OPA3,2,1,0.5,0.7140884
OPN4,2,1,0.5,0.4066933
OPTN,2,1,0.5,0.69478595
OR10A6,2,1,0.5,0.7261422
OR10G4,2,1,0.5,0.79673815
OR10K2,2,1,0.5,0.52385515
OR10Q1,2,1,0.5,0.7115267
OR11H1,2,1,0.5,0.6625237
OR12D3,2,1,0.5,0.6337577
OR13C2,2,1,0.5,0.7420239
OR13H1,2,1,0.5,0.48841205
OR1A1,2,1,0.5,0.49300456
OR1D2,2,1,0.5,0.50993705
OR1F1,2,1,0.5,0.41847694
OR1L8,2,1,0.5,0.7049444
OR1N2,2,1,0.5,0.4844562
OR1Q1,2,1,0.5,0.5695818
OR2A42,2,1,0.5,0.5863073
OR2B6,2,1,0.5,0.8179345
OR2C1,2,1,0.5,0.7001576
OR2J2,2,1,0.5,0.53123736
OR2S2,2,1,0.5,0.7554876
OR2T11,2,1,0.5,0.7764443
OR4C13,2,1,0.5,0.794008
OR4C46,2,1,0.5,0.490256
OR4D11,2,1,0.5,0.74951684
OR4D9,2,1,0.5,0.520022
OR4K17,2,1,0.5,0.55959976
OR4X1,2,1,0.5,0.66271967
OR51B4,2,1,0.5,0.5331059
OR52A1,2,1,0.5,0.7717973
OR52N5,2,1,0.5,0.44605863
OR52W1,2,1,0.5,0.66906697
OR5M10,2,1,0.5,0.74104977
OR5R1,2,1,0.5,0.49570552
OR5T2,2,1,0.5,0.80013216
OR7C2,2,1,0.5,0.64480597
OR7E24,2,1,0.5,0.7679875
OR8B2,2,1,0.5,0.5945922
OR9Q2,2,1,0.5,0.57541144
ORC1,2,1,0.5,0.54078346
ORC2,2,1,0.5,0.6916926
OSBPL11,2,1,0.5,0.6663205
OTOS,2,1,0.5,0.4308614
P2RX2,2,1,0.5,0.4943885
P4HA1,2,1,0.5,0.51654464
PA2G4,2,1,0.5,0.5767357
PACC1,2,1,0.5,0.67763984
PACSIN2,2,1,0.5,0.53072554
PAIP1,2,1,0.5,0.83158004
PAK6,2,1,0.5,0.49572816
PAM,2,1,0.5,0.45774215
PAN2,2,1,0.5,0.5776117
PANK3,2,1,0.5,0.4279685
PAOX,2,1,0.5,0.49160984
PARD3,2,1,0.5,0.49529457
PARP15,2,1,0.5,0.49593058
PARP16,2,1,0.5,0.77617204
PARVB,2,1,0.5,0.49513817
PATZ1,2,1,0.5,0.65555644
PAX9,2,1,0.5,0.48538202
PAXIP1,2,1,0.5,0.4044311
PCDHGA5,2,1,0.5,0.47345337
PCGF1,2,1,0.5,0.5064533
PCNA,2,1,0.5,0.61052006
PCP4L1,2,1,0.5,0.4778491
PCYT1B,2,1,0.5,0.49254954
PDCD2,2,1,0.5,0.4296485
PDCL2,2,1,0.5,0.4907019
PDCL3,2,1,0.5,0.8159858
PDE1A,2,1,0.5,0.63916266
PDE1B,2,1,0.5,0.5820999
PDE4A,2,1,0.5,0.497892
PDHX,2,1,0.5,0.49572763
PDZD9,2,1,0.5,0.75981975
PER2,2,1,0.5,0.6361079
PER3,2,1,0.5,0.76973677
PGAM5,2,1,0.5,0.52041304
PGBD5,2,1,0.5,0.6026959
PGLYRP1,2,1,0.5,0.48639515
PGLYRP4,2,1,0.5,0.7786871
PHOSPHO2,2,1,0.5,0.489965
PI4K2A,2,1,0.5,0.49565554
PIGF,2,1,0.5,0.4906021
PIK3R4,2,1,0.5,0.6936295
PKNOX1,2,1,0.5,0.4664115
PKP4,2,1,0.5,0.72390306
PLA1A,2,1,0.5,0.49572748
PLA2G5,2,1,0.5,0.4140185
PLBD1,2,1,0.5,0.61670506
PLCD4,2,1,0.5,0.4494781
PLCXD2,2,1,0.5,0.7513947
PLEKHA2,2,1,0.5,0.49477255
PLEKHH1,2,1,0.5,0.42131117
PLEKHO1,2,1,0.5,0.74519986
PLK2,2,1,0.5,0.81974316
PLPP2,2,1,0.5,0.46235964
PLPP4,2,1,0.5,0.53954214
PLPP5,2,1,0.5,0.58573306
PLRG1,2,1,0.5,0.51882166
PLTP,2,1,0.5,0.49733466
PMVK,2,1,0.5,0.8086407
PNKD,2,1,0.5,0.54556847
PNKP,2,1,0.5,0.38622078
PNLIPRP1,2,1,0.5,0.49570462
PNMA5,2,1,0.5,0.6754446
PNOC,2,1,0.5,0.41754377
PODXL2,2,1,0.5,0.69871193
POGK,2,1,0.5,0.49552983
POLB,2,1,0.5,0.6436248
POLD1,2,1,0.5,0.47391817
POLD3,2,1,0.5,0.74176204
POLL,2,1,0.5,0.5022287
POTEA,2,1,0.5,0.58090705
POU5F1,2,1,0.5,0.6420707
POU6F1,2,1,0.5,0.61055225
PPFIA4,2,1,0.5,0.51382536
PPHLN1,2,1,0.5,0.72179776
PPIC,2,1,0.5,0.8377303
PPP1R2,2,1,0.5,0.48110846
PPP2R5C,2,1,0.5,0.4650984
PPP2R5E,2,1,0.5,0.49324822
PPP3R1,2,1,0.5,0.8609017
PRAMEF14,2,1,0.5,0.5661613
PRDM14,2,1,0.5,0.7332202
PRIM1,2,1,0.5,0.7342068
PRKCI,2,1,0.5,0.8346677
PRKCZ,2,1,0.5,0.49517453
PROCR,2,1,0.5,0.7172594
PROS1,2,1,0.5,0.46916825
PROSER1,2,1,0.5,0.8600368
PRPF3,2,1,0.5,0.5904502
PRPF31,2,1,0.5,0.4957515
PRR12,2,1,0.5,0.8388839
PRRT1,2,1,0.5,0.5256339
PRRT3,2,1,0.5,0.40402883
PRSS1,2,1,0.5,0.70018876
PRSS21,2,1,0.5,0.50030214
PRSS55,2,1,0.5,0.6875351
PSG11,2,1,0.5,0.8184223
PSMA3,2,1,0.5,0.4956789
PSMA8,2,1,0.5,0.4033196
PSMC1,2,1,0.5,0.8335758
PSMD4,2,1,0.5,0.4559617
PSMD5,2,1,0.5,0.49541938
PSMD8,2,1,0.5,0.81385386
PSME2,2,1,0.5,0.4845298
PSPC1,2,1,0.5,0.48460552
PTK2,2,1,0.5,0.7688025
PTK6,2,1,0.5,0.4911124
PTK7,2,1,0.5,0.7623186
PTPN21,2,1,0.5,0.49445271
PVRIG,2,1,0.5,0.49497432
PWP1,2,1,0.5,0.5017118
QPRT,2,1,0.5,0.53918135
QSOX2,2,1,0.5,0.63494146
R3HDM2,2,1,0.5,0.64609325
RAB11FIP3,2,1,0.5,0.5302041
RAB3IP,2,1,0.5,0.50415903
RAB7A,2,1,0.5,0.579614
RACK1,2,1,0.5,0.49515358
RAD17,2,1,0.5,0.7959056
RAD23A,2,1,0.5,0.495481
RAN,2,1,0.5,0.65537155
RAP1B,2,1,0.5,0.7308409
RAP1GDS1,2,1,0.5,0.75320303
RAPH1,2,1,0.5,0.47899973
RARG,2,1,0.5,0.6671892
RASAL1,2,1,0.5,0.7782331
RASGEF1B,2,1,0.5,0.84685385
RASL10B,2,1,0.5,0.49836537
RBM23,2,1,0.5,0.81933737
RBM26,2,1,0.5,0.49790305
RBM43,2,1,0.5,0.8280014
RBM7,2,1,0.5,0.6916313
RBMY1E,2,1,0.5,0.58491004
RCBTB1,2,1,0.5,0.4700975
RCC2,2,1,0.5,0.8619578
RCN2,2,1,0.5,0.49122682
RCOR2,2,1,0.5,0.4957414
RDX,2,1,0.5,0.5256617
REEP1,2,1,0.5,0.49494803
REG1B,2,1,0.5,0.8110439
RELT,2,1,0.5,0.58515334
RFC5,2,1,0.5,0.71906793
RFPL3,2,1,0.5,0.5398332
RFT1,2,1,0.5,0.49574664
RGS14,2,1,0.5,0.7846893
RGS17,2,1,0.5,0.39089286
RGS9BP,2,1,0.5,0.4956561
RHBDD1,2,1,0.5,0.4957465
RHBDF1,2,1,0.5,0.45904666
RHOD,2,1,0.5,0.6886231
RHPN2,2,1,0.5,0.68617564
RIN1,2,1,0.5,0.79701996
RIPK3,2,1,0.5,0.48606104
RIPOR3,2,1,0.5,0.42591035
RNASE7,2,1,0.5,0.49540365
RNF113B,2,1,0.5,0.47411287
RNF141,2,1,0.5,0.54644907
RNF145,2,1,0.5,0.69744134
RNF183,2,1,0.5,0.49460298
RNF19B,2,1,0.5,0.658735
RNF217,2,1,0.5,0.49367177
RNF31,2,1,0.5,0.81735
RNF6,2,1,0.5,0.7309762
RNPEPL1,2,1,0.5,0.49317735
RORA,2,1,0.5,0.72509366
RPE65,2,1,0.5,0.64051914
RPH3AL,2,1,0.5,0.62869054
RPL10,2,1,0.5,0.49574843
RPL10L,2,1,0.5,0.6685982
RPL26P30,2,1,0.5,0.49603334
RPL39,2,1,0.5,0.4899218
RPL7A,2,1,0.5,0.5160891
RPLP2,2,1,0.5,0.48658675
RPP30,2,1,0.5,0.7586183
RPRD1A,2,1,0.5,0.41606554
RPS10-NUDT3,2,1,0.5,0.45200345
RPS9,2,1,0.5,0.48878828
RRAGA,2,1,0.5,0.49614808
RRH,2,1,0.5,0.8014182
RRM2,2,1,0.5,0.47976747
RS1,2,1,0.5,0.49176338
RSPH10B2,2,1,0.5,0.49510935
RTP3,2,1,0.5,0.81267846
RUNDC1,2,1,0.5,0.4956678
RUNX3,2,1,0.5,0.49548474
RUVBL1,2,1,0.5,0.5390351
RXYLT1,2,1,0.5,0.7002562
S1PR2,2,1,0.5,0.77760476
SALL1,2,1,0.5,0.45277387
SAMD11,2,1,0.5,0.4701766
SC5D,2,1,0.5,0.7481772
SCAMP4,2,1,0.5,0.47681895
SCAMP5,2,1,0.5,0.58456576
SCARB1,2,1,0.5,0.48398355
SCD5,2,1,0.5,0.5021943
SCFD2,2,1,0.5,0.6099
SCN1B,2,1,0.5,0.46237686
SCN2B,2,1,0.5,0.76519203
SCRN2,2,1,0.5,0.5359582
SDCCAG8,2,1,0.5,0.6128968
SEC11A,2,1,0.5,0.74929404
SEC14L3,2,1,0.5,0.6846062
SEC23A,2,1,0.5,0.6160507
SEC61A1,2,1,0.5,0.4654817
SECTM1,2,1,0.5,0.73798376
SELPLG,2,1,0.5,0.62709
SEMA4C,2,1,0.5,0.63375366
SEMA6B,2,1,0.5,0.49575558
SEPTIN8,2,1,0.5,0.39805782
SEPTIN9,2,1,0.5,0.62023
SERPINA10,2,1,0.5,0.5238389
SERPINI1,2,1,0.5,0.8063872
SERTAD4,2,1,0.5,0.49594417
SETMAR,2,1,0.5,0.80699915
SF1,2,1,0.5,0.57863694
SF3A1,2,1,0.5,0.8153965
SF3A3,2,1,0.5,0.5991497
SF3B1,2,1,0.5,0.5643124
SFN,2,1,0.5,0.7697824
SFRP4,2,1,0.5,0.49624953
SGCG,2,1,0.5,0.6485176
SGK2,2,1,0.5,0.8688039
SGPP2,2,1,0.5,0.8147795
SH2D1B,2,1,0.5,0.6995275
SH3BP5L,2,1,0.5,0.4956892
SH3GL1,2,1,0.5,0.6568877
SH3GL2,2,1,0.5,0.48469394
SHMT1,2,1,0.5,0.81231797
SHOX,2,1,0.5,0.41649598
SHQ1,2,1,0.5,0.83472383
SIAH3,2,1,0.5,0.48083183
SIGLEC7,2,1,0.5,0.48395696
SIM2,2,1,0.5,0.852304
SIRPA,2,1,0.5,0.47506624
SIX4,2,1,0.5,0.5774127
SKA3,2,1,0.5,0.5218942
SKAP2,2,1,0.5,0.7286524
SLAMF1,2,1,0.5,0.7797464
SLAMF8,2,1,0.5,0.8219149
SLBP,2,1,0.5,0.6452315
SLC10A6,2,1,0.5,0.74682736
SLC16A6,2,1,0.5,0.44125262
SLC17A3,2,1,0.5,0.6088029
SLC22A16,2,1,0.5,0.5332134
SLC22A5,2,1,0.5,0.6493714
SLC23A3,2,1,0.5,0.6162298
SLC25A12,2,1,0.5,0.48171812
SLC25A30,2,1,0.5,0.58287466
SLC25A34,2,1,0.5,0.4876977
SLC25A36,2,1,0.5,0.67377806
SLC25A37,2,1,0.5,0.59021795
SLC25A48,2,1,0.5,0.5796783
SLC25A51,2,1,0.5,0.48591632
SLC27A4,2,1,0.5,0.4957342
SLC29A1,2,1,0.5,0.816991
SLC2A5,2,1,0.5,0.72685426
SLC30A10,2,1,0.5,0.66919607
SLC30A4,2,1,0.5,0.49571624
SLC35A2,2,1,0.5,0.47414973
SLC35C2,2,1,0.5,0.765234
SLC35D3,2,1,0.5,0.49357963
SLC35F3,2,1,0.5,0.5397518
SLC38A6,2,1,0.5,0.68900263
SLC38A8,2,1,0.5,0.710932
SLC39A7,2,1,0.5,0.52738106
SLC45A2,2,1,0.5,0.49841657
SLC46A1,2,1,0.5,0.6562769
SLC4A11,2,1,0.5,0.6539098
SLC52A2,2,1,0.5,0.5033687
SLC52A3,2,1,0.5,0.495672
SLC5A2,2,1,0.5,0.49798054
SLC5A6,2,1,0.5,0.76847285
SLC6A11,2,1,0.5,0.49444798
SLC6A8,2,1,0.5,0.49488533
SLC7A2,2,1,0.5,0.7021427
SLC9A8,2,1,0.5,0.48840982
SLC9B2,2,1,0.5,0.4853405
SLITRK1,2,1,0.5,0.7282784
SLITRK5,2,1,0.5,0.6321533
SLPI,2,1,0.5,0.72873497
SMAP2,2,1,0.5,0.82799923
SMG6,2,1,0.5,0.7015574
SMG9,2,1,0.5,0.67392355
SMOX,2,1,0.5,0.46856624
SMPD4,2,1,0.5,0.444856
SMTNL1,2,1,0.5,0.47185802
SMTNL2,2,1,0.5,0.55113673
SMURF2,2,1,0.5,0.4961707
SNAI2,2,1,0.5,0.6419576
SNORD114-20,2,1,0.5,0.7944675
SNORD115-16,2,1,0.5,0.7390413
SNORD115-20,2,1,0.5,0.40974653
SNORD116-24,2,1,0.5,0.49001604
SNORD116-27,2,1,0.5,0.60312057
SNTA1,2,1,0.5,0.4954199
SNTB1,2,1,0.5,0.5433643
SNX20,2,1,0.5,0.3867804
SNX24,2,1,0.5,0.5927821
SNX33,2,1,0.5,0.4549947
SOCS4,2,1,0.5,0.47438198
SOCS5,2,1,0.5,0.4913079
SOX14,2,1,0.5,0.48639396
SOX7,2,1,0.5,0.48152122
SP8,2,1,0.5,0.7382443
SPATA18,2,1,0.5,0.49572518
SPATA32,2,1,0.5,0.8159826
SPATA6L,2,1,0.5,0.6831729
SPATS2,2,1,0.5,0.4828488
SPDYC,2,1,0.5,0.6218954
SPG21,2,1,0.5,0.7753226
SPINK7,2,1,0.5,0.71901375
SPNS2,2,1,0.5,0.5008442
SPP2,2,1,0.5,0.5660527
SPRR2B,2,1,0.5,0.70921063
SPRR3,2,1,0.5,0.6044948
SPRY2,2,1,0.5,0.5181689
SPSB1,2,1,0.5,0.789845
SQOR,2,1,0.5,0.6373514
SRCIN1,2,1,0.5,0.49264583
SRD5A3,2,1,0.5,0.812712
SREBF1,2,1,0.5,0.6223386
SREK1,2,1,0.5,0.6511692
SRRM1,2,1,0.5,0.58149606
SRSF10,2,1,0.5,0.60979116
SRSF12,2,1,0.5,0.6782475
SSTR1,2,1,0.5,0.48240235
ST3GAL3,2,1,0.5,0.6480641
ST8SIA5,2,1,0.5,0.49564263
STBD1,2,1,0.5,0.6999781
STEAP3,2,1,0.5,0.41940176
STK17A,2,1,0.5,0.49579856
STK17B,2,1,0.5,0.5316704
STK19,2,1,0.5,0.57119644
STK3,2,1,0.5,0.69556046
STMN3,2,1,0.5,0.6435474
STRBP,2,1,0.5,0.49531436
STX1B,2,1,0.5,0.49499375
STX4,2,1,0.5,0.53242886
SUCNR1,2,1,0.5,0.59408265
SUCO,2,1,0.5,0.6786073
SUGP2,2,1,0.5,0.40613636
SULT1C4,2,1,0.5,0.78433794
SYPL2,2,1,0.5,0.6576899
SYT2,2,1,0.5,0.6769882
SYT8,2,1,0.5,0.4875878
TACC1,2,1,0.5,0.52310866
TADA2B,2,1,0.5,0.49066436
TAF5L,2,1,0.5,0.5305888
TAMALIN,2,1,0.5,0.4954526
TAPBPL,2,1,0.5,0.4233218
TARBP2,2,1,0.5,0.8276392
TAS2R13,2,1,0.5,0.6603202
TAS2R39,2,1,0.5,0.556292
TBC1D15,2,1,0.5,0.83248496
TBC1D20,2,1,0.5,0.52153444
TBC1D22A,2,1,0.5,0.47587615
TBC1D24,2,1,0.5,0.7249929
TBL2,2,1,0.5,0.57885945
TBX2,2,1,0.5,0.4604478
TCF21,2,1,0.5,0.6091276
TCF7L1,2,1,0.5,0.49339667
TCHP,2,1,0.5,0.475644
TCL1B,2,1,0.5,0.47890556
TDGF1,2,1,0.5,0.5887444
TEAD3,2,1,0.5,0.46616074
TECTB,2,1,0.5,0.49563834
TEPP,2,1,0.5,0.49972332
TESMIN,2,1,0.5,0.49216768
TEX13A,2,1,0.5,0.58668447
TEX30,2,1,0.5,0.4762587
TF,2,1,0.5,0.49599367
TFAM,2,1,0.5,0.58698064
TFE3,2,1,0.5,0.49590522
TFPI,2,1,0.5,0.68115324
THBS3,2,1,0.5,0.5463932
THRSP,2,1,0.5,0.83988684
THUMPD1,2,1,0.5,0.55237377
THYN1,2,1,0.5,0.5288238
TIMM50,2,1,0.5,0.56937957
TIMM8A,2,1,0.5,0.53295195
TINAGL1,2,1,0.5,0.49518993
TLDC2,2,1,0.5,0.49607968
TM2D1,2,1,0.5,0.6368564
TMC7,2,1,0.5,0.779283
TMED6,2,1,0.5,0.6569631
TMEM109,2,1,0.5,0.6903813
TMEM132A,2,1,0.5,0.37684074
TMEM184A,2,1,0.5,0.5947484
TMEM19,2,1,0.5,0.832167
TMEM208,2,1,0.5,0.41456333
TMEM266,2,1,0.5,0.6796638
TMEM79,2,1,0.5,0.84811544
TMEM86A,2,1,0.5,0.49575102
TMPRSS2,2,1,0.5,0.6356405
TMUB2,2,1,0.5,0.5085663
TNF,2,1,0.5,0.5755604
TNFAIP1,2,1,0.5,0.47200677
TNFAIP8,2,1,0.5,0.5359598
TNFRSF1A,2,1,0.5,0.796569
TNFRSF1B,2,1,0.5,0.5090213
TNFSF4,2,1,0.5,0.7076966
TNNT2,2,1,0.5,0.7240272
TOP3A,2,1,0.5,0.60647506
TOP3B,2,1,0.5,0.4558334
TOR1A,2,1,0.5,0.49202976
TOR1AIP1,2,1,0.5,0.5399418
TP73,2,1,0.5,0.65708673
TPH2,2,1,0.5,0.81235224
TPK1,2,1,0.5,0.49563456
TPM2,2,1,0.5,0.7254948
TPP2,2,1,0.5,0.7114754
TPPP3,2,1,0.5,0.5009008
TPST2,2,1,0.5,0.47928473
TRAF5,2,1,0.5,0.47878966
TRAPPC6B,2,1,0.5,0.48579526
TRAV7,2,1,0.5,0.4830082
TRDMT1,2,1,0.5,0.6217534
TRGV5,2,1,0.5,0.7681458
TRIL,2,1,0.5,0.49822098
TRIM38,2,1,0.5,0.53296316
TRIM45,2,1,0.5,0.63896596
TRIM48,2,1,0.5,0.58960676
TRIM54,2,1,0.5,0.4946467
TRIM6-TRIM34,2,1,0.5,0.49338943
TRIM68,2,1,0.5,0.49227658
TRIM8,2,1,0.5,0.48915666
TRIT1,2,1,0.5,0.51585686
TRMT2A,2,1,0.5,0.570281
TRMT61B,2,1,0.5,0.4957069
TRPC3,2,1,0.5,0.44265708
TSEN2,2,1,0.5,0.53514254
TSKU,2,1,0.5,0.5768374
TSNAX,2,1,0.5,0.54567987
TSPYL1,2,1,0.5,0.47790688
TTC23L,2,1,0.5,0.45045325
TTLL3,2,1,0.5,0.5506765
TUBB6,2,1,0.5,0.49630588
TVP23A,2,1,0.5,0.4892696
TYK2,2,1,0.5,0.39909378
UBAC1,2,1,0.5,0.8132268
UBAP2,2,1,0.5,0.4959986
UBB,2,1,0.5,0.77765083
UBE2J1,2,1,0.5,0.76489234
UBE2W,2,1,0.5,0.49220416
UBFD1,2,1,0.5,0.495774
UBXN2B,2,1,0.5,0.5087801
UBXN8,2,1,0.5,0.79154015
UCP3,2,1,0.5,0.49967647
UEVLD,2,1,0.5,0.60632753
UFD1,2,1,0.5,0.49038017
UGT1A9,2,1,0.5,0.79720455
UGT2B17,2,1,0.5,0.7289039
UHRF1,2,1,0.5,0.56460536
UMPS,2,1,0.5,0.80031955
UNC119,2,1,0.5,0.49503484
UNC5CL,2,1,0.5,0.76817596
UNK,2,1,0.5,0.4945088
UQCRC1,2,1,0.5,0.73304754
URB1,2,1,0.5,0.65716904
UROD,2,1,0.5,0.6766658
USO1,2,1,0.5,0.49707028
USP18,2,1,0.5,0.4042017
USP2,2,1,0.5,0.7214556
USP40,2,1,0.5,0.8154968
USP45,2,1,0.5,0.4765006
USP48,2,1,0.5,0.8105643
USP51,2,1,0.5,0.48967955
USP8,2,1,0.5,0.8154621
UTP11,2,1,0.5,0.5185964
UTP23,2,1,0.5,0.49496973
VANGL2,2,1,0.5,0.7014195
VIT,2,1,0.5,0.5428282
VN1R2,2,1,0.5,0.6715273
VPS33B,2,1,0.5,0.6454834
VPS35,2,1,0.5,0.7122402
VPS35L,2,1,0.5,0.4966765
VPS45,2,1,0.5,0.7991489
VSIG1,2,1,0.5,0.60504186
WDR26,2,1,0.5,0.65012693
WDR4,2,1,0.5,0.45133337
WDR45B,2,1,0.5,0.48962414
WDR74,2,1,0.5,0.7098061
WDR93,2,1,0.5,0.5244699
WFIKKN2,2,1,0.5,0.8153776
WHRN,2,1,0.5,0.49562493
WNT16,2,1,0.5,0.7711036
WSB2,2,1,0.5,0.601142
WWTR1,2,1,0.5,0.6884213
XIST,2,1,0.5,0.49549258
XKR4,2,1,0.5,0.52810687
XKR6,2,1,0.5,0.8536402
XPO4,2,1,0.5,0.55947256
XPO6,2,1,0.5,0.72611606
XPO7,2,1,0.5,0.74944466
XRCC4,2,1,0.5,0.412301
XRCC6,2,1,0.5,0.52375925
YES1,2,1,0.5,0.5718597
YJU2,2,1,0.5,0.49561453
ZBED8,2,1,0.5,0.5498098
ZBTB1,2,1,0.5,0.46956256
ZBTB12,2,1,0.5,0.65453243
ZBTB34,2,1,0.5,0.51941067
ZBTB43,2,1,0.5,0.49290743
ZBTB44,2,1,0.5,0.5057093
ZBTB48,2,1,0.5,0.697024
ZBTB5,2,1,0.5,0.43906283
ZBTB7A,2,1,0.5,0.4956617
ZBTB7B,2,1,0.5,0.7770326
ZBTB8A,2,1,0.5,0.51940376
ZBTB8OS,2,1,0.5,0.53410405
ZC3H6,2,1,0.5,0.5411283
ZC3H8,2,1,0.5,0.467306
ZCRB1,2,1,0.5,0.8391409
ZDHHC11,2,1,0.5,0.81184494
ZDHHC19,2,1,0.5,0.4056447
ZDHHC7,2,1,0.5,0.6131111
ZDHHC8,2,1,0.5,0.61386865
ZEB1,2,1,0.5,0.53415924
ZFAND4,2,1,0.5,0.66329205
ZFP82,2,1,0.5,0.5802058
ZIC3,2,1,0.5,0.49567983
ZKSCAN8,2,1,0.5,0.50633943
ZMAT1,2,1,0.5,0.49043053
ZMPSTE24,2,1,0.5,0.68213415
ZNF141,2,1,0.5,0.49607024
ZNF146,2,1,0.5,0.50829184
ZNF154,2,1,0.5,0.83602303
ZNF195,2,1,0.5,0.66540956
ZNF212,2,1,0.5,0.5006451
ZNF233,2,1,0.5,0.83395636
ZNF273,2,1,0.5,0.74066544
ZNF282,2,1,0.5,0.49569434
ZNF287,2,1,0.5,0.5429556
ZNF311,2,1,0.5,0.5428312
ZNF322P1,2,1,0.5,0.4268305
ZNF324B,2,1,0.5,0.62417185
ZNF331,2,1,0.5,0.519917
ZNF343,2,1,0.5,0.495706
ZNF358,2,1,0.5,0.49568698
ZNF383,2,1,0.5,0.6111264
ZNF398,2,1,0.5,0.53683245
ZNF408,2,1,0.5,0.5811916
ZNF436,2,1,0.5,0.5544591
ZNF439,2,1,0.5,0.62708926
ZNF45,2,1,0.5,0.82015264
ZNF484,2,1,0.5,0.4838023
ZNF510,2,1,0.5,0.49570775
ZNF513,2,1,0.5,0.5742543
ZNF518A,2,1,0.5,0.4957
ZNF534,2,1,0.5,0.82310516
ZNF566,2,1,0.5,0.61774224
ZNF57,2,1,0.5,0.5709771
ZNF573,2,1,0.5,0.49608117
ZNF584,2,1,0.5,0.54390556
ZNF594,2,1,0.5,0.7437553
ZNF600,2,1,0.5,0.66128373
ZNF613,2,1,0.5,0.5684619
ZNF615,2,1,0.5,0.5732336
ZNF616,2,1,0.5,0.5180243
ZNF621,2,1,0.5,0.4931159
ZNF625,2,1,0.5,0.72965074
ZNF629,2,1,0.5,0.4885911
ZNF639,2,1,0.5,0.7953432
ZNF708,2,1,0.5,0.53740823
ZNF718,2,1,0.5,0.38610616
ZNF75A,2,1,0.5,0.5782269
ZNF777,2,1,0.5,0.4612244
ZNF781,2,1,0.5,0.588519
ZNF785,2,1,0.5,0.7819947
ZNF80,2,1,0.5,0.49658248
ZNF823,2,1,0.5,0.6442423
ZNF83,2,1,0.5,0.53647774
ZNF92,2,1,0.5,0.4712884
ZNF93,2,1,0.5,0.49709818
ZNHIT6,2,1,0.5,0.8050562
ZPLD1,2,1,0.5,0.5952569
ZRANB1,2,1,0.5,0.51440746
ZSCAN21,2,1,0.5,0.49745172
ZSCAN32,2,1,0.5,0.6474156
ZXDB,2,1,0.5,0.53619814
AARS1,3,1,0.3333333333333333,0.6367638
AATF,3,1,0.3333333333333333,0.520524
ABCB6,3,1,0.3333333333333333,0.33046708
AC011462.1,3,1,0.3333333333333333,0.6125348
AC068580.4,3,1,0.3333333333333333,0.3280592
ADD3,3,1,0.3333333333333333,0.4427835
AGO1,3,1,0.3333333333333333,0.38850176
AL133500.1,3,1,0.3333333333333333,0.2976337
AL136295.1,3,1,0.3333333333333333,0.5330561
AL669918.1,3,1,0.3333333333333333,0.49939325
ALCAM,3,1,0.3333333333333333,0.3918728
ALDH3A2,3,1,0.3333333333333333,0.33029884
ALDH5A1,3,1,0.3333333333333333,0.5289449
ALG3,3,1,0.3333333333333333,0.33178145
ALPI,3,1,0.3333333333333333,0.32705843
AMBN,3,1,0.3333333333333333,0.623879
AMER2,3,1,0.3333333333333333,0.3322543
AMOT,3,1,0.3333333333333333,0.4013261
ANGPT1,3,1,0.3333333333333333,0.3303029
ANKFY1,3,1,0.3333333333333333,0.56336695
ANKRD40,3,1,0.3333333333333333,0.38501358
ANKRD42,3,1,0.3333333333333333,0.61310023
ANKS1A,3,1,0.3333333333333333,0.5615255
ANKZF1,3,1,0.3333333333333333,0.32755557
ANXA8L1,3,1,0.3333333333333333,0.45263982
AOC3,3,1,0.3333333333333333,0.43239316
AP1B1,3,1,0.3333333333333333,0.5729689
AP1M2,3,1,0.3333333333333333,0.47584105
AP5S1,3,1,0.3333333333333333,0.5205276
APLP1,3,1,0.3333333333333333,0.6015845
APOBEC3G,3,1,0.3333333333333333,0.2889098
APOH,3,1,0.3333333333333333,0.58181864
AQP12B,3,1,0.3333333333333333,0.33192447
ARHGEF4,3,1,0.3333333333333333,0.31678036
ARMC2,3,1,0.3333333333333333,0.4383956
ARSB,3,1,0.3333333333333333,0.39048734
ARSH,3,1,0.3333333333333333,0.5427473
ASPH,3,1,0.3333333333333333,0.6891604
ATF2,3,1,0.3333333333333333,0.5397009
ATMIN,3,1,0.3333333333333333,0.43592215
ATRN,3,1,0.3333333333333333,0.35903668
AURKAIP1,3,1,0.3333333333333333,0.55583185
AVPR1A,3,1,0.3333333333333333,0.41281202
B3GNT9,3,1,0.3333333333333333,0.31383127
B4GALT6,3,1,0.3333333333333333,0.51401955
BAIAP3,3,1,0.3333333333333333,0.31823558
BANK1,3,1,0.3333333333333333,0.38324198
BAP1,3,1,0.3333333333333333,0.5309778
BARHL2,3,1,0.3333333333333333,0.3180756
BCL6,3,1,0.3333333333333333,0.40880123
BMP6,3,1,0.3333333333333333,0.32457307
BORCS6,3,1,0.3333333333333333,0.33054438
BPNT1,3,1,0.3333333333333333,0.7232146
BRDT,3,1,0.3333333333333333,0.46688035
BTBD16,3,1,0.3333333333333333,0.49681678
BTN1A1,3,1,0.3333333333333333,0.8033709
C1orf220,3,1,0.3333333333333333,0.32836676
C6orf118,3,1,0.3333333333333333,0.58385867
C7orf26,3,1,0.3333333333333333,0.3252975
C8G,3,1,0.3333333333333333,0.39976808
CA5B,3,1,0.3333333333333333,0.5628181
CABLES2,3,1,0.3333333333333333,0.32694477
CACNB2,3,1,0.3333333333333333,0.33053616
CACYBP,3,1,0.3333333333333333,0.293519
CAMKK1,3,1,0.3333333333333333,0.32652697
CASKIN2,3,1,0.3333333333333333,0.41245142
CASP10,3,1,0.3333333333333333,0.54418856
CAV3,3,1,0.3333333333333333,0.33539522
CBLN2,3,1,0.3333333333333333,0.31117383
CCDC103,3,1,0.3333333333333333,0.38374233
CCDC116,3,1,0.3333333333333333,0.6613785
CCDC172,3,1,0.3333333333333333,0.2519259
CCDC185,3,1,0.3333333333333333,0.61762404
CCDC81,3,1,0.3333333333333333,0.59517235
CCKAR,3,1,0.3333333333333333,0.37683368
CCKBR,3,1,0.3333333333333333,0.45131218
CCL22,3,1,0.3333333333333333,0.26605204
CCNY,3,1,0.3333333333333333,0.39267612
CCSER2,3,1,0.3333333333333333,0.47227618
CD1B,3,1,0.3333333333333333,0.4051205
CD1E,3,1,0.3333333333333333,0.68506724
CD276,3,1,0.3333333333333333,0.31104374
CD53,3,1,0.3333333333333333,0.32086116
CD7,3,1,0.3333333333333333,0.5223618
CD9,3,1,0.3333333333333333,0.43313363
CDC37,3,1,0.3333333333333333,0.45769656
CENPN,3,1,0.3333333333333333,0.5770677
CENPS-CORT,3,1,0.3333333333333333,0.4727997
CERKL,3,1,0.3333333333333333,0.41032767
CFAP94,3,1,0.3333333333333333,0.48673102
CFP,3,1,0.3333333333333333,0.28142783
CGA,3,1,0.3333333333333333,0.50588447
CGB5,3,1,0.3333333333333333,0.32941353
CHI3L2,3,1,0.3333333333333333,0.5447789
CHMP2A,3,1,0.3333333333333333,0.33048913
CHRDL1,3,1,0.3333333333333333,0.29627216
CHST10,3,1,0.3333333333333333,0.5593507
CHST8,3,1,0.3333333333333333,0.652812
CIB2,3,1,0.3333333333333333,0.3182649
CIB3,3,1,0.3333333333333333,0.3597795
CILK1,3,1,0.3333333333333333,0.2699802
CIZ1,3,1,0.3333333333333333,0.33045682
CLCA3P,3,1,0.3333333333333333,0.64537627
CLDN23,3,1,0.3333333333333333,0.28571656
COASY,3,1,0.3333333333333333,0.56618375
COQ8A,3,1,0.3333333333333333,0.47585964
CORO1A,3,1,0.3333333333333333,0.32464913
CORO6,3,1,0.3333333333333333,0.63930076
CPNE3,3,1,0.3333333333333333,0.32967368
CPNE5,3,1,0.3333333333333333,0.30551925
CPNE7,3,1,0.3333333333333333,0.574133
CPQ,3,1,0.3333333333333333,0.42432216
CPT1B,3,1,0.3333333333333333,0.33049706
CRBN,3,1,0.3333333333333333,0.5179878
CRY1,3,1,0.3333333333333333,0.40136683
CRYGB,3,1,0.3333333333333333,0.31911102
CSF3R,3,1,0.3333333333333333,0.37128043
CSNK1G3,3,1,0.3333333333333333,0.4920982
CSRNP1,3,1,0.3333333333333333,0.4598159
CT55,3,1,0.3333333333333333,0.32588255
CTBS,3,1,0.3333333333333333,0.45546997
CYP26B1,3,1,0.3333333333333333,0.4874142
CYP2S1,3,1,0.3333333333333333,0.63616526
CYP4X1,3,1,0.3333333333333333,0.5182454
D2HGDH,3,1,0.3333333333333333,0.27790797
DBF4,3,1,0.3333333333333333,0.33313796
DBR1,3,1,0.3333333333333333,0.41203275
DCAF4L2,3,1,0.3333333333333333,0.4160081
DCDC2,3,1,0.3333333333333333,0.47451457
DCK,3,1,0.3333333333333333,0.65274185
DCLRE1C,3,1,0.3333333333333333,0.5251445
DDAH1,3,1,0.3333333333333333,0.33151343
DDR1,3,1,0.3333333333333333,0.48036554
DDX47,3,1,0.3333333333333333,0.48685172
DFFB,3,1,0.3333333333333333,0.33045208
DHODH,3,1,0.3333333333333333,0.33046874
DHRS11,3,1,0.3333333333333333,0.3304724
DHRS2,3,1,0.3333333333333333,0.59469485
DHX58,3,1,0.3333333333333333,0.50156015
DIP2A,3,1,0.3333333333333333,0.32982853
DIS3L,3,1,0.3333333333333333,0.56361175
DLG2,3,1,0.3333333333333333,0.44136968
DLG4,3,1,0.3333333333333333,0.32715136
DMRT3,3,1,0.3333333333333333,0.3139117
DNAJB5,3,1,0.3333333333333333,0.45565107
DNAJC11,3,1,0.3333333333333333,0.32825482
DOC2A,3,1,0.3333333333333333,0.33584908
DPP4,3,1,0.3333333333333333,0.47645617
DRGX,3,1,0.3333333333333333,0.32890418
DTNB,3,1,0.3333333333333333,0.5078586
DUS4L-BCAP29,3,1,0.3333333333333333,0.6434837
DXO,3,1,0.3333333333333333,0.35053265
DZIP1L,3,1,0.3333333333333333,0.5083001
DZIP3,3,1,0.3333333333333333,0.39646962
EEF1AKNMT,3,1,0.3333333333333333,0.6293374
EFCAB12,3,1,0.3333333333333333,0.25753468
EFHC1,3,1,0.3333333333333333,0.50929546
EFR3A,3,1,0.3333333333333333,0.33312425
ELMO2,3,1,0.3333333333333333,0.5351565
ELMOD1,3,1,0.3333333333333333,0.3304634
ENTPD6,3,1,0.3333333333333333,0.39615035
EPB41L4A,3,1,0.3333333333333333,0.5418241
EPC1,3,1,0.3333333333333333,0.2794164
EPS15,3,1,0.3333333333333333,0.41839084
ERBB4,3,1,0.3333333333333333,0.31644243
ERCC6L2,3,1,0.3333333333333333,0.65545243
EVI2B,3,1,0.3333333333333333,0.45457223
EXOC4,3,1,0.3333333333333333,0.71951985
EYA1,3,1,0.3333333333333333,0.3434898
F2,3,1,0.3333333333333333,0.6675493
FAM110B,3,1,0.3333333333333333,0.32724586
FAM120C,3,1,0.3333333333333333,0.33051214
FAM122A,3,1,0.3333333333333333,0.5909996
FAM151A,3,1,0.3333333333333333,0.52189237
FAM181A,3,1,0.3333333333333333,0.26412752
FAM184A,3,1,0.3333333333333333,0.4056419
FAM237A,3,1,0.3333333333333333,0.40580425
FAM71A,3,1,0.3333333333333333,0.339717
FANCI,3,1,0.3333333333333333,0.475329
FBF1,3,1,0.3333333333333333,0.35593545
FBLIM1,3,1,0.3333333333333333,0.29776114
FBXO3,3,1,0.3333333333333333,0.5005626
FBXW4,3,1,0.3333333333333333,0.46048215
FCHSD1,3,1,0.3333333333333333,0.33038244
FEM1A,3,1,0.3333333333333333,0.32503006
FGD3,3,1,0.3333333333333333,0.46506253
FGF5,3,1,0.3333333333333333,0.42325607
FHL1,3,1,0.3333333333333333,0.70130426
FO393400.1,3,1,0.3333333333333333,0.48832813
FOXRED1,3,1,0.3333333333333333,0.33061814
FPR1,3,1,0.3333333333333333,0.38392982
FSHR,3,1,0.3333333333333333,0.5551601
FSTL1,3,1,0.3333333333333333,0.54696566
FTSJ3,3,1,0.3333333333333333,0.53338856
FUBP1,3,1,0.3333333333333333,0.6357096
FUT2,3,1,0.3333333333333333,0.40769175
GABRR1,3,1,0.3333333333333333,0.32980108
GALNT18,3,1,0.3333333333333333,0.5836943
GALNT7,3,1,0.3333333333333333,0.3311791
GASK1B,3,1,0.3333333333333333,0.33146277
GATA6,3,1,0.3333333333333333,0.5305121
GBP5,3,1,0.3333333333333333,0.5276413
GC,3,1,0.3333333333333333,0.49568042
GCA,3,1,0.3333333333333333,0.4452088
GDPD4,3,1,0.3333333333333333,0.6332667
GDPD5,3,1,0.3333333333333333,0.5487083
GFRA2,3,1,0.3333333333333333,0.56937736
GGA2,3,1,0.3333333333333333,0.5556657
GGT7,3,1,0.3333333333333333,0.33037138
GJA5,3,1,0.3333333333333333,0.7256999
GLIS3,3,1,0.3333333333333333,0.50729823
GLRA2,3,1,0.3333333333333333,0.4721763
GNL2,3,1,0.3333333333333333,0.4019517
GNRHR,3,1,0.3333333333333333,0.62138456
GPR26,3,1,0.3333333333333333,0.53698397
GPR35,3,1,0.3333333333333333,0.38615283
GPRC5A,3,1,0.3333333333333333,0.5338435
GPRC5B,3,1,0.3333333333333333,0.31985298
GPRC5D,3,1,0.3333333333333333,0.33266225
GRIN2C,3,1,0.3333333333333333,0.31871834
GRIN2D,3,1,0.3333333333333333,0.45059296
GUCA1C,3,1,0.3333333333333333,0.49052247
GUK1,3,1,0.3333333333333333,0.43027508
GZF1,3,1,0.3333333333333333,0.34208405
H3-4,3,1,0.3333333333333333,0.43511486
HAP1,3,1,0.3333333333333333,0.46683583
HAUS8,3,1,0.3333333333333333,0.32854974
HDAC5,3,1,0.3333333333333333,0.46068907
HENMT1,3,1,0.3333333333333333,0.5648183
HHAT,3,1,0.3333333333333333,0.55750376
HLA-E,3,1,0.3333333333333333,0.67206985
HLA-F,3,1,0.3333333333333333,0.42789736
HMSD,3,1,0.3333333333333333,0.5510792
HNRNPH3,3,1,0.3333333333333333,0.3369974
HOMER1,3,1,0.3333333333333333,0.3744668
HOXD10,3,1,0.3333333333333333,0.28773138
HROB,3,1,0.3333333333333333,0.622431
HS3ST4,3,1,0.3333333333333333,0.35512125
HS3ST5,3,1,0.3333333333333333,0.32624373
HSD11B1,3,1,0.3333333333333333,0.55435497
HSD17B4,3,1,0.3333333333333333,0.39348483
HSP90B1,3,1,0.3333333333333333,0.46266857
HSPA13,3,1,0.3333333333333333,0.4904525
HTR1A,3,1,0.3333333333333333,0.62951
HTR1E,3,1,0.3333333333333333,0.6028113
IDO2,3,1,0.3333333333333333,0.39659214
IFRD2,3,1,0.3333333333333333,0.33691117
IGKV1-6,3,1,0.3333333333333333,0.44784507
IGSF22,3,1,0.3333333333333333,0.4632732
IL15RA,3,1,0.3333333333333333,0.28117633
IL20RB,3,1,0.3333333333333333,0.6152614
IL27RA,3,1,0.3333333333333333,0.43569764
IL36B,3,1,0.3333333333333333,0.6265204
INCENP,3,1,0.3333333333333333,0.37845406
INF2,3,1,0.3333333333333333,0.320524
INO80D,3,1,0.3333333333333333,0.31296563
INSL6,3,1,0.3333333333333333,0.50330734
IQCF1,3,1,0.3333333333333333,0.33606425
IQCH,3,1,0.3333333333333333,0.33650687
IQSEC2,3,1,0.3333333333333333,0.3261023
IRAK2,3,1,0.3333333333333333,0.3331435
IRF2BP1,3,1,0.3333333333333333,0.40304956
ITM2C,3,1,0.3333333333333333,0.48704326
ITPRIPL2,3,1,0.3333333333333333,0.47133037
KCNAB1,3,1,0.3333333333333333,0.53655607
KCNE1,3,1,0.3333333333333333,0.34519756
KIF26A,3,1,0.3333333333333333,0.31050834
KIF26B,3,1,0.3333333333333333,0.53832144
KLHL25,3,1,0.3333333333333333,0.32644138
KLHL26,3,1,0.3333333333333333,0.63044614
KRAS,3,1,0.3333333333333333,0.31872514
KRI1,3,1,0.3333333333333333,0.7905073
KRT32,3,1,0.3333333333333333,0.612171
KRT33A,3,1,0.3333333333333333,0.5136235
KRT79,3,1,0.3333333333333333,0.5359925
KRTAP10-2,3,1,0.3333333333333333,0.59313476
KRTAP10-5,3,1,0.3333333333333333,0.5172413
KRTAP27-1,3,1,0.3333333333333333,0.3399996
KRTAP5-10,3,1,0.3333333333333333,0.4117026
KTI12,3,1,0.3333333333333333,0.42408082
L3MBTL2,3,1,0.3333333333333333,0.3304612
LAT,3,1,0.3333333333333333,0.32457873
LCE1E,3,1,0.3333333333333333,0.33004853
LDB1,3,1,0.3333333333333333,0.55549115
LENG8,3,1,0.3333333333333333,0.25129476
LETM1,3,1,0.3333333333333333,0.32129052
LGALS8,3,1,0.3333333333333333,0.4694732
LIFR,3,1,0.3333333333333333,0.571243
LMAN2,3,1,0.3333333333333333,0.5164041
LMCD1,3,1,0.3333333333333333,0.32966018
LMNTD2,3,1,0.3333333333333333,0.31283638
LOXL1,3,1,0.3333333333333333,0.29423043
LPCAT2,3,1,0.3333333333333333,0.38055024
LPIN3,3,1,0.3333333333333333,0.33049104
LRCH1,3,1,0.3333333333333333,0.3346937
LRCH2,3,1,0.3333333333333333,0.3170131
LRIG2,3,1,0.3333333333333333,0.33000925
LRP8,3,1,0.3333333333333333,0.61103475
LRRC18,3,1,0.3333333333333333,0.4300873
LRRC23,3,1,0.3333333333333333,0.5827407
LRRC25,3,1,0.3333333333333333,0.32185024
LRRC8C,3,1,0.3333333333333333,0.5003639
LRRIQ4,3,1,0.3333333333333333,0.5297429
LRSAM1,3,1,0.3333333333333333,0.5158998
LTA4H,3,1,0.3333333333333333,0.33076826
LUZP2,3,1,0.3333333333333333,0.4093541
LYZL6,3,1,0.3333333333333333,0.33257672
MACROH2A2,3,1,0.3333333333333333,0.33028394
MAGEA12,3,1,0.3333333333333333,0.2796381
MAGEA8,3,1,0.3333333333333333,0.40848717
MAGED1,3,1,0.3333333333333333,0.34264386
MAGEE1,3,1,0.3333333333333333,0.32913202
MAN1A1,3,1,0.3333333333333333,0.30036613
MAPKAPK2,3,1,0.3333333333333333,0.51170397
MARCHF3,3,1,0.3333333333333333,0.5025161
MBNL3,3,1,0.3333333333333333,0.25902066
MC5R,3,1,0.3333333333333333,0.49699807
MCF2L2,3,1,0.3333333333333333,0.6984851
MDM2,3,1,0.3333333333333333,0.51611775
MDM4,3,1,0.3333333333333333,0.7031195
ME3,3,1,0.3333333333333333,0.41026583
MEI1,3,1,0.3333333333333333,0.3392087
METTL21C,3,1,0.3333333333333333,0.4896187
MFSD2B,3,1,0.3333333333333333,0.6572011
MGAT3,3,1,0.3333333333333333,0.47280225
MGLL,3,1,0.3333333333333333,0.33045086
MIDN,3,1,0.3333333333333333,0.35158285
MKNK1,3,1,0.3333333333333333,0.60063046
MKRN2,3,1,0.3333333333333333,0.39021012
MKX,3,1,0.3333333333333333,0.3289049
MLH1,3,1,0.3333333333333333,0.3673952
MME,3,1,0.3333333333333333,0.5936029
MOB4,3,1,0.3333333333333333,0.4031483
MPRIP,3,1,0.3333333333333333,0.41007438
MRPL1,3,1,0.3333333333333333,0.5082321
MSANTD1,3,1,0.3333333333333333,0.3523103
MTERF2,3,1,0.3333333333333333,0.598797
MUTYH,3,1,0.3333333333333333,0.425086
MVD,3,1,0.3333333333333333,0.3307392
MVK,3,1,0.3333333333333333,0.4792377
MYCT1,3,1,0.3333333333333333,0.6639013
MYDGF,3,1,0.3333333333333333,0.5356188
MYF6,3,1,0.3333333333333333,0.45103404
MYOZ1,3,1,0.3333333333333333,0.33045617
MZF1,3,1,0.3333333333333333,0.34439674
NADK2,3,1,0.3333333333333333,0.40655902
NAIP,3,1,0.3333333333333333,0.6866536
NANOG,3,1,0.3333333333333333,0.6318797
NAT9,3,1,0.3333333333333333,0.394977
NCK2,3,1,0.3333333333333333,0.3304578
NECTIN2,3,1,0.3333333333333333,0.32941923
NECTIN3,3,1,0.3333333333333333,0.54433197
NEK2,3,1,0.3333333333333333,0.49740326
NETO2,3,1,0.3333333333333333,0.6191533
NEU1,3,1,0.3333333333333333,0.5421669
NFYC,3,1,0.3333333333333333,0.49664772
NIPA1,3,1,0.3333333333333333,0.53272897
NOC3L,3,1,0.3333333333333333,0.32849884
NOMO2,3,1,0.3333333333333333,0.33043525
NOP2,3,1,0.3333333333333333,0.42962638
NOS1AP,3,1,0.3333333333333333,0.52941024
NPAS3,3,1,0.3333333333333333,0.32984585
NPTXR,3,1,0.3333333333333333,0.38446817
NR1H3,3,1,0.3333333333333333,0.6282236
NTN1,3,1,0.3333333333333333,0.49161902
NUP85,3,1,0.3333333333333333,0.39040706
OAS3,3,1,0.3333333333333333,0.47676024
OLFM1,3,1,0.3333333333333333,0.29151192
OPN1LW,3,1,0.3333333333333333,0.32624432
OPRPN,3,1,0.3333333333333333,0.48581848
OR10A2,3,1,0.3333333333333333,0.5952874
OR10G2,3,1,0.3333333333333333,0.31431594
OR13C3,3,1,0.3333333333333333,0.632882
OR13F1,3,1,0.3333333333333333,0.5728627
OR1I1,3,1,0.3333333333333333,0.47112858
OR2A14,3,1,0.3333333333333333,0.53555626
OR2B3,3,1,0.3333333333333333,0.44815484
OR2K2,3,1,0.3333333333333333,0.42408946
OR2T10,3,1,0.3333333333333333,0.4083073
OR4A15,3,1,0.3333333333333333,0.51852083
OR4D2,3,1,0.3333333333333333,0.32283962
OR52B2,3,1,0.3333333333333333,0.6658643
OR5AU1,3,1,0.3333333333333333,0.33348215
OR5J2,3,1,0.3333333333333333,0.57348543
OR5M1,3,1,0.3333333333333333,0.5146019
OR6C65,3,1,0.3333333333333333,0.59627897
ORC3,3,1,0.3333333333333333,0.351711
OTX2,3,1,0.3333333333333333,0.3577038
P2RY2,3,1,0.3333333333333333,0.5829118
P3H4,3,1,0.3333333333333333,0.37757933
P4HB,3,1,0.3333333333333333,0.33945993
PAK4,3,1,0.3333333333333333,0.31550965
PAMR1,3,1,0.3333333333333333,0.31990197
PAPOLB,3,1,0.3333333333333333,0.44767678
PAQR3,3,1,0.3333333333333333,0.32901344
PAQR9,3,1,0.3333333333333333,0.7061619
PARP3,3,1,0.3333333333333333,0.5636064
PASK,3,1,0.3333333333333333,0.39895236
PBX2,3,1,0.3333333333333333,0.3175548
PCARE,3,1,0.3333333333333333,0.38690042
PCCA,3,1,0.3333333333333333,0.33315024
PCCB,3,1,0.3333333333333333,0.32013315
PCDHA10,3,1,0.3333333333333333,0.47738197
PDCD2L,3,1,0.3333333333333333,0.49965146
PDE4B,3,1,0.3333333333333333,0.51724106
PDGFD,3,1,0.3333333333333333,0.3703152
PDK3,3,1,0.3333333333333333,0.27285692
PDLIM3,3,1,0.3333333333333333,0.49248132
PDS5B,3,1,0.3333333333333333,0.6742235
PDSS1,3,1,0.3333333333333333,0.42396736
PDZD8,3,1,0.3333333333333333,0.6619439
PELP1,3,1,0.3333333333333333,0.5164743
PER1,3,1,0.3333333333333333,0.35680714
PGBD4,3,1,0.3333333333333333,0.44013247
PHC2,3,1,0.3333333333333333,0.5956332
PHTF2,3,1,0.3333333333333333,0.6875631
PI4KA,3,1,0.3333333333333333,0.5224084
PIM2,3,1,0.3333333333333333,0.5722365
PIP4K2A,3,1,0.3333333333333333,0.66415966
PJA1,3,1,0.3333333333333333,0.328247
PKM,3,1,0.3333333333333333,0.3865762
PLCZ1,3,1,0.3333333333333333,0.5429891
PLIN5,3,1,0.3333333333333333,0.39433548
PLOD2,3,1,0.3333333333333333,0.51053023
PNLIPRP3,3,1,0.3333333333333333,0.40148628
PNPLA1,3,1,0.3333333333333333,0.6307166
PNPLA2,3,1,0.3333333333333333,0.4980516
POLE2,3,1,0.3333333333333333,0.34857348
POLE3,3,1,0.3333333333333333,0.37058523
POLR2A,3,1,0.3333333333333333,0.30589524
POU4F2,3,1,0.3333333333333333,0.2967414
PPIG,3,1,0.3333333333333333,0.5125787
PPM1H,3,1,0.3333333333333333,0.4231656
PPM1K,3,1,0.3333333333333333,0.39812598
PPP1CC,3,1,0.3333333333333333,0.4125001
PPP1R18,3,1,0.3333333333333333,0.33011833
PPP1R32,3,1,0.3333333333333333,0.5173666
PPP2R1A,3,1,0.3333333333333333,0.4532179
PPP2R2C,3,1,0.3333333333333333,0.5336486
PPRC1,3,1,0.3333333333333333,0.35263905
PRIMPOL,3,1,0.3333333333333333,0.34853816
PRR11,3,1,0.3333333333333333,0.4168478
PRRC2A,3,1,0.3333333333333333,0.5533156
PSG8,3,1,0.3333333333333333,0.6923616
PSTK,3,1,0.3333333333333333,0.56817067
PTAFR,3,1,0.3333333333333333,0.47735777
PTHLH,3,1,0.3333333333333333,0.57991755
PTOV1,3,1,0.3333333333333333,0.4945724
PTX4,3,1,0.3333333333333333,0.26174745
PUDP,3,1,0.3333333333333333,0.4741105
PUF60,3,1,0.3333333333333333,0.5228381
PUM2,3,1,0.3333333333333333,0.32937762
PXYLP1,3,1,0.3333333333333333,0.49162093
R3HDM1,3,1,0.3333333333333333,0.28772762
RAB11B,3,1,0.3333333333333333,0.27439108
RAB39B,3,1,0.3333333333333333,0.3304444
RAD54L,3,1,0.3333333333333333,0.6029169
RALBP1,3,1,0.3333333333333333,0.5963855
RASD2,3,1,0.3333333333333333,0.33051094
RASEF,3,1,0.3333333333333333,0.41706982
RBFOX1,3,1,0.3333333333333333,0.5246695
RBM25,3,1,0.3333333333333333,0.48891875
RBM46,3,1,0.3333333333333333,0.49456963
RCHY1,3,1,0.3333333333333333,0.37520027
REXO1,3,1,0.3333333333333333,0.3301664
RHOXF1,3,1,0.3333333333333333,0.66347235
RILP,3,1,0.3333333333333333,0.40088883
RIPOR2,3,1,0.3333333333333333,0.3357929
RMC1,3,1,0.3333333333333333,0.42584005
RNASE11,3,1,0.3333333333333333,0.654854
RNASET2,3,1,0.3333333333333333,0.40450224
RNF25,3,1,0.3333333333333333,0.5130866
RNF43,3,1,0.3333333333333333,0.53302044
RNFT2,3,1,0.3333333333333333,0.6338648
RNH1,3,1,0.3333333333333333,0.366249
ROBO4,3,1,0.3333333333333333,0.3319278
RPF1,3,1,0.3333333333333333,0.39590248
RPGRIP1,3,1,0.3333333333333333,0.30707455
RRAGB,3,1,0.3333333333333333,0.32641637
RTL4,3,1,0.3333333333333333,0.32894924
SAXO2,3,1,0.3333333333333333,0.39199483
SBNO2,3,1,0.3333333333333333,0.40273508
SBSPON,3,1,0.3333333333333333,0.41068292
SCYL3,3,1,0.3333333333333333,0.6861116
SDC2,3,1,0.3333333333333333,0.4385464
SEC23IP,3,1,0.3333333333333333,0.3304538
SEC24C,3,1,0.3333333333333333,0.49834535
SEC63,3,1,0.3333333333333333,0.5018913
SECISBP2,3,1,0.3333333333333333,0.5313491
SELENOO,3,1,0.3333333333333333,0.3302928
SEMA6A,3,1,0.3333333333333333,0.3274986
SERTM1,3,1,0.3333333333333333,0.32696083
SFTPC,3,1,0.3333333333333333,0.68710953
SFXN5,3,1,0.3333333333333333,0.3153542
SH3BP2,3,1,0.3333333333333333,0.44993368
SHANK1,3,1,0.3333333333333333,0.29969263
SHISA5,3,1,0.3333333333333333,0.3988332
SIGLEC12,3,1,0.3333333333333333,0.48032725
SIGLEC15,3,1,0.3333333333333333,0.33048943
SIK2,3,1,0.3333333333333333,0.4306436
SLAIN2,3,1,0.3333333333333333,0.41282085
SLC17A1,3,1,0.3333333333333333,0.32323107
SLC22A13,3,1,0.3333333333333333,0.3314682
SLC22A7,3,1,0.3333333333333333,0.6207858
SLC22A8,3,1,0.3333333333333333,0.41877064
SLC34A3,3,1,0.3333333333333333,0.49549592
SLC35B3,3,1,0.3333333333333333,0.4982791
SLC43A3,3,1,0.3333333333333333,0.4855539
SLC49A3,3,1,0.3333333333333333,0.5003952
SLC7A9,3,1,0.3333333333333333,0.41193256
SLITRK3,3,1,0.3333333333333333,0.33099276
SMIM19,3,1,0.3333333333333333,0.42450127
SNAP91,3,1,0.3333333333333333,0.4045531
SNIP1,3,1,0.3333333333333333,0.42568645
SOGA1,3,1,0.3333333333333333,0.33050138
SORBS3,3,1,0.3333333333333333,0.537597
SPI1,3,1,0.3333333333333333,0.46035555
SPIRE1,3,1,0.3333333333333333,0.57459474
SPO11,3,1,0.3333333333333333,0.7639961
SPON1,3,1,0.3333333333333333,0.30345222
SPON2,3,1,0.3333333333333333,0.3271068
SRD5A2,3,1,0.3333333333333333,0.2934201
SSX9P,3,1,0.3333333333333333,0.81540555
STAC,3,1,0.3333333333333333,0.5314658
STAM,3,1,0.3333333333333333,0.43790197
STC1,3,1,0.3333333333333333,0.45830277
STK26,3,1,0.3333333333333333,0.31002066
STK32B,3,1,0.3333333333333333,0.51526767
STRA6,3,1,0.3333333333333333,0.35380778
STRN4,3,1,0.3333333333333333,0.5402033
SULT1E1,3,1,0.3333333333333333,0.56197524
SUSD2,3,1,0.3333333333333333,0.5410136
SYBU,3,1,0.3333333333333333,0.34170294
SYCP2L,3,1,0.3333333333333333,0.47983623
SYNE3,3,1,0.3333333333333333,0.48002532
SYT7,3,1,0.3333333333333333,0.4454825
SYT9,3,1,0.3333333333333333,0.42282
TAB3,3,1,0.3333333333333333,0.63273376
TAC3,3,1,0.3333333333333333,0.3294914
TARS1,3,1,0.3333333333333333,0.52897424
TAS1R3,3,1,0.3333333333333333,0.32933408
TAS2R14,3,1,0.3333333333333333,0.34532595
TAS2R16,3,1,0.3333333333333333,0.48735616
TAS2R20,3,1,0.3333333333333333,0.50612974
TBC1D25,3,1,0.3333333333333333,0.32496735
TBC1D2B,3,1,0.3333333333333333,0.51723325
TBCK,3,1,0.3333333333333333,0.33341458
TBL1X,3,1,0.3333333333333333,0.3221303
TBR1,3,1,0.3333333333333333,0.5243458
TBX18,3,1,0.3333333333333333,0.33079702
TBX20,3,1,0.3333333333333333,0.41357836
TBX5,3,1,0.3333333333333333,0.6606086
TCEAL3,3,1,0.3333333333333333,0.4532585
TCF25,3,1,0.3333333333333333,0.5925537
TCF4,3,1,0.3333333333333333,0.25882965
TCTN2,3,1,0.3333333333333333,0.4273751
TECPR2,3,1,0.3333333333333333,0.39767408
TEF,3,1,0.3333333333333333,0.49285927
TGFB1,3,1,0.3333333333333333,0.3578405
TGFB2,3,1,0.3333333333333333,0.52108264
TGS1,3,1,0.3333333333333333,0.5069051
THAP11,3,1,0.3333333333333333,0.56081146
THEMIS2,3,1,0.3333333333333333,0.5872498
TIGD4,3,1,0.3333333333333333,0.473538
TM4SF1,3,1,0.3333333333333333,0.67484665
TM6SF1,3,1,0.3333333333333333,0.43525422
TMC6,3,1,0.3333333333333333,0.5488208
TMCC3,3,1,0.3333333333333333,0.5453694
TMEM135,3,1,0.3333333333333333,0.3130667
TMEM159,3,1,0.3333333333333333,0.47972366
TMEM161A,3,1,0.3333333333333333,0.5012965
TMEM25,3,1,0.3333333333333333,0.46506715
TMEM260,3,1,0.3333333333333333,0.40345606
TMPRSS3,3,1,0.3333333333333333,0.61889327
TMPRSS9,3,1,0.3333333333333333,0.33023295
TMTC2,3,1,0.3333333333333333,0.60670745
TNFRSF10A,3,1,0.3333333333333333,0.5427065
TNFRSF4,3,1,0.3333333333333333,0.32816356
TNFSF18,3,1,0.3333333333333333,0.63608426
TNNC1,3,1,0.3333333333333333,0.28366217
TNPO2,3,1,0.3333333333333333,0.33049795
TOM1,3,1,0.3333333333333333,0.32399404
TOMM40L,3,1,0.3333333333333333,0.38572899
TOX4,3,1,0.3333333333333333,0.50374806
TPM3,3,1,0.3333333333333333,0.39917803
TREX2,3,1,0.3333333333333333,0.3294196
TRIM11,3,1,0.3333333333333333,0.38041773
TRIM33,3,1,0.3333333333333333,0.5157383
TRIM37,3,1,0.3333333333333333,0.5772822
TRIM40,3,1,0.3333333333333333,0.35691273
TRIM9,3,1,0.3333333333333333,0.32678664
TRNAU1AP,3,1,0.3333333333333333,0.4637455
TSR2,3,1,0.3333333333333333,0.32796595
TSSK6,3,1,0.3333333333333333,0.33045924
TTLL4,3,1,0.3333333333333333,0.3761734
TUBD1,3,1,0.3333333333333333,0.47829822
UBA1,3,1,0.3333333333333333,0.5383566
UBE2O,3,1,0.3333333333333333,0.33053082
UCKL1,3,1,0.3333333333333333,0.50130075
UFSP2,3,1,0.3333333333333333,0.33231097
UGCG,3,1,0.3333333333333333,0.6503189
USH1C,3,1,0.3333333333333333,0.3304315
USP16,3,1,0.3333333333333333,0.4149338
UTP25,3,1,0.3333333333333333,0.542191
VAMP7,3,1,0.3333333333333333,0.41355458
VEGFD,3,1,0.3333333333333333,0.32166037
VMP1,3,1,0.3333333333333333,0.35731912
VNN1,3,1,0.3333333333333333,0.5493638
VPS54,3,1,0.3333333333333333,0.31681365
WAS,3,1,0.3333333333333333,0.5163577
WDR37,3,1,0.3333333333333333,0.3723248
WDR49,3,1,0.3333333333333333,0.4013785
WDR76,3,1,0.3333333333333333,0.63226753
WEE2,3,1,0.3333333333333333,0.72744006
WIPF1,3,1,0.3333333333333333,0.41682005
XPNPEP2,3,1,0.3333333333333333,0.329208
XYLT2,3,1,0.3333333333333333,0.58846575
YARS2,3,1,0.3333333333333333,0.38104105
Z83844.2,3,1,0.3333333333333333,0.58963156
ZBTB10,3,1,0.3333333333333333,0.5563989
ZC3H11A,3,1,0.3333333333333333,0.33086544
ZCCHC12,3,1,0.3333333333333333,0.35379282
ZDHHC23,3,1,0.3333333333333333,0.3504763
ZFAND2B,3,1,0.3333333333333333,0.520469
ZGPAT,3,1,0.3333333333333333,0.3508565
ZIC4,3,1,0.3333333333333333,0.4083458
ZKSCAN7,3,1,0.3333333333333333,0.49535933
ZNF18,3,1,0.3333333333333333,0.33052126
ZNF180,3,1,0.3333333333333333,0.36809745
ZNF189,3,1,0.3333333333333333,0.5061706
ZNF300,3,1,0.3333333333333333,0.32331854
ZNF384,3,1,0.3333333333333333,0.56995445
ZNF430,3,1,0.3333333333333333,0.5236261
ZNF442,3,1,0.3333333333333333,0.7003651
ZNF461,3,1,0.3333333333333333,0.44857872
ZNF527,3,1,0.3333333333333333,0.53027654
ZNF557,3,1,0.3333333333333333,0.3558294
ZNF564,3,1,0.3333333333333333,0.57733727
ZNF583,3,1,0.3333333333333333,0.33197367
ZNF597,3,1,0.3333333333333333,0.48327693
ZNF611,3,1,0.3333333333333333,0.517432
ZNF619,3,1,0.3333333333333333,0.37260056
ZNF641,3,1,0.3333333333333333,0.59067893
ZNF76,3,1,0.3333333333333333,0.750706
ZNF787,3,1,0.3333333333333333,0.55693
ZRANB3,3,1,0.3333333333333333,0.33067694
ZSWIM2,3,1,0.3333333333333333,0.4794004
ZXDA,3,1,0.3333333333333333,0.54431665
ABCC2,4,1,0.25,0.4615094
ACAP1,4,1,0.25,0.29027283
ACOT12,4,1,0.25,0.5905702
ACOXL,4,1,0.25,0.42632118
ADAMTS14,4,1,0.25,0.2279016
ADD1,4,1,0.25,0.49883166
ADGRA2,4,1,0.25,0.33270574
ADGRB2,4,1,0.25,0.3306343
ADORA1,4,1,0.25,0.41335705
ADRA2C,4,1,0.25,0.24149264
AIPL1,4,1,0.25,0.21173228
ANAPC4,4,1,0.25,0.5859092
ANKIB1,4,1,0.25,0.28087366
ANKRD28,4,1,0.25,0.24693772
ANKS4B,4,1,0.25,0.25039133
AP2A1,4,1,0.25,0.2833507
APAF1,4,1,0.25,0.3002917
ARHGEF10,4,1,0.25,0.5602433
ARHGEF17,4,1,0.25,0.48977557
ARID1B,4,1,0.25,0.40887445
ARID4A,4,1,0.25,0.46290702
ARNT2,4,1,0.25,0.48991686
ARSI,4,1,0.25,0.6039666
ATP1A3,4,1,0.25,0.36867192
BCKDHB,4,1,0.25,0.26050824
BDKRB2,4,1,0.25,0.36722007
BRINP1,4,1,0.25,0.31406495
BTRC,4,1,0.25,0.21500823
C12orf4,4,1,0.25,0.4229078
C16orf70,4,1,0.25,0.21313508
C2CD5,4,1,0.25,0.51595175
C3orf38,4,1,0.25,0.24919562
CALCOCO2,4,1,0.25,0.39152873
CAPS2,4,1,0.25,0.5889778
CCDC88C,4,1,0.25,0.38036096
CCNF,4,1,0.25,0.31126174
CD300A,4,1,0.25,0.5310358
CD38,4,1,0.25,0.41054577
CD93,4,1,0.25,0.41279575
CDC42EP4,4,1,0.25,0.31821623
CEP55,4,1,0.25,0.41142046
CEP57L1,4,1,0.25,0.23992416
CETP,4,1,0.25,0.5674573
CFHR2,4,1,0.25,0.430069
CHST15,4,1,0.25,0.20155425
CLCC1,4,1,0.25,0.48174587
CLCN6,4,1,0.25,0.5409713
CNKSR2,4,1,0.25,0.5578091
COPB1,4,1,0.25,0.32358938
CREB3L1,4,1,0.25,0.20590788
CSH2,4,1,0.25,0.35584953
CSNK1G1,4,1,0.25,0.28298378
CSTF1,4,1,0.25,0.5096078
CTBP1,4,1,0.25,0.49163887
CTSE,4,1,0.25,0.38195056
CTSG,4,1,0.25,0.5124546
CTSS,4,1,0.25,0.3983252
DAB2,4,1,0.25,0.5383742
DBF4B,4,1,0.25,0.51156247
DCAF5,4,1,0.25,0.33368257
DCLRE1B,4,1,0.25,0.5585345
DENND4B,4,1,0.25,0.365148
DENND4C,4,1,0.25,0.27368298
DRICH1,4,1,0.25,0.56726366
DROSHA,4,1,0.25,0.39638728
DTX4,4,1,0.25,0.5558345
EFTUD2,4,1,0.25,0.46276262
EGR3,4,1,0.25,0.32330284
ELMOD3,4,1,0.25,0.5784602
ENO3,4,1,0.25,0.5437506
ENPP6,4,1,0.25,0.46658948
EPHX4,4,1,0.25,0.31058204
ERICH6,4,1,0.25,0.56911933
ERP27,4,1,0.25,0.4473642
ESRRB,4,1,0.25,0.28309005
ESX1,4,1,0.25,0.33340412
FADS3,4,1,0.25,0.39768755
FAF1,4,1,0.25,0.37270993
FAM13C,4,1,0.25,0.32801595
FAM234A,4,1,0.25,0.36009565
FGD4,4,1,0.25,0.41465947
FGF20,4,1,0.25,0.26203865
FKBP8,4,1,0.25,0.46407497
FOXR1,4,1,0.25,0.5590218
FZD10,4,1,0.25,0.42389467
FZD4,4,1,0.25,0.26707816
GAB2,4,1,0.25,0.5952421
GALNT9,4,1,0.25,0.3580206
GAPDHS,4,1,0.25,0.32718694
GDF2,4,1,0.25,0.32915384
GGTLC1,4,1,0.25,0.5885585
GIPC3,4,1,0.25,0.32105663
GM2A,4,1,0.25,0.2457879
GNAS,4,1,0.25,0.24359274
GRHL2,4,1,0.25,0.4325336
GTSE1,4,1,0.25,0.31620908
GUCY2F,4,1,0.25,0.55673534
HIP1R,4,1,0.25,0.35774022
HMGCS1,4,1,0.25,0.476431
HP1BP3,4,1,0.25,0.29501086
HTR4,4,1,0.25,0.5386423
IDO1,4,1,0.25,0.259444
IGHM,4,1,0.25,0.25519526
IL22,4,1,0.25,0.49260917
INPP1,4,1,0.25,0.45410058
INPP5J,4,1,0.25,0.29730415
IQGAP3,4,1,0.25,0.6524661
ITIH3,4,1,0.25,0.38784382
KCNN4,4,1,0.25,0.3482809
KCNQ4,4,1,0.25,0.20139979
KCNS1,4,1,0.25,0.23266336
KIAA1586,4,1,0.25,0.45308164
KIRREL3,4,1,0.25,0.20971717
KLB,4,1,0.25,0.41184288
KLHL4,4,1,0.25,0.39953196
KLHL40,4,1,0.25,0.24154133
KNG1,4,1,0.25,0.34673604
KNSTRN,4,1,0.25,0.40411404
KRT20,4,1,0.25,0.46433434
KRTAP12-3,4,1,0.25,0.5257523
LAS1L,4,1,0.25,0.48788047
LBR,4,1,0.25,0.58532304
LEFTY1,4,1,0.25,0.41150415
LGALS12,4,1,0.25,0.2717762
LGI3,4,1,0.25,0.5430674
LIMCH1,4,1,0.25,0.50912714
LINGO1,4,1,0.25,0.42224485
LMX1A,4,1,0.25,0.3122659
LONRF2,4,1,0.25,0.22380683
LRRC40,4,1,0.25,0.510212
LRRC4C,4,1,0.25,0.5250876
MAGED2,4,1,0.25,0.24120739
MAMLD1,4,1,0.25,0.23763733
MAPK7,4,1,0.25,0.23187177
MARCHF4,4,1,0.25,0.23609152
MATN2,4,1,0.25,0.28100857
MBTPS1,4,1,0.25,0.4760722
MCM4,4,1,0.25,0.4518806
MCRS1,4,1,0.25,0.37556925
MGAT2,4,1,0.25,0.3113091
MGAT5B,4,1,0.25,0.23549953
MIS12,4,1,0.25,0.30513245
MLKL,4,1,0.25,0.5718459
MMP10,4,1,0.25,0.5006515
MMP17,4,1,0.25,0.46884415
MPP1,4,1,0.25,0.23344237
MPP4,4,1,0.25,0.24737762
MSLN,4,1,0.25,0.32018772
MTMR1,4,1,0.25,0.2684814
MTMR7,4,1,0.25,0.425379
MYH10,4,1,0.25,0.52754277
MYO7B,4,1,0.25,0.28358755
NDUFV1,4,1,0.25,0.27664855
NEFL,4,1,0.25,0.5025014
NF2,4,1,0.25,0.38591295
NIBAN1,4,1,0.25,0.42513984
NIT2,4,1,0.25,0.3023249
NKAPL,4,1,0.25,0.29972416
NMRK2,4,1,0.25,0.24940771
NOL4,4,1,0.25,0.5130235
NPAT,4,1,0.25,0.45841616
NPBWR1,4,1,0.25,0.3995991
NPEPPS,4,1,0.25,0.43791035
NR2C1,4,1,0.25,0.43198037
NUDT21,4,1,0.25,0.48431534
NUF2,4,1,0.25,0.38403267
OCLN,4,1,0.25,0.5424466
OPRM1,4,1,0.25,0.64531857
OR10C1,4,1,0.25,0.602703
OR1M1,4,1,0.25,0.3044034
OR2C3,4,1,0.25,0.41874602
OR4C12,4,1,0.25,0.5783764
OR4D6,4,1,0.25,0.6069545
OR4K13,4,1,0.25,0.20068204
OR51G2,4,1,0.25,0.49248254
OR52K2,4,1,0.25,0.37377593
OR6F1,4,1,0.25,0.2294204
OR8D1,4,1,0.25,0.36953887
OR8S1,4,1,0.25,0.3125839
OSBPL10,4,1,0.25,0.31228244
PARGP1,4,1,0.25,0.4013089
PAX8,4,1,0.25,0.24262132
PCID2,4,1,0.25,0.5003785
PDZD3,4,1,0.25,0.33220285
PDZD4,4,1,0.25,0.21629392
PEG10,4,1,0.25,0.3678673
PEX10,4,1,0.25,0.3199556
PGPEP1L,4,1,0.25,0.5250646
PIAS2,4,1,0.25,0.4202621
PLAGL2,4,1,0.25,0.5509252
PLEKHA6,4,1,0.25,0.3175509
PLEKHG3,4,1,0.25,0.26760542
PLEKHS1,4,1,0.25,0.3546159
PLXDC1,4,1,0.25,0.35483584
PLXNA1,4,1,0.25,0.43980628
PNMA3,4,1,0.25,0.4039867
POP1,4,1,0.25,0.532685
PPFIBP1,4,1,0.25,0.5688652
PPIL2,4,1,0.25,0.24784169
PRDM13,4,1,0.25,0.3382277
PRDM16,4,1,0.25,0.43334556
PRKACA,4,1,0.25,0.27800617
PRKACG,4,1,0.25,0.24810387
PROX2,4,1,0.25,0.32218716
PTPN14,4,1,0.25,0.32068494
RABGGTA,4,1,0.25,0.36434084
RALGPS2,4,1,0.25,0.30603188
RAVER1,4,1,0.25,0.25825116
RIMS1,4,1,0.25,0.39979768
RIOK1,4,1,0.25,0.50238335
RNF130,4,1,0.25,0.29771128
RPS6KL1,4,1,0.25,0.2747619
RSPO1,4,1,0.25,0.6176228
RTF2,4,1,0.25,0.48089495
RTN2,4,1,0.25,0.50243187
RTP1,4,1,0.25,0.32975423
SCAF1,4,1,0.25,0.24758667
SCTR,4,1,0.25,0.23950331
SEMA4B,4,1,0.25,0.39021346
SEPHS1,4,1,0.25,0.3747942
SEPTIN11,4,1,0.25,0.6126357
SERPINA12,4,1,0.25,0.24785355
SERPINB1,4,1,0.25,0.5697823
SERPINC1,4,1,0.25,0.39569676
SERTAD2,4,1,0.25,0.3851495
SH2D4B,4,1,0.25,0.23432997
SH3BP5,4,1,0.25,0.35669407
SLC15A1,4,1,0.25,0.21207932
SLC18A2,4,1,0.25,0.5350797
SLC24A1,4,1,0.25,0.5609731
SLC26A11,4,1,0.25,0.38159698
SLC32A1,4,1,0.25,0.5825916
SLC36A1,4,1,0.25,0.52678967
SLC41A1,4,1,0.25,0.3026152
SLC5A1,4,1,0.25,0.48082203
SLC7A3,4,1,0.25,0.24780664
SLC9A6,4,1,0.25,0.5515863
SMTN,4,1,0.25,0.22657934
SMYD5,4,1,0.25,0.30533612
SPACA1,4,1,0.25,0.37710282
SSR2,4,1,0.25,0.39398548
STAT6,4,1,0.25,0.5028792
STK36,4,1,0.25,0.48847777
STOML3,4,1,0.25,0.2721517
STOX1,4,1,0.25,0.5326499
STRN3,4,1,0.25,0.5506492
TAF6L,4,1,0.25,0.4256643
TAP2,4,1,0.25,0.40661794
TARBP1,4,1,0.25,0.4613369
TARS3,4,1,0.25,0.42450634
TAX1BP1,4,1,0.25,0.43277627
TBX21,4,1,0.25,0.25639606
TCEA1,4,1,0.25,0.36173183
TECPR1,4,1,0.25,0.23629273
TFCP2L1,4,1,0.25,0.20827007
TGFBR3,4,1,0.25,0.41762453
TM9SF2,4,1,0.25,0.29633862
TMEM255B,4,1,0.25,0.40845323
TMEM26,4,1,0.25,0.24392577
TMEM30A,4,1,0.25,0.4109192
TMF1,4,1,0.25,0.35127234
TPRG1,4,1,0.25,0.3275244
TRIM26,4,1,0.25,0.3505565
TRMT1L,4,1,0.25,0.4363562
TUBA1A,4,1,0.25,0.5129704
TUBB7P,4,1,0.25,0.28687716
TUBG1,4,1,0.25,0.32085407
TUBGCP5,4,1,0.25,0.22455138
ULK1,4,1,0.25,0.23272127
USP1,4,1,0.25,0.52828217
USP6NL,4,1,0.25,0.39503154
UTP15,4,1,0.25,0.6099
UVRAG,4,1,0.25,0.60862994
VPS39,4,1,0.25,0.4308951
WIPI1,4,1,0.25,0.43833375
XPNPEP1,4,1,0.25,0.27133936
YWHAE,4,1,0.25,0.46633354
ZC3H18,4,1,0.25,0.2508825
ZC3H3,4,1,0.25,0.41345677
ZFR2,4,1,0.25,0.26225275
ZFX,4,1,0.25,0.24638689
ZKSCAN2,4,1,0.25,0.50783193
ZMIZ1,4,1,0.25,0.23216698
ZMYND11,4,1,0.25,0.35847807
ZNF235,4,1,0.25,0.4343831
ZNF283,4,1,0.25,0.41712457
ZNF33A,4,1,0.25,0.527632
ZNF341,4,1,0.25,0.2915759
ZNF37A,4,1,0.25,0.31233433
ZNF443,4,1,0.25,0.45625854
ZNF592,4,1,0.25,0.37075916
ZNF792,4,1,0.25,0.3478254
ZNF883,4,1,0.25,0.39134395
ZSCAN10,4,1,0.25,0.4600087
A4GALT,5,1,0.2,0.29010388
ABCF3,5,1,0.2,0.17085615
ACTL8,5,1,0.2,0.39764288
ADAMTS5,5,1,0.2,0.4331948
AHDC1,5,1,0.2,0.4424379
AICDA,5,1,0.2,0.35651115
ALDH1A3,5,1,0.2,0.47509298
AMHR2,5,1,0.2,0.3674501
AOX1,5,1,0.2,0.41474104
ARHGEF7,5,1,0.2,0.19825102
ASB2,5,1,0.2,0.29108676
AVPR1B,5,1,0.2,0.26824844
BCHE,5,1,0.2,0.64284706
BMPER,5,1,0.2,0.54088044
C1S,5,1,0.2,0.5399653
CABP1,5,1,0.2,0.4266491
CDC5L,5,1,0.2,0.54987395
CDH15,5,1,0.2,0.19362776
CDH19,5,1,0.2,0.20034707
CEMIP,5,1,0.2,0.44355306
CHML,5,1,0.2,0.35666838
CHRNB2,5,1,0.2,0.47425666
CNTNAP4,5,1,0.2,0.21555145
COL18A1,5,1,0.2,0.23366456
CORO7,5,1,0.2,0.43127728
DDX23,5,1,0.2,0.39335734
DNM1P46,5,1,0.2,0.25851926
EIF3A,5,1,0.2,0.5178374
ENG,5,1,0.2,0.20625535
EOMES,5,1,0.2,0.33712578
ERCC1,5,1,0.2,0.40922222
ESYT1,5,1,0.2,0.3285257
FBXO43,5,1,0.2,0.5420846
FERD3L,5,1,0.2,0.23436256
FOSL2,5,1,0.2,0.20152707
FTMT,5,1,0.2,0.41597438
GABRP,5,1,0.2,0.5867422
GAREM1,5,1,0.2,0.66061413
GART,5,1,0.2,0.3532376
GPAM,5,1,0.2,0.23308246
GPR174,5,1,0.2,0.3359847
GPR78,5,1,0.2,0.19233409
GRIN3A,5,1,0.2,0.3248221
HECA,5,1,0.2,0.35952502
IFT172,5,1,0.2,0.4956111
INPP5B,5,1,0.2,0.40120322
INSC,5,1,0.2,0.4354499
IRF4,5,1,0.2,0.45829812
ITIH2,5,1,0.2,0.4076136
KANK4,5,1,0.2,0.4567967
KCNA10,5,1,0.2,0.360581
KCNH4,5,1,0.2,0.22866347
KCNQ1,5,1,0.2,0.21168728
KRT37,5,1,0.2,0.6451563
LATS2,5,1,0.2,0.3285206
LCK,5,1,0.2,0.61120605
LRRC3B,5,1,0.2,0.4697358
MAGEB18,5,1,0.2,0.19847074
MAGEC3,5,1,0.2,0.19640054
MAP3K20,5,1,0.2,0.19252375
MCM2,5,1,0.2,0.5040022
MDM1,5,1,0.2,0.40833512
MED23,5,1,0.2,0.20356622
MLLT6,5,1,0.2,0.30825973
MYBPC3,5,1,0.2,0.22219753
N4BP3,5,1,0.2,0.4162489
NAF1,5,1,0.2,0.27645132
NCKAP5,5,1,0.2,0.31491008
NEMF,5,1,0.2,0.19863914
NGF,5,1,0.2,0.37952885
NID1,5,1,0.2,0.50436467
NOC2L,5,1,0.2,0.3171231
NPFFR2,5,1,0.2,0.63925683
NPHP4,5,1,0.2,0.28668636
NR2C2,5,1,0.2,0.30221102
NRAS,5,1,0.2,0.36282888
NT5C1A,5,1,0.2,0.32876265
NXPE4,5,1,0.2,0.36662072
OGA,5,1,0.2,0.3464324
OR51T1,5,1,0.2,0.41901326
OR5AN1,5,1,0.2,0.5095521
OTOL1,5,1,0.2,0.3823201
OXSM,5,1,0.2,0.6446758
P4HTM,5,1,0.2,0.19803795
PCMTD2,5,1,0.2,0.35323876
PHACTR4,5,1,0.2,0.35162443
PIGV,5,1,0.2,0.45024067
PIK3R2,5,1,0.2,0.19427882
PLA2G3,5,1,0.2,0.3329765
PLCB3,5,1,0.2,0.17485751
PLXND1,5,1,0.2,0.2074666
PPP2R5D,5,1,0.2,0.34293443
PRPS2,5,1,0.2,0.18738554
PXN,5,1,0.2,0.32358557
RANBP10,5,1,0.2,0.49006018
RBMXL1,5,1,0.2,0.35629076
REEP2,5,1,0.2,0.41602403
RIC1,5,1,0.2,0.38189727
RMDN2,5,1,0.2,0.3657567
RMND5A,5,1,0.2,0.22111754
ROBO2,5,1,0.2,0.42255965
SERPINA7,5,1,0.2,0.1953464
SH3TC1,5,1,0.2,0.41398
SKOR1,5,1,0.2,0.32003164
SLAMF6,5,1,0.2,0.32936278
SLC35F5,5,1,0.2,0.2752698
SLK,5,1,0.2,0.30539113
SNAP25,5,1,0.2,0.2959698
SOHLH1,5,1,0.2,0.19683027
SP2,5,1,0.2,0.32412595
SRL,5,1,0.2,0.24406031
SYN3,5,1,0.2,0.2424699
TACSTD2,5,1,0.2,0.21004891
TBC1D12,5,1,0.2,0.31084126
TDRD5,5,1,0.2,0.3181738
TEKT5,5,1,0.2,0.5030967
TGFBRAP1,5,1,0.2,0.3512054
TMEM183B,5,1,0.2,0.2133322
TNRC6B,5,1,0.2,0.3548941
TNS1,5,1,0.2,0.3927986
TRPM5,5,1,0.2,0.2500243
TUBGCP6,5,1,0.2,0.2865378
UGT2B11,5,1,0.2,0.40489626
UGT2B15,5,1,0.2,0.32684103
UGT3A1,5,1,0.2,0.42574587
USP11,5,1,0.2,0.4386682
VSIG10,5,1,0.2,0.3481273
YEATS2,5,1,0.2,0.4053175
ZBTB33,5,1,0.2,0.4325896
ZKSCAN4,5,1,0.2,0.45551997
ZNF699,5,1,0.2,0.46549886
ACTL7B,6,1,0.16666666666666666,0.28449428
ADGRL3,6,1,0.16666666666666666,0.33463773
AEBP1,6,1,0.16666666666666666,0.3284416
ATN1,6,1,0.16666666666666666,0.26885858
ATP13A4,6,1,0.16666666666666666,0.17162617
CANT1,6,1,0.16666666666666666,0.26394793
CD55,6,1,0.16666666666666666,0.30818227
CLEC14A,6,1,0.16666666666666666,0.2716394
CNKSR1,6,1,0.16666666666666666,0.24222155
CNTLN,6,1,0.16666666666666666,0.4017725
COLQ,6,1,0.16666666666666666,0.31639305
CRYBG2,6,1,0.16666666666666666,0.2835975
CTBP2,6,1,0.16666666666666666,0.3462272
DDX60L,6,1,0.16666666666666666,0.21064955
DEPDC5,6,1,0.16666666666666666,0.3984278
DPPA2,6,1,0.16666666666666666,0.25043342
EML1,6,1,0.16666666666666666,0.25925434
ERCC6,6,1,0.16666666666666666,0.23952651
FAM83G,6,1,0.16666666666666666,0.27954724
FOXP3,6,1,0.16666666666666666,0.29624423
HSPA12A,6,1,0.16666666666666666,0.17600381
IFT140,6,1,0.16666666666666666,0.323982
IRAG1,6,1,0.16666666666666666,0.36111167
IRS1,6,1,0.16666666666666666,0.34837446
ITGA11,6,1,0.16666666666666666,0.14899941
KCNMA1,6,1,0.16666666666666666,0.16779518
KNTC1,6,1,0.16666666666666666,0.25157458
MTA1,6,1,0.16666666666666666,0.16731614
NOL8,6,1,0.16666666666666666,0.18682474
OXSR1,6,1,0.16666666666666666,0.17704011
PCDH9,6,1,0.16666666666666666,0.4637456
PDS5A,6,1,0.16666666666666666,0.18108918
PRDM5,6,1,0.16666666666666666,0.46579823
PRG4,6,1,0.16666666666666666,0.37981054
PTCHD3,6,1,0.16666666666666666,0.20631868
RAI2,6,1,0.16666666666666666,0.50736123
RTL9,6,1,0.16666666666666666,0.2103867
SCN4A,6,1,0.16666666666666666,0.27269903
SH3BP4,6,1,0.16666666666666666,0.35777617
SIRPB1,6,1,0.16666666666666666,0.46939823
SLC22A2,6,1,0.16666666666666666,0.3313488
SLX4,6,1,0.16666666666666666,0.37982294
SORCS3,6,1,0.16666666666666666,0.16663434
SOX30,6,1,0.16666666666666666,0.25228068
UBTF,6,1,0.16666666666666666,0.21710707
VAV2,6,1,0.16666666666666666,0.18517818
WDR19,6,1,0.16666666666666666,0.24932753
ABCA7,7,1,0.14285714285714285,0.32097465
BNC1,7,1,0.14285714285714285,0.40204963
CTNNA3,7,1,0.14285714285714285,0.39489192
FBXO38,7,1,0.14285714285714285,0.22627558
GRIK3,7,1,0.14285714285714285,0.2307762
IRX1,7,1,0.14285714285714285,0.31117788
KCNT2,7,1,0.14285714285714285,0.34523597
MAGEB16,7,1,0.14285714285714285,0.22364692
MYH14,7,1,0.14285714285714285,0.25549984
NISCH,7,1,0.14285714285714285,0.15385251
NMBR,7,1,0.14285714285714285,0.39212576
NXN,7,1,0.14285714285714285,0.2870718
NYNRIN,7,1,0.14285714285714285,0.1975213
PC,7,1,0.14285714285714285,0.2964991
PNPLA6,7,1,0.14285714285714285,0.17734858
SLC38A4,7,1,0.14285714285714285,0.46915984
SRGAP1,7,1,0.14285714285714285,0.21132322
TSNARE1,7,1,0.14285714285714285,0.40467
U2SURP,7,1,0.14285714285714285,0.22438307
UBE3A,7,1,0.14285714285714285,0.35869765
A1CF,8,1,0.125,0.22901723
ARHGAP6,8,1,0.125,0.30935907
DNMBP,8,1,0.125,0.14017819
HELZ2,8,1,0.125,0.2083182
ITIH6,8,1,0.125,0.20384903
LINGO2,8,1,0.125,0.3879639
PIK3R5,8,1,0.125,0.19531822
SCNN1G,8,1,0.125,0.40136
SLC2A1,8,1,0.125,0.30852088
SLC2A14,8,1,0.125,0.37741965
FLT1,9,1,0.1111111111111111,0.28945172
MAGEC2,9,1,0.1111111111111111,0.23928136
MAST4,9,1,0.1111111111111111,0.18446292
TDRD6,9,1,0.1111111111111111,0.3456904
ANKRD11,10,1,0.1,0.336806
USP24,10,1,0.1,0.16209233
CASZ1,11,1,0.09090909090909091,0.14323308
FAM83H,12,1,0.08333333333333333,0.28220984
PCDH11Y,12,1,0.08333333333333333,0.12673949
TRPC4,12,1,0.08333333333333333,0.17859773
A3GALT2,1,0,0.0,3.6889727e-05
AAK1,1,0,0.0,0.0005678616
AATK,2,0,0.0,9.353551e-05
ABCA3,4,0,0.0,0.2503066
ABCG5,5,0,0.0,0.018620573
ABHD16B,1,0,0.0,0.56819123
ABHD6,1,0,0.0,0.05317589
ABI1,1,0,0.0,0.26916924
ABITRAM,1,0,0.0,1.0859916e-06
ABRAXAS2,3,0,0.0,0.057572246
ABTB1,3,0,0.0,0.2733581
ABTB2,1,0,0.0,0.4196699
AC007040.2,1,0,0.0,4.1082436e-05
AC013477.1,1,0,0.0,0.0026825976
AC016747.4,1,0,0.0,9.5634e-09
AC024598.1,1,0,0.0,0.078833364
AC097636.1,1,0,0.0,2.5527718e-06
AC109583.1,2,0,0.0,0.56254154
AC132217.2,2,0,0.0,0.19966155
AC134980.2,3,0,0.0,3.7614197e-06
ACADSB,2,0,0.0,0.642457
ACBD5,1,0,0.0,0.72949743
ACER2,2,0,0.0,0.15517761
ACKR1,2,0,0.0,0.0017910559
ACKR4,1,0,0.0,0.5074412
ACO1,2,0,0.0,0.44134772
ACO2,2,0,0.0,0.7335495
ACOT11,2,0,0.0,0.11680129
ACOT2,1,0,0.0,0.021702653
ACR,1,0,0.0,3.027376e-08
ACSF3,1,0,0.0,0.29479912
ACSL1,2,0,0.0,0.17351283
ACSL6,1,0,0.0,2.7068631e-06
ACSM3,2,0,0.0,0.47068107
ACTA1,1,0,0.0,0.0020497395
ACTL6A,1,0,0.0,0.6210166
ACTL6B,1,0,0.0,0.05318357
ACTN3,1,0,0.0,0.61164325
ACTR1B,1,0,0.0,0.6025222
ACTR3B,1,0,0.0,0.4878728
ACTR6,1,0,0.0,0.66329783
ACTRT3,1,0,0.0,0.5135702
ACVR1,5,0,0.0,0.03165545
ACYP1,2,0,0.0,0.34886655
ADA,1,0,0.0,6.42414e-09
ADA2,2,0,0.0,0.12954763
ADAL,2,0,0.0,0.021031616
ADAM12,1,0,0.0,0.6003272
ADAMTS7,3,0,0.0,1.9254815e-06
ADAMTS8,1,0,0.0,0.65347093
ADAMTSL5,3,0,0.0,0.3114868
ADAR,1,0,0.0,0.0047167083
ADARB2,8,0,0.0,0.055266157
ADAT3,1,0,0.0,0.059788447
ADIPOQ,1,0,0.0,0.00042096808
ADM2,2,0,0.0,0.31520158
ADO,1,0,0.0,4.796474e-14
ADORA2A,2,0,0.0,0.013566954
ADPRS,2,0,0.0,9.856664e-10
ADRA1D,1,0,0.0,2.7532558e-09
ADRA2B,1,0,0.0,3.033983e-08
ADRB1,1,0,0.0,0.0008542719
ADRB2,1,0,0.0,0.0050158952
AFAP1L2,4,0,0.0,0.16356292
AGAP4,1,0,0.0,1.1325602e-12
AGAP7P,1,0,0.0,0.66635996
AGBL4,2,0,0.0,0.1258064
AGBL5,1,0,0.0,7.0737755e-05
AGPAT2,1,0,0.0,0.00069827767
AGPS,1,0,0.0,0.4739663
AGR2,1,0,0.0,0.5944353
AGXT,2,0,0.0,0.5714055
AIFM2,1,0,0.0,3.932539e-08
AIG1,1,0,0.0,2.0110667e-12
AIM2,3,0,0.0,0.6812113
AIMP1,1,0,0.0,3.9880644e-05
AJAP1,1,0,0.0,0.46658465
AK8,1,0,0.0,0.6019479
AKIP1,1,0,0.0,0.05512525
AKR1A1,1,0,0.0,0.0739574
AKR1B1,1,0,0.0,0.35102868
AKT3,1,0,0.0,0.11549756
AL162417.1,1,0,0.0,3.5229013e-15
AL441992.2,1,0,0.0,0.02962304
AL645933.1,1,0,0.0,0.6388544
AL662899.2,1,0,0.0,0.5996737
ALAS2,1,0,0.0,3.023452e-08
ALDH18A1,3,0,0.0,0.053922594
ALDH3A1,4,0,0.0,0.16047916
ALG12,2,0,0.0,0.43398598
ALG5,1,0,0.0,0.00011407028
ALG6,1,0,0.0,0.07729206
ALKAL1,3,0,0.0,0.031283278
ALOX12,1,0,0.0,0.0002991816
ALOX5,2,0,0.0,0.28656295
ALPL,2,0,0.0,0.4009943
ALS2CL,3,0,0.0,0.003984892
ALX4,5,0,0.0,0.21975116
AMIGO1,1,0,0.0,0.008011358
AMMECR1,1,0,0.0,0.18031098
AMN,1,0,0.0,0.15276334
AMN1,3,0,0.0,0.1672235
ANG,2,0,0.0,0.71474695
ANGPTL2,2,0,0.0,4.342025e-07
ANGPTL8,1,0,0.0,0.36133292
ANKDD1A,2,0,0.0,0.20344791
ANKK1,2,0,0.0,0.16322324
ANKLE1,1,0,0.0,0.5077926
ANKRD27,2,0,0.0,0.16549155
ANKRD36B,1,0,0.0,0.021057585
ANKRD6,1,0,0.0,0.6455065
ANOS1,3,0,0.0,0.06519007
ANP32A,1,0,0.0,0.0862896
ANP32E,2,0,0.0,0.24194875
ANTKMT,1,0,0.0,0.6742885
ANXA2,1,0,0.0,0.2925408
ANXA6,1,0,0.0,0.045649104
AP1M1,2,0,0.0,0.0012033262
AP2A2,3,0,0.0,0.00019000967
AP2M1,2,0,0.0,0.16613007
AP3B2,1,0,0.0,0.60556215
AP4B1,2,0,0.0,0.3282125
AP4M1,1,0,0.0,0.7414137
AP5B1,2,0,0.0,9.6526026e-05
APBA2,5,0,0.0,0.20485008
APBA3,1,0,0.0,9.553879e-10
APC2,2,0,0.0,0.00016236492
APCDD1,1,0,0.0,0.40153703
APEH,1,0,0.0,0.6602558
APLF,1,0,0.0,0.15477224
APLN,1,0,0.0,4.809481e-11
APOA5,3,0,0.0,0.073598735
APOBEC3H,2,0,0.0,0.3877477
APOBR,3,0,0.0,1.9801284e-05
APOC3,1,0,0.0,0.07025006
APOD,1,0,0.0,0.45876852
APOE,1,0,0.0,5.185035e-07
APOF,3,0,0.0,0.16646089
APOL5,1,0,0.0,0.7107276
APOL6,1,0,0.0,0.45522758
APOO,1,0,0.0,0.623099
AQP1,1,0,0.0,0.06780198
AQP2,2,0,0.0,0.0005189406
AQP4,3,0,0.0,0.061298396
AR,4,0,0.0,0.089130074
ARAF,1,0,0.0,2.2452285e-15
ARF5,2,0,0.0,0.4851001
ARFGAP1,3,0,0.0,0.19754761
ARG2,1,0,0.0,0.0004179798
ARHGAP19,1,0,0.0,4.51521e-08
ARHGAP27,4,0,0.0,0.2976894
ARHGAP33,4,0,0.0,0.11470814
ARHGAP39,3,0,0.0,4.781721e-09
ARHGAP4,3,0,0.0,2.663285e-06
ARHGEF1,2,0,0.0,0.00084886485
ARHGEF2,1,0,0.0,0.11246569
ARHGEF26,2,0,0.0,0.0013289733
ARHGEF39,1,0,0.0,0.0156306
ARID3B,1,0,0.0,0.0021040116
ARID3C,1,0,0.0,5.151911e-07
ARIH1,2,0,0.0,0.27174112
ARL11,2,0,0.0,0.57371724
ARL13B,1,0,0.0,0.31940195
ARL6IP5,1,0,0.0,0.0016113404
ARMC5,5,0,0.0,0.23272233
ARMC7,1,0,0.0,0.6830389
ARPP19P1,1,0,0.0,5.1338425e-08
ARRDC5,1,0,0.0,0.6234894
ARSA,1,0,0.0,1.349165e-08
ARV1,1,0,0.0,0.6812298
AS3MT,2,0,0.0,0.07283781
ASB13,1,0,0.0,0.011730806
ASB18,1,0,0.0,1.2280931e-09
ASB4,3,0,0.0,0.16307671
ASIC1,2,0,0.0,0.0123973135
ASIP,1,0,0.0,0.04588374
ASPDH,1,0,0.0,5.8710502e-06
ASPG,1,0,0.0,7.200649e-07
ASPHD2,2,0,0.0,0.0704126
ASPN,1,0,0.0,0.49329576
ASPSCR1,1,0,0.0,1.0742335e-08
ASS1,2,0,0.0,0.28728104
ASTN1,2,0,0.0,0.39490297
ASXL3,4,0,0.0,0.16511098
ATAD1,3,0,0.0,0.055964362
ATAD3B,1,0,0.0,0.0015769259
ATAD3C,1,0,0.0,1.7500655e-06
ATG9A,2,0,0.0,1.3948234e-07
ATL2,1,0,0.0,0.0009923659
ATL3,1,0,0.0,0.15268375
ATOX1,1,0,0.0,1.0156835e-08
ATP11AUN,1,0,0.0,5.5662127e-05
ATP1B4,2,0,0.0,0.34892988
ATP5F1A,2,0,0.0,0.17483373
ATP5ME,2,0,0.0,0.29616487
ATP6AP1L,1,0,0.0,0.4678255
ATP6V0B,1,0,0.0,0.13227762
ATP6V1B2,1,0,0.0,0.4520119
ATP6V1G1,3,0,0.0,0.25010908
ATP6V1G3,1,0,0.0,1.8800979e-07
ATP8B3,2,0,0.0,7.6406536e-08
ATXN3,1,0,0.0,4.1341373e-06
AVIL,2,0,0.0,0.4327946
AWAT1,2,0,0.0,0.34789512
B2M,1,0,0.0,0.639129
B3GALNT2,2,0,0.0,0.24224676
B3GAT1,3,0,0.0,0.15546687
B3GNT4,2,0,0.0,0.34775203
B3GNT5,1,0,0.0,0.666125
B3GNT6,2,0,0.0,2.5762956e-09
B3GNT7,2,0,0.0,0.0012040428
B3GNT8,1,0,0.0,0.3387242
B4GALNT4,1,0,0.0,0.0003190259
B4GAT1,1,0,0.0,4.885805e-07
BAG3,1,0,0.0,0.5423921
BAG5,1,0,0.0,7.031182e-09
BARX2,1,0,0.0,3.7540844e-06
BATF,1,0,0.0,8.389824e-08
BATF2,1,0,0.0,0.00019196888
BBOF1,1,0,0.0,0.66247463
BCCIP,1,0,0.0,0.42131156
BCDIN3D,1,0,0.0,0.0034232899
BCL2,1,0,0.0,0.04191901
BCL2L1,1,0,0.0,0.001646429
BCL2L10,2,0,0.0,0.085857905
BCL2L11,2,0,0.0,0.0016646709
BCL7B,1,0,0.0,0.4923567
BCL9L,1,0,0.0,1.666733e-09
BCO1,1,0,0.0,0.05412
BECN1,1,0,0.0,1.9298334e-09
BEGAIN,1,0,0.0,1.5579695e-09
BEST4,2,0,0.0,0.39368
BEX2,1,0,0.0,2.1530419e-05
BEX5,1,0,0.0,3.034579e-12
BHLHE41,1,0,0.0,0.0006589451
BICD2,2,0,0.0,0.3150248
BICRA,1,0,0.0,3.1298726e-09
BID,1,0,0.0,0.00204828
BIRC8,1,0,0.0,0.0046712314
BLID,1,0,0.0,0.0045169634
BLOC1S5,2,0,0.0,0.00048522238
BLZF1,2,0,0.0,0.36644143
BMERB1,1,0,0.0,0.42463773
BMP15,4,0,0.0,4.9046776e-08
BMP4,1,0,0.0,0.02708621
BMP7,1,0,0.0,0.09326896
BNIP3,3,0,0.0,0.11789736
BNIPL,1,0,0.0,0.29283616
BOLA3,1,0,0.0,0.25250474
BOLL,1,0,0.0,0.7106168
BOP1,2,0,0.0,0.0026472416
BPIFA2,1,0,0.0,0.20024227
BPIFB1,2,0,0.0,0.37133968
BRCC3,1,0,0.0,6.209017e-14
BRD2,6,0,0.0,0.43553653
BRICD5,1,0,0.0,3.130219e-09
BRMS1,2,0,0.0,0.39453614
BROX,1,0,0.0,0.6146599
BSND,2,0,0.0,0.6150576
BSPRY,1,0,0.0,6.2203134e-07
BSX,1,0,0.0,3.668173e-08
BTBD17,1,0,0.0,0.0031996318
BTBD2,2,0,0.0,0.35544372
BTBD6,1,0,0.0,0.5869302
BTD,1,0,0.0,0.0012038563
BTF3,1,0,0.0,0.16068713
BUB3,1,0,0.0,0.05556054
BUD13,3,0,0.0,0.2035476
BUD23,1,0,0.0,0.31391755
BVES,1,0,0.0,0.20602076
C10orf53,1,0,0.0,6.446712e-13
C11orf80,1,0,0.0,0.4970856
C12orf29,1,0,0.0,0.535542
C12orf57,1,0,0.0,0.646408
C12orf66,2,0,0.0,0.25641775
C14orf177,1,0,0.0,0.6445034
C15orf54,1,0,0.0,0.22345519
C16orf54,2,0,0.0,8.848696e-09
C16orf89,1,0,0.0,2.3028657e-05
C17orf64,1,0,0.0,5.8202136e-07
C17orf67,1,0,0.0,1.1848854e-05
C18orf21,2,0,0.0,0.35085016
C19orf12,1,0,0.0,0.5010136
C1GALT1,1,0,0.0,0.057823572
C1GALT1C1L,1,0,0.0,1.2745459e-05
C1QBP,1,0,0.0,0.41312134
C1QL2,1,0,0.0,2.3037861e-05
C1QL4,1,0,0.0,2.6400028e-05
C1QTNF6,2,0,0.0,0.27546626
C1QTNF9B,1,0,0.0,1.3147081e-08
C1orf122,1,0,0.0,0.5153433
C1orf158,1,0,0.0,6.371824e-13
C1orf194,1,0,0.0,0.09824999
C1orf21,1,0,0.0,0.63741153
C1orf56,1,0,0.0,0.31751615
C1orf94,4,0,0.0,0.15326205
C2,2,0,0.0,0.34157178
C22orf23,1,0,0.0,0.15937142
C2CD2L,4,0,0.0,0.118515834
C2orf68,1,0,0.0,3.9991642e-07
C3orf18,1,0,0.0,2.5993474e-09
C5orf24,1,0,0.0,0.12935576
C9orf116,2,0,0.0,0.07582335
C9orf43,2,0,0.0,0.58274525
C9orf85,1,0,0.0,0.040381934
CA4,1,0,0.0,4.1168717e-09
CA6,1,0,0.0,0.2526617
CAB39L,1,0,0.0,0.044373292
CACNG1,1,0,0.0,0.6109424
CACNG5,1,0,0.0,0.706686
CADM3,1,0,0.0,0.09500486
CAGE1,1,0,0.0,0.53960526
CALCA,3,0,0.0,0.21388115
CALCOCO1,3,0,0.0,0.4186008
CALHM1,1,0,0.0,0.058465354
CALHM2,3,0,0.0,0.031812433
CALM3,1,0,0.0,0.20544486
CALML5,2,0,0.0,1.5965444e-06
CALY,1,0,0.0,0.5947154
CAMK2A,2,0,0.0,0.30120224
CAMP,1,0,0.0,3.3829975e-10
CAPN13,4,0,0.0,0.1891937
CAPN15,1,0,0.0,0.0029550071
CAPN5,3,0,0.0,0.00961165
CAPN9,1,0,0.0,0.28533974
CAPZA2,1,0,0.0,0.43264735
CARD10,2,0,0.0,0.0058747935
CARD16,3,0,0.0,0.37203923
CASQ1,1,0,0.0,0.6499473
CASQ2,4,0,0.0,0.29482976
CASS4,5,0,0.0,0.16795722
CATIP,1,0,0.0,0.5583526
CATSPERE,1,0,0.0,0.38473514
CATSPERZ,1,0,0.0,0.001218224
CAV2,3,0,0.0,0.050400466
CBLN3,1,0,0.0,3.106679e-07
CBWD6,1,0,0.0,2.378255e-08
CBX4,1,0,0.0,0.008028386
CBX7,1,0,0.0,7.2553994e-09
CBX8,2,0,0.0,5.0783717e-07
CC2D1B,2,0,0.0,0.26934928
CCBE1,2,0,0.0,0.31613746
CCDC102A,1,0,0.0,5.0051487e-09
CCDC106,1,0,0.0,4.5291227e-08
CCDC12,2,0,0.0,1.05359685e-08
CCDC122,1,0,0.0,0.007991608
CCDC14,1,0,0.0,2.028649e-09
CCDC15,1,0,0.0,0.40638152
CCDC157,3,0,0.0,0.27609283
CCDC17,1,0,0.0,7.623111e-05
CCDC183,1,0,0.0,0.5641407
CCDC184,3,0,0.0,0.25656262
CCDC189,1,0,0.0,0.0063103153
CCDC25,1,0,0.0,0.11685116
CCDC3,2,0,0.0,0.2757966
CCDC34,1,0,0.0,0.005989771
CCDC39,4,0,0.0,0.06481819
CCDC47,1,0,0.0,0.16778658
CCDC54,3,0,0.0,0.2992034
CCDC68,2,0,0.0,0.37512666
CCDC74A,1,0,0.0,0.67401695
CCDC78,1,0,0.0,2.7531632e-07
CCDC83,1,0,0.0,0.625719
CCDC89,2,0,0.0,0.31152686
CCDC9,3,0,0.0,0.14556651
CCDC9B,1,0,0.0,0.017475637
CCL11,1,0,0.0,0.053137332
CCL19,1,0,0.0,0.623407
CCL2,1,0,0.0,0.1840839
CCL20,1,0,0.0,3.6641604e-06
CCL5,1,0,0.0,0.15100004
CCN2,2,0,0.0,0.15013409
CCNB1,1,0,0.0,0.19568083
CCNC,1,0,0.0,0.31323865
CCNG1,1,0,0.0,0.0017749243
CCNG2,1,0,0.0,0.3678806
CCNK,1,0,0.0,0.00013986115
CCNO,1,0,0.0,2.8719902e-09
CCPG1,2,0,0.0,0.6013458
CCR10,1,0,0.0,3.673849e-06
CCR4,2,0,0.0,0.4225528
CCT7,1,0,0.0,0.06115458
CD164,2,0,0.0,0.23861864
CD177,3,0,0.0,0.24264751
CD1D,2,0,0.0,0.342242
CD200R1L,2,0,0.0,0.18514249
CD247,1,0,0.0,0.3512906
CD300LD,3,0,0.0,0.22175562
CD320,1,0,0.0,6.422731e-09
CD34,3,0,0.0,0.10434428
CD4,2,0,0.0,0.44676083
CD58,2,0,0.0,0.4509827
CDC27,2,0,0.0,0.3731888
CDC40,1,0,0.0,2.0880499e-08
CDC42EP1,1,0,0.0,1.7620007e-08
CDC45,1,0,0.0,0.6753365
CDCA4,2,0,0.0,0.3223863
CDCA5,1,0,0.0,0.24175148
CDH2,2,0,0.0,0.30223787
CDH22,4,0,0.0,0.020063573
CDH24,1,0,0.0,0.53602284
CDHR4,1,0,0.0,0.0021114715
CDK11B,1,0,0.0,2.8692273e-07
CDK16,2,0,0.0,2.271678e-05
CDK5R2,2,0,0.0,0.18921483
CDK6,1,0,0.0,7.1283884e-10
CDK9,2,0,0.0,0.08701384
CDKN1A,2,0,0.0,0.2695369
CDKN2AIP,3,0,0.0,0.0859709
CDPF1,1,0,0.0,0.5344845
CDT1,1,0,0.0,0.00070956966
CDX2,1,0,0.0,0.0001919784
CEACAM16,2,0,0.0,0.09254879
CEACAM21,2,0,0.0,0.06972665
CEACAM4,1,0,0.0,0.0026935658
CEACAM8,2,0,0.0,0.18407708
CEBPD,1,0,0.0,7.674587e-11
CENPBD1,1,0,0.0,0.4881879
CENPC,3,0,0.0,0.062644884
CENPQ,1,0,0.0,2.5934987e-09
CENPV,1,0,0.0,0.50756705
CEP152,4,0,0.0,0.23387372
CEP162,1,0,0.0,1.3098099e-08
CEP170B,3,0,0.0,0.070151195
CERK,1,0,0.0,0.5898931
CERS1,2,0,0.0,0.05453235
CERS2,1,0,0.0,0.012509524
CERT1,1,0,0.0,0.003551871
CFAP299,1,0,0.0,0.741199
CFAP410,2,0,0.0,0.30131522
CFAP46,2,0,0.0,0.3384
CFAP77,5,0,0.0,0.33712003
CFAP97,1,0,0.0,0.18007456
CGB7,1,0,0.0,0.66647416
CHAC1,1,0,0.0,0.6550734
CHAD,1,0,0.0,0.0080198655
CHCHD4,1,0,0.0,7.836589e-05
CHCHD7,1,0,0.0,6.983469e-07
CHERP,1,0,0.0,0.0004894336
CHM,4,0,0.0,1.6922284e-07
CHMP2B,1,0,0.0,0.000806959
CHMP7,1,0,0.0,0.35385272
CHORDC1,2,0,0.0,0.47358847
CHRDL2,4,0,0.0,0.05177912
CHST11,1,0,0.0,0.3181909
CHST13,1,0,0.0,1.2043677e-08
CHST4,2,0,0.0,0.20498636
CHST7,2,0,0.0,0.018966066
CHTF18,1,0,0.0,0.10147121
CIB1,1,0,0.0,0.5923258
CIB4,2,0,0.0,0.32449204
CKB,1,0,0.0,0.7477244
CLCF1,2,0,0.0,0.04459148
CLCN2,1,0,0.0,0.72069246
CLCN5,2,0,0.0,0.1409644
CLDN16,1,0,0.0,0.06503116
CLDN17,1,0,0.0,0.3051402
CLDN19,1,0,0.0,5.726481e-09
CLDN20,1,0,0.0,1.1454878e-06
CLDN6,2,0,0.0,0.3595575
CLDN7,1,0,0.0,0.5521618
CLDN8,2,0,0.0,0.051925786
CLEC12A,2,0,0.0,0.14623961
CLEC16A,1,0,0.0,0.73818564
CLEC17A,1,0,0.0,0.18585354
CLEC2B,1,0,0.0,0.0014389368
CLEC2L,1,0,0.0,0.6327011
CLEC3B,1,0,0.0,0.21669193
CLEC4G,1,0,0.0,0.006676529
CLEC6A,1,0,0.0,0.3079424
CLHC1,1,0,0.0,0.02672413
CLIP2,3,0,0.0,0.000826784
CLLU1,1,0,0.0,0.14002337
CLMP,1,0,0.0,0.3485841
CLN3,1,0,0.0,3.6476897e-07
CLN8,1,0,0.0,0.44209895
CLNS1A,1,0,0.0,0.25457674
CLPB,3,0,0.0,0.17620254
CLSTN1,1,0,0.0,3.613385e-07
CLTRN,1,0,0.0,0.49908686
CLUAP1,2,0,0.0,0.010377972
CLUH,5,0,0.0,0.26227117
CMAS,1,0,0.0,3.28175e-06
CMIP,1,0,0.0,0.17818835
CMKLR1,1,0,0.0,0.020745065
CMTM8,1,0,0.0,0.14641844
CMTR2,1,0,0.0,0.0003731012
CNEP1R1,1,0,0.0,0.081724554
CNNM1,2,0,0.0,4.6321244e-08
CNNM3,1,0,0.0,1.0651218e-06
CNOT7,1,0,0.0,0.32406667
COL21A1,3,0,0.0,0.022684187
COL8A1,5,0,0.0,0.2987234
COL9A2,1,0,0.0,1.565117e-10
COLCA2,1,0,0.0,0.032429453
COMT,1,0,0.0,0.0015570372
COPS7B,1,0,0.0,0.19777746
COQ6,1,0,0.0,0.000897117
COQ8B,2,0,0.0,0.21167327
CORO2B,3,0,0.0,0.20748962
CORO7-PAM16,1,0,0.0,0.00015953316
COX15,2,0,0.0,0.6605289
COX5A,1,0,0.0,0.0504939
COX7B2,1,0,0.0,0.047300056
CPEB1,1,0,0.0,0.673952
CPLX2,1,0,0.0,0.01958409
CPLX3,1,0,0.0,1.8204783e-09
CPOX,2,0,0.0,0.22993627
CPSF4,1,0,0.0,0.17784524
CRACR2A,2,0,0.0,0.5259943
CRACR2B,3,0,0.0,7.834188e-09
CRADD,1,0,0.0,0.43651003
CRAMP1,1,0,0.0,0.0013038123
CREBL2,2,0,0.0,0.00010023628
CREG2,1,0,0.0,0.00016138937
CRHR1,1,0,0.0,0.48266548
CRISP2,1,0,0.0,0.025307782
CRLF3,2,0,0.0,0.35685128
CRYBA2,1,0,0.0,0.028064538
CRYZ,1,0,0.0,0.41314587
CSAD,1,0,0.0,0.36160737
CSDC2,1,0,0.0,0.17973462
CSF2,1,0,0.0,0.09883131
CSGALNACT1,1,0,0.0,0.3034579
CSNK1A1L,2,0,0.0,9.7227e-06
CSRNP2,2,0,0.0,0.18183024
CSRNP3,1,0,0.0,0.5073761
CST11,1,0,0.0,0.054107416
CST9,1,0,0.0,0.55444574
CST9L,1,0,0.0,1.3526609e-05
CSTF3,1,0,0.0,0.09014187
CTPS2,2,0,0.0,0.33935192
CTRL,2,0,0.0,0.32060194
CTSB,1,0,0.0,0.55827993
CTSD,2,0,0.0,3.8759826e-08
CTSF,4,0,0.0,0.1540476
CUL3,1,0,0.0,0.00069890573
CUZD1,1,0,0.0,0.18658428
CWC22,1,0,0.0,0.6588367
CWC27,1,0,0.0,0.42174035
CXCL16,1,0,0.0,0.08486517
CXCR4,1,0,0.0,0.2932953
CXCR6,1,0,0.0,0.17873704
CXXC4,1,0,0.0,0.41583624
CXorf56,2,0,0.0,0.69355285
CYB561D2,1,0,0.0,0.46130732
CYB5R1,1,0,0.0,8.455397e-09
CYB5R2,1,0,0.0,6.31883e-08
CYBB,3,0,0.0,0.10357209
CYC1,1,0,0.0,0.2726115
CYFIP1,5,0,0.0,0.219206
CYLC1,1,0,0.0,0.0048362506
CYP11A1,4,0,0.0,0.3203983
CYP21A2,1,0,0.0,3.3337297e-08
CYP26C1,1,0,0.0,0.0393865
CYP27A1,1,0,0.0,0.0038243346
CYP2C8,4,0,0.0,0.14305922
CYP4V2,1,0,0.0,0.008011653
CYTH3,2,0,0.0,0.07899944
DAAM2,1,0,0.0,6.7961786e-08
DAOA,1,0,0.0,0.11223573
DBT,2,0,0.0,0.6051911
DBX2,2,0,0.0,0.20441511
DCAF13,1,0,0.0,6.6043043e-12
DCAF17,1,0,0.0,0.6664527
DCLRE1A,1,0,0.0,1.0625813e-08
DCT,2,0,0.0,0.10755572
DCTN3,1,0,0.0,0.015974548
DCUN1D5,1,0,0.0,1.7667783e-09
DDAH2,1,0,0.0,0.0020407788
DDB2,1,0,0.0,3.0808722e-05
DDX1,1,0,0.0,6.276965e-06
DDX20,1,0,0.0,0.11013063
DDX25,1,0,0.0,2.6719664e-07
DDX27,1,0,0.0,0.015623681
DDX39A,1,0,0.0,0.004893103
DDX41,4,0,0.0,0.37713626
DEDD2,1,0,0.0,0.2508416
DEFB108B,1,0,0.0,7.8334233e-07
DEFB113,3,0,0.0,0.044359967
DEFB116,1,0,0.0,0.23936282
DEFB125,1,0,0.0,0.097345434
DEFB127,1,0,0.0,0.00086184044
DEGS2,1,0,0.0,2.4820434e-08
DENND11,1,0,0.0,0.0005456026
DENND6B,1,0,0.0,1.315458e-08
DEPDC7,1,0,0.0,0.26937374
DERL3,1,0,0.0,0.55231494
DESI1,1,0,0.0,3.0366817e-07
DEUP1,3,0,0.0,0.23940003
DGKA,2,0,0.0,0.6376288
DGKQ,2,0,0.0,0.001346574
DGLUCY,2,0,0.0,1.6201614e-08
DHDH,2,0,0.0,0.052950762
DHH,1,0,0.0,9.365825e-09
DHPS,1,0,0.0,0.064776726
DHRS13,3,0,0.0,0.3738189
DHRS7,1,0,0.0,5.930082e-05
DHRS7B,1,0,0.0,0.54603934
DHX15,2,0,0.0,8.147433e-07
DIAPH1,2,0,0.0,0.15611222
DIO1,1,0,0.0,0.6540803
DIPK1B,1,0,0.0,0.3679888
DIPK2A,1,0,0.0,0.0061560636
DIS3,3,0,0.0,0.1378235
DIXDC1,1,0,0.0,2.6903973e-07
DLG1,3,0,0.0,0.07945124
DLG3,1,0,0.0,1.3250946e-09
DLL1,3,0,0.0,0.32166
DLX2,1,0,0.0,1.0523899e-11
DLX3,1,0,0.0,0.20871776
DMAP1,1,0,0.0,0.47351083
DMRTC2,1,0,0.0,0.3459713
DNAAF2,3,0,0.0,0.21191257
DNAAF3,1,0,0.0,0.2548167
DNAH6,1,0,0.0,0.067560956
DNAI2,1,0,0.0,0.5304189
DNAJB1,2,0,0.0,0.00021907003
DNAJB7,1,0,0.0,3.2809466e-10
DNAJC16,3,0,0.0,1.2784301e-05
DNAJC18,1,0,0.0,0.028010141
DNAJC7,1,0,0.0,0.049194295
DNAJC8,1,0,0.0,1.0724865e-09
DNASE2,1,0,0.0,3.51521e-06
DNASE2B,1,0,0.0,0.00064083864
DNM1L,2,0,0.0,0.36528578
DNM3,2,0,0.0,6.7235435e-09
DNTT,4,0,0.0,0.001563994
DNTTIP2,1,0,0.0,0.002033281
DPP3,1,0,0.0,0.4892965
DPP8,1,0,0.0,0.72870123
DPP9,1,0,0.0,0.13335562
DPPA3,1,0,0.0,0.60536766
DPPA5,1,0,0.0,0.56924963
DPRX,2,0,0.0,0.10900159
DPT,4,0,0.0,0.576519
DPY19L3,1,0,0.0,0.632192
DPYSL4,1,0,0.0,0.14597313
DRAM1,1,0,0.0,0.22698008
DRD3,2,0,0.0,0.0029099649
DSPP,1,0,0.0,0.13876624
DTNBP1,1,0,0.0,0.57942
DUOX1,2,0,0.0,0.6021011
DUOXA1,1,0,0.0,0.3501466
DUS2,2,0,0.0,0.3443996
DUSP13,1,0,0.0,2.3466213e-05
DUSP18,1,0,0.0,0.32285833
DUSP3,1,0,0.0,0.6368443
DUSP4,1,0,0.0,0.00015674334
DUSP6,1,0,0.0,0.5418499
DUSP8,1,0,0.0,1.281173e-07
DUSP9,3,0,0.0,0.093843825
DVL3,1,0,0.0,0.6652387
DYNAP,2,0,0.0,0.39366844
DYRK3,1,0,0.0,0.67028815
DYTN,2,0,0.0,0.00077592436
EARS2,2,0,0.0,0.33118138
EBLN2,1,0,0.0,0.18386044
ECE2,2,0,0.0,9.40126e-09
ECHDC2,1,0,0.0,0.053206764
ECHS1,2,0,0.0,0.08536297
ECI2,1,0,0.0,0.25226396
ECSIT,1,0,0.0,0.22766304
EDA2R,1,0,0.0,7.848978e-07
EDAR,2,0,0.0,0.19547269
EDDM3A,2,0,0.0,0.27386433
EDDM3B,3,0,0.0,0.063408576
EFCAB1,1,0,0.0,0.32228714
EFNA3,2,0,0.0,0.12905352
EFNA5,2,0,0.0,0.41327298
EFNB1,1,0,0.0,0.008098573
EFNB2,2,0,0.0,0.34346902
EGFL7,1,0,0.0,0.536207
EHD2,1,0,0.0,2.0282494e-10
EHF,2,0,0.0,2.14436e-07
EHHADH,4,0,0.0,0.055903424
EHMT1,3,0,0.0,0.09437295
EIF2A,2,0,0.0,0.5216055
EIF2B5,2,0,0.0,0.0019104369
EIF3J,1,0,0.0,0.47939757
EIF3K,1,0,0.0,0.1447217
EIF4A3,2,0,0.0,0.17140153
EIF5A,1,0,0.0,6.4706355e-06
ELFN2,3,0,0.0,0.2373596
ELK1,3,0,0.0,0.3337005
ELMO3,1,0,0.0,0.17519966
ELMOD2,1,0,0.0,0.13768141
ELOA,2,0,0.0,0.31039697
ELOVL6,1,0,0.0,0.6294129
ELP5,2,0,0.0,1.2452045e-10
EMC10,1,0,0.0,0.3672094
EMC6,1,0,0.0,0.6885282
EMC8,1,0,0.0,0.0053216014
EMC9,1,0,0.0,0.008010205
EME1,2,0,0.0,0.33411866
EMG1,1,0,0.0,0.00019159804
EMID1,1,0,0.0,0.084743984
EML3,1,0,0.0,0.09062948
EML5,5,0,0.0,0.018418005
EMX1,1,0,0.0,4.6657633e-10
EN2,1,0,0.0,2.2209173e-05
ENDOU,1,0,0.0,0.000383824
ENDOV,2,0,0.0,1.2984564e-08
ENO2,2,0,0.0,0.20178077
ENOPH1,3,0,0.0,0.053476796
ENOX1,1,0,0.0,0.05978403
ENTPD4,2,0,0.0,0.37240672
ENTPD5,1,0,0.0,0.109232984
ENTPD8,1,0,0.0,0.7477352
EOLA1,1,0,0.0,2.1238161e-10
EPC2,1,0,0.0,0.00085068285
EPCAM,1,0,0.0,0.0016745602
EPHB3,1,0,0.0,0.059829418
EPHX1,1,0,0.0,0.538175
EPN2,1,0,0.0,0.015263565
EPN3,2,0,0.0,1.5236349e-08
EPRS1,5,0,0.0,0.22950432
EPS8L1,3,0,0.0,0.23449065
ERAS,1,0,0.0,0.62986493
ERBB3,3,0,0.0,0.13408859
ERCC4,7,0,0.0,0.12862511
EREG,1,0,0.0,0.6999433
ERLIN1,1,0,0.0,7.828248e-07
ERO1B,1,0,0.0,0.23137234
ESCO2,1,0,0.0,0.19745307
ESPN,1,0,0.0,2.3279497e-07
ESRRA,1,0,0.0,0.008016599
ESYT3,1,0,0.0,1.4674575e-08
ETF1,3,0,0.0,0.15832637
ETFB,2,0,0.0,0.36541787
ETNK1,1,0,0.0,0.0021620565
ETNK2,1,0,0.0,0.16262761
EVI2A,1,0,0.0,0.70834047
EWSR1,2,0,0.0,0.324534
EXD2,1,0,0.0,0.07889239
EXD3,4,0,0.0,0.0011243385
EXOC6B,1,0,0.0,7.977572e-10
EXOG,1,0,0.0,0.0037543434
EXOSC3,1,0,0.0,0.39704952
EXOSC5,1,0,0.0,0.69970596
EXTL1,1,0,0.0,0.5425756
F11R,2,0,0.0,0.024270108
F2RL1,1,0,0.0,5.244853e-07
F2RL3,2,0,0.0,1.1123113e-05
FAAP20,1,0,0.0,7.411071e-07
FADS1,3,0,0.0,2.544859e-07
FAM107B,2,0,0.0,0.040828355
FAM111B,3,0,0.0,0.26396707
FAM117B,1,0,0.0,6.957561e-11
FAM124B,1,0,0.0,0.55013585
FAM126B,1,0,0.0,0.00028097152
FAM133A,1,0,0.0,5.960935e-14
FAM155A,2,0,0.0,0.2651608
FAM160A2,2,0,0.0,0.26977006
FAM161B,2,0,0.0,4.6689413e-05
FAM163B,1,0,0.0,1.6390869e-10
FAM167A,1,0,0.0,0.08244153
FAM168B,2,0,0.0,2.6893694e-08
FAM181B,1,0,0.0,1.4669175e-08
FAM210B,1,0,0.0,0.24090359
FAM217B,3,0,0.0,0.11190876
FAM21FP,1,0,0.0,3.8726844e-09
FAM220A,1,0,0.0,0.6650636
FAM27E5,1,0,0.0,0.04900219
FAM53C,1,0,0.0,0.18854147
FAM83C,4,0,0.0,0.009682156
FAM89B,1,0,0.0,0.71939546
FAM9B,1,0,0.0,0.42186227
FANCG,1,0,0.0,0.00092050695
FANK1,1,0,0.0,0.17603955
FARP1,5,0,0.0,0.096031725
FARP2,1,0,0.0,0.0040252833
FASLG,1,0,0.0,3.1264182e-09
FASN,4,0,0.0,0.048188537
FAXDC2,1,0,0.0,0.5651511
FBXL12,1,0,0.0,0.055204883
FBXL16,1,0,0.0,4.550135e-09
FBXL17,2,0,0.0,7.4026005e-08
FBXL19,2,0,0.0,0.11964893
FBXL2,1,0,0.0,0.014850598
FBXL22,1,0,0.0,0.25779766
FBXL3,1,0,0.0,0.007983832
FBXO15,2,0,0.0,0.32056665
FBXO21,1,0,0.0,0.0048509333
FBXO27,1,0,0.0,0.6026253
FBXO33,1,0,0.0,1.0531023e-06
FBXO41,1,0,0.0,9.1524825e-08
FBXO42,1,0,0.0,0.4569672
FBXO46,1,0,0.0,0.15188627
FBXW9,2,0,0.0,0.00037624437
FCAMR,2,0,0.0,0.096572
FCAR,2,0,0.0,0.18832438
FCER1A,4,0,0.0,0.2174289
FCMR,1,0,0.0,0.5181599
FCRL5,5,0,0.0,0.2729935
FEM1B,1,0,0.0,0.00022227773
FER,2,0,0.0,0.0028089818
FES,2,0,0.0,0.44476938
FEZF1,1,0,0.0,0.4153147
FGD2,1,0,0.0,0.5711338
FGF13,1,0,0.0,8.37026e-08
FGF2,2,0,0.0,0.35756084
FGF21,1,0,0.0,0.2689533
FGF3,1,0,0.0,0.66298723
FGF6,3,0,0.0,0.085163675
FGF7,1,0,0.0,0.6345137
FGFRL1,2,0,0.0,4.128158e-05
FHL2,1,0,0.0,0.03823789
FHOD1,2,0,0.0,7.2118737e-06
FIGLA,1,0,0.0,0.0009867755
FIGNL1,2,0,0.0,0.0035195998
FIGNL2,1,0,0.0,1.4277916e-06
FITM2,2,0,0.0,5.408489e-09
FKBP11,1,0,0.0,3.6026702e-07
FKBP4,1,0,0.0,0.012111541
FKBPL,1,0,0.0,6.677425e-09
FKRP,1,0,0.0,5.619285e-10
FLII,1,0,0.0,0.53714496
FLVCR2,1,0,0.0,4.844787e-05
FLYWCH1,1,0,0.0,2.6037488e-09
FN3K,2,0,0.0,0.28980216
FNBP1L,1,0,0.0,1.6286565e-10
FOLR1,2,0,0.0,0.40973496
FOXA3,1,0,0.0,0.00014311774
FOXB1,2,0,0.0,1.5181469e-08
FOXB2,2,0,0.0,0.010922686
FOXF2,1,0,0.0,0.0026620554
FOXH1,1,0,0.0,9.0801583e-10
FOXL1,2,0,0.0,0.39258328
FOXP4,1,0,0.0,0.45887172
FPGT-TNNI3K,2,0,0.0,3.707681e-09
FRG2,3,0,0.0,0.11424162
FRMD4A,1,0,0.0,2.2142125e-08
FSCN2,1,0,0.0,4.9160573e-14
FSD2,1,0,0.0,0.16619922
FSTL3,1,0,0.0,2.0258735e-08
FTCD,2,0,0.0,0.48132592
FTHL17,4,0,0.0,0.1858849
FTSJ1,3,0,0.0,1.4444798e-10
FUBP3,1,0,0.0,1.0243782e-06
FUNDC1,1,0,0.0,0.100468256
FURIN,2,0,0.0,0.15848844
FUS,2,0,0.0,0.0028541973
FXR1,3,0,0.0,0.18433698
GABARAPL1,1,0,0.0,0.028863126
GABARAPL2,1,0,0.0,0.25412428
GABRR2,2,0,0.0,0.10625578
GAD1,6,0,0.0,0.1747108
GADD45A,1,0,0.0,9.590123e-09
GAGE2E,1,0,0.0,0.65466547
GALE,3,0,0.0,0.39859816
GALNS,3,0,0.0,0.003346718
GALNT3,2,0,0.0,0.2494159
GALR2,1,0,0.0,0.10508864
GAN,1,0,0.0,0.11382004
GAP43,1,0,0.0,0.43038094
GAR1,1,0,0.0,0.0054227957
GAS1,1,0,0.0,0.0072483146
GAS2,3,0,0.0,5.0183093e-08
GAS2L1,2,0,0.0,0.25699013
GATA5,1,0,0.0,0.50781906
GATAD2A,1,0,0.0,0.000112599955
GBA,2,0,0.0,0.0699402
GDF10,2,0,0.0,2.274627e-09
GDF7,1,0,0.0,1.4680846e-08
GDI1,1,0,0.0,0.037242677
GDPD3,1,0,0.0,0.0021916493
GFOD2,1,0,0.0,0.5512151
GFRA1,3,0,0.0,0.071668595
GGH,1,0,0.0,0.06755908
GGT6,1,0,0.0,7.611861e-06
GH2,3,0,0.0,0.22029226
GID4,1,0,0.0,9.557979e-10
GID8,2,0,0.0,6.434358e-09
GJB1,2,0,0.0,0.17562628
GJC2,1,0,0.0,0.05766939
GJD4,1,0,0.0,0.06957265
GLB1,2,0,0.0,0.00041905255
GLIPR1L2,1,0,0.0,0.24745627
GLRA1,1,0,0.0,0.13170052
GLRA4,1,0,0.0,2.7832565e-13
GLTP,2,0,0.0,0.6252987
GMPS,1,0,0.0,0.00973821
GNA15,1,0,0.0,0.71689683
GNAO1,2,0,0.0,0.14923498
GNAQ,1,0,0.0,0.023286935
GNAT2,1,0,0.0,0.24831155
GNAZ,2,0,0.0,0.40406826
GNB3,1,0,0.0,0.17056891
GNB4,1,0,0.0,7.2176794e-05
GNGT1,1,0,0.0,0.46281627
GNL1,1,0,0.0,0.013278229
GNL3L,1,0,0.0,0.4662103
GNPTG,1,0,0.0,0.15142849
GNRH2,1,0,0.0,0.47630686
GOLM2,1,0,0.0,9.584835e-05
GORASP1,1,0,0.0,0.008006701
GOT1,1,0,0.0,2.4048324e-10
GPATCH2,1,0,0.0,0.4051868
GPBP1L1,1,0,0.0,0.34373382
GPC3,1,0,0.0,0.70017797
GPC6,2,0,0.0,2.2233555e-13
GPD1L,1,0,0.0,0.680432
GPER1,2,0,0.0,0.036753446
GPHA2,1,0,0.0,7.199894e-07
GPHB5,1,0,0.0,1.8021256e-05
GPN2,1,0,0.0,3.0279306e-08
GPR12,1,0,0.0,0.14013332
GPR137,3,0,0.0,0.3971393
GPR137B,1,0,0.0,0.0008548093
GPR146,1,0,0.0,0.4339785
GPR150,2,0,0.0,8.925899e-10
GPR153,1,0,0.0,0.26156673
GPR155,2,0,0.0,1.8866301e-06
GPR171,1,0,0.0,0.01883743
GPR6,2,0,0.0,0.16047087
GPR62,1,0,0.0,3.998005e-07
GPR82,1,0,0.0,0.744216
GPR89A,1,0,0.0,0.00018663461
GPRASP1,2,0,0.0,0.0476651
GPRIN1,1,0,0.0,2.716099e-12
GPX3,1,0,0.0,0.29284585
GPX4,1,0,0.0,0.64916015
GPX7,1,0,0.0,3.7547926e-10
GPX8,1,0,0.0,0.007998157
GRAMD1B,4,0,0.0,0.16441286
GRAMD1C,1,0,0.0,0.12678723
GREM1,3,0,0.0,0.16945608
GREM2,1,0,0.0,0.21505494
GRIK1,7,0,0.0,0.23833129
GRM7,5,0,0.0,0.26621127
GRTP1,1,0,0.0,0.536046
GRXCR1,1,0,0.0,0.50313836
GRXCR2,1,0,0.0,0.09539758
GSG1L,2,0,0.0,0.26941007
GSTA1,1,0,0.0,0.7363321
GSTA5,2,0,0.0,0.036052395
GSTK1,1,0,0.0,0.2638043
GSTM1,2,0,0.0,4.2105708e-11
GSTT2,1,0,0.0,7.66768e-11
GSTT2B,2,0,0.0,0.2448873
GTF2E1,1,0,0.0,0.55097526
GTF2H4,3,0,0.0,0.13120924
GTF3C4,1,0,0.0,4.8531803e-14
GTF3C6,1,0,0.0,0.53398776
GTSF1L,1,0,0.0,0.2192669
GUCA1B,2,0,0.0,0.082749605
GXYLT2,1,0,0.0,0.013602065
GYG1,1,0,0.0,0.24073297
GZMA,1,0,0.0,0.0011503669
H1-10,1,0,0.0,0.518683
H1-3,2,0,0.0,0.45508438
H1-5,1,0,0.0,0.464496
H1-7,2,0,0.0,1.0271517e-09
H1-8,1,0,0.0,0.0046372083
H2BC11,1,0,0.0,0.6422546
H6PD,1,0,0.0,9.626723e-05
HAAO,1,0,0.0,0.044159796
HABP2,2,0,0.0,0.0040070335
HACL1,1,0,0.0,0.09192117
HADH,1,0,0.0,0.5853897
HAND1,1,0,0.0,0.0002579063
HAPLN1,1,0,0.0,0.17556582
HARBI1,2,0,0.0,0.20242043
HAVCR2,3,0,0.0,0.413798
HBEGF,1,0,0.0,0.08626062
HCFC2,2,0,0.0,0.33142388
HCN4,4,0,0.0,0.1517002
HDAC2,3,0,0.0,0.3618728
HDGF,1,0,0.0,0.16293818
HDHD5,2,0,0.0,0.074865684
HDX,3,0,0.0,0.3419232
HEG1,1,0,0.0,0.41150054
HELLS,1,0,0.0,0.2990311
HELQ,2,0,0.0,0.23026425
HERC6,3,0,0.0,0.13849454
HES1,1,0,0.0,0.021185424
HEXIM2,1,0,0.0,0.16288838
HFE,2,0,0.0,0.112721786
HHEX,2,0,0.0,0.32297626
HIBADH,1,0,0.0,0.21830362
HINT2,1,0,0.0,0.16787
HLA-C,1,0,0.0,0.0188903
HLA-DMA,2,0,0.0,0.08166831
HLA-DMB,1,0,0.0,0.740056
HLA-DOA,3,0,0.0,0.16182958
HLA-DQB1,2,0,0.0,0.004609224
HLX,2,0,0.0,0.23879263
HMBS,1,0,0.0,0.55815643
HMGA2,1,0,0.0,0.14452803
HMGB1,2,0,0.0,0.007615012
HMGXB4,1,0,0.0,0.68360406
HMOX1,2,0,0.0,0.055350896
HNRNPA1L2,3,0,0.0,0.029897457
HNRNPK,1,0,0.0,1.5209246e-06
HOGA1,1,0,0.0,9.104567e-08
HOPX,1,0,0.0,8.008246e-10
HOXB5,1,0,0.0,0.057341743
HOXB8,2,0,0.0,0.0490256
HOXB9,1,0,0.0,1.1860455e-05
HOXC13,1,0,0.0,4.3850044e-09
HPF1,2,0,0.0,0.16171157
HRH3,3,0,0.0,0.10486505
HRH4,1,0,0.0,0.40426707
HS3ST6,2,0,0.0,2.3338278e-06
HS6ST1,2,0,0.0,0.2633254
HSD17B1,1,0,0.0,0.37850887
HSD17B12,1,0,0.0,0.05712071
HSD3B2,3,0,0.0,0.3715712
HSDL1,1,0,0.0,0.023899093
HSF1,2,0,0.0,0.0004949556
HSPB7,1,0,0.0,0.16055427
HSPD1,1,0,0.0,0.00029883356
HTR1B,1,0,0.0,0.17278495
HUS1B,1,0,0.0,0.0072432035
HYAL1,1,0,0.0,0.001612533
IBA57,1,0,0.0,2.4545739e-11
ICAM3,1,0,0.0,4.797602e-05
IDI1,1,0,0.0,0.4880401
IFI30,1,0,0.0,8.065396e-09
IFIT2,2,0,0.0,0.2504433
IFITM1,1,0,0.0,0.18339515
IFITM2,1,0,0.0,0.06156465
IFITM5,1,0,0.0,2.097358e-08
IFNA10,2,0,0.0,9.1868255e-09
IFNA21,2,0,0.0,2.4716353e-12
IFNB1,2,0,0.0,2.7153565e-08
IFNE,2,0,0.0,0.008579972
IFNLR1,1,0,0.0,0.41577935
IFT88,1,0,0.0,0.00013177344
IFTAP,1,0,0.0,0.007998388
IGF1,1,0,0.0,0.15221836
IGFALS,1,0,0.0,1.4655163e-08
IGHA2,2,0,0.0,0.0008354645
IGHD,3,0,0.0,8.3954985e-09
IGHE,3,0,0.0,0.00034129166
IGHG1,3,0,0.0,0.40028247
IGHG2,1,0,0.0,2.817956e-09
IGHJ6,1,0,0.0,0.38792622
IGHV1-45,1,0,0.0,0.0008361019
IGHV1OR15-9,2,0,0.0,0.5319994
IGHV2-5,1,0,0.0,0.15305687
IGHV3-13,1,0,0.0,0.29273906
IGHV3-15,1,0,0.0,2.0924205e-11
IGHV3-16,1,0,0.0,1.915809e-09
IGHV3-38,1,0,0.0,0.62974524
IGHV3-66,1,0,0.0,0.4664661
IGHV3OR16-8,1,0,0.0,0.44234157
IGKV1-13,1,0,0.0,0.42304268
IGKV1-5,1,0,0.0,9.613358e-05
IGKV1D-43,2,0,0.0,9.654907e-10
IGKV3-7,1,0,0.0,0.0064544105
IGKV4-1,1,0,0.0,0.17816494
IGLON5,2,0,0.0,0.03298279
IGLV1-40,1,0,0.0,0.4411937
IGLV1-50,1,0,0.0,0.36509776
IGLV1-51,1,0,0.0,1.7228498e-11
IGLV2-11,1,0,0.0,0.17466812
IGLV3-19,3,0,0.0,0.31652656
IGLV8OR8-1,1,0,0.0,0.3310741
IK,1,0,0.0,2.6860337e-07
IKBIP,1,0,0.0,0.3101169
IKZF4,1,0,0.0,0.021113954
IL13,1,0,0.0,0.13954473
IL17RA,2,0,0.0,0.014910888
IL1R1,2,0,0.0,0.24601814
IL21,1,0,0.0,0.14774217
IL22RA2,2,0,0.0,0.31157133
IL23A,1,0,0.0,0.17542402
IL24,1,0,0.0,0.22278516
IL25,1,0,0.0,7.8475625e-07
IL3,1,0,0.0,0.71931493
IL4,1,0,0.0,0.5622162
IL6,2,0,0.0,0.10498141
ILDR1,2,0,0.0,0.203337
IMP3,1,0,0.0,6.2183153e-07
IMPACT,2,0,0.0,0.06093754
INA,1,0,0.0,5.6957533e-12
ING4,1,0,0.0,0.44108096
INHBE,2,0,0.0,2.9343424e-12
INO80B,2,0,0.0,3.8107923e-05
INO80C,1,0,0.0,0.26156548
INPP5A,1,0,0.0,0.35835165
INPPL1,3,0,0.0,7.845948e-06
INS,1,0,0.0,3.832642e-07
INSIG1,2,0,0.0,0.23305142
INTS14,2,0,0.0,0.5564383
INTS3,2,0,0.0,0.33108705
INTS8,2,0,0.0,0.08341166
IPCEF1,1,0,0.0,0.12109633
IPO13,3,0,0.0,0.1684018
IPO4,3,0,0.0,0.00010189028
IQCJ,1,0,0.0,0.55478173
IRF7,1,0,0.0,0.00031908645
IRS2,2,0,0.0,2.4856269e-07
IRX2,2,0,0.0,0.07557365
IRX4,1,0,0.0,2.7967747e-08
IRX5,2,0,0.0,0.12971915
IRX6,2,0,0.0,0.31838524
ISG20,1,0,0.0,0.01772713
ISOC2,1,0,0.0,2.168955e-09
ITGA2B,1,0,0.0,0.48738825
ITGB8,3,0,0.0,0.32264003
ITM2A,2,0,0.0,2.715611e-08
ITM2B,1,0,0.0,0.0031336974
ITPK1,1,0,0.0,0.5305111
ITPRIP,1,0,0.0,0.0740217
ITPRIPL1,2,0,0.0,0.15479968
IZUMO1R,1,0,0.0,0.016144713
JADE1,4,0,0.0,0.08378209
JAG2,9,0,0.0,0.020525107
JAKMIP1,4,0,0.0,0.1849782
JMJD7-PLA2G4B,1,0,0.0,0.32802677
JPH4,1,0,0.0,0.3110832
JPT1,1,0,0.0,0.037680797
JRKL,1,0,0.0,2.2140614e-05
JUP,1,0,0.0,8.0041834e-10
KANSL1,1,0,0.0,0.3107748
KAT7,1,0,0.0,0.15889707
KATNAL2,2,0,0.0,0.4382183
KATNB1,1,0,0.0,0.55909735
KBTBD11,1,0,0.0,9.260258e-09
KCNC1,1,0,0.0,1.479086e-06
KCNC2,8,0,0.0,0.28814018
KCND1,4,0,0.0,0.19994785
KCNE3,1,0,0.0,0.00416257
KCNE4,1,0,0.0,0.4275202
KCNJ10,1,0,0.0,0.008009201
KCNJ12,3,0,0.0,0.12043955
KCNJ2,1,0,0.0,0.5651704
KCNJ5,4,0,0.0,0.21859929
KCNK12,1,0,0.0,2.85756e-05
KCNK18,2,0,0.0,0.19845061
KCTD11,1,0,0.0,0.4949784
KCTD12,3,0,0.0,0.015464131
KCTD2,3,0,0.0,0.098495364
KDM5D,6,0,0.0,8.658216e-11
KHDC1,1,0,0.0,0.004665178
KIAA0408,2,0,0.0,0.0004106835
KIAA1191,1,0,0.0,0.097879924
KIAA1328,1,0,0.0,0.045852605
KIF22,1,0,0.0,0.013128732
KIF23,3,0,0.0,0.19715498
KIF24,1,0,0.0,1.6556977e-12
KIF2A,2,0,0.0,0.10602122
KIF6,1,0,0.0,0.015244376
KIN,1,0,0.0,0.6586611
KLC2,2,0,0.0,0.16489631
KLF14,2,0,0.0,0.00016256275
KLF5,2,0,0.0,0.0942748
KLF7,2,0,0.0,0.32193103
KLF9,1,0,0.0,4.3738164e-05
KLHDC2,1,0,0.0,6.672755e-08
KLHDC4,1,0,0.0,0.07365445
KLHL2,1,0,0.0,0.0005698607
KLK1,1,0,0.0,0.024677746
KLK5,3,0,0.0,0.115311295
KLK7,2,0,0.0,9.171843e-05
KLRD1,1,0,0.0,0.7031414
KLRG2,1,0,0.0,0.11592956
KMT5B,1,0,0.0,1.1324391e-05
KNCN,1,0,0.0,0.008006523
KNOP1,3,0,0.0,0.013500317
KPNA6,2,0,0.0,0.45190093
KRBOX4,2,0,0.0,9.91817e-07
KREMEN2,1,0,0.0,0.07107638
KRIT1,2,0,0.0,0.25388062
KRT18P23,1,0,0.0,0.6087739
KRT77,2,0,0.0,0.18592316
KRT86,2,0,0.0,0.15762389
KRTAP10-10,2,0,0.0,0.31111336
KRTAP10-12,1,0,0.0,0.00802831
KRTAP11-1,1,0,0.0,0.39238495
KRTAP12-4,2,0,0.0,0.3646034
KRTAP19-1,2,0,0.0,0.50536525
KRTAP26-1,1,0,0.0,4.873154e-05
KRTAP3-3,3,0,0.0,0.0006661492
KRTAP4-1,1,0,0.0,9.052908e-09
KRTAP4-5,3,0,0.0,0.06429208
KRTAP6-2,3,0,0.0,0.3150696
KSR1,4,0,0.0,0.14811483
KXD1,1,0,0.0,0.007230737
LACTB,2,0,0.0,0.0755902
LAMP1,1,0,0.0,0.54631853
LAMTOR1,1,0,0.0,3.667082e-08
LAMTOR2,1,0,0.0,0.31109294
LAMTOR3,1,0,0.0,0.29218072
LANCL3,1,0,0.0,8.605045e-09
LARS2,1,0,0.0,0.0021110836
LAT2,1,0,0.0,0.2850499
LBX1,2,0,0.0,1.7518013e-11
LCE3A,1,0,0.0,0.09060871
LCN10,1,0,0.0,1.9741514e-13
LDHA,2,0,0.0,0.080505244
LDHC,1,0,0.0,0.15691115
LDLRAP1,1,0,0.0,0.22168097
LEFTY2,3,0,0.0,1.5141774e-06
LELP1,1,0,0.0,0.00010754392
LENG1,1,0,0.0,0.099664
LEPR,1,0,0.0,0.0019785347
LGALS3,1,0,0.0,0.0016438906
LGALS9B,1,0,0.0,0.7322056
LGI4,1,0,0.0,0.00014314543
LHFPL4,1,0,0.0,1.7292184e-07
LHFPL5,1,0,0.0,0.00082347315
LHX4,3,0,0.0,0.12840329
LHX5,1,0,0.0,2.244195e-09
LHX6,2,0,0.0,0.36399665
LIG1,3,0,0.0,0.14845227
LIG4,1,0,0.0,0.0023270727
LIMK1,3,0,0.0,0.39929426
LIMS1,2,0,0.0,0.21819745
LINC00174,1,0,0.0,2.0339648e-09
LINC01098,1,0,0.0,0.02576124
LINC01587,1,0,0.0,0.0048249546
LINC01600,2,0,0.0,0.23739392
LINC02843,1,0,0.0,0.46519858
LINC02870,1,0,0.0,0.44303957
LIPC,1,0,0.0,0.0013464475
LIPK,2,0,0.0,0.30605257
LIPN,1,0,0.0,0.059701983
LMAN1,2,0,0.0,0.35825652
LMAN1L,3,0,0.0,0.25361353
LMF2,1,0,0.0,0.0006976025
LMNA,1,0,0.0,2.4829534e-11
LMNB1,1,0,0.0,0.00061701896
LMOD1,1,0,0.0,1.7634866e-08
LMX1B,2,0,0.0,1.68468e-06
LONP2,3,0,0.0,0.09140428
LPAR5,2,0,0.0,1.0518554e-08
LPAR6,2,0,0.0,0.00094199635
LPIN2,5,0,0.0,0.3327025
LPXN,3,0,0.0,0.0065270816
LRFN3,2,0,0.0,0.00034167556
LRFN4,1,0,0.0,8.2007975e-14
LRP11,1,0,0.0,0.00045658348
LRP3,4,0,0.0,7.124134e-08
LRPAP1,1,0,0.0,4.1121004e-09
LRPPRC,5,0,0.0,0.14846528
LRRC17,1,0,0.0,0.4996865
LRRC3,2,0,0.0,0.28914303
LRRC34,2,0,0.0,0.5558808
LRRC73,1,0,0.0,4.885292e-07
LRRC75A,3,0,0.0,0.16313796
LRRN4CL,1,0,0.0,5.1887446e-07
LRRTM1,2,0,0.0,0.0007333421
LRRTM4,2,0,0.0,4.6500103e-05
LSM12,1,0,0.0,0.24162647
LSS,1,0,0.0,0.5463062
LTB4R2,1,0,0.0,5.215007e-05
LTBP2,14,0,0.0,0.102666095
LTBP3,1,0,0.0,6.649034e-07
LTF,2,0,0.0,0.1363501
LUC7L2,2,0,0.0,0.5514961
LY6G5C,1,0,0.0,0.00069114944
LY6G6D,1,0,0.0,0.6873517
LY6K,1,0,0.0,0.24836111
LY86,1,0,0.0,0.0172225
LYAR,1,0,0.0,6.230035e-05
LYSMD4,3,0,0.0,0.2560196
M1AP,3,0,0.0,0.23252188
M6PR,1,0,0.0,0.68401545
MAD2L1BP,1,0,0.0,0.00022991649
MAF1,1,0,0.0,0.40899464
MAFG,1,0,0.0,1.01866e-07
MAGEA1,1,0,0.0,0.28905445
MAGEA5,2,0,0.0,0.51847863
MAGEH1,1,0,0.0,1.5542683e-09
MAGIX,1,0,0.0,0.016787851
MALSU1,1,0,0.0,0.013713758
MANEAL,1,0,0.0,0.19794999
MAOA,1,0,0.0,2.96129e-05
MAP10,3,0,0.0,0.1280673
MAP1LC3B,1,0,0.0,0.36512405
MAP2K5,1,0,0.0,0.65698856
MAP2K6,1,0,0.0,0.51825565
MAP4K5,1,0,0.0,0.4653745
MAP7,4,0,0.0,0.14696832
MAPK10,2,0,0.0,0.23610409
MAPK1IP1L,1,0,0.0,1.5209224e-08
MAPK4,2,0,0.0,0.53651416
MAPRE3,1,0,0.0,0.36121497
MARK2,1,0,0.0,9.25205e-09
MARK3,1,0,0.0,0.06565276
MAS1,1,0,0.0,0.65985584
MASP2,4,0,0.0,0.06267938
MASTL,1,0,0.0,0.059628148
MATN1,1,0,0.0,0.6086589
MAZ,1,0,0.0,4.3841506e-13
MBD3,1,0,0.0,0.62360555
MBD4,1,0,0.0,0.09128854
MBIP,2,0,0.0,1.2652226e-09
MBL2,2,0,0.0,2.0281544e-10
MBLAC1,1,0,0.0,3.1284344e-09
MBOAT7,1,0,0.0,6.0288085e-07
MBTD1,1,0,0.0,0.44009182
MBTPS2,1,0,0.0,9.055598e-10
MCAT,1,0,0.0,3.672217e-06
MCMBP,2,0,0.0,0.030167904
MCMDC2,3,0,0.0,0.13730979
MCPH1,4,0,0.0,0.12790881
MCRIP2,1,0,0.0,0.3514747
MDH1B,2,0,0.0,0.35668397
MDH2,2,0,0.0,0.23853944
MDP1,1,0,0.0,0.20430711
MDS2,2,0,0.0,0.036543205
MED10,1,0,0.0,0.22940488
MED12L,7,0,0.0,0.2610725
MED22,3,0,0.0,0.26843882
MED25,2,0,0.0,0.3121122
MEF2A,2,0,0.0,0.10644429
MEGF11,3,0,0.0,0.2267556
MELK,3,0,0.0,0.019490331
MEP1B,4,0,0.0,0.12007648
MESP2,1,0,0.0,0.44415593
METAP1,1,0,0.0,0.072744496
METAP2,1,0,0.0,0.36376372
METRNL,2,0,0.0,0.41404372
METTL21A,1,0,0.0,0.3676305
METTL24,1,0,0.0,0.6054032
METTL7A,2,0,0.0,0.51653975
METTL8,1,0,0.0,0.001212746
MFAP3L,3,0,0.0,0.00010130861
MFF,1,0,0.0,0.01673833
MFNG,3,0,0.0,0.004918192
MFSD10,2,0,0.0,9.023713e-07
MFSD11,2,0,0.0,0.08272573
MFSD12,1,0,0.0,7.653416e-08
MFSD13A,1,0,0.0,0.23217528
MFSD14A,1,0,0.0,0.008003842
MFSD3,1,0,0.0,0.0016659431
MFSD4B,1,0,0.0,0.0006268191
MFSD8,3,0,0.0,0.16487648
MGARP,1,0,0.0,0.60661
MGAT1,1,0,0.0,3.291146e-09
MGMT,5,0,0.0,1.8137013e-06
MGST1,1,0,0.0,0.25893858
MIB2,2,0,0.0,0.00033316418
MICALL2,2,0,0.0,0.0040094103
MICU1,2,0,0.0,0.029915716
MIER1,1,0,0.0,2.2952338e-05
MIGA1,1,0,0.0,0.62107
MIIP,1,0,0.0,1.863655e-11
MILR1,1,0,0.0,0.67300606
MIOX,1,0,0.0,6.2422616e-05
MIR1-1HG-AS1,2,0,0.0,0.3499459
MIR1179,1,0,0.0,0.3910872
MIR124-1,1,0,0.0,0.037875254
MIR1261,1,0,0.0,0.41518718
MIR1283-1,1,0,0.0,0.15210034
MIR1323,1,0,0.0,0.012216761
MIR15A,1,0,0.0,0.007981151
MIR16-1,2,0,0.0,0.22262034
MIR1915,1,0,0.0,6.8071024e-08
MIR20A,1,0,0.0,0.000120916484
MIR302F,1,0,0.0,0.69327444
MIR372,1,0,0.0,0.0003243576
MIR380,1,0,0.0,0.6326189
MIR424,1,0,0.0,0.13007402
MIR492,1,0,0.0,0.28442225
MIR495,1,0,0.0,0.64471656
MIR498,2,0,0.0,0.20670345
MIR508,2,0,0.0,0.08442682
MIR515-1,2,0,0.0,0.09578745
MIR758,1,0,0.0,0.07548242
MIR9-1HG,1,0,0.0,0.06905006
MIS18BP1,1,0,0.0,0.2691382
MITF,2,0,0.0,0.2569799
MLEC,1,0,0.0,0.48882896
MLST8,3,0,0.0,0.47954106
MLYCD,1,0,0.0,3.678372e-06
MMP12,4,0,0.0,0.05848421
MMP15,6,0,0.0,0.014168425
MMP19,3,0,0.0,0.23821102
MMP21,4,0,0.0,0.046649504
MMP24,2,0,0.0,0.0054095555
MMP26,2,0,0.0,0.31635246
MMRN2,3,0,0.0,6.7499992e-09
MMS19,2,0,0.0,0.12499311
MN1,4,0,0.0,0.2870764
MNT,2,0,0.0,5.619211e-09
MOB3A,2,0,0.0,0.019268276
MOCOS,5,0,0.0,0.22183302
MOGAT3,2,0,0.0,0.07647112
MOK,2,0,0.0,6.218312e-07
MORC3,4,0,0.0,0.18687016
MORF4,1,0,0.0,0.18135996
MORN3,2,0,0.0,0.20907499
MOSPD3,1,0,0.0,0.15435229
MPG,1,0,0.0,0.63263756
MPHOSPH10,2,0,0.0,4.861476e-06
MPIG6B,1,0,0.0,0.4562178
MPZ,1,0,0.0,0.01996385
MPZL1,1,0,0.0,0.1791378
MPZL2,1,0,0.0,0.5075314
MRAS,1,0,0.0,0.0011439176
MRC2,6,0,0.0,0.22922744
MRM2,1,0,0.0,0.44420463
MRPL2,2,0,0.0,0.37586764
MRPL24,1,0,0.0,0.06117192
MRPL28,1,0,0.0,0.20241752
MRPL33,1,0,0.0,0.0013520779
MRPL44,1,0,0.0,0.1784587
MRPL45,1,0,0.0,0.65534693
MRPL49,2,0,0.0,0.31624955
MRPL9,1,0,0.0,0.16781065
MRPS17,1,0,0.0,0.019966686
MRPS17P9,1,0,0.0,5.8050075e-14
MRTFA,2,0,0.0,0.26394406
MRTFB,4,0,0.0,0.3003778
MS4A10,1,0,0.0,0.18425122
MS4A14,5,0,0.0,0.36714715
MS4A15,1,0,0.0,0.18064368
MS4A4A,2,0,0.0,0.3421643
MS4A6E,2,0,0.0,0.34823406
MS4A8,4,0,0.0,0.5157329
MSANTD3,2,0,0.0,0.00034953593
MSANTD4,1,0,0.0,0.043016843
MSL3,4,0,0.0,0.12838513
MSLNL,4,0,0.0,0.029027877
MSN,3,0,0.0,1.9772521e-12
MSTO1,1,0,0.0,0.5150367
MSX2,1,0,0.0,0.47046798
MT1B,1,0,0.0,0.4947147
MT1F,1,0,0.0,0.137686
MTARC2,2,0,0.0,0.0005759254
MTCH2,1,0,0.0,0.43805134
MTCP1,2,0,0.0,0.28329504
MTF2,3,0,0.0,0.26075175
MTG1,1,0,0.0,2.7509461e-09
MTX3,2,0,0.0,0.07555043
MUC13,1,0,0.0,0.4306253
MUCL1,1,0,0.0,0.6481058
MXD3,1,0,0.0,0.00021965618
MYBL1,3,0,0.0,0.020683149
MYCL,1,0,0.0,0.47402242
MYCN,3,0,0.0,0.49427465
MYEOV,1,0,0.0,0.004354986
MYL2,2,0,0.0,0.33930916
MYLPF,1,0,0.0,4.466561e-05
MYMK,1,0,0.0,0.13337404
MYO5A,3,0,0.0,0.27600682
MYOG,1,0,0.0,9.600336e-09
NAA16,1,0,0.0,0.10339502
NAA35,2,0,0.0,0.094567075
NAB2,2,0,0.0,0.19261959
NABP1,2,0,0.0,0.2753622
NACC2,2,0,0.0,2.0777328e-10
NAPEPLD,1,0,0.0,0.23369658
NAPSA,1,0,0.0,0.046966005
NARS2,2,0,0.0,0.4069145
NBPF11,1,0,0.0,0.04599702
NBR1,3,0,0.0,0.03547673
NCAPD2,2,0,0.0,0.25291324
NCBP3,1,0,0.0,0.258406
NCCRP1,1,0,0.0,0.69171125
NCDN,5,0,0.0,0.18173613
NCKAP5L,2,0,0.0,0.16940914
NCLN,2,0,0.0,0.0016279157
NDC80,1,0,0.0,0.37957907
NDE1,1,0,0.0,0.55794775
NDEL1,1,0,0.0,0.0203011
NDP,1,0,0.0,0.044147495
NDUFA10,3,0,0.0,0.421779
NDUFA4L2,1,0,0.0,0.5775118
NDUFAF1,1,0,0.0,0.5201161
NDUFB1,2,0,0.0,3.2223113e-08
NDUFB11,1,0,0.0,0.1402517
NDUFV2,1,0,0.0,1.1103756e-07
NDUFV3,3,0,0.0,0.11934105
NEBL-AS1,2,0,0.0,0.150889
NECAP2,2,0,0.0,0.102940656
NEDD1,2,0,0.0,0.03210787
NEFH,2,0,0.0,2.6744619e-08
NEK3,5,0,0.0,0.115231834
NET1,1,0,0.0,0.061130386
NEU4,3,0,0.0,0.12237266
NEURL1,2,0,0.0,0.3152409
NEURL2,1,0,0.0,0.74998224
NEUROD2,1,0,0.0,0.042189136
NFATC2IP,2,0,0.0,0.091417074
NFKB2,3,0,0.0,0.011336923
NFKBIE,1,0,0.0,0.7252854
NFKBIL1,1,0,0.0,1.0639857e-06
NFS1,1,0,0.0,0.3417583
NGFR,2,0,0.0,0.10904675
NHEJ1,1,0,0.0,0.52843493
NHLRC1,3,0,0.0,0.0011452372
NHSL2,1,0,0.0,0.25248468
NIBAN3,1,0,0.0,0.49710876
NINJ1,1,0,0.0,0.0002192442
NIPAL1,1,0,0.0,0.018249305
NKD1,1,0,0.0,8.454316e-09
NKRF,1,0,0.0,2.6681302e-05
NKX2-1,1,0,0.0,1.4799368e-06
NKX2-3,1,0,0.0,0.00031858217
NKX3-1,1,0,0.0,0.61377865
NKX3-2,1,0,0.0,6.649884e-07
NKX6-1,1,0,0.0,1.8107592e-07
NLGN3,2,0,0.0,0.11493012
NMNAT3,1,0,0.0,0.000675368
NOC4L,1,0,0.0,0.73398054
NOL10,1,0,0.0,7.5173374e-11
NOL11,2,0,0.0,0.15862632
NOL3,1,0,0.0,1.1248842e-05
NOL4L,2,0,0.0,2.1656998e-09
NOL6,6,0,0.0,0.10920503
NOMO1,2,0,0.0,0.133243
NONO,4,0,0.0,0.34257075
NOX3,5,0,0.0,0.3478071
NOXA1,1,0,0.0,7.2613937e-09
NOXRED1,1,0,0.0,6.667977e-07
NPEPL1,1,0,0.0,6.003662e-08
NPFFR1,3,0,0.0,9.340322e-05
NPTN,1,0,0.0,0.6883762
NR2E1,1,0,0.0,8.543281e-05
NR2E3,1,0,0.0,1.5570368e-09
NR4A1,5,0,0.0,0.08106396
NR5A1,3,0,0.0,0.005661374
NR5A2,2,0,0.0,0.32646805
NR6A1,1,0,0.0,0.037197582
NRIP2,1,0,0.0,0.51526606
NRIP3,1,0,0.0,0.58166134
NRM,1,0,0.0,0.25759685
NRN1,2,0,0.0,0.0027585248
NRSN2,3,0,0.0,0.07991701
NSFL1C,4,0,0.0,0.044754375
NSG1,1,0,0.0,0.116094865
NSUN3,1,0,0.0,0.60170275
NT5C1B-RDH14,1,0,0.0,0.70912033
NT5DC2,3,0,0.0,0.22350323
NTF4,1,0,0.0,0.3954543
NUBP1,2,0,0.0,0.1223998
NUDT11,2,0,0.0,0.0902842
NUDT14,1,0,0.0,0.1135706
NUMBL,1,0,0.0,7.889131e-13
NUTM2F,1,0,0.0,5.4552793e-06
NXF1,4,0,0.0,0.3472007
NXPH3,1,0,0.0,0.3203963
OAS1,1,0,0.0,0.09153203
OAZ3,1,0,0.0,0.0007725621
ODF1,2,0,0.0,0.38787255
ODF4,3,0,0.0,0.23131193
ODR4,1,0,0.0,2.0447676e-08
OGFRL1,1,0,0.0,0.00096023263
OLAH,1,0,0.0,0.62590206
OLIG2,1,0,0.0,1.1861575e-05
OLR1,5,0,0.0,0.31177074
OMD,1,0,0.0,1.7769673e-06
OMG,1,0,0.0,0.24621026
ONECUT1,1,0,0.0,4.442094e-07
OPN1MW,1,0,0.0,0.676864
OPRD1,2,0,0.0,3.6286596e-07
OR10G3,1,0,0.0,0.00062299747
OR10G8,3,0,0.0,0.15242055
OR10H2,1,0,0.0,0.000361907
OR11A1,2,0,0.0,0.00015443143
OR11L1,1,0,0.0,0.0017051274
OR13A1,3,0,0.0,0.41905308
OR14I1,3,0,0.0,0.5182231
OR1B1,2,0,0.0,0.00025332277
OR1J4,2,0,0.0,3.257534e-08
OR1S2,1,0,0.0,0.5990057
OR2AK2,1,0,0.0,0.6198694
OR2B11,1,0,0.0,0.0058998913
OR2B2,1,0,0.0,0.06607558
OR2M7,1,0,0.0,0.6192923
OR2T2,4,0,0.0,0.21775836
OR2T35,1,0,0.0,6.352621e-06
OR2T8,1,0,0.0,1.1554561e-07
OR4B1,2,0,0.0,0.19516473
OR4C11,3,0,0.0,0.097514264
OR4S1,1,0,0.0,0.055169202
OR51A7,1,0,0.0,0.0714757
OR51F2,2,0,0.0,0.030712863
OR51I2,1,0,0.0,0.38662076
OR52E2,3,0,0.0,0.26422027
OR52E6,2,0,0.0,0.27481002
OR56A3,2,0,0.0,0.3478571
OR56B1,1,0,0.0,0.7002413
OR5AK2,3,0,0.0,0.43623725
OR5AS1,3,0,0.0,0.28126088
OR5H14,3,0,0.0,0.004343903
OR5M11,3,0,0.0,0.41772774
OR5M3,2,0,0.0,0.37500775
OR6C68,1,0,0.0,0.19470881
OR6K6,1,0,0.0,0.31927398
OR6S1,2,0,0.0,4.3201228e-05
OR7C1,3,0,0.0,0.25221673
OR8B4,1,0,0.0,0.20840952
OR8G1,3,0,0.0,0.28121403
OR8J1,1,0,0.0,0.25516367
ORAI3,1,0,0.0,8.010911e-08
ORC6,1,0,0.0,0.4053344
ORM2,2,0,0.0,0.019857328
OSCAR,1,0,0.0,2.0795531e-07
OSM,1,0,0.0,0.12138569
OSR2,1,0,0.0,0.12122043
OTUD5,3,0,0.0,0.4115857
OVCH1,4,0,0.0,0.04675651
OVCH2,2,0,0.0,0.0071244896
OXCT1,1,0,0.0,0.24547751
OXGR1,2,0,0.0,0.24360095
OXR1,4,0,0.0,0.35938486
P2RX3,1,0,0.0,3.3684132e-14
P2RY6,3,0,0.0,0.22818367
P4HA3,1,0,0.0,0.11734275
PAAF1,2,0,0.0,0.32932815
PABPC1,1,0,0.0,0.47590134
PABPN1L,2,0,0.0,0.044546984
PACRGL,1,0,0.0,0.14315325
PACSIN3,1,0,0.0,0.17407306
PAEP,1,0,0.0,2.8080484e-07
PAF1,1,0,0.0,0.07951519
PAG1,1,0,0.0,0.0014419764
PAGE2B,2,0,0.0,0.03337491
PAGE5,1,0,0.0,3.3889106e-07
PAK3,1,0,0.0,0.00012566685
PALD1,1,0,0.0,3.444438e-08
PALM,2,0,0.0,3.5741496e-07
PANX2,5,0,0.0,0.06296073
PANX3,3,0,0.0,0.21336411
PAPLN,2,0,0.0,0.311798
PAQR4,2,0,0.0,0.17299812
PARD6G,2,0,0.0,3.7986432e-08
PARM1,1,0,0.0,0.26674104
PARP6,2,0,0.0,0.3060412
PARVG,1,0,0.0,0.35106993
PAX2,1,0,0.0,9.102795e-12
PBDC1,1,0,0.0,0.32887328
PBLD,1,0,0.0,0.4893701
PBOV1,1,0,0.0,0.00010521273
PCDHB1,2,0,0.0,0.010816036
PCGF6,1,0,0.0,0.0013008974
PCP4,1,0,0.0,0.6160181
PDCD1,1,0,0.0,9.547794e-10
PDCD1LG2,1,0,0.0,0.092275016
PDCD4,1,0,0.0,0.68084997
PDE10A,1,0,0.0,0.18376642
PDGFA,1,0,0.0,0.27035418
PDHB,1,0,0.0,0.0051172283
PDIA2,1,0,0.0,1.0993936e-08
PDIA3,2,0,0.0,0.14563346
PDX1,1,0,0.0,7.4505657e-10
PDZD11,1,0,0.0,1.0966857e-08
PDZRN3,6,0,0.0,0.25141862
PEAK3,2,0,0.0,1.2270233e-08
PEBP1,1,0,0.0,0.0008657854
PELI3,1,0,0.0,0.31881276
PEPD,1,0,0.0,0.7007513
PES1,1,0,0.0,6.816554e-06
PEX11B,2,0,0.0,0.1034166
PEX11G,1,0,0.0,6.6466264e-08
PEX12,2,0,0.0,0.26896545
PF4V1,1,0,0.0,0.45859256
PFDN4,1,0,0.0,0.6132321
PFN1,1,0,0.0,3.6193583e-07
PGF,1,0,0.0,8.009565e-07
PGK1,2,0,0.0,0.7219161
PGLS,2,0,0.0,0.18914056
PGRMC1,1,0,0.0,8.011828e-08
PHETA2,1,0,0.0,2.9266218e-07
PHF1,2,0,0.0,0.2516931
PHF10,2,0,0.0,0.043152485
PHF13,3,0,0.0,3.8441463e-05
PHF23,1,0,0.0,0.5213455
PHF24,1,0,0.0,0.0049655708
PHF5A,1,0,0.0,0.27873364
PHLDA1,2,0,0.0,3.9052784e-07
PHOSPHO1,1,0,0.0,7.4464745e-10
PHTF1,3,0,0.0,0.23814523
PIAS4,3,0,0.0,0.24038738
PICK1,3,0,0.0,0.24595247
PIDD1,1,0,0.0,0.0016797633
PIGB,1,0,0.0,0.31170326
PIGH,1,0,0.0,3.1596175e-09
PIGU,1,0,0.0,0.5398919
PIGX,1,0,0.0,1.721424e-06
PIH1D2,2,0,0.0,0.12905782
PIM3,1,0,0.0,3.0414526e-07
PIMREG,1,0,0.0,0.11124521
PIP5K1A,1,0,0.0,0.11111785
PISD,2,0,0.0,0.001741931
PITPNM2,1,0,0.0,1.936425e-10
PITX3,1,0,0.0,5.424523e-14
PKDCC,1,0,0.0,0.70675313
PKIA,1,0,0.0,0.018429114
PKP1,2,0,0.0,0.0017552533
PKP3,1,0,0.0,1.2899976e-05
PLA2G12B,1,0,0.0,1.8444698e-08
PLAU,1,0,0.0,0.2548751
PLCD1,3,0,0.0,0.08190612
PLCD3,4,0,0.0,0.11256061
PLEKHA1,2,0,0.0,0.28035602
PLEKHF1,1,0,0.0,0.24299069
PLEKHF2,1,0,0.0,0.17697047
PLEKHH3,1,0,0.0,0.01563484
PLEKHM1,2,0,0.0,0.15998274
PLEKHM2,2,0,0.0,0.15511583
PLGRKT,1,0,0.0,0.4269988
PLIN1,1,0,0.0,0.0046081366
PLIN3,1,0,0.0,0.5323934
PLOD1,3,0,0.0,0.13740753
PLPBP,2,0,0.0,0.37491012
PLPP7,2,0,0.0,0.007824673
PLPPR3,2,0,0.0,1.7559545e-10
PLSCR1,2,0,0.0,0.08951735
PLSCR3,1,0,0.0,0.5947745
PLXNB3,4,0,0.0,0.0018123167
PM20D1,1,0,0.0,0.69450146
PM20D2,1,0,0.0,0.0048504365
PMCH,1,0,0.0,0.16662677
PMM1,2,0,0.0,0.33012447
PMPCA,1,0,0.0,7.850048e-07
PNLIPRP2,1,0,0.0,2.2217551e-12
PNN,1,0,0.0,1.9527242e-08
POC1B-GALNT4,1,0,0.0,0.035023373
POC5,2,0,0.0,0.22415827
PODN,1,0,0.0,0.11879749
PODXL,1,0,0.0,0.1536986
POFUT1,2,0,0.0,2.3047289e-07
POLD2,1,0,0.0,0.00017891345
POLG2,1,0,0.0,7.003726e-10
POLI,3,0,0.0,0.1470448
POLK,3,0,0.0,0.46182862
POLR2D,2,0,0.0,0.0021708535
POLR2E,1,0,0.0,0.36141288
POLR2G,2,0,0.0,0.362466
POLR3E,1,0,0.0,6.708724e-06
POLR3H,1,0,0.0,0.00083150045
POMK,2,0,0.0,3.83206e-06
POPDC2,2,0,0.0,0.575203
POR,1,0,0.0,0.021832742
POSTN,1,0,0.0,0.00013273148
POTEM,1,0,0.0,0.0026593935
POU1F1,2,0,0.0,0.123758785
POU2AF1,3,0,0.0,0.14186855
POU2F2,1,0,0.0,3.6726722e-06
POU2F3,3,0,0.0,0.23736525
POU3F2,1,0,0.0,4.225996e-06
POU3F3,1,0,0.0,1.4021718e-07
POU3F4,1,0,0.0,0.00080582645
POU4F1,1,0,0.0,0.0016124424
PPIAL4A,1,0,0.0,0.59917355
PPIF,1,0,0.0,0.22504942
PPIP5K1,1,0,0.0,0.71556383
PPM1N,1,0,0.0,0.6441429
PPP1R13L,1,0,0.0,0.0043911356
PPP1R14C,1,0,0.0,0.0019495739
PPP1R14D,1,0,0.0,0.15707569
PPP1R15A,2,0,0.0,0.44787735
PPP1R1A,1,0,0.0,0.25541285
PPP1R36,1,0,0.0,0.00798903
PPP1R3C,1,0,0.0,0.15010673
PPP2CA,1,0,0.0,0.3325473
PPP2R2A,2,0,0.0,0.22240068
PPP2R2B,2,0,0.0,0.1301857
PPP2R2D,1,0,0.0,0.041670986
PPP6R1,1,0,0.0,6.5025683e-06
PPWD1,1,0,0.0,0.18926242
PRAM1,1,0,0.0,2.750528e-08
PRCC,1,0,0.0,0.52876294
PRDM4,1,0,0.0,0.507575
PRG2,2,0,0.0,0.09228929
PRICKLE4,2,0,0.0,0.13232392
PRIM2,1,0,0.0,0.74750715
PRKAB1,1,0,0.0,0.43659413
PRKACB,1,0,0.0,0.64181393
PRKCQ,1,0,0.0,4.8170812e-05
PRKN,1,0,0.0,1.01649405e-07
PRLH,1,0,0.0,0.0010950868
PRLHR,1,0,0.0,0.0062646074
PRMT2,3,0,0.0,0.11983193
PRMT3,2,0,0.0,3.934303e-07
PRMT5,1,0,0.0,0.001092294
PROM2,2,0,0.0,9.831248e-09
PRORP,1,0,0.0,0.00083439273
PROSER2,1,0,0.0,6.108578e-08
PROSER3,1,0,0.0,7.099391e-07
PRPF39,1,0,0.0,0.0013225147
PRPH2,1,0,0.0,7.0930105e-07
PRR14,1,0,0.0,1.7502525e-06
PRR27,3,0,0.0,0.17568298
PRR5-ARHGAP8,3,0,0.0,0.20487142
PRR5L,1,0,0.0,0.21780775
PRRG4,1,0,0.0,0.68100315
PRRT2,1,0,0.0,0.018272419
PRSS23,3,0,0.0,0.20688015
PRXL2C,1,0,0.0,0.44445434
PSCA,1,0,0.0,0.0015760425
PSKH1,1,0,0.0,0.5356978
PSMA1,1,0,0.0,0.069444895
PSMA4,2,0,0.0,0.0006558247
PSMB4,2,0,0.0,0.32338324
PSMB9,2,0,0.0,0.16455205
PSMD14,1,0,0.0,0.00014270483
PSMD2,3,0,0.0,0.45801917
PSMD6,1,0,0.0,0.33675882
PSMD7,1,0,0.0,7.1015466e-10
PSMG3,1,0,0.0,9.748334e-10
PSRC1,1,0,0.0,0.5823803
PSTPIP1,1,0,0.0,1.0518922e-11
PSTPIP2,1,0,0.0,3.2850721e-06
PTDSS2,1,0,0.0,1.3504574e-08
PTGDS,1,0,0.0,1.4113793e-09
PTGFR,3,0,0.0,0.04709616
PTGR2,1,0,0.0,0.00038253018
PTN,1,0,0.0,0.00038808832
PTPMT1,1,0,0.0,0.15859112
PTPN18,1,0,0.0,1.18119265e-08
PTPN22,1,0,0.0,6.199645e-07
PTPN23,1,0,0.0,0.06777663
PTPN9,2,0,0.0,0.5327434
PTRHD1,1,0,0.0,7.2272096e-06
PTX3,1,0,0.0,0.21328391
PUSL1,1,0,0.0,8.0008465e-07
PWWP2A,1,0,0.0,1.7561893e-08
PYCARD,1,0,0.0,8.466112e-09
PYDC1,1,0,0.0,0.16759275
PYGO2,1,0,0.0,0.18860382
PYROXD1,3,0,0.0,0.5186586
QRFP,1,0,0.0,0.29292703
QRSL1,1,0,0.0,0.12107089
QTRT2,1,0,0.0,0.64428043
R3HCC1L,2,0,0.0,0.5583987
RAB11FIP4,3,0,0.0,0.5251425
RAB24,2,0,0.0,0.17796244
RAB2A,1,0,0.0,1.3257317e-09
RAB31,1,0,0.0,0.71093535
RAB36,1,0,0.0,2.785992e-13
RAB40C,1,0,0.0,0.0011683423
RAB6B,1,0,0.0,0.14987771
RABAC1,1,0,0.0,0.0080957785
RABIF,1,0,0.0,0.4453329
RACGAP1,3,0,0.0,0.46945167
RAD51B,1,0,0.0,0.007992565
RAF1,1,0,0.0,0.001242202
RALB,1,0,0.0,0.00011905877
RALYL,5,0,0.0,0.17928874
RANBP9,1,0,0.0,0.0026832076
RAP1GAP,1,0,0.0,0.3711021
RAP2A,1,0,0.0,0.17586917
RAP2B,1,0,0.0,0.6936751
RAP2C,1,0,0.0,0.6075167
RAPGEFL1,2,0,0.0,0.35573143
RAPSN,1,0,0.0,3.1273308e-09
RARS1,2,0,0.0,0.21577664
RARS2,1,0,0.0,8.235592e-05
RASA1,2,0,0.0,0.38489565
RASGEF1C,3,0,0.0,0.14993353
RASGRP1,3,0,0.0,0.13489978
RASIP1,1,0,0.0,0.008008099
RASSF3,1,0,0.0,0.018392507
RASSF9,1,0,0.0,0.3491599
RAVER2,1,0,0.0,0.0059932526
RBBP8NL,1,0,0.0,9.070002e-09
RBBP9,1,0,0.0,0.6269057
RBM15B,2,0,0.0,0.07621738
RBM22,1,0,0.0,0.38349923
RBM4,4,0,0.0,0.25471118
RBMXL2,2,0,0.0,0.014823451
RCAN1,2,0,0.0,0.10410576
RCBTB2,2,0,0.0,0.3827124
RCL1,2,0,0.0,0.049373895
RCN1,2,0,0.0,0.039425194
RCN3,1,0,0.0,0.49888667
RCSD1,1,0,0.0,5.6977662e-11
RDH13,1,0,0.0,0.02950243
RDH5,1,0,0.0,0.08242206
RECQL4,2,0,0.0,0.3044304
REEP3,2,0,0.0,4.1511928e-08
RELA,2,0,0.0,0.10928643
RELB,1,0,0.0,0.29282975
RELCH,2,0,0.0,0.11116023
RERG,2,0,0.0,5.5602584e-07
RETNLB,1,0,0.0,0.67747104
RFC3,1,0,0.0,0.15163071
RFPL4B,1,0,0.0,0.010670375
RFX7,3,0,0.0,0.01827475
RGL2,1,0,0.0,0.023542479
RGMA,1,0,0.0,7.659447e-08
RGMB,1,0,0.0,0.6066414
RGN,1,0,0.0,0.48790017
RGS1,1,0,0.0,0.19476596
RGS21,2,0,0.0,0.44877946
RGS4,1,0,0.0,0.43971065
RHBG,1,0,0.0,8.730886e-06
RHCG,1,0,0.0,0.16877602
RHD,1,0,0.0,0.3782892
RHEBL1,1,0,0.0,0.2760544
RHOBTB2,1,0,0.0,0.121404834
RHPN1,1,0,0.0,7.5716344e-10
RIBC2,2,0,0.0,0.18369241
RIC8B,1,0,0.0,0.2539159
RIN3,3,0,0.0,1.1225766e-08
RIOK2,2,0,0.0,0.6166824
RIOX1,2,0,0.0,0.3541762
RIPPLY3,2,0,0.0,0.2029297
RIT2,2,0,0.0,0.026544388
RLIM,1,0,0.0,5.5592453e-10
RMDN3,1,0,0.0,0.0008665724
RMND1,1,0,0.0,4.255014e-07
RN7SL106P,1,0,0.0,0.074601844
RNASE6,1,0,0.0,0.39120382
RNASE9,1,0,0.0,0.6767123
RNASEH2C,1,0,0.0,0.0005703087
RND1,1,0,0.0,0.4727955
RNF111,5,0,0.0,0.23973975
RNF112,2,0,0.0,0.54525083
RNF123,2,0,0.0,0.36266083
RNF126,1,0,0.0,0.035744946
RNF138,1,0,0.0,0.4009338
RNF148,1,0,0.0,5.0487387e-07
RNF169,1,0,0.0,0.46858683
RNF207,1,0,0.0,0.029654574
RNF217-AS1,4,0,0.0,0.00027909045
RNF26,1,0,0.0,1.8800096e-08
RNF7,1,0,0.0,0.0017779422
RNLS,1,0,0.0,7.59561e-05
ROCK2,4,0,0.0,0.5128521
RORC,4,0,0.0,0.1803294
RPA1,1,0,0.0,2.158639e-11
RPAP3,1,0,0.0,0.21745889
RPGR,2,0,0.0,0.36934006
RPL14,2,0,0.0,0.18591563
RPL18A,2,0,0.0,6.867136e-09
RPL22L1,1,0,0.0,0.084822536
RPL3,2,0,0.0,0.1844615
RPL37A,1,0,0.0,0.00048663234
RPL7L1,1,0,0.0,0.1576779
RPLP0,1,0,0.0,0.00070623093
RPP25,1,0,0.0,1.3689294e-09
RPP40,1,0,0.0,0.36862168
RPRM,1,0,0.0,0.63268816
RPS12,1,0,0.0,0.35335788
RPS20,2,0,0.0,0.10215263
RPS3,1,0,0.0,0.688486
RPS3A,1,0,0.0,0.41058105
RPS7,1,0,0.0,1.3513121e-05
RRN3,1,0,0.0,0.42786518
RRNAD1,4,0,0.0,0.037728548
RRP12,1,0,0.0,0.25009608
RRP36,1,0,0.0,0.4304851
RSC1A1,1,0,0.0,0.1741664
RSPH14,1,0,0.0,4.2615073e-07
RSPO3,3,0,0.0,0.30843362
RSRC2,2,0,0.0,0.2990417
RSU1,1,0,0.0,0.5073273
RTL6,2,0,0.0,0.00035356515
RTL8B,1,0,0.0,2.3303977e-11
RTN4RL1,1,0,0.0,0.045687363
RTN4RL2,1,0,0.0,0.0046055918
RTP2,1,0,0.0,0.10733061
RTP5,1,0,0.0,3.1297833e-09
RUFY1,1,0,0.0,0.00072703883
RUFY2,3,0,0.0,5.8480375e-05
RUFY4,1,0,0.0,0.43645766
RUNDC3A,1,0,0.0,0.0028256949
RWDD2A,2,0,0.0,0.5940784
RWDD4,1,0,0.0,6.0193965e-05
RXFP3,3,0,0.0,0.01047494
RXFP4,1,0,0.0,1.3508573e-11
RXRG,2,0,0.0,0.20801099
RYK,2,0,0.0,0.15976362
S100A4,1,0,0.0,0.15449983
S100A7L2,1,0,0.0,0.4416589
S100A8,1,0,0.0,0.655113
S100Z,1,0,0.0,0.24572799
S1PR3,2,0,0.0,0.042427097
S1PR5,1,0,0.0,1.0734019e-08
SAC3D1,1,0,0.0,3.5084732e-10
SAMD14,1,0,0.0,0.23384903
SAMD8,1,0,0.0,0.6738826
SAP18,1,0,0.0,0.56220436
SAPCD2,2,0,0.0,1.5627637e-07
SAR1B,1,0,0.0,0.0014888622
SARAF,1,0,0.0,0.50823885
SARDH,1,0,0.0,0.0055112755
SAT2,1,0,0.0,0.3158708
SBDS,1,0,0.0,0.17682722
SBK1,2,0,0.0,0.31163925
SBK2,2,0,0.0,0.61993426
SCARA5,1,0,0.0,0.0009904323
SCARF2,1,0,0.0,8.168544e-07
SCD,2,0,0.0,0.3966226
SCGB1A1,1,0,0.0,0.5075788
SCGB1D1,1,0,0.0,0.6086942
SCIN,1,0,0.0,4.875025e-07
SCLT1,1,0,0.0,0.6388769
SCLY,1,0,0.0,0.26382008
SCML1,2,0,0.0,3.4628908e-07
SCN3B,1,0,0.0,1.1867318e-06
SCRIB,3,0,0.0,4.6419427e-08
SCRT2,2,0,0.0,0.002272653
SDC1,2,0,0.0,0.4747262
SDHB,1,0,0.0,0.15846391
SEC22C,2,0,0.0,0.36268836
SEC62,1,0,0.0,0.19770719
SEL1L,2,0,0.0,0.16913174
SEL1L3,2,0,0.0,0.0002120627
SELENOI,1,0,0.0,0.02110556
SELL,1,0,0.0,0.002161532
SEMA7A,2,0,0.0,0.072349206
SENP2,1,0,0.0,0.00093765755
SEPTIN2,2,0,0.0,1.0813068e-05
SEPTIN5,2,0,0.0,0.16195391
SERINC2,2,0,0.0,0.10599178
SERINC5,1,0,0.0,0.012428267
SERPINA9,3,0,0.0,0.09823483
SERPINE3,1,0,0.0,0.65410435
SERPINF1,1,0,0.0,0.12601931
SERPINH1,1,0,0.0,0.3820226
SERTAD1,1,0,0.0,1.676829e-05
SESN2,1,0,0.0,0.07151443
SETD5,1,0,0.0,0.53483856
SEZ6L,2,0,0.0,0.23718207
SFRP1,1,0,0.0,0.005087352
SFRP2,1,0,0.0,0.47559848
SFTPD,1,0,0.0,0.2588821
SGMS1,2,0,0.0,0.35758987
SGPL1,1,0,0.0,0.6778172
SGPP1,1,0,0.0,1.2919335e-07
SH2D3A,4,0,0.0,0.18472216
SH2D5,2,0,0.0,0.16999023
SH2D6,1,0,0.0,7.615775e-06
SH3RF3,3,0,0.0,0.00045170702
SHANK3,1,0,0.0,8.025716e-08
SHB,1,0,0.0,0.039340936
SHC4,2,0,0.0,3.811037e-05
SHCBP1,2,0,0.0,0.22366056
SHH,1,0,0.0,0.378533
SHISAL1,2,0,0.0,0.050674498
SHISAL2A,1,0,0.0,0.089091994
SHLD2,1,0,0.0,0.16042775
SIAE,3,0,0.0,0.38987842
SIRT1,1,0,0.0,0.16635738
SIRT4,2,0,0.0,0.0016655521
SIT1,2,0,0.0,0.00094132917
SIX3,2,0,0.0,0.0002771832
SIX5,4,0,0.0,0.042035207
SKI,2,0,0.0,0.12838902
SLAIN1,1,0,0.0,0.124332055
SLC10A1,1,0,0.0,0.1979896
SLC10A2,1,0,0.0,0.002463668
SLC10A7,1,0,0.0,0.07409707
SLC12A1,3,0,0.0,0.5404387
SLC13A5,2,0,0.0,0.077591635
SLC16A1,1,0,0.0,0.12102742
SLC16A10,1,0,0.0,0.13382843
SLC16A2,2,0,0.0,0.0007841877
SLC16A7,2,0,0.0,0.49439257
SLC16A8,1,0,0.0,0.22863893
SLC19A1,1,0,0.0,0.13598698
SLC19A2,1,0,0.0,0.06625795
SLC1A4,3,0,0.0,0.21363182
SLC1A7,1,0,0.0,3.6717083e-08
SLC22A14,2,0,0.0,0.3121734
SLC22A18,1,0,0.0,3.0635064e-07
SLC22A25,2,0,0.0,0.23743093
SLC23A1,1,0,0.0,9.63911e-06
SLC24A4,2,0,0.0,0.01592538
SLC25A16,1,0,0.0,0.00015460614
SLC25A17,1,0,0.0,4.3707589e-13
SLC25A20,1,0,0.0,0.26151192
SLC25A32,3,0,0.0,0.29413787
SLC25A39,2,0,0.0,3.951211e-07
SLC25A42,1,0,0.0,0.21777897
SLC25A46,1,0,0.0,0.0034222014
SLC25A52,1,0,0.0,0.49882996
SLC25A6,1,0,0.0,1.5660277e-10
SLC26A1,1,0,0.0,1.0186791e-08
SLC26A6,2,0,0.0,1.0398223e-08
SLC27A3,1,0,0.0,0.6504714
SLC27A5,1,0,0.0,2.4817479e-07
SLC2A11,3,0,0.0,0.09268162
SLC2A6,1,0,0.0,0.0005544525
SLC2A7,2,0,0.0,0.020855019
SLC30A6,1,0,0.0,5.657838e-05
SLC35C1,1,0,0.0,1.4993038e-11
SLC35F1,1,0,0.0,0.00020205641
SLC35F2,1,0,0.0,0.15105955
SLC35F6,1,0,0.0,1.3408373e-05
SLC35G2,3,0,0.0,0.23229055
SLC36A2,3,0,0.0,0.22934331
SLC36A4,1,0,0.0,0.0009180982
SLC38A7,1,0,0.0,0.35833126
SLC39A4,4,0,0.0,0.00041618533
SLC41A3,3,0,0.0,0.101436414
SLC45A3,2,0,0.0,0.42575464
SLC47A2,3,0,0.0,0.51378834
SLC49A4,1,0,0.0,1.2600275e-05
SLC4A9,2,0,0.0,0.21701625
SLC50A1,1,0,0.0,0.35407886
SLC5A10,1,0,0.0,2.4328097e-09
SLC66A2,1,0,0.0,6.161489e-13
SLC6A5,4,0,0.0,0.18439731
SLC7A11,2,0,0.0,0.30822748
SLC7A5,3,0,0.0,0.057153385
SLC7A7,3,0,0.0,0.22121726
SLCO1C1,1,0,0.0,0.31229335
SLFNL1,3,0,0.0,0.22785743
SLIT1,4,0,0.0,0.06749476
SMAD3,2,0,0.0,1.1647134e-05
SMAD4,3,0,0.0,0.01671576
SMARCD2,1,0,0.0,0.5823705
SMC5,2,0,0.0,0.3034064
SMCO4,1,0,0.0,0.48733476
SMOC2,1,0,0.0,0.7439884
SMPD3,3,0,0.0,0.16929682
SMU1,1,0,0.0,6.4648248e-06
SNAI3,1,0,0.0,0.00026227982
SNAP23,1,0,0.0,0.5240726
SNAP29,1,0,0.0,0.2903243
SNED1,1,0,0.0,0.7445633
SNORD114-25,2,0,0.0,0.53549886
SNORD115-23,1,0,0.0,0.027241789
SNORD115-40,1,0,0.0,0.26800483
SNORD116-14,1,0,0.0,0.5723382
SNORD116-22,1,0,0.0,0.08600425
SNORD116-23,2,0,0.0,0.5285358
SNORD116-6,1,0,0.0,0.08718065
SNRNP35,1,0,0.0,0.5074864
SNRNP48,1,0,0.0,0.65976405
SNRPB,1,0,0.0,0.05913071
SNRPB2,1,0,0.0,0.3536211
SNRPD1,1,0,0.0,0.51774156
SNTB2,1,0,0.0,0.04141475
SNTG2,2,0,0.0,0.28445002
SNX12,1,0,0.0,0.2929315
SNX16,2,0,0.0,0.38543367
SNX30,2,0,0.0,0.035436865
SNX4,2,0,0.0,2.1095193e-08
SNX6,1,0,0.0,1.7099414e-07
SOCS1,1,0,0.0,0.0006759649
SOCS2,2,0,0.0,0.3261919
SOHLH2,2,0,0.0,0.41539538
SORT1,1,0,0.0,0.5074557
SOWAHD,3,0,0.0,0.10154552
SOX10,1,0,0.0,3.6522704e-07
SOX17,1,0,0.0,1.1811746e-08
SOX4,3,0,0.0,8.148129e-09
SOX5,2,0,0.0,0.12204581
SP5,2,0,0.0,6.725568e-07
SP6,1,0,0.0,0.2484965
SPACA3,1,0,0.0,0.51536274
SPACA7,1,0,0.0,0.0026074068
SPACA9,1,0,0.0,1.9661506e-06
SPAG6,1,0,0.0,0.3371115
SPARCL1,1,0,0.0,0.6114555
SPART,1,0,0.0,3.5457097e-07
SPATA19,2,0,0.0,0.2637388
SPATA2,2,0,0.0,1.6957738e-07
SPATA20,1,0,0.0,3.2925461e-06
SPATA2L,3,0,0.0,4.410703e-08
SPATA4,1,0,0.0,8.0538026e-05
SPATA46,1,0,0.0,0.7110672
SPATA9,1,0,0.0,0.5278088
SPATS1,1,0,0.0,0.0017337945
SPC24,1,0,0.0,1.8699145e-11
SPCS3,1,0,0.0,6.4741535e-06
SPDEF,1,0,0.0,5.4328538e-08
SPEF1,1,0,0.0,0.01829267
SPEM2,1,0,0.0,0.40274444
SPG7,2,0,0.0,0.04454569
SPHK1,2,0,0.0,0.5043979
SPHK2,2,0,0.0,0.00084898836
SPIDR,1,0,0.0,0.34584913
SPIN2B,2,0,0.0,0.0005903495
SPIN3,1,0,0.0,4.8016664e-05
SPIRE2,2,0,0.0,1.3346136e-05
SPOPL,1,0,0.0,3.6852594e-05
SPOUT1,1,0,0.0,0.00029939733
SPRED1,2,0,0.0,0.4371742
SPRTN,3,0,0.0,0.5460277
SPSB4,1,0,0.0,0.18243068
SPTSSB,2,0,0.0,0.53830194
SPX,2,0,0.0,0.18205668
SPZ1,1,0,0.0,0.023173533
SRA1,1,0,0.0,0.09425929
SRFBP1,2,0,0.0,0.036651187
SRPK1,3,0,0.0,0.0063297977
SRSF1,1,0,0.0,0.70068616
SRXN1,1,0,0.0,0.00072638225
SSNA1,1,0,0.0,4.2666716e-07
SSTR5,3,0,0.0,0.004198123
SSU72,1,0,0.0,0.28053048
SSUH2,1,0,0.0,0.023345508
SSX3,1,0,0.0,0.34050804
ST13,1,0,0.0,0.00055332505
ST8SIA6,3,0,0.0,0.38835457
STAMBPL1,2,0,0.0,3.4246468e-06
STARD3,1,0,0.0,1.991674e-13
STARD4,1,0,0.0,0.5539529
STARD5,2,0,0.0,0.10734439
STIP1,1,0,0.0,0.6883683
STK11IP,1,0,0.0,9.749269e-09
STK16,1,0,0.0,0.21167797
STK24,3,0,0.0,0.00015351588
STK25,1,0,0.0,0.68851495
STMN1,1,0,0.0,0.6166756
STOML1,1,0,0.0,0.061581694
STOX2,2,0,0.0,2.4546575e-08
STRADA,1,0,0.0,0.45366848
STRADB,1,0,0.0,0.7283312
STRAP,2,0,0.0,0.115382515
STX18,1,0,0.0,0.63261694
STX7,1,0,0.0,2.2586073e-05
STX8,1,0,0.0,0.41914085
STXBP6,1,0,0.0,0.03562495
SUCLG1,2,0,0.0,0.45049077
SULT1A1,1,0,0.0,0.008016451
SULT2A1,1,0,0.0,0.42578727
SUN2,1,0,0.0,2.987727e-07
SUOX,2,0,0.0,0.25474495
SUPT3H,1,0,0.0,0.5526016
SUPT7L,1,0,0.0,1.51175955e-05
SUSD4,1,0,0.0,4.3394536e-08
SUV39H1,1,0,0.0,0.019516852
SUZ12,3,0,0.0,0.08128179
SWAP70,1,0,0.0,0.021674938
SYAP1,1,0,0.0,0.0001787133
SYN1,3,0,0.0,0.00033231312
SYN2,1,0,0.0,0.0009870036
SYNDIG1,1,0,0.0,0.07402879
SYNDIG1L,1,0,0.0,2.7290633e-05
SYNM,5,0,0.0,0.34092778
SYP,2,0,0.0,0.306913
SYS1,1,0,0.0,0.16622745
SYT1,2,0,0.0,0.34304658
SYT14,1,0,0.0,6.901004e-07
SYT17,1,0,0.0,0.35099962
SYT3,1,0,0.0,0.078951575
SYTL1,1,0,0.0,0.072855644
SYTL4,1,0,0.0,0.0015756794
SZRD1,1,0,0.0,0.49921873
TAAR1,2,0,0.0,0.00019647184
TAC4,1,0,0.0,0.23610914
TACC3,1,0,0.0,0.23608577
TAF3,2,0,0.0,8.893499e-10
TAFA2,1,0,0.0,0.22949365
TAFA4,2,0,0.0,0.2310062
TAFA5,1,0,0.0,2.6651494e-09
TAGAP,3,0,0.0,4.5025977e-06
TAGLN,1,0,0.0,0.5290535
TANGO6,1,0,0.0,4.3862003e-09
TAPBP,1,0,0.0,0.60347134
TAS2R42,1,0,0.0,0.2887912
TAS2R5,1,0,0.0,0.24411498
TASOR,3,0,0.0,0.09430569
TASP1,1,0,0.0,0.40634558
TAX1BP3,2,0,0.0,9.4412604e-07
TBATA,1,0,0.0,0.74161494
TBC1D10B,1,0,0.0,0.40967628
TBC1D13,1,0,0.0,9.5290645e-08
TBC1D17,2,0,0.0,0.51196915
TBC1D28,1,0,0.0,0.66269475
TBC1D7,2,0,0.0,0.10967684
TBKBP1,1,0,0.0,3.0407352e-10
TBL1Y,1,0,0.0,9.732065e-09
TBX1,1,0,0.0,0.008008474
TBX3,3,0,0.0,0.22386737
TCAP,1,0,0.0,0.36805785
TCEA3,1,0,0.0,0.63637245
TCEANC2,1,0,0.0,0.38251543
TCF15,1,0,0.0,0.0026640694
TCF23,2,0,0.0,0.07102028
TCF7,1,0,0.0,0.114187434
TCIRG1,2,0,0.0,0.33399898
TCN2,1,0,0.0,0.6067958
TCP11,1,0,0.0,0.57974887
TCP11L1,1,0,0.0,0.12769961
TCTEX1D4,1,0,0.0,9.553095e-10
TDRP,2,0,0.0,0.046640575
TEAD2,1,0,0.0,0.32897288
TEAD4,2,0,0.0,0.109074414
TEKT2,1,0,0.0,5.8227505e-07
TEKT3,1,0,0.0,0.14356612
TEKT4,4,0,0.0,0.3266755
TENT4B,1,0,0.0,0.002047672
TENT5B,1,0,0.0,1.7296686e-07
TENT5D,2,0,0.0,0.32995418
TEX33,1,0,0.0,0.4643148
TEX35,1,0,0.0,0.031381067
TFB2M,2,0,0.0,0.3409716
TFDP1,2,0,0.0,5.225176e-05
TFF2,1,0,0.0,0.03508985
TGDS,1,0,0.0,0.00016881687
TGFA,7,0,0.0,0.110924825
TGFB3,1,0,0.0,0.7456616
TGFBR1,1,0,0.0,0.39000413
TGIF2LX,7,0,0.0,0.056416493
TGIF2LY,1,0,0.0,2.2156339e-10
TGOLN2,1,0,0.0,2.247829e-05
TH,1,0,0.0,0.0006273187
THAP10,1,0,0.0,2.0812315e-07
THAP8,1,0,0.0,0.26154116
THEM4,1,0,0.0,0.13134086
THOC1,1,0,0.0,2.7073372e-12
THTPA,1,0,0.0,1.1667221e-06
TIGD5,2,0,0.0,6.061562e-09
TIMMDC1,1,0,0.0,0.4438564
TIMP3,2,0,0.0,0.39714935
TLNRD1,2,0,0.0,2.715399e-08
TLR9,4,0,0.0,0.056365784
TLX2,1,0,0.0,3.67488e-13
TLX3,1,0,0.0,0.00014316673
TM2D3,1,0,0.0,0.093153276
TM4SF19,1,0,0.0,0.24527374
TM9SF1,2,0,0.0,0.08929598
TMBIM4,1,0,0.0,0.31920254
TMCC2,3,0,0.0,0.06602115
TMCO6,1,0,0.0,0.53276104
TMED9,1,0,0.0,7.993738e-07
TMEM106A,1,0,0.0,0.6815013
TMEM116,1,0,0.0,0.05489856
TMEM117,2,0,0.0,0.39891994
TMEM121,1,0,0.0,2.7541037e-07
TMEM127,2,0,0.0,2.5369116e-07
TMEM150B,1,0,0.0,5.4463226e-06
TMEM151A,4,0,0.0,0.0048362245
TMEM160,1,0,0.0,0.421686
TMEM167B,1,0,0.0,2.572482e-09
TMEM175,2,0,0.0,1.40602765e-08
TMEM176A,1,0,0.0,0.68844676
TMEM176B,1,0,0.0,0.6366666
TMEM18,1,0,0.0,0.00011221987
TMEM198,2,0,0.0,0.6019103
TMEM201,1,0,0.0,0.0008318464
TMEM202,2,0,0.0,0.00032582597
TMEM205,2,0,0.0,0.66860795
TMEM207,2,0,0.0,0.23774412
TMEM209,2,0,0.0,0.41045883
TMEM231,1,0,0.0,0.044110987
TMEM236,1,0,0.0,1.2572959e-06
TMEM251,1,0,0.0,0.54372954
TMEM270,1,0,0.0,0.68864745
TMEM40,1,0,0.0,0.16841984
TMEM41B,1,0,0.0,0.32166082
TMEM44,1,0,0.0,6.497094e-06
TMEM51,1,0,0.0,0.5122513
TMEM53,3,0,0.0,0.34655342
TMEM59,1,0,0.0,0.4480087
TMEM61,1,0,0.0,0.31490964
TMEM62,1,0,0.0,0.6375834
TMEM80,2,0,0.0,0.5283439
TMEM82,1,0,0.0,9.7453645e-09
TMEM87A,1,0,0.0,0.13692664
TMEM91,3,0,0.0,0.20189641
TMOD2,1,0,0.0,0.3881375
TMPPE,2,0,0.0,0.35740614
TMPRSS11F,2,0,0.0,0.005201494
TMPRSS4,4,0,0.0,0.19287084
TMX4,1,0,0.0,0.09023299
TNFAIP2,1,0,0.0,0.43710902
TNFRSF11B,2,0,0.0,0.29151392
TNFRSF12A,1,0,0.0,0.6720509
TNFRSF13B,1,0,0.0,0.38552785
TNFRSF14,2,0,0.0,0.002290709
TNFRSF18,2,0,0.0,0.47346693
TNFRSF19,1,0,0.0,0.032941356
TNFRSF25,2,0,0.0,0.0024835079
TNFRSF6B,2,0,0.0,0.32082155
TNK1,1,0,0.0,7.857283e-07
TNNI2,1,0,0.0,0.54840803
TNNI3,1,0,0.0,0.0016654053
TNNT3,2,0,0.0,0.12628922
TOE1,1,0,0.0,0.38641632
TOM1L2,2,0,0.0,8.20977e-10
TOMM22,1,0,0.0,0.38587934
TOP2B,2,0,0.0,0.00034908587
TOR1AIP2,1,0,0.0,0.7067778
TOR4A,1,0,0.0,3.018043e-11
TOX2,2,0,0.0,0.43519038
TP53I13,2,0,0.0,0.36023027
TP53I3,2,0,0.0,0.15431066
TPD52,2,0,0.0,0.5974464
TPD52L1,1,0,0.0,6.801901e-11
TPD52L3,1,0,0.0,1.0223569e-06
TPM4,1,0,0.0,0.004493002
TRAF2,3,0,0.0,0.005590914
TRAF6,1,0,0.0,0.23603584
TRAJ58,1,0,0.0,3.025823e-08
TRAM2,1,0,0.0,0.6327311
TRAPPC3,1,0,0.0,0.2615515
TRAPPC6A,1,0,0.0,7.5642004e-10
TRAV16,1,0,0.0,6.632646e-08
TRAV29DV5,1,0,0.0,5.1417163e-07
TRAV3,1,0,0.0,3.0326637e-05
TRAV4,1,0,0.0,0.40678334
TRAV40,1,0,0.0,0.000783169
TRAV9-2,1,0,0.0,0.6573322
TRBJ2-1,1,0,0.0,2.0231667e-08
TRBV19,1,0,0.0,0.29271764
TREH,2,0,0.0,0.045941845
TREM1,1,0,0.0,0.0011575188
TREML4,3,0,0.0,0.23169065
TRH,3,0,0.0,0.25923622
TRIM13,2,0,0.0,0.1372412
TRIM14,2,0,0.0,0.17834279
TRIM16,1,0,0.0,0.18475565
TRIM17,1,0,0.0,0.37348557
TRIM39,1,0,0.0,0.00018329456
TRIM44,3,0,0.0,0.07868097
TRIM52,2,0,0.0,0.3678259
TRIM55,3,0,0.0,0.21843566
TRIM60,1,0,0.0,0.000894848
TRIM69,2,0,0.0,0.36944798
TRIM72,2,0,0.0,0.0033625169
TRMO,3,0,0.0,0.37676075
TRMT10C,1,0,0.0,0.013875759
TRMT11,2,0,0.0,0.2848641
TRMT5,1,0,0.0,0.00032903784
TRMU,1,0,0.0,0.0151268495
TRNT1,2,0,0.0,0.31533745
TROAP,1,0,0.0,0.5076403
TRPC4AP,2,0,0.0,0.013867428
TRPM4,4,0,0.0,0.1774243
TSHB,1,0,0.0,0.32762328
TSPAN17,2,0,0.0,0.32449976
TSPAN19,1,0,0.0,1.4223785e-06
TSPAN31,1,0,0.0,0.6499362
TSPY1,1,0,0.0,3.6525702e-07
TSSC4,1,0,0.0,0.62619275
TSSK2,1,0,0.0,7.266523e-08
TSSK3,1,0,0.0,0.23601018
TTC33,1,0,0.0,0.51505214
TTC39C,2,0,0.0,0.3375805
TTC4,1,0,0.0,0.12129698
TTC7B,1,0,0.0,0.47090048
TTI2,2,0,0.0,0.19048557
TTL,3,0,0.0,0.5013421
TTLL1,1,0,0.0,0.25074166
TTLL13P,2,0,0.0,0.41579038
TTLL5,1,0,0.0,8.098114e-06
TTLL8,1,0,0.0,0.1916664
TTPA,2,0,0.0,0.30980024
TUBB,2,0,0.0,0.06774194
TUBGCP4,1,0,0.0,0.016758613
TXNDC17,2,0,0.0,0.18950039
TXNDC5,1,0,0.0,2.0689374e-06
TYROBP,2,0,0.0,0.12810707
TYSND1,2,0,0.0,1.6503587e-10
UAP1,1,0,0.0,0.20395586
UBAC2,1,0,0.0,0.0012091162
UBE2D1,1,0,0.0,0.36362097
UBE2D3,1,0,0.0,0.00019107696
UBE2L3,1,0,0.0,0.14330003
UBE2M,2,0,0.0,0.20069276
UBE2R2,1,0,0.0,1.0193836e-05
UBE2U,1,0,0.0,0.3779513
UBE2Z,3,0,0.0,0.0030174644
UBL5,1,0,0.0,7.042868e-10
UBQLN1,2,0,0.0,0.50700796
UBQLN4,1,0,0.0,0.52121407
UBXN1,1,0,0.0,0.5688239
UBXN10,3,0,0.0,0.11707621
UCMA,1,0,0.0,1.00256695e-11
UCN3,1,0,0.0,1.7272342e-09
UFL1,1,0,0.0,0.0039014567
UFSP1,1,0,0.0,6.4789033e-06
UGP2,1,0,0.0,0.00057456485
UNC119B,1,0,0.0,0.06830005
UNC13D,2,0,0.0,0.21114622
UNC50,1,0,0.0,1.6774007e-07
UNC5B,1,0,0.0,0.3667092
UNC80,1,0,0.0,0.0026195226
UNC93B1,1,0,0.0,3.0348165e-08
UNKL,3,0,0.0,0.00052510493
UPK1B,2,0,0.0,7.7052937e-07
UPK3B,1,0,0.0,7.2646915e-09
UQCRC2,1,0,0.0,0.17684157
URB2,2,0,0.0,0.3492247
USF2,1,0,0.0,9.735629e-09
USP43,4,0,0.0,0.0031474836
USP46,1,0,0.0,0.6024241
USP9Y,1,0,0.0,8.072555e-12
UTP14A,1,0,0.0,5.4634665e-12
UTS2R,2,0,0.0,0.0005481593
UTY,1,0,0.0,1.8820004e-12
VASH1,1,0,0.0,1.6700311e-07
VBP1,1,0,0.0,0.00022259647
VDAC2,2,0,0.0,3.6170635e-13
VDR,1,0,0.0,0.16425237
VENTX,2,0,0.0,1.5553346e-10
VGF,1,0,0.0,0.00018383295
VMAC,2,0,0.0,7.1577706e-05
VPS25,1,0,0.0,0.05053563
VPS26B,2,0,0.0,0.33465725
VPS51,1,0,0.0,7.8003595e-09
VPS72,2,0,0.0,0.30963337
VPS9D1,2,0,0.0,0.30739343
VSIG2,2,0,0.0,0.18045065
VSIG4,1,0,0.0,4.6225712e-14
VSTM2L,1,0,0.0,0.38098794
VSTM4,5,0,0.0,0.0016087288
VWA2,1,0,0.0,4.4099357e-05
VWA7,2,0,0.0,0.00019242233
VXN,1,0,0.0,9.546118e-10
WARS1,1,0,0.0,0.12747903
WARS2,1,0,0.0,0.69279313
WASHC3,1,0,0.0,7.1022833e-07
WDHD1,2,0,0.0,0.0001827641
WDR1,3,0,0.0,3.2396778e-07
WDR24,2,0,0.0,0.29926288
WDR25,1,0,0.0,6.461177e-09
WDR27,5,0,0.0,0.1826813
WDR31,1,0,0.0,0.680293
WDR46,1,0,0.0,0.00089654454
WDR6,2,0,0.0,0.093460575
WDR73,2,0,0.0,2.1504464e-08
WDR75,2,0,0.0,0.117987044
WDR81,4,0,0.0,0.15573862
WEE1,1,0,0.0,0.107974745
WFDC10B,1,0,0.0,0.32353154
WFDC11,1,0,0.0,0.6205515
WFDC2,1,0,0.0,0.69641227
WNT11,1,0,0.0,0.44980887
WNT3,4,0,0.0,0.2570916
WNT3A,1,0,0.0,0.00012202137
WNT5A,2,0,0.0,0.22743042
WNT5B,2,0,0.0,0.008382887
WNT9A,5,0,0.0,0.07228941
WRAP53,2,0,0.0,1.3826507e-06
WRN,2,0,0.0,0.22649872
WRNIP1,2,0,0.0,0.0004238795
WSB1,1,0,0.0,0.11342952
WWOX,1,0,0.0,0.06773133
WWP1,1,0,0.0,0.011633011
WWP2,2,0,0.0,2.738907e-12
XAGE2,1,0,0.0,0.6656489
XG,1,0,0.0,0.0003238839
XKR5,1,0,0.0,0.00032397962
XKR8,1,0,0.0,0.017253842
XKR9,1,0,0.0,0.1949975
XPC,1,0,0.0,0.005314181
XPO5,2,0,0.0,0.0793907
XPR1,2,0,0.0,0.10507791
XXYLT1,1,0,0.0,0.3459786
YAE1,1,0,0.0,0.70057344
YBX3,1,0,0.0,0.0316936
YIF1B,1,0,0.0,0.056907315
YIPF2,1,0,0.0,0.52026755
YIPF7,1,0,0.0,1.0150254e-07
YME1L1,4,0,0.0,0.15393136
YOD1,3,0,0.0,0.24238999
YPEL1,2,0,0.0,2.5864364e-07
YPEL3,1,0,0.0,0.00014723606
YWHAH,2,0,0.0,0.0015405419
YY1,1,0,0.0,0.42354557
Y_RNA,3,0,0.0,0.0026982601
Z82190.2,2,0,0.0,0.09155914
ZACN,2,0,0.0,0.16463509
ZBED4,2,0,0.0,0.64788485
ZBED6CL,1,0,0.0,0.0012171598
ZBTB16,1,0,0.0,0.14467303
ZBTB2,3,0,0.0,0.15819891
ZBTB39,1,0,0.0,0.5263402
ZBTB4,1,0,0.0,2.1723734e-05
ZBTB45,2,0,0.0,0.29931355
ZC3H12D,2,0,0.0,0.12678607
ZC3H15,1,0,0.0,0.27819952
ZC4H2,1,0,0.0,3.4362486e-08
ZCCHC2,2,0,0.0,0.19472109
ZDHHC20,2,0,0.0,0.017361995
ZDHHC22,1,0,0.0,0.016986648
ZDHHC9,1,0,0.0,0.2634547
ZFAND1,1,0,0.0,0.015936993
ZFAND2A,1,0,0.0,0.024629084
ZFAND3,1,0,0.0,0.5686997
ZFAND6,1,0,0.0,0.4828451
ZFP1,2,0,0.0,0.2018858
ZFP91,3,0,0.0,0.08251539
ZFR,3,0,0.0,0.22265033
ZFYVE19,1,0,0.0,0.18250413
ZFYVE27,2,0,0.0,0.29869676
ZG16B,1,0,0.0,5.725227e-12
ZIM2,1,0,0.0,0.69994926
ZMAT3,2,0,0.0,0.40468884
ZMYM1,2,0,0.0,0.0291804
ZMYM5,1,0,0.0,0.27981207
ZMYM6,1,0,0.0,0.6230963
ZNF132,1,0,0.0,0.48089218
ZNF133,2,0,0.0,0.17668729
ZNF137P,1,0,0.0,0.031311013
ZNF155,1,0,0.0,0.5776626
ZNF17,1,0,0.0,0.6628527
ZNF185,1,0,0.0,2.6022346e-09
ZNF211,1,0,0.0,0.020579135
ZNF213,4,0,0.0,0.10771357
ZNF214,1,0,0.0,0.61398566
ZNF219,1,0,0.0,3.7479378e-10
ZNF22,1,0,0.0,8.266517e-06
ZNF224,3,0,0.0,0.37359497
ZNF25,2,0,0.0,4.817902e-06
ZNF280B,3,0,0.0,0.16386414
ZNF30,1,0,0.0,0.46620533
ZNF319,1,0,0.0,0.40609828
ZNF324,1,0,0.0,0.21778709
ZNF354C,4,0,0.0,0.008440649
ZNF391,1,0,0.0,0.6881563
ZNF395,1,0,0.0,0.4858655
ZNF404,1,0,0.0,0.29253638
ZNF415,1,0,0.0,0.09136675
ZNF416,1,0,0.0,0.44259965
ZNF43,2,0,0.0,6.591207e-05
ZNF497,2,0,0.0,0.31527427
ZNF503,1,0,0.0,2.8098245e-07
ZNF512B,1,0,0.0,0.10283426
ZNF517,1,0,0.0,7.881371e-13
ZNF524,1,0,0.0,7.527134e-08
ZNF548,1,0,0.0,0.0036738457
ZNF549,1,0,0.0,0.20326936
ZNF559-ZNF177,1,0,0.0,0.0011630589
ZNF562,1,0,0.0,0.0011980936
ZNF568,1,0,0.0,0.688046
ZNF577,3,0,0.0,0.19947727
ZNF581,1,0,0.0,0.0016800312
ZNF587,1,0,0.0,0.22421776
ZNF622,1,0,0.0,0.64541316
ZNF648,1,0,0.0,6.6501565e-07
ZNF667,2,0,0.0,0.5064915
ZNF672,2,0,0.0,0.00027281969
ZNF678,3,0,0.0,0.24682897
ZNF688,2,0,0.0,0.0033059847
ZNF689,3,0,0.0,0.04338345
ZNF696,2,0,0.0,0.0003147701
ZNF697,6,0,0.0,0.00027757426
ZNF705A,1,0,0.0,0.33751425
ZNF707,2,0,0.0,1.6451825e-06
ZNF710,1,0,0.0,1.4269887e-06
ZNF711,1,0,0.0,3.0033525e-06
ZNF750,1,0,0.0,0.42312145
ZNF766,1,0,0.0,8.0852216e-05
ZNF770,2,0,0.0,0.3475634
ZNF783,1,0,0.0,9.750682e-09
ZNF790,1,0,0.0,0.29258633
ZNF839,1,0,0.0,5.516114e-08
ZNF85,4,0,0.0,0.023396928
ZNHIT2,1,0,0.0,0.1853512
ZNRF2,1,0,0.0,1.18159145e-08
ZNRF3,7,0,0.0,5.3007334e-08
ZNRF4,2,0,0.0,0.008301215
ZSCAN20,2,0,0.0,0.4329044
ZSCAN26,1,0,0.0,0.0012526375
ZSWIM8,3,0,0.0,1.8898e-08
ZW10,1,0,0.0,0.4445287
ZWINT,2,0,0.0,3.17468e-09
ZXDC,2,0,0.0,0.19720069
