Hugo_Symbol,n_variants,n_predicted_artifacts,artifact_rate,mean_probability
TTN,262,14,0.05343511450381679,0.124068834
MUC16,132,13,0.09848484848484848,0.22057633
MUC17,49,9,0.1836734693877551,0.35970774
EGFR,132,8,0.06060606060606061,0.1594226
FCGBP,29,7,0.2413793103448276,0.36579373
NF1,47,7,0.14893617021276595,0.17371084
NME8,15,6,0.4,0.43194583
PKD1L1,18,6,0.3333333333333333,0.6135063
RELN,42,6,0.14285714285714285,0.2895323
FLG,74,6,0.08108108108108109,0.18522373
EXPH5,16,5,0.3125,0.43024072
GLI3,16,5,0.3125,0.32782695
PIK3CG,32,5,0.15625,0.23446868
AZGP1,5,4,0.8,0.6309735
FBXO31,6,4,0.6666666666666666,0.61463886
KIAA0753,7,4,0.5714285714285714,0.660159
KIAA1549,10,4,0.4,0.44507876
PCDHGA8,10,4,0.4,0.39120466
KIAA1217,11,4,0.36363636363636365,0.4038577
ARHGAP21,12,4,0.3333333333333333,0.33010748
PCDHA4,13,4,0.3076923076923077,0.25495392
KIF4B,15,4,0.26666666666666666,0.20954509
BDP1,16,4,0.25,0.33777893
TCHH,24,4,0.16666666666666666,0.2871373
KMT2C,28,4,0.14285714285714285,0.4002812
MACF1,29,4,0.13793103448275862,0.21450664
TAF1L,29,4,0.13793103448275862,0.14729892
RIMS2,34,4,0.11764705882352941,0.1415857
HYDIN,35,4,0.11428571428571428,0.18960483
DNAH11,39,4,0.10256410256410256,0.18260555
SYNE1,39,4,0.10256410256410256,0.25359583
SPTA1,53,4,0.07547169811320754,0.15564823
RYR2,62,4,0.06451612903225806,0.09465682
OBSCN,72,4,0.05555555555555555,0.15128481
PTEN,118,4,0.03389830508474576,0.057795633
CCNH,3,3,1.0,0.76136684
GPD2,3,3,1.0,0.7709295
KDM4C,4,3,0.75,0.68708587
DHX8,5,3,0.6,0.4624784
FCRL1,5,3,0.6,0.46478653
FUT6,5,3,0.6,0.5949617
LOXL2,5,3,0.6,0.47351035
NRG3,5,3,0.6,0.5186613
SLC30A3,5,3,0.6,0.6048037
WWC2,5,3,0.6,0.4821133
EZH2,6,3,0.5,0.48219857
NFASC,6,3,0.5,0.40368614
NIBAN2,6,3,0.5,0.50439006
PDE3B,6,3,0.5,0.3844477
ZNF507,6,3,0.5,0.47220424
C8A,7,3,0.42857142857142855,0.32450715
DRD1,7,3,0.42857142857142855,0.33520597
HEATR1,7,3,0.42857142857142855,0.3942418
PABPC1L,7,3,0.42857142857142855,0.34289002
PLCG1,7,3,0.42857142857142855,0.4992194
PRAG1,7,3,0.42857142857142855,0.41336122
PSG5,7,3,0.42857142857142855,0.44607624
RANBP17,7,3,0.42857142857142855,0.33291006
RET,7,3,0.42857142857142855,0.42523763
CDH20,8,3,0.375,0.38845277
PSG4,8,3,0.375,0.36564007
SERPINB4,8,3,0.375,0.4689383
ABCC11,9,3,0.3333333333333333,0.40361312
DLC1,9,3,0.3333333333333333,0.31457335
ITGAX,9,3,0.3333333333333333,0.25903025
PDE4D,9,3,0.3333333333333333,0.28156543
PLCH1,9,3,0.3333333333333333,0.3938486
SEMG2,9,3,0.3333333333333333,0.31812933
TPTE,9,3,0.3333333333333333,0.59681153
WASHC4,9,3,0.3333333333333333,0.3233117
ZNFX1,9,3,0.3333333333333333,0.40861648
CPA4,10,3,0.3,0.36843657
CR1,10,3,0.3,0.30932832
PPP1R9A,10,3,0.3,0.36725414
RAB3GAP2,10,3,0.3,0.34139472
SYDE2,10,3,0.3,0.32136077
TDRD7,10,3,0.3,0.29197675
AMPD1,11,3,0.2727272727272727,0.28463992
KIF1B,11,3,0.2727272727272727,0.34765455
PHLDB2,11,3,0.2727272727272727,0.34855518
SENP7,11,3,0.2727272727272727,0.33108297
TENM2,11,3,0.2727272727272727,0.2628354
TRPM3,11,3,0.2727272727272727,0.42279938
ZNF521,11,3,0.2727272727272727,0.2455228
ADCY1,12,3,0.25,0.43355513
KALRN,12,3,0.25,0.33331916
PTPN11,12,3,0.25,0.37846842
PTPRD,12,3,0.25,0.23186158
ACACA,13,3,0.23076923076923078,0.17923087
CACNA1E,13,3,0.23076923076923078,0.28964046
CNTN1,13,3,0.23076923076923078,0.3376245
DOCK7,13,3,0.23076923076923078,0.247399
CFTR,14,3,0.21428571428571427,0.42025107
MYH8,14,3,0.21428571428571427,0.29566407
MYO3A,14,3,0.21428571428571427,0.2752745
MYOCD,14,3,0.21428571428571427,0.27381048
SMARCA2,14,3,0.21428571428571427,0.22335896
UGT3A2,14,3,0.21428571428571427,0.30703273
SRRM2,15,3,0.2,0.15815906
ALPK2,16,3,0.1875,0.26530284
ATR,17,3,0.17647058823529413,0.22083227
CASR,17,3,0.17647058823529413,0.20272635
MECOM,17,3,0.17647058823529413,0.23920663
NLRP7,18,3,0.16666666666666666,0.32531273
PLXNA4,18,3,0.16666666666666666,0.42569044
PPP1R3A,18,3,0.16666666666666666,0.23537344
HECW1,19,3,0.15789473684210525,0.21626407
RESF1,19,3,0.15789473684210525,0.19527015
ZFHX3,19,3,0.15789473684210525,0.25032032
CENPF,22,3,0.13636363636363635,0.22204319
GRM3,25,3,0.12,0.26805717
SDK1,25,3,0.12,0.22779764
TECTA,26,3,0.11538461538461539,0.18334673
CSMD3,27,3,0.1111111111111111,0.2207688
DNAH10,27,3,0.1111111111111111,0.15055834
FAT2,29,3,0.10344827586206896,0.20185088
AHNAK,30,3,0.1,0.20742784
PCLO,41,3,0.07317073170731707,0.21187417
HMCN1,47,3,0.06382978723404255,0.1464948
AL035461.3,2,2,1.0,0.76372707
APOL1,2,2,1.0,0.7705973
CCNI,2,2,1.0,0.7889663
CDC23,2,2,1.0,0.7686899
CHDH,2,2,1.0,0.7719127
EED,2,2,1.0,0.76233923
ERMP1,2,2,1.0,0.76388097
EXOC3L1,2,2,1.0,0.7620319
HS3ST2,2,2,1.0,0.79052925
KRBA2,2,2,1.0,0.76025045
NFKB1,2,2,1.0,0.78607047
OCEL1,2,2,1.0,0.7724594
OR3A2,2,2,1.0,0.7777673
PILRA,2,2,1.0,0.76951027
PIP4P1,2,2,1.0,0.7547
PSMC2,2,2,1.0,0.77653587
RAB39A,2,2,1.0,0.76292443
RNASE4,2,2,1.0,0.78667986
RNF10,2,2,1.0,0.7686064
SLC8A2,2,2,1.0,0.7869618
TRBV2,2,2,1.0,0.76869786
TUBGCP2,2,2,1.0,0.7805856
YIPF5,2,2,1.0,0.7746208
ZNF225,2,2,1.0,0.77434516
ZNF677,2,2,1.0,0.7749793
ZNF772,2,2,1.0,0.75656664
AHCYL2,3,2,0.6666666666666666,0.5181279
ATP2A2,3,2,0.6666666666666666,0.51527834
C7orf65,3,2,0.6666666666666666,0.50684917
CDK17,3,2,0.6666666666666666,0.68934584
CEP41,3,2,0.6666666666666666,0.5501062
CFAP251,3,2,0.6666666666666666,0.5009535
CLCA2,3,2,0.6666666666666666,0.6384798
CRTAM,3,2,0.6666666666666666,0.72816783
DDX58,3,2,0.6666666666666666,0.5125508
EXO1,3,2,0.6666666666666666,0.5197073
FCER2,3,2,0.6666666666666666,0.6490763
GALNTL5,3,2,0.6666666666666666,0.53225344
GRAMD2A,3,2,0.6666666666666666,0.5199
HEXA,3,2,0.6666666666666666,0.51560575
HLF,3,2,0.6666666666666666,0.5108134
IGSF21,3,2,0.6666666666666666,0.5073588
ITGB3,3,2,0.6666666666666666,0.54220843
KRTAP10-4,3,2,0.6666666666666666,0.5282191
LCE2C,3,2,0.6666666666666666,0.52229095
LRIT1,3,2,0.6666666666666666,0.5290048
LRRC37B,3,2,0.6666666666666666,0.51382524
MAP3K10,3,2,0.6666666666666666,0.51164454
MTMR8,3,2,0.6666666666666666,0.5098563
NR1I3,3,2,0.6666666666666666,0.50848776
OR8B3,3,2,0.6666666666666666,0.74742746
PADI4,3,2,0.6666666666666666,0.5087883
PITPNA,3,2,0.6666666666666666,0.5129038
PVR,3,2,0.6666666666666666,0.5177865
RAE1,3,2,0.6666666666666666,0.7512315
RASSF5,3,2,0.6666666666666666,0.51394653
RRAGD,3,2,0.6666666666666666,0.53913236
SASS6,3,2,0.6666666666666666,0.6242613
SIL1,3,2,0.6666666666666666,0.51071084
SNX27,3,2,0.6666666666666666,0.6917388
SPAG1,3,2,0.6666666666666666,0.5102112
SYT10,3,2,0.6666666666666666,0.5243543
TCERG1,3,2,0.6666666666666666,0.51097363
TMBIM6,3,2,0.6666666666666666,0.5218316
TMEM45B,3,2,0.6666666666666666,0.67380905
ZNF471,3,2,0.6666666666666666,0.5149346
ZNF875,3,2,0.6666666666666666,0.7525981
ACOX3,4,2,0.5,0.38304248
ARHGAP10,4,2,0.5,0.39378455
ARHGAP29,4,2,0.5,0.45347166
ARHGEF15,4,2,0.5,0.54112387
ARHGEF35,4,2,0.5,0.54668003
ATP2B4,4,2,0.5,0.5177772
BRINP2,4,2,0.5,0.3857654
CHRNA2,4,2,0.5,0.38778228
CNTD1,4,2,0.5,0.5717903
DNAJC2,4,2,0.5,0.39618197
DZANK1,4,2,0.5,0.55302274
EMB,4,2,0.5,0.48884425
FAM187B,4,2,0.5,0.39470214
GIMAP8,4,2,0.5,0.3927771
GPRIN2,4,2,0.5,0.40789476
HR,4,2,0.5,0.55065155
ING3,4,2,0.5,0.7510303
MEST,4,2,0.5,0.48953393
MYRF,4,2,0.5,0.3903727
NME7,4,2,0.5,0.3900807
NPR3,4,2,0.5,0.5419242
NTF3,4,2,0.5,0.42003584
OR52M1,4,2,0.5,0.38849196
OR5K2,4,2,0.5,0.41053063
PCDH12,4,2,0.5,0.53072417
PDE9A,4,2,0.5,0.39117593
PHF21A,4,2,0.5,0.38757762
POGLUT3,4,2,0.5,0.4264372
POT1,4,2,0.5,0.38877276
PRKRA,4,2,0.5,0.57291293
RBAK,4,2,0.5,0.42939502
RIPK2,4,2,0.5,0.5459204
RIPOR1,4,2,0.5,0.39361227
SEMA3A,4,2,0.5,0.6530609
SIDT1,4,2,0.5,0.6192077
SLC15A2,4,2,0.5,0.39271337
SLC37A3,4,2,0.5,0.54055697
SNCAIP,4,2,0.5,0.38950926
STON2,4,2,0.5,0.38929135
TMEM130,4,2,0.5,0.44174397
TOX3,4,2,0.5,0.5684011
TRAF3IP1,4,2,0.5,0.5471737
TRIM28,4,2,0.5,0.38936517
TRPC1,4,2,0.5,0.5732707
UBN2,4,2,0.5,0.57626903
USP33,4,2,0.5,0.5493142
ZNF234,4,2,0.5,0.75440264
ACSM2A,5,2,0.4,0.31002125
ADNP2,5,2,0.4,0.3491313
ATP7B,5,2,0.4,0.44313517
CLOCK,5,2,0.4,0.31195226
CTC1,5,2,0.4,0.49704385
DDB1,5,2,0.4,0.448987
DDI1,5,2,0.4,0.60863787
DGKE,5,2,0.4,0.4530467
DLK1,5,2,0.4,0.30531415
DMP1,5,2,0.4,0.4588777
EDEM3,5,2,0.4,0.31147626
EHBP1L1,5,2,0.4,0.31026292
HIF3A,5,2,0.4,0.45183808
KCNN2,5,2,0.4,0.6170198
LNX1,5,2,0.4,0.31505245
LY9,5,2,0.4,0.30729124
OR2A25,5,2,0.4,0.45750746
OR7A10,5,2,0.4,0.36549294
OSBPL3,5,2,0.4,0.5421069
PLD1,5,2,0.4,0.31343243
RHOBTB1,5,2,0.4,0.40222126
RRM1,5,2,0.4,0.31236342
RRP8,5,2,0.4,0.46131665
SLC29A2,5,2,0.4,0.3772052
SRPK3,5,2,0.4,0.31114167
SYK,5,2,0.4,0.34430557
TAF4B,5,2,0.4,0.31511825
TAS2R41,5,2,0.4,0.43947226
TBXAS1,5,2,0.4,0.4829708
TES,5,2,0.4,0.44114137
TTC21B,5,2,0.4,0.32846615
USP17L2,5,2,0.4,0.47318643
ADAMTS6,6,2,0.3333333333333333,0.32759124
ADGRG7,6,2,0.3333333333333333,0.35575047
BPIFB2,6,2,0.3333333333333333,0.36937758
BRD1,6,2,0.3333333333333333,0.25276056
CDH23,6,2,0.3333333333333333,0.42473578
CLSTN2,6,2,0.3333333333333333,0.35528722
CYP3A7,6,2,0.3333333333333333,0.49504712
DENND1C,6,2,0.3333333333333333,0.32729247
DGKI,6,2,0.3333333333333333,0.5466804
DISP1,6,2,0.3333333333333333,0.3562092
ERBIN,6,2,0.3333333333333333,0.2929329
ESF1,6,2,0.3333333333333333,0.2817739
GABBR1,6,2,0.3333333333333333,0.5090335
KAT6A,6,2,0.3333333333333333,0.36367118
KRT31,6,2,0.3333333333333333,0.29978645
LRRC8E,6,2,0.3333333333333333,0.2618911
MEGF6,6,2,0.3333333333333333,0.3778906
MFSD9,6,2,0.3333333333333333,0.28963956
MOV10L1,6,2,0.3333333333333333,0.35458136
NAA11,6,2,0.3333333333333333,0.25984442
PCDHB4,6,2,0.3333333333333333,0.35727832
PCDHGA3,6,2,0.3333333333333333,0.4389893
POTEE,6,2,0.3333333333333333,0.4463115
PPARGC1B,6,2,0.3333333333333333,0.32223698
PRSS58,6,2,0.3333333333333333,0.65352184
PTGFRN,6,2,0.3333333333333333,0.25555643
RERE,6,2,0.3333333333333333,0.3732307
SEL1L2,6,2,0.3333333333333333,0.3092087
SMAD1,6,2,0.3333333333333333,0.25811717
SMC1B,6,2,0.3333333333333333,0.31384024
TEC,6,2,0.3333333333333333,0.2599392
TFEC,6,2,0.3333333333333333,0.4485011
TSR1,6,2,0.3333333333333333,0.47984064
ZNF264,6,2,0.3333333333333333,0.4150747
AGAP3,7,2,0.2857142857142857,0.33758897
ARMC3,7,2,0.2857142857142857,0.24297702
AXL,7,2,0.2857142857142857,0.41053987
BAZ2A,7,2,0.2857142857142857,0.23433125
CHRM2,7,2,0.2857142857142857,0.26044694
CNTN5,7,2,0.2857142857142857,0.31577614
ECM2,7,2,0.2857142857142857,0.35740545
ENPP7,7,2,0.2857142857142857,0.30449542
EPHB4,7,2,0.2857142857142857,0.42078045
FAM189A2,7,2,0.2857142857142857,0.28310436
FOXP2,7,2,0.2857142857142857,0.25793904
GNAT3,7,2,0.2857142857142857,0.3417019
HFM1,7,2,0.2857142857142857,0.34698293
IL21R,7,2,0.2857142857142857,0.272795
IPO9,7,2,0.2857142857142857,0.22578175
MACC1,7,2,0.2857142857142857,0.48355296
MAST2,7,2,0.2857142857142857,0.45819393
MICAL3,7,2,0.2857142857142857,0.45314983
MTCL1,7,2,0.2857142857142857,0.22092904
NOBOX,7,2,0.2857142857142857,0.27331164
PLCE1,7,2,0.2857142857142857,0.33429623
PRAMEF2,7,2,0.2857142857142857,0.3247029
PYHIN1,7,2,0.2857142857142857,0.5245829
RUSC2,7,2,0.2857142857142857,0.3370269
SLC26A5,7,2,0.2857142857142857,0.32807332
ST14,7,2,0.2857142857142857,0.32193232
ST6GALNAC3,7,2,0.2857142857142857,0.41325885
TANC1,7,2,0.2857142857142857,0.23368008
TBC1D2,7,2,0.2857142857142857,0.31943256
TNRC6A,7,2,0.2857142857142857,0.3412715
TRIM22,7,2,0.2857142857142857,0.28956708
TRIM51,7,2,0.2857142857142857,0.3787363
USP15,7,2,0.2857142857142857,0.2289799
ZNF254,7,2,0.2857142857142857,0.3173091
ZSWIM5,7,2,0.2857142857142857,0.28892922
ABCA12,8,2,0.25,0.24575798
ABCG4,8,2,0.25,0.3910589
AK7,8,2,0.25,0.22181806
ARID4B,8,2,0.25,0.32217944
ASTN2,8,2,0.25,0.19325572
CADPS,8,2,0.25,0.22723117
CDK12,8,2,0.25,0.47103456
GJA8,8,2,0.25,0.23276234
INPP4B,8,2,0.25,0.43242535
KDM2B,8,2,0.25,0.2745443
KLHL13,8,2,0.25,0.28636053
MCTP2,8,2,0.25,0.27030212
MYO16,8,2,0.25,0.20632094
N4BP2,8,2,0.25,0.21426587
OR2T33,8,2,0.25,0.4700218
PARP8,8,2,0.25,0.19626543
RAPGEF6,8,2,0.25,0.31307456
REPIN1,8,2,0.25,0.32698238
REPS2,8,2,0.25,0.33373004
SCN8A,8,2,0.25,0.26949415
SLC22A9,8,2,0.25,0.22204624
SLC26A4,8,2,0.25,0.3556341
SPTAN1,8,2,0.25,0.3456231
STAG3,8,2,0.25,0.28414112
TIAM1,8,2,0.25,0.34596205
UTP20,8,2,0.25,0.33953795
WNK1,8,2,0.25,0.20885858
ZFYVE9,8,2,0.25,0.402022
A2M,9,2,0.2222222222222222,0.17358099
AC004593.2,9,2,0.2222222222222222,0.40119776
ATP10D,9,2,0.2222222222222222,0.3749957
BCL11A,9,2,0.2222222222222222,0.1817073
BRWD1,9,2,0.2222222222222222,0.33240077
CCER1,9,2,0.2222222222222222,0.19986576
CRB1,9,2,0.2222222222222222,0.29889882
CUL9,9,2,0.2222222222222222,0.32345024
CYP4F11,9,2,0.2222222222222222,0.36884573
EEF1A1,9,2,0.2222222222222222,0.2863809
EPHB6,9,2,0.2222222222222222,0.18686314
EPS8,9,2,0.2222222222222222,0.30382046
FBXL13,9,2,0.2222222222222222,0.31894678
FSTL5,9,2,0.2222222222222222,0.28149357
GABBR2,9,2,0.2222222222222222,0.2625007
GABRE,9,2,0.2222222222222222,0.17014869
JMJD1C,9,2,0.2222222222222222,0.24126257
KIAA0100,9,2,0.2222222222222222,0.17951727
MBD1,9,2,0.2222222222222222,0.19966869
NSD1,9,2,0.2222222222222222,0.21077743
OGDH,9,2,0.2222222222222222,0.45206457
PCDHGA6,9,2,0.2222222222222222,0.41692692
PCDHGB1,9,2,0.2222222222222222,0.20455976
PEX1,9,2,0.2222222222222222,0.26593208
RAB11FIP1,9,2,0.2222222222222222,0.19130015
SHCBP1L,9,2,0.2222222222222222,0.27819693
SMARCA4,9,2,0.2222222222222222,0.31288105
TEP1,9,2,0.2222222222222222,0.17317955
TNS3,9,2,0.2222222222222222,0.23979741
TRPS1,9,2,0.2222222222222222,0.43653473
TUT1,9,2,0.2222222222222222,0.29242492
ZNF608,9,2,0.2222222222222222,0.23372068
ACAD10,10,2,0.2,0.3556257
ANO3,10,2,0.2,0.4281292
ANO5,10,2,0.2,0.31813517
APC,10,2,0.2,0.21607833
ARAP2,10,2,0.2,0.19657199
CDH1,10,2,0.2,0.36529827
CFH,10,2,0.2,0.18863627
CNGA4,10,2,0.2,0.22760311
DSC1,10,2,0.2,0.21720564
FANCD2,10,2,0.2,0.24306317
LAMC1,10,2,0.2,0.27522117
MED13L,10,2,0.2,0.31310722
NSD3,10,2,0.2,0.23515177
PCNT,10,2,0.2,0.22837222
PON1,10,2,0.2,0.2983237
PPP1R12B,10,2,0.2,0.22052732
PTPRC,10,2,0.2,0.29984826
PTPRZ1,10,2,0.2,0.21036038
RBMS3,10,2,0.2,0.2664833
SMG1,10,2,0.2,0.27645874
THSD7A,10,2,0.2,0.36779276
ZNF229,10,2,0.2,0.2874319
ZNF335,10,2,0.2,0.30238748
ZNF808,10,2,0.2,0.21663812
ACE,11,2,0.18181818181818182,0.20176339
CACNG3,11,2,0.18181818181818182,0.14343275
DRD5,11,2,0.18181818181818182,0.14048766
HDAC9,11,2,0.18181818181818182,0.2044809
KMT2A,11,2,0.18181818181818182,0.27445567
LAMB1,11,2,0.18181818181818182,0.20512038
MAP1B,11,2,0.18181818181818182,0.27825266
MGAM,11,2,0.18181818181818182,0.28350967
PCDH15,11,2,0.18181818181818182,0.3155456
PCDHGB3,11,2,0.18181818181818182,0.23078042
PCK1,11,2,0.18181818181818182,0.25022334
RASGRF2,11,2,0.18181818181818182,0.31429893
RP1L1,11,2,0.18181818181818182,0.2716037
SHPRH,11,2,0.18181818181818182,0.20712738
SLC26A3,11,2,0.18181818181818182,0.33021578
SPATA31D1,11,2,0.18181818181818182,0.31403658
SPEF2,11,2,0.18181818181818182,0.18115993
SRCAP,11,2,0.18181818181818182,0.27325985
TKTL2,11,2,0.18181818181818182,0.23610444
UGT2B28,11,2,0.18181818181818182,0.28366444
AFM,12,2,0.16666666666666666,0.16242157
BSN,12,2,0.16666666666666666,0.13064723
C9orf131,12,2,0.16666666666666666,0.25246388
CD33,12,2,0.16666666666666666,0.24336773
COBL,12,2,0.16666666666666666,0.25413117
COL24A1,12,2,0.16666666666666666,0.36241713
COL6A6,12,2,0.16666666666666666,0.1427487
CYP4F22,12,2,0.16666666666666666,0.3276801
FLT4,12,2,0.16666666666666666,0.15289402
LRIG3,12,2,0.16666666666666666,0.19016992
OR5H2,12,2,0.16666666666666666,0.18175316
SBNO1,12,2,0.16666666666666666,0.33176148
SETBP1,12,2,0.16666666666666666,0.17482084
SLC1A6,12,2,0.16666666666666666,0.300698
TRPV5,12,2,0.16666666666666666,0.45932916
UTRN,12,2,0.16666666666666666,0.4182825
ABCB5,13,2,0.15384615384615385,0.36553386
CIITA,13,2,0.15384615384615385,0.23908609
FAM83B,13,2,0.15384615384615385,0.1625746
GON4L,13,2,0.15384615384615385,0.30441248
MYCBP2,13,2,0.15384615384615385,0.14913677
NIPBL,13,2,0.15384615384615385,0.38886368
NLRP13,13,2,0.15384615384615385,0.3826154
PREX1,13,2,0.15384615384615385,0.24176952
PREX2,13,2,0.15384615384615385,0.18457903
ASH1L,14,2,0.14285714285714285,0.3044159
CDK5RAP2,14,2,0.14285714285714285,0.27535465
EPHA10,14,2,0.14285714285714285,0.11329342
PTPRN2,14,2,0.14285714285714285,0.23164271
SSPOP,14,2,0.14285714285714285,0.26413545
TG,14,2,0.14285714285714285,0.18624052
TNC,14,2,0.14285714285714285,0.14418006
ZNF462,14,2,0.14285714285714285,0.31069395
ARHGEF5,15,2,0.13333333333333333,0.55556995
CALCR,15,2,0.13333333333333333,0.15310499
COL11A1,15,2,0.13333333333333333,0.31239823
LRRIQ1,15,2,0.13333333333333333,0.18444341
NUP205,15,2,0.13333333333333333,0.2324205
VPS13B,15,2,0.13333333333333333,0.20237097
CMYA5,16,2,0.125,0.28464606
COL1A2,16,2,0.125,0.22624423
COL22A1,16,2,0.125,0.19657964
CUX2,16,2,0.125,0.17934579
EPB41L3,16,2,0.125,0.16767094
PCDHA3,16,2,0.125,0.16154301
ABCB4,17,2,0.11764705882352941,0.3694358
GRIN2B,17,2,0.11764705882352941,0.22622198
KEL,17,2,0.11764705882352941,0.19513673
LAMA3,17,2,0.11764705882352941,0.1414812
LAMB4,17,2,0.11764705882352941,0.2443738
MUC3A,17,2,0.11764705882352941,0.3717382
RP1,17,2,0.11764705882352941,0.20242925
SPEG,17,2,0.11764705882352941,0.23436525
TSHZ2,17,2,0.11764705882352941,0.21988851
ABCC5,18,2,0.1111111111111111,0.16140494
ANK1,18,2,0.1111111111111111,0.21621253
BRCA2,18,2,0.1111111111111111,0.23367278
ITGAD,18,2,0.1111111111111111,0.26224852
KIF16B,18,2,0.1111111111111111,0.28008404
PCDHB7,18,2,0.1111111111111111,0.23833036
PKHD1L1,18,2,0.1111111111111111,0.18883134
TRIO,18,2,0.1111111111111111,0.18004659
FLG2,19,2,0.10526315789473684,0.110648446
NAV2,19,2,0.10526315789473684,0.20487551
ADAMTS12,20,2,0.1,0.08388895
ITGAM,20,2,0.1,0.1151094
PTPRT,20,2,0.1,0.19970345
TRPM6,20,2,0.1,0.2165825
MUC5B,21,2,0.09523809523809523,0.1661573
NLRP4,21,2,0.09523809523809523,0.21250336
VPS13D,21,2,0.09523809523809523,0.24699758
ZAN,21,2,0.09523809523809523,0.24335936
COL14A1,22,2,0.09090909090909091,0.27860922
NLRP5,22,2,0.09090909090909091,0.2375296
NOS1,22,2,0.09090909090909091,0.119130544
TENM3,22,2,0.09090909090909091,0.16774474
CNTNAP2,23,2,0.08695652173913043,0.25923693
SACS,23,2,0.08695652173913043,0.12846474
CFAP47,24,2,0.08333333333333333,0.11293086
DNAH9,24,2,0.08333333333333333,0.16184516
SLIT3,24,2,0.08333333333333333,0.13898695
TRRAP,24,2,0.08333333333333333,0.275247
DCHS2,25,2,0.08,0.18054505
MXRA5,25,2,0.08,0.09800942
HUWE1,26,2,0.07692307692307693,0.20161167
RYR1,26,2,0.07692307692307693,0.2409371
TMEM132D,28,2,0.07142857142857142,0.09957849
GRIN2A,31,2,0.06451612903225806,0.2129245
ADGRV1,33,2,0.06060606060606061,0.12600729
PIK3CA,39,2,0.05128205128205128,0.12261996
DNAH2,41,2,0.04878048780487805,0.16195804
DNAH5,47,2,0.0425531914893617,0.14215815
PKHD1,47,2,0.0425531914893617,0.13738431
DNAH3,49,2,0.04081632653061224,0.15892462
TP53,155,2,0.012903225806451613,0.03802385
ABCB9,1,1,1.0,0.7869037
AC025165.3,1,1,1.0,0.77009094
ACAA2,1,1,1.0,0.7648576
ACSS2,1,1,1.0,0.7712237
ADAM18,1,1,1.0,0.75237304
ADAMTSL4,1,1,1.0,0.76506156
AGK,1,1,1.0,0.7593557
AKR1C8P,1,1,1.0,0.7539332
ALKBH5,1,1,1.0,0.75673324
AMT,1,1,1.0,0.7701548
ANAPC1,1,1,1.0,0.75647753
ANGPTL3,1,1,1.0,0.78213966
AOAH,1,1,1.0,0.7851852
AP3S1,1,1,1.0,0.771306
APOBEC1,1,1,1.0,0.7793812
AQP11,1,1,1.0,0.7745894
ARFGAP3,1,1,1.0,0.77484256
ARID5A,1,1,1.0,0.7646054
ARPC5L,1,1,1.0,0.77800405
ARR3,1,1,1.0,0.7837279
ARRB2,1,1,1.0,0.7555597
ASAH1,1,1,1.0,0.75138646
ASAH2B,1,1,1.0,0.7827136
BABAM1,1,1,1.0,0.7922427
BAG2,1,1,1.0,0.76718193
BHMT2,1,1,1.0,0.7565324
BIN3,1,1,1.0,0.770379
BST1,1,1,1.0,0.7524313
C18orf25,1,1,1.0,0.75275475
C1orf131,1,1,1.0,0.7565045
C21orf91,1,1,1.0,0.7906894
C5orf15,1,1,1.0,0.78812754
C9orf72,1,1,1.0,0.7526559
CACNG7,1,1,1.0,0.7555142
CAMLG,1,1,1.0,0.7664748
CBY1,1,1,1.0,0.76447004
CCDC134,1,1,1.0,0.78632724
CCDC167,1,1,1.0,0.75608647
CCL7,1,1,1.0,0.7682399
CD200R1,1,1,1.0,0.7662583
CDK18,1,1,1.0,0.7816686
CEACAM1,1,1,1.0,0.7920802
CELA2B,1,1,1.0,0.7830458
CHKA,1,1,1.0,0.77480644
CISD2,1,1,1.0,0.7642973
CLEC4A,1,1,1.0,0.79075015
CNOT6,1,1,1.0,0.75512004
COA8,1,1,1.0,0.75278753
COMMD5,1,1,1.0,0.7791235
COPS5,1,1,1.0,0.75704277
COPZ1,1,1,1.0,0.7606996
COQ9,1,1,1.0,0.787552
CPEB4,1,1,1.0,0.77531546
CSTL1,1,1,1.0,0.7907543
CTSA,1,1,1.0,0.7928134
CUL4A,1,1,1.0,0.76715213
CYRIB,1,1,1.0,0.78905404
DARS2,1,1,1.0,0.7922052
DCST2,1,1,1.0,0.7577815
DIRAS2,1,1,1.0,0.75167465
DTL,1,1,1.0,0.781616
DTNA,1,1,1.0,0.75175464
EIF3I,1,1,1.0,0.75021404
EPDR1,1,1,1.0,0.75439715
ERCC8,1,1,1.0,0.75785476
ERP44,1,1,1.0,0.7690857
EVX2,1,1,1.0,0.78699934
FABP9,1,1,1.0,0.7797944
FAM114A1,1,1,1.0,0.7691992
FAM114A2,1,1,1.0,0.7721882
FAM219A,1,1,1.0,0.7806386
FAM221B,1,1,1.0,0.7724621
FAM24B,1,1,1.0,0.78669626
FAR1,1,1,1.0,0.769669
FAU,1,1,1.0,0.79309
FBXO17,1,1,1.0,0.7781714
FCER1G,1,1,1.0,0.7660358
FGF12,1,1,1.0,0.7894102
FGFBP3,1,1,1.0,0.7887482
FITM1,1,1,1.0,0.77822125
FMNL3,1,1,1.0,0.7609664
GFRA3,1,1,1.0,0.7589959
GHRL,1,1,1.0,0.7743885
GLOD4,1,1,1.0,0.77587354
GLS2,1,1,1.0,0.77362204
GNA13,1,1,1.0,0.7540216
GNB1,1,1,1.0,0.7906839
GNB5,1,1,1.0,0.7879802
GOLGA6L22,1,1,1.0,0.78302294
GOLGA7,1,1,1.0,0.7745634
GPAT2,1,1,1.0,0.78676796
GPR151,1,1,1.0,0.7637438
GPR22,1,1,1.0,0.7846799
GRINA,1,1,1.0,0.7934012
GTF2E2,1,1,1.0,0.76423717
H3C13,1,1,1.0,0.7529667
HACD4,1,1,1.0,0.7799371
HDHD3,1,1,1.0,0.76963633
HGD,1,1,1.0,0.76424843
HGS,1,1,1.0,0.7604767
HINFP,1,1,1.0,0.7837395
HLA-B,1,1,1.0,0.76158935
HMG20B,1,1,1.0,0.76286536
HPD,1,1,1.0,0.77941614
HSPA5,1,1,1.0,0.76652634
IAPP,1,1,1.0,0.7742266
IFNA5,1,1,1.0,0.759516
IFNA6,1,1,1.0,0.7929396
IGDCC4,1,1,1.0,0.7528555
IGLL1,1,1,1.0,0.75508636
INAVA,1,1,1.0,0.79071856
INKA2,1,1,1.0,0.76972544
ISL2,1,1,1.0,0.78833497
JAM3,1,1,1.0,0.7918969
KBTBD7,1,1,1.0,0.79068494
KCNAB3,1,1,1.0,0.7619165
KCNIP1,1,1,1.0,0.78942525
KCNJ13,1,1,1.0,0.7917415
KCNJ6,1,1,1.0,0.7925417
KCNMB3,1,1,1.0,0.75274926
KCTD1,1,1,1.0,0.7555257
KEAP1,1,1,1.0,0.7717549
KIAA0319L,1,1,1.0,0.79280174
KISS1R,1,1,1.0,0.76545674
KLHL17,1,1,1.0,0.7609244
KLK3,1,1,1.0,0.7723975
KRTAP4-2,1,1,1.0,0.78208
KRTAP6-3,1,1,1.0,0.76040757
KRTAP9-2,1,1,1.0,0.7804684
LCE2D,1,1,1.0,0.7506383
LCN8,1,1,1.0,0.76362586
LINC02210-CRHR1,1,1,1.0,0.7877408
LNP1,1,1,1.0,0.7662705
LRRC20,1,1,1.0,0.75734603
LRRC59,1,1,1.0,0.77100915
LRRC61,1,1,1.0,0.7574648
LRRN3,1,1,1.0,0.7525535
LURAP1L,1,1,1.0,0.75532174
MAPKAPK3,1,1,1.0,0.780845
MC1R,1,1,1.0,0.7914731
MCCC2,1,1,1.0,0.77655876
MDFIC,1,1,1.0,0.7688261
MEF2D,1,1,1.0,0.7880141
MICAL2,1,1,1.0,0.7912048
MIER2,1,1,1.0,0.773493
MIR519D,1,1,1.0,0.7694313
MIR646,1,1,1.0,0.7729499
MPLKIP,1,1,1.0,0.7557951
MROH1,1,1,1.0,0.7840753
MRPS10,1,1,1.0,0.7503661
MRPS12,1,1,1.0,0.78554434
MSRA,1,1,1.0,0.78921324
MTRF1L,1,1,1.0,0.7778991
MXD4,1,1,1.0,0.763938
MYL6B,1,1,1.0,0.7528594
MYNN,1,1,1.0,0.79297936
MZT2B,1,1,1.0,0.7694901
NAIF1,1,1,1.0,0.7883436
NARF,1,1,1.0,0.78224254
NBPF7,1,1,1.0,0.79022163
NCAM2,1,1,1.0,0.77343506
NMRAL1,1,1,1.0,0.78688294
NMRK1,1,1,1.0,0.78832597
NPIPA1,1,1,1.0,0.7580447
NR3C1,1,1,1.0,0.7872612
NRBF2,1,1,1.0,0.7831011
NT5E,1,1,1.0,0.7904827
NTMT1,1,1,1.0,0.793234
NUDCD3,1,1,1.0,0.7677449
NUDT16,1,1,1.0,0.75296205
OPN3,1,1,1.0,0.7866371
OPTC,1,1,1.0,0.77939874
OR13C5,1,1,1.0,0.7576074
OR1A2,1,1,1.0,0.79071766
OR1J2,1,1,1.0,0.78202623
OR1K1,1,1,1.0,0.7781341
OR2AE1,1,1,1.0,0.76503116
OR2W1,1,1,1.0,0.7787602
OR3A1,1,1,1.0,0.75179887
OR4A16,1,1,1.0,0.7873339
OR4F4,1,1,1.0,0.7837675
OR8B12,1,1,1.0,0.7507247
PAPSS2,1,1,1.0,0.7791277
PEX16,1,1,1.0,0.75467265
PGLYRP3,1,1,1.0,0.7743839
PHLDB3,1,1,1.0,0.7731212
PIGM,1,1,1.0,0.77744037
PIGY,1,1,1.0,0.76650757
PIP4P2,1,1,1.0,0.778757
PLA2G6,1,1,1.0,0.7927265
PLPP1,1,1,1.0,0.7506383
PNMA8B,1,1,1.0,0.7530411
POU4F3,1,1,1.0,0.7905792
PPP1R42,1,1,1.0,0.7556575
PPP2CB,1,1,1.0,0.7656441
PRAMEF18,1,1,1.0,0.752039
PRAMEF6,1,1,1.0,0.7761969
PRELID2,1,1,1.0,0.77377975
PRSS45P,1,1,1.0,0.7894237
PRUNE1,1,1,1.0,0.774543
PRXL2A,1,1,1.0,0.7873374
PURA,1,1,1.0,0.7603265
QPCTL,1,1,1.0,0.7841131
RAB27B,1,1,1.0,0.7883406
RABEPK,1,1,1.0,0.79030466
RABGAP1L,1,1,1.0,0.7533678
RAC2,1,1,1.0,0.7814192
RAD1,1,1,1.0,0.791306
RAD51D,1,1,1.0,0.7919984
RAD52,1,1,1.0,0.77702874
RALA,1,1,1.0,0.78411716
RASA2,1,1,1.0,0.78300875
RASGEF1A,1,1,1.0,0.75652444
RBFOX2,1,1,1.0,0.76114786
RBMX2,1,1,1.0,0.7611937
RCC1,1,1,1.0,0.7633866
RCOR3,1,1,1.0,0.76719904
RDH10,1,1,1.0,0.79313993
REEP6,1,1,1.0,0.7774417
RER1,1,1,1.0,0.77901745
REXO4,1,1,1.0,0.77136886
RFFL,1,1,1.0,0.784195
RHEX,1,1,1.0,0.76098764
RHOXF2,1,1,1.0,0.7701274
RN7SL176P,1,1,1.0,0.758464
RNF167,1,1,1.0,0.75786805
RNF185,1,1,1.0,0.75708276
RPL35A,1,1,1.0,0.7610019
RRP15,1,1,1.0,0.78704387
RSBN1L,1,1,1.0,0.7881685
S100A3,1,1,1.0,0.78659177
SCO1,1,1,1.0,0.7704687
SCUBE2,1,1,1.0,0.7634643
SELENOF,1,1,1.0,0.786516
SERBP1,1,1,1.0,0.78071606
SHBG,1,1,1.0,0.77637386
SINHCAF,1,1,1.0,0.7583868
SLC16A3,1,1,1.0,0.7603104
SLC25A24,1,1,1.0,0.7921151
SLC35A5,1,1,1.0,0.7887907
SLC35D1,1,1,1.0,0.75127786
SLC35G1,1,1,1.0,0.7538528
SLC37A2,1,1,1.0,0.79329693
SLC52A1,1,1,1.0,0.7791185
SLC66A3,1,1,1.0,0.7793032
SLC7A4,1,1,1.0,0.78631645
SLC7A6,1,1,1.0,0.7661727
SLC9A9,1,1,1.0,0.7700893
SNN,1,1,1.0,0.75644505
SNORA71E,1,1,1.0,0.77358323
SNX15,1,1,1.0,0.79354286
SPRR2A,1,1,1.0,0.7712155
SPRR2F,1,1,1.0,0.7855174
SREK1IP1,1,1,1.0,0.76920825
SRGN,1,1,1.0,0.78605115
SSX2IP,1,1,1.0,0.7553038
ST3GAL2,1,1,1.0,0.75287116
ST8SIA1,1,1,1.0,0.77227134
STARD7,1,1,1.0,0.75079066
STARD7-AS1,1,1,1.0,0.7729095
STING1,1,1,1.0,0.75187844
STK4,1,1,1.0,0.7802375
STRA8,1,1,1.0,0.78178227
SUDS3,1,1,1.0,0.76933223
SUN5,1,1,1.0,0.77877915
SUPT4H1,1,1,1.0,0.78840333
SWI5,1,1,1.0,0.77403545
TAAR6,1,1,1.0,0.7731935
TAB1,1,1,1.0,0.7802124
TANGO2,1,1,1.0,0.77067006
TAS2R19,1,1,1.0,0.75149524
TATDN2,1,1,1.0,0.7563425
TBC1D23,1,1,1.0,0.7810837
TCEAL1,1,1,1.0,0.75268984
TFAP4,1,1,1.0,0.7628379
TFRC,1,1,1.0,0.77156657
TIGIT,1,1,1.0,0.7828177
TMED3,1,1,1.0,0.7501435
TMEM106C,1,1,1.0,0.763312
TMEM126B,1,1,1.0,0.7840366
TMEM187,1,1,1.0,0.75115895
TMEM190,1,1,1.0,0.7509942
TMEM273,1,1,1.0,0.7597752
TNPO1,1,1,1.0,0.7693383
TRAV9-1,1,1,1.0,0.75370914
TRBV5-1,1,1,1.0,0.78736776
TRIM56,1,1,1.0,0.76104885
TRMT10A,1,1,1.0,0.79070693
TTLL6,1,1,1.0,0.7597932
TUBB8,1,1,1.0,0.76480436
TUFM,1,1,1.0,0.7819402
TVP23B,1,1,1.0,0.7574395
UBE2D2,1,1,1.0,0.7727278
UBOX5,1,1,1.0,0.7757439
UBTFL2,1,1,1.0,0.75397754
UBXN4,1,1,1.0,0.75235265
UPB1,1,1,1.0,0.7873453
UQCC1,1,1,1.0,0.7878818
UROS,1,1,1.0,0.78378415
Unknown,1,1,1.0,0.7830361
VIM,1,1,1.0,0.765101
VOPP1,1,1,1.0,0.7695201
VPS26C,1,1,1.0,0.75814205
VSX1,1,1,1.0,0.76796407
WDR3,1,1,1.0,0.77167547
YTHDF3,1,1,1.0,0.78354275
ZDHHC13,1,1,1.0,0.76216036
ZDHHC17,1,1,1.0,0.7777794
ZFAND5,1,1,1.0,0.77903354
ZNF232,1,1,1.0,0.77045107
ZNF284,1,1,1.0,0.7698132
ZNF333,1,1,1.0,0.77373874
ZNF334,1,1,1.0,0.78818315
ZNF397,1,1,1.0,0.7507564
ZNF433,1,1,1.0,0.75906515
ZNF486,1,1,1.0,0.7778623
ZNF488,1,1,1.0,0.769675
ZNF502,1,1,1.0,0.7737201
ZNF582,1,1,1.0,0.77151793
ZNF627,1,1,1.0,0.7578573
ZNF682,1,1,1.0,0.76939195
ZNF816-ZNF321P,1,1,1.0,0.7609834
ZRANB2,1,1,1.0,0.7578606
ZZZ3,1,1,1.0,0.7783695
AASDHPPT,2,1,0.5,0.41354328
ABAT,2,1,0.5,0.3967291
ABHD12,2,1,0.5,0.68279207
ABHD4,2,1,0.5,0.37843025
AC104452.1,2,1,0.5,0.39268655
ACBD3,2,1,0.5,0.38953862
ACER1,2,1,0.5,0.73402095
ACOT8,2,1,0.5,0.47892877
ACSM5,2,1,0.5,0.38345432
ADAT1,2,1,0.5,0.3871341
ADCK2,2,1,0.5,0.44454026
ADGRG2,2,1,0.5,0.38075587
ADRA1A,2,1,0.5,0.37802818
AGAP6,2,1,0.5,0.6399148
AK9,2,1,0.5,0.39208287
AKAP8L,2,1,0.5,0.38252723
ALDOB,2,1,0.5,0.3927629
ALG9,2,1,0.5,0.3902986
ALKBH3,2,1,0.5,0.37998644
ANAPC5,2,1,0.5,0.40782538
ANKRA2,2,1,0.5,0.5086826
AOC2,2,1,0.5,0.38981014
AP1G1,2,1,0.5,0.39517444
AP3D1,2,1,0.5,0.62930155
APOBEC3F,2,1,0.5,0.39568678
AQP3,2,1,0.5,0.58896285
ARF4,2,1,0.5,0.38739455
ARFIP1,2,1,0.5,0.37940574
ARL6,2,1,0.5,0.38564017
ARL8A,2,1,0.5,0.3965552
ARMCX3,2,1,0.5,0.4025861
ARSG,2,1,0.5,0.4099747
ATP4B,2,1,0.5,0.6316041
ATP5IF1,2,1,0.5,0.38894227
ATP6V1H,2,1,0.5,0.7502372
AUNIP,2,1,0.5,0.7493206
AZU1,2,1,0.5,0.3814263
B3GALT2,2,1,0.5,0.37589276
BBS7,2,1,0.5,0.7468842
BCAN,2,1,0.5,0.5694155
BCLAF1,2,1,0.5,0.38534626
BHMT,2,1,0.5,0.39578438
BMPR1A,2,1,0.5,0.39399582
BNIP3L,2,1,0.5,0.38543814
BPGM,2,1,0.5,0.39497733
BPIFA3,2,1,0.5,0.38256824
BRD7,2,1,0.5,0.61309075
BST2,2,1,0.5,0.38081557
C16orf91,2,1,0.5,0.7341672
C1orf87,2,1,0.5,0.39323872
C3orf22,2,1,0.5,0.72752774
CAMK2D,2,1,0.5,0.3761827
CAT,2,1,0.5,0.68190145
CATSPERG,2,1,0.5,0.73331034
CBLC,2,1,0.5,0.7421515
CBX6,2,1,0.5,0.37564668
CCDC124,2,1,0.5,0.39620194
CCDC144B,2,1,0.5,0.40027636
CCDC82,2,1,0.5,0.39474523
CCDC90B,2,1,0.5,0.39302617
CCM2,2,1,0.5,0.40503
CCR5,2,1,0.5,0.45165247
CCT4,2,1,0.5,0.3837209
CD1C,2,1,0.5,0.7137976
CD72,2,1,0.5,0.73669773
CDC25C,2,1,0.5,0.39117244
CDK1,2,1,0.5,0.39150724
CDR1,2,1,0.5,0.67337096
CELA1,2,1,0.5,0.39445966
CELA3A,2,1,0.5,0.38112527
CELF4,2,1,0.5,0.38911074
CEP89,2,1,0.5,0.4046899
CHAF1A,2,1,0.5,0.38768107
CHRM4,2,1,0.5,0.3771536
CLDN11,2,1,0.5,0.37519705
CLEC4C,2,1,0.5,0.38384232
CPB2,2,1,0.5,0.6654105
CPT2,2,1,0.5,0.38417354
CR1L,2,1,0.5,0.73490715
CRNKL1,2,1,0.5,0.37759215
CRYZL1,2,1,0.5,0.4008565
CSN1S1,2,1,0.5,0.39002648
CST1,2,1,0.5,0.64851505
CTNNA1,2,1,0.5,0.37631705
CTSL,2,1,0.5,0.38231376
CUEDC1,2,1,0.5,0.43884504
CXCR3,2,1,0.5,0.38349035
CYB561,2,1,0.5,0.3934644
CYSLTR2,2,1,0.5,0.38267714
DCP2,2,1,0.5,0.6869436
DCUN1D1,2,1,0.5,0.39098093
DEFB119,2,1,0.5,0.47915834
DENND10P1,2,1,0.5,0.75770384
DEPDC1,2,1,0.5,0.3960233
DHX9,2,1,0.5,0.64474297
DKKL1,2,1,0.5,0.39794195
DNAJB4,2,1,0.5,0.709645
DNAJC22,2,1,0.5,0.3860142
DOLPP1,2,1,0.5,0.74945366
DTD1,2,1,0.5,0.51716465
ELAVL4,2,1,0.5,0.38376275
EPS8L2,2,1,0.5,0.3885709
FAH,2,1,0.5,0.38376614
FAM149A,2,1,0.5,0.3942672
FAM172A,2,1,0.5,0.3884917
FAM71C,2,1,0.5,0.38402763
FANCB,2,1,0.5,0.3905507
FAR2,2,1,0.5,0.7378998
FCGR2A,2,1,0.5,0.3894122
FCN1,2,1,0.5,0.70329005
FCN2,2,1,0.5,0.6806327
FDFT1,2,1,0.5,0.71121037
FEM1C,2,1,0.5,0.39221126
FGF18,2,1,0.5,0.39075223
FHL3,2,1,0.5,0.39987436
FMO2,2,1,0.5,0.37633207
FMO4,2,1,0.5,0.38115746
FNDC7,2,1,0.5,0.39133438
FOXL2,2,1,0.5,0.45070353
FRG2B,2,1,0.5,0.38286936
FYTTD1,2,1,0.5,0.3784571
FZD2,2,1,0.5,0.38599953
G6PC3,2,1,0.5,0.39562505
GABPB1,2,1,0.5,0.3798221
GALR1,2,1,0.5,0.6584394
GBP2,2,1,0.5,0.6695497
GCAT,2,1,0.5,0.41828653
GCM2,2,1,0.5,0.68238163
GDAP1L1,2,1,0.5,0.37848502
GFI1B,2,1,0.5,0.3867
GIMAP6,2,1,0.5,0.38524073
GK,2,1,0.5,0.37633917
GLMN,2,1,0.5,0.76484764
GLMP,2,1,0.5,0.3885629
GOLGA2,2,1,0.5,0.76198006
GP9,2,1,0.5,0.39463553
GPATCH3,2,1,0.5,0.41469735
GPR143,2,1,0.5,0.6438488
GPR19,2,1,0.5,0.40735877
GRIA4,2,1,0.5,0.38806048
GSDME,2,1,0.5,0.39572787
GSG1,2,1,0.5,0.39221993
GSN,2,1,0.5,0.38953525
GSTM3,2,1,0.5,0.3919619
GSTO1,2,1,0.5,0.7530278
GUCY1A2,2,1,0.5,0.43786028
HARS1,2,1,0.5,0.38429824
HDAC7,2,1,0.5,0.3876785
HOMER3,2,1,0.5,0.38367978
HORMAD2,2,1,0.5,0.3955863
HOXA10,2,1,0.5,0.6799532
HOXB13,2,1,0.5,0.511476
HUS1,2,1,0.5,0.38197225
IDI2,2,1,0.5,0.38432464
IGLV3-25,2,1,0.5,0.38262898
ILK,2,1,0.5,0.5437844
INTS9,2,1,0.5,0.38217872
IRF1,2,1,0.5,0.3934465
ITFG2,2,1,0.5,0.38516998
KCNA6,2,1,0.5,0.3961307
KCNH3,2,1,0.5,0.6180839
KCNK17,2,1,0.5,0.4516989
KCTD3,2,1,0.5,0.72118694
KHSRP,2,1,0.5,0.38649884
KIAA2013,2,1,0.5,0.37921503
KIRREL1,2,1,0.5,0.6178112
KLHL18,2,1,0.5,0.5444446
KRBA1,2,1,0.5,0.39569175
KRT2,2,1,0.5,0.480329
KRTAP6-1,2,1,0.5,0.73589957
LDLRAD4,2,1,0.5,0.7399864
LGI1,2,1,0.5,0.3955927
LHPP,2,1,0.5,0.38908482
LHX3,2,1,0.5,0.39172125
LMNB2,2,1,0.5,0.3895525
MAGI3,2,1,0.5,0.39290044
MAL2,2,1,0.5,0.37759185
MAP2K3,2,1,0.5,0.7068969
MAP4K1,2,1,0.5,0.6463965
MCU,2,1,0.5,0.3808437
MED16,2,1,0.5,0.39535332
MED21,2,1,0.5,0.57389987
MEPE,2,1,0.5,0.39600822
METTL17,2,1,0.5,0.4936876
METTL6,2,1,0.5,0.3828254
MFN2,2,1,0.5,0.3959015
MINPP1,2,1,0.5,0.391677
MLLT1,2,1,0.5,0.3781809
MOB3C,2,1,0.5,0.6861677
MPL,2,1,0.5,0.74901676
MRGBP,2,1,0.5,0.39431947
MRGPRX2,2,1,0.5,0.54375726
MRI1,2,1,0.5,0.3763958
MTMR10,2,1,0.5,0.3818203
MTMR4,2,1,0.5,0.63621366
MTO1,2,1,0.5,0.39623374
MUC7,2,1,0.5,0.48056522
MYL4,2,1,0.5,0.38519874
MYOD1,2,1,0.5,0.38840935
NAMPT,2,1,0.5,0.38086826
NDUFA4,2,1,0.5,0.65345395
NDUFS2,2,1,0.5,0.76847667
NECAP1,2,1,0.5,0.56843805
NFATC3,2,1,0.5,0.72328174
NFE2,2,1,0.5,0.45036492
NFIA,2,1,0.5,0.3790447
NICN1,2,1,0.5,0.54332733
NIPSNAP2,2,1,0.5,0.5014381
NLE1,2,1,0.5,0.39087093
NOS2,2,1,0.5,0.39288542
NOVA1,2,1,0.5,0.37533695
NPSR1,2,1,0.5,0.39455768
NT5C2,2,1,0.5,0.3832434
NUDT9,2,1,0.5,0.38937357
NUP188,2,1,0.5,0.53991604
NUP35,2,1,0.5,0.6317712
NUP42,2,1,0.5,0.40001234
OOSP2,2,1,0.5,0.3964429
OR10X1,2,1,0.5,0.39423645
OR14C36,2,1,0.5,0.38547173
OR14K1,2,1,0.5,0.4014889
OR1Q1,2,1,0.5,0.38773954
OR2V2,2,1,0.5,0.6948848
OR4F5,2,1,0.5,0.69155
OR4F6,2,1,0.5,0.39721403
OR5R1,2,1,0.5,0.3778967
OR5T2,2,1,0.5,0.38504294
ORC1,2,1,0.5,0.376877
ORM1,2,1,0.5,0.3861125
P2RX1,2,1,0.5,0.39184743
P2RY1,2,1,0.5,0.44539467
PAK1,2,1,0.5,0.7416471
PATZ1,2,1,0.5,0.3764275
PAX7,2,1,0.5,0.5952774
PDE1B,2,1,0.5,0.38518938
PDE4A,2,1,0.5,0.3879549
PDLIM1,2,1,0.5,0.5096072
PDPR,2,1,0.5,0.6622286
PER3,2,1,0.5,0.39332756
PGS1,2,1,0.5,0.3895633
PHC3,2,1,0.5,0.7002716
PI4K2A,2,1,0.5,0.38303027
PI4K2B,2,1,0.5,0.7221445
PIBF1,2,1,0.5,0.40237725
PIK3C3,2,1,0.5,0.5600154
PIK3R4,2,1,0.5,0.3877033
PLXDC2,2,1,0.5,0.39166436
PNLIPRP1,2,1,0.5,0.38135365
PNPLA8,2,1,0.5,0.75514
POLD4,2,1,0.5,0.70790434
POU5F1,2,1,0.5,0.39347646
PPFIA4,2,1,0.5,0.38959795
PPID,2,1,0.5,0.38140473
PPP1R3B,2,1,0.5,0.39529702
PRDM7,2,1,0.5,0.38304138
PROSER1,2,1,0.5,0.38875297
PRPF38A,2,1,0.5,0.39362106
PRSS37,2,1,0.5,0.4694303
PSMA3,2,1,0.5,0.38513848
PSMD1,2,1,0.5,0.37584388
PSMD8,2,1,0.5,0.4708507
PWP1,2,1,0.5,0.39158997
R3HDM4,2,1,0.5,0.7491472
RAB7A,2,1,0.5,0.39262503
RABGAP1,2,1,0.5,0.40263942
RANBP3,2,1,0.5,0.74154127
RASL10B,2,1,0.5,0.39011323
RASSF8,2,1,0.5,0.38558877
RBM7,2,1,0.5,0.38306618
RETSAT,2,1,0.5,0.38943595
RFX1,2,1,0.5,0.39062947
RGS2,2,1,0.5,0.65591
RHPN2,2,1,0.5,0.39219725
RIN1,2,1,0.5,0.39130265
RMI1,2,1,0.5,0.4543137
RNF150,2,1,0.5,0.70804954
RNGTT,2,1,0.5,0.39360726
RORA,2,1,0.5,0.3944946
RPL26P30,2,1,0.5,0.38827446
RPS6KA5,2,1,0.5,0.3963035
RPS9,2,1,0.5,0.38763285
RSL1D1,2,1,0.5,0.3958384
RUNDC1,2,1,0.5,0.3872823
SEC23A,2,1,0.5,0.38645765
SELP,2,1,0.5,0.44061863
SELPLG,2,1,0.5,0.38203502
SEMA3F,2,1,0.5,0.39273533
SEMA6B,2,1,0.5,0.3922316
SF1,2,1,0.5,0.39027312
SFRP4,2,1,0.5,0.37934953
SFTPA2,2,1,0.5,0.37847435
SGCE,2,1,0.5,0.5380875
SH3BP5L,2,1,0.5,0.39361197
SHISA2,2,1,0.5,0.37997317
SHMT2,2,1,0.5,0.3974089
SIRT7,2,1,0.5,0.5823059
SKP1,2,1,0.5,0.38435248
SLAMF8,2,1,0.5,0.38352472
SLC20A1,2,1,0.5,0.39150402
SLC25A53,2,1,0.5,0.39061064
SLC27A4,2,1,0.5,0.39403576
SLC30A7,2,1,0.5,0.38654733
SLC34A1,2,1,0.5,0.3865742
SLC37A1,2,1,0.5,0.39830315
SLC44A2,2,1,0.5,0.5958535
SMAP2,2,1,0.5,0.39459902
SMG9,2,1,0.5,0.37753904
SNTB1,2,1,0.5,0.38954994
SP8,2,1,0.5,0.38266492
SPATA32,2,1,0.5,0.39429832
SPRR3,2,1,0.5,0.38174582
SRSF10,2,1,0.5,0.38159883
SS18L1,2,1,0.5,0.39295042
SSH3,2,1,0.5,0.7433213
SSR4,2,1,0.5,0.39225128
SSTR1,2,1,0.5,0.37650722
SSU72P8,2,1,0.5,0.3972
ST3GAL3,2,1,0.5,0.39234856
STAT3,2,1,0.5,0.5226581
STEAP2,2,1,0.5,0.39483085
STK19,2,1,0.5,0.3921931
STRIP1,2,1,0.5,0.5213696
SULT6B1,2,1,0.5,0.39001027
SYTL3,2,1,0.5,0.53780067
TACC1,2,1,0.5,0.37757838
TARDBP,2,1,0.5,0.3855338
TAS2R39,2,1,0.5,0.38576156
TBC1D15,2,1,0.5,0.3812032
TBC1D24,2,1,0.5,0.39647233
TBL2,2,1,0.5,0.37510896
TCF3,2,1,0.5,0.54539764
TCL1B,2,1,0.5,0.37953103
TEPP,2,1,0.5,0.38936955
TGFB1I1,2,1,0.5,0.38841638
THAP4,2,1,0.5,0.3934026
THRSP,2,1,0.5,0.3805698
TMED6,2,1,0.5,0.38394836
TMEM184A,2,1,0.5,0.37826428
TMEM19,2,1,0.5,0.37590936
TMEM219,2,1,0.5,0.67339814
TMEM39A,2,1,0.5,0.39926434
TNS2,2,1,0.5,0.74920225
TPK1,2,1,0.5,0.37634
TPPP3,2,1,0.5,0.38251358
TRIB3,2,1,0.5,0.52467847
TRIM8,2,1,0.5,0.39174393
TRIT1,2,1,0.5,0.38005814
TRMT2B,2,1,0.5,0.43685034
TRMT61B,2,1,0.5,0.37854418
TSEN34,2,1,0.5,0.41028216
TSKU,2,1,0.5,0.3932519
TSNAX,2,1,0.5,0.38524574
TTC39B,2,1,0.5,0.3891774
TTC5,2,1,0.5,0.4641693
TUBB6,2,1,0.5,0.38480368
TWSG1,2,1,0.5,0.6929376
UCHL3,2,1,0.5,0.6052048
UCP3,2,1,0.5,0.38651574
UGDH,2,1,0.5,0.3811546
UNC5CL,2,1,0.5,0.38904592
VAT1L,2,1,0.5,0.54418635
VKORC1L1,2,1,0.5,0.66452944
VPS26A,2,1,0.5,0.74954665
VPS35L,2,1,0.5,0.39166144
WAC,2,1,0.5,0.6077765
WFIKKN2,2,1,0.5,0.3812077
WNT10B,2,1,0.5,0.44715387
WNT16,2,1,0.5,0.38775915
WSB2,2,1,0.5,0.38546145
XPO6,2,1,0.5,0.38974696
XPO7,2,1,0.5,0.3966615
XRCC1,2,1,0.5,0.38291046
ZBTB12,2,1,0.5,0.38659176
ZBTB8A,2,1,0.5,0.38973546
ZC3HAV1,2,1,0.5,0.76261437
ZIC3,2,1,0.5,0.39121026
ZMPSTE24,2,1,0.5,0.37968552
ZNF141,2,1,0.5,0.39322665
ZNF175,2,1,0.5,0.43450156
ZNF20,2,1,0.5,0.45013165
ZNF212,2,1,0.5,0.38203096
ZNF222,2,1,0.5,0.6637175
ZNF230,2,1,0.5,0.39428672
ZNF260,2,1,0.5,0.62336636
ZNF282,2,1,0.5,0.39563593
ZNF343,2,1,0.5,0.38953286
ZNF408,2,1,0.5,0.37917694
ZNF441,2,1,0.5,0.7491139
ZNF510,2,1,0.5,0.37629327
ZNF511-PRAP1,2,1,0.5,0.38724494
ZNF518A,2,1,0.5,0.38736665
ZNF559,2,1,0.5,0.39186186
ZNF561,2,1,0.5,0.39322543
ZNF571,2,1,0.5,0.55192506
ZNF615,2,1,0.5,0.39581513
ZNF655,2,1,0.5,0.6503067
ZNF670,2,1,0.5,0.6994024
ZNF80,2,1,0.5,0.3805558
ZNF823,2,1,0.5,0.3892493
ZNF93,2,1,0.5,0.39524332
ZSCAN5B,2,1,0.5,0.73102295
ZXDB,2,1,0.5,0.3818516
AARS1,3,1,0.3333333333333333,0.2560601
AATF,3,1,0.3333333333333333,0.2566666
ABL1,3,1,0.3333333333333333,0.46087337
ACP5,3,1,0.3333333333333333,0.4820756
ADGRB1,3,1,0.3333333333333333,0.26113108
ADH1C,3,1,0.3333333333333333,0.2607848
ADPRM,3,1,0.3333333333333333,0.52857786
AFAP1,3,1,0.3333333333333333,0.27022052
AIRE,3,1,0.3333333333333333,0.4289217
AK5,3,1,0.3333333333333333,0.26210275
AKNA,3,1,0.3333333333333333,0.25815934
ALDOC,3,1,0.3333333333333333,0.34761837
ALKBH2,3,1,0.3333333333333333,0.26023838
ANXA13,3,1,0.3333333333333333,0.485253
AP002748.5,3,1,0.3333333333333333,0.33433327
AP5S1,3,1,0.3333333333333333,0.25973377
APH1A,3,1,0.3333333333333333,0.25677362
APOH,3,1,0.3333333333333333,0.26343492
ARFGAP2,3,1,0.3333333333333333,0.5877876
ARHGAP26,3,1,0.3333333333333333,0.5078206
ARHGDIB,3,1,0.3333333333333333,0.577228
ARHGEF37,3,1,0.3333333333333333,0.4904828
ARL13A,3,1,0.3333333333333333,0.31798336
ARRB1,3,1,0.3333333333333333,0.26217428
ASNS,3,1,0.3333333333333333,0.25350332
ASPHD1,3,1,0.3333333333333333,0.44169578
ATXN10,3,1,0.3333333333333333,0.25890133
ATXN3L,3,1,0.3333333333333333,0.2683923
AVL9,3,1,0.3333333333333333,0.59279305
BAG6,3,1,0.3333333333333333,0.25685552
BLMH,3,1,0.3333333333333333,0.3980453
BORCS6,3,1,0.3333333333333333,0.2565694
BPIFA1,3,1,0.3333333333333333,0.5837287
BRD3,3,1,0.3333333333333333,0.50913143
BTBD16,3,1,0.3333333333333333,0.25914678
C12orf71,3,1,0.3333333333333333,0.25689968
C20orf194,3,1,0.3333333333333333,0.50387055
C5,3,1,0.3333333333333333,0.49377036
CACNB2,3,1,0.3333333333333333,0.25138634
CAVIN3,3,1,0.3333333333333333,0.34050265
CCDC103,3,1,0.3333333333333333,0.28808272
CCDC112,3,1,0.3333333333333333,0.43090966
CCDC136,3,1,0.3333333333333333,0.26337346
CCDC81,3,1,0.3333333333333333,0.26397204
CCNY,3,1,0.3333333333333333,0.25901887
CCSER2,3,1,0.3333333333333333,0.26378915
CD226,3,1,0.3333333333333333,0.29443765
CD300LG,3,1,0.3333333333333333,0.69276667
CDC20,3,1,0.3333333333333333,0.26595291
CDC73,3,1,0.3333333333333333,0.26156166
CES1,3,1,0.3333333333333333,0.4694868
CFAP94,3,1,0.3333333333333333,0.26397172
CHD1L,3,1,0.3333333333333333,0.253725
CHUK,3,1,0.3333333333333333,0.44720912
CIZ1,3,1,0.3333333333333333,0.26002777
CLEC4D,3,1,0.3333333333333333,0.26080015
CLIP3,3,1,0.3333333333333333,0.50079256
CLPTM1,3,1,0.3333333333333333,0.28157654
CNOT2,3,1,0.3333333333333333,0.68346554
CNTF,3,1,0.3333333333333333,0.5000465
COIL,3,1,0.3333333333333333,0.2627092
CPNE7,3,1,0.3333333333333333,0.26277804
CREB3,3,1,0.3333333333333333,0.25522918
CRISPLD2,3,1,0.3333333333333333,0.58072865
CRY1,3,1,0.3333333333333333,0.26097465
CRY2,3,1,0.3333333333333333,0.48986205
CRYGN,3,1,0.3333333333333333,0.25102922
CSE1L,3,1,0.3333333333333333,0.25855097
CTSC,3,1,0.3333333333333333,0.49725652
CYP27C1,3,1,0.3333333333333333,0.47648606
CYP2R1,3,1,0.3333333333333333,0.34561166
CYP4Z1,3,1,0.3333333333333333,0.25823793
DCAF4L2,3,1,0.3333333333333333,0.2548018
DCTN2,3,1,0.3333333333333333,0.25580525
DENND1B,3,1,0.3333333333333333,0.71570015
DERA,3,1,0.3333333333333333,0.26004758
DFFB,3,1,0.3333333333333333,0.25999486
DGAT2,3,1,0.3333333333333333,0.25632933
DIP2B,3,1,0.3333333333333333,0.48140022
DIS3L,3,1,0.3333333333333333,0.25517988
DKK1,3,1,0.3333333333333333,0.26825672
DNAH12,3,1,0.3333333333333333,0.49817014
DNAJC14,3,1,0.3333333333333333,0.277297
DPYD,3,1,0.3333333333333333,0.2629993
DUS1L,3,1,0.3333333333333333,0.26375195
DVL2,3,1,0.3333333333333333,0.2597209
DYNC2LI1,3,1,0.3333333333333333,0.26153076
DZIP1L,3,1,0.3333333333333333,0.2617613
E2F6,3,1,0.3333333333333333,0.2524564
EEF1AKNMT,3,1,0.3333333333333333,0.2537396
EFR3A,3,1,0.3333333333333333,0.2632584
EIF2AK1,3,1,0.3333333333333333,0.5591243
EIF3B,3,1,0.3333333333333333,0.2503247
EIF4A1,3,1,0.3333333333333333,0.27708685
ELMOD1,3,1,0.3333333333333333,0.26420292
ENOX2,3,1,0.3333333333333333,0.252075
ENTR1,3,1,0.3333333333333333,0.274574
EPS15,3,1,0.3333333333333333,0.25414518
FAM118B,3,1,0.3333333333333333,0.2615713
FAM169A,3,1,0.3333333333333333,0.34504387
FAM221A,3,1,0.3333333333333333,0.3517808
FBF1,3,1,0.3333333333333333,0.26356068
FBXW4,3,1,0.3333333333333333,0.25669125
FGF14,3,1,0.3333333333333333,0.3113771
FGGY,3,1,0.3333333333333333,0.2541124
FMO5,3,1,0.3333333333333333,0.30272028
FPGT,3,1,0.3333333333333333,0.37328187
GATA4,3,1,0.3333333333333333,0.4986535
GCC2,3,1,0.3333333333333333,0.25979504
GLRA2,3,1,0.3333333333333333,0.26042527
GNE,3,1,0.3333333333333333,0.51078516
GPAA1,3,1,0.3333333333333333,0.521444
GPCPD1,3,1,0.3333333333333333,0.5253508
GPN3,3,1,0.3333333333333333,0.44947627
GPR182,3,1,0.3333333333333333,0.3799266
GPRC5A,3,1,0.3333333333333333,0.2563958
GREB1,3,1,0.3333333333333333,0.25434014
GRIA2,3,1,0.3333333333333333,0.26930383
HAP1,3,1,0.3333333333333333,0.2638277
HDAC3,3,1,0.3333333333333333,0.2685103
HEATR6,3,1,0.3333333333333333,0.2977762
HELT,3,1,0.3333333333333333,0.26895618
HID1,3,1,0.3333333333333333,0.27249143
HIPK3,3,1,0.3333333333333333,0.33200696
HK1,3,1,0.3333333333333333,0.50653553
HNRNPUL1,3,1,0.3333333333333333,0.4145955
HOMER1,3,1,0.3333333333333333,0.25179318
HPCAL4,3,1,0.3333333333333333,0.2546196
HSD17B4,3,1,0.3333333333333333,0.25985098
IARS2,3,1,0.3333333333333333,0.490407
ICA1L,3,1,0.3333333333333333,0.2511889
IFI44,3,1,0.3333333333333333,0.2549692
IFT22,3,1,0.3333333333333333,0.4859403
IFT46,3,1,0.3333333333333333,0.26413396
IGHG4,3,1,0.3333333333333333,0.2591351
IL17RB,3,1,0.3333333333333333,0.3659091
INIP,3,1,0.3333333333333333,0.2746484
INSL6,3,1,0.3333333333333333,0.26333466
IQSEC2,3,1,0.3333333333333333,0.26110378
IRAK2,3,1,0.3333333333333333,0.25008658
IRF2BP1,3,1,0.3333333333333333,0.26085874
ITK,3,1,0.3333333333333333,0.45414194
JAML,3,1,0.3333333333333333,0.26191488
KCNA2,3,1,0.3333333333333333,0.26477206
KCNAB1,3,1,0.3333333333333333,0.25123417
KCNMB1,3,1,0.3333333333333333,0.26354074
KDM3A,3,1,0.3333333333333333,0.4626284
KLHDC8A,3,1,0.3333333333333333,0.26775715
KLK9,3,1,0.3333333333333333,0.252534
KRI1,3,1,0.3333333333333333,0.27333188
KRT32,3,1,0.3333333333333333,0.26035357
KRT6A,3,1,0.3333333333333333,0.28058067
KRT6B,3,1,0.3333333333333333,0.2597042
KTI12,3,1,0.3333333333333333,0.28960773
L3MBTL2,3,1,0.3333333333333333,0.26333317
LAIR1,3,1,0.3333333333333333,0.5154915
LETMD1,3,1,0.3333333333333333,0.33266595
LHX8,3,1,0.3333333333333333,0.33517203
LHX9,3,1,0.3333333333333333,0.256966
LIN9,3,1,0.3333333333333333,0.49981603
LLGL1,3,1,0.3333333333333333,0.3430711
LONRF1,3,1,0.3333333333333333,0.4592928
LPAR2,3,1,0.3333333333333333,0.2527205
LRP8,3,1,0.3333333333333333,0.2538739
LRRC14,3,1,0.3333333333333333,0.45891896
LRRC18,3,1,0.3333333333333333,0.26234594
LRRC8D,3,1,0.3333333333333333,0.4670303
LSG1,3,1,0.3333333333333333,0.67502064
LTA4H,3,1,0.3333333333333333,0.25226757
MAGEB10,3,1,0.3333333333333333,0.29235503
MAGEF1,3,1,0.3333333333333333,0.44659063
MAN1A2,3,1,0.3333333333333333,0.4928802
MAN1B1,3,1,0.3333333333333333,0.33545324
MANBAL,3,1,0.3333333333333333,0.29211447
MARCHF3,3,1,0.3333333333333333,0.25391462
MARK4,3,1,0.3333333333333333,0.38829812
MAT1A,3,1,0.3333333333333333,0.3477799
MAX,3,1,0.3333333333333333,0.2555211
MCHR1,3,1,0.3333333333333333,0.50870484
MECP2,3,1,0.3333333333333333,0.26438296
MEI1,3,1,0.3333333333333333,0.2623182
MGLL,3,1,0.3333333333333333,0.2599214
MME,3,1,0.3333333333333333,0.2526266
MMP20,3,1,0.3333333333333333,0.50449616
MON2,3,1,0.3333333333333333,0.71041155
MRPS27,3,1,0.3333333333333333,0.48738372
MS4A12,3,1,0.3333333333333333,0.2528164
MSH3,3,1,0.3333333333333333,0.4743422
MSS51,3,1,0.3333333333333333,0.5584405
MTUS1,3,1,0.3333333333333333,0.297989
MVD,3,1,0.3333333333333333,0.25370744
MYLK2,3,1,0.3333333333333333,0.29812992
MYO1C,3,1,0.3333333333333333,0.37021264
MYOZ1,3,1,0.3333333333333333,0.2605014
MYSM1,3,1,0.3333333333333333,0.48366085
NAA15,3,1,0.3333333333333333,0.30262205
NAALADL1,3,1,0.3333333333333333,0.51419455
NAP1L3,3,1,0.3333333333333333,0.26319978
NAT16,3,1,0.3333333333333333,0.36497793
NCF1,3,1,0.3333333333333333,0.33624673
NCK2,3,1,0.3333333333333333,0.26196566
NECAB2,3,1,0.3333333333333333,0.2630192
NFIX,3,1,0.3333333333333333,0.26092094
NFRKB,3,1,0.3333333333333333,0.25087765
NFYC,3,1,0.3333333333333333,0.26206324
NIPAL2,3,1,0.3333333333333333,0.2637259
NLGN2,3,1,0.3333333333333333,0.26400396
NLRP10,3,1,0.3333333333333333,0.7482035
NOLC1,3,1,0.3333333333333333,0.46767256
NOMO2,3,1,0.3333333333333333,0.25501853
NPDC1,3,1,0.3333333333333333,0.25192633
NPTXR,3,1,0.3333333333333333,0.25148442
NR2F2,3,1,0.3333333333333333,0.46405387
NUCB1,3,1,0.3333333333333333,0.3409277
NUP88,3,1,0.3333333333333333,0.5074089
NYAP1,3,1,0.3333333333333333,0.36012295
ODF2,3,1,0.3333333333333333,0.30502087
ODF3,3,1,0.3333333333333333,0.26381648
OR10A2,3,1,0.3333333333333333,0.26324707
OR10H3,3,1,0.3333333333333333,0.25674495
OR10Z1,3,1,0.3333333333333333,0.2575249
OR1E2,3,1,0.3333333333333333,0.4491037
OR2AT4,3,1,0.3333333333333333,0.34812728
OR2D3,3,1,0.3333333333333333,0.25623855
OR4K2,3,1,0.3333333333333333,0.42388663
OR4S2,3,1,0.3333333333333333,0.26527202
OR51A4,3,1,0.3333333333333333,0.3786371
OR5J2,3,1,0.3333333333333333,0.25341853
OR7D2,3,1,0.3333333333333333,0.46279195
OSCP1,3,1,0.3333333333333333,0.33530116
OXA1L,3,1,0.3333333333333333,0.49628553
P3H3,3,1,0.3333333333333333,0.47741583
PADI6,3,1,0.3333333333333333,0.3075891
PAPOLB,3,1,0.3333333333333333,0.2509506
PARPBP,3,1,0.3333333333333333,0.33491293
PARS2,3,1,0.3333333333333333,0.26069373
PAX4,3,1,0.3333333333333333,0.2662603
PAX5,3,1,0.3333333333333333,0.26046172
PCDHB8,3,1,0.3333333333333333,0.44335428
PCED1A,3,1,0.3333333333333333,0.44823655
PDE8A,3,1,0.3333333333333333,0.2526819
PDS5B,3,1,0.3333333333333333,0.2610067
PDZD7,3,1,0.3333333333333333,0.25907132
PDZD8,3,1,0.3333333333333333,0.2552529
PEX19,3,1,0.3333333333333333,0.2595975
PFKP,3,1,0.3333333333333333,0.6873906
PGM3,3,1,0.3333333333333333,0.2605828
PGPEP1,3,1,0.3333333333333333,0.43732807
PHOX2B,3,1,0.3333333333333333,0.48125324
PICALM,3,1,0.3333333333333333,0.2639164
PIP4K2B,3,1,0.3333333333333333,0.25246677
PITPNC1,3,1,0.3333333333333333,0.37648845
PKN3,3,1,0.3333333333333333,0.26350185
PLCZ1,3,1,0.3333333333333333,0.25085843
PLXNB2,3,1,0.3333333333333333,0.2647078
PNLIPRP3,3,1,0.3333333333333333,0.2573494
POLA2,3,1,0.3333333333333333,0.2675714
POLR3D,3,1,0.3333333333333333,0.35504222
POLR3G,3,1,0.3333333333333333,0.2533427
PPBP,3,1,0.3333333333333333,0.26130626
PPIG,3,1,0.3333333333333333,0.25081295
PPM1J,3,1,0.3333333333333333,0.37978324
PPP1CC,3,1,0.3333333333333333,0.26322496
PRAMEF4,3,1,0.3333333333333333,0.36955428
PRKAG1,3,1,0.3333333333333333,0.4603126
PRKAG2,3,1,0.3333333333333333,0.28362954
PRODH2,3,1,0.3333333333333333,0.4819475
PRPF38B,3,1,0.3333333333333333,0.42560717
PSMD3,3,1,0.3333333333333333,0.49292794
PSMG1,3,1,0.3333333333333333,0.35380092
PTCD1,3,1,0.3333333333333333,0.52443594
PTHLH,3,1,0.3333333333333333,0.28586337
PTPRE,3,1,0.3333333333333333,0.25840148
PYGB,3,1,0.3333333333333333,0.4816785
RAB39B,3,1,0.3333333333333333,0.25777906
RALBP1,3,1,0.3333333333333333,0.26288995
RAMP3,3,1,0.3333333333333333,0.5409465
RAPGEF3,3,1,0.3333333333333333,0.6805472
RASEF,3,1,0.3333333333333333,0.25194266
RBBP5,3,1,0.3333333333333333,0.25926498
RBM28,3,1,0.3333333333333333,0.25873846
RFTN1,3,1,0.3333333333333333,0.47379956
RGL3,3,1,0.3333333333333333,0.61964387
RHNO1,3,1,0.3333333333333333,0.26152056
RINT1,3,1,0.3333333333333333,0.41482726
RIPOR2,3,1,0.3333333333333333,0.2552978
RNF40,3,1,0.3333333333333333,0.4931086
RPA4,3,1,0.3333333333333333,0.25969774
RPL30,3,1,0.3333333333333333,0.69261736
RRAGB,3,1,0.3333333333333333,0.26074776
RSPRY1,3,1,0.3333333333333333,0.5732203
RTBDN,3,1,0.3333333333333333,0.40585172
RTCA,3,1,0.3333333333333333,0.44956133
RUNX1,3,1,0.3333333333333333,0.27494135
SBNO2,3,1,0.3333333333333333,0.25817785
SDAD1,3,1,0.3333333333333333,0.43261707
SEC14L4,3,1,0.3333333333333333,0.27536073
SEC23IP,3,1,0.3333333333333333,0.26083723
SEC24D,3,1,0.3333333333333333,0.36181667
SH2D3C,3,1,0.3333333333333333,0.2527609
SH3PXD2A,3,1,0.3333333333333333,0.25600034
SHANK1,3,1,0.3333333333333333,0.26382348
SIGLEC10,3,1,0.3333333333333333,0.65625393
SKIL,3,1,0.3333333333333333,0.25902697
SLA,3,1,0.3333333333333333,0.43168235
SLAMF7,3,1,0.3333333333333333,0.26135716
SLC12A9,3,1,0.3333333333333333,0.48344553
SLC13A1,3,1,0.3333333333333333,0.26301798
SLC22A7,3,1,0.3333333333333333,0.29526713
SLC36A3,3,1,0.3333333333333333,0.2569464
SLC38A1,3,1,0.3333333333333333,0.50675154
SLC39A8,3,1,0.3333333333333333,0.37309346
SLC5A3,3,1,0.3333333333333333,0.35390458
SLC7A10,3,1,0.3333333333333333,0.56250316
SLITRK3,3,1,0.3333333333333333,0.26046377
SMARCA5,3,1,0.3333333333333333,0.26259896
SMG5,3,1,0.3333333333333333,0.26959693
SMOC1,3,1,0.3333333333333333,0.2625014
SMYD2,3,1,0.3333333333333333,0.26335016
SNX29,3,1,0.3333333333333333,0.29493338
SOX6,3,1,0.3333333333333333,0.48942092
SPATS2L,3,1,0.3333333333333333,0.3159243
SSRP1,3,1,0.3333333333333333,0.37164307
SSTR3,3,1,0.3333333333333333,0.5030705
STAM2,3,1,0.3333333333333333,0.3196515
STARD3NL,3,1,0.3333333333333333,0.4735233
STK40,3,1,0.3333333333333333,0.50205106
STX3,3,1,0.3333333333333333,0.49543318
SULT1E1,3,1,0.3333333333333333,0.25504056
SUPT16H,3,1,0.3333333333333333,0.2632942
SURF4,3,1,0.3333333333333333,0.33777162
SUSD2,3,1,0.3333333333333333,0.25685897
SYNGR4,3,1,0.3333333333333333,0.41535887
TARS1,3,1,0.3333333333333333,0.25642684
TBC1D3B,3,1,0.3333333333333333,0.38681197
TBX6,3,1,0.3333333333333333,0.45294246
TECPR2,3,1,0.3333333333333333,0.26194718
TENT4A,3,1,0.3333333333333333,0.46958718
TEX101,3,1,0.3333333333333333,0.26482946
TEX29,3,1,0.3333333333333333,0.30789468
TFCP2,3,1,0.3333333333333333,0.47109517
THAP11,3,1,0.3333333333333333,0.2536237
TJAP1,3,1,0.3333333333333333,0.2601929
TM4SF1,3,1,0.3333333333333333,0.26027906
TM7SF2,3,1,0.3333333333333333,0.41740713
TMEFF2,3,1,0.3333333333333333,0.29850307
TMEM181,3,1,0.3333333333333333,0.43565777
TMEM200C,3,1,0.3333333333333333,0.4186772
TMEM38A,3,1,0.3333333333333333,0.2814275
TNFAIP8L3,3,1,0.3333333333333333,0.45141038
TNNI1,3,1,0.3333333333333333,0.2847222
TOPORS,3,1,0.3333333333333333,0.4983175
TRAF3IP2,3,1,0.3333333333333333,0.25558704
TRBV3-1,3,1,0.3333333333333333,0.34091818
TRIM59,3,1,0.3333333333333333,0.26245156
TRIM65,3,1,0.3333333333333333,0.2653192
TRPV3,3,1,0.3333333333333333,0.46500406
TSBP1,3,1,0.3333333333333333,0.38418278
TSSK6,3,1,0.3333333333333333,0.26233333
TTBK2,3,1,0.3333333333333333,0.25924715
TTPAL,3,1,0.3333333333333333,0.2816294
TTYH2,3,1,0.3333333333333333,0.35276398
USH1C,3,1,0.3333333333333333,0.25301304
USP14,3,1,0.3333333333333333,0.5064321
VAMP7,3,1,0.3333333333333333,0.25974932
VEPH1,3,1,0.3333333333333333,0.641489
VMP1,3,1,0.3333333333333333,0.26404342
VRK3,3,1,0.3333333333333333,0.26329422
VTCN1,3,1,0.3333333333333333,0.5091236
VWC2,3,1,0.3333333333333333,0.3697312
WAPL,3,1,0.3333333333333333,0.5068362
WDR38,3,1,0.3333333333333333,0.4024754
WDR45,3,1,0.3333333333333333,0.28499696
WDR47,3,1,0.3333333333333333,0.44921067
WDR5,3,1,0.3333333333333333,0.34938863
WDR59,3,1,0.3333333333333333,0.27472427
WIPF3,3,1,0.3333333333333333,0.25317755
WNT4,3,1,0.3333333333333333,0.4969194
XPA,3,1,0.3333333333333333,0.41938365
YARS2,3,1,0.3333333333333333,0.26322222
ZC3H7A,3,1,0.3333333333333333,0.49141356
ZFAND2B,3,1,0.3333333333333333,0.2588229
ZFP37,3,1,0.3333333333333333,0.49263704
ZFP90,3,1,0.3333333333333333,0.4936241
ZIC1,3,1,0.3333333333333333,0.29507625
ZMYM4,3,1,0.3333333333333333,0.4950521
ZNF189,3,1,0.3333333333333333,0.2558369
ZNF19,3,1,0.3333333333333333,0.49776372
ZNF3,3,1,0.3333333333333333,0.5597285
ZNF414,3,1,0.3333333333333333,0.45574296
ZNF578,3,1,0.3333333333333333,0.6283771
ZNF692,3,1,0.3333333333333333,0.2618081
ZNF76,3,1,0.3333333333333333,0.405699
ZNF79,3,1,0.3333333333333333,0.45516118
ZNF799,3,1,0.3333333333333333,0.5059554
ZSCAN18,3,1,0.3333333333333333,0.37918004
A2ML1,4,1,0.25,0.38232917
ABCC6,4,1,0.25,0.49416083
ACTBL2,4,1,0.25,0.33483
ACTL7A,4,1,0.25,0.21197814
ACVR1C,4,1,0.25,0.31405532
ADAM8,4,1,0.25,0.20892057
ADCY2,4,1,0.25,0.50811374
ADGRB2,4,1,0.25,0.19645764
ADH6,4,1,0.25,0.25949153
AGPAT4,4,1,0.25,0.20595379
AGT,4,1,0.25,0.27959
AJUBA,4,1,0.25,0.2499555
AKR1B10,4,1,0.25,0.4422884
AMY2A,4,1,0.25,0.6555268
ANAPC2,4,1,0.25,0.19239232
ANGEL2,4,1,0.25,0.2113831
ANKFN1,4,1,0.25,0.4006609
ANKRD28,4,1,0.25,0.18925278
ANO9,4,1,0.25,0.3849838
AP2A1,4,1,0.25,0.19602148
ARHGEF10,4,1,0.25,0.19766013
ARHGEF40,4,1,0.25,0.18952276
ARHGEF9,4,1,0.25,0.2607122
ARID2,4,1,0.25,0.2064815
ARNT2,4,1,0.25,0.18819532
ASAP1,4,1,0.25,0.19516043
ATP13A5,4,1,0.25,0.20210974
ATP6V0A1,4,1,0.25,0.3784618
BEST1,4,1,0.25,0.37717435
BICC1,4,1,0.25,0.5108063
BNIP1,4,1,0.25,0.34349638
BPIFB6,4,1,0.25,0.19407316
BTBD9,4,1,0.25,0.19838518
BUB1,4,1,0.25,0.19060603
C2CD5,4,1,0.25,0.1978229
CABYR,4,1,0.25,0.31654856
CAMK1D,4,1,0.25,0.1925047
CCDC59,4,1,0.25,0.3813371
CCDC6,4,1,0.25,0.5359829
CCDC66,4,1,0.25,0.3192073
CCL14,4,1,0.25,0.1903093
CCNF,4,1,0.25,0.19090272
CCT6B,4,1,0.25,0.5467652
CDH10,4,1,0.25,0.3210002
CDH13,4,1,0.25,0.19454247
CDK8,4,1,0.25,0.2257643
CEACAM5,4,1,0.25,0.38033095
CEBPZ,4,1,0.25,0.36387172
CEP164,4,1,0.25,0.5203942
CEP97,4,1,0.25,0.3438316
CES4A,4,1,0.25,0.2915074
CHAMP1,4,1,0.25,0.54190475
CHRNA4,4,1,0.25,0.20151863
CHST1,4,1,0.25,0.24939504
CHST5,4,1,0.25,0.21259786
CKAP5,4,1,0.25,0.1950261
CLCN4,4,1,0.25,0.2488599
CLDN18,4,1,0.25,0.19475305
CLU,4,1,0.25,0.2209646
CNTROB,4,1,0.25,0.38047975
COL10A1,4,1,0.25,0.23270644
COL9A3,4,1,0.25,0.20046434
COLGALT2,4,1,0.25,0.32618868
COPB2,4,1,0.25,0.35814178
COPG1,4,1,0.25,0.31154183
COPG2,4,1,0.25,0.20638044
CSNK2A1,4,1,0.25,0.336244
CSTF2,4,1,0.25,0.18960598
CSTF2T,4,1,0.25,0.19243461
CTSE,4,1,0.25,0.19828364
CTSS,4,1,0.25,0.19165967
CYP2E1,4,1,0.25,0.1963692
CYP3A4,4,1,0.25,0.2227652
CYP3A43,4,1,0.25,0.26479903
CYP4F2,4,1,0.25,0.25849393
DAGLA,4,1,0.25,0.24042639
DCLRE1B,4,1,0.25,0.19609305
DDX10,4,1,0.25,0.21245524
DENND4B,4,1,0.25,0.19373648
DGCR2,4,1,0.25,0.37229863
DHX40,4,1,0.25,0.43706268
DLGAP1,4,1,0.25,0.257077
DNA2,4,1,0.25,0.24252622
DNHD1,4,1,0.25,0.19156529
DNMT3B,4,1,0.25,0.19785778
DTX4,4,1,0.25,0.19452703
EEA1,4,1,0.25,0.19634134
EEF1AKMT4-ECE2,4,1,0.25,0.4213546
EHBP1,4,1,0.25,0.22313689
ELP1,4,1,0.25,0.1898141
ERMN,4,1,0.25,0.26529834
ETFDH,4,1,0.25,0.19267277
F10,4,1,0.25,0.48809206
FABP5P3,4,1,0.25,0.20129442
FAIM2,4,1,0.25,0.36407042
FAM13B,4,1,0.25,0.19396935
FAM214B,4,1,0.25,0.32514563
FBP1,4,1,0.25,0.5171857
FDPS,4,1,0.25,0.18778451
FGD4,4,1,0.25,0.19746818
FLI1,4,1,0.25,0.323917
FOLH1,4,1,0.25,0.1891436
FZD6,4,1,0.25,0.37628675
GAB2,4,1,0.25,0.19126892
GALNT5,4,1,0.25,0.3762186
GBGT1,4,1,0.25,0.24012756
GBP4,4,1,0.25,0.19790877
GBX1,4,1,0.25,0.35268825
GCK,4,1,0.25,0.25581113
GIPC1,4,1,0.25,0.53815013
GLYCTK,4,1,0.25,0.27033696
GNPAT,4,1,0.25,0.3740775
GPR20,4,1,0.25,0.34690514
GPR87,4,1,0.25,0.2568624
GPS1,4,1,0.25,0.22821015
GRAMD4,4,1,0.25,0.1948631
GRB10,4,1,0.25,0.5313494
GRK4,4,1,0.25,0.3717255
HMGCR,4,1,0.25,0.3867047
HMGCS1,4,1,0.25,0.1967217
HPN,4,1,0.25,0.36449492
HPS6,4,1,0.25,0.4660774
HS3ST3A1,4,1,0.25,0.2666393
HSF2,4,1,0.25,0.19472608
IGHV1OR21-1,4,1,0.25,0.30215392
IL2RA,4,1,0.25,0.34768465
INPP5J,4,1,0.25,0.18866976
INTS7,4,1,0.25,0.2401821
IQUB,4,1,0.25,0.23160721
IRF2,4,1,0.25,0.1929291
ITCH,4,1,0.25,0.21243583
JAKMIP2,4,1,0.25,0.28089258
KBTBD2,4,1,0.25,0.5290685
KCNA1,4,1,0.25,0.46445736
KCNA7,4,1,0.25,0.2010535
KCNC4,4,1,0.25,0.20176789
KCNK9,4,1,0.25,0.34499112
KCNS1,4,1,0.25,0.19620104
KCNS3,4,1,0.25,0.19180612
KCNV2,4,1,0.25,0.19432174
KIF13A,4,1,0.25,0.4036352
LBP,4,1,0.25,0.37021816
LGALS12,4,1,0.25,0.19674112
LGALS14,4,1,0.25,0.38119668
LGI3,4,1,0.25,0.19028328
LIN54,4,1,0.25,0.35366297
LINGO1,4,1,0.25,0.19531432
LIPI,4,1,0.25,0.50356776
LPP,4,1,0.25,0.19435911
LRRC37A3,4,1,0.25,0.2956037
MAEL,4,1,0.25,0.32400545
MARCHF6,4,1,0.25,0.42474118
MATN2,4,1,0.25,0.18971919
MBTPS1,4,1,0.25,0.2158899
MCCC1,4,1,0.25,0.3665882
MCM8,4,1,0.25,0.38334024
MFN1,4,1,0.25,0.3703156
MIDEAS,4,1,0.25,0.3790307
MIER3,4,1,0.25,0.37735805
MOB3B,4,1,0.25,0.19128281
MROH7,4,1,0.25,0.19823031
MS4A5,4,1,0.25,0.32495272
MTMR2,4,1,0.25,0.44175038
MVP,4,1,0.25,0.37915215
MYCBPAP,4,1,0.25,0.47288364
MYH10,4,1,0.25,0.19673392
MYOC,4,1,0.25,0.3288673
NBPF25P,4,1,0.25,0.5627961
NEFM,4,1,0.25,0.1971023
NES,4,1,0.25,0.6491282
NMRK2,4,1,0.25,0.19554742
NOL4,4,1,0.25,0.19347672
NPEPPS,4,1,0.25,0.23223671
NPR1,4,1,0.25,0.19872598
NUP214,4,1,0.25,0.19948485
NXPH4,4,1,0.25,0.1908325
OCIAD2,4,1,0.25,0.38721317
OR10AD1,4,1,0.25,0.3621081
OR10H1,4,1,0.25,0.49840802
OR2L13,4,1,0.25,0.19814597
OR52E8,4,1,0.25,0.442365
OR52N1,4,1,0.25,0.22083154
OTULIN,4,1,0.25,0.6485748
PABPC3,4,1,0.25,0.19125864
PAFAH2,4,1,0.25,0.19570003
PAPOLA,4,1,0.25,0.193009
PCMTD1,4,1,0.25,0.2634374
PCYT1A,4,1,0.25,0.5510057
PEX5L,4,1,0.25,0.24006249
PFKM,4,1,0.25,0.19075722
PHKB,4,1,0.25,0.23169686
PIK3CD,4,1,0.25,0.4617427
PKLR,4,1,0.25,0.32632196
PLAGL2,4,1,0.25,0.19706686
PLEKHA5,4,1,0.25,0.18812391
PLEKHS1,4,1,0.25,0.19233802
PLIN2,4,1,0.25,0.19224359
PLK4,4,1,0.25,0.30008772
POLR3B,4,1,0.25,0.19461794
PON3,4,1,0.25,0.36308864
POP1,4,1,0.25,0.19812249
PPFIBP1,4,1,0.25,0.19174227
PPIL2,4,1,0.25,0.19591989
PPIP5K2,4,1,0.25,0.24219719
PRKACG,4,1,0.25,0.18940353
PRSS12,4,1,0.25,0.32007936
PSD2,4,1,0.25,0.50103104
PSG9,4,1,0.25,0.19262132
PTGER3,4,1,0.25,0.196575
PTPN14,4,1,0.25,0.19737642
PTPN4,4,1,0.25,0.18884103
PYROXD2,4,1,0.25,0.20493476
RAB11FIP5,4,1,0.25,0.27083725
RABEP2,4,1,0.25,0.5430475
RALGPS2,4,1,0.25,0.1960746
RASGRP2,4,1,0.25,0.24613103
RC3H1,4,1,0.25,0.2662846
RDH8,4,1,0.25,0.19483387
RERGL,4,1,0.25,0.45974898
RHBDF2,4,1,0.25,0.22168612
RIC8A,4,1,0.25,0.18977374
RNF20,4,1,0.25,0.2788072
RNF220,4,1,0.25,0.19227198
RSBN1,4,1,0.25,0.29709575
RTEL1,4,1,0.25,0.3959669
SART3,4,1,0.25,0.27799788
SBF2,4,1,0.25,0.33209065
SERPINA12,4,1,0.25,0.1882051
SERPINB1,4,1,0.25,0.19830473
SERPINB11,4,1,0.25,0.2118269
SERPINC1,4,1,0.25,0.18930422
SGCZ,4,1,0.25,0.38418835
SHTN1,4,1,0.25,0.2464489
SIGLEC5,4,1,0.25,0.33355725
SLC10A4,4,1,0.25,0.19683263
SLC18A3,4,1,0.25,0.21620634
SLC20A2,4,1,0.25,0.26839802
SLC25A11,4,1,0.25,0.26761308
SLC26A11,4,1,0.25,0.19618948
SLC44A1,4,1,0.25,0.20680815
SLC7A13,4,1,0.25,0.35274714
SLC7A3,4,1,0.25,0.1881545
SND1,4,1,0.25,0.1998033
SNX9,4,1,0.25,0.24787036
SOGA3,4,1,0.25,0.19340011
SPATA17,4,1,0.25,0.27095622
SPATA22,4,1,0.25,0.3601402
SSC4D,4,1,0.25,0.22593315
STAT6,4,1,0.25,0.19507524
STKLD1,4,1,0.25,0.20911293
SUGP1,4,1,0.25,0.3315903
SULT1C2,4,1,0.25,0.19597232
SYT12,4,1,0.25,0.2017777
SYT4,4,1,0.25,0.29671937
TAF1B,4,1,0.25,0.28788674
TAOK1,4,1,0.25,0.3229998
TAPT1,4,1,0.25,0.48576492
TAS2R1,4,1,0.25,0.31644085
TAS2R9,4,1,0.25,0.35470906
TAX1BP1,4,1,0.25,0.19819511
TBX21,4,1,0.25,0.19488658
TCF12,4,1,0.25,0.19088657
THNSL2,4,1,0.25,0.22643423
THRAP3,4,1,0.25,0.50798297
TLE2,4,1,0.25,0.49676952
TMEM217,4,1,0.25,0.19638714
TOP1MT,4,1,0.25,0.52066433
TOX,4,1,0.25,0.24848157
TPCN1,4,1,0.25,0.30240148
TRA2A,4,1,0.25,0.44165307
TRAF1,4,1,0.25,0.32421145
TRAPPC9,4,1,0.25,0.45919168
TRIM3,4,1,0.25,0.21959999
TRIP10,4,1,0.25,0.31207466
TSGA13,4,1,0.25,0.2982039
TTC16,4,1,0.25,0.26090994
TTC26,4,1,0.25,0.48485318
TTC6,4,1,0.25,0.37508497
TTLL7,4,1,0.25,0.21654133
TUBB1,4,1,0.25,0.4987862
TYRO3,4,1,0.25,0.3778621
TYRP1,4,1,0.25,0.46508557
UBA6,4,1,0.25,0.21705559
UBASH3B,4,1,0.25,0.2618954
UNC5A,4,1,0.25,0.46787417
USP22,4,1,0.25,0.43229306
USP47,4,1,0.25,0.22085331
VCL,4,1,0.25,0.34530014
WASHC2A,4,1,0.25,0.19316994
WDR86,4,1,0.25,0.19760399
XPNPEP1,4,1,0.25,0.20490965
ZC3H3,4,1,0.25,0.19498582
ZMYND11,4,1,0.25,0.19154607
ZMYND8,4,1,0.25,0.48433304
ZNF182,4,1,0.25,0.32806516
ZNF266,4,1,0.25,0.19187333
ZNF267,4,1,0.25,0.5248516
ZNF274,4,1,0.25,0.39092153
ZNF280A,4,1,0.25,0.19722739
ZNF285,4,1,0.25,0.3291263
ZNF330,4,1,0.25,0.33561787
ZNF418,4,1,0.25,0.4388675
ZNF483,4,1,0.25,0.19851582
ZNF491,4,1,0.25,0.22083738
ZNF540,4,1,0.25,0.30958876
ZNF544,4,1,0.25,0.43327692
ZNF556,4,1,0.25,0.5564963
ZNF668,4,1,0.25,0.33705482
ZNF680,4,1,0.25,0.28649712
ZNF721,4,1,0.25,0.2595999
ZNF835,4,1,0.25,0.37017274
ZNF862,4,1,0.25,0.27095413
ZSCAN10,4,1,0.25,0.18754505
AC006059.2,5,1,0.2,0.18933144
AC073310.1,5,1,0.2,0.28176504
AC092718.9,5,1,0.2,0.1539207
ACADM,5,1,0.2,0.2969401
ACP7,5,1,0.2,0.44040003
ACTL8,5,1,0.2,0.16669539
ACTL9,5,1,0.2,0.29446003
ADAMTS15,5,1,0.2,0.15202722
ADAMTS17,5,1,0.2,0.15408127
ADAMTSL2,5,1,0.2,0.5092588
ADCK1,5,1,0.2,0.29250962
ADGRG6,5,1,0.2,0.30935794
AGL,5,1,0.2,0.38458142
AGXT2,5,1,0.2,0.2804338
AHSA1,5,1,0.2,0.28613853
AIDA,5,1,0.2,0.29409665
ALDH1A2,5,1,0.2,0.28729588
ALDH1L1,5,1,0.2,0.20130858
ALK,5,1,0.2,0.2820844
AMBRA1,5,1,0.2,0.16449836
ARMCX2,5,1,0.2,0.15736644
ARSL,5,1,0.2,0.4047408
ATF7IP2,5,1,0.2,0.1542608
ATG2B,5,1,0.2,0.3125259
ATXN2L,5,1,0.2,0.15696731
BCL2L13,5,1,0.2,0.2832768
BICD1,5,1,0.2,0.27413854
BMP2K,5,1,0.2,0.2644932
BPIFC,5,1,0.2,0.15612538
BRINP3,5,1,0.2,0.30161667
BRPF3,5,1,0.2,0.15702909
CACNA2D2,5,1,0.2,0.17366986
CAST,5,1,0.2,0.43513745
CCDC125,5,1,0.2,0.32125857
CCDC171,5,1,0.2,0.15673317
CCDC180,5,1,0.2,0.26349872
CCNT2,5,1,0.2,0.26022473
CD5,5,1,0.2,0.23492908
CD86,5,1,0.2,0.20229428
CDHR5,5,1,0.2,0.30057263
CENPU,5,1,0.2,0.30299768
CEP95,5,1,0.2,0.15842812
CFAP91,5,1,0.2,0.23341446
CHRND,5,1,0.2,0.17484619
CLCN3,5,1,0.2,0.38168082
CLINT1,5,1,0.2,0.57162726
CLSPN,5,1,0.2,0.2956811
CNGA2,5,1,0.2,0.15113243
CNTNAP3,5,1,0.2,0.28593063
CPA1,5,1,0.2,0.15910119
CRISP3,5,1,0.2,0.29998484
CUL5,5,1,0.2,0.24039479
CYP17A1,5,1,0.2,0.22218421
DAGLB,5,1,0.2,0.2345937
DCST1,5,1,0.2,0.32514748
DDX17,5,1,0.2,0.36191756
DENND1A,5,1,0.2,0.2673356
DENND4A,5,1,0.2,0.16109966
DGKZ,5,1,0.2,0.23326573
DHX36,5,1,0.2,0.26809055
DKK2,5,1,0.2,0.16005835
DLGAP4,5,1,0.2,0.44762063
DNAJC28,5,1,0.2,0.36853632
DOP1B,5,1,0.2,0.15978889
DPPA4,5,1,0.2,0.16323325
DVL1,5,1,0.2,0.15638994
EEF1A2,5,1,0.2,0.15850069
EEF2,5,1,0.2,0.38157353
ELOVL7,5,1,0.2,0.17623846
ESRP2,5,1,0.2,0.25316915
EVA1A,5,1,0.2,0.16085158
EXT2,5,1,0.2,0.3022056
FAN1,5,1,0.2,0.2069597
FANCA,5,1,0.2,0.3273257
FASTKD1,5,1,0.2,0.17626591
FBXW7,5,1,0.2,0.2136995
FGFR1,5,1,0.2,0.2952956
FKBP6,5,1,0.2,0.22917008
FMO3,5,1,0.2,0.42879432
FOXJ2,5,1,0.2,0.18914464
FZD1,5,1,0.2,0.27265123
FZD9,5,1,0.2,0.27163124
GALNT10,5,1,0.2,0.1551833
GANAB,5,1,0.2,0.2783146
GATM,5,1,0.2,0.15715036
GCNT3,5,1,0.2,0.15091297
GDF3,5,1,0.2,0.45951456
GDF9,5,1,0.2,0.1879813
GIMAP1,5,1,0.2,0.3076909
GJA1,5,1,0.2,0.15729861
GLYR1,5,1,0.2,0.2152066
GPI,5,1,0.2,0.20992132
GRAMD2B,5,1,0.2,0.23841994
GSDMB,5,1,0.2,0.31107193
HEMGN,5,1,0.2,0.27206665
HGSNAT,5,1,0.2,0.1579118
HPS5,5,1,0.2,0.19915791
HRH2,5,1,0.2,0.15463012
HS3ST1,5,1,0.2,0.15603696
HSPA6,5,1,0.2,0.15947467
HTT,5,1,0.2,0.35393056
IGHG3,5,1,0.2,0.17543253
IGSF9B,5,1,0.2,0.2990289
INHBA,5,1,0.2,0.5386951
INPP5F,5,1,0.2,0.45652705
IPO11,5,1,0.2,0.29964858
JAKMIP3,5,1,0.2,0.28186446
KANK4,5,1,0.2,0.15128615
KARS1,5,1,0.2,0.3723489
KBTBD3,5,1,0.2,0.3292771
KCNA5,5,1,0.2,0.15607977
KDM4B,5,1,0.2,0.16053715
KLHL3,5,1,0.2,0.36814088
KLK6,5,1,0.2,0.15275088
KRT37,5,1,0.2,0.15783484
KRT4,5,1,0.2,0.38807493
KRT8,5,1,0.2,0.1807377
KRTAP10-7,5,1,0.2,0.396771
LATS1,5,1,0.2,0.1572734
LMLN,5,1,0.2,0.15282091
LMO7,5,1,0.2,0.29712054
LRIG1,5,1,0.2,0.15147185
LRRC31,5,1,0.2,0.15348768
LSMEM1,5,1,0.2,0.28047517
MASP1,5,1,0.2,0.20824845
MECR,5,1,0.2,0.17273034
MFAP1,5,1,0.2,0.23971143
MMEL1,5,1,0.2,0.4093595
MS4A1,5,1,0.2,0.3236926
MS4A7,5,1,0.2,0.17784338
MUC6,5,1,0.2,0.18930262
MYO19,5,1,0.2,0.18376815
MYPN,5,1,0.2,0.15691552
NCOR2,5,1,0.2,0.15135133
NDST1,5,1,0.2,0.15923508
NEK1,5,1,0.2,0.15416901
NEU2,5,1,0.2,0.25587514
NOM1,5,1,0.2,0.30042648
NPR2,5,1,0.2,0.15787503
NSUN2,5,1,0.2,0.3037971
NUP160,5,1,0.2,0.2586577
OOEP,5,1,0.2,0.2381269
OR13C9,5,1,0.2,0.15251966
OR1J1,5,1,0.2,0.15411425
OR2G2,5,1,0.2,0.29882982
OR4C15,5,1,0.2,0.26859367
OR5B17,5,1,0.2,0.29768592
OR5L1,5,1,0.2,0.416609
PDLIM5,5,1,0.2,0.15482166
PEAR1,5,1,0.2,0.15700333
PGBD2,5,1,0.2,0.15825726
PIGK,5,1,0.2,0.2701755
PIGO,5,1,0.2,0.28645796
PIGR,5,1,0.2,0.2990724
PIK3C2A,5,1,0.2,0.35799047
PIWIL2,5,1,0.2,0.43765622
PLCH2,5,1,0.2,0.2125953
PLEKHG7,5,1,0.2,0.15831001
PLXND1,5,1,0.2,0.15748847
PPP1R12C,5,1,0.2,0.26125106
PPP2R3A,5,1,0.2,0.29765758
PPP2R5B,5,1,0.2,0.16264664
PPP6R3,5,1,0.2,0.29822323
PRKCA,5,1,0.2,0.1546579
PRMT7,5,1,0.2,0.32446253
PRPF6,5,1,0.2,0.19061694
PSMB11,5,1,0.2,0.1520175
PSMC4,5,1,0.2,0.32085267
PTPN6,5,1,0.2,0.26163775
QTRT1,5,1,0.2,0.17395677
RAD50,5,1,0.2,0.16048943
RAG2,5,1,0.2,0.15025601
RAPGEF1,5,1,0.2,0.25835082
RBBP8,5,1,0.2,0.15716848
RBM10,5,1,0.2,0.1556135
RBM12,5,1,0.2,0.3585016
RBPJL,5,1,0.2,0.40755683
RGL4,5,1,0.2,0.15268824
RPH3A,5,1,0.2,0.16965613
RPS6KA1,5,1,0.2,0.1694021
RRP1B,5,1,0.2,0.16462299
RTN1,5,1,0.2,0.41506186
RUNX2,5,1,0.2,0.23724039
RXFP2,5,1,0.2,0.15158418
SCUBE1,5,1,0.2,0.17907284
SCYL1,5,1,0.2,0.16320813
SCYL2,5,1,0.2,0.24367547
SENP5,5,1,0.2,0.47554398
SERPINB5,5,1,0.2,0.31543884
SERPINB7,5,1,0.2,0.15217671
SETDB1,5,1,0.2,0.223577
SETX,5,1,0.2,0.39101416
SFI1,5,1,0.2,0.29110223
SLAMF6,5,1,0.2,0.15623215
SLC4A7,5,1,0.2,0.18834692
SLC5A12,5,1,0.2,0.15583488
SLK,5,1,0.2,0.15552624
SNAP47,5,1,0.2,0.29965812
SPAG9,5,1,0.2,0.38476676
SPATA5,5,1,0.2,0.15741864
SRBD1,5,1,0.2,0.16481552
STAT2,5,1,0.2,0.2010741
STK10,5,1,0.2,0.29781365
SUSD1,5,1,0.2,0.28268704
SUSD5,5,1,0.2,0.2921492
TAOK3,5,1,0.2,0.16896154
TDRD1,5,1,0.2,0.34233174
TIGD2,5,1,0.2,0.1528484
TP53BP1,5,1,0.2,0.1680362
TRABD2A,5,1,0.2,0.15258685
TREML2,5,1,0.2,0.18671428
TRIM2,5,1,0.2,0.1570963
TRIM36,5,1,0.2,0.19849029
TRPM5,5,1,0.2,0.15564282
TRPV4,5,1,0.2,0.16044137
TSKS,5,1,0.2,0.30976436
TTLL2,5,1,0.2,0.24554518
TUSC3,5,1,0.2,0.29941803
TYW1,5,1,0.2,0.16287063
UBA7,5,1,0.2,0.46768397
UBXN11,5,1,0.2,0.1505874
UGT2B15,5,1,0.2,0.15782382
UNC13B,5,1,0.2,0.45719308
UNC45A,5,1,0.2,0.17571753
USP19,5,1,0.2,0.39296272
USP7,5,1,0.2,0.47920957
VIL1,5,1,0.2,0.17698593
XKR7,5,1,0.2,0.19329435
XPOT,5,1,0.2,0.1623548
ZDHHC18,5,1,0.2,0.1578209
ZHX1,5,1,0.2,0.40642133
ZMIZ2,5,1,0.2,0.4172224
ZMYND15,5,1,0.2,0.28364104
ZNF107,5,1,0.2,0.30693743
ZNF136,5,1,0.2,0.18609726
ZNF217,5,1,0.2,0.3142976
ZNF248,5,1,0.2,0.28134722
ZNF354A,5,1,0.2,0.49064058
ZNF479,5,1,0.2,0.32106328
ZNF48,5,1,0.2,0.15814243
ZNF528,5,1,0.2,0.18775508
ZNF586,5,1,0.2,0.3007099
ZNF595,5,1,0.2,0.2173548
ZNF7,5,1,0.2,0.481291
ZNF701,5,1,0.2,0.23546574
AADACL4,6,1,0.16666666666666666,0.13325155
ABCC3,6,1,0.16666666666666666,0.13616107
ABCD2,6,1,0.16666666666666666,0.25134015
ABCD3,6,1,0.16666666666666666,0.3653529
ABR,6,1,0.16666666666666666,0.13905872
AC024940.1,6,1,0.16666666666666666,0.5386577
AC126283.2,6,1,0.16666666666666666,0.24507727
ACSS3,6,1,0.16666666666666666,0.23338556
AL353804.4,6,1,0.16666666666666666,0.13556822
ALDH6A1,6,1,0.16666666666666666,0.2506989
AMDHD1,6,1,0.16666666666666666,0.21727882
ANKRD50,6,1,0.16666666666666666,0.20537801
ANKRD52,6,1,0.16666666666666666,0.28761095
AP3B1,6,1,0.16666666666666666,0.20906276
ARHGAP45,6,1,0.16666666666666666,0.13493887
ATP13A4,6,1,0.16666666666666666,0.1264803
ATP2A1,6,1,0.16666666666666666,0.13097821
ATP7A,6,1,0.16666666666666666,0.13764249
CARD14,6,1,0.16666666666666666,0.23788388
CASP8AP2,6,1,0.16666666666666666,0.16962521
CBLB,6,1,0.16666666666666666,0.1948427
CBY2,6,1,0.16666666666666666,0.16386105
CCDC144A,6,1,0.16666666666666666,0.34324852
CCDC63,6,1,0.16666666666666666,0.21801376
CCIN,6,1,0.16666666666666666,0.24925601
CHP2,6,1,0.16666666666666666,0.4159988
CIC,6,1,0.16666666666666666,0.35839382
CNNM2,6,1,0.16666666666666666,0.22431855
CNTLN,6,1,0.16666666666666666,0.17014344
COG6,6,1,0.16666666666666666,0.13165651
CRB2,6,1,0.16666666666666666,0.35365164
CSPG4,6,1,0.16666666666666666,0.21339345
CYP11B2,6,1,0.16666666666666666,0.20933197
CYP4A22,6,1,0.16666666666666666,0.32098344
DCN,6,1,0.16666666666666666,0.12966709
DHX32,6,1,0.16666666666666666,0.30403394
DMBX1,6,1,0.16666666666666666,0.12626612
DMXL1,6,1,0.16666666666666666,0.24522024
DNAJC6,6,1,0.16666666666666666,0.26799142
DSE,6,1,0.16666666666666666,0.22600973
DYRK2,6,1,0.16666666666666666,0.1984079
E2F7,6,1,0.16666666666666666,0.23225151
EHMT2,6,1,0.16666666666666666,0.24112232
ELAPOR2,6,1,0.16666666666666666,0.2521998
ELOA2,6,1,0.16666666666666666,0.19630766
EPHA7,6,1,0.16666666666666666,0.13229306
EXOSC10,6,1,0.16666666666666666,0.14393307
FADS6,6,1,0.16666666666666666,0.35330358
FAM83G,6,1,0.16666666666666666,0.13154499
FAM91A1,6,1,0.16666666666666666,0.13522595
FGD6,6,1,0.16666666666666666,0.22997886
FMN2,6,1,0.16666666666666666,0.21078564
FMNL1,6,1,0.16666666666666666,0.13418679
FST,6,1,0.16666666666666666,0.17512947
FUT1,6,1,0.16666666666666666,0.1386313
GEM,6,1,0.16666666666666666,0.24952824
GLS,6,1,0.16666666666666666,0.21267013
GLUD2,6,1,0.16666666666666666,0.23305923
GPLD1,6,1,0.16666666666666666,0.18768643
GPR132,6,1,0.16666666666666666,0.1301954
GPRC6A,6,1,0.16666666666666666,0.311891
GRID1,6,1,0.16666666666666666,0.20781599
GTPBP3,6,1,0.16666666666666666,0.3240695
HHIP,6,1,0.16666666666666666,0.18556012
INSR,6,1,0.16666666666666666,0.19135602
IRAG1,6,1,0.16666666666666666,0.16697788
ITGA2,6,1,0.16666666666666666,0.2507706
ITGA3,6,1,0.16666666666666666,0.12916233
JADE3,6,1,0.16666666666666666,0.27828547
KCNH6,6,1,0.16666666666666666,0.2467402
KDM3B,6,1,0.16666666666666666,0.25476834
KDM4D,6,1,0.16666666666666666,0.2069164
KIAA0232,6,1,0.16666666666666666,0.15422796
KIAA1522,6,1,0.16666666666666666,0.2765697
KIF14,6,1,0.16666666666666666,0.23887683
KIF18A,6,1,0.16666666666666666,0.23417342
KIF27,6,1,0.16666666666666666,0.25860056
KLHL1,6,1,0.16666666666666666,0.12761529
KLK4,6,1,0.16666666666666666,0.13169843
KRT23,6,1,0.16666666666666666,0.25048402
L3MBTL1,6,1,0.16666666666666666,0.17670728
LHCGR,6,1,0.16666666666666666,0.13454884
LLGL2,6,1,0.16666666666666666,0.22040097
LRP12,6,1,0.16666666666666666,0.13849519
LRP4,6,1,0.16666666666666666,0.18973799
LRWD1,6,1,0.16666666666666666,0.29955888
LUZP1,6,1,0.16666666666666666,0.45729828
LVRN,6,1,0.16666666666666666,0.24127118
MAP3K15,6,1,0.16666666666666666,0.12932123
MAPK8IP1,6,1,0.16666666666666666,0.21395145
MC4R,6,1,0.16666666666666666,0.2855103
MFSD6L,6,1,0.16666666666666666,0.14404592
MLXIPL,6,1,0.16666666666666666,0.25507244
MPP3,6,1,0.16666666666666666,0.25455305
MRGPRX3,6,1,0.16666666666666666,0.13037623
MSR1,6,1,0.16666666666666666,0.22866124
MYO1E,6,1,0.16666666666666666,0.25570264
NCL,6,1,0.16666666666666666,0.17777644
NEXN,6,1,0.16666666666666666,0.5128892
NFAT5,6,1,0.16666666666666666,0.4480988
NFATC1,6,1,0.16666666666666666,0.25262663
NLGN1,6,1,0.16666666666666666,0.25834477
NPHP1,6,1,0.16666666666666666,0.13596453
NR1H4,6,1,0.16666666666666666,0.1728394
NRIP1,6,1,0.16666666666666666,0.24691613
NTNG2,6,1,0.16666666666666666,0.1330347
NXPE3,6,1,0.16666666666666666,0.31745735
OPHN1,6,1,0.16666666666666666,0.23853469
OPRK1,6,1,0.16666666666666666,0.26235232
OR13G1,6,1,0.16666666666666666,0.25451154
OR1N1,6,1,0.16666666666666666,0.33537915
OR2AG1,6,1,0.16666666666666666,0.23119424
OR2M2,6,1,0.16666666666666666,0.19572918
OR3A4P,6,1,0.16666666666666666,0.21651334
OR4K15,6,1,0.16666666666666666,0.34564885
OR51A2,6,1,0.16666666666666666,0.29684064
OR5D16,6,1,0.16666666666666666,0.13027915
OR6M1,6,1,0.16666666666666666,0.12757008
OR7A17,6,1,0.16666666666666666,0.16992317
OR8H1,6,1,0.16666666666666666,0.24237703
OR9K2,6,1,0.16666666666666666,0.2772309
P2RY10,6,1,0.16666666666666666,0.47455764
P4HA2,6,1,0.16666666666666666,0.24918306
PCDHB10,6,1,0.16666666666666666,0.4096048
PCDHB12,6,1,0.16666666666666666,0.12937647
PCDHGA9,6,1,0.16666666666666666,0.13165554
PDE7A,6,1,0.16666666666666666,0.30523562
PFKFB4,6,1,0.16666666666666666,0.12998843
PIK3C2B,6,1,0.16666666666666666,0.18868636
PIK3R6,6,1,0.16666666666666666,0.1549543
PIWIL4,6,1,0.16666666666666666,0.14202419
PKN2,6,1,0.16666666666666666,0.36775067
PLEKHA7,6,1,0.16666666666666666,0.31097156
PLXNC1,6,1,0.16666666666666666,0.1345181
PRICKLE3,6,1,0.16666666666666666,0.24692301
PRKCE,6,1,0.16666666666666666,0.25403127
PTGER4,6,1,0.16666666666666666,0.24194793
PTPRR,6,1,0.16666666666666666,0.19401509
RADX,6,1,0.16666666666666666,0.14494416
RANBP6,6,1,0.16666666666666666,0.12822133
REN,6,1,0.16666666666666666,0.24449599
RHAG,6,1,0.16666666666666666,0.13210233
RHOBTB3,6,1,0.16666666666666666,0.15664281
ROR2,6,1,0.16666666666666666,0.2187957
RPS5,6,1,0.16666666666666666,0.51529104
RPTN,6,1,0.16666666666666666,0.1666172
RTKN2,6,1,0.16666666666666666,0.132084
RXRA,6,1,0.16666666666666666,0.17691356
SCAF4,6,1,0.16666666666666666,0.18056653
SCNN1B,6,1,0.16666666666666666,0.2623315
SEC23B,6,1,0.16666666666666666,0.25586614
SERPINB12,6,1,0.16666666666666666,0.26696143
SH3BP4,6,1,0.16666666666666666,0.13031353
SHKBP1,6,1,0.16666666666666666,0.32852185
SLC13A3,6,1,0.16666666666666666,0.1319191
SLC6A17,6,1,0.16666666666666666,0.13201831
SLCO1B3,6,1,0.16666666666666666,0.18001287
SLU7,6,1,0.16666666666666666,0.13412099
SMCHD1,6,1,0.16666666666666666,0.2381214
SNX13,6,1,0.16666666666666666,0.17808117
SNX18,6,1,0.16666666666666666,0.3678579
SNX25,6,1,0.16666666666666666,0.12848869
SPAG4,6,1,0.16666666666666666,0.1453211
SPTBN5,6,1,0.16666666666666666,0.1266147
STXBP5,6,1,0.16666666666666666,0.13186298
SULF1,6,1,0.16666666666666666,0.30382174
SUN3,6,1,0.16666666666666666,0.49267617
SV2A,6,1,0.16666666666666666,0.29250756
TANC2,6,1,0.16666666666666666,0.19503434
TIE1,6,1,0.16666666666666666,0.13264649
TIPARP,6,1,0.16666666666666666,0.31352267
TLR10,6,1,0.16666666666666666,0.31724358
TMCO4,6,1,0.16666666666666666,0.23690939
TMEM241,6,1,0.16666666666666666,0.46804366
TRIM58,6,1,0.16666666666666666,0.23665941
TSPAN9,6,1,0.16666666666666666,0.20853968
TXNDC2,6,1,0.16666666666666666,0.36362255
UACA,6,1,0.16666666666666666,0.31548083
USP20,6,1,0.16666666666666666,0.13166627
USP32,6,1,0.16666666666666666,0.21725732
USP35,6,1,0.16666666666666666,0.13123012
USP5,6,1,0.16666666666666666,0.12707113
USP53,6,1,0.16666666666666666,0.16393875
VIPR2,6,1,0.16666666666666666,0.13022186
VPS16,6,1,0.16666666666666666,0.29078957
VWA3B,6,1,0.16666666666666666,0.29421785
XYLB,6,1,0.16666666666666666,0.18264018
ZGRF1,6,1,0.16666666666666666,0.26924494
ZHX2,6,1,0.16666666666666666,0.37859347
ZHX3,6,1,0.16666666666666666,0.22689272
ZNF106,6,1,0.16666666666666666,0.25077692
ZNF197,6,1,0.16666666666666666,0.22254597
ZNF426,6,1,0.16666666666666666,0.32784238
ZNF470,6,1,0.16666666666666666,0.47791767
ZNF605,6,1,0.16666666666666666,0.22880675
ZNF626,6,1,0.16666666666666666,0.13077673
ABCA6,7,1,0.14285714285714285,0.1204598
ABI2,7,1,0.14285714285714285,0.11869989
ACSM2B,7,1,0.14285714285714285,0.32624048
ADAMTS10,7,1,0.14285714285714285,0.3050848
AKAP10,7,1,0.14285714285714285,0.31925416
AL645922.1,7,1,0.14285714285714285,0.14829233
AMPH,7,1,0.14285714285714285,0.40702862
ANKRD13B,7,1,0.14285714285714285,0.11043589
ANKS6,7,1,0.14285714285714285,0.40192395
ARSD,7,1,0.14285714285714285,0.10737071
ATF7IP,7,1,0.14285714285714285,0.1844805
BCAM,7,1,0.14285714285714285,0.111113966
BFSP1,7,1,0.14285714285714285,0.19201338
C12orf40,7,1,0.14285714285714285,0.30082577
CARMIL1,7,1,0.14285714285714285,0.29524723
CCDC85A,7,1,0.14285714285714285,0.21901655
CCDC87,7,1,0.14285714285714285,0.19707696
CD101,7,1,0.14285714285714285,0.19979118
CDHR1,7,1,0.14285714285714285,0.29606655
CDHR2,7,1,0.14285714285714285,0.34455517
CEP70,7,1,0.14285714285714285,0.210049
CLDN14,7,1,0.14285714285714285,0.19352469
CPXM2,7,1,0.14285714285714285,0.29854158
CYP7B1,7,1,0.14285714285714285,0.22909941
DAO,7,1,0.14285714285714285,0.115706444
DCAF8L1,7,1,0.14285714285714285,0.21373346
DHX16,7,1,0.14285714285714285,0.21401402
DKC1,7,1,0.14285714285714285,0.123682104
DNAAF1,7,1,0.14285714285714285,0.2564855
DNAJC13,7,1,0.14285714285714285,0.1477505
EBF2,7,1,0.14285714285714285,0.14935319
EFCAB6,7,1,0.14285714285714285,0.120734274
ELN,7,1,0.14285714285714285,0.20137529
ENDOD1,7,1,0.14285714285714285,0.2748781
FAM71B,7,1,0.14285714285714285,0.24352346
FAM81B,7,1,0.14285714285714285,0.25058934
FBXW11,7,1,0.14285714285714285,0.15919094
FOXJ3,7,1,0.14285714285714285,0.1129176
FSTL4,7,1,0.14285714285714285,0.108692825
GALNT1,7,1,0.14285714285714285,0.14804323
GFPT2,7,1,0.14285714285714285,0.18399525
GRK7,7,1,0.14285714285714285,0.11268196
GRM6,7,1,0.14285714285714285,0.17029355
GZMB,7,1,0.14285714285714285,0.10835503
HNRNPU,7,1,0.14285714285714285,0.12889822
HTR5A,7,1,0.14285714285714285,0.19376393
IFNW1,7,1,0.14285714285714285,0.1107466
IL1RAPL1,7,1,0.14285714285714285,0.122864805
IL31RA,7,1,0.14285714285714285,0.14306958
IMPG1,7,1,0.14285714285714285,0.14813983
IRX1,7,1,0.14285714285714285,0.11262375
ITGA6,7,1,0.14285714285714285,0.12670746
ITGB6,7,1,0.14285714285714285,0.13366279
KANK1,7,1,0.14285714285714285,0.26966217
KCND2,7,1,0.14285714285714285,0.21674159
KCNG1,7,1,0.14285714285714285,0.10828892
KDM5B,7,1,0.14285714285714285,0.2292171
KHDC3L,7,1,0.14285714285714285,0.112675354
KIF5A,7,1,0.14285714285714285,0.13589482
KRT34,7,1,0.14285714285714285,0.28685147
LAMC2,7,1,0.14285714285714285,0.18106055
LRRC32,7,1,0.14285714285714285,0.1580817
MAML1,7,1,0.14285714285714285,0.19056454
MFSD2A,7,1,0.14285714285714285,0.11150473
MSH4,7,1,0.14285714285714285,0.16461869
MYO9B,7,1,0.14285714285714285,0.13747214
NAV3,7,1,0.14285714285714285,0.194679
NCOA3,7,1,0.14285714285714285,0.12162156
NCOA6,7,1,0.14285714285714285,0.13361187
NEBL,7,1,0.14285714285714285,0.14312516
NRP1,7,1,0.14285714285714285,0.31867036
OR2T4,7,1,0.14285714285714285,0.11868639
OR4D10,7,1,0.14285714285714285,0.18632407
OR51F1,7,1,0.14285714285714285,0.28810412
P2RY4,7,1,0.14285714285714285,0.13266248
PABPC4,7,1,0.14285714285714285,0.11740676
PGM5,7,1,0.14285714285714285,0.18875954
PMFBP1,7,1,0.14285714285714285,0.18636586
POGZ,7,1,0.14285714285714285,0.27170414
PRPF40B,7,1,0.14285714285714285,0.12726976
PRSS36,7,1,0.14285714285714285,0.1487342
PSD3,7,1,0.14285714285714285,0.1128156
PSG6,7,1,0.14285714285714285,0.1699482
PTK2B,7,1,0.14285714285714285,0.29558212
PYGM,7,1,0.14285714285714285,0.21786557
PZP,7,1,0.14285714285714285,0.20549217
RALGAPA2,7,1,0.14285714285714285,0.29659405
RLF,7,1,0.14285714285714285,0.2826217
RXFP1,7,1,0.14285714285714285,0.3528348
SEMA5A,7,1,0.14285714285714285,0.1523305
SIGLEC8,7,1,0.14285714285714285,0.21507014
SIGLEC9,7,1,0.14285714285714285,0.1233448
SIN3B,7,1,0.14285714285714285,0.32304233
SLC17A7,7,1,0.14285714285714285,0.15548433
SLC6A14,7,1,0.14285714285714285,0.16372226
SLC6A4,7,1,0.14285714285714285,0.121832944
SLCO1B1,7,1,0.14285714285714285,0.15574221
SMC3,7,1,0.14285714285714285,0.17611206
SMURF1,7,1,0.14285714285714285,0.30933815
SPATA31A3,7,1,0.14285714285714285,0.17322446
SULF2,7,1,0.14285714285714285,0.21619765
TET3,7,1,0.14285714285714285,0.1083486
TNFSF11,7,1,0.14285714285714285,0.27498522
TRAPPC10,7,1,0.14285714285714285,0.16584706
TTC3,7,1,0.14285714285714285,0.31535307
UNC13A,7,1,0.14285714285714285,0.15813537
VARS2,7,1,0.14285714285714285,0.14943899
VWCE,7,1,0.14285714285714285,0.11197657
WASHC2C,7,1,0.14285714285714285,0.4805408
WDR44,7,1,0.14285714285714285,0.10834627
ZNF140,7,1,0.14285714285714285,0.27229902
ZNF460,7,1,0.14285714285714285,0.2019424
ZNF492,7,1,0.14285714285714285,0.25414613
ZNF560,7,1,0.14285714285714285,0.2195384
ZNF75D,7,1,0.14285714285714285,0.19855687
ABCB8,8,1,0.125,0.3700317
ABCC1,8,1,0.125,0.2623683
ABCC4,8,1,0.125,0.09755063
ABLIM3,8,1,0.125,0.25098947
ACTRT1,8,1,0.125,0.20631266
ADAM22,8,1,0.125,0.24704054
ADCY8,8,1,0.125,0.12721303
ADGRE1,8,1,0.125,0.28444523
ALPK1,8,1,0.125,0.29178584
AQP10,8,1,0.125,0.22475001
ATP12A,8,1,0.125,0.19225985
BIN1,8,1,0.125,0.14223847
BOC,8,1,0.125,0.287329
BRD4,8,1,0.125,0.18139441
CAMSAP2,8,1,0.125,0.25731048
CASP1,8,1,0.125,0.17746878
CCDC178,8,1,0.125,0.120808244
CD22,8,1,0.125,0.2660186
CDKL5,8,1,0.125,0.17478439
CEP126,8,1,0.125,0.22835001
CEP250,8,1,0.125,0.3314796
CHD3,8,1,0.125,0.26543435
CHD6,8,1,0.125,0.2675303
CHD8,8,1,0.125,0.13317573
CLEC1A,8,1,0.125,0.09660379
COL19A1,8,1,0.125,0.15124118
COL3A1,8,1,0.125,0.10049389
COL6A1,8,1,0.125,0.24114932
CTAGE1,8,1,0.125,0.3458663
CTDP1,8,1,0.125,0.15313634
CYP4A11,8,1,0.125,0.1805914
DAB1,8,1,0.125,0.26108146
DAPK1,8,1,0.125,0.32746226
DCAF12L2,8,1,0.125,0.18530127
DDR2,8,1,0.125,0.3251452
DIP2C,8,1,0.125,0.19349787
DNAAF5,8,1,0.125,0.27278605
DNM2,8,1,0.125,0.18386069
DSC2,8,1,0.125,0.15285996
DSEL,8,1,0.125,0.11413444
EML2,8,1,0.125,0.25609326
EPHA1,8,1,0.125,0.24810669
EPHA5,8,1,0.125,0.17569494
EYA4,8,1,0.125,0.16929881
FAM135B,8,1,0.125,0.2558649
FIGN,8,1,0.125,0.32506296
FYB1,8,1,0.125,0.20948404
GAK,8,1,0.125,0.1931299
GOLGA4,8,1,0.125,0.12644283
GOLGB1,8,1,0.125,0.22431198
HERC1,8,1,0.125,0.18835397
HNF1B,8,1,0.125,0.09959773
IKZF1,8,1,0.125,0.22614416
INPP5K,8,1,0.125,0.12553464
JAK2,8,1,0.125,0.19143954
KCTD16,8,1,0.125,0.2790849
KDM5A,8,1,0.125,0.20567583
KIF13B,8,1,0.125,0.3028607
KIF21A,8,1,0.125,0.27129447
KMT2E,8,1,0.125,0.41615456
LAMA5,8,1,0.125,0.37040147
LILRA2,8,1,0.125,0.25392547
LMTK2,8,1,0.125,0.28791597
MFHAS1,8,1,0.125,0.35238934
MGA,8,1,0.125,0.15449235
MTUS2,8,1,0.125,0.24296826
MYH7B,8,1,0.125,0.27865365
MYO5C,8,1,0.125,0.0961811
NPAS4,8,1,0.125,0.15459019
OR10H5,8,1,0.125,0.43733552
OR1S1,8,1,0.125,0.26913354
PCDHAC1,8,1,0.125,0.25498816
PCDHGA11,8,1,0.125,0.192095
PCDHGB2,8,1,0.125,0.097622454
PDZD2,8,1,0.125,0.2798944
PDZRN4,8,1,0.125,0.09889714
PHF20,8,1,0.125,0.18557407
PLA2G4A,8,1,0.125,0.15212554
PNPLA7,8,1,0.125,0.09752587
POTEF,8,1,0.125,0.19525313
PROKR2,8,1,0.125,0.109009184
PRX,8,1,0.125,0.1725108
PTPRO,8,1,0.125,0.11442267
RABEP1,8,1,0.125,0.18054944
ROCK1,8,1,0.125,0.22331183
RPGRIP1L,8,1,0.125,0.18393731
SAGE1,8,1,0.125,0.25933272
SCML2,8,1,0.125,0.18241625
SHROOM4,8,1,0.125,0.16767985
SLC2A14,8,1,0.125,0.096618034
SLC39A12,8,1,0.125,0.18174805
SLC4A5,8,1,0.125,0.19671877
SLFN11,8,1,0.125,0.29233
SRRM4,8,1,0.125,0.3555128
ST18,8,1,0.125,0.1134633
ST3GAL6,8,1,0.125,0.268418
TBC1D9,8,1,0.125,0.2094818
TDRD9,8,1,0.125,0.17033547
TEX2,8,1,0.125,0.28152472
THEG,8,1,0.125,0.17840874
TTC37,8,1,0.125,0.36339554
UHRF1BP1L,8,1,0.125,0.2768675
UPF2,8,1,0.125,0.191191
WDR91,8,1,0.125,0.2668233
ZNF81,8,1,0.125,0.10295381
ZNF816,8,1,0.125,0.20856729
ADGRL2,9,1,0.1111111111111111,0.3643359
AHR,9,1,0.1111111111111111,0.20191997
AL121899.2,9,1,0.1111111111111111,0.19033027
ALMS1,9,1,0.1111111111111111,0.085338145
AP000769.3,9,1,0.1111111111111111,0.25355485
ARHGAP28,9,1,0.1111111111111111,0.24347514
ARSF,9,1,0.1111111111111111,0.16881096
ATM,9,1,0.1111111111111111,0.08815374
ATP13A2,9,1,0.1111111111111111,0.1406505
BCAR3,9,1,0.1111111111111111,0.19821608
BCORL1,9,1,0.1111111111111111,0.16076222
BOD1L1,9,1,0.1111111111111111,0.29852965
BRAF,9,1,0.1111111111111111,0.26738036
BRCA1,9,1,0.1111111111111111,0.16018213
CACNA1C,9,1,0.1111111111111111,0.16735965
CACNA1I,9,1,0.1111111111111111,0.21544051
CCDC18,9,1,0.1111111111111111,0.18471238
CELSR2,9,1,0.1111111111111111,0.13534553
CEP104,9,1,0.1111111111111111,0.106252514
CEP112,9,1,0.1111111111111111,0.2082323
CHD1,9,1,0.1111111111111111,0.18229741
CORIN,9,1,0.1111111111111111,0.30884454
CSF2RA,9,1,0.1111111111111111,0.45972225
CTTNBP2,9,1,0.1111111111111111,0.19956501
CUL1,9,1,0.1111111111111111,0.20615235
CYP4F3,9,1,0.1111111111111111,0.2057372
DOP1A,9,1,0.1111111111111111,0.14237858
DPP6,9,1,0.1111111111111111,0.22279657
DRC7,9,1,0.1111111111111111,0.19425349
EDC4,9,1,0.1111111111111111,0.087300986
ENAM,9,1,0.1111111111111111,0.24481994
FN1,9,1,0.1111111111111111,0.16846232
GHSR,9,1,0.1111111111111111,0.24654934
HECTD1,9,1,0.1111111111111111,0.14026298
HIVEP3,9,1,0.1111111111111111,0.19401449
HOOK1,9,1,0.1111111111111111,0.12019213
INSRR,9,1,0.1111111111111111,0.109027594
IRF6,9,1,0.1111111111111111,0.14597839
ITGB4,9,1,0.1111111111111111,0.27777615
ITIH1,9,1,0.1111111111111111,0.0874973
JHY,9,1,0.1111111111111111,0.33916032
KIAA1549L,9,1,0.1111111111111111,0.1658624
KIT,9,1,0.1111111111111111,0.09647339
LRRK2,9,1,0.1111111111111111,0.25247118
MAGI2,9,1,0.1111111111111111,0.26479256
MAP1A,9,1,0.1111111111111111,0.2070927
MAP3K4,9,1,0.1111111111111111,0.20402308
MET,9,1,0.1111111111111111,0.19191758
MYH7,9,1,0.1111111111111111,0.27973694
MYO6,9,1,0.1111111111111111,0.24335507
NETO1,9,1,0.1111111111111111,0.1675304
NLRP1,9,1,0.1111111111111111,0.1824785
NPTX2,9,1,0.1111111111111111,0.23195365
OR13C8,9,1,0.1111111111111111,0.1356464
OR2T12,9,1,0.1111111111111111,0.2312711
OR5AR1,9,1,0.1111111111111111,0.08411127
PCDH18,9,1,0.1111111111111111,0.29470298
PCDHA5,9,1,0.1111111111111111,0.18980664
PCDHB9,9,1,0.1111111111111111,0.16037875
PHF3,9,1,0.1111111111111111,0.31438333
PRR23B,9,1,0.1111111111111111,0.21108994
RAG1,9,1,0.1111111111111111,0.09770697
RB1CC1,9,1,0.1111111111111111,0.18283395
REST,9,1,0.1111111111111111,0.33988377
SEC16A,9,1,0.1111111111111111,0.19907357
SLC4A10,9,1,0.1111111111111111,0.110798545
SLC5A11,9,1,0.1111111111111111,0.23368965
SLC9A3,9,1,0.1111111111111111,0.13020821
SLITRK4,9,1,0.1111111111111111,0.1556775
SORCS2,9,1,0.1111111111111111,0.08745833
SPTBN4,9,1,0.1111111111111111,0.0904286
SSTR4,9,1,0.1111111111111111,0.189933
ST6GAL2,9,1,0.1111111111111111,0.08648446
SYCP1,9,1,0.1111111111111111,0.18622221
TBC1D8,9,1,0.1111111111111111,0.14781033
TJP3,9,1,0.1111111111111111,0.29642513
UBASH3A,9,1,0.1111111111111111,0.18872124
UBR2,9,1,0.1111111111111111,0.09165848
VPS50,9,1,0.1111111111111111,0.41569078
ZNF618,9,1,0.1111111111111111,0.15837604
ZZEF1,9,1,0.1111111111111111,0.18390742
ADAMTS18,10,1,0.1,0.19965479
AFDN,10,1,0.1,0.084391885
AKAP9,10,1,0.1,0.25163513
AREL1,10,1,0.1,0.22414684
ARHGAP30,10,1,0.1,0.205253
ARID1A,10,1,0.1,0.16168748
CDK13,10,1,0.1,0.21745317
CILP2,10,1,0.1,0.13450147
COL15A1,10,1,0.1,0.28389317
CYLD,10,1,0.1,0.21082982
DISP3,10,1,0.1,0.08020839
DSC3,10,1,0.1,0.18303281
EMILIN2,10,1,0.1,0.20973678
ERN2,10,1,0.1,0.22983272
FHOD3,10,1,0.1,0.12871853
GRM1,10,1,0.1,0.31654733
HELB,10,1,0.1,0.22314331
HEPHL1,10,1,0.1,0.11213062
HTR3A,10,1,0.1,0.18890098
IARS1,10,1,0.1,0.15490402
IGSF10,10,1,0.1,0.22460246
IGSF9,10,1,0.1,0.32103378
IQGAP2,10,1,0.1,0.07574845
ITGA8,10,1,0.1,0.09455563
JARID2,10,1,0.1,0.09039161
KRT13,10,1,0.1,0.077957146
LDLR,10,1,0.1,0.14429268
LGSN,10,1,0.1,0.20100443
LRP6,10,1,0.1,0.27603507
LRRC55,10,1,0.1,0.11872418
LTBP4,10,1,0.1,0.20116434
MATK,10,1,0.1,0.35429105
MDC1,10,1,0.1,0.12741908
MED13,10,1,0.1,0.3111307
MYBPC1,10,1,0.1,0.24921449
MYH15,10,1,0.1,0.1900697
NEK10,10,1,0.1,0.10134031
NFATC2,10,1,0.1,0.13100794
OPN5,10,1,0.1,0.16332191
PAPPA2,10,1,0.1,0.25498062
PCDHB6,10,1,0.1,0.22670028
PCDHGA1,10,1,0.1,0.16600357
PLXNA2,10,1,0.1,0.19152819
PRDM15,10,1,0.1,0.12817663
SCN11A,10,1,0.1,0.17931703
SLC12A5,10,1,0.1,0.10583806
SLC9C1,10,1,0.1,0.28490818
TIMD4,10,1,0.1,0.16822769
TNFRSF11A,10,1,0.1,0.20028897
TP63,10,1,0.1,0.19564134
TRIML1,10,1,0.1,0.15881956
TSPEAR,10,1,0.1,0.07818605
UPF1,10,1,0.1,0.29118162
USF3,10,1,0.1,0.26113382
ZFC3H1,10,1,0.1,0.14166471
ABCB11,11,1,0.09090909090909091,0.19351436
ADAMTS2,11,1,0.09090909090909091,0.2570089
ADAMTS20,11,1,0.09090909090909091,0.10827096
ANKRD30A,11,1,0.09090909090909091,0.3251161
AOC1,11,1,0.09090909090909091,0.13338743
ARFGEF1,11,1,0.09090909090909091,0.27955186
ASIC5,11,1,0.09090909090909091,0.138106
ATP11A,11,1,0.09090909090909091,0.13911405
ATP9B,11,1,0.09090909090909091,0.10967504
BNC2,11,1,0.09090909090909091,0.14109908
CACNA1F,11,1,0.09090909090909091,0.07964985
CDCP1,11,1,0.09090909090909091,0.13420308
CELSR3,11,1,0.09090909090909091,0.22302732
CFAP54,11,1,0.09090909090909091,0.18433042
COL6A2,11,1,0.09090909090909091,0.088032305
DNAH1,11,1,0.09090909090909091,0.07454945
DOCK4,11,1,0.09090909090909091,0.08169873
DSCAM,11,1,0.09090909090909091,0.26928532
ENTHD1,11,1,0.09090909090909091,0.15992914
EP300,11,1,0.09090909090909091,0.07708768
ERBB2,11,1,0.09090909090909091,0.23813343
EVPL,11,1,0.09090909090909091,0.15384077
FAM47C,11,1,0.09090909090909091,0.11490705
FGA,11,1,0.09090909090909091,0.1219882
FLT3,11,1,0.09090909090909091,0.19877659
FOXA1,11,1,0.09090909090909091,0.1195688
FRY,11,1,0.09090909090909091,0.2616153
GABRA4,11,1,0.09090909090909091,0.18738443
GAS2L2,11,1,0.09090909090909091,0.15150228
GEMIN5,11,1,0.09090909090909091,0.20781851
IL12RB1,11,1,0.09090909090909091,0.20633578
INTS6L,11,1,0.09090909090909091,0.22668687
KIDINS220,11,1,0.09090909090909091,0.07542875
LARP1,11,1,0.09090909090909091,0.2606043
MATN4,11,1,0.09090909090909091,0.14592344
MORC1,11,1,0.09090909090909091,0.07252661
MYOM2,11,1,0.09090909090909091,0.15344281
NLRP11,11,1,0.09090909090909091,0.20667009
NOTCH2,11,1,0.09090909090909091,0.07494053
OR8K3,11,1,0.09090909090909091,0.27514553
PCDHB13,11,1,0.09090909090909091,0.29155725
PCNX1,11,1,0.09090909090909091,0.13305272
PCSK2,11,1,0.09090909090909091,0.15503798
PKDREJ,11,1,0.09090909090909091,0.19628201
PRPF8,11,1,0.09090909090909091,0.24240184
SHROOM3,11,1,0.09090909090909091,0.13406418
SLC6A18,11,1,0.09090909090909091,0.24596737
SON,11,1,0.09090909090909091,0.14552094
SPEN,11,1,0.09090909090909091,0.3196304
STAB1,11,1,0.09090909090909091,0.070766814
TTC21A,11,1,0.09090909090909091,0.23316239
TULP4,11,1,0.09090909090909091,0.25335667
UBR4,11,1,0.09090909090909091,0.19327511
VCAN,11,1,0.09090909090909091,0.34048855
XIRP1,11,1,0.09090909090909091,0.1841765
ZFYVE26,11,1,0.09090909090909091,0.13263735
ZNF99,11,1,0.09090909090909091,0.32485244
ABCA9,12,1,0.08333333333333333,0.2375807
ACAN,12,1,0.08333333333333333,0.11370487
ADGRD1,12,1,0.08333333333333333,0.23854204
ATP8A2,12,1,0.08333333333333333,0.12119758
CACNA1D,12,1,0.08333333333333333,0.20304042
CENPE,12,1,0.08333333333333333,0.1549934
CNTN6,12,1,0.08333333333333333,0.09948075
CR2,12,1,0.08333333333333333,0.21557122
FAM47A,12,1,0.08333333333333333,0.13175423
FAM83H,12,1,0.08333333333333333,0.08555058
GFRAL,12,1,0.08333333333333333,0.13516836
KLK15,12,1,0.08333333333333333,0.21356982
LYST,12,1,0.08333333333333333,0.13900597
MUC5AC,12,1,0.08333333333333333,0.07737607
MYH4,12,1,0.08333333333333333,0.17967725
MYO1D,12,1,0.08333333333333333,0.1896144
NRK,12,1,0.08333333333333333,0.088174134
NRXN3,12,1,0.08333333333333333,0.1180326
NUP210L,12,1,0.08333333333333333,0.17924458
OLFML2B,12,1,0.08333333333333333,0.20126088
PKD1L2,12,1,0.08333333333333333,0.14558537
PLCL1,12,1,0.08333333333333333,0.1949778
PRUNE2,12,1,0.08333333333333333,0.2524818
PTPRB,12,1,0.08333333333333333,0.24258699
PUM1,12,1,0.08333333333333333,0.06384004
STK31,12,1,0.08333333333333333,0.21234517
THSD7B,12,1,0.08333333333333333,0.08964614
TRPC7,12,1,0.08333333333333333,0.117344
VPS13A,12,1,0.08333333333333333,0.16090587
ZFHX4,12,1,0.08333333333333333,0.17929853
ZNF28,12,1,0.08333333333333333,0.14296696
ABCA1,13,1,0.07692307692307693,0.22080499
AKAP13,13,1,0.07692307692307693,0.09932347
AL592490.1,13,1,0.07692307692307693,0.23107849
CELSR1,13,1,0.07692307692307693,0.15223047
CPAMD8,13,1,0.07692307692307693,0.22496083
CREBBP,13,1,0.07692307692307693,0.097266
CUBN,13,1,0.07692307692307693,0.2842848
DSG3,13,1,0.07692307692307693,0.20261194
ENPP2,13,1,0.07692307692307693,0.26134288
GRM4,13,1,0.07692307692307693,0.05984038
KIAA2026,13,1,0.07692307692307693,0.16719928
L1CAM,13,1,0.07692307692307693,0.13066909
MEGF8,13,1,0.07692307692307693,0.117406376
NOD1,13,1,0.07692307692307693,0.1661177
NTSR1,13,1,0.07692307692307693,0.100101724
OTOGL,13,1,0.07692307692307693,0.11628776
PDE4DIP,13,1,0.07692307692307693,0.24714102
REV3L,13,1,0.07692307692307693,0.2263468
SYNPO2,13,1,0.07692307692307693,0.1745948
TENM4,13,1,0.07692307692307693,0.27280003
TLL2,13,1,0.07692307692307693,0.1486533
TPO,13,1,0.07692307692307693,0.07830659
ZNF493,13,1,0.07692307692307693,0.23723212
ABCA4,14,1,0.07142857142857142,0.19907439
ANO4,14,1,0.07142857142857142,0.15119128
CAMTA1,14,1,0.07142857142857142,0.27723557
DICER1,14,1,0.07142857142857142,0.10683702
EPPK1,14,1,0.07142857142857142,0.093821205
ERICH3,14,1,0.07142857142857142,0.13708575
HIVEP1,14,1,0.07142857142857142,0.16562846
JCAD,14,1,0.07142857142857142,0.09943662
MC3R,14,1,0.07142857142857142,0.25563982
MYLK,14,1,0.07142857142857142,0.19342338
MYO1B,14,1,0.07142857142857142,0.0566771
NLRP2,14,1,0.07142857142857142,0.13007148
NRXN1,14,1,0.07142857142857142,0.17972319
PCDHA2,14,1,0.07142857142857142,0.14170027
PEG3,14,1,0.07142857142857142,0.093295835
PTPRS,14,1,0.07142857142857142,0.1354431
SEMG1,14,1,0.07142857142857142,0.07539711
SIPA1L2,14,1,0.07142857142857142,0.12232318
SIPA1L3,14,1,0.07142857142857142,0.10830962
SLC9A4,14,1,0.07142857142857142,0.17765483
SLCO6A1,14,1,0.07142857142857142,0.10748607
SVEP1,14,1,0.07142857142857142,0.23725273
TAF1,14,1,0.07142857142857142,0.12161919
ZNF407,14,1,0.07142857142857142,0.21701905
ABCA13,15,1,0.06666666666666667,0.23712905
CACNA1B,15,1,0.06666666666666667,0.21660781
COL5A1,15,1,0.06666666666666667,0.0737219
DOCK1,15,1,0.06666666666666667,0.08588938
DYNC1I1,15,1,0.06666666666666667,0.2503439
FAT3,15,1,0.06666666666666667,0.12875886
FREM2,15,1,0.06666666666666667,0.16543777
MYH3,15,1,0.06666666666666667,0.09841556
POLE,15,1,0.06666666666666667,0.26166987
PRKDC,15,1,0.06666666666666667,0.15975717
SAMD9,15,1,0.06666666666666667,0.15592529
TACC2,15,1,0.06666666666666667,0.092143804
ADAM29,16,1,0.0625,0.14769232
ADAMTS16,16,1,0.0625,0.15561196
ANO2,16,1,0.0625,0.15113023
BPTF,16,1,0.0625,0.14676183
DSG4,16,1,0.0625,0.08263741
DYNC1H1,16,1,0.0625,0.18795286
F5,16,1,0.0625,0.09804686
FAT1,16,1,0.0625,0.2765788
GALNT17,16,1,0.0625,0.1926944
ITPR2,16,1,0.0625,0.32440448
LRP1,16,1,0.0625,0.16008647
PCDH11X,16,1,0.0625,0.14151418
RNF17,16,1,0.0625,0.3110339
SIM1,16,1,0.0625,0.11603018
SPATA31A1,16,1,0.0625,0.23524082
ZNF208,16,1,0.0625,0.10794044
ADGRF5,17,1,0.058823529411764705,0.17577054
CHD5,17,1,0.058823529411764705,0.14002354
CSMD2,17,1,0.058823529411764705,0.13467921
FBN1,17,1,0.058823529411764705,0.17101815
ITPR3,17,1,0.058823529411764705,0.08270449
MUC2,17,1,0.058823529411764705,0.15693367
MYH6,17,1,0.058823529411764705,0.15609919
NLRP3,17,1,0.058823529411764705,0.16445763
ZFP42,17,1,0.058823529411764705,0.2004906
ADCY10,18,1,0.05555555555555555,0.15476361
CD163L1,18,1,0.05555555555555555,0.16601618
HECTD4,18,1,0.05555555555555555,0.16517983
HSPG2,18,1,0.05555555555555555,0.17395477
LCT,18,1,0.05555555555555555,0.11645566
MYO10,18,1,0.05555555555555555,0.16708025
CACNA1S,19,1,0.05263157894736842,0.15030253
CSMD1,19,1,0.05263157894736842,0.07161047
KIAA1109,19,1,0.05263157894736842,0.269902
SETD2,19,1,0.05263157894736842,0.06907171
C3,20,1,0.05,0.112420216
CDH18,20,1,0.05,0.23303136
KSR2,20,1,0.05,0.07968117
NLRP12,20,1,0.05,0.15791462
PCDHA1,20,1,0.05,0.1369744
QSER1,20,1,0.05,0.14745823
SPAG17,20,1,0.05,0.1663296
TENM1,20,1,0.05,0.085303836
TRPM2,20,1,0.05,0.09356908
ANK2,21,1,0.047619047619047616,0.18450989
FAT4,21,1,0.047619047619047616,0.281682
PCDHA12,21,1,0.047619047619047616,0.09403249
PRDM9,21,1,0.047619047619047616,0.10419612
USP9X,21,1,0.047619047619047616,0.10013153
FBN2,22,1,0.045454545454545456,0.11908691
FLNA,22,1,0.045454545454545456,0.17038101
MYH13,22,1,0.045454545454545456,0.16381255
DNAH7,23,1,0.043478260869565216,0.1452533
MYH1,23,1,0.043478260869565216,0.14036639
SYNE2,23,1,0.043478260869565216,0.10681766
VWF,23,1,0.043478260869565216,0.10024391
TEX15,24,1,0.041666666666666664,0.23323457
DMD,25,1,0.04,0.10757698
EP400,25,1,0.04,0.16616373
KIF2B,25,1,0.04,0.11371361
APOB,26,1,0.038461538461538464,0.11006112
PIK3R1,27,1,0.037037037037037035,0.10259739
XIRP2,27,1,0.037037037037037035,0.033820126
FER1L6,29,1,0.034482758620689655,0.21690445
RYR3,29,1,0.034482758620689655,0.06925368
DNAH8,30,1,0.03333333333333333,0.1261178
DOCK5,31,1,0.03225806451612903,0.06734687
AHNAK2,38,1,0.02631578947368421,0.08875563
LRP2,47,1,0.02127659574468085,0.08618287
DST,50,1,0.02,0.04448622
A1BG,2,0,0.0,3.0143778e-05
A1CF,8,0,0.0,0.009962798
A3GALT2,1,0,0.0,3.9027547e-08
A4GALT,5,0,0.0,9.650386e-05
A4GNT,2,0,0.0,0.6082094
AAAS,2,0,0.0,0.2729955
AACS,5,0,0.0,0.04498417
AADAC,2,0,0.0,0.16097254
AADACL2,5,0,0.0,0.21172264
AADACL3,4,0,0.0,0.08876235
AADAT,2,0,0.0,0.37783968
AAK1,1,0,0.0,6.47856e-05
AAMDC,1,0,0.0,7.268571e-06
AAMP,2,0,0.0,2.7533179e-05
AANAT,2,0,0.0,0.026569417
AAR2,1,0,0.0,0.13993393
AARS2,3,0,0.0,0.1680879
AASDH,4,0,0.0,0.2217686
AASS,5,0,0.0,0.1896962
AATK,2,0,0.0,1.5906526e-06
ABCA10,5,0,0.0,0.47310027
ABCA2,7,0,0.0,0.06574053
ABCA3,4,0,0.0,0.025534442
ABCA5,9,0,0.0,0.19132191
ABCA7,7,0,0.0,0.027366346
ABCA8,9,0,0.0,0.13008091
ABCB1,9,0,0.0,0.041125417
ABCB10,3,0,0.0,0.20655517
ABCB6,3,0,0.0,0.18695706
ABCB7,2,0,0.0,0.019782698
ABCC10,8,0,0.0,0.11204421
ABCC12,6,0,0.0,0.29049537
ABCC2,4,0,0.0,0.2137438
ABCC8,12,0,0.0,0.21144404
ABCC9,18,0,0.0,0.12370507
ABCD1,5,0,0.0,0.001979724
ABCD4,1,0,0.0,0.1241976
ABCE1,2,0,0.0,0.01903658
ABCF1,2,0,0.0,0.0015575874
ABCF2,2,0,0.0,0.14701106
ABCF3,5,0,0.0,0.00050208264
ABCG1,6,0,0.0,0.060802195
ABCG2,9,0,0.0,0.008044321
ABCG5,5,0,0.0,1.8555133e-07
ABCG8,2,0,0.0,0.13206075
ABHD1,1,0,0.0,0.0061235214
ABHD10,3,0,0.0,0.30343854
ABHD11,3,0,0.0,0.20516984
ABHD14A-ACY1,2,0,0.0,0.11627151
ABHD15,1,0,0.0,0.37520826
ABHD16A,3,0,0.0,0.01771752
ABHD16B,1,0,0.0,3.346435e-06
ABHD17B,2,0,0.0,0.37296584
ABHD2,1,0,0.0,0.0005063047
ABHD3,1,0,0.0,7.2932353e-06
ABHD5,2,0,0.0,0.0006145957
ABHD6,1,0,0.0,5.2450486e-07
ABHD8,3,0,0.0,0.0079472745
ABI1,1,0,0.0,2.7308345e-06
ABI3,4,0,0.0,0.10825438
ABI3BP,3,0,0.0,0.24806644
ABITRAM,1,0,0.0,1.8661424e-10
ABL2,5,0,0.0,0.0039434778
ABLIM1,1,0,0.0,1.174562e-05
ABO,2,0,0.0,3.981617e-05
ABRA,2,0,0.0,0.0011413113
ABRAXAS2,3,0,0.0,8.382024e-07
ABTB1,3,0,0.0,9.1699796e-05
ABTB2,1,0,0.0,2.6943694e-06
AC004922.1,2,0,0.0,0.12347616
AC004997.1,1,0,0.0,0.014210744
AC005863.1,2,0,0.0,0.0054999627
AC007040.2,1,0,0.0,1.5760339e-09
AC008397.2,7,0,0.0,0.15348396
AC008764.4,1,0,0.0,0.7300589
AC011455.2,2,0,0.0,0.00017658717
AC011462.1,3,0,0.0,0.2418622
AC013477.1,1,0,0.0,5.0114945e-08
AC013489.1,2,0,0.0,0.35534328
AC016747.4,1,0,0.0,6.5192185e-10
AC023055.1,2,0,0.0,2.9851428e-06
AC024598.1,1,0,0.0,7.6515903e-07
AC068580.4,3,0,0.0,0.010322713
AC090517.4,2,0,0.0,2.2064858e-05
AC092143.1,2,0,0.0,0.18358293
AC093246.1,1,0,0.0,0.5737199
AC093525.2,2,0,0.0,0.301658
AC097636.1,1,0,0.0,3.9756674e-07
AC098582.1,2,0,0.0,1.5987385e-05
AC109583.1,2,0,0.0,0.13075036
AC127029.3,2,0,0.0,0.082551286
AC131160.1,1,0,0.0,0.7391916
AC132217.2,2,0,0.0,2.29928e-06
AC134980.2,3,0,0.0,2.5536391e-07
AC139530.2,1,0,0.0,0.30158317
AC242842.3,2,0,0.0,1.6925305e-05
AC244258.1,1,0,0.0,0.052993607
AC245748.1,1,0,0.0,0.7432603
AC245884.12,1,0,0.0,0.015368957
ACAA1,2,0,0.0,0.2593447
ACACB,15,0,0.0,0.060548533
ACAD11,3,0,0.0,0.18415539
ACAD8,1,0,0.0,6.760862e-05
ACAD9,2,0,0.0,0.054603476
ACADL,2,0,0.0,0.022376744
ACADS,5,0,0.0,0.30343208
ACADSB,2,0,0.0,4.5148113e-06
ACADVL,3,0,0.0,0.14814411
ACAP1,4,0,0.0,0.1865083
ACAP2,6,0,0.0,0.13835329
ACAT2,2,0,0.0,0.37359583
ACBD4,1,0,0.0,4.3447126e-05
ACBD5,1,0,0.0,5.663446e-06
ACCS,5,0,0.0,0.20695019
ACCSL,2,0,0.0,0.44005567
ACE2,6,0,0.0,0.023395786
ACER2,2,0,0.0,5.3512835e-05
ACER3,1,0,0.0,0.3435659
ACHE,2,0,0.0,0.41546777
ACIN1,4,0,0.0,0.107174605
ACKR1,2,0,0.0,3.310237e-08
ACKR2,5,0,0.0,0.00985823
ACKR3,1,0,0.0,0.0033929178
ACKR4,1,0,0.0,2.889288e-06
ACLY,2,0,0.0,0.24773559
ACMSD,2,0,0.0,0.008685244
ACO1,2,0,0.0,3.4433365e-06
ACO2,2,0,0.0,5.6913477e-06
ACOT11,2,0,0.0,0.00056461216
ACOT12,4,0,0.0,0.18537499
ACOT2,1,0,0.0,3.1162935e-07
ACOT4,4,0,0.0,0.0020635722
ACOT6,1,0,0.0,0.74842197
ACOT9,2,0,0.0,0.35517755
ACOX1,2,0,0.0,0.0033567548
ACOX2,3,0,0.0,0.00028878855
ACOXL,4,0,0.0,0.06680643
ACP2,1,0,0.0,0.011690281
ACP3,4,0,0.0,0.32080272
ACP4,5,0,0.0,0.22446553
ACP6,2,0,0.0,0.3051561
ACR,1,0,0.0,2.0909113e-08
ACRBP,1,0,0.0,0.016089514
ACRV1,3,0,0.0,0.066904575
ACSBG1,3,0,0.0,0.0004737899
ACSBG2,2,0,0.0,0.33549768
ACSF2,3,0,0.0,0.12501203
ACSF3,1,0,0.0,2.7268632e-06
ACSL1,2,0,0.0,1.3612822e-06
ACSL3,3,0,0.0,0.22963385
ACSL4,6,0,0.0,0.015411311
ACSL5,2,0,0.0,0.1848701
ACSL6,1,0,0.0,3.2523295e-10
ACSM1,5,0,0.0,0.14018567
ACSM3,2,0,0.0,3.010584e-06
ACSM4,8,0,0.0,0.08021733
ACTA1,1,0,0.0,6.1701945e-07
ACTA2,5,0,0.0,0.29324847
ACTC1,1,0,0.0,0.31832272
ACTG1,1,0,0.0,0.010369243
ACTG2,3,0,0.0,0.011094711
ACTL10,1,0,0.0,0.00013654421
ACTL6A,1,0,0.0,4.1126505e-06
ACTL6B,1,0,0.0,5.246069e-07
ACTL7B,6,0,0.0,0.0014327024
ACTN1,6,0,0.0,0.16802226
ACTN2,4,0,0.0,0.008442919
ACTN3,1,0,0.0,0.15307115
ACTN4,5,0,0.0,0.0002054595
ACTR10,2,0,0.0,0.07263507
ACTR1B,1,0,0.0,3.8221115e-06
ACTR3,3,0,0.0,0.00057682587
ACTR3B,1,0,0.0,1.1724827e-05
ACTR5,4,0,0.0,0.08214867
ACTR6,1,0,0.0,4.9096343e-06
ACTR8,5,0,0.0,0.06870379
ACTRT2,3,0,0.0,0.014139689
ACTRT3,1,0,0.0,2.9066111e-06
ACVR1,5,0,0.0,3.395358e-07
ACVR2A,3,0,0.0,0.00638329
ACVR2B,1,0,0.0,0.16187388
ACVRL1,7,0,0.0,0.18105963
ACY3,2,0,0.0,1.5971196e-05
ACYP1,2,0,0.0,4.5486504e-06
ADA,1,0,0.0,6.42414e-09
ADA2,2,0,0.0,1.3713608e-06
ADAD1,4,0,0.0,0.061096206
ADAL,2,0,0.0,2.2858623e-07
ADAM10,4,0,0.0,0.18258266
ADAM11,1,0,0.0,0.2994058
ADAM12,1,0,0.0,3.693521e-05
ADAM15,2,0,0.0,0.028730456
ADAM17,3,0,0.0,0.13957793
ADAM19,1,0,0.0,0.039723195
ADAM2,7,0,0.0,0.072460786
ADAM20,4,0,0.0,0.006194875
ADAM21,2,0,0.0,4.158064e-06
ADAM23,5,0,0.0,0.16298363
ADAM28,8,0,0.0,0.021969996
ADAM30,4,0,0.0,0.14655489
ADAM32,4,0,0.0,0.0728065
ADAM33,1,0,0.0,0.004390831
ADAM7,8,0,0.0,0.132809
ADAM9,4,0,0.0,0.36304885
ADAMDEC1,8,0,0.0,0.12463172
ADAMTS1,4,0,0.0,0.16082665
ADAMTS13,5,0,0.0,0.02874516
ADAMTS14,4,0,0.0,7.802332e-06
ADAMTS19,8,0,0.0,0.22037664
ADAMTS3,13,0,0.0,0.0005645793
ADAMTS4,2,0,0.0,0.014830862
ADAMTS5,5,0,0.0,3.4662298e-06
ADAMTS7,3,0,0.0,1.0553518e-06
ADAMTS8,1,0,0.0,7.18195e-05
ADAMTS9,13,0,0.0,0.12575692
ADAMTSL1,9,0,0.0,0.07462196
ADAMTSL3,7,0,0.0,0.031912412
ADAMTSL5,3,0,0.0,2.630638e-06
ADAR,1,0,0.0,9.6415e-08
ADARB1,3,0,0.0,0.12507038
ADARB2,8,0,0.0,0.00020042424
ADAT2,1,0,0.0,0.46203
ADAT3,1,0,0.0,0.000455781
ADCK5,2,0,0.0,5.1646807e-06
ADCY3,4,0,0.0,0.23529541
ADCY4,2,0,0.0,0.019849956
ADCY5,11,0,0.0,0.05512209
ADCY6,4,0,0.0,0.0010617586
ADCY7,6,0,0.0,0.14598419
ADCY9,8,0,0.0,0.049728543
ADCYAP1,3,0,0.0,0.22759117
ADCYAP1R1,3,0,0.0,0.23563124
ADD1,4,0,0.0,0.14261553
ADD2,7,0,0.0,0.21972804
ADD3,3,0,0.0,0.21522407
ADGRA1,2,0,0.0,0.25888336
ADGRA2,4,0,0.0,5.2264324e-05
ADGRA3,5,0,0.0,0.14103149
ADGRB3,6,0,0.0,0.0902738
ADGRE2,6,0,0.0,0.14769633
ADGRE3,4,0,0.0,0.004119415
ADGRE5,1,0,0.0,2.5952602e-05
ADGRF1,1,0,0.0,0.3149496
ADGRF2,1,0,0.0,0.7398071
ADGRF3,4,0,0.0,8.1429906e-05
ADGRF4,6,0,0.0,0.0002690857
ADGRG1,2,0,0.0,0.23072755
ADGRG4,15,0,0.0,0.055909377
ADGRG5,2,0,0.0,0.00054620643
ADGRL1,2,0,0.0,8.09915e-06
ADGRL3,6,0,0.0,0.09460616
ADGRL4,6,0,0.0,0.07606726
ADH1A,5,0,0.0,0.29720336
ADH1B,4,0,0.0,9.877325e-05
ADH4,1,0,0.0,0.0009932976
ADH5,2,0,0.0,0.002751252
ADH7,3,0,0.0,0.16178231
ADI1,1,0,0.0,0.15053287
ADIPOQ,1,0,0.0,8.377795e-09
ADM,3,0,0.0,0.19704168
ADM2,2,0,0.0,0.15751891
ADNP,2,0,0.0,0.003120749
ADO,1,0,0.0,7.422474e-12
ADORA1,4,0,0.0,0.084955804
ADORA2A,2,0,0.0,1.7839993e-07
ADPGK,2,0,0.0,0.36458027
ADPRH,1,0,0.0,0.012905103
ADPRHL1,1,0,0.0,0.00090423995
ADPRS,2,0,0.0,1.1079263e-10
ADRA1B,4,0,0.0,0.1847868
ADRA1D,1,0,0.0,4.1416e-10
ADRA2B,1,0,0.0,8.555527e-08
ADRA2C,4,0,0.0,0.14619972
ADRB1,1,0,0.0,1.5348991e-08
ADRB2,1,0,0.0,1.07420526e-07
ADRM1,1,0,0.0,1.2572427e-05
ADSS2,1,0,0.0,0.28954944
AEBP1,6,0,0.0,0.07264326
AFAP1L1,2,0,0.0,0.0021613548
AFAP1L2,4,0,0.0,1.1611702e-06
AFF2,14,0,0.0,0.124206595
AFF3,5,0,0.0,0.1320341
AFG1L,2,0,0.0,0.37252897
AFG3L2,2,0,0.0,1.081049e-05
AFMID,3,0,0.0,0.15030159
AFP,5,0,0.0,0.27861217
AFTPH,1,0,0.0,4.828358e-05
AGA,1,0,0.0,0.74005973
AGAP1,4,0,0.0,0.2987268
AGAP2,1,0,0.0,0.0007446538
AGAP4,1,0,0.0,1.1395076e-11
AGAP7P,1,0,0.0,4.9811797e-06
AGBL1,2,0,0.0,0.00017320081
AGBL2,1,0,0.0,0.5540082
AGBL4,2,0,0.0,2.437409e-06
AGBL5,1,0,0.0,2.1359394e-09
AGFG1,4,0,0.0,0.14308017
AGFG2,2,0,0.0,0.355331
AGMO,6,0,0.0,0.07895544
AGO1,3,0,0.0,0.20004557
AGO2,4,0,0.0,0.08996698
AGO3,2,0,0.0,0.008140303
AGPAT1,3,0,0.0,4.8411384e-05
AGPAT2,1,0,0.0,0.001600556
AGPAT3,2,0,0.0,0.35936573
AGPS,1,0,0.0,2.801209e-06
AGR2,1,0,0.0,0.5786924
AGRN,8,0,0.0,0.092780024
AGTPBP1,4,0,0.0,0.19172725
AGTR1,3,0,0.0,0.3715111
AGTR2,2,0,0.0,0.0011855577
AGTRAP,1,0,0.0,0.3063598
AGXT,2,0,0.0,0.24675038
AHCTF1,12,0,0.0,0.06036297
AHCY,3,0,0.0,0.16924895
AHCYL1,5,0,0.0,0.122210585
AHDC1,5,0,0.0,0.11879118
AHI1,6,0,0.0,0.05089581
AHRR,4,0,0.0,0.05526116
AHSG,2,0,0.0,0.29490942
AICDA,5,0,0.0,1.0682323e-05
AIF1,1,0,0.0,0.3548688
AIFM1,2,0,0.0,0.058191385
AIFM2,1,0,0.0,1.10645236e-10
AIFM3,1,0,0.0,0.082753025
AIG1,1,0,0.0,1.1057308e-10
AIM2,3,0,0.0,0.000117919146
AIMP1,1,0,0.0,3.9880644e-05
AIMP2,3,0,0.0,0.1436199
AIPL1,4,0,0.0,2.3832674e-06
AJAP1,1,0,0.0,2.790554e-06
AJM1,2,0,0.0,0.359375
AK6,1,0,0.0,0.23133717
AK8,1,0,0.0,3.8146495e-06
AKAP1,2,0,0.0,3.942971e-06
AKAP11,7,0,0.0,0.46903175
AKAP12,2,0,0.0,0.0073123155
AKAP14,1,0,0.0,3.1179603e-05
AKAP17A,4,0,0.0,0.0331437
AKAP3,2,0,0.0,0.09729825
AKAP4,2,0,0.0,0.2633008
AKAP5,1,0,0.0,0.50528485
AKAP6,8,0,0.0,0.06346528
AKAP7,2,0,0.0,0.3040555
AKAP8,4,0,0.0,0.104844205
AKIP1,1,0,0.0,5.3675313e-07
AKIRIN2,1,0,0.0,0.45061052
AKR1A1,1,0,0.0,7.1773803e-07
AKR1B1,1,0,0.0,1.8518163e-05
AKR1B15,3,0,0.0,0.19501789
AKR1C1,3,0,0.0,0.43336293
AKR1C2,2,0,0.0,0.041302286
AKR1C4,4,0,0.0,0.18940723
AKR7A2,1,0,0.0,0.0067764455
AKT1,2,0,0.0,0.020701295
AKT3,1,0,0.0,1.1367838e-06
AKTIP,4,0,0.0,0.18832985
AL109984.1,3,0,0.0,0.44259027
AL133467.6,1,0,0.0,1.3301567e-05
AL133500.1,3,0,0.0,0.18725403
AL136295.1,3,0,0.0,0.018330941
AL136982.4,3,0,0.0,0.37202606
AL162417.1,1,0,0.0,2.7970588e-11
AL163540.1,1,0,0.0,0.74401885
AL353804.6,5,0,0.0,0.005892995
AL353804.7,8,0,0.0,0.03069476
AL441992.2,1,0,0.0,0.025539508
AL645933.1,1,0,0.0,4.431103e-06
AL662899.2,1,0,0.0,0.00539549
AL669918.1,3,0,0.0,0.013576618
ALAD,1,0,0.0,0.10531909
ALAS1,3,0,0.0,0.024885662
ALAS2,1,0,0.0,2.0881773e-08
ALB,5,0,0.0,0.23152299
ALCAM,3,0,0.0,0.05960444
ALDH16A1,1,0,0.0,0.002422673
ALDH18A1,3,0,0.0,6.1746874e-07
ALDH1A1,3,0,0.0,0.36113128
ALDH1A3,5,0,0.0,4.2953275e-06
ALDH1B1,2,0,0.0,0.51669914
ALDH1L2,3,0,0.0,0.1273481
ALDH2,2,0,0.0,0.29473212
ALDH3A1,4,0,0.0,0.079062775
ALDH3A2,3,0,0.0,0.09748418
ALDH3B1,1,0,0.0,0.00017106238
ALDH3B2,4,0,0.0,0.00045165475
ALDH5A1,3,0,0.0,0.0011477108
ALDH9A1,3,0,0.0,0.0518149
ALDOA,4,0,0.0,0.014401263
ALG1,2,0,0.0,0.18815146
ALG10,1,0,0.0,0.38145548
ALG10B,3,0,0.0,0.3531917
ALG11,1,0,0.0,0.72652644
ALG12,2,0,0.0,2.963479e-06
ALG13,8,0,0.0,0.050332032
ALG2,2,0,0.0,0.03185759
ALG3,3,0,0.0,0.0033956151
ALG5,1,0,0.0,2.8572054e-09
ALG6,1,0,0.0,7.496908e-07
ALG8,1,0,0.0,0.63553584
ALKAL1,3,0,0.0,0.012477122
ALKBH1,1,0,0.0,0.6001751
ALKBH6,1,0,0.0,0.4575959
ALKBH7,1,0,0.0,0.011003941
ALLC,6,0,0.0,0.059871603
ALMS1P1,2,0,0.0,0.010586195
ALOX12,1,0,0.0,6.32587e-09
ALOX12B,6,0,0.0,0.14701164
ALOX15,6,0,0.0,0.336159
ALOX15B,5,0,0.0,0.18676572
ALOX5,2,0,0.0,2.7336296e-06
ALOXE3,2,0,0.0,0.2598095
ALPG,11,0,0.0,0.0002482069
ALPI,3,0,0.0,0.00021801832
ALPK3,12,0,0.0,0.008035517
ALPL,2,0,0.0,3.1828042e-06
ALPP,3,0,0.0,0.00066580245
ALS2,3,0,0.0,0.000120419085
ALS2CL,3,0,0.0,1.17222164e-07
ALX1,6,0,0.0,0.109662406
ALX4,5,0,0.0,1.7152215e-06
AMBN,3,0,0.0,0.21988223
AMD1,3,0,0.0,0.24902998
AMDHD2,2,0,0.0,0.21841352
AMELX,3,0,0.0,0.09511138
AMER1,1,0,0.0,0.13695635
AMER2,3,0,0.0,0.22499798
AMER3,5,0,0.0,1.5021375e-05
AMFR,6,0,0.0,0.18326966
AMHR2,5,0,0.0,0.116905645
AMIGO1,1,0,0.0,1.6676978e-07
AMIGO2,1,0,0.0,0.5540416
AMIGO3,4,0,0.0,0.018591082
AMMECR1,1,0,0.0,0.066762894
AMMECR1L,4,0,0.0,0.0873926
AMN,1,0,0.0,1.6146088e-06
AMN1,3,0,0.0,1.7071128e-06
AMOT,3,0,0.0,0.16178577
AMOTL1,1,0,0.0,0.090725735
AMOTL2,2,0,0.0,0.007105386
AMPD3,6,0,0.0,0.19564974
AMY1B,1,0,0.0,0.23326498
AMY2B,7,0,0.0,0.13994154
AMZ2,1,0,0.0,0.52493095
ANAPC10,2,0,0.0,0.08802309
ANAPC4,4,0,0.0,0.0007157503
ANG,2,0,0.0,0.00018760891
ANGEL1,1,0,0.0,0.0029796443
ANGPT1,3,0,0.0,0.0005250319
ANGPT2,3,0,0.0,0.22839499
ANGPT4,7,0,0.0,0.08795367
ANGPTL1,3,0,0.0,0.009104159
ANGPTL2,2,0,0.0,1.3448934e-10
ANGPTL5,4,0,0.0,0.15651947
ANGPTL7,1,0,0.0,0.30788028
ANGPTL8,1,0,0.0,0.16994664
ANK3,16,0,0.0,0.15941194
ANKAR,5,0,0.0,0.103967145
ANKDD1A,2,0,0.0,0.012532733
ANKEF1,6,0,0.0,0.17929848
ANKFY1,3,0,0.0,4.7629233e-05
ANKHD1-EIF4EBP3,10,0,0.0,0.1832109
ANKIB1,4,0,0.0,0.0020559835
ANKK1,2,0,0.0,3.292676e-06
ANKLE1,1,0,0.0,2.8956406e-06
ANKLE2,1,0,0.0,0.009075242
ANKMY1,4,0,0.0,0.16506729
ANKRD10,2,0,0.0,0.03503039
ANKRD11,10,0,0.0,0.06466602
ANKRD12,6,0,0.0,0.034995478
ANKRD13A,1,0,0.0,0.6765334
ANKRD13C,1,0,0.0,6.9572916e-06
ANKRD13D,1,0,0.0,6.9236944e-06
ANKRD17,6,0,0.0,0.028888857
ANKRD20A2P,1,0,0.0,0.0514952
ANKRD20A4P,2,0,0.0,0.4664445
ANKRD20A5P,3,0,0.0,0.24382114
ANKRD26,5,0,0.0,0.01091305
ANKRD27,2,0,0.0,1.9333552e-06
ANKRD29,2,0,0.0,0.00034496377
ANKRD33,6,0,0.0,0.032986544
ANKRD34B,3,0,0.0,0.32641453
ANKRD35,2,0,0.0,0.13392839
ANKRD36B,1,0,0.0,2.7422573e-06
ANKRD40,3,0,0.0,0.011770409
ANKRD42,3,0,0.0,3.4151064e-05
ANKRD44,1,0,0.0,0.67297655
ANKRD53,3,0,0.0,0.04030231
ANKRD54,1,0,0.0,0.71055746
ANKRD55,5,0,0.0,0.31285185
ANKRD6,1,0,0.0,4.5540064e-06
ANKS1A,3,0,0.0,0.002043272
ANKS1B,8,0,0.0,0.08363436
ANKS3,5,0,0.0,0.11815418
ANKS4B,4,0,0.0,0.18443681
ANKZF1,3,0,0.0,0.0003639907
ANLN,7,0,0.0,0.19565205
ANO1,4,0,0.0,0.0016096949
ANO10,2,0,0.0,0.3552954
ANO6,5,0,0.0,0.16307276
ANO7,3,0,0.0,0.0054405183
ANO8,3,0,0.0,0.20043902
ANOS1,3,0,0.0,0.00042740421
ANP32A,1,0,0.0,8.390342e-07
ANP32D,4,0,0.0,7.540997e-06
ANP32E,2,0,0.0,2.7413137e-06
ANPEP,10,0,0.0,0.1526777
ANTKMT,1,0,0.0,0.26759925
ANTXR1,2,0,0.0,0.00093658053
ANXA1,2,0,0.0,0.33204097
ANXA11,2,0,0.0,0.00041403002
ANXA2,1,0,0.0,2.7231595e-06
ANXA2R,2,0,0.0,4.3313845e-05
ANXA3,2,0,0.0,0.1277776
ANXA4,1,0,0.0,0.00093493145
ANXA5,1,0,0.0,0.59950894
ANXA6,1,0,0.0,3.1185133e-05
ANXA8,1,0,0.0,0.72926295
ANXA8L1,3,0,0.0,2.4829831e-05
ANXA9,2,0,0.0,0.16436669
AOC3,3,0,0.0,1.5216974e-05
AOPEP,5,0,0.0,0.30394456
AOX1,5,0,0.0,0.009987029
AP000721.1,1,0,0.0,0.6245913
AP000769.5,2,0,0.0,0.21450871
AP001267.5,1,0,0.0,0.23420075
AP001425.1,1,0,0.0,0.72164106
AP001781.2,2,0,0.0,0.2232906
AP002512.3,8,0,0.0,0.04079323
AP003393.1,1,0,0.0,6.9898924e-06
AP1AR,2,0,0.0,0.39684525
AP1B1,3,0,0.0,0.00037871234
AP1M1,2,0,0.0,2.7529146e-07
AP1M2,3,0,0.0,0.23250248
AP2A2,3,0,0.0,2.1677637e-05
AP2B1,4,0,0.0,0.12155449
AP2M1,2,0,0.0,1.3672919e-06
AP3B2,1,0,0.0,3.869456e-06
AP3M1,1,0,0.0,0.03703356
AP4B1,2,0,0.0,2.2743804e-06
AP4E1,4,0,0.0,0.21207333
AP4M1,1,0,0.0,0.0002599759
AP4S1,1,0,0.0,0.03754894
AP5B1,2,0,0.0,3.949809e-08
AP5M1,1,0,0.0,0.00052198843
AP5Z1,2,0,0.0,0.22272247
APAF1,4,0,0.0,7.1044337e-06
APBA1,9,0,0.0,0.17141832
APBA2,5,0,0.0,0.033979528
APBA3,1,0,0.0,9.553879e-10
APBB1,6,0,0.0,0.11036
APBB1IP,3,0,0.0,0.47827223
APBB3,2,0,0.0,0.30654448
APC2,2,0,0.0,0.00016236492
APCDD1,1,0,0.0,2.687351e-06
APCDD1L,3,0,0.0,0.37360322
APCS,2,0,0.0,0.17513762
APEH,1,0,0.0,0.25638676
APH1B,2,0,0.0,0.13275263
APLF,1,0,0.0,1.6907371e-06
APLN,1,0,0.0,1.1391143e-11
APLP1,3,0,0.0,0.15866922
APLP2,7,0,0.0,0.10195131
APMAP,3,0,0.0,0.10820017
APOA2,2,0,0.0,0.011535165
APOA4,2,0,0.0,0.32590654
APOA5,3,0,0.0,9.2914553e-07
APOBEC3A,2,0,0.0,5.2615264e-06
APOBEC3G,3,0,0.0,2.313301e-06
APOBEC3H,2,0,0.0,2.7257702e-06
APOBR,3,0,0.0,2.5091964e-09
APOC3,1,0,0.0,6.819571e-07
APOD,1,0,0.0,2.7700664e-06
APOE,1,0,0.0,5.185035e-07
APOF,3,0,0.0,1.9103454e-06
APOL2,1,0,0.0,0.35009322
APOL5,1,0,0.0,0.72285324
APOL6,1,0,0.0,2.7572623e-06
APOO,1,0,0.0,4.1483745e-06
APOOL,1,0,0.0,0.00040563644
APP,2,0,0.0,0.31001186
APPBP2,2,0,0.0,0.00039646748
APPL1,2,0,0.0,0.29191047
APPL2,2,0,0.0,0.0661212
APTX,1,0,0.0,0.6844869
AQP1,1,0,0.0,6.5827237e-07
AQP12A,1,0,0.0,0.000110356115
AQP12B,3,0,0.0,0.22848295
AQP2,2,0,0.0,1.4727049e-06
AQP4,3,0,0.0,2.8373557e-05
AQP5,1,0,0.0,0.027369162
AQP7,3,0,0.0,0.14992306
AQP8,2,0,0.0,0.112442404
AQP9,4,0,0.0,0.32356548
AQR,6,0,0.0,0.0026468814
AR,4,0,0.0,6.777738e-07
ARAF,1,0,0.0,1.1391534e-11
ARAP1,2,0,0.0,0.05489233
ARAP3,6,0,0.0,0.02093176
ARCN1,2,0,0.0,0.3406185
AREG,5,0,0.0,0.0006446589
ARF5,2,0,0.0,3.0230253e-06
ARFGAP1,3,0,0.0,1.2265393e-06
ARFGEF2,6,0,0.0,0.10934927
ARFGEF3,18,0,0.0,0.003913079
ARFIP2,2,0,0.0,0.33742577
ARG1,2,0,0.0,0.013622617
ARG2,1,0,0.0,8.323768e-09
ARGFX,1,0,0.0,0.6658373
ARHGAP1,1,0,0.0,0.39619872
ARHGAP11A,4,0,0.0,0.0049578976
ARHGAP12,1,0,0.0,0.5734299
ARHGAP15,1,0,0.0,0.0025757626
ARHGAP17,2,0,0.0,0.17765337
ARHGAP18,4,0,0.0,0.3449154
ARHGAP19,1,0,0.0,1.10340063e-10
ARHGAP20,2,0,0.0,0.3554359
ARHGAP22,1,0,0.0,8.183195e-05
ARHGAP24,1,0,0.0,0.7105278
ARHGAP25,7,0,0.0,0.17728002
ARHGAP27,4,0,0.0,2.0957984e-06
ARHGAP31,2,0,0.0,0.0010752144
ARHGAP32,8,0,0.0,0.24727201
ARHGAP33,4,0,0.0,1.1790883e-06
ARHGAP35,8,0,0.0,0.20467246
ARHGAP36,2,0,0.0,0.009438484
ARHGAP39,3,0,0.0,4.0136547e-09
ARHGAP4,3,0,0.0,9.883551e-10
ARHGAP42,1,0,0.0,0.00040475384
ARHGAP44,7,0,0.0,0.13135332
ARHGAP5,4,0,0.0,0.0016760986
ARHGAP6,8,0,0.0,0.06066052
ARHGAP9,6,0,0.0,0.035567243
ARHGDIA,2,0,0.0,0.11957558
ARHGEF1,2,0,0.0,1.7752727e-08
ARHGEF10L,4,0,0.0,0.10138087
ARHGEF11,7,0,0.0,0.09895184
ARHGEF12,3,0,0.0,0.08163874
ARHGEF16,3,0,0.0,4.178434e-05
ARHGEF17,4,0,0.0,0.0055943127
ARHGEF18,3,0,0.0,0.30876234
ARHGEF19,4,0,0.0,0.19589843
ARHGEF2,1,0,0.0,1.1056231e-06
ARHGEF25,4,0,0.0,0.03796018
ARHGEF26,2,0,0.0,0.0013289985
ARHGEF28,9,0,0.0,0.026570989
ARHGEF38,1,0,0.0,0.6971169
ARHGEF39,1,0,0.0,2.543988e-07
ARHGEF4,3,0,0.0,0.02660595
ARHGEF6,2,0,0.0,0.26931557
ARHGEF7,5,0,0.0,0.14952223
ARID1B,4,0,0.0,0.00019934458
ARID3B,1,0,0.0,3.903157e-08
ARID3C,1,0,0.0,1.1661705e-10
ARID4A,4,0,0.0,0.0001319121
ARID5B,2,0,0.0,0.057792053
ARIH1,2,0,0.0,1.5219113e-06
ARIH2,3,0,0.0,0.24855947
ARL1,2,0,0.0,0.00031421284
ARL11,2,0,0.0,3.5701923e-06
ARL13B,1,0,0.0,2.7094175e-06
ARL14,3,0,0.0,0.23505145
ARL4A,2,0,0.0,0.0006743155
ARL4D,2,0,0.0,1.6682205e-05
ARL5B,1,0,0.0,0.7419528
ARL6IP5,1,0,0.0,2.963701e-08
ARL8B,2,0,0.0,0.00017392774
ARL9,1,0,0.0,0.05304536
ARMC1,2,0,0.0,0.3004592
ARMC10,3,0,0.0,0.5805071
ARMC12,2,0,0.0,4.6275487e-05
ARMC2,3,0,0.0,0.017672135
ARMC4,9,0,0.0,0.15434828
ARMC5,5,0,0.0,0.014065662
ARMC6,4,0,0.0,0.33652148
ARMC7,1,0,0.0,5.1791696e-05
ARMC8,3,0,0.0,0.46052516
ARMC9,2,0,0.0,0.6546949
ARMCX1,2,0,0.0,0.023192102
ARMCX5,1,0,0.0,8.528776e-06
ARMCX5-GPRASP2,4,0,0.0,0.0007129999
ARMH3,2,0,0.0,0.0008751426
ARMH4,2,0,0.0,0.026576001
ARMT1,3,0,0.0,0.43567792
ARNT,1,0,0.0,6.0726456e-06
ARNTL,2,0,0.0,0.0001957644
ARNTL2,4,0,0.0,0.03624875
ARPC2,1,0,0.0,0.07976181
ARPIN,2,0,0.0,0.00022986392
ARPP19P1,1,0,0.0,3.3236316e-10
ARPP19P2,3,0,0.0,0.0051434874
ARPP21,2,0,0.0,0.0026542724
ARRDC1,1,0,0.0,0.34866393
ARRDC3,3,0,0.0,0.23983203
ARRDC4,2,0,0.0,0.31585723
ARRDC5,1,0,0.0,4.159625e-06
ARSA,1,0,0.0,3.591068e-08
ARSB,3,0,0.0,0.08525217
ARSH,3,0,0.0,0.029118368
ARSI,4,0,0.0,0.18281189
ARSJ,3,0,0.0,0.25612324
ARSK,8,0,0.0,0.15357655
ART1,5,0,0.0,0.12725446
ART4,4,0,0.0,0.13790391
ARV1,1,0,0.0,0.00015429525
AS3MT,2,0,0.0,7.455827e-07
ASAH2,6,0,0.0,0.122861505
ASAP2,2,0,0.0,0.0051505733
ASAP3,3,0,0.0,0.24156739
ASB10,5,0,0.0,0.18803093
ASB11,2,0,0.0,0.48133233
ASB13,1,0,0.0,2.1347071e-07
ASB15,4,0,0.0,0.24304214
ASB17,2,0,0.0,0.095472895
ASB18,1,0,0.0,4.2165246e-10
ASB2,5,0,0.0,0.0031531532
ASB3,2,0,0.0,0.048361637
ASB4,3,0,0.0,0.00032135384
ASB5,7,0,0.0,0.115110315
ASB8,1,0,0.0,4.0641604e-05
ASB9,2,0,0.0,0.07243175
ASCC1,1,0,0.0,0.61025256
ASCC2,2,0,0.0,0.13936165
ASCC3,9,0,0.0,0.1085983
ASGR2,2,0,0.0,0.0145641845
ASH2L,1,0,0.0,1.33121e-05
ASIC1,2,0,0.0,2.1635296e-07
ASIC2,7,0,0.0,0.061540127
ASIC4,2,0,0.0,0.00015380656
ASIP,1,0,0.0,4.8091215e-07
ASL,2,0,0.0,0.006020148
ASMT,3,0,0.0,0.26446366
ASNSD1,3,0,0.0,0.069986545
ASPDH,1,0,0.0,5.163898e-10
ASPG,1,0,0.0,2.6445514e-08
ASPH,3,0,0.0,0.0012468528
ASPHD2,2,0,0.0,7.131914e-07
ASPM,20,0,0.0,0.12328482
ASPN,1,0,0.0,2.8498514e-06
ASPSCR1,1,0,0.0,1.0742335e-08
ASS1,2,0,0.0,1.9688105e-06
ASTL,8,0,0.0,0.065871574
ASTN1,2,0,0.0,3.0940607e-06
ASXL1,12,0,0.0,0.19425099
ASXL2,6,0,0.0,0.06277739
ASXL3,4,0,0.0,2.3657754e-05
ASZ1,9,0,0.0,0.2431906
ATAD1,3,0,0.0,6.6750994e-07
ATAD2,5,0,0.0,0.28214222
ATAD2B,4,0,0.0,0.261465
ATAD3B,1,0,0.0,0.0015769259
ATAD3C,1,0,0.0,9.3060663e-07
ATAD5,1,0,0.0,0.00031878875
ATCAY,5,0,0.0,0.0033723426
ATE1,2,0,0.0,0.21106169
ATF1,1,0,0.0,0.55689174
ATF2,3,0,0.0,1.9449097e-05
ATF5,1,0,0.0,0.4864975
ATF6,1,0,0.0,6.585765e-06
ATF6B,5,0,0.0,0.010494017
ATG10,1,0,0.0,0.061982777
ATG101,3,0,0.0,0.093512855
ATG12,1,0,0.0,0.728088
ATG13,2,0,0.0,0.45211554
ATG14,1,0,0.0,0.024979569
ATG16L1,3,0,0.0,0.23736912
ATG16L2,2,0,0.0,0.06999183
ATG2A,2,0,0.0,0.5036654
ATG4B,2,0,0.0,0.3439072
ATG4D,4,0,0.0,0.13003258
ATG5,2,0,0.0,0.0003481978
ATG9A,2,0,0.0,1.105714e-10
ATIC,1,0,0.0,0.0053337053
ATL1,3,0,0.0,2.9676414e-05
ATL2,1,0,0.0,1.7936781e-08
ATL3,1,0,0.0,0.002718489
ATMIN,3,0,0.0,0.2494473
ATN1,6,0,0.0,0.0058028586
ATOH1,3,0,0.0,0.40771458
ATOX1,1,0,0.0,1.0156835e-08
ATP10A,9,0,0.0,0.07820888
ATP10B,17,0,0.0,0.18366124
ATP11AUN,1,0,0.0,1.8645387e-09
ATP11B,5,0,0.0,0.1165486
ATP11C,6,0,0.0,0.0007966917
ATP13A1,4,0,0.0,0.26836044
ATP13A3,2,0,0.0,0.0025513286
ATP1A1,3,0,0.0,0.12417704
ATP1A2,5,0,0.0,0.027516505
ATP1A3,4,0,0.0,0.016855609
ATP1A4,4,0,0.0,0.33231306
ATP1B1,1,0,0.0,0.7109685
ATP1B3,1,0,0.0,0.242721
ATP1B4,2,0,0.0,2.7746244e-06
ATP23,2,0,0.0,0.099089704
ATP2A3,7,0,0.0,0.27384344
ATP2B1,4,0,0.0,0.037361056
ATP2B2,4,0,0.0,0.15314111
ATP2B3,11,0,0.0,0.11692812
ATP2C1,8,0,0.0,0.046868786
ATP2C2,4,0,0.0,0.0216548
ATP4A,13,0,0.0,0.14083815
ATP5F1A,2,0,0.0,1.5515662e-06
ATP5F1C,2,0,0.0,0.12770301
ATP5MC1,2,0,0.0,0.22713402
ATP5MC2,1,0,0.0,0.7352101
ATP5ME,2,0,0.0,2.0947596e-06
ATP5PB,2,0,0.0,0.6848856
ATP5PD,1,0,0.0,0.744772
ATP6AP1,1,0,0.0,0.00079031626
ATP6AP1L,1,0,0.0,2.789051e-06
ATP6AP2,1,0,0.0,1.25222305e-05
ATP6V0A2,4,0,0.0,0.0013226893
ATP6V0A4,12,0,0.0,0.076097585
ATP6V0B,1,0,0.0,1.317905e-06
ATP6V0D1,7,0,0.0,0.10643893
ATP6V0D2,3,0,0.0,0.32179892
ATP6V1A,4,0,0.0,0.13273944
ATP6V1B1,1,0,0.0,5.8409264e-06
ATP6V1B2,1,0,0.0,2.7494978e-06
ATP6V1C1,5,0,0.0,0.01745325
ATP6V1C2,5,0,0.0,0.072293505
ATP6V1F,1,0,0.0,0.1816243
ATP6V1G1,3,0,0.0,1.8036029e-06
ATP6V1G2,1,0,0.0,0.009789828
ATP6V1G3,1,0,0.0,5.22833e-09
ATP8A1,9,0,0.0,0.08611298
ATP8B1,11,0,0.0,0.08377275
ATP8B2,3,0,0.0,0.00034874203
ATP8B3,2,0,0.0,1.5914466e-08
ATP8B4,12,0,0.0,0.04238114
ATP9A,6,0,0.0,0.17737882
ATPAF2,1,0,0.0,0.52945256
ATRAID,1,0,0.0,0.19087285
ATRN,3,0,0.0,0.013568297
ATRNL1,9,0,0.0,0.1908932
ATRX,35,0,0.0,0.07234973
ATXN1,3,0,0.0,0.00018032732
ATXN2,7,0,0.0,0.05413965
ATXN3,1,0,0.0,4.1939383e-10
ATXN7,5,0,0.0,0.36108023
ATXN7L2,2,0,0.0,3.7730126e-06
ATXN7L3,2,0,0.0,0.23490146
AUP1,1,0,0.0,0.0002504748
AURKA,2,0,0.0,0.14543645
AURKAIP1,3,0,0.0,0.12523901
AURKB,1,0,0.0,0.016578672
AURKC,2,0,0.0,0.56847155
AUTS2,4,0,0.0,0.18758494
AVIL,2,0,0.0,7.6626005e-05
AVPR1A,3,0,0.0,1.9776113e-05
AVPR1B,5,0,0.0,0.046265565
AVPR2,1,0,0.0,0.012014187
AWAT1,2,0,0.0,2.7653439e-06
AWAT2,2,0,0.0,0.00088082196
AXDND1,10,0,0.0,0.2067487
AXIN1,4,0,0.0,0.12889315
AXIN2,2,0,0.0,0.00013069663
AZI2,2,0,0.0,0.36394745
AZIN2,1,0,0.0,1.4240005e-05
B2M,1,0,0.0,4.4327767e-06
B3GALNT1,1,0,0.0,0.37473294
B3GALNT2,2,0,0.0,1.5688678e-06
B3GALT1,1,0,0.0,0.026746383
B3GALT5,3,0,0.0,0.09942979
B3GAT1,3,0,0.0,0.0009000593
B3GAT2,1,0,0.0,0.0020223632
B3GNT2,4,0,0.0,0.13183342
B3GNT3,2,0,0.0,4.3341624e-06
B3GNT4,2,0,0.0,2.742459e-06
B3GNT5,1,0,0.0,4.971882e-06
B3GNT6,2,0,0.0,2.5762956e-09
B3GNT7,2,0,0.0,2.2644329e-08
B3GNT8,1,0,0.0,0.10928862
B3GNT9,3,0,0.0,0.21302311
B4GALNT1,9,0,0.0,0.09347092
B4GALNT2,1,0,0.0,7.861241e-06
B4GALNT3,6,0,0.0,0.22671418
B4GALNT4,1,0,0.0,0.0003190259
B4GALT1,1,0,0.0,0.5740514
B4GALT2,3,0,0.0,0.36555514
B4GALT4,1,0,0.0,0.5990615
B4GALT6,3,0,0.0,0.24893422
B4GAT1,1,0,0.0,7.6728685e-07
B9D1,1,0,0.0,0.0046811625
BAAT,1,0,0.0,0.12373714
BABAM2,1,0,0.0,0.6540185
BACE2,4,0,0.0,0.27301738
BACH1,8,0,0.0,0.23372595
BACH2,3,0,0.0,0.25061065
BAG3,1,0,0.0,3.0309088e-06
BAG4,2,0,0.0,0.31600586
BAG5,1,0,0.0,1.1065746e-10
BAHCC1,3,0,0.0,0.0011097706
BAHD1,6,0,0.0,2.653208e-05
BAIAP2,2,0,0.0,0.093988374
BAIAP2L1,3,0,0.0,0.22548334
BAIAP3,3,0,0.0,0.019846298
BAMBI,1,0,0.0,0.41378456
BANF1,1,0,0.0,0.7272966
BANK1,3,0,0.0,0.0007729523
BANP,2,0,0.0,0.4267951
BAP1,3,0,0.0,0.24396026
BARD1,2,0,0.0,0.21721838
BARHL1,1,0,0.0,0.3225429
BARHL2,3,0,0.0,0.00015681352
BARX2,1,0,0.0,1.6678108e-07
BASP1,4,0,0.0,0.05495873
BATF,1,0,0.0,1.10582564e-10
BATF2,1,0,0.0,2.5293525e-06
BAZ1A,8,0,0.0,0.057231814
BAZ1B,6,0,0.0,0.08637273
BAZ2B,12,0,0.0,0.06964668
BBOF1,1,0,0.0,0.21019591
BBS10,1,0,0.0,0.46376535
BBS12,3,0,0.0,0.09875828
BBS9,8,0,0.0,0.0054723686
BBX,3,0,0.0,0.15602167
BCAS1,5,0,0.0,0.14827643
BCAS3,3,0,0.0,0.60410804
BCAT1,3,0,0.0,0.4393959
BCCIP,1,0,0.0,0.0071953787
BCDIN3D,1,0,0.0,6.441124e-08
BCHE,5,0,0.0,6.1444894e-06
BCKDHA,1,0,0.0,0.00010736144
BCKDHB,4,0,0.0,0.09905776
BCKDK,1,0,0.0,0.021159336
BCL11B,3,0,0.0,0.010337419
BCL2,1,0,0.0,4.568901e-07
BCL2L1,1,0,0.0,3.0305827e-08
BCL2L10,2,0,0.0,1.1496824e-06
BCL2L11,2,0,0.0,3.160994e-08
BCL2L14,2,0,0.0,0.29654512
BCL3,2,0,0.0,0.09922944
BCL6,3,0,0.0,0.056304622
BCL6B,4,0,0.0,0.17940289
BCL7A,1,0,0.0,8.6735134e-05
BCL7B,1,0,0.0,0.09266272
BCL9,4,0,0.0,0.17154726
BCL9L,1,0,0.0,1.1082603e-10
BCLAF3,6,0,0.0,0.116202
BCO1,1,0,0.0,5.2991834e-07
BCO2,1,0,0.0,0.66419643
BCOR,15,0,0.0,0.00093720685
BCR,1,0,0.0,0.61574364
BCS1L,1,0,0.0,0.012360665
BDH1,1,0,0.0,0.57369465
BDH2,1,0,0.0,0.18648183
BDKRB1,2,0,0.0,7.3476426e-06
BDKRB2,4,0,0.0,0.00049912505
BDNF,2,0,0.0,0.3293145
BECN1,1,0,0.0,1.9298334e-09
BEGAIN,1,0,0.0,1.5579695e-09
BEND2,4,0,0.0,0.19056427
BEND3,4,0,0.0,2.5745881e-05
BEND4,1,0,0.0,0.5448555
BEND6,1,0,0.0,0.000107098655
BEND7,1,0,0.0,7.2406016e-05
BEST2,3,0,0.0,0.124246515
BEST3,4,0,0.0,0.12875287
BEST4,2,0,0.0,2.6914217e-06
BET1,1,0,0.0,0.40421692
BEX2,1,0,0.0,1.0933913e-09
BEX4,1,0,0.0,0.28982884
BEX5,1,0,0.0,1.1048327e-10
BGN,1,0,0.0,0.0081008645
BHLHE40,2,0,0.0,0.3607636
BHLHE41,1,0,0.0,0.0016563998
BICD2,2,0,0.0,2.138273e-06
BICRA,1,0,0.0,3.1298726e-09
BICRAL,2,0,0.0,3.0303854e-05
BID,1,0,0.0,6.165713e-07
BIK,2,0,0.0,0.0050024376
BIN2,4,0,0.0,0.17413874
BIRC2,2,0,0.0,0.2725407
BIRC3,2,0,0.0,0.090537794
BIRC6,18,0,0.0,0.08004113
BIRC8,1,0,0.0,9.4476256e-08
BIVM-ERCC5,9,0,0.0,0.064737365
BLID,1,0,0.0,8.777848e-08
BLK,3,0,0.0,0.34098044
BLM,9,0,0.0,0.08205111
BLNK,4,0,0.0,0.009909228
BLOC1S5,2,0,0.0,9.179152e-09
BLVRA,1,0,0.0,0.32589105
BLZF1,2,0,0.0,2.8369732e-06
BMERB1,1,0,0.0,2.6920527e-06
BMI1,2,0,0.0,4.45877e-06
BMP1,2,0,0.0,0.23492676
BMP10,1,0,0.0,0.016883686
BMP15,4,0,0.0,1.1457275e-09
BMP2,1,0,0.0,0.0001191811
BMP3,9,0,0.0,0.024364002
BMP4,1,0,0.0,3.560701e-07
BMP5,11,0,0.0,0.023553027
BMP6,3,0,0.0,0.0007172076
BMP7,1,0,0.0,9.299323e-07
BMP8B,1,0,0.0,0.06314831
BMPER,5,0,0.0,0.0033684901
BMPR1B,3,0,0.0,0.19250886
BMPR2,5,0,0.0,0.09868185
BMS1,11,0,0.0,0.3261993
BMT2,1,0,0.0,0.5004974
BMX,6,0,0.0,0.0046685925
BNC1,7,0,0.0,0.0055846083
BNIP3,3,0,0.0,1.1446958e-06
BNIP5,1,0,0.0,0.17495346
BNIPL,1,0,0.0,2.7285434e-06
BOLA3,1,0,0.0,2.744235e-06
BOLL,1,0,0.0,5.576329e-06
BOP1,2,0,0.0,6.517458e-08
BORA,2,0,0.0,0.0032034928
BORCS5,3,0,0.0,0.11919027
BPI,2,0,0.0,0.36972117
BPIFA2,1,0,0.0,0.005714972
BPIFB1,2,0,0.0,0.056327708
BPIFB3,4,0,0.0,0.50136
BPNT1,3,0,0.0,0.00015397885
BPNT2,2,0,0.0,0.00020675127
BPY2C,1,0,0.0,0.0009938409
BRAP,4,0,0.0,0.00016129133
BRAT1,3,0,0.0,0.19852401
BRCC3,1,0,0.0,9.020977e-11
BRD2,6,0,0.0,0.00037183205
BRD9,2,0,0.0,2.7019907e-05
BRDT,3,0,0.0,5.1230545e-06
BRF2,5,0,0.0,0.117359474
BRICD5,1,0,0.0,3.130219e-09
BRINP1,4,0,0.0,0.0062958864
BRIP1,6,0,0.0,0.12522836
BRIX1,3,0,0.0,0.0010122876
BRMS1,2,0,0.0,3.1381978e-06
BROX,1,0,0.0,4.0083155e-06
BRPF1,4,0,0.0,0.013935515
BRS3,5,0,0.0,0.0058384407
BRSK1,5,0,0.0,0.1926255
BRSK2,2,0,0.0,0.3641517
BRWD3,11,0,0.0,0.118502066
BSDC1,3,0,0.0,0.18095362
BSND,2,0,0.0,4.0916448e-06
BSPRY,1,0,0.0,5.039287e-07
BSX,1,0,0.0,8.690141e-08
BTAF1,8,0,0.0,0.14067774
BTBD1,1,0,0.0,2.1350143e-05
BTBD11,7,0,0.0,0.020626778
BTBD17,1,0,0.0,6.0090805e-08
BTBD2,2,0,0.0,0.36151752
BTBD3,2,0,0.0,0.37131143
BTBD6,1,0,0.0,0.13794644
BTBD7,4,0,0.0,0.1861221
BTBD8,1,0,0.0,7.881682e-06
BTD,1,0,0.0,2.1921178e-08
BTF3,1,0,0.0,1.8267142e-06
BTG3,3,0,0.0,0.42066368
BTG4,3,0,0.0,0.059949785
BTK,4,0,0.0,0.0191246
BTN1A1,3,0,0.0,0.0005938822
BTN2A2,3,0,0.0,0.20623015
BTN2A3P,2,0,0.0,0.119299516
BTN3A2,2,0,0.0,0.65724266
BTNL2,2,0,0.0,0.53556067
BTNL3,2,0,0.0,0.31681532
BTNL8,9,0,0.0,0.03960887
BTRC,4,0,0.0,0.0007782004
BUB1B,3,0,0.0,2.621609e-05
BUB3,1,0,0.0,5.407886e-07
BUD13,3,0,0.0,1.9005753e-06
BUD23,1,0,0.0,2.7236792e-06
BVES,1,0,0.0,0.0003897504
BZW2,1,0,0.0,0.74372333
C10orf120,2,0,0.0,1.1496294e-05
C10orf53,1,0,0.0,1.1056254e-10
C10orf62,1,0,0.0,0.0034431464
C10orf71,10,0,0.0,0.07774647
C10orf90,4,0,0.0,0.27769858
C11orf1,1,0,0.0,0.6016454
C11orf24,1,0,0.0,0.6582159
C11orf58,1,0,0.0,0.37469527
C11orf65,3,0,0.0,0.1912279
C11orf80,1,0,0.0,2.8612342e-06
C11orf94,1,0,0.0,0.63976574
C12orf29,1,0,0.0,0.2335094
C12orf4,4,0,0.0,0.18603118
C12orf43,1,0,0.0,0.48618248
C12orf50,8,0,0.0,0.22892359
C12orf54,2,0,0.0,0.16759166
C12orf57,1,0,0.0,0.0007903885
C12orf60,2,0,0.0,0.56961083
C12orf66,2,0,0.0,2.3453085e-06
C12orf77,1,0,0.0,0.0010904762
C14orf177,1,0,0.0,1.9214262e-05
C14orf39,8,0,0.0,0.07991393
C14orf93,2,0,0.0,0.2629865
C15orf39,2,0,0.0,0.27092806
C15orf40,1,0,0.0,0.53700435
C15orf48,2,0,0.0,0.002161577
C15orf54,1,0,0.0,2.7550466e-06
C16orf46,2,0,0.0,0.16631943
C16orf54,2,0,0.0,8.63333e-11
C16orf70,4,0,0.0,1.9990964e-06
C16orf71,3,0,0.0,0.15543084
C16orf78,1,0,0.0,0.7367512
C16orf89,1,0,0.0,3.8713197e-06
C17orf64,1,0,0.0,5.8202136e-07
C17orf67,1,0,0.0,1.1848854e-05
C17orf80,3,0,0.0,0.15639466
C18orf21,2,0,0.0,2.6971038e-06
C18orf54,5,0,0.0,0.0174856
C19orf12,1,0,0.0,2.877475e-06
C19orf18,2,0,0.0,0.37105843
C19orf44,1,0,0.0,0.64576364
C19orf54,1,0,0.0,0.0010698411
C19orf57,2,0,0.0,3.1159432e-06
C1GALT1,1,0,0.0,5.622813e-07
C1GALT1C1,1,0,0.0,0.048193578
C1GALT1C1L,1,0,0.0,8.0938545e-10
C1QA,2,0,0.0,0.0035559102
C1QB,2,0,0.0,0.23908596
C1QBP,1,0,0.0,2.6828595e-06
C1QC,2,0,0.0,0.27301842
C1QL2,1,0,0.0,3.872771e-06
C1QL4,1,0,0.0,1.228953e-09
C1QTNF1,1,0,0.0,0.25588036
C1QTNF12,1,0,0.0,0.037665803
C1QTNF5,2,0,0.0,0.07851515
C1QTNF6,2,0,0.0,2.7378542e-06
C1QTNF7,2,0,0.0,0.34525216
C1QTNF8,2,0,0.0,0.00022771738
C1QTNF9,1,0,0.0,0.37502557
C1QTNF9B,1,0,0.0,1.0721778e-09
C1R,2,0,0.0,0.01711878
C1RL,1,0,0.0,0.61371285
C1S,5,0,0.0,0.08003133
C1orf100,2,0,0.0,1.1737074e-05
C1orf105,1,0,0.0,0.29709673
C1orf112,2,0,0.0,0.011327718
C1orf116,5,0,0.0,0.122076176
C1orf122,1,0,0.0,0.10214368
C1orf127,2,0,0.0,0.0030644792
C1orf141,2,0,0.0,1.6057294e-05
C1orf158,1,0,0.0,1.1053091e-10
C1orf162,1,0,0.0,0.17382713
C1orf194,1,0,0.0,9.588643e-07
C1orf198,2,0,0.0,3.624634e-06
C1orf21,1,0,0.0,4.4019694e-06
C1orf210,2,0,0.0,0.28045028
C1orf220,3,0,0.0,0.01340625
C1orf43,1,0,0.0,2.4786315e-05
C1orf54,2,0,0.0,0.25787175
C1orf56,1,0,0.0,2.7198168e-06
C1orf74,1,0,0.0,0.30809116
C1orf94,4,0,0.0,0.029853655
C2,2,0,0.0,5.487649e-05
C20orf27,2,0,0.0,0.3481177
C20orf85,3,0,0.0,0.22051136
C21orf58,1,0,0.0,0.0015176646
C22orf23,1,0,0.0,1.7941917e-06
C2CD2,3,0,0.0,5.53019e-06
C2CD2L,4,0,0.0,1.2516341e-06
C2CD3,4,0,0.0,0.00041614915
C2CD6,6,0,0.0,0.15941
C2orf16,9,0,0.0,0.19698736
C2orf42,3,0,0.0,0.18973799
C2orf68,1,0,0.0,1.10643335e-10
C2orf69,1,0,0.0,0.25541696
C2orf78,6,0,0.0,0.00088961626
C2orf80,1,0,0.0,0.2712293
C2orf83,2,0,0.0,0.1910619
C3AR1,3,0,0.0,0.00017317165
C3P1,2,0,0.0,0.0005794184
C3orf18,1,0,0.0,2.5993474e-09
C3orf20,4,0,0.0,0.1761656
C3orf33,2,0,0.0,0.2050694
C3orf35,2,0,0.0,0.36454162
C3orf38,4,0,0.0,0.08757734
C4A,1,0,0.0,0.60971403
C4B,2,0,0.0,0.23557256
C4BPA,6,0,0.0,0.0057343184
C4orf17,3,0,0.0,0.24462943
C4orf33,1,0,0.0,3.687622e-05
C5AR1,2,0,0.0,0.0069588353
C5AR2,1,0,0.0,0.39534175
C5orf22,2,0,0.0,0.35534614
C5orf24,1,0,0.0,1.2850537e-06
C5orf34,2,0,0.0,0.1467474
C5orf38,1,0,0.0,0.6505028
C5orf58,1,0,0.0,0.5493106
C6,10,0,0.0,0.0364623
C6orf118,3,0,0.0,0.2465627
C6orf120,1,0,0.0,3.8426926e-05
C6orf136,1,0,0.0,0.00015265752
C6orf15,1,0,0.0,0.21046363
C6orf201,2,0,0.0,0.0018760784
C6orf62,1,0,0.0,0.00027488807
C6orf89,3,0,0.0,0.0003925752
C7,10,0,0.0,0.07563553
C7orf25,1,0,0.0,0.5006559
C7orf26,3,0,0.0,0.0011964684
C7orf31,3,0,0.0,0.18575521
C7orf33,2,0,0.0,0.002165526
C7orf57,2,0,0.0,0.004657625
C7orf66,3,0,0.0,0.24067862
C8B,4,0,0.0,0.18442862
C8G,3,0,0.0,0.08531386
C8orf34,4,0,0.0,1.46292305e-05
C8orf58,2,0,0.0,0.23497522
C8orf76,1,0,0.0,1.0507514e-05
C9,4,0,0.0,0.14604524
C9orf116,2,0,0.0,0.039469633
C9orf129,2,0,0.0,0.29276386
C9orf152,1,0,0.0,0.32096112
C9orf163,1,0,0.0,7.188921e-06
C9orf43,2,0,0.0,3.8467724e-06
C9orf50,1,0,0.0,0.30828193
C9orf64,4,0,0.0,6.601038e-05
C9orf78,1,0,0.0,0.6581707
C9orf85,1,0,0.0,4.4623857e-07
CA1,1,0,0.0,0.4196513
CA10,3,0,0.0,0.003223297
CA11,2,0,0.0,0.11971451
CA12,4,0,0.0,0.03808225
CA3,3,0,0.0,0.58829266
CA4,1,0,0.0,1.1072968e-10
CA5A,2,0,0.0,0.36631057
CA5B,3,0,0.0,0.017703211
CA6,1,0,0.0,2.7473511e-06
CA7,2,0,0.0,0.28557357
CA8,4,0,0.0,0.0019154405
CA9,1,0,0.0,0.27644545
CAB39,3,0,0.0,0.22977878
CAB39L,1,0,0.0,4.7160958e-07
CABIN1,14,0,0.0,0.0118605485
CABLES1,2,0,0.0,0.36375588
CABLES2,3,0,0.0,0.17023428
CABP1,5,0,0.0,0.14555173
CABP2,1,0,0.0,0.07671446
CABP4,4,0,0.0,0.13138622
CABP5,1,0,0.0,0.034914613
CABS1,6,0,0.0,0.123001635
CACHD1,4,0,0.0,0.24968201
CACNA1A,7,0,0.0,0.15655932
CACNA1G,9,0,0.0,0.0023257192
CACNA1H,12,0,0.0,0.09598901
CACNA2D1,16,0,0.0,0.061804976
CACNA2D3,8,0,0.0,0.15055068
CACNA2D4,4,0,0.0,0.17152342
CACNB1,1,0,0.0,0.5215336
CACNB3,3,0,0.0,0.12617902
CACNG1,1,0,0.0,3.9541214e-06
CACNG2,2,0,0.0,1.2856454e-05
CACNG5,1,0,0.0,5.5772593e-06
CACNG8,2,0,0.0,0.00045287755
CACUL1,2,0,0.0,0.14057752
CACYBP,3,0,0.0,0.0018097853
CAD,13,0,0.0,0.056293674
CADM1,3,0,0.0,0.06836627
CADM3,1,0,0.0,0.00037589305
CADPS2,2,0,0.0,0.73670673
CAGE1,1,0,0.0,2.9985217e-06
CALB1,1,0,0.0,0.6666906
CALB2,4,0,0.0,0.17249489
CALCA,3,0,0.0,1.4943589e-06
CALCOCO1,3,0,0.0,2.1057655e-05
CALCOCO2,4,0,0.0,3.285586e-05
CALCRL,2,0,0.0,0.05380387
CALD1,5,0,0.0,0.21996403
CALHM1,1,0,0.0,5.687037e-07
CALHM2,3,0,0.0,3.1050004e-07
CALHM4,1,0,0.0,9.369057e-05
CALHM5,2,0,0.0,0.000994269
CALM1,2,0,0.0,2.2380611e-05
CALM3,1,0,0.0,2.641719e-06
CALML5,2,0,0.0,2.3646105e-10
CALN1,16,0,0.0,0.26269445
CALR,2,0,0.0,5.175426e-06
CALR3,5,0,0.0,0.09731285
CALY,1,0,0.0,0.57902175
CAMK1,2,0,0.0,0.0010458105
CAMK1G,2,0,0.0,0.091443084
CAMK2A,2,0,0.0,1.0557448e-05
CAMK2G,1,0,0.0,0.00022336481
CAMK4,2,0,0.0,2.8692406e-05
CAMKK1,3,0,0.0,0.0032692906
CAMKK2,5,0,0.0,0.114254974
CAMKMT,2,0,0.0,0.13074563
CAMKV,5,0,0.0,0.11338049
CAMP,1,0,0.0,2.2464799e-11
CAMSAP1,4,0,0.0,0.19897349
CAMTA2,1,0,0.0,0.6001871
CAND1,7,0,0.0,0.08261611
CAND2,5,0,0.0,0.061328925
CANT1,6,0,0.0,0.100341894
CANX,8,0,0.0,0.35500503
CAP2,1,0,0.0,0.0018627163
CAPG,1,0,0.0,0.012260056
CAPN1,8,0,0.0,0.09479683
CAPN11,1,0,0.0,0.006738584
CAPN12,1,0,0.0,0.6561388
CAPN13,4,0,0.0,1.6154452e-06
CAPN15,1,0,0.0,5.537144e-08
CAPN2,2,0,0.0,0.7216359
CAPN3,6,0,0.0,0.2119406
CAPN5,3,0,0.0,1.5833443e-06
CAPN6,7,0,0.0,0.028220672
CAPN9,1,0,0.0,2.7314882e-06
CAPNS1,1,0,0.0,1.9016836e-05
CAPRIN1,1,0,0.0,0.005071476
CAPRIN2,6,0,0.0,0.123148225
CAPS,3,0,0.0,3.837267e-05
CAPS2,4,0,0.0,0.013259945
CAPSL,3,0,0.0,0.4694225
CAPZA1,2,0,0.0,0.32946652
CAPZA2,1,0,0.0,2.6981158e-06
CAPZA3,1,0,0.0,0.05306415
CARD10,2,0,0.0,1.9219513e-06
CARD11,10,0,0.0,0.13875192
CARD16,3,0,0.0,2.921767e-06
CARD6,15,0,0.0,0.166997
CARF,7,0,0.0,0.08847649
CARM1,4,0,0.0,0.40138277
CARMIL2,12,0,0.0,0.11080306
CARMIL3,5,0,0.0,0.120282985
CARS2,3,0,0.0,0.24760936
CARTPT,2,0,0.0,4.7961286e-05
CASD1,4,0,0.0,0.35039175
CASK,7,0,0.0,0.11577575
CASKIN1,2,0,0.0,0.3588529
CASKIN2,3,0,0.0,0.23698908
CASP10,3,0,0.0,0.031360406
CASP14,1,0,0.0,0.036305867
CASP2,4,0,0.0,0.06944771
CASP3,1,0,0.0,0.72624123
CASP4,2,0,0.0,0.006524781
CASP5,1,0,0.0,0.7023005
CASP6,1,0,0.0,0.2947795
CASP8,1,0,0.0,0.11254022
CASQ1,1,0,0.0,4.6400146e-06
CASQ2,4,0,0.0,0.058615975
CASS4,5,0,0.0,0.0005336839
CASZ1,11,0,0.0,0.0044573103
CATIP,1,0,0.0,3.2222983e-06
CATSPER1,1,0,0.0,0.01620992
CATSPER3,2,0,0.0,0.34357938
CATSPER4,2,0,0.0,0.02496363
CATSPERB,1,0,0.0,7.694473e-06
CATSPERD,10,0,0.0,0.06775572
CATSPERE,1,0,0.0,2.6822095e-06
CATSPERZ,1,0,0.0,0.0011805057
CAV2,3,0,0.0,0.00053070474
CAV3,3,0,0.0,0.1347294
CAVIN2,5,0,0.0,0.08326785
CAVIN4,1,0,0.0,0.638493
CBFA2T2,1,0,0.0,0.5274804
CBFA2T3,3,0,0.0,0.49116766
CBL,1,0,0.0,5.162306e-05
CBLIF,5,0,0.0,0.14065906
CBLL1,3,0,0.0,0.022030711
CBLL2,1,0,0.0,2.8068114e-05
CBLN1,1,0,0.0,0.24023998
CBLN2,3,0,0.0,1.96933e-05
CBLN3,1,0,0.0,4.0625915e-07
CBLN4,1,0,0.0,0.1870929
CBR1,1,0,0.0,0.041655492
CBWD1,1,0,0.0,0.0007578073
CBWD6,1,0,0.0,2.378255e-08
CBX2,3,0,0.0,0.5339311
CBX3,1,0,0.0,0.7347802
CBX4,1,0,0.0,1.6714779e-07
CBX5,2,0,0.0,0.3033885
CBX7,1,0,0.0,2.9430487e-09
CBX8,2,0,0.0,2.1044984e-07
CC2D1A,3,0,0.0,0.22612296
CC2D1B,2,0,0.0,0.05634355
CC2D2A,3,0,0.0,0.0046875547
CC2D2B,1,0,0.0,0.06885494
CCAR1,6,0,0.0,0.2374254
CCAR2,4,0,0.0,0.088532194
CCBE1,2,0,0.0,2.1684511e-06
CCDC102A,1,0,0.0,1.1071341e-10
CCDC102B,1,0,0.0,0.56064296
CCDC105,10,0,0.0,0.11493454
CCDC106,1,0,0.0,1.1071215e-10
CCDC107,1,0,0.0,0.51041794
CCDC110,6,0,0.0,0.13945235
CCDC113,2,0,0.0,4.5103094e-05
CCDC114,1,0,0.0,0.038733993
CCDC115,2,0,0.0,0.001292507
CCDC116,3,0,0.0,0.011633031
CCDC12,2,0,0.0,3.2463632e-08
CCDC121,2,0,0.0,0.0026817215
CCDC122,1,0,0.0,1.6630952e-07
CCDC130,2,0,0.0,0.3448909
CCDC138,4,0,0.0,0.17300588
CCDC14,1,0,0.0,1.4790338e-09
CCDC141,5,0,0.0,0.1003543
CCDC142,4,0,0.0,0.19397418
CCDC146,7,0,0.0,0.10245488
CCDC149,4,0,0.0,0.00032414502
CCDC15,1,0,0.0,0.006142498
CCDC150,1,0,0.0,0.00014421696
CCDC151,2,0,0.0,0.17786357
CCDC157,3,0,0.0,0.074186265
CCDC158,11,0,0.0,0.0070533548
CCDC17,1,0,0.0,7.623111e-05
CCDC170,3,0,0.0,0.24128179
CCDC172,3,0,0.0,0.00019512406
CCDC173,4,0,0.0,0.115721636
CCDC181,3,0,0.0,0.46226665
CCDC183,1,0,0.0,0.2332561
CCDC184,3,0,0.0,2.0490043e-06
CCDC185,3,0,0.0,0.16695368
CCDC186,1,0,0.0,0.3164272
CCDC189,1,0,0.0,1.3711177e-07
CCDC190,3,0,0.0,0.19094987
CCDC191,2,0,0.0,0.02116472
CCDC198,1,0,0.0,0.005275928
CCDC22,4,0,0.0,9.272887e-05
CCDC25,1,0,0.0,0.00015014174
CCDC27,4,0,0.0,0.25272578
CCDC3,2,0,0.0,1.6090164e-06
CCDC30,3,0,0.0,0.049728807
CCDC32,2,0,0.0,0.37896848
CCDC33,5,0,0.0,0.038037065
CCDC34,1,0,0.0,1.2969949e-07
CCDC38,2,0,0.0,0.33485478
CCDC39,4,0,0.0,7.7333453e-07
CCDC40,3,0,0.0,0.1727929
CCDC42,2,0,0.0,0.027067883
CCDC47,1,0,0.0,0.00026972799
CCDC50,2,0,0.0,0.13440996
CCDC54,3,0,0.0,2.16388e-06
CCDC57,1,0,0.0,0.11120375
CCDC60,12,0,0.0,0.16334419
CCDC62,3,0,0.0,0.26669565
CCDC65,1,0,0.0,0.123965845
CCDC68,2,0,0.0,2.7664826e-06
CCDC69,2,0,0.0,0.05342887
CCDC7,4,0,0.0,0.4424078
CCDC73,2,0,0.0,0.07522029
CCDC74A,1,0,0.0,0.26727378
CCDC74B,1,0,0.0,0.0007221024
CCDC78,1,0,0.0,1.0316192e-08
CCDC8,8,0,0.0,0.070609204
CCDC80,4,0,0.0,0.17480761
CCDC83,1,0,0.0,8.153747e-06
CCDC86,1,0,0.0,0.10104861
CCDC88A,1,0,0.0,0.50008404
CCDC88C,4,0,0.0,0.03725727
CCDC89,2,0,0.0,2.7253727e-06
CCDC9,3,0,0.0,9.059638e-07
CCDC91,2,0,0.0,0.005743516
CCDC93,5,0,0.0,0.0027114542
CCDC96,4,0,0.0,0.11222618
CCDC9B,1,0,0.0,2.7259892e-07
CCHCR1,3,0,0.0,0.22503114
CCK,1,0,0.0,0.0007356118
CCKAR,3,0,0.0,0.0006343651
CCKBR,3,0,0.0,0.12509575
CCL11,1,0,0.0,5.2403834e-07
CCL13,1,0,0.0,0.30161157
CCL19,1,0,0.0,4.157559e-06
CCL2,1,0,0.0,2.8905667e-06
CCL20,1,0,0.0,3.6641604e-06
CCL22,3,0,0.0,2.187321e-06
CCL24,4,0,0.0,0.021656714
CCL26,2,0,0.0,0.3434807
CCL28,1,0,0.0,0.38676986
CCL4,1,0,0.0,6.5704144e-06
CCL5,1,0,0.0,1.5567991e-06
CCN1,2,0,0.0,0.33275548
CCN2,2,0,0.0,0.0015464604
CCN4,8,0,0.0,0.15936911
CCN6,2,0,0.0,7.735166e-05
CCNA1,2,0,0.0,0.15509143
CCNA2,1,0,0.0,4.263897e-05
CCNB1,1,0,0.0,2.4922817e-06
CCNB2,1,0,0.0,0.124084845
CCNB3,6,0,0.0,0.01260882
CCNC,1,0,0.0,2.7113404e-06
CCND2,2,0,0.0,0.23389873
CCNE1,3,0,0.0,0.000675449
CCNE2,3,0,0.0,0.24797697
CCNG1,1,0,0.0,3.2744914e-08
CCNG2,1,0,0.0,0.004912044
CCNI2,1,0,0.0,0.027311841
CCNJ,1,0,0.0,0.00022374571
CCNK,1,0,0.0,1.5797528e-05
CCNL2,3,0,0.0,0.576005
CCNO,1,0,0.0,2.8719902e-09
CCNQP1,2,0,0.0,0.052072138
CCNT1,2,0,0.0,0.24775842
CCNYL1,3,0,0.0,0.009222772
CCP110,2,0,0.0,0.00017271769
CCPG1,2,0,0.0,4.225267e-06
CCR1,5,0,0.0,0.015075946
CCR10,1,0,0.0,3.673849e-06
CCR2,3,0,0.0,0.20691113
CCR3,2,0,0.0,0.013876501
CCR4,2,0,0.0,2.8379313e-06
CCR6,3,0,0.0,0.036522236
CCR7,1,0,0.0,0.5532389
CCR8,2,0,0.0,0.00033461498
CCR9,6,0,0.0,0.00021610428
CCRL2,1,0,0.0,0.005173137
CCSER1,9,0,0.0,0.03648226
CCT2,5,0,0.0,0.09400601
CCT3,1,0,0.0,0.64892846
CCT5,3,0,0.0,0.016285755
CCT7,1,0,0.0,5.9424485e-07
CCT8L2,9,0,0.0,6.5916397e-06
CCZ1,3,0,0.0,0.4989667
CD109,8,0,0.0,0.08936446
CD14,6,0,0.0,0.009544188
CD163,14,0,0.0,0.09745731
CD164,2,0,0.0,0.11173099
CD177,3,0,0.0,1.8896726e-06
CD19,6,0,0.0,0.0025733362
CD1B,3,0,0.0,0.061803177
CD1D,2,0,0.0,2.5703885e-06
CD1E,3,0,0.0,0.096936285
CD2,2,0,0.0,0.0407636
CD200,2,0,0.0,0.2057554
CD200R1L,2,0,0.0,2.3214598e-06
CD207,1,0,0.0,4.775081e-05
CD209,12,0,0.0,0.086678006
CD244,2,0,0.0,0.21793978
CD247,1,0,0.0,2.7051367e-06
CD248,6,0,0.0,0.001229242
CD276,3,0,0.0,1.942336e-05
CD28,2,0,0.0,0.00030959133
CD2AP,2,0,0.0,0.009578412
CD300A,4,0,0.0,0.11483406
CD300C,2,0,0.0,6.1385763e-06
CD300E,1,0,0.0,0.00015157113
CD300LB,1,0,0.0,0.53063
CD300LD,3,0,0.0,1.5891419e-06
CD320,1,0,0.0,6.422731e-09
CD34,3,0,0.0,9.0664554e-07
CD36,5,0,0.0,0.13238972
CD37,2,0,0.0,0.5320875
CD38,4,0,0.0,0.0013424625
CD3E,3,0,0.0,0.044652432
CD3G,1,0,0.0,0.004454977
CD4,2,0,0.0,9.2616894e-05
CD40,1,0,0.0,0.20688947
CD40LG,1,0,0.0,0.47493532
CD44,4,0,0.0,0.16162308
CD46,1,0,0.0,0.0017496787
CD53,3,0,0.0,0.00013326775
CD55,6,0,0.0,0.116271146
CD58,2,0,0.0,3.8819335e-06
CD5L,2,0,0.0,0.020041391
CD6,5,0,0.0,0.00093147124
CD63,1,0,0.0,0.28701675
CD69,1,0,0.0,0.08807197
CD7,3,0,0.0,0.22269244
CD70,1,0,0.0,0.008093641
CD79B,1,0,0.0,7.883314e-06
CD80,2,0,0.0,0.31937486
CD81,1,0,0.0,0.23626655
CD84,3,0,0.0,0.26832634
CD8A,3,0,0.0,0.015728014
CD8B,3,0,0.0,0.18268974
CD9,3,0,0.0,6.44682e-05
CD93,4,0,0.0,0.0010734753
CD96,6,0,0.0,0.10877168
CD99,1,0,0.0,0.053154886
CD99L2,1,0,0.0,0.39869076
CDA,1,0,0.0,0.0011814091
CDADC1,5,0,0.0,0.041163884
CDAN1,2,0,0.0,0.006813367
CDC123,1,0,0.0,0.00020727015
CDC14A,1,0,0.0,0.057491742
CDC14B,1,0,0.0,9.537971e-05
CDC16,1,0,0.0,0.48561183
CDC25A,2,0,0.0,0.31588545
CDC25B,1,0,0.0,0.19841841
CDC27,2,0,0.0,7.27892e-05
CDC34,1,0,0.0,1.4445337e-05
CDC37,3,0,0.0,1.3109643e-05
CDC37L1,1,0,0.0,0.38931876
CDC40,1,0,0.0,2.0880499e-08
CDC42BPA,6,0,0.0,0.15972142
CDC42BPB,4,0,0.0,0.16807783
CDC42BPG,3,0,0.0,0.007059403
CDC42EP1,1,0,0.0,1.1674536e-08
CDC42EP3,2,0,0.0,3.908448e-05
CDC42EP4,4,0,0.0,0.0032873992
CDC42SE2,2,0,0.0,0.0030373626
CDC45,1,0,0.0,5.1856405e-06
CDC5L,5,0,0.0,0.14545897
CDC6,1,0,0.0,0.6662868
CDCA2,3,0,0.0,0.075893976
CDCA3,2,0,0.0,0.37621066
CDCA4,2,0,0.0,9.625255e-06
CDCA5,1,0,0.0,2.7500878e-06
CDCA7,2,0,0.0,0.108178236
CDCA8,1,0,0.0,0.35810074
CDCP2,3,0,0.0,4.8281105e-05
CDH11,5,0,0.0,0.09810389
CDH12,6,0,0.0,0.2805798
CDH15,5,0,0.0,0.0018823324
CDH16,4,0,0.0,0.24149385
CDH17,5,0,0.0,0.24483266
CDH19,5,0,0.0,0.14576535
CDH2,2,0,0.0,2.1163746e-06
CDH22,4,0,0.0,1.5970076e-06
CDH24,1,0,0.0,2.9679863e-06
CDH26,5,0,0.0,0.07458893
CDH3,2,0,0.0,0.36056438
CDH4,7,0,0.0,0.13311891
CDH5,6,0,0.0,0.028004577
CDH6,2,0,0.0,0.015055783
CDH7,7,0,0.0,0.17685707
CDH8,6,0,0.0,0.09107811
CDH9,16,0,0.0,0.11899794
CDHR3,3,0,0.0,0.2458656
CDHR4,1,0,0.0,8.7955456e-08
CDIP1,3,0,0.0,0.24513783
CDK10,1,0,0.0,0.26913005
CDK11A,2,0,0.0,0.6910909
CDK11B,1,0,0.0,4.3363593e-07
CDK14,2,0,0.0,0.14527716
CDK16,2,0,0.0,1.0322667e-09
CDK19,1,0,0.0,0.045096047
CDK2,1,0,0.0,7.867505e-06
CDK20,3,0,0.0,0.0039050672
CDK3,3,0,0.0,0.14655247
CDK5R1,1,0,0.0,0.0011577951
CDK5R2,2,0,0.0,1.3523273e-06
CDK6,1,0,0.0,4.7169996e-10
CDK9,2,0,0.0,1.0834874e-06
CDKAL1,4,0,0.0,0.18701984
CDKL1,5,0,0.0,0.13079467
CDKL2,2,0,0.0,0.0015706088
CDKL3,3,0,0.0,0.05027685
CDKN1A,2,0,0.0,2.3325879e-06
CDKN1B,2,0,0.0,0.00017206244
CDKN2A,6,0,0.0,0.26373047
CDKN2AIP,3,0,0.0,1.0595303e-06
CDKN2C,2,0,0.0,0.15231651
CDKN2D,1,0,0.0,0.11901471
CDKN3,1,0,0.0,0.34090537
CDON,3,0,0.0,0.03053685
CDPF1,1,0,0.0,2.965058e-06
CDR2,1,0,0.0,0.27074236
CDRT1,7,0,0.0,0.009878157
CDRT15,2,0,0.0,0.6971456
CDS1,2,0,0.0,0.0016020911
CDS2,2,0,0.0,0.3857011
CDT1,1,0,0.0,6.79802e-06
CDV3,1,0,0.0,2.3998871e-05
CDX1,2,0,0.0,0.36116302
CDX2,1,0,0.0,2.5294082e-06
CDX4,6,0,0.0,0.1966774
CDYL,3,0,0.0,0.37507507
CDYL2,6,0,0.0,0.13993932
CEACAM16,2,0,0.0,1.7549532e-06
CEACAM18,4,0,0.0,0.11078905
CEACAM19,2,0,0.0,0.2916763
CEACAM20,5,0,0.0,0.1287757
CEACAM21,2,0,0.0,0.0009783173
CEACAM3,1,0,0.0,0.00021278992
CEACAM4,1,0,0.0,5.033738e-08
CEACAM6,1,0,0.0,0.0058259387
CEACAM7,4,0,0.0,0.18518569
CEACAM8,2,0,0.0,2.27617e-06
CEBPD,1,0,0.0,7.674587e-11
CEBPE,2,0,0.0,0.014658602
CECR2,6,0,0.0,0.00032472602
CEL,4,0,0.0,0.07357605
CELA3B,3,0,0.0,0.00046187802
CELF2,2,0,0.0,1.5590918e-05
CELF3,1,0,0.0,0.5935029
CELF5,4,0,0.0,0.0005259535
CELF6,3,0,0.0,0.113176286
CEMIP,5,0,0.0,3.967808e-06
CEMIP2,12,0,0.0,0.16715847
CEMP1,1,0,0.0,0.00028436148
CENATAC,1,0,0.0,0.280701
CENPBD1,1,0,0.0,1.1747997e-05
CENPC,3,0,0.0,0.022768572
CENPH,1,0,0.0,0.0010670872
CENPI,6,0,0.0,0.13259102
CENPJ,5,0,0.0,0.005893164
CENPK,2,0,0.0,0.4432424
CENPM,1,0,0.0,0.16431074
CENPN,3,0,0.0,0.05233306
CENPQ,1,0,0.0,2.5934987e-09
CENPS-CORT,3,0,0.0,0.0016475512
CENPT,1,0,0.0,0.51061755
CENPV,1,0,0.0,2.891565e-06
CEP120,1,0,0.0,0.30126247
CEP128,7,0,0.0,0.0345219
CEP131,5,0,0.0,0.0680746
CEP135,4,0,0.0,0.15956229
CEP152,4,0,0.0,2.0070095e-06
CEP162,1,0,0.0,2.8039963e-08
CEP170,2,0,0.0,0.32756186
CEP170B,3,0,0.0,0.00042075233
CEP192,2,0,0.0,0.17053263
CEP290,4,0,0.0,0.4189616
CEP295,5,0,0.0,0.1400717
CEP350,11,0,0.0,0.073392875
CEP43,1,0,0.0,0.25542745
CEP44,2,0,0.0,5.802593e-06
CEP55,4,0,0.0,0.0006731377
CEP57L1,4,0,0.0,3.9954e-05
CEP63,5,0,0.0,0.17459138
CEP68,1,0,0.0,0.32878676
CEP72,4,0,0.0,0.19023748
CEP76,2,0,0.0,0.003830957
CEP78,1,0,0.0,0.23890918
CEP83,4,0,0.0,0.1457135
CEP85,3,0,0.0,0.08659753
CERK,1,0,0.0,3.280203e-05
CERKL,3,0,0.0,0.00013677197
CERS1,2,0,0.0,0.009550568
CERS2,1,0,0.0,2.218982e-07
CERS3,3,0,0.0,0.06730122
CERS4,2,0,0.0,0.00025696313
CERS5,2,0,0.0,0.025871849
CERS6,5,0,0.0,0.23241743
CERT1,1,0,0.0,6.693418e-08
CES2,2,0,0.0,0.22207573
CES3,4,0,0.0,0.18251346
CES5A,2,0,0.0,0.0005238611
CETN1,2,0,0.0,0.09384308
CETP,4,0,0.0,0.18116587
CFAP100,5,0,0.0,0.38604626
CFAP126,1,0,0.0,0.34009793
CFAP157,2,0,0.0,0.074797906
CFAP161,3,0,0.0,0.0005810158
CFAP206,5,0,0.0,0.104226805
CFAP20DC,8,0,0.0,0.24322693
CFAP221,6,0,0.0,1.9583524e-05
CFAP298-TCP10L,1,0,0.0,0.1615741
CFAP299,1,0,0.0,5.6990425e-06
CFAP300,3,0,0.0,0.40453982
CFAP410,2,0,0.0,0.24669525
CFAP43,10,0,0.0,0.1360342
CFAP44,7,0,0.0,0.15466
CFAP45,3,0,0.0,0.4729379
CFAP46,2,0,0.0,0.0022622128
CFAP52,6,0,0.0,0.23758285
CFAP53,2,0,0.0,0.3708619
CFAP57,9,0,0.0,0.14287096
CFAP58,7,0,0.0,0.18667401
CFAP61,5,0,0.0,0.15303151
CFAP65,5,0,0.0,0.04694903
CFAP69,2,0,0.0,0.23649503
CFAP70,3,0,0.0,0.23522504
CFAP74,12,0,0.0,0.0058311075
CFAP77,5,0,0.0,2.031567e-06
CFAP92,2,0,0.0,0.010430021
CFAP97,1,0,0.0,2.2638492e-06
CFDP1,2,0,0.0,1.1377063e-05
CFHR2,4,0,0.0,0.13756515
CFHR4,2,0,0.0,0.24183907
CFHR5,2,0,0.0,0.058969427
CFI,1,0,0.0,0.0002497911
CFL1,1,0,0.0,0.6812415
CFL2,2,0,0.0,0.25616553
CFLAR,1,0,0.0,0.24643995
CFP,3,0,0.0,0.0044223117
CGA,3,0,0.0,0.000135873
CGB1,1,0,0.0,0.57364595
CGB5,3,0,0.0,0.19597559
CGB7,1,0,0.0,4.985713e-06
CGN,3,0,0.0,0.054771964
CGNL1,2,0,0.0,0.0003942909
CHAC1,1,0,0.0,4.745648e-06
CHAD,1,0,0.0,1.6696505e-07
CHAF1B,3,0,0.0,0.00890744
CHAT,8,0,0.0,0.032611284
CHCHD2P9,2,0,0.0,0.0008943676
CHCHD3,1,0,0.0,0.079550944
CHCHD4,1,0,0.0,2.260395e-09
CHCHD5,1,0,0.0,0.073188744
CHCHD6,1,0,0.0,0.4470914
CHCHD7,1,0,0.0,1.0441797e-06
CHD2,8,0,0.0,0.16411845
CHD4,5,0,0.0,0.091406025
CHD7,7,0,0.0,0.076563366
CHD9,16,0,0.0,0.14988844
CHEK1,7,0,0.0,0.10999036
CHEK2,5,0,0.0,0.098749086
CHERP,1,0,0.0,9.5206305e-09
CHGB,12,0,0.0,0.10524341
CHI3L2,3,0,0.0,0.24744886
CHIA,4,0,0.0,0.0024910986
CHIC1,1,0,0.0,0.013491719
CHIC2,1,0,0.0,0.012803785
CHID1,2,0,0.0,6.3773455e-06
CHKB,2,0,0.0,0.1074696
CHL1,10,0,0.0,0.13386503
CHM,4,0,0.0,3.751472e-10
CHML,5,0,0.0,0.03410783
CHMP1A,1,0,0.0,7.657849e-06
CHMP2A,3,0,0.0,0.19838776
CHMP2B,1,0,0.0,0.0013388633
CHMP4C,4,0,0.0,0.0014966239
CHMP7,1,0,0.0,2.7024137e-06
CHODL,1,0,0.0,0.0066933264
CHORDC1,2,0,0.0,4.091489e-06
CHP1,1,0,0.0,0.00049423164
CHPF2,1,0,0.0,0.50097126
CHRD,2,0,0.0,0.20718263
CHRDL1,3,0,0.0,0.0023252112
CHRDL2,4,0,0.0,4.0504332e-05
CHRFAM7A,2,0,0.0,0.27929297
CHRM1,1,0,0.0,0.02346457
CHRM3,7,0,0.0,0.0006200417
CHRM5,2,0,0.0,0.25603673
CHRNA10,9,0,0.0,0.08369521
CHRNA3,3,0,0.0,0.00086647645
CHRNA6,4,0,0.0,0.07977068
CHRNA7,2,0,0.0,0.32226396
CHRNA9,1,0,0.0,0.0029937408
CHRNB1,2,0,0.0,0.36566138
CHRNB2,5,0,0.0,0.0017203602
CHRNB3,2,0,0.0,0.16550796
CHRNB4,10,0,0.0,0.017145874
CHRNG,4,0,0.0,0.01529862
CHST10,3,0,0.0,8.185115e-05
CHST11,1,0,0.0,2.715328e-06
CHST13,1,0,0.0,4.707315e-08
CHST15,4,0,0.0,2.3425057e-06
CHST2,4,0,0.0,0.37119305
CHST4,2,0,0.0,1.5090111e-06
CHST6,3,0,0.0,1.0836903e-05
CHST7,2,0,0.0,3.8389176e-06
CHST8,3,0,0.0,0.13656645
CHST9,5,0,0.0,0.20127614
CHSY1,3,0,0.0,0.40978277
CHSY3,7,0,0.0,0.10902141
CHTF18,1,0,0.0,2.6996756e-06
CIAO3,1,0,0.0,0.6113865
CIART,1,0,0.0,0.49382108
CIB1,1,0,0.0,3.6714182e-06
CIB2,3,0,0.0,6.19071e-05
CIB3,3,0,0.0,0.22922911
CIB4,2,0,0.0,2.3114894e-06
CIBAR1,2,0,0.0,0.2752549
CIBAR2,1,0,0.0,0.5284906
CIDEA,5,0,0.0,0.0007764107
CILK1,3,0,0.0,0.00030993114
CILP,5,0,0.0,0.118049264
CIP2A,5,0,0.0,0.2660933
CIRBP,2,0,0.0,0.0016267677
CIT,15,0,0.0,0.095785625
CITED1,2,0,0.0,0.033549327
CITED2,3,0,0.0,0.0021952286
CKAP2,4,0,0.0,0.12126923
CKAP2L,5,0,0.0,0.03479985
CKAP4,1,0,0.0,1.2096962e-05
CKB,1,0,0.0,5.7517536e-06
CKM,2,0,0.0,0.005240356
CKMT1B,4,0,0.0,0.0132815065
CKMT2,2,0,0.0,0.2929136
CLASP1,2,0,0.0,0.0014787259
CLASP2,6,0,0.0,0.16347565
CLASRP,3,0,0.0,0.4797728
CLBA1,2,0,0.0,6.4048336e-06
CLCA1,6,0,0.0,0.031328853
CLCA3P,3,0,0.0,0.0030834812
CLCA4,2,0,0.0,0.35528088
CLCC1,4,0,0.0,0.18534972
CLCF1,2,0,0.0,4.3409423e-07
CLCN1,13,0,0.0,0.26379025
CLCN2,1,0,0.0,5.6379563e-06
CLCN5,2,0,0.0,1.3642157e-06
CLCN6,4,0,0.0,0.18463218
CLCN7,6,0,0.0,0.104145415
CLCNKA,2,0,0.0,0.47449094
CLCNKB,8,0,0.0,0.22137736
CLDN12,1,0,0.0,0.016994469
CLDN15,1,0,0.0,0.59858686
CLDN16,1,0,0.0,6.3145166e-07
CLDN17,1,0,0.0,2.7214774e-06
CLDN19,1,0,0.0,5.726481e-09
CLDN2,2,0,0.0,0.2669123
CLDN20,1,0,0.0,1.9290743e-10
CLDN22,1,0,0.0,0.7391816
CLDN23,3,0,0.0,0.23701209
CLDN25,5,0,0.0,0.048966814
CLDN4,7,0,0.0,0.16657932
CLDN6,2,0,0.0,2.728426e-06
CLDN7,1,0,0.0,3.1460456e-06
CLDN8,2,0,0.0,5.228605e-07
CLEC10A,3,0,0.0,0.002075032
CLEC12A,2,0,0.0,1.4432691e-06
CLEC14A,6,0,0.0,6.1803803e-06
CLEC16A,1,0,0.0,5.709868e-06
CLEC17A,1,0,0.0,0.00032294964
CLEC18B,2,0,0.0,0.38236928
CLEC1B,1,0,0.0,7.0512338e-06
CLEC2B,1,0,0.0,2.6365637e-08
CLEC2L,1,0,0.0,0.053142328
CLEC3A,3,0,0.0,0.2092066
CLEC3B,1,0,0.0,2.7633932e-06
CLEC4E,2,0,0.0,0.20541863
CLEC4F,2,0,0.0,4.466539e-06
CLEC4G,1,0,0.0,1.4495707e-07
CLEC4M,4,0,0.0,0.19579521
CLEC6A,1,0,0.0,2.7164938e-06
CLEC7A,2,0,0.0,0.0065258187
CLEC9A,2,0,0.0,0.00078916596
CLHC1,1,0,0.0,3.5287454e-07
CLIC4,2,0,0.0,0.28212807
CLIC5,5,0,0.0,1.1215556e-05
CLIC6,1,0,0.0,0.62813836
CLIP1,7,0,0.0,0.34144878
CLIP2,3,0,0.0,1.183419e-06
CLIP4,4,0,0.0,0.0013465891
CLK2,2,0,0.0,0.18758926
CLK3,3,0,0.0,0.12977792
CLK4,3,0,0.0,0.13157742
CLLU1,1,0,0.0,1.4020599e-06
CLMN,3,0,0.0,0.00015732711
CLMP,1,0,0.0,2.707932e-06
CLN3,1,0,0.0,3.6476897e-07
CLN5,3,0,0.0,0.0009758927
CLN8,1,0,0.0,2.7285619e-06
CLNK,8,0,0.0,0.026893977
CLNS1A,1,0,0.0,2.735594e-06
CLP1,2,0,0.0,0.3361308
CLPB,3,0,0.0,1.7075312e-06
CLPP,2,0,0.0,0.045323968
CLPSL1,1,0,0.0,0.00079013023
CLPTM1L,3,0,0.0,0.20976458
CLRN2,4,0,0.0,0.00047531238
CLRN3,2,0,0.0,0.37384734
CLSTN1,1,0,0.0,3.832273e-07
CLSTN3,4,0,0.0,0.0038801557
CLTB,1,0,0.0,0.7266094
CLTC,3,0,0.0,0.29535577
CLTRN,1,0,0.0,2.8612099e-06
CLUAP1,2,0,0.0,1.0619804e-06
CLUH,5,0,0.0,1.9059491e-06
CLUL1,1,0,0.0,0.031917155
CLVS1,2,0,0.0,6.2872155e-06
CLVS2,3,0,0.0,0.3315797
CLYBL,6,0,0.0,0.15567827
CMAS,1,0,0.0,3.6530468e-10
CMBL,1,0,0.0,1.1504085e-05
CMC2,2,0,0.0,0.08829373
CMIP,1,0,0.0,2.237302e-06
CMKLR1,1,0,0.0,3.0282777e-07
CMPK1,1,0,0.0,0.0058170026
CMSS1,2,0,0.0,0.31120178
CMTM2,1,0,0.0,5.471457e-05
CMTM3,1,0,0.0,0.4643306
CMTM6,2,0,0.0,0.05597268
CMTM8,1,0,0.0,1.4745411e-06
CMTR1,3,0,0.0,0.062336132
CMTR2,1,0,0.0,7.582145e-09
CNBD2,4,0,0.0,0.18612859
CNDP1,5,0,0.0,0.009625034
CNDP2,1,0,0.0,0.03486309
CNEP1R1,1,0,0.0,7.9392953e-07
CNGA1,4,0,0.0,0.19294766
CNGA3,4,0,0.0,0.0015354353
CNGB1,10,0,0.0,0.07806833
CNGB3,3,0,0.0,0.21986742
CNIH2,1,0,0.0,0.30609015
CNIH3,2,0,0.0,0.35434195
CNIH4,1,0,0.0,0.36663902
CNKSR1,6,0,0.0,0.00014259896
CNKSR2,4,0,0.0,5.8958827e-05
CNKSR3,4,0,0.0,0.015706126
CNMD,2,0,0.0,3.873592e-05
CNN2,2,0,0.0,0.3682015
CNN3,1,0,0.0,0.0004594997
CNNM1,2,0,0.0,4.585548e-08
CNNM3,1,0,0.0,1.847355e-10
CNNM4,2,0,0.0,0.05785101
CNOT1,9,0,0.0,0.16349447
CNOT10,2,0,0.0,0.23723325
CNOT11,1,0,0.0,0.4136064
CNOT4,2,0,0.0,0.42682213
CNOT7,1,0,0.0,2.7078236e-06
CNPPD1,1,0,0.0,0.1759212
CNPY2,1,0,0.0,0.006625431
CNPY4,3,0,0.0,0.012806508
CNR1,5,0,0.0,0.07620508
CNR2,2,0,0.0,4.993112e-06
CNRIP1,1,0,0.0,0.039033167
CNTN2,6,0,0.0,0.27494213
CNTN3,8,0,0.0,0.12109932
CNTN4,10,0,0.0,0.081570424
CNTNAP1,11,0,0.0,0.13289152
CNTNAP4,5,0,0.0,0.06268191
CNTNAP5,12,0,0.0,0.036777526
CNTRL,4,0,0.0,0.20803411
COA4,1,0,0.0,0.07734717
COA7,2,0,0.0,0.6374645
COASY,3,0,0.0,0.07023051
COBLL1,7,0,0.0,0.21735303
COCH,1,0,0.0,0.0014227945
COG2,2,0,0.0,0.37454894
COG4,7,0,0.0,0.45798096
COG5,7,0,0.0,0.3092956
COG8,2,0,0.0,5.5492574e-06
COL11A2,13,0,0.0,0.027464125
COL12A1,14,0,0.0,0.07668642
COL13A1,3,0,0.0,0.6837208
COL16A1,7,0,0.0,0.1891695
COL17A1,11,0,0.0,0.083778635
COL18A1,5,0,0.0,0.02265685
COL1A1,9,0,0.0,0.2221588
COL20A1,4,0,0.0,0.17798051
COL21A1,3,0,0.0,4.751002e-05
COL23A1,2,0,0.0,0.29946348
COL25A1,3,0,0.0,0.0026696706
COL26A1,2,0,0.0,0.0015228778
COL27A1,13,0,0.0,0.16382128
COL28A1,10,0,0.0,0.30767795
COL2A1,12,0,0.0,0.12379697
COL4A1,6,0,0.0,0.08690656
COL4A2,14,0,0.0,0.00051320036
COL4A3,5,0,0.0,0.05762405
COL4A4,6,0,0.0,0.091514856
COL4A5,9,0,0.0,0.085108295
COL4A6,13,0,0.0,0.1051351
COL5A2,7,0,0.0,0.21089765
COL5A3,6,0,0.0,0.0024175905
COL6A3,36,0,0.0,0.11770613
COL6A5,6,0,0.0,0.30929112
COL7A1,5,0,0.0,0.15422519
COL8A1,5,0,0.0,0.00029510865
COL8A2,1,0,0.0,0.13990007
COL9A1,2,0,0.0,4.5447446e-06
COL9A2,1,0,0.0,1.565117e-10
COLCA2,1,0,0.0,3.9407539e-07
COLEC10,3,0,0.0,0.011296014
COLEC11,2,0,0.0,0.0010388371
COLEC12,1,0,0.0,0.016223522
COLGALT1,3,0,0.0,0.14377095
COLQ,6,0,0.0,0.0006678369
COMMD6,1,0,0.0,0.74039227
COMMD7,1,0,0.0,0.044535678
COMP,2,0,0.0,0.0005856204
COMT,1,0,0.0,2.8608984e-08
COP1,4,0,0.0,0.36605126
COPA,1,0,0.0,0.46736535
COPB1,4,0,0.0,0.15468396
COPS3,1,0,0.0,0.00032628642
COPS4,2,0,0.0,0.079550646
COPS7A,1,0,0.0,0.7407942
COPS7B,1,0,0.0,2.5237384e-06
COPS8,1,0,0.0,0.00015820525
COPS9,1,0,0.0,0.29003957
COQ10B,1,0,0.0,0.00060081744
COQ4,2,0,0.0,5.769951e-06
COQ6,1,0,0.0,1.6150965e-08
COQ8A,3,0,0.0,0.06964486
COQ8B,2,0,0.0,0.012783439
CORO1A,3,0,0.0,0.0003321987
CORO1C,1,0,0.0,0.122144505
CORO2A,3,0,0.0,0.05124262
CORO2B,3,0,0.0,3.6619578e-05
CORO6,3,0,0.0,0.169936
CORO7,5,0,0.0,0.06570673
CORO7-PAM16,1,0,0.0,0.00015953316
COX10,3,0,0.0,0.00020465067
COX11,1,0,0.0,0.012837484
COX15,2,0,0.0,4.854227e-06
COX5A,1,0,0.0,5.08706e-07
COX7B2,1,0,0.0,4.8939376e-07
CP,9,0,0.0,0.15440863
CPA2,3,0,0.0,0.4463664
CPA5,3,0,0.0,0.2183832
CPA6,6,0,0.0,0.13429092
CPD,7,0,0.0,0.03597607
CPE,2,0,0.0,0.3195608
CPEB1,1,0,0.0,0.26719505
CPEB2,3,0,0.0,0.5259001
CPED1,2,0,0.0,0.00634811
CPLANE1,5,0,0.0,0.2849099
CPLX2,1,0,0.0,2.9246462e-07
CPLX3,1,0,0.0,1.8204783e-09
CPM,1,0,0.0,0.5391032
CPN1,4,0,0.0,0.16201915
CPN2,5,0,0.0,0.09567475
CPNE1,1,0,0.0,0.0101966215
CPNE2,3,0,0.0,0.085271426
CPNE3,3,0,0.0,0.0008757386
CPNE4,4,0,0.0,0.29275227
CPNE5,3,0,0.0,0.0032656407
CPNE6,1,0,0.0,0.38937667
CPNE8,10,0,0.0,0.4138392
CPNE9,1,0,0.0,0.5191567
CPO,5,0,0.0,0.0021234124
CPOX,2,0,0.0,0.00062292995
CPPED1,7,0,0.0,0.20721528
CPQ,3,0,0.0,0.00088703335
CPS1,12,0,0.0,0.053151395
CPSF1,7,0,0.0,0.036784224
CPSF3,3,0,0.0,0.16260977
CPSF4,1,0,0.0,2.2325935e-06
CPSF6,5,0,0.0,0.14453514
CPSF7,2,0,0.0,0.20645641
CPT1A,6,0,0.0,0.110774934
CPT1B,3,0,0.0,0.16700827
CPT1C,2,0,0.0,0.36138988
CPVL,5,0,0.0,0.3199191
CPXCR1,4,0,0.0,0.15097515
CPXM1,2,0,0.0,0.20337674
CPZ,9,0,0.0,0.049134962
CRACD,5,0,0.0,0.19378066
CRACDL,9,0,0.0,0.0021505123
CRACR2A,2,0,0.0,5.724059e-05
CRACR2B,3,0,0.0,6.4672284e-10
CRADD,1,0,0.0,2.7146186e-06
CRAMP1,1,0,0.0,2.381001e-08
CRAT,2,0,0.0,7.0014816e-05
CRBN,3,0,0.0,0.19364904
CRCP,1,0,0.0,2.0133919e-05
CREB3L1,4,0,0.0,1.559134e-05
CREB3L3,8,0,0.0,0.045296136
CREB3L4,2,0,0.0,0.054824296
CREB5,2,0,0.0,0.23120616
CREBL2,2,0,0.0,2.383944e-09
CREBRF,1,0,0.0,0.6240387
CREBZF,1,0,0.0,0.044351935
CREG2,1,0,0.0,3.790145e-09
CRELD1,2,0,0.0,0.025377216
CRHR1,1,0,0.0,2.8326829e-06
CRHR2,4,0,0.0,0.37607798
CRIM1,3,0,0.0,0.017728576
CRIP1,1,0,0.0,0.4902652
CRISP1,2,0,0.0,0.17922355
CRISP2,1,0,0.0,3.419072e-07
CRISPLD1,2,0,0.0,0.00019381932
CRK,1,0,0.0,0.30451527
CRLF1,1,0,0.0,0.48566848
CRLF2,6,0,0.0,0.0024833975
CRLF3,2,0,0.0,2.4993424e-06
CRMP1,2,0,0.0,0.00046923195
CRNN,7,0,0.0,0.011585295
CROCC,8,0,0.0,0.21248822
CROT,3,0,0.0,0.46043226
CRP,2,0,0.0,0.0022808579
CRTAC1,7,0,0.0,0.10575781
CRTAP,1,0,0.0,0.0034841576
CRTC1,2,0,0.0,0.00050026923
CRTC2,3,0,0.0,0.00035150026
CRTC3,2,0,0.0,0.1650013
CRX,1,0,0.0,0.29954046
CRYAB,1,0,0.0,0.18138346
CRYBA2,1,0,0.0,3.6341478e-07
CRYBB2,2,0,0.0,6.555683e-06
CRYBG1,9,0,0.0,0.004902376
CRYBG2,6,0,0.0,4.9028182e-05
CRYBG3,6,0,0.0,0.27418715
CRYGA,2,0,0.0,0.16611794
CRYGB,3,0,0.0,2.8245613e-06
CRYGD,2,0,0.0,0.0105550885
CRYGS,2,0,0.0,0.012519016
CRYL1,1,0,0.0,0.00073318946
CRYM,1,0,0.0,0.006935609
CRYZ,1,0,0.0,2.6798548e-06
CSAD,1,0,0.0,2.7046697e-06
CSAG1,2,0,0.0,0.3622839
CSAG3,1,0,0.0,0.5423051
CSDC2,1,0,0.0,0.0003042267
CSDE1,6,0,0.0,0.093309306
CSF1R,6,0,0.0,0.08547083
CSF2,1,0,0.0,0.0006129476
CSF2RB,5,0,0.0,0.26099935
CSF3R,3,0,0.0,0.024391731
CSGALNACT1,1,0,0.0,2.7285485e-06
CSH1,3,0,0.0,0.32672298
CSH2,4,0,0.0,0.10591905
CSK,2,0,0.0,0.048984073
CSKMT,1,0,0.0,2.7140799e-05
CSN2,3,0,0.0,0.24960506
CSN3,2,0,0.0,0.30733898
CSNK1A1,2,0,0.0,0.00016074096
CSNK1A1L,2,0,0.0,6.307139e-10
CSNK1D,1,0,0.0,0.003252088
CSNK1G1,4,0,0.0,2.5708857e-06
CSNK1G2,1,0,0.0,0.54184395
CSNK1G3,3,0,0.0,0.0044166115
CSPG5,3,0,0.0,0.00641045
CSPP1,4,0,0.0,0.17886332
CSRNP1,3,0,0.0,0.16412388
CSRNP2,2,0,0.0,1.4758505e-06
CSRNP3,1,0,0.0,2.8882525e-06
CSRP2,1,0,0.0,0.721948
CSRP3,1,0,0.0,0.5200414
CST11,1,0,0.0,0.00016620352
CST3,2,0,0.0,0.00022876143
CST6,1,0,0.0,0.033049207
CST7,1,0,0.0,9.439733e-05
CST9,1,0,0.0,3.1739878e-06
CST9L,1,0,0.0,9.885832e-09
CSTA,2,0,0.0,0.018670749
CSTF1,4,0,0.0,0.082915574
CSTF3,1,0,0.0,8.7697384e-07
CT55,3,0,0.0,0.0018893038
CT83,2,0,0.0,0.41223085
CTAGE15,2,0,0.0,0.19134688
CTBP1,4,0,0.0,0.008002985
CTBP2,6,0,0.0,0.06956704
CTBS,3,0,0.0,0.11356629
CTCF,4,0,0.0,0.13019897
CTCFL,2,0,0.0,3.5519613e-06
CTDNEP1,2,0,0.0,0.12784466
CTDSP1,2,0,0.0,5.605795e-06
CTDSPL2,2,0,0.0,0.20453268
CTH,2,0,0.0,0.3680253
CTHRC1,4,0,0.0,0.0005813264
CTIF,4,0,0.0,0.031055491
CTNNA2,6,0,0.0,0.093681425
CTNNA3,7,0,0.0,0.102154955
CTNNAL1,2,0,0.0,0.1259173
CTNNB1,2,0,0.0,0.23121677
CTNND2,9,0,0.0,0.12954198
CTNS,1,0,0.0,0.59353936
CTPS1,2,0,0.0,0.37213013
CTPS2,2,0,0.0,2.6283597e-06
CTR9,4,0,0.0,0.2551455
CTRB1,2,0,0.0,1.0636623e-05
CTRL,2,0,0.0,2.718255e-06
CTSB,1,0,0.0,3.220873e-06
CTSD,2,0,0.0,5.6891835e-11
CTSF,4,0,0.0,1.3635774e-06
CTSG,4,0,0.0,0.060003564
CTSH,1,0,0.0,0.028005948
CTSL3P,3,0,0.0,0.4502252
CTSV,2,0,0.0,0.00024722214
CTSW,3,0,0.0,0.01811482
CTTN,3,0,0.0,0.4530549
CTU2,2,0,0.0,8.789716e-05
CUL2,7,0,0.0,0.035451073
CUL3,1,0,0.0,4.470205e-08
CUL4B,2,0,0.0,0.00936085
CUL7,4,0,0.0,0.00065383327
CUTA,2,0,0.0,0.44677135
CUX1,6,0,0.0,0.20835789
CUZD1,1,0,0.0,2.357459e-06
CWC22,1,0,0.0,4.822422e-06
CWC27,1,0,0.0,2.6834427e-06
CWF19L1,3,0,0.0,0.26053244
CWF19L2,5,0,0.0,0.13700037
CWH43,6,0,0.0,0.31961653
CX3CL1,1,0,0.0,0.5917081
CX3CR1,5,0,0.0,0.41291866
CXADR,4,0,0.0,1.0949345e-05
CXCL13,1,0,0.0,0.16870208
CXCL16,1,0,0.0,3.0971732e-06
CXCL6,3,0,0.0,0.29606444
CXCR2,2,0,0.0,0.0002309729
CXCR4,1,0,0.0,0.0007905358
CXCR6,1,0,0.0,2.2452275e-06
CXXC1,4,0,0.0,7.593466e-05
CXXC4,1,0,0.0,2.688612e-06
CXXC5,1,0,0.0,0.00028826544
CXorf21,2,0,0.0,0.013678046
CXorf38,1,0,0.0,6.613812e-05
CXorf56,2,0,0.0,8.310813e-05
CXorf58,2,0,0.0,0.28483418
CXorf65,2,0,0.0,0.0008763707
CXorf66,2,0,0.0,0.036923416
CYB561D2,1,0,0.0,2.7779338e-06
CYB5D1,2,0,0.0,0.0821166
CYB5D2,2,0,0.0,0.18757829
CYB5R1,1,0,0.0,8.455397e-09
CYB5R2,1,0,0.0,7.299438e-10
CYB5R4,1,0,0.0,5.2656742e-05
CYBB,3,0,0.0,9.058329e-07
CYC1,1,0,0.0,2.740524e-06
CYFIP1,5,0,0.0,0.0050085415
CYFIP2,1,0,0.0,0.012645663
CYGB,1,0,0.0,0.0008696781
CYLC1,1,0,0.0,1.0243551e-07
CYLC2,9,0,0.0,0.24982357
CYP11A1,4,0,0.0,2.25801e-06
CYP11B1,4,0,0.0,0.071656995
CYP19A1,4,0,0.0,0.011823465
CYP1A1,2,0,0.0,0.3353025
CYP1A2,4,0,0.0,0.09937711
CYP1B1,2,0,0.0,0.048736162
CYP20A1,1,0,0.0,0.6563029
CYP21A2,1,0,0.0,1.1074003e-10
CYP24A1,1,0,0.0,0.71077895
CYP26A1,1,0,0.0,0.0061218613
CYP26B1,3,0,0.0,0.0033786185
CYP26C1,1,0,0.0,4.4098837e-07
CYP27A1,1,0,0.0,7.240458e-08
CYP27B1,5,0,0.0,0.117630266
CYP2A13,7,0,0.0,0.0072716796
CYP2A7,1,0,0.0,0.00016836257
CYP2B6,6,0,0.0,0.25642622
CYP2C18,5,0,0.0,0.21292691
CYP2C8,4,0,0.0,8.4835597e-07
CYP2C9,4,0,0.0,0.17600676
CYP2D6,4,0,0.0,0.16649298
CYP2F1,4,0,0.0,0.18706982
CYP2S1,3,0,0.0,0.16443096
CYP2U1,2,0,0.0,5.8635105e-06
CYP39A1,1,0,0.0,0.7240467
CYP3A5,2,0,0.0,0.02912756
CYP46A1,2,0,0.0,2.6968888e-05
CYP4B1,6,0,0.0,0.13439657
CYP4F12,7,0,0.0,0.28722373
CYP4F8,7,0,0.0,0.13769189
CYP4V2,1,0,0.0,1.667725e-07
CYP4X1,3,0,0.0,5.4630023e-06
CYP51A1,1,0,0.0,0.72191095
CYP7A1,3,0,0.0,0.42554393
CYP8B1,5,0,0.0,0.0363144
CYRIA,3,0,0.0,0.007760752
CYSLTR1,1,0,0.0,0.06395133
CYSTM1,3,0,0.0,0.55860174
CYTH1,3,0,0.0,0.2304983
CYTH2,1,0,0.0,0.6976519
CYTH3,2,0,0.0,8.242385e-07
CYTH4,1,0,0.0,0.025057787
CYYR1,4,0,0.0,0.01244411
D2HGDH,3,0,0.0,0.0015105325
DAAM1,3,0,0.0,0.01801499
DAAM2,1,0,0.0,1.4214629e-07
DAB2,4,0,0.0,0.08622012
DAB2IP,4,0,0.0,0.18848734
DACH1,4,0,0.0,0.0043968786
DACH2,2,0,0.0,0.11226286
DACT1,2,0,0.0,0.0017212335
DAG1,2,0,0.0,0.0027337
DALRD3,1,0,0.0,0.002066463
DAOA,1,0,0.0,1.1032186e-06
DAPK3,2,0,0.0,0.0012475091
DAPP1,1,0,0.0,0.72907
DAW1,2,0,0.0,0.07335915
DAXX,5,0,0.0,0.082409315
DAZAP1,1,0,0.0,0.73652345
DAZAP2,2,0,0.0,0.33041832
DBF4,3,0,0.0,0.11586284
DBF4B,4,0,0.0,0.16829275
DBH,10,0,0.0,0.1312528
DBI,1,0,0.0,0.022327159
DBR1,3,0,0.0,0.065983646
DBT,2,0,0.0,4.237568e-06
DBX2,2,0,0.0,1.3802115e-06
DCAF1,5,0,0.0,0.10523591
DCAF11,4,0,0.0,0.0035327158
DCAF12,2,0,0.0,0.40040094
DCAF12L1,10,0,0.0,0.0058725975
DCAF13,1,0,0.0,1.1354419e-11
DCAF15,2,0,0.0,0.00075080106
DCAF16,2,0,0.0,0.0038550026
DCAF17,1,0,0.0,8.661231e-05
DCAF4,1,0,0.0,0.0014410306
DCAF4L1,4,0,0.0,0.012163967
DCAF5,4,0,0.0,0.00861153
DCAF6,3,0,0.0,0.0016123592
DCANP1,1,0,0.0,0.5237126
DCBLD1,3,0,0.0,0.0002169623
DCBLD2,1,0,0.0,8.752403e-05
DCC,14,0,0.0,0.1626804
DCDC1,6,0,0.0,0.03318539
DCDC2,3,0,0.0,0.010454361
DCHS1,9,0,0.0,0.08058431
DCK,3,0,0.0,0.0024570392
DCLK1,8,0,0.0,0.1738528
DCLK2,4,0,0.0,0.21316594
DCLK3,5,0,0.0,0.058604866
DCLRE1A,1,0,0.0,1.1017855e-10
DCLRE1C,3,0,0.0,0.24878682
DCP1A,1,0,0.0,0.6424748
DCSTAMP,5,0,0.0,0.00013354156
DCT,2,0,0.0,1.3832824e-06
DCTD,1,0,0.0,0.68835545
DCTN1,6,0,0.0,0.014118709
DCTN3,1,0,0.0,2.578081e-07
DCTN4,2,0,0.0,0.031906813
DCTN5,2,0,0.0,0.3021409
DCTN6,1,0,0.0,0.04118866
DCUN1D2,2,0,0.0,0.21957043
DCUN1D4,3,0,0.0,0.4766018
DCUN1D5,1,0,0.0,1.7667783e-09
DCX,6,0,0.0,0.090274125
DDAH1,3,0,0.0,0.22335261
DDAH2,1,0,0.0,3.782225e-08
DDB2,1,0,0.0,1.3407605e-09
DDC,5,0,0.0,0.3624993
DDHD1,1,0,0.0,0.001451813
DDIAS,1,0,0.0,1.5803858e-05
DDIT3,2,0,0.0,0.25657403
DDIT4L,1,0,0.0,0.38401175
DDN,1,0,0.0,0.6636393
DDO,1,0,0.0,0.00045528117
DDOST,2,0,0.0,0.08691197
DDR1,3,0,0.0,0.0018218191
DDRGK1,1,0,0.0,0.00015354263
DDX1,1,0,0.0,5.3627164e-10
DDX11,8,0,0.0,0.0949345
DDX18,1,0,0.0,7.690042e-05
DDX19B,2,0,0.0,2.828397e-05
DDX20,1,0,0.0,1.0806451e-06
DDX23,5,0,0.0,0.113402404
DDX24,2,0,0.0,2.3216966e-05
DDX25,1,0,0.0,2.2935193e-08
DDX27,1,0,0.0,2.5426687e-07
DDX28,1,0,0.0,0.7496637
DDX31,2,0,0.0,1.5591952e-05
DDX39A,1,0,0.0,1.0461877e-07
DDX39B,2,0,0.0,0.40742218
DDX4,5,0,0.0,0.08511304
DDX41,4,0,0.0,2.2632041e-06
DDX42,3,0,0.0,0.14733869
DDX43,2,0,0.0,0.21827613
DDX46,3,0,0.0,0.24205798
DDX47,3,0,0.0,0.20553727
DDX49,2,0,0.0,3.4580695e-05
DDX5,2,0,0.0,5.1847546e-06
DDX50,2,0,0.0,0.10886442
DDX51,1,0,0.0,0.032451224
DDX53,2,0,0.0,0.011123175
DDX54,4,0,0.0,0.37962097
DDX55,1,0,0.0,0.5995495
DDX56,4,0,0.0,0.5137288
DDX59,4,0,0.0,7.044967e-05
DDX6,1,0,0.0,0.00027644212
DDX60,8,0,0.0,0.15358298
DDX60L,6,0,0.0,0.00020419709
DEAF1,3,0,0.0,0.22707957
DECR1,2,0,0.0,0.7214548
DECR2,3,0,0.0,0.19343829
DEDD,2,0,0.0,0.022023872
DEDD2,1,0,0.0,2.7467854e-06
DEF6,1,0,0.0,6.799654e-06
DEF8,2,0,0.0,0.00014377662
DEFB104A,2,0,0.0,0.7021247
DEFB108B,1,0,0.0,7.8334233e-07
DEFB110,2,0,0.0,0.06267702
DEFB113,3,0,0.0,4.4941223e-07
DEFB114,4,0,0.0,0.00050755375
DEFB116,1,0,0.0,2.747477e-06
DEFB118,2,0,0.0,5.6302124e-05
DEFB125,1,0,0.0,9.494563e-07
DEFB127,1,0,0.0,1.5489274e-08
DEFB135,1,0,0.0,0.0014526872
DEGS2,1,0,0.0,2.4820434e-08
DELE1,3,0,0.0,0.009141497
DELEC1,2,0,0.0,0.07537549
DENND11,1,0,0.0,8.93075e-06
DENND2A,5,0,0.0,0.0936328
DENND2B,5,0,0.0,0.23132011
DENND2C,14,0,0.0,0.1757951
DENND2D,2,0,0.0,0.2661444
DENND3,3,0,0.0,0.26950726
DENND4C,4,0,0.0,0.00087279425
DENND5A,2,0,0.0,0.718974
DENND5B,3,0,0.0,0.0007321157
DENND6A,6,0,0.0,0.06317202
DENND6B,1,0,0.0,2.8159429e-08
DEPDC1B,1,0,0.0,0.7391822
DEPDC4,2,0,0.0,0.36836705
DEPDC5,6,0,0.0,0.1008997
DEPDC7,1,0,0.0,2.7346523e-06
DEPP1,1,0,0.0,0.67762613
DEPTOR,2,0,0.0,0.026560422
DERL2,1,0,0.0,1.9353809e-05
DERL3,1,0,0.0,3.1491795e-06
DES,5,0,0.0,0.00735289
DESI1,1,0,0.0,3.0366817e-07
DEUP1,3,0,0.0,0.07757815
DFFA,2,0,0.0,0.36941573
DGAT2L6,3,0,0.0,0.010836337
DGKA,2,0,0.0,4.507076e-06
DGKB,6,0,0.0,0.120005034
DGKD,9,0,0.0,0.20544338
DGKG,6,0,0.0,0.117174
DGKK,9,0,0.0,0.038520906
DGKQ,2,0,0.0,2.6465274e-08
DGLUCY,2,0,0.0,1.10570796e-10
DHCR24,6,0,0.0,0.19852255
DHCR7,3,0,0.0,0.042127844
DHDH,2,0,0.0,6.192347e-07
DHFR,2,0,0.0,0.36751646
DHH,1,0,0.0,9.365825e-09
DHODH,3,0,0.0,0.25002372
DHPS,1,0,0.0,6.289143e-07
DHRS1,2,0,0.0,0.37345257
DHRS11,3,0,0.0,0.24955685
DHRS12,2,0,0.0,0.29895774
DHRS13,3,0,0.0,2.8263337e-06
DHRS2,3,0,0.0,0.00075923133
DHRS7,1,0,0.0,1.9346025e-09
DHRS7B,1,0,0.0,3.074302e-06
DHRS7C,1,0,0.0,0.21121731
DHRS9,2,0,0.0,0.013992155
DHTKD1,1,0,0.0,0.24540636
DHX15,2,0,0.0,2.722696e-06
DHX29,2,0,0.0,0.36634845
DHX30,5,0,0.0,0.13407306
DHX33,2,0,0.0,0.3531746
DHX34,4,0,0.0,0.006524971
DHX35,5,0,0.0,0.00014503629
DHX37,4,0,0.0,0.00020216402
DHX38,6,0,0.0,0.03520704
DHX57,1,0,0.0,0.016679056
DHX58,3,0,0.0,0.025251128
DIABLO,4,0,0.0,0.059894316
DIAPH1,2,0,0.0,1.3622638e-06
DIAPH2,8,0,0.0,0.10835486
DIAPH3,5,0,0.0,0.21244898
DIDO1,8,0,0.0,0.20920111
DIO1,1,0,0.0,0.18918966
DIO3,3,0,0.0,0.00014490663
DIP2A,3,0,0.0,0.19857235
DIPK1B,1,0,0.0,0.0049156155
DIPK2A,1,0,0.0,1.3354071e-07
DIRAS3,1,0,0.0,0.6217791
DIS3,3,0,0.0,9.000316e-07
DIS3L2,10,0,0.0,0.07753093
DISC1,3,0,0.0,0.074889146
DISP2,2,0,0.0,0.32764846
DIXDC1,1,0,0.0,4.0584942e-07
DLAT,4,0,0.0,0.061303478
DLD,3,0,0.0,0.22549741
DLEC1,8,0,0.0,0.12142727
DLG1,3,0,0.0,9.790928e-07
DLG2,3,0,0.0,0.17450035
DLG3,1,0,0.0,7.194198e-10
DLG4,3,0,0.0,0.0047204406
DLG5,7,0,0.0,0.18730025
DLGAP2,8,0,0.0,0.00059460907
DLGAP3,2,0,0.0,0.39767614
DLGAP5,2,0,0.0,0.0036679194
DLK2,2,0,0.0,0.0008912904
DLL1,3,0,0.0,2.6131572e-06
DLL3,1,0,0.0,0.00030422208
DLL4,2,0,0.0,2.5161306e-05
DLST,2,0,0.0,0.10332593
DLX1,1,0,0.0,0.014722781
DLX2,1,0,0.0,1.0523899e-11
DLX3,1,0,0.0,2.688807e-06
DLX4,3,0,0.0,0.3017118
DLX5,1,0,0.0,8.343484e-06
DMAC2,1,0,0.0,0.032977987
DMAP1,1,0,0.0,2.8069371e-06
DMBT1,7,0,0.0,0.08365862
DMGDH,5,0,0.0,0.39520428
DMKN,4,0,0.0,0.25031096
DMPK,4,0,0.0,0.10437137
DMRT1,1,0,0.0,0.7110382
DMRT2,1,0,0.0,0.47786197
DMRT3,3,0,0.0,1.3912799e-05
DMRTA1,1,0,0.0,0.25957674
DMRTB1,5,0,0.0,0.09068237
DMRTC2,1,0,0.0,0.0001353764
DMTF1,4,0,0.0,0.33553988
DMXL2,13,0,0.0,0.15010184
DNAAF2,3,0,0.0,1.4572473e-06
DNAAF3,1,0,0.0,2.7451931e-06
DNAAF4,2,0,0.0,0.16780537
DNAH17,21,0,0.0,0.14735192
DNAH6,1,0,0.0,6.551972e-07
DNAI1,2,0,0.0,0.0009579095
DNAI2,1,0,0.0,2.951772e-06
DNAI3,8,0,0.0,0.233502
DNAI4,5,0,0.0,0.09005567
DNAJA2,1,0,0.0,0.3986667
DNAJA4,2,0,0.0,0.00039046124
DNAJB1,2,0,0.0,4.809037e-09
DNAJB12,1,0,0.0,0.006126639
DNAJB14,1,0,0.0,0.15078118
DNAJB5,3,0,0.0,0.00033379023
DNAJB6,1,0,0.0,0.70282596
DNAJB7,1,0,0.0,1.1043375e-10
DNAJB8,4,0,0.0,0.0073615033
DNAJB9,2,0,0.0,0.5084219
DNAJC1,4,0,0.0,0.38070434
DNAJC10,5,0,0.0,9.938999e-05
DNAJC11,3,0,0.0,0.010810236
DNAJC12,1,0,0.0,0.01164685
DNAJC15,1,0,0.0,0.4943359
DNAJC16,3,0,0.0,5.8963595e-10
DNAJC18,1,0,0.0,3.625722e-07
DNAJC19,1,0,0.0,0.008074379
DNAJC21,3,0,0.0,0.4466168
DNAJC3,3,0,0.0,0.009270542
DNAJC4,2,0,0.0,3.8248996e-05
DNAJC5,2,0,0.0,0.3723578
DNAJC5B,3,0,0.0,0.23389606
DNAJC5G,2,0,0.0,0.2836203
DNAJC7,1,0,0.0,5.005548e-07
DNAJC8,1,0,0.0,4.288991e-10
DNALI1,1,0,0.0,7.1854734e-06
DNASE1,2,0,0.0,0.35546595
DNASE1L1,2,0,0.0,0.02723
DNASE1L3,1,0,0.0,0.010552201
DNASE2,1,0,0.0,3.811602e-10
DNASE2B,1,0,0.0,1.1939565e-08
DND1,1,0,0.0,0.029980462
DNLZ,1,0,0.0,0.18501526
DNM1,4,0,0.0,0.14419742
DNM1L,2,0,0.0,3.1773225e-06
DNM1P46,5,0,0.0,7.1951166e-05
DNM3,2,0,0.0,1.7893711e-08
DNMBP,8,0,0.0,1.6556722e-06
DNMT1,6,0,0.0,0.3651023
DNMT3A,5,0,0.0,0.001926406
DNMT3L,1,0,0.0,0.09060358
DNPEP,2,0,0.0,0.361882
DNTT,4,0,0.0,2.0079372e-07
DNTTIP1,3,0,0.0,0.004324592
DNTTIP2,1,0,0.0,4.7527216e-08
DOC2A,3,0,0.0,0.13481577
DOCK10,13,0,0.0,0.04592893
DOCK11,6,0,0.0,0.081975006
DOCK2,10,0,0.0,0.05372257
DOCK3,12,0,0.0,0.02461662
DOCK6,10,0,0.0,0.03038741
DOCK8,24,0,0.0,0.12793161
DOCK9,4,0,0.0,0.25199696
DOK1,3,0,0.0,0.06375342
DOK3,1,0,0.0,4.846612e-05
DOK5,4,0,0.0,0.0022887609
DOK6,3,0,0.0,0.4816495
DONSON,2,0,0.0,0.12566784
DOT1L,2,0,0.0,0.00022912824
DPAGT1,2,0,0.0,0.04585373
DPCD,2,0,0.0,0.37388265
DPEP1,4,0,0.0,0.0016743558
DPEP2,1,0,0.0,2.4507204e-05
DPEP3,1,0,0.0,0.5231789
DPF1,1,0,0.0,0.63361704
DPF2,1,0,0.0,0.0051690475
DPF3,3,0,0.0,0.00086429383
DPH1,1,0,0.0,2.441187e-05
DPH2,6,0,0.0,0.10339979
DPH6,1,0,0.0,0.10106629
DPH7,5,0,0.0,0.13634214
DPM1,2,0,0.0,0.0022631572
DPP10,17,0,0.0,0.035974823
DPP3,1,0,0.0,2.8453078e-06
DPP4,3,0,0.0,3.4400737e-06
DPP8,1,0,0.0,0.00022895941
DPP9,1,0,0.0,1.32952e-06
DPPA2,6,0,0.0,0.09661367
DPPA3,1,0,0.0,3.86402e-06
DPPA5,1,0,0.0,3.3587828e-06
DPRX,2,0,0.0,1.070325e-06
DPT,4,0,0.0,4.5980323e-06
DPY19L1,2,0,0.0,0.0018758423
DPY19L3,1,0,0.0,4.305743e-06
DPY19L4,1,0,0.0,3.1123694e-05
DPY30,1,0,0.0,0.24858706
DPYS,1,0,0.0,0.2631685
DPYSL2,4,0,0.0,0.26727003
DPYSL3,2,0,0.0,0.001517355
DPYSL4,1,0,0.0,1.469964e-06
DPYSL5,4,0,0.0,0.057507616
DR1,2,0,0.0,0.4222861
DRAM1,1,0,0.0,2.7542214e-06
DRC1,4,0,0.0,0.1365306
DRC3,2,0,0.0,0.13918532
DRD2,4,0,0.0,0.06996097
DRD3,2,0,0.0,6.4485434e-08
DRG2,3,0,0.0,0.12775062
DRGX,3,0,0.0,0.023260348
DRICH1,4,0,0.0,0.009188427
DROSHA,4,0,0.0,0.00032492157
DRP2,5,0,0.0,0.13770244
DSCAML1,9,0,0.0,0.06209119
DSG1,6,0,0.0,0.116360754
DSG2,3,0,0.0,0.27842882
DSP,28,0,0.0,0.05262835
DSPP,1,0,0.0,2.7182507e-06
DSTYK,2,0,0.0,0.022379402
DTNB,3,0,0.0,0.14604871
DTNBP1,1,0,0.0,3.4914951e-06
DTWD2,1,0,0.0,0.0033245995
DTX2,2,0,0.0,0.35501897
DTX3,1,0,0.0,0.010038399
DTX3L,3,0,0.0,0.37984595
DTYMK,1,0,0.0,0.47837183
DUOX1,2,0,0.0,0.11730699
DUOX2,8,0,0.0,0.050325632
DUOXA1,1,0,0.0,0.0011863303
DUOXA2,1,0,0.0,0.0071359
DUS2,2,0,0.0,2.352279e-06
DUS3L,4,0,0.0,0.009367065
DUS4L,3,0,0.0,0.16935761
DUS4L-BCAP29,3,0,0.0,0.0017883917
DUSP1,1,0,0.0,0.00040774196
DUSP10,2,0,0.0,0.0015136851
DUSP11,3,0,0.0,0.1790163
DUSP12,1,0,0.0,0.1846201
DUSP13,1,0,0.0,1.1486389e-09
DUSP16,3,0,0.0,0.10763332
DUSP18,1,0,0.0,2.7178153e-06
DUSP19,2,0,0.0,0.0013422138
DUSP21,2,0,0.0,0.08955243
DUSP22,2,0,0.0,0.40466595
DUSP26,1,0,0.0,0.44907942
DUSP29,1,0,0.0,0.00923303
DUSP3,1,0,0.0,4.3942055e-06
DUSP4,1,0,0.0,3.7011534e-09
DUSP5,2,0,0.0,0.33256632
DUSP6,1,0,0.0,3.0278725e-06
DUSP7,1,0,0.0,0.31694654
DUSP8,1,0,0.0,7.009021e-09
DUSP9,3,0,0.0,1.0857275e-06
DUXA,3,0,0.0,0.10269006
DVL3,1,0,0.0,4.959735e-06
DXO,3,0,0.0,0.17855978
DYDC1,1,0,0.0,0.0132348845
DYM,2,0,0.0,0.056604255
DYNAP,2,0,0.0,3.1161728e-06
DYNC1LI1,1,0,0.0,0.010956755
DYNC2H1,10,0,0.0,0.033471957
DYNC2I1,1,0,0.0,6.40782e-06
DYNLL2,1,0,0.0,0.7407454
DYNLRB1,2,0,0.0,0.039660078
DYNLRB2,1,0,0.0,0.5247055
DYRK1A,6,0,0.0,0.10902124
DYRK1B,2,0,0.0,0.26371267
DYRK3,1,0,0.0,5.0666513e-06
DYRK4,4,0,0.0,0.27656096
DYSF,11,0,0.0,0.09560926
DYTN,2,0,0.0,2.0060513e-08
DZIP1,2,0,0.0,0.119598106
DZIP3,3,0,0.0,0.054246347
E2F2,6,0,0.0,0.053096365
E2F3,3,0,0.0,0.11878834
E2F8,4,0,0.0,0.16443747
E4F1,2,0,0.0,0.31964725
EAF2,1,0,0.0,0.60630596
EAPP,2,0,0.0,0.0018764145
EARS2,2,0,0.0,4.0755072e-05
EBAG9,2,0,0.0,0.0012667102
EBF1,6,0,0.0,0.19403827
EBF3,4,0,0.0,0.16309595
EBLN2,1,0,0.0,2.8848056e-06
EBNA1BP2,1,0,0.0,0.035954252
EBPL,3,0,0.0,0.3180041
ECD,2,0,0.0,0.00021092384
ECE1,2,0,0.0,1.1888e-05
ECE2,2,0,0.0,1.9668228e-08
ECEL1,9,0,0.0,0.12429913
ECHDC2,1,0,0.0,5.2491214e-07
ECHS1,2,0,0.0,1.0361442e-06
ECI2,1,0,0.0,2.739403e-06
ECPAS,9,0,0.0,0.04067118
ECRG4,1,0,0.0,0.017081011
ECSIT,1,0,0.0,2.7570836e-06
ECT2,2,0,0.0,0.16775116
ECT2L,6,0,0.0,0.118984304
EDA2R,1,0,0.0,7.848978e-07
EDAR,2,0,0.0,2.1451415e-06
EDARADD,3,0,0.0,0.21038038
EDC3,3,0,0.0,0.00052497094
EDDM3A,2,0,0.0,2.732483e-06
EDDM3B,3,0,0.0,6.272118e-07
EDEM1,3,0,0.0,0.21730097
EDEM2,2,0,0.0,0.10361916
EDIL3,6,0,0.0,0.038537767
EDN3,1,0,0.0,0.08049209
EDNRA,2,0,0.0,0.5445101
EDRF1,3,0,0.0,0.06087771
EEF1AKMT1,2,0,0.0,0.41240278
EEF1B2,1,0,0.0,0.000101007354
EEF1D,2,0,0.0,0.09920371
EEF1E1,2,0,0.0,0.00033798823
EEF2K,4,0,0.0,0.31413043
EEFSEC,3,0,0.0,0.203759
EFCAB1,1,0,0.0,2.7075241e-06
EFCAB12,3,0,0.0,4.894139e-06
EFCAB13,4,0,0.0,0.070723064
EFCAB14,1,0,0.0,0.052985027
EFCAB3,1,0,0.0,0.009463562
EFCAB5,4,0,0.0,0.25134927
EFCC1,1,0,0.0,3.1178206e-05
EFEMP1,1,0,0.0,0.004512949
EFHB,7,0,0.0,0.15244733
EFHC1,3,0,0.0,0.002344611
EFHC2,4,0,0.0,0.15891455
EFNA3,2,0,0.0,1.5420412e-06
EFNA4,1,0,0.0,0.6609485
EFNA5,2,0,0.0,3.4015948e-06
EFNB1,1,0,0.0,0.0017551682
EFNB2,2,0,0.0,1.1244634e-05
EFNB3,2,0,0.0,0.00030511033
EFS,2,0,0.0,4.247616e-06
EFTUD2,4,0,0.0,0.047347367
EGF,12,0,0.0,0.13307245
EGFL6,6,0,0.0,0.10404118
EGFL7,1,0,0.0,0.23412095
EGFLAM,6,0,0.0,0.068342246
EGLN1,1,0,0.0,0.19782053
EGLN2,1,0,0.0,0.00057723094
EGR1,8,0,0.0,0.26959208
EGR2,7,0,0.0,0.00018446635
EGR3,4,0,0.0,0.16548656
EHD2,1,0,0.0,1.6209452e-11
EHD3,8,0,0.0,0.012831923
EHD4,7,0,0.0,0.024602814
EHF,2,0,0.0,1.1032892e-10
EHHADH,4,0,0.0,7.360109e-07
EHMT1,3,0,0.0,9.4686214e-07
EI24P4,3,0,0.0,0.0012291429
EID3,2,0,0.0,0.108517304
EIF1AD,1,0,0.0,0.07774258
EIF1AX,1,0,0.0,8.154703e-06
EIF2A,2,0,0.0,4.209827e-06
EIF2AK2,2,0,0.0,0.18906412
EIF2AK3,1,0,0.0,0.54603004
EIF2AK4,4,0,0.0,0.1476062
EIF2B1,1,0,0.0,0.0008982957
EIF2B2,1,0,0.0,0.0011502156
EIF2B3,2,0,0.0,0.56051314
EIF2B4,1,0,0.0,0.025816128
EIF2B5,2,0,0.0,1.3584467e-07
EIF2D,3,0,0.0,4.4327167e-05
EIF2S2,1,0,0.0,0.5740311
EIF2S3,5,0,0.0,0.12112941
EIF3A,5,0,0.0,0.09458583
EIF3D,3,0,0.0,0.20295304
EIF3E,2,0,0.0,0.3207351
EIF3H,2,0,0.0,0.30178916
EIF3J,1,0,0.0,2.8176785e-06
EIF3K,1,0,0.0,1.4554719e-06
EIF3L,1,0,0.0,0.0009605757
EIF3M,4,0,0.0,0.062891684
EIF4A3,2,0,0.0,1.5292658e-06
EIF4B,2,0,0.0,0.19463654
EIF4E,2,0,0.0,0.09887772
EIF4E1B,2,0,0.0,0.00032492258
EIF4E2,1,0,0.0,9.570953e-05
EIF4G1,8,0,0.0,0.098417535
EIF4G2,5,0,0.0,0.19589113
EIF4G3,3,0,0.0,4.8313686e-05
EIF4H,3,0,0.0,0.24901156
EIF5,1,0,0.0,0.029935459
EIF5A,1,0,0.0,8.18079e-06
EIF5B,2,0,0.0,0.00011740712
EIPR1,2,0,0.0,0.010683378
ELAC2,1,0,0.0,0.6113933
ELAPOR1,5,0,0.0,0.20344833
ELAVL1,2,0,0.0,0.0064891702
ELAVL2,6,0,0.0,0.14270408
ELAVL3,4,0,0.0,0.046270985
ELF2,5,0,0.0,0.14943299
ELF4,4,0,0.0,0.04841131
ELF5,2,0,0.0,0.0001041143
ELFN2,3,0,0.0,9.095168e-06
ELK1,3,0,0.0,7.5513744e-05
ELK3,7,0,0.0,0.01974936
ELK4,3,0,0.0,5.7273486e-05
ELL,1,0,0.0,0.00040070774
ELL2,6,0,0.0,0.1320967
ELMO1,17,0,0.0,0.07536472
ELMO2,3,0,0.0,5.0018196e-05
ELMO3,1,0,0.0,2.1874203e-06
ELMOD2,1,0,0.0,1.3762207e-06
ELMOD3,4,0,0.0,0.0057702134
ELOA,2,0,0.0,2.1621067e-06
ELOB,1,0,0.0,0.010984383
ELOVL2,4,0,0.0,0.42100817
ELOVL3,1,0,0.0,0.5559747
ELOVL4,4,0,0.0,0.17847644
ELOVL5,1,0,0.0,0.001291244
ELOVL6,1,0,0.0,4.2564284e-06
ELP2,2,0,0.0,0.29790136
ELP3,3,0,0.0,0.00978507
ELP4,4,0,0.0,0.32042822
ELP5,2,0,0.0,5.8535204e-11
ELSPBP1,5,0,0.0,0.11757986
EMC1,7,0,0.0,0.00049739593
EMC10,1,0,0.0,2.7044116e-06
EMC3,1,0,0.0,0.014686491
EMC6,1,0,0.0,5.4789134e-06
EMC8,1,0,0.0,1.1439042e-07
EMC9,1,0,0.0,1.6673941e-07
EME1,2,0,0.0,2.7455967e-06
EMG1,1,0,0.0,2.5243958e-06
EMID1,1,0,0.0,8.238407e-07
EMILIN1,4,0,0.0,0.08362216
EMILIN3,3,0,0.0,0.256241
EML1,6,0,0.0,0.1018995
EML3,1,0,0.0,8.824817e-07
EML4,5,0,0.0,0.4111132
EML5,5,0,0.0,0.009752623
EMP3,1,0,0.0,0.0041393326
EMSY,7,0,0.0,0.09023362
EMX1,1,0,0.0,5.0823925e-11
EN2,1,0,0.0,2.2209173e-05
ENAH,2,0,0.0,0.2952433
ENC1,4,0,0.0,0.18315807
ENDOU,1,0,0.0,3.6932604e-05
ENDOV,2,0,0.0,3.3655727e-08
ENG,5,0,0.0,0.0011284762
ENGASE,3,0,0.0,0.7055796
ENKUR,1,0,0.0,0.44160655
ENO1,2,0,0.0,0.38733083
ENO2,2,0,0.0,1.701589e-06
ENO3,4,0,0.0,0.15802804
ENOPH1,3,0,0.0,7.319939e-07
ENOSF1,2,0,0.0,0.11194229
ENOX1,1,0,0.0,5.8124584e-07
ENPEP,17,0,0.0,0.10912421
ENPP3,5,0,0.0,0.32095373
ENPP4,2,0,0.0,0.2505521
ENPP5,4,0,0.0,0.08937547
ENPP6,4,0,0.0,0.069280304
ENSA,1,0,0.0,0.72183967
ENTPD1,3,0,0.0,0.0026923593
ENTPD3,3,0,0.0,0.06391179
ENTPD4,2,0,0.0,2.8871748e-06
ENTPD5,1,0,0.0,1.0715925e-06
ENTPD6,3,0,0.0,0.18773115
ENTPD8,1,0,0.0,5.7522916e-06
EOLA1,1,0,0.0,1.1067901e-10
EOMES,5,0,0.0,1.45623635e-05
EPAS1,7,0,0.0,0.084799804
EPB41,2,0,0.0,2.0267042e-05
EPB41L1,3,0,0.0,0.19521642
EPB41L2,7,0,0.0,0.18455361
EPB41L4A,3,0,0.0,0.00010266432
EPB41L4B,7,0,0.0,0.06532217
EPB42,5,0,0.0,0.027602132
EPC1,3,0,0.0,2.846421e-06
EPC2,1,0,0.0,1.5280113e-08
EPCAM,1,0,0.0,2.8852405e-06
EPG5,8,0,0.0,0.18234782
EPGN,3,0,0.0,0.3712549
EPHA2,1,0,0.0,0.5822019
EPHA3,6,0,0.0,0.018140906
EPHA4,5,0,0.0,0.11667651
EPHA6,5,0,0.0,0.0019720788
EPHA8,15,0,0.0,0.18866014
EPHB1,17,0,0.0,0.14069177
EPHB2,11,0,0.0,0.14695916
EPHB3,1,0,0.0,5.818116e-07
EPHX1,1,0,0.0,0.0037540793
EPHX2,3,0,0.0,0.12934445
EPHX4,4,0,0.0,3.871356e-05
EPM2A,3,0,0.0,0.11400158
EPM2AIP1,1,0,0.0,6.893062e-05
EPN1,2,0,0.0,0.66880906
EPN2,1,0,0.0,0.012784433
EPN3,2,0,0.0,1.2830684e-08
EPO,2,0,0.0,0.09762024
EPRS1,5,0,0.0,1.6735697e-06
EPS15L1,2,0,0.0,0.33075672
EPS8L1,3,0,0.0,1.8582879e-06
EPS8L3,4,0,0.0,0.06403076
EPSTI1,1,0,0.0,0.0026861082
EPX,8,0,0.0,0.18924929
EPYC,4,0,0.0,0.24382137
EQTN,1,0,0.0,3.1131738e-05
ERAL1,1,0,0.0,0.5802647
ERAP1,1,0,0.0,5.21834e-05
ERAP2,4,0,0.0,0.249998
ERAS,1,0,0.0,4.2703296e-06
ERBB3,3,0,0.0,8.992072e-07
ERBB4,3,0,0.0,1.05450445e-05
ERC1,2,0,0.0,0.29381645
ERC2,5,0,0.0,0.06901331
ERCC1,5,0,0.0,0.00011347657
ERCC2,3,0,0.0,0.00047297706
ERCC3,4,0,0.0,0.045220666
ERCC4,7,0,0.0,1.0955367e-06
ERCC5,1,0,0.0,0.01541787
ERCC6,6,0,0.0,0.01983981
ERCC6L,10,0,0.0,0.024394203
ERCC6L2,3,0,0.0,0.07399844
EREG,1,0,0.0,0.0014265846
ERF,1,0,0.0,0.72747815
ERG,8,0,0.0,0.050713282
ERGIC1,2,0,0.0,0.21273497
ERGIC2,1,0,0.0,0.7460033
ERGIC3,1,0,0.0,0.18262772
ERICH6,4,0,0.0,0.15043238
ERLEC1,1,0,0.0,0.7184855
ERLIN1,1,0,0.0,7.828248e-07
ERLIN2,1,0,0.0,0.21098435
ERMARD,2,0,0.0,0.17524977
ERN1,4,0,0.0,0.103416726
ERO1B,1,0,0.0,2.7433377e-06
ERP27,4,0,0.0,1.4093854e-05
ERRFI1,2,0,0.0,0.31011254
ERV3-1,2,0,0.0,0.3677272
ERVW-1,3,0,0.0,0.2797968
ESAM,2,0,0.0,7.8216246e-05
ESCO1,4,0,0.0,0.30175486
ESCO2,1,0,0.0,2.5168094e-06
ESM1,1,0,0.0,0.35323977
ESPL1,18,0,0.0,0.1451047
ESPN,1,0,0.0,6.62267e-07
ESPNL,2,0,0.0,3.1068263e-05
ESR1,5,0,0.0,0.046940554
ESR2,2,0,0.0,0.11029424
ESRP1,1,0,0.0,0.6579973
ESRRA,1,0,0.0,1.6688625e-07
ESRRB,4,0,0.0,0.15029424
ESRRG,3,0,0.0,0.24063163
ESS2,2,0,0.0,0.27460086
ESX1,4,0,0.0,0.0050530178
ESYT1,5,0,0.0,0.121431984
ESYT2,4,0,0.0,0.020230763
ESYT3,1,0,0.0,1.4674575e-08
ETAA1,4,0,0.0,0.14242384
ETF1,3,0,0.0,1.719453e-06
ETFB,2,0,0.0,2.8370746e-06
ETFBKMT,4,0,0.0,0.16113974
ETHE1,2,0,0.0,0.7316944
ETNK1,1,0,0.0,2.7411593e-06
ETNK2,1,0,0.0,1.8714965e-06
ETNPPL,5,0,0.0,0.21408889
ETS1,4,0,0.0,0.14178382
ETS2,3,0,0.0,0.14778525
ETV1,2,0,0.0,0.44517726
ETV3L,2,0,0.0,0.07966378
ETV5,2,0,0.0,2.013259e-05
ETV7,1,0,0.0,0.027334265
EVA1C,1,0,0.0,0.4591756
EVC,4,0,0.0,0.2685644
EVC2,8,0,0.0,0.00046801032
EVI2A,1,0,0.0,0.0001878859
EVI2B,3,0,0.0,0.0015322099
EVI5,1,0,0.0,0.15018845
EWSR1,2,0,0.0,3.3480843e-05
EXD1,5,0,0.0,0.030309599
EXD2,1,0,0.0,7.659118e-07
EXD3,4,0,0.0,2.4936244e-06
EXO5,3,0,0.0,0.13760838
EXOC1,7,0,0.0,0.28926367
EXOC2,4,0,0.0,0.13815787
EXOC3,3,0,0.0,0.2782101
EXOC3L2,3,0,0.0,0.25334117
EXOC3L4,2,0,0.0,0.077443734
EXOC4,3,0,0.0,0.21201593
EXOC6,2,0,0.0,0.18395469
EXOC6B,1,0,0.0,5.7910077e-10
EXOC7,4,0,0.0,0.009247665
EXOC8,7,0,0.0,0.20926283
EXOG,1,0,0.0,7.0994126e-08
EXOSC2,1,0,0.0,0.09008612
EXOSC3,1,0,0.0,3.0494734e-06
EXOSC4,2,0,0.0,0.017481923
EXOSC5,1,0,0.0,5.552666e-06
EXOSC8,2,0,0.0,0.19440886
EXOSC9,4,0,0.0,0.18505141
EXTL1,1,0,0.0,3.0368083e-06
EXTL2,3,0,0.0,0.35928693
EXTL3,7,0,0.0,0.1836145
EYA1,3,0,0.0,0.20253928
EYA2,2,0,0.0,0.010580351
EYA3,4,0,0.0,0.09909397
EYS,1,0,0.0,0.723167
EZH1,3,0,0.0,0.45539013
EZHIP,2,0,0.0,0.1876893
EZR,3,0,0.0,0.04844311
F11R,2,0,0.0,2.9872376e-07
F13A1,9,0,0.0,0.16476768
F13B,3,0,0.0,0.7238808
F2,3,0,0.0,0.15699965
F2R,4,0,0.0,0.18674123
F2RL1,1,0,0.0,1.1795614e-10
F2RL2,2,0,0.0,0.35520995
F2RL3,2,0,0.0,1.1121018e-05
F3,1,0,0.0,0.2555408
F8,15,0,0.0,0.06927824
F9,8,0,0.0,2.8803427e-06
FA2H,2,0,0.0,0.67818165
FAAH,2,0,0.0,0.023191867
FAAP20,1,0,0.0,2.9279552e-06
FABP6,2,0,0.0,0.0011329466
FABP7,1,0,0.0,0.5491793
FADS1,3,0,0.0,1.1988576e-09
FADS2,2,0,0.0,0.25442848
FADS3,4,0,0.0,0.028325109
FAF1,4,0,0.0,2.3326398e-05
FAF2,2,0,0.0,5.537222e-06
FAHD2A,2,0,0.0,0.25345272
FAHD2B,1,0,0.0,0.0677304
FAIM,3,0,0.0,0.41916445
FAM102A,2,0,0.0,0.000296251
FAM107B,2,0,0.0,3.9893393e-07
FAM110B,3,0,0.0,0.17196296
FAM111A,2,0,0.0,0.3664849
FAM111B,3,0,0.0,7.6433535e-05
FAM117A,1,0,0.0,0.00024562835
FAM117B,1,0,0.0,1.1061041e-10
FAM118A,3,0,0.0,0.21895717
FAM120A,6,0,0.0,0.0039099893
FAM120B,10,0,0.0,0.3622825
FAM120C,3,0,0.0,0.16553257
FAM122A,3,0,0.0,0.0073617813
FAM122B,1,0,0.0,0.039063
FAM124A,8,0,0.0,0.046666626
FAM124B,1,0,0.0,3.1220275e-06
FAM126A,6,0,0.0,0.40222338
FAM126B,1,0,0.0,6.005537e-09
FAM131C,1,0,0.0,0.0008832957
FAM133A,1,0,0.0,5.405225e-12
FAM135A,1,0,0.0,3.6889305e-05
FAM136A,1,0,0.0,8.855641e-06
FAM13A,7,0,0.0,0.18442965
FAM13C,4,0,0.0,5.633034e-06
FAM151A,3,0,0.0,7.3571814e-06
FAM153A,1,0,0.0,0.0059080324
FAM153B,3,0,0.0,0.13984199
FAM153CP,4,0,0.0,0.00044123997
FAM155A,2,0,0.0,0.00021820345
FAM155B,1,0,0.0,0.00017563702
FAM160A2,2,0,0.0,0.051045626
FAM160B1,1,0,0.0,0.020486621
FAM161A,1,0,0.0,0.001295902
FAM161B,2,0,0.0,2.5378904e-07
FAM163A,1,0,0.0,0.3916047
FAM163B,1,0,0.0,1.6390869e-10
FAM166B,1,0,0.0,0.5803626
FAM166C,1,0,0.0,9.15426e-06
FAM167A,1,0,0.0,8.010237e-07
FAM168B,2,0,0.0,1.10365946e-10
FAM169B,1,0,0.0,6.8861045e-05
FAM170A,2,0,0.0,0.0021892495
FAM171A1,1,0,0.0,0.51359636
FAM171B,2,0,0.0,0.00022695164
FAM180A,1,0,0.0,0.326315
FAM181A,3,0,0.0,0.0005620255
FAM181B,1,0,0.0,1.4669175e-08
FAM183BP,2,0,0.0,0.025312258
FAM184A,3,0,0.0,0.08396328
FAM189B,1,0,0.0,0.7421307
FAM193A,7,0,0.0,0.2653139
FAM193B,1,0,0.0,0.6918109
FAM199X,1,0,0.0,7.00149e-05
FAM200A,2,0,0.0,0.2615608
FAM20A,2,0,0.0,0.33169177
FAM210B,1,0,0.0,2.7493456e-06
FAM214A,4,0,0.0,0.18886748
FAM217A,2,0,0.0,0.0002689016
FAM217B,3,0,0.0,0.0007253696
FAM21FP,1,0,0.0,1.1049507e-10
FAM220A,1,0,0.0,4.952891e-06
FAM222B,2,0,0.0,0.3632104
FAM227B,1,0,0.0,0.05297737
FAM228A,3,0,0.0,0.16953047
FAM234A,4,0,0.0,3.1577674e-06
FAM234B,6,0,0.0,0.2460619
FAM237A,3,0,0.0,1.1338697e-05
FAM241A,2,0,0.0,0.37252843
FAM27E5,1,0,0.0,0.00017659387
FAM32A,2,0,0.0,0.37273017
FAM3B,2,0,0.0,0.34354186
FAM47B,13,0,0.0,0.0618671
FAM50B,2,0,0.0,0.000625
FAM53A,1,0,0.0,0.03647972
FAM53B,1,0,0.0,0.73511416
FAM53C,1,0,0.0,2.3874964e-06
FAM71A,3,0,0.0,0.18525594
FAM71E1,2,0,0.0,0.009287979
FAM71F1,3,0,0.0,0.2430986
FAM71F2,1,0,0.0,0.72769696
FAM74A3,5,0,0.0,0.2753752
FAM76A,1,0,0.0,0.74319595
FAM78A,1,0,0.0,3.1180287e-05
FAM78B,2,0,0.0,0.3681607
FAM83A,4,0,0.0,8.8274006e-05
FAM83C,4,0,0.0,7.9870915e-05
FAM83F,2,0,0.0,0.004294112
FAM86C1P,1,0,0.0,0.41396672
FAM89A,1,0,0.0,0.0015609829
FAM89B,1,0,0.0,5.634124e-06
FAM8A1,1,0,0.0,0.7383403
FAM90A1,6,0,0.0,0.020239815
FAM98A,6,0,0.0,0.0034954818
FAM9A,5,0,0.0,0.21804121
FAM9B,1,0,0.0,2.6901098e-06
FANCC,1,0,0.0,0.51061493
FANCD2OS,2,0,0.0,0.027726494
FANCF,1,0,0.0,0.07243268
FANCG,1,0,0.0,1.6589285e-08
FANCI,3,0,0.0,0.00045057514
FANCM,9,0,0.0,0.18133415
FANK1,1,0,0.0,2.2054596e-06
FAP,5,0,0.0,0.2525115
FARP1,5,0,0.0,5.646565e-07
FARP2,1,0,0.0,7.6446184e-08
FARS2,1,0,0.0,0.0011308802
FARSA,4,0,0.0,0.26359597
FARSB,2,0,0.0,0.0040481086
FAS,1,0,0.0,0.29960185
FASLG,1,0,0.0,3.1264182e-09
FASN,4,0,0.0,1.206847e-06
FASTKD2,1,0,0.0,9.222445e-05
FASTKD5,4,0,0.0,0.19264825
FATE1,4,0,0.0,0.10010362
FAXC,1,0,0.0,0.000426254
FAXDC2,1,0,0.0,3.3051556e-06
FBH1,6,0,0.0,0.06804946
FBL,1,0,0.0,0.16908228
FBLIM1,3,0,0.0,3.3248125e-06
FBLN1,1,0,0.0,0.66918856
FBLN2,16,0,0.0,0.14501435
FBLN5,6,0,0.0,0.09039822
FBLN7,2,0,0.0,0.00019407677
FBN3,14,0,0.0,0.0915081
FBP2,4,0,0.0,0.16958414
FBXL12,1,0,0.0,5.377589e-07
FBXL14,2,0,0.0,0.3142361
FBXL16,1,0,0.0,3.666358e-10
FBXL17,2,0,0.0,1.10186985e-10
FBXL19,2,0,0.0,1.3768392e-06
FBXL2,1,0,0.0,2.4628224e-07
FBXL20,2,0,0.0,0.281617
FBXL21P,2,0,0.0,0.56599927
FBXL22,1,0,0.0,2.7454757e-06
FBXL3,1,0,0.0,1.6613261e-07
FBXL4,2,0,0.0,0.37232566
FBXL5,7,0,0.0,0.12408925
FBXL7,2,0,0.0,1.0970964e-05
FBXO10,2,0,0.0,0.0030614939
FBXO11,3,0,0.0,0.0022733938
FBXO15,2,0,0.0,2.2331178e-06
FBXO16,1,0,0.0,0.3067186
FBXO21,1,0,0.0,1.0277369e-07
FBXO22,5,0,0.0,0.14497045
FBXO24,5,0,0.0,0.10128653
FBXO25,1,0,0.0,0.1664922
FBXO27,1,0,0.0,0.4933835
FBXO28,1,0,0.0,0.18230721
FBXO3,3,0,0.0,0.104998775
FBXO30,1,0,0.0,0.028855704
FBXO32,1,0,0.0,0.26609096
FBXO33,1,0,0.0,1.8314272e-10
FBXO34,3,0,0.0,0.06350663
FBXO36,1,0,0.0,0.00011529759
FBXO38,7,0,0.0,0.038214248
FBXO39,2,0,0.0,0.1832917
FBXO4,2,0,0.0,0.0025735064
FBXO40,3,0,0.0,0.15204728
FBXO41,1,0,0.0,9.1524825e-08
FBXO42,1,0,0.0,2.7622946e-06
FBXO43,5,0,0.0,3.3219778e-05
FBXO45,1,0,0.0,5.5187073e-05
FBXO46,1,0,0.0,0.07909146
FBXO47,3,0,0.0,0.2472468
FBXO8,2,0,0.0,0.2613767
FBXO9,1,0,0.0,0.13965744
FBXW10,6,0,0.0,0.35184756
FBXW12,2,0,0.0,2.5812265e-05
FBXW5,4,0,0.0,0.12525865
FBXW8,2,0,0.0,0.0057993643
FBXW9,2,0,0.0,0.0007583433
FCAMR,2,0,0.0,1.239835e-06
FCAR,2,0,0.0,2.383017e-06
FCER1A,4,0,0.0,2.08635e-06
FCGR2B,1,0,0.0,0.009389347
FCGR2C,2,0,0.0,1.693939e-05
FCGR3A,4,0,0.0,0.15536943
FCGR3B,3,0,0.0,0.093180366
FCGRT,2,0,0.0,0.29684827
FCHO1,2,0,0.0,0.6512873
FCHO2,5,0,0.0,0.15432674
FCHSD1,3,0,0.0,0.105899654
FCHSD2,2,0,0.0,0.005492377
FCMR,1,0,0.0,2.9204982e-06
FCRL2,7,0,0.0,0.01653554
FCRL3,8,0,0.0,0.13214332
FCRL5,5,0,0.0,4.562362e-05
FCRL6,2,0,0.0,0.6985759
FCRLA,3,0,0.0,0.03447612
FCSK,1,0,0.0,0.1879178
FECH,5,0,0.0,0.05350559
FEM1A,3,0,0.0,0.108956315
FEM1B,1,0,0.0,4.945233e-09
FER,2,0,0.0,5.2652474e-08
FER1L5,2,0,0.0,0.13727263
FERD3L,5,0,0.0,0.06831421
FERMT1,2,0,0.0,0.25238594
FERMT2,1,0,0.0,0.0068108016
FES,2,0,0.0,0.0005684164
FETUB,3,0,0.0,0.2635549
FEZ1,1,0,0.0,0.0064977654
FEZ2,4,0,0.0,0.042973705
FEZF1,1,0,0.0,2.6800847e-06
FEZF2,2,0,0.0,0.004904151
FFAR1,2,0,0.0,0.010039835
FFAR2,7,0,0.0,0.1576052
FFAR3,4,0,0.0,0.5050449
FFAR4,2,0,0.0,0.13500528
FGB,4,0,0.0,0.011000732
FGD1,6,0,0.0,0.16616158
FGD2,1,0,0.0,3.3833219e-06
FGD3,3,0,0.0,0.23962905
FGD5,17,0,0.0,0.029346064
FGF10,1,0,0.0,6.18225e-06
FGF13,1,0,0.0,1.10292504e-10
FGF16,2,0,0.0,0.48230916
FGF2,2,0,0.0,0.36156067
FGF20,4,0,0.0,0.0053435396
FGF21,1,0,0.0,2.7400222e-06
FGF23,3,0,0.0,0.217762
FGF3,1,0,0.0,0.21072644
FGF5,3,0,0.0,3.958718e-06
FGF6,3,0,0.0,8.5586e-07
FGF7,1,0,0.0,4.345278e-06
FGF8,1,0,0.0,0.00045528615
FGF9,2,0,0.0,0.08366247
FGFBP1,3,0,0.0,0.21910949
FGFBP2,2,0,0.0,0.007092662
FGFR2,5,0,0.0,0.010964786
FGFR3,4,0,0.0,0.42203256
FGFR4,5,0,0.0,0.39899844
FGFRL1,2,0,0.0,4.1864252e-05
FGG,4,0,0.0,0.15111354
FGL1,4,0,0.0,0.022273649
FGL2,1,0,0.0,0.003269725
FGR,2,0,0.0,0.000103328246
FHDC1,11,0,0.0,0.029193254
FHL1,3,0,0.0,0.050493404
FHL2,1,0,0.0,4.3309575e-07
FHOD1,2,0,0.0,2.6261056e-09
FIBCD1,1,0,0.0,0.61146545
FIG4,5,0,0.0,0.1205066
FIGLA,1,0,0.0,0.0009867755
FIGNL1,2,0,0.0,6.6627166e-08
FIGNL2,1,0,0.0,3.5040077e-06
FILIP1,10,0,0.0,0.07096375
FILIP1L,6,0,0.0,0.029118387
FIP1L1,6,0,0.0,0.31026897
FIS1,1,0,0.0,0.010042352
FITM2,2,0,0.0,5.408489e-09
FIZ1,5,0,0.0,0.22258493
FKBP10,3,0,0.0,0.22362715
FKBP11,1,0,0.0,4.989334e-07
FKBP14,1,0,0.0,0.5752868
FKBP1A,2,0,0.0,0.3516148
FKBP3,1,0,0.0,0.0037632913
FKBP4,1,0,0.0,2.1770884e-07
FKBP5,2,0,0.0,0.013881973
FKBP8,4,0,0.0,9.674959e-05
FKBP9,2,0,0.0,0.2787423
FKBPL,1,0,0.0,1.10694204e-10
FKRP,1,0,0.0,3.2720646e-11
FKTN,1,0,0.0,0.74889886
FLACC1,6,0,0.0,0.18074079
FLAD1,2,0,0.0,0.330496
FLCN,2,0,0.0,0.05491354
FLII,1,0,0.0,2.975417e-06
FLNB,12,0,0.0,0.12096238
FLNC,14,0,0.0,0.13864684
FLOT1,4,0,0.0,0.009414251
FLRT1,2,0,0.0,0.0002198802
FLRT2,3,0,0.0,2.778318e-05
FLRT3,1,0,0.0,0.6786406
FLT1,9,0,0.0,4.933192e-06
FLVCR2,1,0,0.0,1.7307494e-09
FLYWCH1,1,0,0.0,2.6037488e-09
FMC1-LUC7L2,1,0,0.0,0.47482425
FMN1,9,0,0.0,0.083898075
FMNL2,3,0,0.0,0.0031536303
FMO1,2,0,0.0,0.3650389
FMR1,1,0,0.0,0.41670948
FMR1NB,5,0,0.0,0.013765281
FN3K,2,0,0.0,2.2122158e-06
FN3KRP,1,0,0.0,0.47476342
FNBP1L,1,0,0.0,1.6286565e-10
FNBP4,4,0,0.0,0.0026362282
FNDC1,9,0,0.0,0.0033971854
FNDC3A,3,0,0.0,0.081931815
FNDC3B,8,0,0.0,0.0042964714
FNDC4,2,0,0.0,0.012170963
FNIP1,6,0,0.0,0.030790262
FNIP2,6,0,0.0,0.1752447
FNTA,2,0,0.0,0.19075613
FO393400.1,3,0,0.0,1.8025798e-05
FOCAD,2,0,0.0,0.649214
FOLH1B,2,0,0.0,0.00023248103
FOLR1,2,0,0.0,3.0040906e-06
FOLR3,3,0,0.0,0.28272358
FOSB,3,0,0.0,0.09753109
FOSL2,5,0,0.0,1.7721161e-06
FOXA2,1,0,0.0,0.0014573747
FOXA3,1,0,0.0,8.907956e-05
FOXB1,2,0,0.0,1.0474832e-08
FOXB2,2,0,0.0,1.7066358e-07
FOXC1,1,0,0.0,0.001754911
FOXD4L4,1,0,0.0,0.31816345
FOXD4L5,5,0,0.0,0.31415808
FOXD4L6,3,0,0.0,0.24728502
FOXF2,1,0,0.0,0.0026620554
FOXG1,4,0,0.0,0.12160759
FOXH1,1,0,0.0,8.0510054e-10
FOXI1,5,0,0.0,0.0015559271
FOXJ1,2,0,0.0,0.20874983
FOXK1,2,0,0.0,0.36926702
FOXK2,4,0,0.0,0.00038371453
FOXL1,2,0,0.0,0.20196834
FOXL2NB,2,0,0.0,9.52649e-06
FOXM1,7,0,0.0,0.00015095939
FOXN1,5,0,0.0,0.12597898
FOXN2,1,0,0.0,0.0055755535
FOXN3,2,0,0.0,0.033566676
FOXN4,3,0,0.0,0.16186915
FOXO1,2,0,0.0,0.27757856
FOXO3,4,0,0.0,5.298256e-05
FOXO4,1,0,0.0,1.8705237e-05
FOXP1,6,0,0.0,0.083684385
FOXP3,6,0,0.0,0.012709043
FOXP4,1,0,0.0,2.7718024e-06
FOXR1,4,0,0.0,2.270844e-05
FOXR2,7,0,0.0,0.00012757028
FOXRED1,3,0,0.0,0.110501416
FOXRED2,2,0,0.0,0.21916275
FOXS1,3,0,0.0,0.062823065
FPGT-TNNI3K,2,0,0.0,1.1030093e-10
FPR1,3,0,0.0,0.024177836
FPR2,6,0,0.0,0.066898786
FPR3,4,0,0.0,0.1648149
FRA10AC1,2,0,0.0,0.37831813
FRAS1,26,0,0.0,0.10091551
FREM1,15,0,0.0,0.09838462
FRG2,3,0,0.0,1.183637e-06
FRG2C,4,0,0.0,0.18503669
FRK,3,0,0.0,2.661034e-05
FRMD3,3,0,0.0,0.2286982
FRMD4A,1,0,0.0,5.584581e-10
FRMD4B,3,0,0.0,0.011951045
FRMD5,1,0,0.0,0.005557449
FRMD6,1,0,0.0,0.24759062
FRMD7,10,0,0.0,0.16759226
FRMD8,2,0,0.0,1.0938147e-05
FRMPD1,8,0,0.0,0.18428561
FRMPD2,6,0,0.0,0.208858
FRMPD3,13,0,0.0,0.016025368
FRMPD4,13,0,0.0,0.18055855
FRRS1,3,0,0.0,0.11656589
FRS2,1,0,0.0,0.34772614
FRS3,1,0,0.0,0.008925077
FRYL,18,0,0.0,0.053637415
FSCB,8,0,0.0,0.10622795
FSCN1,1,0,0.0,0.3752755
FSCN2,1,0,0.0,1.5387192e-11
FSCN3,2,0,0.0,0.27252066
FSD1,1,0,0.0,0.00018941412
FSD2,1,0,0.0,1.9588738e-06
FSHR,3,0,0.0,0.0017557153
FSIP1,5,0,0.0,0.20284912
FSIP2,6,0,0.0,0.029216463
FSTL1,3,0,0.0,4.6966056e-06
FSTL3,1,0,0.0,6.163397e-08
FTCD,2,0,0.0,0.122659236
FTHL17,4,0,0.0,1.4882124e-06
FTMT,5,0,0.0,0.0012311882
FTO,3,0,0.0,0.25159696
FTSJ1,3,0,0.0,7.7631034e-11
FTSJ3,3,0,0.0,0.017718773
FUBP1,3,0,0.0,0.0057694134
FUBP3,1,0,0.0,1.8035769e-10
FUCA1,4,0,0.0,0.30807886
FUNDC1,1,0,0.0,9.809031e-07
FURIN,2,0,0.0,1.3651692e-06
FUS,2,0,0.0,1.8989351e-06
FUT10,1,0,0.0,0.0088496
FUT11,1,0,0.0,0.0011304208
FUT2,3,0,0.0,0.015788503
FUT3,2,0,0.0,0.22609353
FUT5,5,0,0.0,0.25999427
FUT7,2,0,0.0,0.192848
FUT8,2,0,0.0,0.00019034537
FUZ,1,0,0.0,0.07762529
FXN,2,0,0.0,0.70372
FXR1,3,0,0.0,1.0538641e-06
FXR2,4,0,0.0,0.26450914
FXYD4,1,0,0.0,0.0032747812
FYCO1,5,0,0.0,0.23879716
FYN,2,0,0.0,0.27158526
FZD10,4,0,0.0,2.4029023e-05
FZD3,4,0,0.0,0.15827255
FZD4,4,0,0.0,0.17260037
FZD5,2,0,0.0,3.9486163e-06
FZR1,2,0,0.0,0.32911462
G2E3,2,0,0.0,0.3459744
G3BP1,5,0,0.0,0.13504982
G3BP2,4,0,0.0,0.2128005
G6PC,3,0,0.0,0.22211038
G6PD,7,0,0.0,0.14008875
GAA,9,0,0.0,0.12965512
GAB1,3,0,0.0,0.22238117
GAB3,1,0,0.0,0.65767944
GAB4,4,0,0.0,0.13647139
GABARAPL1,1,0,0.0,3.6893218e-07
GABARAPL2,1,0,0.0,2.7436463e-06
GABRA1,12,0,0.0,0.0072827297
GABRA2,5,0,0.0,0.18751347
GABRA3,3,0,0.0,0.244012
GABRA5,8,0,0.0,0.025432715
GABRA6,18,0,0.0,0.057621215
GABRB1,5,0,0.0,0.13849881
GABRB2,12,0,0.0,0.06653122
GABRB3,9,0,0.0,0.01973439
GABRD,5,0,0.0,0.17903516
GABRG1,2,0,0.0,0.35578534
GABRG2,11,0,0.0,0.08257141
GABRP,5,0,0.0,0.11310704
GABRQ,6,0,0.0,0.000536369
GABRR1,3,0,0.0,0.06074923
GABRR2,2,0,0.0,1.3700574e-06
GAD1,6,0,0.0,1.9661888e-06
GAD2,2,0,0.0,0.36772788
GADD45A,1,0,0.0,6.538109e-10
GADL1,3,0,0.0,0.41738066
GAGE2E,1,0,0.0,7.313862e-05
GAL,1,0,0.0,0.7105829
GAL3ST1,1,0,0.0,0.0005772433
GAL3ST2,2,0,0.0,1.5641455e-05
GAL3ST4,3,0,0.0,0.0006146456
GALC,3,0,0.0,0.094573684
GALE,3,0,0.0,0.0008145098
GALK1,1,0,0.0,0.09072559
GALK2,4,0,0.0,0.12807645
GALM,5,0,0.0,0.0085518155
GALNS,3,0,0.0,0.00058480207
GALNT11,1,0,0.0,0.7386149
GALNT13,3,0,0.0,0.18712495
GALNT14,5,0,0.0,0.19118965
GALNT15,5,0,0.0,0.00035677885
GALNT16,1,0,0.0,3.1205127e-05
GALNT18,3,0,0.0,0.035077706
GALNT2,6,0,0.0,0.005008203
GALNT3,2,0,0.0,1.941295e-06
GALNT6,5,0,0.0,0.096866876
GALNT7,3,0,0.0,0.107339256
GALNT8,8,0,0.0,0.11859467
GALNT9,4,0,0.0,0.102438
GALNTL6,3,0,0.0,0.22055979
GALP,1,0,0.0,0.52313757
GALR2,1,0,0.0,1.0296828e-06
GALT,3,0,0.0,0.19237204
GAMT,2,0,0.0,7.009772e-06
GAN,1,0,0.0,1.1197264e-06
GANC,2,0,0.0,6.5093564e-06
GAP43,1,0,0.0,2.6953178e-06
GAPDH,1,0,0.0,1.202707e-05
GAPDHS,4,0,0.0,0.0008041858
GAPT,1,0,0.0,0.738165
GAPVD1,6,0,0.0,0.13160433
GAR1,1,0,0.0,1.1670154e-07
GAREM1,5,0,0.0,0.13908672
GARNL3,6,0,0.0,0.16297849
GARRE1,4,0,0.0,0.49169087
GARS1,1,0,0.0,0.017337475
GART,5,0,0.0,0.0048940517
GAS1,1,0,0.0,0.0072483146
GAS2,3,0,0.0,1.9548556e-10
GAS2L1,2,0,0.0,1.7153975e-06
GAS2L3,1,0,0.0,0.63717675
GAS6,1,0,0.0,0.51452833
GAS7,1,0,0.0,8.002769e-06
GASK1B,3,0,0.0,0.017698264
GATA1,2,0,0.0,0.36467004
GATA2,1,0,0.0,0.053185567
GATA3,5,0,0.0,1.6780197e-05
GATA5,1,0,0.0,2.8961463e-06
GATA6,3,0,0.0,0.00015276091
GATAD2A,1,0,0.0,2.8344187e-09
GATAD2B,2,0,0.0,0.3414564
GATB,1,0,0.0,6.8928607e-06
GBA,2,0,0.0,2.4727885e-06
GBA2,1,0,0.0,0.024512818
GBA3,5,0,0.0,0.22649543
GBE1,1,0,0.0,0.052959792
GBF1,6,0,0.0,0.12217625
GBP1,4,0,0.0,0.047657568
GBP3,5,0,0.0,0.16990367
GBP5,3,0,0.0,7.970434e-05
GBP6,2,0,0.0,0.60745287
GBX2,2,0,0.0,0.11019182
GC,3,0,0.0,5.6672343e-06
GCA,3,0,0.0,1.5129582e-05
GCC1,6,0,0.0,0.22528468
GCDH,2,0,0.0,0.27885783
GCFC2,1,0,0.0,8.994263e-06
GCG,1,0,0.0,0.0017502983
GCKR,4,0,0.0,0.1579379
GCLC,2,0,0.0,0.3371564
GCLM,1,0,0.0,0.0021455798
GCM1,5,0,0.0,0.18841214
GCN1,13,0,0.0,0.061477758
GCNA,9,0,0.0,0.046602026
GCNT1,2,0,0.0,0.026537413
GCNT2,6,0,0.0,0.11391281
GCNT4,1,0,0.0,1.6628346e-05
GCSAM,3,0,0.0,0.18675898
GCSAML,4,0,0.0,0.21961996
GDA,2,0,0.0,0.29151928
GDAP2,3,0,0.0,0.19064336
GDF10,2,0,0.0,1.8644612e-10
GDF2,4,0,0.0,8.933186e-05
GDF5,5,0,0.0,0.1807182
GDF6,3,0,0.0,0.1536717
GDF7,1,0,0.0,1.4680846e-08
GDI1,1,0,0.0,4.2676163e-07
GDNF,3,0,0.0,0.0033010638
GDPD2,2,0,0.0,3.4621203e-06
GDPD3,1,0,0.0,4.0706112e-08
GDPD4,3,0,0.0,8.57053e-05
GDPD5,3,0,0.0,0.119104184
GDPGP1,1,0,0.0,9.93878e-06
GEMIN2,2,0,0.0,0.33195007
GEMIN4,2,0,0.0,0.0001975423
GEMIN6,1,0,0.0,5.6549467e-05
GEMIN8,2,0,0.0,0.0032521524
GEN1,6,0,0.0,0.08191272
GET1,1,0,0.0,0.35438842
GET1-SH3BGR,1,0,0.0,8.436297e-06
GET4,1,0,0.0,0.6717349
GFER,1,0,0.0,0.005377577
GFI1,4,0,0.0,0.26514602
GFM1,2,0,0.0,0.009742487
GFM2,5,0,0.0,0.28644013
GFOD1,2,0,0.0,0.34900337
GFOD2,1,0,0.0,3.135574e-06
GFPT1,7,0,0.0,0.16763113
GFRA1,3,0,0.0,9.2264503e-07
GFRA2,3,0,0.0,1.8639645e-05
GGA1,2,0,0.0,0.013694262
GGA2,3,0,0.0,0.086350165
GGA3,1,0,0.0,0.7355811
GGCT,1,0,0.0,0.016295183
GGCX,2,0,0.0,5.1288757e-06
GGH,1,0,0.0,6.5518594e-07
GGN,7,0,0.0,0.1997963
GGNBP2,6,0,0.0,0.21278228
GGT1,4,0,0.0,0.056672353
GGT5,2,0,0.0,9.091969e-06
GGT6,1,0,0.0,1.6961311e-06
GGT7,3,0,0.0,0.24825472
GGTLC1,4,0,0.0,2.829779e-05
GGTLC2,2,0,0.0,0.2659349
GH2,3,0,0.0,3.8426067e-05
GHDC,1,0,0.0,0.5010668
GHR,2,0,0.0,0.18286283
GHRHR,7,0,0.0,0.096477464
GID4,1,0,0.0,9.557979e-10
GID8,2,0,0.0,1.5252347e-09
GIGYF1,2,0,0.0,0.36617547
GIGYF2,4,0,0.0,0.1782995
GIMAP2,2,0,0.0,0.21848266
GIMAP4,5,0,0.0,0.05232039
GIMAP5,2,0,0.0,0.0016645222
GIMAP7,7,0,0.0,0.19511567
GIN1,1,0,0.0,0.69466203
GINS1,1,0,0.0,0.024358906
GINS3,1,0,0.0,1.0438489e-05
GIPC2,4,0,0.0,0.19564494
GIPC3,4,0,0.0,0.0065481854
GIPR,2,0,0.0,0.36260754
GIT1,1,0,0.0,0.35199398
GIT2,4,0,0.0,0.12528247
GJA10,3,0,0.0,0.24754481
GJA4,2,0,0.0,0.13456352
GJA5,3,0,0.0,0.016225208
GJA9,2,0,0.0,0.0057255183
GJB1,2,0,0.0,9.27325e-06
GJB2,1,0,0.0,0.022105692
GJB3,2,0,0.0,0.6315495
GJB4,3,0,0.0,0.42972025
GJB5,3,0,0.0,0.14240131
GJB6,1,0,0.0,0.26422977
GJB7,1,0,0.0,0.21470831
GJC1,1,0,0.0,0.17292297
GJC2,1,0,0.0,5.612575e-07
GJC3,1,0,0.0,0.040020052
GJD2,2,0,0.0,0.12257356
GJD4,1,0,0.0,6.7526855e-07
GK2,4,0,0.0,0.19045044
GKN1,2,0,0.0,0.00016327275
GLB1,2,0,0.0,0.000803347
GLB1L,2,0,0.0,0.021427684
GLB1L2,1,0,0.0,0.69227767
GLB1L3,1,0,0.0,0.741968
GLCCI1,1,0,0.0,0.00040871798
GLDC,5,0,0.0,0.02484792
GLDN,1,0,0.0,0.0004779976
GLE1,1,0,0.0,0.33371332
GLG1,5,0,0.0,0.148567
GLI1,11,0,0.0,0.05367063
GLI2,13,0,0.0,0.094382174
GLIPR1,4,0,0.0,0.00031999152
GLIPR1L1,1,0,0.0,0.025630746
GLIPR1L2,1,0,0.0,2.7517062e-06
GLIS1,5,0,0.0,0.19319205
GLIS3,3,0,0.0,0.013939225
GLP1R,4,0,0.0,0.000327334
GLP2R,2,0,0.0,0.17296617
GLRA1,1,0,0.0,1.3109429e-06
GLRA3,6,0,0.0,0.12521343
GLRA4,1,0,0.0,1.1063193e-10
GLRB,4,0,0.0,0.003521303
GLRX,2,0,0.0,0.29505357
GLRXP3,1,0,0.0,0.0014014749
GLT1D1,2,0,0.0,0.36880064
GLT6D1,3,0,0.0,0.062605895
GLT8D1,1,0,0.0,0.09740499
GLT8D2,7,0,0.0,0.10618454
GLTP,2,0,0.0,4.3481277e-06
GLUD1,1,0,0.0,1.10400915e-05
GLUL,5,0,0.0,0.00018388336
GLYATL1,3,0,0.0,0.08083674
GLYATL2,2,0,0.0,0.16381718
GM2A,4,0,0.0,5.6029578e-05
GMDS,1,0,0.0,1.42466615e-05
GMEB2,6,0,0.0,0.11809268
GMFG,2,0,0.0,0.007421854
GMIP,9,0,0.0,0.077506214
GML,5,0,0.0,0.32107627
GMPPA,1,0,0.0,0.0047490182
GMPR,2,0,0.0,0.120363876
GMPR2,2,0,0.0,5.437337e-06
GMPS,1,0,0.0,1.904994e-07
GNA11,2,0,0.0,0.3682126
GNA12,2,0,0.0,0.09386541
GNA15,1,0,0.0,5.6209165e-06
GNAI1,1,0,0.0,0.05305168
GNAL,2,0,0.0,0.34384668
GNAO1,2,0,0.0,1.7783658e-06
GNAQ,1,0,0.0,3.2502712e-07
GNAS,4,0,0.0,0.020959856
GNAT2,1,0,0.0,2.7488084e-06
GNAZ,2,0,0.0,5.239043e-06
GNB1L,5,0,0.0,0.33662558
GNB2,1,0,0.0,0.7459321
GNB3,1,0,0.0,2.0677915e-06
GNB4,1,0,0.0,2.153123e-09
GNG2,1,0,0.0,0.13816188
GNG5,1,0,0.0,0.7269117
GNGT1,1,0,0.0,2.7716915e-06
GNGT2,4,0,0.0,0.22958314
GNL1,1,0,0.0,2.3018028e-07
GNL2,3,0,0.0,0.00023253723
GNL3L,1,0,0.0,0.0026929586
GNLY,1,0,0.0,0.11835956
GNPTAB,10,0,0.0,0.12087254
GNPTG,1,0,0.0,1.5682194e-06
GNRH1,1,0,0.0,0.7022655
GNRH2,1,0,0.0,0.22252797
GNRHR,3,0,0.0,0.24212177
GOLGA1,2,0,0.0,0.00042523743
GOLGA3,7,0,0.0,0.0027606713
GOLGA5,2,0,0.0,0.0018780017
GOLGA6A,6,0,0.0,0.4682857
GOLGA6B,3,0,0.0,0.25471902
GOLIM4,3,0,0.0,0.32799095
GOLM1,4,0,0.0,0.23771521
GOLM2,1,0,0.0,2.5406741e-09
GORAB,3,0,0.0,0.36350885
GORASP1,1,0,0.0,1.6666422e-07
GORASP2,1,0,0.0,7.5188923e-06
GOSR1,1,0,0.0,0.40628096
GOSR2,4,0,0.0,0.16965152
GOT1,1,0,0.0,1.10484316e-10
GOT2,1,0,0.0,0.020806782
GP2,3,0,0.0,0.18369333
GP6,1,0,0.0,0.00064362487
GPA33,1,0,0.0,0.012157337
GPALPP1,1,0,0.0,0.30951288
GPAM,5,0,0.0,0.10425174
GPANK1,1,0,0.0,0.3337946
GPAT3,2,0,0.0,6.669022e-06
GPAT4,2,0,0.0,0.28424567
GPATCH1,6,0,0.0,0.22054838
GPATCH2,1,0,0.0,2.6737e-06
GPATCH8,7,0,0.0,0.24749377
GPBP1,3,0,0.0,0.2228275
GPBP1L1,1,0,0.0,0.0042449986
GPC2,1,0,0.0,0.000118583135
GPC3,1,0,0.0,0.00014022396
GPC4,3,0,0.0,0.090555705
GPC5,2,0,0.0,0.00480831
GPC6,2,0,0.0,1.1052711e-10
GPD1L,1,0,0.0,5.301526e-06
GPER1,2,0,0.0,3.7414162e-07
GPHA2,1,0,0.0,2.6443091e-08
GPHB5,1,0,0.0,9.875838e-10
GPHN,2,0,0.0,0.0021690992
GPKOW,2,0,0.0,0.0007022734
GPM6A,2,0,0.0,0.0005803597
GPN1,1,0,0.0,0.051777717
GPN2,1,0,0.0,2.0912863e-08
GPNMB,3,0,0.0,0.051846873
GPR101,2,0,0.0,6.7868295e-06
GPR107,3,0,0.0,0.059736278
GPR108,1,0,0.0,0.0043233437
GPR119,1,0,0.0,0.014824009
GPR12,1,0,0.0,1.4037697e-06
GPR137,3,0,0.0,3.2753305e-06
GPR137B,1,0,0.0,1.5358275e-08
GPR139,1,0,0.0,0.15933046
GPR141,6,0,0.0,0.26112
GPR142,5,0,0.0,0.16106555
GPR146,1,0,0.0,2.7120104e-06
GPR148,3,0,0.0,0.09086982
GPR149,2,0,0.0,3.305648e-06
GPR15,5,0,0.0,0.17568019
GPR150,2,0,0.0,8.60156e-10
GPR153,1,0,0.0,0.11949069
GPR155,2,0,0.0,1.5545054e-09
GPR156,3,0,0.0,0.29014817
GPR157,1,0,0.0,0.45932266
GPR158,4,0,0.0,0.13545023
GPR160,1,0,0.0,0.00061218225
GPR161,3,0,0.0,0.0010878446
GPR162,1,0,0.0,0.19652109
GPR17,1,0,0.0,8.578478e-06
GPR171,1,0,0.0,2.850311e-07
GPR173,2,0,0.0,0.35553512
GPR174,5,0,0.0,0.00031748667
GPR176,1,0,0.0,5.9836375e-06
GPR179,13,0,0.0,0.07591279
GPR18,1,0,0.0,0.00042562096
GPR180,1,0,0.0,0.011478575
GPR183,2,0,0.0,4.1968677e-05
GPR25,2,0,0.0,0.2506043
GPR26,3,0,0.0,0.18318051
GPR31,1,0,0.0,0.21487336
GPR32,2,0,0.0,0.37094355
GPR34,3,0,0.0,0.24368463
GPR35,3,0,0.0,0.16484973
GPR37,5,0,0.0,0.25611973
GPR37L1,2,0,0.0,0.40735185
GPR4,6,0,0.0,0.040728625
GPR45,4,0,0.0,0.0010955689
GPR50,4,0,0.0,0.14210373
GPR52,3,0,0.0,3.408736e-05
GPR6,2,0,0.0,1.3602942e-06
GPR61,4,0,0.0,0.17948306
GPR62,1,0,0.0,1.4889376e-06
GPR63,2,0,0.0,0.3187882
GPR65,5,0,0.0,0.18434691
GPR68,1,0,0.0,0.02929814
GPR75,1,0,0.0,0.65753937
GPR78,5,0,0.0,7.339961e-05
GPR82,1,0,0.0,6.7691667e-06
GPR83,5,0,0.0,0.12256656
GPR84,1,0,0.0,0.011917654
GPR85,3,0,0.0,0.012020271
GPR89A,1,0,0.0,3.1694958e-06
GPRASP1,2,0,0.0,4.6521697e-07
GPRASP2,5,0,0.0,0.07897192
GPRC5B,3,0,0.0,0.000101422804
GPRC5C,1,0,0.0,0.56390727
GPRC5D,3,0,0.0,0.22885132
GPRIN1,1,0,0.0,3.471274e-12
GPRIN3,2,0,0.0,0.14312173
GPS2,2,0,0.0,4.0364703e-06
GPSM2,3,0,0.0,0.034061372
GPX1,2,0,0.0,0.020557322
GPX2,2,0,0.0,0.0013139197
GPX3,1,0,0.0,2.7286346e-06
GPX4,1,0,0.0,4.6287755e-06
GPX5,4,0,0.0,0.13912746
GPX6,1,0,0.0,0.00040354178
GPX7,1,0,0.0,5.063312e-11
GPX8,1,0,0.0,1.6645645e-07
GRAMD1A,4,0,0.0,0.17369543
GRAMD1B,4,0,0.0,0.16416946
GRAMD1C,1,0,0.0,1.2570191e-06
GRAP2,1,0,0.0,0.00858758
GRB14,1,0,0.0,0.66056913
GRB7,3,0,0.0,0.22835125
GREM1,3,0,0.0,0.00043627282
GREM2,1,0,0.0,2.7671827e-06
GRHL2,4,0,0.0,2.6381154e-05
GRHL3,7,0,0.0,0.000102523445
GRIA1,8,0,0.0,0.0986242
GRIA3,11,0,0.0,0.027265852
GRID2,5,0,0.0,0.2797373
GRIFIN,1,0,0.0,0.2842789
GRIK1,7,0,0.0,0.09379949
GRIK2,6,0,0.0,0.12405977
GRIK3,7,0,0.0,0.0023215443
GRIK4,5,0,0.0,0.3502209
GRIK5,9,0,0.0,0.038840786
GRIN1,4,0,0.0,0.17748055
GRIN2C,3,0,0.0,0.005132394
GRIN2D,3,0,0.0,0.0010474873
GRIN3A,5,0,0.0,0.047948055
GRIN3B,2,0,0.0,1.3658546e-05
GRIP1,18,0,0.0,0.07549349
GRIP2,6,0,0.0,0.007418022
GRIPAP1,8,0,0.0,0.111069046
GRK1,3,0,0.0,0.1474146
GRK2,4,0,0.0,0.15356907
GRK3,1,0,0.0,0.017346844
GRK6,1,0,0.0,0.57370174
GRM2,1,0,0.0,8.677824e-05
GRM5,3,0,0.0,0.23736751
GRM7,5,0,0.0,0.00022802819
GRM8,19,0,0.0,0.12733684
GRN,1,0,0.0,0.74835986
GRPEL1,1,0,0.0,1.2558468e-05
GRPR,5,0,0.0,0.05106163
GRSF1,2,0,0.0,0.29420668
GRTP1,1,0,0.0,0.23397139
GRWD1,3,0,0.0,0.2697772
GRXCR1,1,0,0.0,2.8738853e-06
GRXCR2,1,0,0.0,9.3040336e-07
GSAP,3,0,0.0,0.121495396
GSDMA,4,0,0.0,0.29025638
GSDMC,1,0,0.0,0.7231242
GSDMD,2,0,0.0,0.3649371
GSE1,2,0,0.0,0.36130273
GSG1L,2,0,0.0,1.987409e-06
GSK3B,2,0,0.0,0.3443033
GSPT2,5,0,0.0,0.14042047
GSR,1,0,0.0,0.035339087
GSS,2,0,0.0,5.2343068e-05
GSTA1,1,0,0.0,5.6897557e-06
GSTA4,4,0,0.0,0.00052443484
GSTA5,2,0,0.0,3.561233e-07
GSTK1,1,0,0.0,2.7370788e-06
GSTM1,2,0,0.0,1.1059375e-10
GSTO2,2,0,0.0,0.0066642137
GSTT2,1,0,0.0,7.66768e-11
GSTT2B,2,0,0.0,1.5193134e-06
GTDC1,2,0,0.0,0.0005609356
GTF2A1,1,0,0.0,0.0037570589
GTF2B,2,0,0.0,0.13905582
GTF2E1,1,0,0.0,3.1306529e-06
GTF2H1,1,0,0.0,0.028290147
GTF2H4,3,0,0.0,2.1267904e-06
GTF2IRD1,4,0,0.0,0.26632395
GTF2IRD2,4,0,0.0,0.3155219
GTF2IRD2B,3,0,0.0,0.32347444
GTF3C1,9,0,0.0,0.00023001742
GTF3C2,2,0,0.0,0.21250191
GTF3C3,3,0,0.0,0.26088965
GTF3C4,1,0,0.0,2.567586e-12
GTF3C5,1,0,0.0,0.10041741
GTF3C6,1,0,0.0,2.9554228e-06
GTPBP10,1,0,0.0,0.11985339
GTPBP2,1,0,0.0,0.72097766
GTPBP4,2,0,0.0,0.27247617
GTPBP6,4,0,0.0,0.07127586
GTPBP8,1,0,0.0,0.7471943
GTSE1,4,0,0.0,0.00020269462
GTSF1,1,0,0.0,0.69057673
GTSF1L,1,0,0.0,2.7634012e-06
GUCA1B,2,0,0.0,0.039513394
GUCA1C,3,0,0.0,0.17739572
GUCA2B,2,0,0.0,0.7389261
GUCY1A1,4,0,0.0,0.081666514
GUCY1B1,1,0,0.0,0.00067376374
GUCY2C,6,0,0.0,0.29835522
GUCY2D,8,0,0.0,0.058635034
GUCY2F,4,0,0.0,0.0045351335
GUF1,1,0,0.0,0.29336208
GUK1,3,0,0.0,0.012188005
GUSB,2,0,0.0,0.19324994
GXYLT2,1,0,0.0,2.3354433e-07
GYG1,1,0,0.0,2.7459366e-06
GYG2,2,0,0.0,0.006264621
GYPA,2,0,0.0,6.1539067e-06
GYS2,6,0,0.0,0.24999134
GZF1,3,0,0.0,0.005015019
GZMA,1,0,0.0,2.0911427e-08
GZMH,1,0,0.0,1.3312887e-05
GZMK,2,0,0.0,0.31291607
H1-0,1,0,0.0,0.022923704
H1-10,1,0,0.0,3.1232816e-05
H1-3,2,0,0.0,3.0024953e-06
H1-5,1,0,0.0,0.0002870122
H1-6,1,0,0.0,0.005462434
H1-7,2,0,0.0,7.519295e-10
H1-8,1,0,0.0,9.2869726e-08
H2AC1,4,0,0.0,4.2259584e-05
H2AC11,2,0,0.0,0.00026255377
H2AC17,1,0,0.0,0.024929494
H2AC4,3,0,0.0,0.22170763
H2AP,2,0,0.0,0.42957467
H2AZ1,1,0,0.0,0.49264476
H2BC1,4,0,0.0,0.21041158
H2BC10,1,0,0.0,0.36057913
H2BC11,1,0,0.0,4.4950098e-06
H2BC21,1,0,0.0,0.17919822
H2BW1,2,0,0.0,0.00087962346
H3-3A,2,0,0.0,0.0989875
H3-4,3,0,0.0,0.24680352
H3-5,3,0,0.0,0.0066761277
H3C11,1,0,0.0,0.5974755
H3C7,3,0,0.0,0.44288707
H3C8,1,0,0.0,0.006124444
H4-16,3,0,0.0,0.2510031
H4C9,1,0,0.0,0.019168865
H6PD,1,0,0.0,2.5528377e-09
HAAO,1,0,0.0,6.0023835e-05
HABP2,2,0,0.0,8.346772e-08
HABP4,2,0,0.0,0.0025777442
HACE1,6,0,0.0,0.038100686
HACL1,1,0,0.0,8.945938e-07
HADH,1,0,0.0,3.5737073e-06
HADHA,2,0,0.0,0.0028490433
HADHB,2,0,0.0,0.113926426
HAGHL,1,0,0.0,0.14001064
HAL,6,0,0.0,0.036772992
HAND1,1,0,0.0,5.5962497e-09
HAO1,5,0,0.0,0.08897775
HAO2,2,0,0.0,0.14162607
HAPLN1,1,0,0.0,2.1974606e-06
HAPLN3,2,0,0.0,0.115581386
HARBI1,2,0,0.0,1.7286206e-06
HARS2,1,0,0.0,0.029280867
HAS2,4,0,0.0,0.28656906
HASPIN,4,0,0.0,0.0074962145
HAT1,1,0,0.0,2.113587e-05
HAUS2,1,0,0.0,6.0905786e-06
HAUS3,1,0,0.0,0.3395678
HAUS5,2,0,0.0,0.19878568
HAUS6,2,0,0.0,0.33526364
HAUS7,3,0,0.0,0.0016933344
HAUS8,3,0,0.0,0.015774634
HAVCR1,2,0,0.0,0.3959344
HAVCR2,3,0,0.0,2.8534587e-06
HBE1,1,0,0.0,1.7135853e-05
HBEGF,1,0,0.0,8.386646e-07
HBG2,1,0,0.0,0.73114055
HBP1,2,0,0.0,0.0015615477
HBS1L,2,0,0.0,0.016859865
HBZ,1,0,0.0,0.4509008
HCAR1,4,0,0.0,0.070408195
HCAR2,2,0,0.0,0.37307063
HCAR3,5,0,0.0,0.30573744
HCCS,3,0,0.0,3.3087814e-05
HCFC1,1,0,0.0,6.7903347e-06
HCFC2,2,0,0.0,2.711825e-06
HCK,7,0,0.0,0.0029075432
HCLS1,9,0,0.0,0.12577166
HCN1,26,0,0.0,0.094596855
HCN2,4,0,0.0,0.29160815
HCN3,5,0,0.0,0.07889639
HCN4,4,0,0.0,0.004800635
HCRTR1,4,0,0.0,0.18798359
HCRTR2,6,0,0.0,0.09570241
HCST,2,0,0.0,0.293574
HDAC1,4,0,0.0,0.25543568
HDAC10,1,0,0.0,0.54302293
HDAC2,3,0,0.0,2.8286786e-06
HDAC4,2,0,0.0,0.026570585
HDAC5,3,0,0.0,0.005136592
HDAC6,3,0,0.0,0.12510647
HDAC8,4,0,0.0,0.16642958
HDC,6,0,0.0,0.19049601
HDGF,1,0,0.0,1.8780619e-06
HDGFL2,3,0,0.0,0.078113236
HDHD5,2,0,0.0,7.630268e-07
HDLBP,3,0,0.0,0.24516924
HDX,3,0,0.0,1.9385984e-06
HEATR3,5,0,0.0,0.06609984
HEATR4,4,0,0.0,0.22880124
HEATR5A,7,0,0.0,0.12205894
HEATR5B,10,0,0.0,0.11537621
HEATR9,3,0,0.0,0.28131416
HEBP1,1,0,0.0,0.5676724
HECA,5,0,0.0,0.14218427
HECTD2,1,0,0.0,0.6966354
HECW2,10,0,0.0,0.002377017
HEG1,1,0,0.0,2.679392e-06
HELLS,1,0,0.0,2.7195365e-06
HELQ,2,0,0.0,1.5048811e-06
HELZ,12,0,0.0,0.049684588
HELZ2,8,0,0.0,0.009984617
HEMK1,1,0,0.0,0.0006966963
HENMT1,3,0,0.0,0.034433212
HEPACAM,2,0,0.0,0.38896045
HEPACAM2,4,0,0.0,0.15926093
HEPH,8,0,0.0,0.10023291
HERC2,18,0,0.0,0.035542227
HERC2P3,15,0,0.0,0.14807132
HERC5,6,0,0.0,0.18436956
HERC6,3,0,0.0,1.1017892e-06
HERPUD1,2,0,0.0,0.026856693
HERPUD2,4,0,0.0,0.27929723
HES1,1,0,0.0,3.0671546e-07
HEXB,1,0,0.0,0.71176404
HEXD,3,0,0.0,0.48012802
HEXIM2,1,0,0.0,1.8776965e-06
HEY2,2,0,0.0,3.0148976e-05
HEYL,3,0,0.0,0.43161273
HFE,2,0,0.0,1.3838285e-06
HGF,6,0,0.0,0.107034296
HGFAC,3,0,0.0,7.680227e-05
HGH1,1,0,0.0,1.0318905e-05
HHAT,3,0,0.0,3.0508032e-05
HHATL,1,0,0.0,0.41709787
HHEX,2,0,0.0,2.2922723e-06
HHIPL1,5,0,0.0,0.0029361916
HHIPL2,11,0,0.0,0.0012913587
HHLA2,1,0,0.0,5.3389966e-05
HIBADH,1,0,0.0,2.7500982e-06
HIBCH,2,0,0.0,0.2781911
HIC2,2,0,0.0,1.2635955e-05
HIF1A,1,0,0.0,0.0297955
HIF1AN,1,0,0.0,0.7321333
HINT1,3,0,0.0,0.3809195
HINT2,1,0,0.0,1.9996933e-06
HIP1,6,0,0.0,0.13904272
HIP1R,4,0,0.0,0.12144436
HIPK1,7,0,0.0,0.053904146
HIPK2,6,0,0.0,0.19336747
HIPK4,2,0,0.0,0.36086518
HIRA,9,0,0.0,0.018507816
HIRIP3,1,0,0.0,0.14402387
HIVEP2,10,0,0.0,0.08243436
HJURP,2,0,0.0,0.70726466
HJV,3,0,0.0,0.047896814
HK2,5,0,0.0,0.09357652
HK3,4,0,0.0,0.18452252
HKDC1,5,0,0.0,0.3919987
HLA-C,1,0,0.0,2.8595025e-07
HLA-DMA,2,0,0.0,9.44592e-07
HLA-DMB,1,0,0.0,5.705334e-06
HLA-DOA,3,0,0.0,1.7652411e-06
HLA-DPA1,1,0,0.0,1.0937341e-05
HLA-DPB1,1,0,0.0,0.078425385
HLA-DQA2,2,0,0.0,8.465668e-05
HLA-DQB1,2,0,0.0,9.4368595e-08
HLA-DRA,2,0,0.0,0.00018183287
HLA-DRB1,1,0,0.0,0.0006092472
HLA-DRB5,2,0,0.0,0.32636985
HLA-E,3,0,0.0,0.00035985335
HLA-F,3,0,0.0,0.24257027
HLA-G,1,0,0.0,2.8775967e-05
HLCS,3,0,0.0,0.32403338
HLTF,5,0,0.0,0.209513
HLX,2,0,0.0,1.5978841e-06
HM13,2,0,0.0,0.363489
HMBOX1,4,0,0.0,0.33239228
HMBS,1,0,0.0,3.2182877e-06
HMCES,2,0,0.0,0.2431326
HMG20A,2,0,0.0,7.396379e-05
HMGA1,1,0,0.0,0.021351295
HMGA2,1,0,0.0,1.452542e-06
HMGB1,2,0,0.0,0.0063781487
HMGB3,1,0,0.0,0.18139665
HMGB4,2,0,0.0,0.35537502
HMGCLL1,1,0,0.0,0.030892996
HMGCS2,4,0,0.0,0.0001885208
HMGN1,1,0,0.0,0.67721313
HMGN2P46,2,0,0.0,0.27433363
HMGN4,2,0,0.0,0.00028774652
HMGXB4,1,0,0.0,0.00011157432
HMMR,2,0,0.0,0.31969386
HMOX1,2,0,0.0,8.4470855e-07
HMOX2,1,0,0.0,0.2656924
HMSD,3,0,0.0,0.21310829
HNF1A,4,0,0.0,0.18045272
HNF4A,9,0,0.0,0.18755454
HNF4G,1,0,0.0,0.010023029
HNMT,1,0,0.0,9.912343e-05
HNRNPA1L2,3,0,0.0,2.9143948e-07
HNRNPA2B1,1,0,0.0,0.7104361
HNRNPCL1,5,0,0.0,0.007184989
HNRNPDL,4,0,0.0,0.009058606
HNRNPH1,1,0,0.0,0.5123811
HNRNPH2,2,0,0.0,0.0011397998
HNRNPH3,3,0,0.0,0.014595315
HNRNPK,1,0,0.0,2.2937795e-10
HNRNPL,2,0,0.0,0.009595726
HNRNPLL,1,0,0.0,0.0007182813
HNRNPM,4,0,0.0,0.102612786
HNRNPR,3,0,0.0,0.0024640658
HOATZ,1,0,0.0,0.7352141
HOGA1,1,0,0.0,4.155007e-08
HOOK2,3,0,0.0,0.21892132
HOPX,1,0,0.0,5.8133626e-10
HORMAD1,2,0,0.0,0.23463117
HOXA13,2,0,0.0,0.39326465
HOXA2,1,0,0.0,0.5224732
HOXA6,5,0,0.0,0.1280529
HOXA7,2,0,0.0,0.0005052265
HOXA9,1,0,0.0,0.215045
HOXB1,5,0,0.0,0.14619973
HOXB2,2,0,0.0,0.28637418
HOXB3,3,0,0.0,0.48180684
HOXB5,1,0,0.0,5.580865e-07
HOXB8,2,0,0.0,4.834081e-07
HOXB9,1,0,0.0,1.1860455e-05
HOXC10,1,0,0.0,7.87782e-06
HOXC11,5,0,0.0,0.1493614
HOXC13,1,0,0.0,4.3850044e-09
HOXC9,3,0,0.0,0.107405044
HOXD10,3,0,0.0,0.0022366259
HOXD11,1,0,0.0,0.002273627
HOXD13,1,0,0.0,4.3704185e-05
HOXD3,1,0,0.0,0.0002456497
HOXD4,2,0,0.0,0.15849215
HOXD8,1,0,0.0,0.34135717
HP1BP3,4,0,0.0,0.00078205543
HPDL,2,0,0.0,0.30525813
HPF1,2,0,0.0,1.668953e-06
HPGD,3,0,0.0,0.24531277
HPGDS,1,0,0.0,0.00038997305
HPR,3,0,0.0,0.14938597
HPS1,2,0,0.0,0.00015760113
HPS3,5,0,0.0,0.04138677
HPS4,2,0,0.0,0.000111922534
HPSE,5,0,0.0,0.2480863
HPSE2,6,0,0.0,0.42946914
HPX,3,0,0.0,0.101387106
HRC,1,0,0.0,0.08505734
HRG,3,0,0.0,0.3307024
HRH1,1,0,0.0,0.0019115036
HRH3,3,0,0.0,1.0323546e-06
HRH4,1,0,0.0,2.6819487e-06
HRNR,20,0,0.0,0.14114413
HROB,3,0,0.0,5.5485893e-06
HS1BP3,2,0,0.0,0.00091518357
HS2ST1,2,0,0.0,0.61304104
HS3ST4,3,0,0.0,0.000409354
HS3ST5,3,0,0.0,0.0025521691
HS3ST6,2,0,0.0,1.4520958e-06
HS6ST1,2,0,0.0,1.4742471e-06
HS6ST2,5,0,0.0,0.03834546
HSD11B1,3,0,0.0,0.101956874
HSD11B2,1,0,0.0,0.0020782591
HSD17B1,1,0,0.0,2.69914e-06
HSD17B12,1,0,0.0,5.556028e-07
HSD17B13,1,0,0.0,0.024147704
HSD17B8,2,0,0.0,0.015201368
HSD3B1,3,0,0.0,0.03381766
HSD3B2,3,0,0.0,2.6319442e-06
HSDL1,1,0,0.0,3.3014337e-07
HSDL2,2,0,0.0,0.4084964
HSF1,2,0,0.0,0.0004949556
HSH2D,1,0,0.0,2.1829857e-05
HSP90AB1,5,0,0.0,0.1434713
HSP90B1,3,0,0.0,0.006930361
HSPA12A,6,0,0.0,0.0833999
HSPA12B,1,0,0.0,0.7480658
HSPA13,3,0,0.0,0.23680897
HSPA1A,1,0,0.0,0.6083922
HSPA1L,3,0,0.0,0.15270896
HSPA2,7,0,0.0,0.09743873
HSPA4,2,0,0.0,7.8473284e-05
HSPA4L,1,0,0.0,0.41348067
HSPB2,1,0,0.0,0.7432669
HSPB3,2,0,0.0,0.0015179683
HSPB7,1,0,0.0,1.8215181e-06
HSPBP1,2,0,0.0,0.001034947
HSPD1,1,0,0.0,6.317755e-09
HSPE1,1,0,0.0,0.23978052
HSPH1,4,0,0.0,0.045209255
HTATSF1,1,0,0.0,1.8801993e-05
HTR1A,3,0,0.0,0.22445078
HTR1B,1,0,0.0,2.12491e-06
HTR1D,5,0,0.0,0.2018369
HTR1E,3,0,0.0,5.359939e-05
HTR1F,4,0,0.0,0.30432796
HTR2A,2,0,0.0,0.020033851
HTR2B,1,0,0.0,0.001054384
HTR2C,9,0,0.0,0.046747252
HTR3B,4,0,0.0,0.00078459183
HTR3D,2,0,0.0,0.33286312
HTR3E,6,0,0.0,0.12301882
HTR4,4,0,0.0,0.18541388
HTR6,1,0,0.0,5.5322966e-05
HTR7,6,0,0.0,0.08556952
HTRA2,2,0,0.0,0.0002024764
HTRA3,2,0,0.0,0.0017792942
HTRA4,2,0,0.0,0.7318647
HUNK,2,0,0.0,0.16764373
HUS1B,1,0,0.0,0.0072432035
HVCN1,1,0,0.0,0.0024948486
HYAL1,1,0,0.0,2.9662402e-08
HYAL2,2,0,0.0,0.29123947
HYAL3,1,0,0.0,0.5008482
HYAL4,5,0,0.0,0.1130088
HYI,2,0,0.0,0.4785958
HYLS1,1,0,0.0,0.43939567
HYOU1,8,0,0.0,0.15314002
IAH1,3,0,0.0,0.0001634514
IBA57,1,0,0.0,1.10765806e-10
IBTK,6,0,0.0,0.00053479965
ICA1,2,0,0.0,0.40434176
ICAM1,2,0,0.0,0.02115368
ICAM3,1,0,0.0,6.786409e-09
ICAM4,3,0,0.0,0.13853435
ICAM5,3,0,0.0,0.42059007
ICE1,9,0,0.0,0.14880246
ICE2,3,0,0.0,0.07458105
IDE,5,0,0.0,0.25111845
IDH1,26,0,0.0,0.00062829995
IDH2,4,0,0.0,0.00014472098
IDH3A,1,0,0.0,0.018934885
IDH3B,1,0,0.0,0.0057112933
IDH3G,2,0,0.0,0.01963079
IDI1,1,0,0.0,1.1737134e-05
IDNK,1,0,0.0,0.00056739437
IDO1,4,0,0.0,0.19061938
IDO2,3,0,0.0,0.0013002593
IFFO1,1,0,0.0,9.580339e-05
IFI16,8,0,0.0,0.18210405
IFI30,1,0,0.0,8.065396e-09
IFI35,2,0,0.0,0.1866404
IFI44L,3,0,0.0,0.24397105
IFIH1,1,0,0.0,0.009954523
IFIT1B,2,0,0.0,0.3310405
IFIT2,2,0,0.0,2.7019064e-06
IFIT3,3,0,0.0,0.014788914
IFIT5,4,0,0.0,0.010254264
IFITM1,1,0,0.0,2.3130656e-06
IFITM2,1,0,0.0,5.9827937e-07
IFITM5,1,0,0.0,2.097358e-08
IFNA1,1,0,0.0,6.086258e-06
IFNA10,2,0,0.0,1.1053344e-10
IFNA14,1,0,0.0,5.950235e-06
IFNA16,1,0,0.0,0.48403928
IFNA21,2,0,0.0,1.1062201e-10
IFNA7,2,0,0.0,0.52759665
IFNAR1,2,0,0.0,0.46046466
IFNAR2,1,0,0.0,7.036683e-06
IFNB1,2,0,0.0,1.1061652e-10
IFNE,2,0,0.0,1.5436284e-07
IFNG,4,0,0.0,0.04103942
IFNGR1,1,0,0.0,7.11752e-05
IFNGR2,2,0,0.0,0.4292664
IFNK,1,0,0.0,0.60807717
IFNL1,2,0,0.0,0.6928942
IFNL2,1,0,0.0,0.01920018
IFNL3,2,0,0.0,0.017782426
IFNLR1,1,0,0.0,2.6877253e-06
IFRD1,1,0,0.0,0.74397606
IFRD2,3,0,0.0,0.005810646
IFT122,5,0,0.0,0.22038262
IFT140,6,0,0.0,0.0061503057
IFT172,5,0,0.0,0.049370088
IFT20,1,0,0.0,0.56629497
IFT27,1,0,0.0,0.00037850725
IFT52,1,0,0.0,0.34901285
IFT57,2,0,0.0,0.35638288
IFT80,5,0,0.0,0.08070439
IFT81,1,0,0.0,0.54089165
IFT88,1,0,0.0,3.2051226e-09
IFTAP,1,0,0.0,1.664666e-07
IGBP1,2,0,0.0,0.013103424
IGBP1P2,3,0,0.0,0.24326806
IGDCC3,2,0,0.0,0.0023734302
IGF1,1,0,0.0,1.5997659e-06
IGF1R,11,0,0.0,0.073255874
IGF2BP1,13,0,0.0,0.113940164
IGF2BP2,2,0,0.0,0.0001798679
IGF2BP3,4,0,0.0,0.17843592
IGF2R,9,0,0.0,0.10214993
IGFALS,1,0,0.0,1.4655163e-08
IGFBP1,1,0,0.0,0.5432106
IGFBP3,2,0,0.0,0.2604375
IGFBP7,3,0,0.0,0.23879908
IGFL1,2,0,0.0,0.3323031
IGFL4,1,0,0.0,0.053125605
IGFLR1,2,0,0.0,0.0267109
IGFN1,8,0,0.0,0.0733206
IGHA1,2,0,0.0,2.5231066e-05
IGHA2,2,0,0.0,1.8726924e-08
IGHD,3,0,0.0,1.3086759e-08
IGHE,3,0,0.0,2.0853604e-06
IGHG1,3,0,0.0,2.6927416e-06
IGHG2,1,0,0.0,1.1078841e-10
IGHJ6,1,0,0.0,2.6908772e-06
IGHM,4,0,0.0,0.0019433025
IGHMBP2,10,0,0.0,0.111573696
IGHV1-12,2,0,0.0,0.12809339
IGHV1-18,2,0,0.0,0.00014537263
IGHV1-24,1,0,0.0,0.00021091502
IGHV1-45,1,0,0.0,1.500871e-08
IGHV1-58,2,0,0.0,0.33370265
IGHV1OR15-9,2,0,0.0,3.3837966e-06
IGHV2-26,2,0,0.0,0.00052127766
IGHV2-5,1,0,0.0,1.6280297e-06
IGHV2-70,1,0,0.0,8.181874e-06
IGHV3-11,2,0,0.0,0.3559956
IGHV3-13,1,0,0.0,2.7267822e-06
IGHV3-15,1,0,0.0,1.1059459e-10
IGHV3-16,1,0,0.0,1.1062582e-10
IGHV3-21,4,0,0.0,0.16284941
IGHV3-23,1,0,0.0,0.71310854
IGHV3-30,1,0,0.0,0.510404
IGHV3-33,2,0,0.0,0.0010753649
IGHV3-35,3,0,0.0,0.09449463
IGHV3-38,1,0,0.0,4.266633e-06
IGHV3-43,3,0,0.0,0.2018332
IGHV3-48,3,0,0.0,0.000556042
IGHV3-49,2,0,0.0,0.059360746
IGHV3-53,1,0,0.0,2.5322168e-05
IGHV3-64,3,0,0.0,0.04853211
IGHV3-66,1,0,0.0,2.7887984e-06
IGHV3-7,3,0,0.0,0.0013063452
IGHV3-72,1,0,0.0,7.821138e-06
IGHV3-73,3,0,0.0,0.28956088
IGHV3-74,1,0,0.0,0.009935377
IGHV3OR16-8,1,0,0.0,2.7277397e-06
IGHV4-28,2,0,0.0,0.7035824
IGHV4-59,1,0,0.0,0.08471549
IGHV6-1,2,0,0.0,0.33759257
IGHV7-81,1,0,0.0,0.002537833
IGKJ1,2,0,0.0,0.00013724757
IGKV1-12,3,0,0.0,0.23356585
IGKV1-13,1,0,0.0,2.6919038e-06
IGKV1-16,2,0,0.0,0.19540842
IGKV1-17,2,0,0.0,0.19993484
IGKV1-5,1,0,0.0,2.5489792e-09
IGKV1-6,3,0,0.0,3.2410892e-06
IGKV1-8,1,0,0.0,0.004982305
IGKV1D-16,4,0,0.0,0.25008407
IGKV1D-17,2,0,0.0,0.27964082
IGKV1D-42,3,0,0.0,0.0023194186
IGKV1D-43,2,0,0.0,1.10556626e-10
IGKV1OR22-5,1,0,0.0,1.617078e-05
IGKV2-24,1,0,0.0,0.53130025
IGKV2-30,2,0,0.0,0.0065654456
IGKV2D-24,2,0,0.0,0.21400328
IGKV3-7,1,0,0.0,1.4043961e-07
IGKV3D-11,2,0,0.0,0.6234318
IGKV3D-20,3,0,0.0,0.17659664
IGKV4-1,1,0,0.0,2.2368688e-06
IGKV5-2,3,0,0.0,0.21184213
IGKV6-21,2,0,0.0,0.031406462
IGLON5,2,0,0.0,5.7117484e-07
IGLV1-36,1,0,0.0,0.00027840893
IGLV1-40,1,0,0.0,2.7275003e-06
IGLV1-50,1,0,0.0,2.7020837e-06
IGLV1-51,1,0,0.0,1.1061021e-10
IGLV2-11,1,0,0.0,2.1737164e-06
IGLV2-18,1,0,0.0,6.5468457e-06
IGLV2-33,1,0,0.0,0.060382478
IGLV3-1,2,0,0.0,2.3230126e-05
IGLV3-19,3,0,0.0,2.18107e-06
IGLV3-9,2,0,0.0,0.11703482
IGLV4-60,1,0,0.0,6.2266026e-06
IGLV8OR8-1,1,0,0.0,2.7129415e-06
IGSF1,7,0,0.0,0.014766029
IGSF11,6,0,0.0,0.00024366849
IGSF22,3,0,0.0,0.017726848
IGSF3,8,0,0.0,0.2906996
IGSF8,2,0,0.0,0.06491431
IHH,2,0,0.0,0.014649675
IHO1,2,0,0.0,0.37633273
IK,1,0,0.0,4.0520084e-07
IKBIP,1,0,0.0,2.7196093e-06
IKBKB,4,0,0.0,0.18280536
IKZF3,5,0,0.0,0.21268615
IKZF4,1,0,0.0,2.7506962e-06
IL10,1,0,0.0,0.034871046
IL10RA,4,0,0.0,0.00027004414
IL11RA,2,0,0.0,0.39703438
IL12B,4,0,0.0,0.0002987219
IL12RB2,8,0,0.0,0.19498156
IL13,1,0,0.0,0.00070362265
IL13RA1,2,0,0.0,0.025370091
IL13RA2,4,0,0.0,0.16666444
IL15RA,3,0,0.0,0.06607132
IL16,9,0,0.0,0.1255783
IL17B,1,0,0.0,0.6169632
IL17F,2,0,0.0,0.049613673
IL17RA,2,0,0.0,0.012788573
IL17RD,7,0,0.0,0.08223011
IL17RE,2,0,0.0,2.6493037e-05
IL18R1,4,0,0.0,0.029998202
IL18RAP,9,0,0.0,0.088377886
IL1A,2,0,0.0,0.026512349
IL1B,1,0,0.0,0.011992577
IL1R1,2,0,0.0,1.4892321e-06
IL1R2,5,0,0.0,0.1084172
IL1RAP,1,0,0.0,0.6932609
IL1RAPL2,8,0,0.0,0.0035997937
IL1RL1,4,0,0.0,0.0034602087
IL1RL2,4,0,0.0,0.051578626
IL1RN,2,0,0.0,0.0030848703
IL2,2,0,0.0,3.244644e-05
IL20RB,3,0,0.0,0.24298787
IL21,1,0,0.0,1.4890298e-06
IL22,4,0,0.0,4.464979e-06
IL22RA1,2,0,0.0,0.00043863017
IL22RA2,2,0,0.0,2.074659e-06
IL23A,1,0,0.0,2.1938215e-06
IL23R,4,0,0.0,0.10280703
IL24,1,0,0.0,2.7609988e-06
IL25,1,0,0.0,7.8475625e-07
IL26,5,0,0.0,1.3126225e-05
IL27,2,0,0.0,0.014782519
IL27RA,3,0,0.0,5.3411736e-06
IL2RB,3,0,0.0,0.24229054
IL3,1,0,0.0,5.630171e-06
IL32,4,0,0.0,0.15350541
IL33,1,0,0.0,0.01539742
IL34,1,0,0.0,0.6675751
IL36A,5,0,0.0,0.041106794
IL36B,3,0,0.0,0.0023122344
IL36G,1,0,0.0,0.7062816
IL36RN,2,0,0.0,0.32119095
IL37,1,0,0.0,0.5548823
IL3RA,3,0,0.0,0.001978968
IL4,1,0,0.0,3.2647683e-06
IL4I1,4,0,0.0,0.17000556
IL4R,12,0,0.0,0.04663672
IL5RA,9,0,0.0,0.16435353
IL6,2,0,0.0,1.3121835e-06
IL6R,3,0,0.0,0.3469564
IL7,2,0,0.0,0.15808472
IL7R,4,0,0.0,0.40745702
IL9R,2,0,0.0,0.089962766
ILDR1,2,0,0.0,0.00081047596
ILDR2,3,0,0.0,0.2501763
ILF2,1,0,0.0,0.013582578
ILF3,7,0,0.0,0.18895192
ILKAP,4,0,0.0,0.0047896663
IMMT,3,0,0.0,0.18291254
IMP3,1,0,0.0,6.2183153e-07
IMP4,1,0,0.0,4.8426806e-05
IMPA1,1,0,0.0,0.00024976514
IMPA2,2,0,0.0,0.0069074463
IMPACT,2,0,0.0,0.00082328514
IMPDH1,5,0,0.0,0.13647482
IMPDH2,6,0,0.0,0.10729646
IMPG2,6,0,0.0,0.08453473
INA,1,0,0.0,1.1021891e-10
INCENP,3,0,0.0,3.7194375e-06
INF2,3,0,0.0,0.00012125662
ING1,3,0,0.0,0.2593801
ING2,3,0,0.0,0.11881884
ING4,1,0,0.0,2.7264132e-06
ING5,2,0,0.0,3.5916405e-06
INHBB,2,0,0.0,0.00045218246
INHBE,2,0,0.0,1.10638894e-10
INKA1,2,0,0.0,2.051862e-05
INO80,3,0,0.0,0.0004660396
INO80B,2,0,0.0,3.8107923e-05
INO80C,1,0,0.0,2.7398526e-06
INO80D,3,0,0.0,2.3308618e-05
INPP1,4,0,0.0,0.00035323965
INPP5A,1,0,0.0,2.7054075e-06
INPP5B,5,0,0.0,0.12862541
INPP5D,10,0,0.0,0.07051652
INPP5E,2,0,0.0,0.33782396
INPPL1,3,0,0.0,4.5692217e-10
INS,1,0,0.0,3.832642e-07
INSC,5,0,0.0,0.002514128
INSIG1,2,0,0.0,2.1663534e-06
INSM2,1,0,0.0,0.0012642322
INTS1,5,0,0.0,0.050453793
INTS10,4,0,0.0,0.1753798
INTS11,3,0,0.0,0.22701739
INTS12,8,0,0.0,0.17633192
INTS13,7,0,0.0,0.07537574
INTS14,2,0,0.0,5.5004825e-06
INTS2,6,0,0.0,0.013459112
INTS3,2,0,0.0,2.4460135e-06
INTS4,2,0,0.0,0.49024293
INTS5,2,0,0.0,0.18239568
INTS6,2,0,0.0,0.011882497
INTS8,2,0,0.0,9.747586e-07
INTU,1,0,0.0,0.08334409
INVS,2,0,0.0,0.066946015
IP6K2,2,0,0.0,0.3548101
IP6K3,2,0,0.0,0.3466543
IPCEF1,1,0,0.0,1.1962632e-06
IPMK,1,0,0.0,8.6752254e-05
IPO13,3,0,0.0,9.631533e-07
IPO4,3,0,0.0,1.5651862e-08
IPO5,7,0,0.0,0.23828468
IPO8,4,0,0.0,0.00975463
IPP,4,0,0.0,0.30017573
IPPK,3,0,0.0,0.2454046
IQCA1,5,0,0.0,0.011513204
IQCB1,3,0,0.0,0.2438759
IQCC,1,0,0.0,0.0008625429
IQCE,4,0,0.0,0.16719098
IQCF1,3,0,0.0,0.00046214656
IQCG,3,0,0.0,0.016175482
IQCH,3,0,0.0,3.9688744e-06
IQCJ,1,0,0.0,0.00050983205
IQCJ-SCHIP1,1,0,0.0,0.6598432
IQGAP1,3,0,0.0,0.00076362275
IQGAP3,4,0,0.0,0.1703283
IQSEC3,11,0,0.0,0.09666715
IRAG2,5,0,0.0,0.28615656
IRAK1,2,0,0.0,0.3073761
IRAK1BP1,1,0,0.0,0.002541446
IRAK3,4,0,0.0,0.0004984689
IRAK4,4,0,0.0,0.18097335
IREB2,1,0,0.0,4.9336937e-05
IRF4,5,0,0.0,0.1048923
IRF5,2,0,0.0,5.1512467e-05
IRF7,1,0,0.0,0.00031908645
IRF8,4,0,0.0,0.057656836
IRF9,3,0,0.0,0.2535227
IRGC,6,0,0.0,0.09333349
IRGQ,2,0,0.0,0.36775318
IRS1,6,0,0.0,2.871053e-05
IRS2,2,0,0.0,3.8789835e-07
IRS4,5,0,0.0,0.05820328
IRX2,2,0,0.0,7.782783e-07
IRX4,1,0,0.0,5.8713443e-09
IRX5,2,0,0.0,1.4359173e-06
IRX6,2,0,0.0,0.003072969
ISCA1P1,1,0,0.0,6.3584343e-06
ISG20,1,0,0.0,2.7496316e-07
ISG20L2,2,0,0.0,0.18419407
ISLR,4,0,0.0,0.07419188
ISLR2,6,0,0.0,0.08169607
ISM1,2,0,0.0,0.00016808147
ISM2,3,0,0.0,0.10047192
ISOC2,1,0,0.0,1.4170594e-10
IST1,1,0,0.0,6.4145584e-06
ISX,2,0,0.0,0.004043186
ISY1-RAB43,1,0,0.0,0.015832888
ITGA1,5,0,0.0,0.15714616
ITGA10,7,0,0.0,0.23375146
ITGA11,6,0,0.0,3.5047453e-06
ITGA2B,1,0,0.0,2.8417176e-06
ITGA4,10,0,0.0,0.09043071
ITGA5,1,0,0.0,0.4192172
ITGA7,3,0,0.0,0.43696856
ITGA9,8,0,0.0,0.21504392
ITGAE,7,0,0.0,0.031552147
ITGAL,3,0,0.0,0.30135027
ITGAV,4,0,0.0,0.18411574
ITGB2,11,0,0.0,0.07162927
ITGB7,4,0,0.0,0.15222532
ITGB8,3,0,0.0,2.634514e-06
ITGBL1,1,0,0.0,0.00033380123
ITIH2,5,0,0.0,0.120440684
ITIH3,4,0,0.0,0.029573802
ITIH4,6,0,0.0,0.11126259
ITIH5,11,0,0.0,0.07324757
ITIH6,8,0,0.0,0.006646568
ITLN1,2,0,0.0,0.060295664
ITLN2,1,0,0.0,0.57896423
ITM2A,2,0,0.0,2.7157167e-08
ITM2B,1,0,0.0,5.8808848e-08
ITM2C,3,0,0.0,0.09799108
ITPK1,1,0,0.0,2.9535433e-06
ITPR1,11,0,0.0,0.0042994656
ITPRID1,7,0,0.0,0.18668401
ITPRIP,1,0,0.0,7.185633e-07
ITPRIPL1,2,0,0.0,1.3617508e-06
ITPRIPL2,3,0,0.0,0.043434147
ITSN1,12,0,0.0,0.13506795
ITSN2,7,0,0.0,0.0011608076
IVL,4,0,0.0,0.00055508607
IWS1,5,0,0.0,2.6496415e-05
IZUMO1R,1,0,0.0,2.59681e-07
JADE1,4,0,0.0,9.5140535e-07
JADE2,3,0,0.0,0.0026619583
JAG1,5,0,0.0,0.13880274
JAG2,9,0,0.0,0.005451726
JAK1,3,0,0.0,0.108516164
JAK3,3,0,0.0,0.0015420943
JAKMIP1,4,0,0.0,1.7350428e-06
JAM2,2,0,0.0,0.43511277
JAZF1,2,0,0.0,0.16892913
JCHAIN,2,0,0.0,0.280095
JMJD6,1,0,0.0,0.02797215
JMJD7-PLA2G4B,1,0,0.0,2.7174808e-06
JMY,6,0,0.0,0.08220561
JPH1,7,0,0.0,0.10159377
JPH2,5,0,0.0,0.15116698
JPH3,6,0,0.0,0.12044225
JPH4,1,0,0.0,2.723321e-06
JPT1,1,0,0.0,4.2916145e-07
JRKL,1,0,0.0,2.2140614e-05
JSRP1,2,0,0.0,0.34354135
JUN,3,0,0.0,0.072125755
JUND,1,0,0.0,0.14007097
JUP,1,0,0.0,5.8103916e-10
KANK2,3,0,0.0,0.12721953
KANK3,2,0,0.0,0.36511815
KANSL1,1,0,0.0,0.0008985004
KANSL1L,1,0,0.0,4.0636794e-05
KASH5,4,0,0.0,0.18159898
KAT14,8,0,0.0,0.29347906
KAT2A,1,0,0.0,0.0007943167
KAT2B,2,0,0.0,0.20731632
KAT5,4,0,0.0,0.0061621913
KAT6B,10,0,0.0,0.051927704
KAT7,1,0,0.0,1.7843221e-06
KAT8,4,0,0.0,3.0286195e-05
KATNA1,3,0,0.0,0.03440587
KATNAL1,1,0,0.0,0.00015017581
KATNAL2,2,0,0.0,3.498305e-06
KATNB1,1,0,0.0,3.2305416e-06
KATNIP,4,0,0.0,0.06351371
KAZALD1,2,0,0.0,0.0057927934
KAZN,3,0,0.0,0.32966623
KBTBD11,1,0,0.0,6.686703e-09
KBTBD12,2,0,0.0,6.4645894e-05
KBTBD4,5,0,0.0,0.2279839
KBTBD6,2,0,0.0,1.9784933e-05
KBTBD8,1,0,0.0,0.017457232
KCNA10,5,0,0.0,0.06962098
KCNA4,6,0,0.0,0.22506523
KCNAB2,1,0,0.0,0.05311446
KCNB1,6,0,0.0,0.0011056209
KCNB2,11,0,0.0,0.046700835
KCNC1,1,0,0.0,1.6692015e-07
KCNC2,8,0,0.0,4.452765e-05
KCNC3,2,0,0.0,0.329088
KCND1,4,0,0.0,5.3372796e-06
KCND3,3,0,0.0,0.25958234
KCNE1,3,0,0.0,0.24822347
KCNE3,1,0,0.0,7.921765e-08
KCNE4,1,0,0.0,2.6982984e-06
KCNE5,2,0,0.0,0.0066457237
KCNF1,2,0,0.0,0.28312927
KCNG2,2,0,0.0,6.6678112e-06
KCNG3,1,0,0.0,0.00064178143
KCNG4,1,0,0.0,0.029287497
KCNH1,7,0,0.0,0.17357571
KCNH2,4,0,0.0,0.03323723
KCNH4,5,0,0.0,2.443848e-06
KCNH5,9,0,0.0,0.013321957
KCNH7,7,0,0.0,0.10108821
KCNH8,5,0,0.0,0.002817594
KCNIP3,1,0,0.0,0.004918469
KCNIP4,1,0,0.0,0.0014520288
KCNJ1,4,0,0.0,0.09997671
KCNJ10,1,0,0.0,1.6671937e-07
KCNJ11,2,0,0.0,0.004382679
KCNJ12,3,0,0.0,0.056646604
KCNJ14,1,0,0.0,0.31375408
KCNJ15,6,0,0.0,0.17296652
KCNJ16,2,0,0.0,0.26739618
KCNJ2,1,0,0.0,3.3056222e-06
KCNJ3,5,0,0.0,0.10703112
KCNJ4,3,0,0.0,0.4075981
KCNJ5,4,0,0.0,1.9294057e-06
KCNJ8,3,0,0.0,0.20542765
KCNK1,1,0,0.0,0.37540737
KCNK10,5,0,0.0,0.24328808
KCNK12,1,0,0.0,2.7679719e-06
KCNK13,2,0,0.0,0.0068606124
KCNK15,1,0,0.0,0.00079094945
KCNK16,2,0,0.0,0.22162251
KCNK18,2,0,0.0,1.5233458e-06
KCNK3,3,0,0.0,0.0005474225
KCNK4,1,0,0.0,9.121405e-06
KCNK5,6,0,0.0,0.061367203
KCNK7,1,0,0.0,0.7268201
KCNMA1,6,0,0.0,0.065524034
KCNMB4,1,0,0.0,0.5643803
KCNN1,1,0,0.0,0.053138994
KCNN3,4,0,0.0,0.25300187
KCNN4,4,0,0.0,4.563762e-06
KCNQ1,5,0,0.0,0.11672147
KCNQ2,6,0,0.0,0.19139178
KCNQ3,6,0,0.0,0.15210338
KCNQ4,4,0,0.0,1.753943e-05
KCNQ5,12,0,0.0,0.049952522
KCNRG,4,0,0.0,0.2837929
KCNS2,5,0,0.0,0.32052642
KCNT1,7,0,0.0,0.016629817
KCNT2,7,0,0.0,0.017056743
KCNU1,13,0,0.0,0.07816823
KCNV1,11,0,0.0,0.15636751
KCTD10,2,0,0.0,0.2903029
KCTD11,1,0,0.0,2.8625034e-06
KCTD12,3,0,0.0,0.0063681244
KCTD13,4,0,0.0,0.17314856
KCTD14,1,0,0.0,0.06869406
KCTD15,2,0,0.0,0.39797273
KCTD18,2,0,0.0,4.5518786e-06
KCTD19,4,0,0.0,0.04626221
KCTD2,3,0,0.0,1.0949617e-06
KCTD20,2,0,0.0,3.4233424e-05
KCTD6,2,0,0.0,0.5148763
KCTD7,2,0,0.0,0.32103026
KCTD8,1,0,0.0,0.0013076089
KCTD9,5,0,0.0,0.24723446
KDELR1,3,0,0.0,0.34994173
KDELR2,1,0,0.0,0.6676785
KDF1,1,0,0.0,0.053155832
KDM1A,2,0,0.0,0.3073041
KDM1B,8,0,0.0,0.13612267
KDM5C,6,0,0.0,0.004283044
KDM5D,6,0,0.0,1.10393146e-10
KDM6A,6,0,0.0,0.0010202242
KDM6B,8,0,0.0,0.05682309
KDM7A,9,0,0.0,0.31216487
KDM8,2,0,0.0,0.23715053
KDR,15,0,0.0,0.1752565
KERA,3,0,0.0,0.36192128
KHDC1,1,0,0.0,9.425163e-08
KHDRBS1,1,0,0.0,0.00022328773
KHDRBS2,7,0,0.0,0.109237954
KHNYN,2,0,0.0,0.027299002
KIAA0319,8,0,0.0,0.17768294
KIAA0408,2,0,0.0,3.3382443e-07
KIAA0513,1,0,0.0,0.03909371
KIAA0586,1,0,0.0,0.0014387491
KIAA0825,2,0,0.0,0.12021695
KIAA0895,1,0,0.0,0.0012152588
KIAA0895L,1,0,0.0,0.20866524
KIAA1191,1,0,0.0,9.551597e-07
KIAA1210,12,0,0.0,0.048906412
KIAA1328,1,0,0.0,4.805051e-07
KIAA1586,4,0,0.0,0.0002779126
KIAA1614,7,0,0.0,0.20394818
KIAA1755,7,0,0.0,0.18160255
KIAA1841,3,0,0.0,0.002714007
KIAA1958,2,0,0.0,0.04398526
KIF11,2,0,0.0,0.0014447898
KIF12,2,0,0.0,0.00046493116
KIF15,5,0,0.0,0.033046238
KIF17,10,0,0.0,0.0067869066
KIF18B,2,0,0.0,0.21469343
KIF19,5,0,0.0,0.24379763
KIF1A,5,0,0.0,0.14642465
KIF1C,5,0,0.0,0.11352823
KIF20A,6,0,0.0,0.2122759
KIF20B,12,0,0.0,0.12607859
KIF21B,4,0,0.0,0.070596114
KIF22,1,0,0.0,2.2869631e-07
KIF23,3,0,0.0,1.2557674e-06
KIF24,1,0,0.0,1.10433135e-10
KIF25,1,0,0.0,3.7967377e-05
KIF26A,3,0,0.0,0.23965959
KIF26B,3,0,0.0,0.002055483
KIF2A,2,0,0.0,0.00059023843
KIF2C,2,0,0.0,0.36292222
KIF3A,3,0,0.0,0.24060673
KIF3B,1,0,0.0,7.2564653e-06
KIF3C,2,0,0.0,0.00020038427
KIF4A,8,0,0.0,0.06265486
KIF5B,2,0,0.0,0.32592237
KIF5C,7,0,0.0,0.050975505
KIF6,1,0,0.0,0.012768212
KIF7,3,0,0.0,0.14791255
KIF9,5,0,0.0,0.00011479155
KIFAP3,3,0,0.0,0.15321325
KIFBP,2,0,0.0,0.22081828
KIFC1,1,0,0.0,0.007649569
KIFC2,2,0,0.0,0.23136881
KIFC3,3,0,0.0,0.028977921
KIN,1,0,0.0,7.735465e-05
KIR2DL1,3,0,0.0,0.5448728
KIR2DL3,2,0,0.0,0.002616029
KIR2DL4,8,0,0.0,0.2968712
KIR2DS4,3,0,0.0,0.11090875
KIR3DL1,6,0,0.0,0.3380359
KIR3DL2,3,0,0.0,0.13744129
KIR3DL3,9,0,0.0,0.14374034
KIR3DX1,8,0,0.0,0.008257252
KIRREL2,5,0,0.0,0.21662252
KIRREL3,4,0,0.0,0.00041637162
KITLG,3,0,0.0,0.0256838
KIZ,4,0,0.0,0.16796511
KL,7,0,0.0,0.104728416
KLB,4,0,0.0,0.13247508
KLC1,1,0,0.0,6.493199e-05
KLC2,2,0,0.0,3.886728e-06
KLC3,1,0,0.0,0.7108728
KLC4,3,0,0.0,0.020529972
KLF1,3,0,0.0,0.36061
KLF10,2,0,0.0,0.08956489
KLF11,3,0,0.0,0.22106226
KLF12,3,0,0.0,0.0032581834
KLF14,2,0,0.0,0.00016256275
KLF17,7,0,0.0,0.10489583
KLF2,1,0,0.0,0.7369583
KLF3,4,0,0.0,6.8774476e-05
KLF5,2,0,0.0,1.1040098e-06
KLF7,2,0,0.0,2.166346e-06
KLF8,2,0,0.0,1.1868647e-05
KLF9,1,0,0.0,4.215803e-09
KLHDC1,2,0,0.0,7.184556e-05
KLHDC10,1,0,0.0,0.06930771
KLHDC2,1,0,0.0,6.672755e-08
KLHDC3,2,0,0.0,0.001575503
KLHDC4,1,0,0.0,7.148273e-07
KLHDC7A,5,0,0.0,0.09217662
KLHDC7B,1,0,0.0,0.664626
KLHL10,3,0,0.0,0.11838728
KLHL12,3,0,0.0,0.10641546
KLHL14,1,0,0.0,0.6897901
KLHL15,4,0,0.0,0.00266194
KLHL2,1,0,0.0,1.0823037e-08
KLHL20,6,0,0.0,0.20152152
KLHL22,1,0,0.0,4.9409828e-05
KLHL24,2,0,0.0,0.0004457565
KLHL25,3,0,0.0,9.165541e-06
KLHL26,3,0,0.0,0.45933616
KLHL31,1,0,0.0,0.3036465
KLHL32,6,0,0.0,0.015125756
KLHL34,6,0,0.0,0.10502388
KLHL35,1,0,0.0,0.06902518
KLHL38,4,0,0.0,0.4070155
KLHL4,4,0,0.0,0.011404826
KLHL40,4,0,0.0,9.440169e-05
KLHL5,3,0,0.0,0.46827507
KLHL6,4,0,0.0,2.480368e-05
KLHL7,3,0,0.0,0.00064653513
KLHL8,3,0,0.0,0.25149098
KLK1,1,0,0.0,3.3751286e-07
KLK10,2,0,0.0,0.21396765
KLK11,1,0,0.0,0.14001559
KLK12,2,0,0.0,0.08218734
KLK14,1,0,0.0,0.009082037
KLK5,3,0,0.0,1.3728063e-06
KLK7,2,0,0.0,3.6693455e-09
KLK8,4,0,0.0,0.18946841
KLKB1,5,0,0.0,0.10518639
KLRA1P,1,0,0.0,0.09137451
KLRC1,3,0,0.0,0.11083167
KLRC2,3,0,0.0,0.2816513
KLRC3,3,0,0.0,0.24515133
KLRC4,1,0,0.0,0.30578482
KLRD1,1,0,0.0,5.5529626e-06
KLRF1,2,0,0.0,0.29271916
KLRG1,2,0,0.0,0.36829033
KLRG2,1,0,0.0,1.1419135e-06
KLRK1,3,0,0.0,0.00983057
KMO,1,0,0.0,0.023751995
KMT2B,12,0,0.0,0.0058612656
KMT2D,12,0,0.0,0.10604066
KMT5A,2,0,0.0,0.32376295
KMT5B,1,0,0.0,7.557164e-10
KMT5C,1,0,0.0,0.0067058858
KNCN,1,0,0.0,1.6665784e-07
KNDC1,7,0,0.0,0.2154442
KNG1,4,0,0.0,0.00019776891
KNL1,5,0,0.0,0.10979502
KNOP1,3,0,0.0,1.4955053e-07
KNOP1P1,2,0,0.0,0.00017049587
KNSTRN,4,0,0.0,0.0024693694
KNTC1,6,0,0.0,0.120402455
KPNA1,1,0,0.0,0.7107175
KPNA2,2,0,0.0,4.5415673e-06
KPNA4,1,0,0.0,0.68094844
KPNA5,5,0,0.0,0.3864616
KPNA6,2,0,0.0,9.1550326e-05
KPNB1,1,0,0.0,0.41374448
KPRP,14,0,0.0,0.018862415
KRAS,3,0,0.0,0.005118976
KRBOX4,2,0,0.0,6.603275e-10
KRCC1,2,0,0.0,0.00020804782
KREMEN2,1,0,0.0,6.898977e-07
KRIT1,2,0,0.0,0.0028575254
KRR1,1,0,0.0,0.16538337
KRT1,2,0,0.0,2.3108485e-05
KRT10,3,0,0.0,0.15538299
KRT12,4,0,0.0,0.062643416
KRT14,5,0,0.0,0.16845563
KRT15,5,0,0.0,0.026471023
KRT16,9,0,0.0,0.1507974
KRT17,2,0,0.0,0.024063388
KRT18,6,0,0.0,0.093443684
KRT18P23,1,0,0.0,0.00027225167
KRT18P55,1,0,0.0,0.61691445
KRT19,6,0,0.0,0.0053235567
KRT20,4,0,0.0,0.0021419046
KRT222,4,0,0.0,0.336616
KRT24,2,0,0.0,0.09124488
KRT25,5,0,0.0,0.22087434
KRT26,2,0,0.0,8.338093e-06
KRT27,5,0,0.0,0.10564411
KRT28,2,0,0.0,0.07155138
KRT3,4,0,0.0,0.17953427
KRT33A,3,0,0.0,0.14312772
KRT33B,4,0,0.0,0.12442414
KRT35,2,0,0.0,0.37538773
KRT36,4,0,0.0,0.23524432
KRT38,6,0,0.0,0.0019066739
KRT39,3,0,0.0,0.22933851
KRT40,3,0,0.0,0.20804857
KRT5,1,0,0.0,0.2557282
KRT6C,1,0,0.0,0.46340182
KRT7,5,0,0.0,0.003162029
KRT71,2,0,0.0,0.00064985745
KRT72,5,0,0.0,0.1878391
KRT73,5,0,0.0,0.29209107
KRT74,4,0,0.0,0.0014818913
KRT75,2,0,0.0,0.31549445
KRT76,2,0,0.0,0.2587483
KRT77,2,0,0.0,1.8939486e-06
KRT78,2,0,0.0,0.51939017
KRT79,3,0,0.0,0.0010136863
KRT80,2,0,0.0,0.23704778
KRT81,2,0,0.0,0.0016970417
KRT82,5,0,0.0,0.026428858
KRT83,2,0,0.0,2.4118843e-05
KRT84,1,0,0.0,5.3866603e-05
KRT85,1,0,0.0,2.2948178e-05
KRT86,2,0,0.0,1.374113e-06
KRT9,7,0,0.0,0.108070776
KRTAP1-3,2,0,0.0,0.0012487606
KRTAP10-1,2,0,0.0,3.1485048e-05
KRTAP10-10,2,0,0.0,2.0752639e-06
KRTAP10-11,2,0,0.0,5.6767276e-06
KRTAP10-12,1,0,0.0,1.6715639e-07
KRTAP10-2,3,0,0.0,0.013603347
KRTAP10-3,4,0,0.0,0.12872641
KRTAP10-5,3,0,0.0,1.18898415e-05
KRTAP10-8,6,0,0.0,0.07033343
KRTAP10-9,3,0,0.0,0.5352488
KRTAP11-1,1,0,0.0,2.6914597e-06
KRTAP12-3,4,0,0.0,0.00037391167
KRTAP12-4,2,0,0.0,2.8272364e-06
KRTAP13-1,5,0,0.0,0.07108224
KRTAP13-2,1,0,0.0,1.5817684e-05
KRTAP15-1,1,0,0.0,0.009394733
KRTAP19-1,2,0,0.0,3.2233233e-06
KRTAP19-2,2,0,0.0,0.34060958
KRTAP19-3,1,0,0.0,9.7729855e-05
KRTAP19-4,1,0,0.0,0.6659226
KRTAP20-2,3,0,0.0,0.17548887
KRTAP22-1,1,0,0.0,0.72329473
KRTAP24-1,3,0,0.0,0.024228605
KRTAP26-1,1,0,0.0,1.7346393e-09
KRTAP27-1,3,0,0.0,1.21914845e-05
KRTAP3-3,3,0,0.0,1.2416941e-08
KRTAP4-1,1,0,0.0,1.7944856e-08
KRTAP4-4,2,0,0.0,0.3405521
KRTAP4-5,3,0,0.0,8.0498385e-06
KRTAP5-10,3,0,0.0,0.23259544
KRTAP5-2,1,0,0.0,0.41378826
KRTAP5-8,1,0,0.0,2.4339855e-05
KRTAP5-9,4,0,0.0,0.16009939
KRTAP6-2,3,0,0.0,2.6164516e-06
KRTAP8-1,1,0,0.0,0.0042104907
KRTAP9-4,1,0,0.0,0.6319484
KRTCAP3,2,0,0.0,0.012535683
KRTDAP,1,0,0.0,0.28196347
KSR1,4,0,0.0,3.217724e-06
KTN1,3,0,0.0,0.0025939576
KXD1,1,0,0.0,0.007230737
KYAT3,2,0,0.0,9.3964045e-06
KYNU,3,0,0.0,0.058806077
L1TD1,6,0,0.0,0.11728788
L3MBTL3,1,0,0.0,0.0061173374
L3MBTL4,4,0,0.0,1.7007209e-05
LACRT,2,0,0.0,0.00068862434
LACTB,2,0,0.0,7.9357847e-07
LAD1,2,0,0.0,0.2538661
LAMA1,31,0,0.0,0.1360665
LAMA2,17,0,0.0,0.18770309
LAMA4,7,0,0.0,0.0055393255
LAMB2,2,0,0.0,1.5597914e-05
LAMB3,8,0,0.0,0.035484467
LAMC3,6,0,0.0,0.11358387
LAMP1,1,0,0.0,3.07505e-06
LAMP2,6,0,0.0,0.08358417
LAMP3,4,0,0.0,0.34362394
LAMP5,3,0,0.0,0.24371938
LAMTOR1,1,0,0.0,8.687572e-08
LAMTOR2,1,0,0.0,0.0009004673
LAMTOR3,1,0,0.0,2.7162139e-06
LANCL1,2,0,0.0,0.00032325336
LANCL2,6,0,0.0,0.26825598
LANCL3,1,0,0.0,8.605045e-09
LAPTM4A,1,0,0.0,0.00012980808
LARGE1,3,0,0.0,0.00022169854
LARGE2,4,0,0.0,0.08289552
LARP1B,2,0,0.0,0.57770354
LARP4,2,0,0.0,0.023663234
LARP4B,6,0,0.0,0.01261913
LARP6,2,0,0.0,3.9837098e-05
LARP7,1,0,0.0,1.0067209e-05
LARS1,6,0,0.0,0.072254755
LARS2,1,0,0.0,8.7937686e-08
LAS1L,4,0,0.0,0.0018922371
LAT,3,0,0.0,0.0007178173
LAT2,1,0,0.0,2.7340368e-06
LATS2,5,0,0.0,0.02697573
LAX1,2,0,0.0,0.16768207
LBR,4,0,0.0,0.021788733
LBX1,2,0,0.0,1.1074235e-10
LBX2,1,0,0.0,0.001325136
LCA5,2,0,0.0,0.3105526
LCA5L,1,0,0.0,0.73941606
LCE1C,1,0,0.0,1.6098122e-05
LCE1D,1,0,0.0,6.113402e-06
LCE1E,3,0,0.0,0.20128982
LCE1F,3,0,0.0,0.21501042
LCE3A,1,0,0.0,8.822224e-07
LCE3E,1,0,0.0,5.927885e-06
LCE4A,1,0,0.0,0.000111241185
LCK,5,0,0.0,0.008710621
LCMT1,3,0,0.0,0.0026157286
LCN1,2,0,0.0,0.37067223
LCN10,1,0,0.0,2.0753173e-11
LCN15,1,0,0.0,0.6804516
LCN2,2,0,0.0,0.2621086
LCN6,1,0,0.0,5.6598663e-05
LCOR,8,0,0.0,0.23716404
LCORL,1,0,0.0,0.030900965
LCP1,3,0,0.0,0.17649198
LCTL,3,0,0.0,0.22936206
LDB1,3,0,0.0,2.339691e-05
LDB2,2,0,0.0,0.0054045506
LDB3,4,0,0.0,0.5716589
LDHA,2,0,0.0,9.168962e-07
LDHAL6A,2,0,0.0,0.015206688
LDHAL6B,2,0,0.0,5.0118848e-05
LDHC,1,0,0.0,1.7390731e-06
LDHD,3,0,0.0,0.0050644055
LDLRAD1,1,0,0.0,0.7362918
LDLRAD2,2,0,0.0,0.0004998248
LDLRAP1,1,0,0.0,2.7635538e-06
LEFTY1,4,0,0.0,0.18604869
LEFTY2,3,0,0.0,2.459946e-08
LEKR1,6,0,0.0,1.768656e-05
LELP1,1,0,0.0,2.7475588e-09
LEMD1,1,0,0.0,0.62840366
LEMD2,2,0,0.0,0.00043436786
LEMD3,6,0,0.0,0.13388984
LENG1,1,0,0.0,9.738258e-07
LENG8,3,0,0.0,0.00012228958
LEO1,4,0,0.0,0.0037533664
LEPR,1,0,0.0,3.6627128e-08
LETM1,3,0,0.0,0.00010145115
LEXM,6,0,0.0,0.25738153
LGALS1,2,0,0.0,0.23828971
LGALS13,5,0,0.0,0.13251998
LGALS3,1,0,0.0,3.0254885e-08
LGALS3BP,2,0,0.0,0.10410241
LGALS4,1,0,0.0,0.64060545
LGALS8,3,0,0.0,0.06190777
LGALS9,4,0,0.0,0.24135573
LGALS9B,1,0,0.0,5.6826084e-06
LGI2,5,0,0.0,0.07055313
LGI4,1,0,0.0,8.909648e-05
LGMN,1,0,0.0,0.009797328
LGR4,4,0,0.0,0.1594943
LGR5,9,0,0.0,0.18779773
LGR6,2,0,0.0,0.3488792
LHFPL1,4,0,0.0,0.005724449
LHFPL2,3,0,0.0,0.17261173
LHFPL3,2,0,0.0,0.16978006
LHFPL4,1,0,0.0,4.381524e-10
LHFPL5,1,0,0.0,1.4772836e-08
LHFPL6,2,0,0.0,0.21286592
LHX1,1,0,0.0,0.45108244
LHX2,1,0,0.0,0.6089025
LHX4,3,0,0.0,1.3696318e-06
LHX5,1,0,0.0,2.244195e-09
LHX6,2,0,0.0,2.8348124e-06
LIAS,2,0,0.0,0.0036091586
LIFR,3,0,0.0,0.2318058
LIG1,3,0,0.0,3.059434e-06
LIG3,5,0,0.0,0.19361666
LIG4,1,0,0.0,4.3294826e-08
LILRA1,4,0,0.0,0.24041124
LILRA4,5,0,0.0,0.2502188
LILRA5,2,0,0.0,0.300124
LILRB1,6,0,0.0,0.20634043
LILRB2,10,0,0.0,0.12637883
LILRB3,6,0,0.0,0.24360462
LILRB4,8,0,0.0,0.28608468
LILRB5,8,0,0.0,0.047301065
LIM2,1,0,0.0,5.9267313e-06
LIMCH1,4,0,0.0,0.13153666
LIMD1,1,0,0.0,0.00034330325
LIMK1,3,0,0.0,2.488825e-06
LIMK2,2,0,0.0,0.0033188148
LIMS1,2,0,0.0,1.3568167e-06
LIN28A,2,0,0.0,1.6080125e-05
LINC00174,1,0,0.0,1.4829207e-09
LINC00303,1,0,0.0,0.52199376
LINC01098,1,0,0.0,3.4586952e-07
LINC01587,1,0,0.0,1.01727565e-07
LINC01600,2,0,0.0,1.4084555e-06
LINC02694,3,0,0.0,0.31443426
LINC02843,1,0,0.0,2.7832534e-06
LINC02870,1,0,0.0,2.730967e-06
LINGO2,8,0,0.0,2.8919355e-06
LINGO3,2,0,0.0,3.0349449e-05
LINGO4,5,0,0.0,0.21568723
LINS1,1,0,0.0,0.0052550687
LIPC,1,0,0.0,2.4615728e-08
LIPE,2,0,0.0,0.42877156
LIPF,2,0,0.0,0.3476844
LIPG,7,0,0.0,0.28741473
LIPH,1,0,0.0,0.69397
LIPK,2,0,0.0,1.9933811e-06
LIPN,1,0,0.0,5.8023124e-07
LIX1,1,0,0.0,0.69658625
LLCFC1,2,0,0.0,0.53446686
LMAN1,2,0,0.0,0.00078614784
LMAN1L,3,0,0.0,1.9591228e-06
LMAN2,3,0,0.0,5.4097796e-05
LMAN2L,3,0,0.0,0.0060282107
LMBR1,3,0,0.0,0.092447855
LMBR1L,1,0,0.0,0.25573698
LMBRD1,5,0,0.0,0.0220447
LMBRD2,2,0,0.0,0.06584411
LMCD1,3,0,0.0,0.052810136
LMF1,2,0,0.0,0.27238715
LMF2,1,0,0.0,0.0015989969
LMNA,1,0,0.0,2.4829534e-11
LMNB1,1,0,0.0,1.1569022e-08
LMNTD1,3,0,0.0,0.25214532
LMNTD2,3,0,0.0,2.5731038e-05
LMO1,1,0,0.0,0.0068248273
LMO2,1,0,0.0,0.73497707
LMOD1,1,0,0.0,1.1684382e-08
LMOD2,6,0,0.0,0.09612251
LMOD3,3,0,0.0,0.00152252
LMTK3,1,0,0.0,0.004918796
LMX1A,4,0,0.0,0.0015322934
LMX1B,2,0,0.0,1.6504503e-06
LNPEP,5,0,0.0,0.06491045
LNPK,2,0,0.0,0.34780732
LNX2,2,0,0.0,0.37382087
LONP1,5,0,0.0,0.41733795
LONP2,3,0,0.0,0.000117451185
LONRF2,4,0,0.0,2.1994747e-06
LONRF3,5,0,0.0,0.005467919
LOX,2,0,0.0,0.36529922
LOXL1,3,0,0.0,6.310554e-05
LOXL3,5,0,0.0,0.13903055
LPA,10,0,0.0,0.06611063
LPAL2,3,0,0.0,0.007469705
LPAR1,7,0,0.0,0.18858789
LPAR3,6,0,0.0,0.20992534
LPAR4,6,0,0.0,0.12066422
LPAR5,2,0,0.0,1.0499254e-08
LPAR6,2,0,0.0,1.7465554e-08
LPCAT1,7,0,0.0,0.14934643
LPCAT2,3,0,0.0,0.20343816
LPCAT3,2,0,0.0,0.0005918365
LPCAT4,2,0,0.0,7.180555e-05
LPIN1,8,0,0.0,0.15636712
LPIN2,5,0,0.0,2.1243882e-06
LPIN3,3,0,0.0,0.190861
LPL,2,0,0.0,0.39560106
LPO,4,0,0.0,0.007290426
LPXN,3,0,0.0,0.00053555967
LRAT,2,0,0.0,0.295083
LRBA,13,0,0.0,0.10802979
LRCH1,3,0,0.0,0.009306175
LRCH2,3,0,0.0,5.355971e-05
LRCH3,3,0,0.0,0.24787343
LRCH4,4,0,0.0,0.49905154
LRFN2,7,0,0.0,0.19152728
LRFN3,2,0,0.0,0.0008373122
LRFN4,1,0,0.0,4.0330894e-12
LRFN5,12,0,0.0,0.060508355
LRG1,2,0,0.0,0.0040899543
LRGUK,2,0,0.0,0.36453444
LRIF1,6,0,0.0,0.16394706
LRIG2,3,0,0.0,0.01314629
LRIT3,3,0,0.0,0.25220254
LRMDA,1,0,0.0,0.041471258
LRP10,1,0,0.0,0.001069355
LRP11,1,0,0.0,8.972064e-09
LRP1B,26,0,0.0,0.03370589
LRP2BP,2,0,0.0,0.00018326519
LRP3,4,0,0.0,8.091774e-08
LRP5,8,0,0.0,0.038358703
LRPAP1,1,0,0.0,4.1121004e-09
LRPPRC,5,0,0.0,3.1149495e-06
LRR1,1,0,0.0,4.105271e-05
LRRC10,1,0,0.0,0.32883668
LRRC15,4,0,0.0,0.0888897
LRRC17,1,0,0.0,2.8660465e-06
LRRC19,2,0,0.0,1.8629864e-05
LRRC2,2,0,0.0,0.050583914
LRRC23,3,0,0.0,0.05420338
LRRC25,3,0,0.0,0.0001789528
LRRC27,1,0,0.0,0.5652406
LRRC28,1,0,0.0,9.919425e-06
LRRC3,2,0,0.0,2.5366771e-06
LRRC30,5,0,0.0,0.0020015049
LRRC34,2,0,0.0,0.094341196
LRRC36,2,0,0.0,0.2592264
LRRC37A2,2,0,0.0,0.00011534828
LRRC3B,5,0,0.0,2.0355274e-05
LRRC4,1,0,0.0,0.028687911
LRRC40,4,0,0.0,0.12092303
LRRC41,4,0,0.0,0.3550136
LRRC42,1,0,0.0,0.62736696
LRRC43,4,0,0.0,0.10610381
LRRC47,1,0,0.0,0.09250919
LRRC49,2,0,0.0,1.5659884e-05
LRRC4B,4,0,0.0,0.2271114
LRRC4C,4,0,0.0,0.0029128022
LRRC52,2,0,0.0,0.009650022
LRRC56,2,0,0.0,1.8690638e-05
LRRC57,2,0,0.0,0.0668818
LRRC6,4,0,0.0,0.07204547
LRRC66,9,0,0.0,0.20716737
LRRC7,10,0,0.0,0.15224826
LRRC73,1,0,0.0,7.672071e-07
LRRC74A,2,0,0.0,0.0037519997
LRRC75A,3,0,0.0,5.398873e-06
LRRC8A,1,0,0.0,0.5735835
LRRC8B,7,0,0.0,0.2042221
LRRC8C,3,0,0.0,0.0049763494
LRRCC1,3,0,0.0,0.18736689
LRRFIP2,1,0,0.0,0.43120265
LRRIQ3,5,0,0.0,0.016826946
LRRIQ4,3,0,0.0,0.000102377846
LRRK1,18,0,0.0,0.104621656
LRRN1,2,0,0.0,0.0019353552
LRRN4,3,0,0.0,0.44555673
LRRN4CL,1,0,0.0,5.1887446e-07
LRRTM1,2,0,0.0,1.3590099e-08
LRRTM3,2,0,0.0,0.18364903
LRRTM4,2,0,0.0,1.4612014e-06
LRSAM1,3,0,0.0,1.0290395e-05
LRTM2,3,0,0.0,0.0031375394
LSM11,4,0,0.0,0.16946654
LSM12,1,0,0.0,2.74232e-06
LSM14A,1,0,0.0,1.7318425e-05
LSM14B,1,0,0.0,0.67757845
LSM2,1,0,0.0,0.0074175973
LSM3,1,0,0.0,0.4505221
LSMEM2,2,0,0.0,2.245856e-05
LSR,3,0,0.0,0.18862545
LSS,1,0,0.0,3.0776316e-06
LTA,1,0,0.0,7.643832e-06
LTB4R2,1,0,0.0,1.8031513e-09
LTBP1,4,0,0.0,0.09134266
LTBP2,14,0,0.0,2.45712e-05
LTBP3,1,0,0.0,5.052987e-07
LTBR,4,0,0.0,0.10347732
LTF,2,0,0.0,1.409938e-06
LTK,1,0,0.0,5.3954253e-05
LTN1,9,0,0.0,0.17197293
LTV1,1,0,0.0,0.2936712
LUC7L,2,0,0.0,0.15955222
LUC7L2,2,0,0.0,4.0888635e-06
LUC7L3,1,0,0.0,0.009781354
LUM,8,0,0.0,0.117890455
LUZP2,3,0,0.0,0.15454195
LUZP4,2,0,0.0,0.0038687158
LXN,1,0,0.0,0.72468454
LY6G5B,1,0,0.0,0.012492923
LY6G5C,1,0,0.0,1.2648634e-08
LY6G6D,1,0,0.0,0.00011744765
LY6G6F-LY6G6D,2,0,0.0,0.0035534473
LY6K,1,0,0.0,2.749747e-06
LY75,14,0,0.0,0.040069222
LY86,1,0,0.0,2.700613e-07
LY96,3,0,0.0,0.21944262
LYAR,1,0,0.0,1.9893014e-09
LYG1,1,0,0.0,0.01539025
LYN,4,0,0.0,0.36592042
LYNX1-SLURP2,1,0,0.0,0.053162675
LYPD3,1,0,0.0,0.5554133
LYPD4,2,0,0.0,0.04275424
LYPD5,1,0,0.0,0.28180447
LYPLAL1,2,0,0.0,0.2782296
LYSMD3,2,0,0.0,0.31038836
LYSMD4,3,0,0.0,2.067918e-06
LYZL4,1,0,0.0,0.35538387
LYZL6,3,0,0.0,0.017712355
LZTFL1,2,0,0.0,0.022604037
LZTR1,16,0,0.0,0.075737625
LZTS1,5,0,0.0,0.088940464
LZTS3,1,0,0.0,0.010479494
M1AP,3,0,0.0,1.8553957e-06
M6PR,1,0,0.0,0.009304934
MAB21L2,3,0,0.0,0.48236445
MAB21L3,5,0,0.0,0.00046614878
MAB21L4,3,0,0.0,0.0033078294
MACO1,3,0,0.0,0.683361
MACROD2,5,0,0.0,0.10755013
MACROH2A2,3,0,0.0,0.2436083
MAD1L1,2,0,0.0,0.0058270036
MAD2L1,1,0,0.0,0.0010692751
MAD2L1BP,1,0,0.0,5.087674e-09
MADCAM1,2,0,0.0,0.2505364
MADD,8,0,0.0,0.23286097
MAEA,2,0,0.0,0.16842097
MAF1,1,0,0.0,2.6859288e-06
MAFF,1,0,0.0,0.044283893
MAFG,1,0,0.0,1.9960588e-07
MAG,15,0,0.0,0.14897889
MAGEA1,1,0,0.0,2.7301626e-06
MAGEA10,5,0,0.0,0.09918876
MAGEA11,4,0,0.0,0.004398998
MAGEA12,3,0,0.0,0.00062280806
MAGEA4,4,0,0.0,0.35405958
MAGEA5,2,0,0.0,3.002143e-06
MAGEA6,4,0,0.0,0.23945872
MAGEA8,3,0,0.0,0.0066536
MAGEB1,9,0,0.0,0.044804975
MAGEB16,7,0,0.0,7.400413e-05
MAGEB18,5,0,0.0,0.11807712
MAGEB2,2,0,0.0,0.32288748
MAGEB3,3,0,0.0,0.22700657
MAGEB4,8,0,0.0,0.08361699
MAGEB6,13,0,0.0,0.011251366
MAGEB6B,6,0,0.0,0.12585677
MAGEC1,14,0,0.0,0.071773104
MAGEC2,9,0,0.0,0.0054307086
MAGEC3,5,0,0.0,0.13844742
MAGED1,3,0,0.0,0.2104282
MAGED2,4,0,0.0,0.00012460732
MAGEE1,3,0,0.0,0.025798209
MAGEE2,2,0,0.0,0.23864166
MAGEH1,1,0,0.0,1.5542683e-09
MAGEL2,1,0,0.0,0.003033624
MAGI1,6,0,0.0,0.0693567
MAGIX,1,0,0.0,2.6598977e-07
MAGT1,1,0,0.0,0.0014206344
MAIP1,1,0,0.0,0.68135154
MAJIN,1,0,0.0,0.33155125
MAK,1,0,0.0,6.363114e-05
MAK16,1,0,0.0,0.012177808
MAL,1,0,0.0,1.3325145e-05
MALAT1,1,0,0.0,0.01591302
MALSU1,1,0,0.0,2.346586e-07
MALT1,4,0,0.0,0.40387106
MAMDC2,4,0,0.0,0.3303614
MAMDC4,3,0,0.0,0.1484662
MAML2,4,0,0.0,0.044708133
MAML3,1,0,0.0,0.61529666
MAMLD1,4,0,0.0,0.01077688
MAN1A1,3,0,0.0,1.0677697e-05
MAN1C1,4,0,0.0,0.1156413
MAN2A1,3,0,0.0,0.27662116
MAN2A2,5,0,0.0,0.00087121595
MAN2B1,5,0,0.0,0.04023582
MAN2B2,8,0,0.0,0.0033387297
MAN2C1,3,0,0.0,0.0022240942
MANBA,1,0,0.0,0.00015712462
MANEA,6,0,0.0,0.04220125
MANEAL,1,0,0.0,2.5275008e-06
MANF,1,0,0.0,0.0042091175
MANSC1,2,0,0.0,0.00071252405
MAOA,1,0,0.0,1.3099115e-09
MAOB,3,0,0.0,0.33181953
MAP10,3,0,0.0,1.3227715e-06
MAP11,2,0,0.0,0.026551869
MAP1LC3B,1,0,0.0,2.69861e-06
MAP1S,5,0,0.0,0.0069849873
MAP2,2,0,0.0,0.0042875316
MAP2K2,2,0,0.0,0.36853114
MAP2K5,1,0,0.0,4.7797034e-06
MAP2K6,1,0,0.0,0.015995502
MAP2K7,2,0,0.0,0.5472066
MAP3K1,11,0,0.0,0.013048329
MAP3K11,2,0,0.0,0.37349322
MAP3K12,6,0,0.0,0.03952984
MAP3K13,2,0,0.0,0.31668136
MAP3K14,3,0,0.0,0.21226096
MAP3K19,11,0,0.0,0.14019755
MAP3K20,5,0,0.0,5.4383047e-05
MAP3K21,5,0,0.0,0.11588645
MAP3K3,6,0,0.0,0.2987607
MAP3K5,4,0,0.0,0.16466446
MAP3K6,4,0,0.0,0.09278656
MAP3K7,6,0,0.0,0.004786522
MAP3K7CL,1,0,0.0,0.0023967447
MAP3K8,1,0,0.0,0.68779504
MAP3K9,2,0,0.0,0.34061927
MAP4,3,0,0.0,0.22890328
MAP4K2,6,0,0.0,0.036522422
MAP4K3,5,0,0.0,0.15234576
MAP4K4,7,0,0.0,0.04333018
MAP4K5,1,0,0.0,0.0026802383
MAP6,4,0,0.0,0.14509347
MAP7,4,0,0.0,0.034507148
MAP7D2,8,0,0.0,0.07816907
MAP7D3,3,0,0.0,0.42956567
MAP9,4,0,0.0,0.19194192
MAPK1,4,0,0.0,0.032083333
MAPK10,2,0,0.0,1.7342353e-06
MAPK13,3,0,0.0,0.20727952
MAPK14,1,0,0.0,0.10320175
MAPK15,6,0,0.0,0.0883888
MAPK1IP1L,1,0,0.0,1.1056887e-10
MAPK3,5,0,0.0,0.3772403
MAPK4,2,0,0.0,3.8788385e-06
MAPK6,2,0,0.0,0.0054812953
MAPK7,4,0,0.0,9.191949e-05
MAPK8,2,0,0.0,0.36763152
MAPK8IP3,7,0,0.0,0.06083822
MAPK9,4,0,0.0,0.0039515495
MAPKAP1,1,0,0.0,0.68972754
MAPKAPK2,3,0,0.0,1.1790014e-05
MAPKBP1,9,0,0.0,0.00016603908
MAPRE2,2,0,0.0,0.3347788
MAPRE3,1,0,0.0,0.1698615
MAPT,3,0,0.0,0.031413376
MARCHF1,4,0,0.0,0.13083394
MARCHF10,5,0,0.0,0.25193283
MARCHF11,1,0,0.0,0.5366103
MARCHF2,2,0,0.0,0.059819605
MARCHF4,4,0,0.0,0.0006875248
MARCHF5,1,0,0.0,0.0017506118
MARCHF7,1,0,0.0,1.8797367e-05
MARCHF8,2,0,0.0,0.23755935
MARCO,4,0,0.0,0.06037753
MARF1,2,0,0.0,0.008987557
MARK1,3,0,0.0,0.33366683
MARK2,1,0,0.0,6.680763e-09
MARK3,1,0,0.0,6.3689964e-07
MARS1,2,0,0.0,0.26099128
MARVELD2,3,0,0.0,0.04142287
MAS1,1,0,0.0,7.861596e-05
MAS1L,8,0,0.0,0.09364359
MASP2,4,0,0.0,6.868754e-07
MAST1,11,0,0.0,0.16010222
MAST3,6,0,0.0,0.20966232
MAST4,9,0,0.0,0.0092972
MASTL,1,0,0.0,5.7930293e-07
MAT2A,3,0,0.0,0.19445346
MAT2B,1,0,0.0,0.05063231
MATN1,1,0,0.0,3.9172114e-06
MATN3,1,0,0.0,0.50041586
MATR3,3,0,0.0,0.0011067768
MAU2,1,0,0.0,0.23842064
MAVS,2,0,0.0,0.31260735
MAZ,1,0,0.0,4.030037e-12
MB21D2,3,0,0.0,0.25985128
MBD2,2,0,0.0,0.27782598
MBD3,1,0,0.0,4.1633402e-06
MBD4,1,0,0.0,8.8864164e-07
MBD5,4,0,0.0,0.22045241
MBD6,1,0,0.0,0.71905655
MBIP,2,0,0.0,1.1733123e-09
MBL2,2,0,0.0,8.0515955e-11
MBLAC1,1,0,0.0,3.1284344e-09
MBLAC2,1,0,0.0,0.6712901
MBNL1,6,0,0.0,0.041845452
MBNL2,2,0,0.0,0.2666434
MBNL3,3,0,0.0,2.056822e-06
MBOAT1,3,0,0.0,0.00034254373
MBOAT2,1,0,0.0,0.0009646304
MBOAT7,1,0,0.0,5.066348e-07
MBTD1,1,0,0.0,2.7200115e-06
MBTPS2,1,0,0.0,8.0291834e-10
MC2R,4,0,0.0,0.060106955
MC5R,3,0,0.0,1.1008255e-05
MCAM,2,0,0.0,0.56418586
MCAT,1,0,0.0,3.672217e-06
MCC,4,0,0.0,0.16246341
MCEMP1,1,0,0.0,5.4571166e-05
MCF2,5,0,0.0,0.008257274
MCF2L,3,0,0.0,7.4112195e-06
MCF2L2,3,0,0.0,1.7932065e-05
MCHR2,4,0,0.0,0.15774941
MCM10,1,0,0.0,4.6459645e-05
MCM2,5,0,0.0,0.14806572
MCM3,7,0,0.0,0.005779278
MCM3AP,7,0,0.0,0.036745068
MCM4,4,0,0.0,3.3662423e-06
MCM5,3,0,0.0,0.26111302
MCM6,5,0,0.0,0.1491439
MCM7,6,0,0.0,0.056070756
MCMBP,2,0,0.0,2.9306406e-07
MCMDC2,3,0,0.0,1.0322568e-06
MCOLN1,4,0,0.0,0.05556194
MCOLN2,3,0,0.0,0.04286481
MCOLN3,8,0,0.0,0.05315318
MCPH1,4,0,0.0,7.4238187e-07
MCRIP2,1,0,0.0,2.7082472e-06
MCRS1,4,0,0.0,4.1504913e-06
MCTP1,7,0,0.0,0.24895933
MCTS1,3,0,0.0,0.0030888559
MDGA1,3,0,0.0,0.036304403
MDGA2,11,0,0.0,0.057331756
MDH1,1,0,0.0,0.0010629963
MDH1B,2,0,0.0,2.7949638e-06
MDH2,2,0,0.0,2.0916686e-06
MDK,2,0,0.0,0.0533522
MDM1,5,0,0.0,0.0012419272
MDM2,3,0,0.0,0.014993433
MDM4,3,0,0.0,0.08745735
MDN1,12,0,0.0,0.0017897134
MDP1,1,0,0.0,2.6229816e-06
MDS2,2,0,0.0,6.068053e-07
ME1,5,0,0.0,0.021878194
ME2,2,0,0.0,0.19072029
ME3,3,0,0.0,0.17320216
MEAK7,3,0,0.0,0.24981086
MED1,3,0,0.0,0.15147656
MED10,1,0,0.0,2.7516671e-06
MED12,15,0,0.0,0.033250608
MED12L,7,0,0.0,2.1259207e-06
MED14,6,0,0.0,0.072997935
MED17,1,0,0.0,0.48529515
MED18,1,0,0.0,0.00049242284
MED22,3,0,0.0,2.1579608e-06
MED23,5,0,0.0,0.006738936
MED25,2,0,0.0,2.5151485e-06
MED27,1,0,0.0,0.044277508
MED28,1,0,0.0,0.005152156
MED4,2,0,0.0,0.0008679624
MED6,1,0,0.0,0.17475946
MED7,2,0,0.0,0.00043165404
MEF2A,2,0,0.0,4.099519e-06
MEFV,5,0,0.0,0.18846534
MEGF10,5,0,0.0,0.07392943
MEGF11,3,0,0.0,2.1203775e-06
MEGF9,2,0,0.0,0.34959218
MEIS2,1,0,0.0,0.62709296
MEIS3,4,0,0.0,0.30970368
MELK,3,0,0.0,2.2291296e-07
MELTF,5,0,0.0,0.070300624
MEN1,5,0,0.0,0.036631107
MEOX2,1,0,0.0,0.6491227
MEP1A,4,0,0.0,0.17931773
MEP1B,4,0,0.0,1.6384429e-06
MEPCE,4,0,0.0,0.47131452
MERTK,5,0,0.0,0.076112494
MESP2,1,0,0.0,0.0003434928
METAP1,1,0,0.0,7.056428e-07
METAP1D,1,0,0.0,0.013642841
METAP2,1,0,0.0,2.7007648e-06
METRNL,2,0,0.0,2.7290307e-06
METTL1,2,0,0.0,0.25999132
METTL14,2,0,0.0,0.34508568
METTL15,2,0,0.0,0.36591431
METTL16,3,0,0.0,0.37090668
METTL18,1,0,0.0,0.7026696
METTL21A,1,0,0.0,0.004904279
METTL21C,3,0,0.0,0.0021463844
METTL22,1,0,0.0,0.7247218
METTL24,1,0,0.0,3.865347e-06
METTL25,1,0,0.0,0.08988044
METTL27,1,0,0.0,0.24026686
METTL2A,2,0,0.0,0.23063196
METTL2B,1,0,0.0,8.390699e-06
METTL3,1,0,0.0,0.60823005
METTL4,1,0,0.0,0.33555135
METTL7A,2,0,0.0,3.83915e-06
METTL8,1,0,0.0,0.001175186
METTL9,1,0,0.0,0.6942471
MEX3A,1,0,0.0,0.5654476
MEX3B,3,0,0.0,8.848995e-06
MEX3C,2,0,0.0,0.20082943
MFAP3L,3,0,0.0,2.2965787e-09
MFAP5,1,0,0.0,0.13367759
MFF,1,0,0.0,2.7043964e-06
MFNG,3,0,0.0,8.1958575e-08
MFRP,5,0,0.0,0.15776873
MFSD10,2,0,0.0,1.4847615e-06
MFSD11,2,0,0.0,9.63267e-07
MFSD12,1,0,0.0,1.1949889e-07
MFSD13A,1,0,0.0,2.7603617e-06
MFSD14A,1,0,0.0,1.6658508e-07
MFSD14B,1,0,0.0,0.042877004
MFSD2B,3,0,0.0,0.01772807
MFSD3,1,0,0.0,0.00043657716
MFSD4A,1,0,0.0,0.7109087
MFSD4B,1,0,0.0,0.0016152837
MFSD5,3,0,0.0,0.028778886
MFSD6,3,0,0.0,0.0001308124
MFSD8,3,0,0.0,9.660034e-07
MGARP,1,0,0.0,3.8860157e-06
MGAT1,1,0,0.0,3.291146e-09
MGAT2,4,0,0.0,2.2390407e-06
MGAT3,3,0,0.0,0.20848334
MGAT4A,2,0,0.0,0.29451075
MGAT4C,6,0,0.0,0.095677756
MGAT5,1,0,0.0,0.73925906
MGAT5B,4,0,0.0,2.4384306e-06
MGME1,2,0,0.0,0.0015621404
MGMT,5,0,0.0,2.4987967e-09
MGRN1,5,0,0.0,0.17026597
MGST1,1,0,0.0,2.739019e-06
MGST3,1,0,0.0,0.7228292
MIA,2,0,0.0,0.013405276
MIA2,4,0,0.0,0.33136007
MIA3,5,0,0.0,0.31118268
MIB1,9,0,0.0,0.12952298
MIB2,2,0,0.0,6.698583e-07
MICAL1,5,0,0.0,0.2574547
MICALL1,2,0,0.0,0.08740775
MICALL2,2,0,0.0,8.856324e-08
MICB,4,0,0.0,0.0047363243
MICU1,2,0,0.0,0.00038558003
MICU2,2,0,0.0,5.328018e-06
MID1,6,0,0.0,0.15111779
MID2,7,0,0.0,0.10566936
MIDN,3,0,0.0,0.025503254
MIEF2,1,0,0.0,0.0006445644
MIER1,1,0,0.0,3.8583203e-06
MIGA1,1,0,0.0,4.1143726e-06
MIGA2,1,0,0.0,9.9395575e-06
MIIP,1,0,0.0,1.10684274e-10
MILR1,1,0,0.0,5.126845e-06
MINAR1,5,0,0.0,1.5085522e-05
MINDY1,1,0,0.0,0.44942012
MINDY2,1,0,0.0,8.266379e-05
MINDY3,1,0,0.0,2.0512443e-05
MINDY4,4,0,0.0,0.15021059
MINK1,2,0,0.0,0.18765868
MIOS,6,0,0.0,0.22028504
MIOX,1,0,0.0,1.9935629e-09
MIP,2,0,0.0,0.3406055
MIPEP,3,0,0.0,0.00084458664
MIPOL1,1,0,0.0,0.00053712557
MIR1-1HG-AS1,2,0,0.0,3.1732238e-06
MIR1179,1,0,0.0,2.6891992e-06
MIR1185-2,1,0,0.0,0.0010701795
MIR124-1,1,0,0.0,7.2997896e-06
MIR1261,1,0,0.0,2.677895e-06
MIR1270,2,0,0.0,3.199375e-05
MIR1283-1,1,0,0.0,1.5953599e-06
MIR1323,1,0,0.0,2.1884856e-07
MIR133B,1,0,0.0,0.0017524117
MIR147A,1,0,0.0,8.804349e-06
MIR15A,1,0,0.0,1.6607147e-07
MIR16-1,2,0,0.0,3.441755e-06
MIR1915,1,0,0.0,1.4237123e-07
MIR20A,1,0,0.0,2.986591e-09
MIR302F,1,0,0.0,5.501433e-06
MIR30C2,1,0,0.0,1.2142131e-05
MIR325,1,0,0.0,0.00017112402
MIR371A,1,0,0.0,0.010997238
MIR372,1,0,0.0,0.0003243576
MIR376A2,2,0,0.0,0.25691053
MIR380,1,0,0.0,0.05311776
MIR411,1,0,0.0,8.77686e-06
MIR424,1,0,0.0,1.2934971e-06
MIR492,1,0,0.0,2.7316964e-06
MIR495,1,0,0.0,1.9242665e-05
MIR498,2,0,0.0,2.526292e-06
MIR508,2,0,0.0,1.0124936e-06
MIR509-3,2,0,0.0,0.22536843
MIR513B,1,0,0.0,0.15469117
MIR515-1,2,0,0.0,1.2161806e-06
MIR516A2,2,0,0.0,0.00015799302
MIR517A,1,0,0.0,0.7465812
MIR518C,1,0,0.0,0.053081222
MIR519C,1,0,0.0,0.48468554
MIR522,2,0,0.0,0.25797874
MIR525,1,0,0.0,0.026208699
MIR541,1,0,0.0,0.6683621
MIR543,1,0,0.0,0.025055453
MIR548I2,1,0,0.0,0.06332133
MIR550A2,1,0,0.0,0.73465407
MIR551B,2,0,0.0,0.00015184471
MIR654,1,0,0.0,0.017370798
MIR758,1,0,0.0,7.326693e-07
MIR9-1HG,1,0,0.0,6.6996375e-07
MIS12,4,0,0.0,0.10723231
MIS18BP1,1,0,0.0,2.730126e-06
MISP,2,0,0.0,0.26858062
MITF,2,0,0.0,2.740466e-06
MKI67,10,0,0.0,0.14245816
MKLN1,2,0,0.0,0.30142295
MKNK1,3,0,0.0,0.24111563
MKRN1,4,0,0.0,0.26366147
MKRN2,3,0,0.0,0.10729135
MKRN3,6,0,0.0,0.006763365
MKS1,4,0,0.0,0.3016973
MKX,3,0,0.0,0.023307981
MLEC,1,0,0.0,2.8439297e-06
MLH1,3,0,0.0,0.018007165
MLH3,4,0,0.0,0.0017175283
MLIP,2,0,0.0,7.879285e-05
MLKL,4,0,0.0,0.17028157
MLLT3,2,0,0.0,0.37348795
MLLT6,5,0,0.0,0.003842098
MLN,1,0,0.0,0.0012755807
MLPH,3,0,0.0,5.2438874e-05
MLST8,3,0,0.0,3.1715683e-06
MLXIP,3,0,0.0,0.095840245
MLYCD,1,0,0.0,3.678372e-06
MMAA,4,0,0.0,0.009909973
MMD,2,0,0.0,0.37428916
MMP1,2,0,0.0,0.0008756668
MMP10,4,0,0.0,0.0008491162
MMP11,1,0,0.0,0.23660113
MMP12,4,0,0.0,6.931385e-07
MMP13,6,0,0.0,0.23448248
MMP14,6,0,0.0,0.09413182
MMP15,6,0,0.0,1.8978071e-06
MMP16,2,0,0.0,0.04197966
MMP17,4,0,0.0,0.03499775
MMP19,3,0,0.0,1.9032265e-06
MMP2,2,0,0.0,0.611975
MMP21,4,0,0.0,5.896591e-07
MMP24,2,0,0.0,1.11489804e-07
MMP26,2,0,0.0,0.15739042
MMP27,4,0,0.0,0.015247192
MMP28,2,0,0.0,0.2895817
MMP3,5,0,0.0,0.30649212
MMP7,3,0,0.0,0.20447694
MMP8,2,0,0.0,0.004895379
MMP9,4,0,0.0,0.17440665
MMRN1,9,0,0.0,0.2001366
MMRN2,3,0,0.0,1.04083915e-10
MMS19,2,0,0.0,1.8949581e-06
MMS22L,4,0,0.0,0.19204754
MMUT,5,0,0.0,0.17630653
MN1,4,0,0.0,1.8405793e-06
MNDA,3,0,0.0,0.14088877
MNS1,2,0,0.0,0.18751533
MNT,2,0,0.0,5.619211e-09
MOAP1,2,0,0.0,2.2520806e-05
MOB1B,3,0,0.0,0.24532454
MOB3A,2,0,0.0,1.5588334e-06
MOB4,3,0,0.0,0.22918545
MOCOS,5,0,0.0,1.8830335e-06
MOCS1,9,0,0.0,0.048728675
MOCS2,2,0,0.0,0.0025717816
MOCS3,3,0,0.0,0.011136078
MOG,1,0,0.0,0.00036638064
MOGAT1,1,0,0.0,0.00088294665
MOGAT2,1,0,0.0,0.0023921041
MOGAT3,2,0,0.0,8.143807e-07
MOGS,4,0,0.0,0.18208988
MOK,2,0,0.0,1.5388005e-10
MON1A,1,0,0.0,0.67748237
MON1B,2,0,0.0,0.026561316
MORC2,7,0,0.0,0.0047889114
MORC3,4,0,0.0,2.0002649e-06
MORC4,5,0,0.0,0.14641711
MORF4,1,0,0.0,2.282053e-06
MORF4L1,1,0,0.0,5.812408e-05
MORF4L2,5,0,0.0,0.006221025
MORN3,2,0,0.0,1.5310352e-06
MORN5,3,0,0.0,0.5679094
MOS,1,0,0.0,1.4146773e-05
MOSPD2,2,0,0.0,0.030957466
MOSPD3,1,0,0.0,1.6723866e-06
MOV10,5,0,0.0,0.2509945
MOXD1,5,0,0.0,0.00068945426
MPDZ,4,0,0.0,0.094069496
MPEG1,6,0,0.0,0.198023
MPG,1,0,0.0,0.053124018
MPHOSPH10,2,0,0.0,5.74611e-10
MPHOSPH8,3,0,0.0,0.12645917
MPHOSPH9,4,0,0.0,0.15954265
MPIG6B,1,0,0.0,2.7657159e-06
MPO,7,0,0.0,0.011604105
MPP1,4,0,0.0,0.17562428
MPP2,1,0,0.0,0.4327601
MPP4,4,0,0.0,0.044738296
MPP5,2,0,0.0,0.40189987
MPP6,2,0,0.0,0.6443854
MPP7,7,0,0.0,0.26270318
MPPE1,5,0,0.0,0.04737687
MPRIP,3,0,0.0,0.19840814
MPZ,1,0,0.0,2.9599028e-07
MPZL1,1,0,0.0,2.25031e-06
MPZL2,1,0,0.0,2.890892e-06
MPZL3,1,0,0.0,0.72777104
MR1,3,0,0.0,0.11129191
MRAP2,1,0,0.0,0.02398368
MRAS,1,0,0.0,2.079128e-08
MRC1,14,0,0.0,0.092387386
MRC2,6,0,0.0,1.5273663e-06
MRE11,4,0,0.0,0.0008049463
MRFAP1L1,1,0,0.0,0.4859092
MRGPRD,2,0,0.0,0.34076178
MRGPRE,5,0,0.0,0.00021091939
MRGPRX1,4,0,0.0,0.34056795
MRGPRX4,5,0,0.0,0.056234322
MRM1,1,0,0.0,0.004565171
MRM2,1,0,0.0,0.00034359694
MRNIP,1,0,0.0,1.708294e-05
MRO,3,0,0.0,0.251031
MROH2B,22,0,0.0,0.08859209
MROH5,7,0,0.0,0.113738365
MROH8,4,0,0.0,0.06414033
MROH9,6,0,0.0,0.06698961
MRPL1,3,0,0.0,1.6680564e-05
MRPL11,2,0,0.0,0.3480762
MRPL14,1,0,0.0,0.09910492
MRPL15,2,0,0.0,0.00039451808
MRPL19,1,0,0.0,0.52483904
MRPL2,2,0,0.0,3.1146506e-06
MRPL20,1,0,0.0,0.66743416
MRPL24,1,0,0.0,0.00019745465
MRPL28,1,0,0.0,2.5958072e-06
MRPL3,1,0,0.0,0.0009932673
MRPL30,3,0,0.0,0.010913734
MRPL32,3,0,0.0,0.076546505
MRPL33,1,0,0.0,2.472051e-08
MRPL35,1,0,0.0,0.16021775
MRPL39,2,0,0.0,4.495596e-06
MRPL4,2,0,0.0,1.709995e-05
MRPL44,1,0,0.0,0.0044038473
MRPL45,1,0,0.0,7.377874e-05
MRPL47,4,0,0.0,0.17760535
MRPL49,2,0,0.0,2.1701712e-06
MRPL54,2,0,0.0,0.31906825
MRPL55,1,0,0.0,8.602704e-06
MRPL58,1,0,0.0,0.68198776
MRPL9,1,0,0.0,1.998599e-06
MRPS17,1,0,0.0,2.9561056e-07
MRPS17P9,1,0,0.0,5.067679e-11
MRPS22,2,0,0.0,0.12116045
MRPS30,1,0,0.0,0.7025384
MRPS35,3,0,0.0,0.20317839
MRPS5,3,0,0.0,0.018880865
MRPS7,2,0,0.0,0.00020080897
MRPS9,3,0,0.0,5.07692e-05
MRTFA,2,0,0.0,5.576208e-06
MRTFB,4,0,0.0,0.000503059
MRTO4,2,0,0.0,0.28342986
MS4A10,1,0,0.0,2.3249195e-06
MS4A14,5,0,0.0,0.00015578406
MS4A15,1,0,0.0,2.2725017e-06
MS4A3,5,0,0.0,0.0013546175
MS4A4A,2,0,0.0,2.6951247e-06
MS4A6A,4,0,0.0,0.002727469
MS4A6E,2,0,0.0,2.7554775e-06
MS4A8,4,0,0.0,3.560785e-06
MSANTD1,3,0,0.0,0.00084647356
MSANTD2,2,0,0.0,0.4382978
MSANTD3,2,0,0.0,6.429751e-09
MSANTD4,1,0,0.0,4.6352284e-07
MSC,1,0,0.0,0.6552008
MSH2,2,0,0.0,0.16816013
MSH5,5,0,0.0,0.0028090565
MSH6,10,0,0.0,0.07914042
MSI1,1,0,0.0,0.7237286
MSI2,1,0,0.0,0.7199136
MSL1,1,0,0.0,0.00082916237
MSL2,6,0,0.0,0.09815714
MSL3,4,0,0.0,7.263157e-07
MSLN,4,0,0.0,0.18734142
MSLNL,4,0,0.0,3.8391022e-07
MSN,3,0,0.0,7.532438e-11
MST1,1,0,0.0,0.107748106
MST1R,7,0,0.0,0.19090423
MSTN,1,0,0.0,0.010974561
MSTO1,1,0,0.0,2.9134158e-06
MSX1,3,0,0.0,0.037402272
MSX2,1,0,0.0,0.08440565
MT1A,2,0,0.0,0.532283
MT1B,1,0,0.0,2.8618404e-06
MT1F,1,0,0.0,1.3770436e-06
MT1H,1,0,0.0,0.46988654
MTA1,6,0,0.0,0.00021604256
MTA2,5,0,0.0,0.054477282
MTA3,3,0,0.0,0.016292723
MTAP,1,0,0.0,0.21424441
MTARC1,2,0,0.0,0.16732775
MTARC2,2,0,0.0,2.2192055e-06
MTCH2,1,0,0.0,2.7154108e-06
MTCP1,2,0,0.0,2.727292e-06
MTDH,3,0,0.0,0.050252546
MTERF1,2,0,0.0,0.34796748
MTERF2,3,0,0.0,0.1743051
MTERF3,2,0,0.0,0.0015427069
MTF1,8,0,0.0,0.16407645
MTF2,3,0,0.0,2.1547105e-06
MTFR1L,1,0,0.0,0.0010343032
MTG1,1,0,0.0,4.1379994e-10
MTHFD1,1,0,0.0,1.4814855e-05
MTHFD1L,5,0,0.0,0.1044788
MTHFR,2,0,0.0,0.3539029
MTHFSD,1,0,0.0,0.09919454
MTIF3,1,0,0.0,0.74789715
MTM1,6,0,0.0,0.10879951
MTMR1,4,0,0.0,0.10350399
MTMR11,7,0,0.0,0.38916498
MTMR12,4,0,0.0,0.18750529
MTMR3,5,0,0.0,0.16457921
MTMR7,4,0,0.0,0.0495668
MTMR9,1,0,0.0,0.038389716
MTNR1A,2,0,0.0,0.067219526
MTNR1B,6,0,0.0,0.00029462707
MTOR,9,0,0.0,0.15640725
MTPAP,1,0,0.0,0.09848915
MTR,3,0,0.0,0.3028871
MTRES1,1,0,0.0,0.71056706
MTREX,6,0,0.0,0.12581338
MTRF1,2,0,0.0,0.08874334
MTRR,2,0,0.0,0.37245974
MTSS1,2,0,0.0,0.34072334
MTTP,5,0,0.0,0.04261624
MTX1,1,0,0.0,0.49629837
MTX3,2,0,0.0,7.835975e-07
MUC13,1,0,0.0,2.699004e-06
MUC20,2,0,0.0,0.4016977
MUC21,1,0,0.0,0.03871113
MUC4,12,0,0.0,0.15982409
MUCL1,1,0,0.0,4.6046343e-06
MUS81,4,0,0.0,0.32642964
MUSK,5,0,0.0,0.18443325
MUTYH,3,0,0.0,0.006396601
MVK,3,0,0.0,8.921945e-06
MX1,4,0,0.0,0.24094376
MX2,7,0,0.0,0.17352998
MXD1,2,0,0.0,0.19932596
MXD3,1,0,0.0,2.7314518e-06
MXI1,1,0,0.0,0.7034983
MXRA7,1,0,0.0,0.7472822
MYB,2,0,0.0,0.001615555
MYBBP1A,2,0,0.0,2.2791564e-05
MYBL1,3,0,0.0,2.0373409e-07
MYBL2,2,0,0.0,0.33715343
MYBPC2,3,0,0.0,0.13858004
MYBPC3,5,0,0.0,0.05622383
MYBPH,2,0,0.0,2.3250277e-05
MYBPHL,1,0,0.0,0.44713506
MYCL,1,0,0.0,2.8099878e-06
MYCN,3,0,0.0,4.4011013e-06
MYCT1,3,0,0.0,0.011035562
MYD88,1,0,0.0,0.58824086
MYDGF,3,0,0.0,0.19832708
MYEF2,2,0,0.0,0.17537826
MYEOV,1,0,0.0,8.311302e-08
MYF5,4,0,0.0,0.14462394
MYF6,3,0,0.0,0.0009284735
MYH11,15,0,0.0,0.16647519
MYH14,7,0,0.0,0.11018704
MYH2,20,0,0.0,0.16888914
MYH9,10,0,0.0,0.07496258
MYL10,1,0,0.0,0.22041139
MYL2,2,0,0.0,2.7420706e-06
MYL3,1,0,0.0,0.013974817
MYL5,1,0,0.0,0.71108794
MYLIP,5,0,0.0,0.0004867577
MYLK3,6,0,0.0,0.0067726593
MYLK4,5,0,0.0,0.14754573
MYLPF,1,0,0.0,6.230024e-06
MYMK,1,0,0.0,1.3298194e-06
MYO15A,20,0,0.0,0.11585896
MYO18A,8,0,0.0,0.22623351
MYO18B,7,0,0.0,0.23868267
MYO1A,8,0,0.0,0.18401645
MYO1F,5,0,0.0,0.006216366
MYO1G,5,0,0.0,0.34243345
MYO1H,5,0,0.0,0.07803898
MYO3B,10,0,0.0,0.040663578
MYO5A,3,0,0.0,1.9020176e-06
MYO5B,5,0,0.0,0.37603873
MYO7A,8,0,0.0,0.16328141
MYO7B,4,0,0.0,0.003342156
MYO9A,10,0,0.0,0.12501407
MYOF,14,0,0.0,0.16862836
MYOG,1,0,0.0,6.545371e-10
MYOM1,8,0,0.0,0.07672618
MYOM3,8,0,0.0,0.08116801
MYORG,2,0,0.0,0.26620662
MYOT,1,0,0.0,0.15433984
MYOZ2,1,0,0.0,3.1075677e-05
MYOZ3,2,0,0.0,0.33010533
MYRIP,2,0,0.0,9.535728e-05
MYT1,3,0,0.0,0.19004838
MYT1L,6,0,0.0,6.729732e-05
MZF1,3,0,0.0,0.026158804
N4BP2L1,2,0,0.0,0.00073533476
N4BP2L2,6,0,0.0,0.09080968
N4BP3,5,0,0.0,0.00016123994
NAA10,1,0,0.0,0.2718897
NAA16,1,0,0.0,1.0108596e-06
NAA25,5,0,0.0,0.17175195
NAA35,2,0,0.0,1.1974142e-06
NAA60,1,0,0.0,0.7050906
NAAA,2,0,0.0,0.36044607
NAALAD2,6,0,0.0,0.083754234
NAALADL2,4,0,0.0,0.33255944
NAB1,2,0,0.0,0.33247724
NAB2,2,0,0.0,0.024478167
NABP1,2,0,0.0,1.5774266e-06
NACA,2,0,0.0,0.36508974
NACA2,1,0,0.0,0.00020938499
NACC2,2,0,0.0,4.9620974e-11
NADK,2,0,0.0,0.12614836
NADK2,3,0,0.0,0.0020375066
NADSYN1,2,0,0.0,4.3419906e-05
NAF1,5,0,0.0,0.00016458941
NAGA,5,0,0.0,0.0010260303
NAGK,3,0,0.0,0.05474266
NAGS,1,0,0.0,0.00037825547
NAIP,3,0,0.0,0.21652372
NALCN,9,0,0.0,0.14298196
NANOG,3,0,0.0,0.005133021
NANP,2,0,0.0,0.11906037
NANS,2,0,0.0,0.34802392
NAP1L1,4,0,0.0,0.14055312
NAP1L2,2,0,0.0,0.00063114625
NAP1L4,2,0,0.0,5.6523427e-06
NAP1L5,1,0,0.0,6.944895e-06
NAPA,1,0,0.0,0.74329954
NAPB,1,0,0.0,0.00093522185
NAPEPLD,1,0,0.0,2.7461776e-06
NAPG,1,0,0.0,0.51441497
NAPSA,1,0,0.0,4.8761365e-07
NARS1,4,0,0.0,0.30898985
NARS2,2,0,0.0,3.339128e-06
NASP,1,0,0.0,0.08747032
NAT1,1,0,0.0,0.27618438
NAT10,1,0,0.0,0.24420477
NAT8,1,0,0.0,8.36447e-06
NAT9,3,0,0.0,0.040308554
NAV1,7,0,0.0,0.045391265
NBAS,12,0,0.0,0.0347133
NBEA,9,0,0.0,0.14069629
NBEAL1,4,0,0.0,0.0015396945
NBEAL2,6,0,0.0,0.011300727
NBPF10,2,0,0.0,5.208656e-05
NBPF11,1,0,0.0,4.823756e-07
NBPF15,2,0,0.0,0.0036204897
NBPF26,6,0,0.0,0.0437011
NBPF9,1,0,0.0,0.0713922
NBR1,3,0,0.0,0.000529073
NCALD,2,0,0.0,1.80659e-05
NCAM1,7,0,0.0,4.6647438e-06
NCAN,6,0,0.0,0.07443061
NCAPD2,2,0,0.0,2.4296924e-06
NCAPD3,6,0,0.0,0.08548295
NCAPG,3,0,0.0,0.24769433
NCAPG2,7,0,0.0,0.29731613
NCAPH,2,0,0.0,0.5535122
NCAPH2,3,0,0.0,0.08631606
NCBP1,1,0,0.0,0.5627026
NCBP2,2,0,0.0,0.0036514637
NCBP3,1,0,0.0,2.744811e-06
NCCRP1,1,0,0.0,5.504251e-06
NCDN,5,0,0.0,1.9186962e-06
NCEH1,3,0,0.0,0.009978438
NCF2,2,0,0.0,5.828254e-06
NCKAP1,3,0,0.0,0.007673357
NCKAP1L,15,0,0.0,0.036242474
NCKAP5,5,0,0.0,0.0063207382
NCKAP5L,2,0,0.0,0.05466722
NCKIPSD,4,0,0.0,0.1964163
NCLN,2,0,0.0,4.12623e-08
NCOA1,5,0,0.0,0.1568885
NCOA2,5,0,0.0,0.36007756
NCOA4,1,0,0.0,0.1878463
NCOA5,5,0,0.0,0.14517914
NCOA7,6,0,0.0,0.3340713
NCOR1,12,0,0.0,0.028143434
NCR1,4,0,0.0,2.3909839e-05
NCR2,1,0,0.0,6.0161838e-06
NCSTN,2,0,0.0,0.0007070321
NDC80,1,0,0.0,2.6883608e-06
NDE1,1,0,0.0,3.2139108e-06
NDEL1,1,0,0.0,2.9860234e-07
NDFIP1,2,0,0.0,0.3461387
NDN,8,0,0.0,0.03831352
NDNF,3,0,0.0,0.038580608
NDOR1,1,0,0.0,0.28623855
NDP,1,0,0.0,6.000323e-05
NDRG1,4,0,0.0,0.3364128
NDRG2,2,0,0.0,0.23547992
NDRG3,1,0,0.0,0.56423736
NDRG4,2,0,0.0,5.363754e-06
NDST2,4,0,0.0,0.11533887
NDST3,4,0,0.0,0.22394484
NDST4,12,0,0.0,0.17059766
NDUFA10,3,0,0.0,2.910945e-06
NDUFA3,3,0,0.0,0.26478738
NDUFA4L2,1,0,0.0,3.4678746e-06
NDUFA5,1,0,0.0,0.7261025
NDUFA9,1,0,0.0,0.1163333
NDUFAF1,1,0,0.0,2.9225962e-06
NDUFAF2,1,0,0.0,0.72640765
NDUFAF4,1,0,0.0,0.00024233124
NDUFAF5,2,0,0.0,7.103276e-06
NDUFAF6,2,0,0.0,0.27700397
NDUFB1,2,0,0.0,1.6752403e-09
NDUFB11,1,0,0.0,1.4055755e-06
NDUFB6,1,0,0.0,0.13253678
NDUFS4,1,0,0.0,0.5827436
NDUFS7,3,0,0.0,0.24148329
NDUFV1,4,0,0.0,0.076313086
NDUFV2,1,0,0.0,1.1037543e-10
NDUFV3,3,0,0.0,1.9522756e-06
NEB,26,0,0.0,0.040140245
NEBL-AS1,2,0,0.0,1.715066e-06
NECAB1,4,0,0.0,0.18553072
NECAP2,2,0,0.0,1.3263708e-06
NECTIN1,2,0,0.0,0.2903925
NECTIN2,3,0,0.0,0.04038788
NECTIN3,3,0,0.0,0.19206761
NECTIN4,5,0,0.0,2.0466583e-05
NEDD1,2,0,0.0,3.154382e-07
NEDD4,6,0,0.0,0.016122865
NEDD4L,6,0,0.0,0.23421271
NEDD9,2,0,0.0,0.37459496
NEFH,2,0,0.0,1.10210716e-10
NEFL,4,0,0.0,0.00011544805
NEGR1,6,0,0.0,0.186705
NEIL1,2,0,0.0,1.6462753e-05
NEIL2,1,0,0.0,0.020461127
NEIL3,3,0,0.0,0.059255455
NEK11,1,0,0.0,0.67444295
NEK2,3,0,0.0,0.15248139
NEK3,5,0,0.0,1.147985e-06
NEK4,2,0,0.0,0.12452661
NEK5,2,0,0.0,0.11606764
NEK6,5,0,0.0,0.022157073
NEK8,2,0,0.0,0.3719343
NEK9,2,0,0.0,0.1307303
NELFA,2,0,0.0,0.0010677465
NELFCD,2,0,0.0,0.28098565
NELL1,8,0,0.0,0.024800861
NELL2,5,0,0.0,5.9092868e-06
NEMF,5,0,0.0,0.12539747
NEMP1,2,0,0.0,0.24873321
NEO1,3,0,0.0,0.102856874
NEPRO,3,0,0.0,0.12509494
NET1,1,0,0.0,0.00024294104
NETO2,3,0,0.0,0.24190968
NEU1,3,0,0.0,0.25749803
NEU3,1,0,0.0,0.20877309
NEU4,3,0,0.0,1.0387287e-06
NEURL1,2,0,0.0,0.1575637
NEURL2,1,0,0.0,5.767848e-06
NEURL4,6,0,0.0,0.14442872
NEUROD2,1,0,0.0,4.5876095e-07
NEUROG2,4,0,0.0,0.056256328
NEXMIF,5,0,0.0,0.08891198
NF2,4,0,0.0,0.07432585
NFAM1,2,0,0.0,8.194422e-05
NFATC2IP,2,0,0.0,0.0006700904
NFATC4,6,0,0.0,0.06465281
NFE2L2,2,0,0.0,0.0013820472
NFE2L3,4,0,0.0,0.33581424
NFIB,7,0,0.0,0.09922627
NFIC,2,0,0.0,0.7362062
NFIL3,3,0,0.0,0.2507694
NFKB2,3,0,0.0,1.3517221e-07
NFKBIA,2,0,0.0,0.00096446223
NFKBIB,2,0,0.0,6.470305e-05
NFKBIE,1,0,0.0,5.657033e-06
NFKBIL1,1,0,0.0,1.8451436e-10
NFKBIZ,2,0,0.0,0.004660146
NFS1,1,0,0.0,2.7054025e-06
NFX1,7,0,0.0,0.0010206214
NFXL1,4,0,0.0,0.0988876
NFYB,1,0,0.0,0.00084819424
NGDN,1,0,0.0,0.0037500048
NGEF,1,0,0.0,0.34823698
NGF,5,0,0.0,0.0095163435
NGFR,2,0,0.0,0.00016063795
NGLY1,3,0,0.0,0.072941534
NHEJ1,1,0,0.0,2.9396672e-06
NHLRC1,3,0,0.0,0.0009403228
NHLRC2,5,0,0.0,0.22779289
NHLRC3,1,0,0.0,0.56441295
NHS,7,0,0.0,0.11823683
NHSL2,1,0,0.0,2.743934e-06
NIBAN1,4,0,0.0,0.0015306991
NIBAN3,1,0,0.0,2.8672957e-06
NID1,5,0,0.0,0.064579085
NID2,3,0,0.0,0.032885145
NIF3L1,2,0,0.0,0.22627479
NIM1K,5,0,0.0,0.24649648
NIN,8,0,0.0,0.023739362
NINJ1,1,0,0.0,4.8912194e-09
NINJ2,1,0,0.0,0.593727
NINL,4,0,0.0,0.07106551
NIP7,1,0,0.0,0.6729347
NIPA1,3,0,0.0,0.00543787
NIPAL1,1,0,0.0,2.7969196e-07
NIPAL3,2,0,0.0,0.22674678
NIPAL4,5,0,0.0,0.065471366
NIPSNAP3A,1,0,0.0,0.021877471
NISCH,7,0,0.0,0.0004809478
NIT2,4,0,0.0,0.051697623
NKAIN1,2,0,0.0,0.005491596
NKAIN2,3,0,0.0,0.0007819817
NKAP,2,0,0.0,0.0001291403
NKAPL,4,0,0.0,0.0040022945
NKD1,1,0,0.0,8.454316e-09
NKD2,3,0,0.0,0.30179977
NKG7,1,0,0.0,0.0014780161
NKIRAS1,3,0,0.0,0.21870464
NKIRAS2,1,0,0.0,0.7235383
NKRF,1,0,0.0,2.2061218e-05
NKTR,6,0,0.0,0.0015814729
NKX2-1,1,0,0.0,1.6701712e-07
NKX2-3,1,0,0.0,0.00031858217
NKX3-1,1,0,0.0,3.999022e-06
NKX3-2,1,0,0.0,5.053633e-07
NKX6-1,1,0,0.0,9.289957e-10
NLGN3,2,0,0.0,0.00087870227
NLGN4X,4,0,0.0,0.003951975
NLK,1,0,0.0,0.0061154217
NLRC3,2,0,0.0,0.013770556
NLRC4,6,0,0.0,0.015550725
NLRC5,5,0,0.0,0.019032862
NLRP14,5,0,0.0,0.18746312
NLRP6,2,0,0.0,0.2505744
NLRP8,12,0,0.0,0.10695117
NLRP9,9,0,0.0,5.6492347e-05
NLRX1,4,0,0.0,0.013840245
NMBR,7,0,0.0,0.05836024
NMD3,2,0,0.0,0.6524062
NME4,1,0,0.0,0.20698683
NME5,1,0,0.0,0.5511244
NMNAT2,2,0,0.0,0.28665516
NMNAT3,1,0,0.0,0.001525248
NMS,2,0,0.0,0.14575596
NMT2,5,0,0.0,0.050012458
NMUR1,2,0,0.0,1.5167046e-05
NMUR2,7,0,0.0,0.013743869
NNMT,1,0,0.0,0.26784444
NNT,1,0,0.0,0.24771231
NOA1,1,0,0.0,0.6421927
NOC2L,5,0,0.0,0.18161406
NOC3L,3,0,0.0,0.0144193405
NOC4L,1,0,0.0,0.00025074987
NOD2,3,0,0.0,0.24458434
NOL10,1,0,0.0,6.2581065e-11
NOL11,2,0,0.0,1.7833175e-06
NOL3,1,0,0.0,7.660519e-07
NOL4L,2,0,0.0,5.7714805e-11
NOL6,6,0,0.0,3.8125536e-06
NOL8,6,0,0.0,0.027367875
NOL9,1,0,0.0,0.0008457537
NOMO1,2,0,0.0,1.3705886e-06
NOMO3,2,0,0.0,0.2974468
NONO,4,0,0.0,4.890894e-06
NOP2,3,0,0.0,0.000117587195
NOP53,2,0,0.0,0.017461933
NOP56,3,0,0.0,0.27970213
NOP58,1,0,0.0,6.086805e-05
NOP9,1,0,0.0,4.0691706e-05
NOS1AP,3,0,0.0,0.17492604
NOS3,6,0,0.0,0.12569955
NOTCH3,10,0,0.0,0.07389963
NOTCH4,9,0,0.0,0.08206773
NOTUM,1,0,0.0,0.64982027
NOX1,3,0,0.0,0.23177676
NOX3,5,0,0.0,2.2062156e-06
NOX4,7,0,0.0,0.0033022885
NOX5,5,0,0.0,0.34564573
NOXA1,1,0,0.0,2.9455198e-09
NOXRED1,1,0,0.0,1.3795416e-10
NPAP1,17,0,0.0,0.050279338
NPAS2,6,0,0.0,0.0043183607
NPAS3,3,0,0.0,0.06333586
NPAT,4,0,0.0,0.063890085
NPBWR1,4,0,0.0,0.18624349
NPBWR2,3,0,0.0,0.0017283126
NPC1,5,0,0.0,0.11007042
NPC1L1,8,0,0.0,0.10125623
NPEPL1,1,0,0.0,6.003662e-08
NPFFR1,3,0,0.0,2.5640564e-05
NPFFR2,5,0,0.0,0.1737092
NPHP3,3,0,0.0,0.059394855
NPHP4,5,0,0.0,0.05957792
NPHS1,11,0,0.0,0.11010444
NPHS2,3,0,0.0,0.1784662
NPL,1,0,0.0,0.011570332
NPLOC4,4,0,0.0,0.082517385
NPM1,1,0,0.0,2.1885679e-05
NPNT,2,0,0.0,0.0031757785
NPRL2,4,0,0.0,0.13751763
NPRL3,2,0,0.0,0.0005224898
NPTN,1,0,0.0,5.4724014e-06
NPTX1,4,0,0.0,0.04702114
NPY1R,1,0,0.0,0.0010665064
NPY4R,3,0,0.0,0.23603164
NPY5R,9,0,0.0,0.06656006
NQO2,2,0,0.0,0.14501643
NR0B1,1,0,0.0,1.1753027e-05
NR0B2,2,0,0.0,0.0070084822
NR1D1,2,0,0.0,1.2256068e-05
NR1H2,1,0,0.0,0.05317785
NR1H3,3,0,0.0,0.0064191404
NR1I2,1,0,0.0,0.63194484
NR2C1,4,0,0.0,3.6086622e-06
NR2C2,5,0,0.0,0.14893685
NR2E1,1,0,0.0,2.3723237e-09
NR2E3,1,0,0.0,1.5570368e-09
NR2F6,2,0,0.0,0.16720067
NR3C2,9,0,0.0,0.29596302
NR4A1,5,0,0.0,1.1826807e-05
NR4A2,2,0,0.0,0.30433524
NR4A3,5,0,0.0,0.10277156
NR5A1,3,0,0.0,9.051905e-07
NR5A2,2,0,0.0,2.713452e-06
NR6A1,1,0,0.0,4.2612962e-07
NRAP,5,0,0.0,0.31535488
NRAS,5,0,0.0,4.6106983e-05
NRCAM,5,0,0.0,0.24704662
NRDC,9,0,0.0,0.16101307
NRDE2,5,0,0.0,0.111947216
NREP,1,0,0.0,5.535347e-05
NRF1,3,0,0.0,0.20432426
NRG1,8,0,0.0,0.28478727
NRG2,1,0,0.0,0.54501283
NRG4,1,0,0.0,0.017581314
NRIP2,1,0,0.0,2.9119158e-06
NRIP3,1,0,0.0,3.5210612e-06
NRM,1,0,0.0,2.7415329e-06
NRN1,2,0,0.0,5.941866e-08
NRN1L,1,0,0.0,7.2770613e-06
NRP2,8,0,0.0,0.008006099
NRROS,3,0,0.0,0.049002495
NRSN2,3,0,0.0,1.0279699e-06
NRXN2,7,0,0.0,0.020672446
NSD2,7,0,0.0,0.07693783
NSDHL,1,0,0.0,0.014363833
NSF,2,0,0.0,0.00016452669
NSFL1C,4,0,0.0,6.434327e-07
NSG1,1,0,0.0,1.1441732e-06
NSG2,1,0,0.0,0.5312608
NSMAF,6,0,0.0,0.2373761
NSMCE1,2,0,0.0,0.0069167116
NSMCE2,2,0,0.0,0.0029637627
NSRP1,3,0,0.0,0.1881816
NSUN3,1,0,0.0,3.808165e-06
NSUN5,4,0,0.0,0.08588018
NSUN6,1,0,0.0,7.1348886e-06
NSUN7,5,0,0.0,0.17536764
NT5C,1,0,0.0,0.54135096
NT5C1A,5,0,0.0,0.04103245
NT5C1B,5,0,0.0,0.14830735
NT5C1B-RDH14,1,0,0.0,5.5818887e-06
NT5C3A,1,0,0.0,0.675222
NT5DC2,3,0,0.0,1.4360936e-06
NT5DC3,1,0,0.0,0.090880245
NTAN1,1,0,0.0,0.004111118
NTAQ1,5,0,0.0,0.10655423
NTF4,1,0,0.0,2.690523e-06
NTM,2,0,0.0,0.18749323
NTN1,3,0,0.0,4.8281813e-06
NTN4,6,0,0.0,0.0025573273
NTPCR,1,0,0.0,0.31000468
NTRK1,4,0,0.0,0.12255463
NTRK2,2,0,0.0,0.25027826
NTRK3,8,0,0.0,0.013748505
NUAK1,5,0,0.0,0.13523123
NUBP1,2,0,0.0,1.3779215e-06
NUBPL,2,0,0.0,0.0030542493
NUCB2,2,0,0.0,0.0072066216
NUDC,4,0,0.0,0.15938152
NUDCD1,2,0,0.0,0.28365603
NUDCD2,2,0,0.0,0.36382377
NUDT1,1,0,0.0,0.17325854
NUDT11,2,0,0.0,0.033393797
NUDT12,2,0,0.0,0.19399467
NUDT13,1,0,0.0,0.0002578741
NUDT14,1,0,0.0,1.1174841e-06
NUDT19,2,0,0.0,0.0054859687
NUDT2,1,0,0.0,5.9942327e-06
NUDT21,4,0,0.0,0.18659012
NUDT7,1,0,0.0,0.5933608
NUF2,4,0,0.0,0.058418553
NUFIP1,2,0,0.0,0.28039214
NUFIP2,1,0,0.0,0.5956285
NUGGC,1,0,0.0,0.6581501
NUMA1,7,0,0.0,0.1307536
NUMBL,1,0,0.0,1.9987835e-12
NUP107,4,0,0.0,0.1331921
NUP133,5,0,0.0,0.14222644
NUP153,9,0,0.0,0.0700051
NUP155,5,0,0.0,0.17451143
NUP210,7,0,0.0,0.040410332
NUP37,1,0,0.0,0.16636829
NUP43,2,0,0.0,0.005934549
NUP54,3,0,0.0,0.29882815
NUP58,2,0,0.0,0.0092139
NUP62,3,0,0.0,0.00013598443
NUP62CL,2,0,0.0,0.32884762
NUP85,3,0,0.0,5.7209727e-06
NUP93,2,0,0.0,0.13228911
NUP98,9,0,0.0,0.19426906
NUTM1,9,0,0.0,0.007896739
NUTM2A,1,0,0.0,0.58360577
NUTM2D,2,0,0.0,0.34073082
NUTM2F,1,0,0.0,5.4552793e-06
NUTM2G,1,0,0.0,0.73965037
NVL,4,0,0.0,0.0074633597
NWD1,17,0,0.0,0.08194797
NXF1,4,0,0.0,2.360666e-06
NXF3,7,0,0.0,0.17842677
NXF5,2,0,0.0,0.00017927287
NXN,7,0,0.0,0.10704835
NXNL1,2,0,0.0,0.00034601963
NXPE1,1,0,0.0,0.0077267047
NXPE4,5,0,0.0,0.10612545
NXPH1,4,0,0.0,0.35166398
NXPH2,2,0,0.0,0.06993677
NXPH3,1,0,0.0,2.717478e-06
NYAP2,13,0,0.0,0.0074954103
NYNRIN,7,0,0.0,0.00404202
NYX,1,0,0.0,0.013294363
OAF,2,0,0.0,0.31233022
OAS1,1,0,0.0,8.9149034e-07
OAS2,6,0,0.0,0.35746598
OAS3,3,0,0.0,0.16707815
OASL,3,0,0.0,0.43469408
OAT,1,0,0.0,0.020798216
OAZ1,1,0,0.0,0.00069711066
OAZ3,1,0,0.0,1.3820872e-08
OBI1,2,0,0.0,0.0023965975
OBP2B,2,0,0.0,0.00012884621
OBSL1,3,0,0.0,0.010171889
OCA2,7,0,0.0,0.015851948
OCIAD1,5,0,0.0,0.2540079
OCLN,4,0,0.0,0.13412653
OCM2,3,0,0.0,0.20988439
OCRL,5,0,0.0,0.1242709
ODAM,2,0,0.0,7.203596e-05
ODC1,2,0,0.0,0.1609805
ODF1,2,0,0.0,8.084628e-05
ODF2L,6,0,0.0,0.00065130973
ODF3L2,1,0,0.0,0.0054365
ODF4,3,0,0.0,1.5856355e-06
ODR4,1,0,0.0,1.10243724e-10
OFCC1,2,0,0.0,0.00035946537
OFD1,5,0,0.0,0.07532829
OGA,5,0,0.0,5.536879e-06
OGDHL,8,0,0.0,0.0717437
OGFOD1,2,0,0.0,0.015061132
OGFOD2,1,0,0.0,0.35317856
OGFRL1,1,0,0.0,1.7332612e-08
OGG1,6,0,0.0,0.0007063036
OGT,5,0,0.0,0.032194216
OIT3,3,0,0.0,0.23249756
OLA1,1,0,0.0,0.41649428
OLAH,1,0,0.0,8.164189e-06
OLFM1,3,0,0.0,0.0012541934
OLFM2,1,0,0.0,7.6595425e-06
OLFM4,4,0,0.0,0.047621664
OLFML1,3,0,0.0,0.20883954
OLFML2A,4,0,0.0,0.05112876
OLFML3,2,0,0.0,0.00404591
OLIG2,1,0,0.0,1.1861575e-05
OLR1,5,0,0.0,2.4246829e-06
OMA1,2,0,0.0,0.3662442
OMD,1,0,0.0,2.519445e-10
OMG,1,0,0.0,2.745853e-06
ONECUT1,1,0,0.0,4.116787e-08
ONECUT2,6,0,0.0,0.023353241
OPA3,2,0,0.0,0.3258574
OPALIN,1,0,0.0,0.009548476
OPCML,4,0,0.0,0.00095572905
OPLAH,4,0,0.0,0.009012665
OPN1LW,3,0,0.0,0.0025100135
OPN1MW,1,0,0.0,5.2205487e-06
OPN1SW,6,0,0.0,0.22512758
OPN4,2,0,0.0,3.5294838e-06
OPRD1,2,0,0.0,3.6286173e-07
OPRL1,4,0,0.0,0.16659608
OPRM1,4,0,0.0,0.15347718
OPRPN,3,0,0.0,1.0019551e-05
OPTN,2,0,0.0,0.056501374
OR10A3,6,0,0.0,0.047047686
OR10A4,2,0,0.0,0.32711813
OR10A6,2,0,0.0,0.25021625
OR10AG1,5,0,0.0,0.22680524
OR10C1,4,0,0.0,7.032293e-05
OR10G2,3,0,0.0,3.0246892e-05
OR10G3,1,0,0.0,0.0016579776
OR10G4,2,0,0.0,0.40626773
OR10G7,1,0,0.0,0.04690659
OR10G8,3,0,0.0,9.229131e-07
OR10G9,4,0,0.0,0.1873793
OR10H2,1,0,0.0,7.400856e-09
OR10H4,3,0,0.0,0.0094202
OR10J1,1,0,0.0,0.57359236
OR10J3,3,0,0.0,0.14623983
OR10K2,2,0,0.0,0.054519404
OR10Q1,2,0,0.0,2.8810438e-05
OR10R2,4,0,0.0,0.09833521
OR10S1,4,0,0.0,0.22654712
OR10T2,1,0,0.0,0.0013886079
OR10V1,4,0,0.0,0.12334116
OR10W1,7,0,0.0,0.105782054
OR11A1,2,0,0.0,4.39339e-09
OR11G2,7,0,0.0,0.351995
OR11H1,2,0,0.0,0.00089689234
OR11H12,3,0,0.0,0.44474447
OR11H6,4,0,0.0,0.14128722
OR11L1,1,0,0.0,3.1421482e-08
OR12D2,3,0,0.0,0.26140276
OR12D3,2,0,0.0,0.0014276989
OR13A1,3,0,0.0,2.8662682e-06
OR13C2,2,0,0.0,0.19497798
OR13C3,3,0,0.0,0.24818318
OR13C4,1,0,0.0,0.66325146
OR13D1,3,0,0.0,0.13524573
OR13F1,3,0,0.0,0.0013521739
OR13H1,2,0,0.0,0.0013131982
OR13J1,1,0,0.0,2.6125706e-05
OR14A16,4,0,0.0,0.11747021
OR14I1,3,0,0.0,3.3215485e-06
OR14J1,6,0,0.0,0.107190765
OR1A1,2,0,0.0,0.006525876
OR1B1,2,0,0.0,5.3015956e-09
OR1C1,2,0,0.0,0.00059880834
OR1D2,2,0,0.0,0.00073018513
OR1D5,3,0,0.0,0.24526156
OR1F1,2,0,0.0,4.2225947e-06
OR1G1,5,0,0.0,0.12032394
OR1I1,3,0,0.0,4.3497454e-05
OR1J4,2,0,0.0,1.10613366e-10
OR1L1,4,0,0.0,0.17918104
OR1L3,2,0,0.0,3.9820872e-05
OR1L4,2,0,0.0,0.4873317
OR1L8,2,0,0.0,5.2892597e-06
OR1M1,4,0,0.0,0.14898829
OR1N2,2,0,0.0,0.00040766044
OR1S2,1,0,0.0,3.7651346e-06
OR2A1,5,0,0.0,0.15213828
OR2A12,5,0,0.0,0.34539887
OR2A14,3,0,0.0,0.003897033
OR2A2,3,0,0.0,0.34518525
OR2A4,1,0,0.0,0.055570018
OR2A42,2,0,0.0,4.4907474e-06
OR2A5,1,0,0.0,0.73385423
OR2A7,8,0,0.0,0.42130142
OR2AG2,2,0,0.0,0.7269059
OR2AK2,1,0,0.0,4.0965156e-06
OR2B11,1,0,0.0,1.27649e-07
OR2B2,1,0,0.0,0.00027308773
OR2B3,3,0,0.0,0.0437848
OR2B6,2,0,0.0,0.099317245
OR2C1,2,0,0.0,0.21763238
OR2C3,4,0,0.0,4.010549e-05
OR2D2,3,0,0.0,0.044930574
OR2F1,3,0,0.0,0.3298032
OR2F2,4,0,0.0,0.19076908
OR2G3,1,0,0.0,0.7107453
OR2G6,6,0,0.0,0.14536697
OR2H1,7,0,0.0,0.09354713
OR2J2,2,0,0.0,0.000235122
OR2J3,4,0,0.0,0.039416425
OR2K2,3,0,0.0,0.17591803
OR2L2,3,0,0.0,0.19393444
OR2L3,3,0,0.0,0.23889242
OR2L8,4,0,0.0,0.0025064982
OR2M3,5,0,0.0,0.10249281
OR2M4,6,0,0.0,0.108120084
OR2M5,4,0,0.0,0.31825554
OR2M7,1,0,0.0,4.6207522e-05
OR2S2,2,0,0.0,5.5284887e-05
OR2T1,4,0,0.0,0.510227
OR2T10,3,0,0.0,0.2269059
OR2T11,2,0,0.0,0.060298394
OR2T2,4,0,0.0,0.059008
OR2T27,4,0,0.0,0.31634843
OR2T3,7,0,0.0,0.14313376
OR2T34,3,0,0.0,0.000111880596
OR2T35,1,0,0.0,5.4051896e-10
OR2T6,9,0,0.0,0.014497285
OR2T8,1,0,0.0,3.080105e-07
OR2U1P,1,0,0.0,0.5291415
OR2W3,10,0,0.0,0.041218597
OR2W5,6,0,0.0,0.0026377367
OR2Y1,9,0,0.0,0.22062619
OR2Z1,6,0,0.0,0.12470165
OR4A15,3,0,0.0,0.0072067375
OR4A47,6,0,0.0,0.0069681094
OR4A5,3,0,0.0,0.43936777
OR4B1,2,0,0.0,2.4879314e-06
OR4C11,3,0,0.0,9.083871e-07
OR4C12,4,0,0.0,0.023942307
OR4C13,2,0,0.0,0.01686947
OR4C16,9,0,0.0,0.16441035
OR4C3,3,0,0.0,0.0003550805
OR4C46,2,0,0.0,4.829281e-06
OR4C6,4,0,0.0,0.060980894
OR4D11,2,0,0.0,0.37019116
OR4D2,3,0,0.0,2.857307e-06
OR4D5,7,0,0.0,0.00013902786
OR4D6,4,0,0.0,0.17253684
OR4D9,2,0,0.0,2.9748491e-05
OR4E2,2,0,0.0,0.001277257
OR4F15,1,0,0.0,0.3821988
OR4F17,1,0,0.0,0.09411884
OR4K1,2,0,0.0,0.28056794
OR4K13,4,0,0.0,0.00013312572
OR4K14,2,0,0.0,0.12561242
OR4K17,2,0,0.0,0.01343338
OR4K5,5,0,0.0,0.10683845
OR4L1,5,0,0.0,0.0021070188
OR4M1,5,0,0.0,0.12695609
OR4N2,4,0,0.0,0.1679329
OR4N5,3,0,0.0,0.00011081694
OR4P4,6,0,0.0,0.016441725
OR4Q3,4,0,0.0,0.081094645
OR4S1,1,0,0.0,5.3730935e-07
OR4X1,2,0,0.0,5.720097e-06
OR4X2,8,0,0.0,0.09000039
OR51A7,1,0,0.0,6.9361914e-07
OR51B2,1,0,0.0,0.018086337
OR51B4,2,0,0.0,0.004000071
OR51B5,2,0,0.0,0.37334898
OR51B6,2,0,0.0,0.23720053
OR51D1,5,0,0.0,0.05307998
OR51E1,4,0,0.0,0.028222198
OR51E2,6,0,0.0,0.33657503
OR51F2,2,0,0.0,2.9913602e-07
OR51G1,6,0,0.0,7.650627e-06
OR51G2,4,0,0.0,0.032770637
OR51I2,1,0,0.0,2.6948755e-06
OR51L1,4,0,0.0,0.0548618
OR51M1,5,0,0.0,0.06831921
OR51S1,6,0,0.0,0.09964793
OR51T1,5,0,0.0,1.0356108e-05
OR51V1,1,0,0.0,6.882749e-05
OR52A1,2,0,0.0,0.09129955
OR52A4P,1,0,0.0,0.0010659543
OR52B2,3,0,0.0,0.06394646
OR52B4,1,0,0.0,0.7465522
OR52B6,6,0,0.0,0.1244629
OR52D1,5,0,0.0,0.079677336
OR52E2,3,0,0.0,5.649161e-05
OR52E4,5,0,0.0,0.11774979
OR52E6,2,0,0.0,1.8103458e-06
OR52H1,4,0,0.0,0.0066335564
OR52I1,1,0,0.0,0.011453955
OR52I2,3,0,0.0,0.24696948
OR52J3,7,0,0.0,0.027885865
OR52K1,3,0,0.0,0.22625063
OR52K2,4,0,0.0,6.000583e-05
OR52L1,3,0,0.0,0.345427
OR52N2,1,0,0.0,3.6555288e-05
OR52N4,4,0,0.0,7.693801e-05
OR52N5,2,0,0.0,0.004431156
OR52R1,8,0,0.0,0.057956018
OR52W1,2,0,0.0,0.016887005
OR56A1,2,0,0.0,0.58794343
OR56A3,2,0,0.0,6.580528e-05
OR56A4,5,0,0.0,0.26997727
OR56B1,1,0,0.0,0.00014408816
OR56B4,1,0,0.0,8.671147e-05
OR5A1,7,0,0.0,0.039485365
OR5A2,1,0,0.0,0.5732336
OR5AC2,4,0,0.0,0.00023513526
OR5AK2,3,0,0.0,0.00021754176
OR5AN1,5,0,0.0,0.1400377
OR5AP2,1,0,0.0,0.7310935
OR5AS1,3,0,0.0,2.3898908e-06
OR5AU1,3,0,0.0,0.191112
OR5B12,2,0,0.0,0.009830308
OR5B2,1,0,0.0,0.0036663502
OR5B21,1,0,0.0,0.34612882
OR5B3,2,0,0.0,0.3338231
OR5C1,3,0,0.0,0.09477905
OR5D13,15,0,0.0,0.15655152
OR5D14,5,0,0.0,0.035156302
OR5D18,11,0,0.0,0.105735034
OR5F1,3,0,0.0,0.21456484
OR5H1,7,0,0.0,0.07481421
OR5H14,3,0,0.0,5.73016e-07
OR5H15,1,0,0.0,0.7421545
OR5H6,4,0,0.0,0.0042324066
OR5I1,7,0,0.0,0.011461323
OR5K1,7,0,0.0,0.00020036437
OR5K3,4,0,0.0,3.052228e-05
OR5K4,9,0,0.0,0.03444722
OR5L2,4,0,0.0,0.00020886597
OR5M1,3,0,0.0,0.10883271
OR5M10,2,0,0.0,0.032148965
OR5M11,3,0,0.0,2.787626e-06
OR5M3,2,0,0.0,2.8164086e-06
OR5M8,4,0,0.0,0.16564001
OR5P2,6,0,0.0,0.0038994628
OR5P3,2,0,0.0,0.17705317
OR5T1,2,0,0.0,0.3120368
OR5T3,6,0,0.0,0.32477227
OR5V1,1,0,0.0,8.647144e-05
OR5W2,13,0,0.0,0.07336072
OR6B1,4,0,0.0,0.16630541
OR6B2,2,0,0.0,0.30757827
OR6C1,6,0,0.0,0.11131954
OR6C2,1,0,0.0,0.00026890117
OR6C3,4,0,0.0,0.43351665
OR6C4,3,0,0.0,0.06701163
OR6C6,3,0,0.0,0.45734024
OR6C65,3,0,0.0,9.322455e-06
OR6C68,1,0,0.0,2.477844e-06
OR6C70,3,0,0.0,0.18710881
OR6C74,1,0,0.0,3.4560682e-05
OR6C75,3,0,0.0,0.0018090402
OR6F1,4,0,0.0,4.5550123e-06
OR6K2,5,0,0.0,9.647036e-06
OR6K3,2,0,0.0,0.64659953
OR6K6,1,0,0.0,2.7166905e-06
OR6N1,3,0,0.0,0.0020455064
OR6N2,3,0,0.0,0.0008930247
OR6Q1,3,0,0.0,0.06251123
OR6S1,2,0,0.0,1.344593e-09
OR6V1,3,0,0.0,0.07055376
OR6X1,1,0,0.0,0.23344825
OR6Y1,3,0,0.0,0.18583293
OR7A5,2,0,0.0,0.7355312
OR7C1,3,0,0.0,1.9886375e-06
OR7C2,2,0,0.0,0.18321714
OR7D4,2,0,0.0,0.64437807
OR7E24,2,0,0.0,0.047612894
OR7G2,7,0,0.0,0.13031343
OR7G3,5,0,0.0,0.019900095
OR8A1,4,0,0.0,0.16519688
OR8B2,2,0,0.0,0.2502216
OR8B4,1,0,0.0,2.6821226e-06
OR8D1,4,0,0.0,9.487108e-05
OR8D4,3,0,0.0,0.0071068313
OR8G1,3,0,0.0,1.9114598e-06
OR8G2P,4,0,0.0,0.12832004
OR8G5,3,0,0.0,0.3877469
OR8H2,5,0,0.0,0.15260121
OR8H3,5,0,0.0,0.018486815
OR8I2,6,0,0.0,0.09241567
OR8J1,1,0,0.0,2.7414046e-06
OR8J3,4,0,0.0,0.0010743144
OR8K1,5,0,0.0,0.10426764
OR8S1,4,0,0.0,0.104832746
OR8U1,3,0,0.0,0.67086124
OR9A4,4,0,0.0,0.29510605
OR9G1,6,0,0.0,0.61139035
OR9G4,6,0,0.0,3.0321798e-05
OR9I1,2,0,0.0,0.31433234
OR9Q2,2,0,0.0,0.123765856
ORAI2,1,0,0.0,0.0005554929
ORAI3,1,0,0.0,1.1639095e-08
ORC2,2,0,0.0,0.001542444
ORC3,3,0,0.0,0.058707595
ORC5,3,0,0.0,0.22375996
ORC6,1,0,0.0,2.6762586e-06
ORM2,2,0,0.0,2.5257776e-07
ORMDL2,1,0,0.0,0.087495744
ORMDL3,1,0,0.0,0.33915994
OS9,1,0,0.0,0.0018094574
OSBP,4,0,0.0,0.050833598
OSBP2,7,0,0.0,0.27314323
OSBPL10,4,0,0.0,0.0014781643
OSBPL11,2,0,0.0,0.040921986
OSBPL1A,5,0,0.0,0.13746859
OSBPL2,1,0,0.0,8.453637e-06
OSBPL5,1,0,0.0,0.22763346
OSBPL6,4,0,0.0,9.72996e-05
OSBPL7,1,0,0.0,0.006823011
OSBPL8,8,0,0.0,0.023628335
OSBPL9,1,0,0.0,0.6542645
OSCAR,1,0,0.0,4.7422992e-07
OSER1,3,0,0.0,0.52010316
OSGEP,2,0,0.0,0.01208595
OSGIN1,1,0,0.0,0.73024136
OSGIN2,3,0,0.0,0.47278377
OSM,1,0,0.0,1.2004252e-06
OSMR,5,0,0.0,0.0054817777
OSR1,3,0,0.0,0.07223394
OSR2,1,0,0.0,1.1980636e-06
OSTF1,2,0,0.0,0.21187738
OSTM1,3,0,0.0,6.893249e-05
OTC,3,0,0.0,0.42169085
OTOA,15,0,0.0,0.1979915
OTOF,9,0,0.0,0.14179526
OTOL1,5,0,0.0,0.001876794
OTOP1,5,0,0.0,0.13307333
OTOP2,3,0,0.0,0.46604332
OTOP3,3,0,0.0,0.1200572
OTOS,2,0,0.0,0.022155764
OTUB2,6,0,0.0,0.24290697
OTUD3,1,0,0.0,0.0024780652
OTUD4,8,0,0.0,0.08691671
OTUD5,3,0,0.0,1.7586493e-05
OTUD6A,8,0,0.0,0.042862803
OTUD7A,1,0,0.0,1.7766297e-05
OTUD7B,5,0,0.0,0.28291684
OTULINL,2,0,0.0,0.351068
OTX1,2,0,0.0,0.015165313
OTX2,3,0,0.0,3.893911e-06
OVCH1,4,0,0.0,8.2717077e-07
OVCH2,2,0,0.0,1.3059878e-07
OVGP1,2,0,0.0,0.62345934
OVOL1,3,0,0.0,0.16369651
OVOL2,3,0,0.0,0.3929995
OXCT1,1,0,0.0,2.7437745e-06
OXCT2,1,0,0.0,4.348153e-05
OXGR1,2,0,0.0,1.4196137e-06
OXNAD1,1,0,0.0,0.0023580494
OXR1,4,0,0.0,0.031038435
OXSM,5,0,0.0,0.00024485064
OXSR1,6,0,0.0,0.097828925
P2RX2,2,0,0.0,0.073414475
P2RX3,1,0,0.0,1.1062497e-10
P2RX4,3,0,0.0,0.24438743
P2RX5,2,0,0.0,0.007360816
P2RX6,1,0,0.0,0.7268125
P2RX7,3,0,0.0,0.44982016
P2RY13,4,0,0.0,0.17125812
P2RY14,2,0,0.0,0.3691693
P2RY2,3,0,0.0,2.1052203e-05
P2RY6,3,0,0.0,0.0031147078
P2RY8,6,0,0.0,0.008871676
P3H1,5,0,0.0,0.03972153
P3H2,4,0,0.0,0.0017472819
P3H4,3,0,0.0,1.6820492e-05
P4HA1,2,0,0.0,0.22896579
P4HA3,1,0,0.0,1.1566461e-06
P4HB,3,0,0.0,0.24909727
P4HTM,5,0,0.0,0.14421685
PA2G4,2,0,0.0,0.2715853
PAAF1,2,0,0.0,2.0929633e-06
PABPC1,1,0,0.0,0.22217907
PABPC5,1,0,0.0,2.6318708e-05
PABPN1,1,0,0.0,0.0027543486
PABPN1L,2,0,0.0,1.3876084e-06
PACC1,2,0,0.0,0.36744362
PACRG,4,0,0.0,7.7877514e-05
PACRGL,1,0,0.0,1.4367521e-06
PACS1,7,0,0.0,0.13810973
PACS2,6,0,0.0,0.053930428
PACSIN1,2,0,0.0,0.16823894
PACSIN2,2,0,0.0,8.7020235e-06
PACSIN3,1,0,0.0,2.1579917e-06
PADI3,5,0,0.0,0.0731401
PAEP,1,0,0.0,2.8080484e-07
PAF1,1,0,0.0,7.72139e-07
PAG1,1,0,0.0,2.6425194e-08
PAGE1,1,0,0.0,0.053044852
PAGE2B,2,0,0.0,1.6505533e-06
PAGE5,1,0,0.0,3.4634489e-09
PAH,3,0,0.0,0.033500124
PAIP1,2,0,0.0,0.35133103
PAIP2B,1,0,0.0,0.0026277406
PAK1IP1,1,0,0.0,0.10435395
PAK3,1,0,0.0,3.0820893e-09
PAK4,3,0,0.0,4.2080752e-05
PAK5,7,0,0.0,0.07334445
PAK6,2,0,0.0,0.31833518
PALB2,4,0,0.0,0.4890775
PALD1,1,0,0.0,1.1075587e-10
PALLD,5,0,0.0,0.033601232
PALM,2,0,0.0,3.5532508e-07
PALM2AKAP2,15,0,0.0,0.045966744
PALMD,1,0,0.0,4.236316e-05
PAM,2,0,0.0,1.1264778e-05
PAMR1,3,0,0.0,2.0398615e-05
PAN2,2,0,0.0,0.05304102
PAN3,12,0,0.0,0.06104612
PANK2,1,0,0.0,0.00757747
PANK3,2,0,0.0,5.420558e-06
PANK4,2,0,0.0,0.098119974
PANX2,5,0,0.0,0.00029286917
PANX3,3,0,0.0,1.8677392e-06
PAOX,2,0,0.0,0.26488662
PAPLN,2,0,0.0,2.235414e-06
PAPPA,8,0,0.0,0.122319914
PAQR3,3,0,0.0,0.0059290645
PAQR4,2,0,0.0,1.3561482e-06
PAQR7,1,0,0.0,0.024185564
PAQR9,3,0,0.0,0.062598996
PARD3,2,0,0.0,0.13196515
PARD3B,8,0,0.0,0.03356506
PARD6B,3,0,0.0,0.41243115
PARD6G,2,0,0.0,3.669922e-08
PARGP1,4,0,0.0,0.0034209914
PARK7,1,0,0.0,0.0009367718
PARM1,1,0,0.0,2.7368803e-06
PARN,1,0,0.0,0.0026921558
PARP1,6,0,0.0,0.12662606
PARP10,1,0,0.0,0.00045541007
PARP12,6,0,0.0,0.28369674
PARP14,3,0,0.0,0.53164095
PARP15,2,0,0.0,0.2190454
PARP16,2,0,0.0,0.13668439
PARP2,3,0,0.0,0.10691168
PARP3,3,0,0.0,0.10326097
PARP4,9,0,0.0,0.011376429
PARP6,2,0,0.0,0.00014041482
PARP9,6,0,0.0,0.17738102
PARVB,2,0,0.0,0.34542975
PARVG,1,0,0.0,1.8523144e-05
PASD1,6,0,0.0,0.0009714677
PASK,3,0,0.0,0.013220753
PATE1,1,0,0.0,0.0072592515
PATE2,1,0,0.0,0.06477069
PATJ,8,0,0.0,0.19523968
PATL1,2,0,0.0,0.30357805
PAX1,2,0,0.0,0.6361027
PAX2,1,0,0.0,1.10691255e-10
PAX3,9,0,0.0,0.08406615
PAX6,1,0,0.0,0.2898841
PAX8,4,0,0.0,0.0002729095
PAX9,2,0,0.0,0.000555979
PAXIP1,2,0,0.0,0.00042437654
PBDC1,1,0,0.0,7.731317e-06
PBLD,1,0,0.0,2.8413597e-06
PBOV1,1,0,0.0,2.7059317e-09
PBRM1,2,0,0.0,0.36792943
PBX2,3,0,0.0,0.24500681
PBX4,2,0,0.0,0.28345662
PBXIP1,4,0,0.0,0.2443938
PC,7,0,0.0,0.087392986
PCARE,3,0,0.0,1.57951e-05
PCBP1,1,0,0.0,0.48852178
PCBP3,1,0,0.0,0.48772785
PCCA,3,0,0.0,0.20320226
PCCB,3,0,0.0,9.7825956e-05
PCDH1,5,0,0.0,0.24803439
PCDH10,3,0,0.0,0.004795657
PCDH11Y,12,0,0.0,0.06048056
PCDH17,7,0,0.0,0.0014012764
PCDH19,13,0,0.0,0.2003507
PCDH7,11,0,0.0,0.0037203939
PCDH8,1,0,0.0,0.010825973
PCDH9,6,0,0.0,0.11463258
PCDHA10,3,0,0.0,3.610031e-06
PCDHA11,5,0,0.0,0.10387655
PCDHA13,13,0,0.0,0.14785686
PCDHA6,4,0,0.0,0.19640462
PCDHA7,10,0,0.0,0.20458274
PCDHA8,13,0,0.0,0.28510705
PCDHA9,10,0,0.0,0.1380717
PCDHAC2,1,0,0.0,0.048982706
PCDHB1,2,0,0.0,1.7451696e-07
PCDHB11,4,0,0.0,0.023631137
PCDHB14,7,0,0.0,0.30500534
PCDHB15,13,0,0.0,0.30807474
PCDHB16,7,0,0.0,0.24789385
PCDHB2,4,0,0.0,0.000275054
PCDHB3,10,0,0.0,0.11345196
PCDHB5,13,0,0.0,0.17827392
PCDHGA10,4,0,0.0,0.18077199
PCDHGA12,3,0,0.0,0.0028794939
PCDHGA2,9,0,0.0,0.10270855
PCDHGA4,6,0,0.0,0.027836189
PCDHGA5,2,0,0.0,6.011891e-05
PCDHGA7,5,0,0.0,0.14319453
PCDHGB4,13,0,0.0,0.10504189
PCDHGB5,4,0,0.0,0.0053330604
PCDHGB6,7,0,0.0,0.18083365
PCDHGB7,4,0,0.0,0.18544877
PCDHGC3,3,0,0.0,0.20433025
PCDHGC4,3,0,0.0,0.2507455
PCDHGC5,1,0,0.0,0.71091425
PCF11,7,0,0.0,0.28212637
PCGF1,2,0,0.0,0.16438478
PCGF3,2,0,0.0,0.02867071
PCGF5,2,0,0.0,0.00081709377
PCGF6,1,0,0.0,2.3752948e-08
PCID2,4,0,0.0,0.027419802
PCIF1,4,0,0.0,0.048046958
PCK2,3,0,0.0,0.06881168
PCM1,6,0,0.0,0.10241312
PCMT1,1,0,0.0,0.03901268
PCMTD2,5,0,0.0,0.11616693
PCNA,2,0,0.0,0.23740798
PCNP,1,0,0.0,0.23586339
PCNX2,8,0,0.0,0.06221755
PCNX3,2,0,0.0,0.42263865
PCNX4,2,0,0.0,0.021052208
PCOLCE2,4,0,0.0,0.23839273
PCP4,1,0,0.0,4.0324126e-06
PCP4L1,2,0,0.0,0.04016396
PCSK1,4,0,0.0,0.2897469
PCSK4,1,0,0.0,0.031762876
PCSK5,9,0,0.0,0.044734735
PCSK6,6,0,0.0,0.017258571
PCSK7,1,0,0.0,0.5647216
PCYOX1,2,0,0.0,0.0048358934
PCYOX1L,3,0,0.0,0.41943276
PCYT1B,2,0,0.0,0.020103518
PCYT2,2,0,0.0,0.0012833888
PDC,1,0,0.0,0.5323331
PDCD1,1,0,0.0,9.547794e-10
PDCD10,1,0,0.0,3.10897e-05
PDCD11,8,0,0.0,0.06839014
PDCD1LG2,1,0,0.0,0.048888322
PDCD2,2,0,0.0,5.160326e-06
PDCD2L,3,0,0.0,0.1652425
PDCD4,1,0,0.0,0.26107812
PDCD6IP,1,0,0.0,0.15140273
PDCL,2,0,0.0,0.24097039
PDCL2,2,0,0.0,0.0076855216
PDCL3,2,0,0.0,0.34859705
PDE10A,1,0,0.0,2.8824186e-06
PDE11A,5,0,0.0,0.00336571
PDE12,2,0,0.0,0.15728137
PDE1A,2,0,0.0,4.6244833e-05
PDE1C,12,0,0.0,0.26175827
PDE2A,6,0,0.0,0.03444929
PDE3A,5,0,0.0,0.19490497
PDE4B,3,0,0.0,6.45916e-06
PDE5A,3,0,0.0,0.121259294
PDE6A,8,0,0.0,0.20599473
PDE6B,4,0,0.0,0.04497969
PDE6C,5,0,0.0,0.013921333
PDE6D,1,0,0.0,0.031700406
PDE7B,1,0,0.0,0.0020457853
PDE8B,5,0,0.0,0.2711853
PDGFA,1,0,0.0,2.737716e-06
PDGFC,3,0,0.0,0.0114813885
PDGFD,3,0,0.0,0.23836215
PDGFRA,20,0,0.0,0.13032036
PDGFRB,7,0,0.0,0.10723967
PDGFRL,3,0,0.0,0.0027091037
PDHA1,3,0,0.0,0.020017102
PDHA2,9,0,0.0,0.07926544
PDHB,1,0,0.0,1.0972362e-07
PDHX,2,0,0.0,0.3175406
PDIA2,1,0,0.0,1.0993936e-08
PDIA3,2,0,0.0,0.048868876
PDIA4,5,0,0.0,0.3504434
PDIA6,1,0,0.0,0.007472616
PDIK1L,2,0,0.0,0.04488292
PDILT,7,0,0.0,0.060471956
PDK1,1,0,0.0,0.667679
PDK2,1,0,0.0,0.10534546
PDK3,3,0,0.0,0.0013479642
PDK4,1,0,0.0,0.7391654
PDLIM3,3,0,0.0,2.545453e-05
PDP1,5,0,0.0,0.24598484
PDP2,3,0,0.0,0.05896328
PDS5A,6,0,0.0,0.0005045582
PDSS1,3,0,0.0,0.20733713
PDX1,1,0,0.0,5.282154e-10
PDXDC1,5,0,0.0,0.23512533
PDXK,1,0,0.0,0.7458072
PDYN,4,0,0.0,0.020695604
PDZD11,1,0,0.0,1.0966857e-08
PDZD3,4,0,0.0,0.0032822934
PDZD4,4,0,0.0,0.00020562406
PDZD9,2,0,0.0,0.32333654
PDZK1,1,0,0.0,1.1914644e-05
PDZRN3,6,0,0.0,3.9261763e-06
PEAK1,7,0,0.0,0.105902754
PEAK3,2,0,0.0,4.4252864e-09
PEBP1,1,0,0.0,0.0014126517
PEG10,4,0,0.0,0.011115794
PELI1,2,0,0.0,0.17065349
PELI2,3,0,0.0,0.24748068
PELI3,1,0,0.0,2.7220897e-06
PELP1,3,0,0.0,0.23699658
PEMT,1,0,0.0,0.7493634
PENK,1,0,0.0,0.00012559761
PEPD,1,0,0.0,5.5538103e-06
PER1,3,0,0.0,0.17686717
PER2,2,0,0.0,3.8270464e-05
PERP,5,0,0.0,0.010607932
PES1,1,0,0.0,8.919326e-06
PEX10,4,0,0.0,0.14617202
PEX11A,4,0,0.0,0.00010773662
PEX11B,2,0,0.0,1.2684936e-06
PEX11G,1,0,0.0,1.9009377e-07
PEX12,2,0,0.0,1.4947293e-06
PEX13,1,0,0.0,0.69493014
PEX14,6,0,0.0,0.11752213
PEX2,3,0,0.0,0.3846743
PEX3,3,0,0.0,0.114903726
PEX5,4,0,0.0,0.0025344563
PEX6,4,0,0.0,0.1597018
PF4V1,1,0,0.0,2.7670246e-06
PFAS,3,0,0.0,0.24956405
PFDN4,1,0,0.0,3.9834085e-06
PFKFB1,3,0,0.0,0.00011329832
PFKFB2,1,0,0.0,0.28400725
PFKFB3,1,0,0.0,0.008101823
PFKL,4,0,0.0,0.08564148
PFN1,1,0,0.0,3.8385272e-07
PGA5,2,0,0.0,0.01551387
PGAM4,1,0,0.0,0.010694661
PGAM5,2,0,0.0,0.002111944
PGAP1,3,0,0.0,0.0109591065
PGAP4,8,0,0.0,0.19796006
PGBD1,6,0,0.0,0.10402196
PGBD4,3,0,0.0,0.23385686
PGBD5,2,0,0.0,0.35797802
PGC,1,0,0.0,0.002049378
PGF,1,0,0.0,8.009565e-07
PGGHG,4,0,0.0,0.13455516
PGK1,2,0,0.0,0.06791396
PGK2,6,0,0.0,0.07842643
PGLS,2,0,0.0,1.7312743e-06
PGLYRP1,2,0,0.0,0.00087761326
PGLYRP4,2,0,0.0,0.3069306
PGP,1,0,0.0,0.08034956
PGPEP1L,4,0,0.0,0.036699403
PGR,7,0,0.0,0.13229166
PGRMC1,1,0,0.0,1.1640494e-08
PHACTR2,3,0,0.0,0.40535474
PHACTR4,5,0,0.0,0.00010844662
PHAX,4,0,0.0,0.0004755878
PHC1,4,0,0.0,0.15336306
PHC2,3,0,0.0,0.14803344
PHETA2,1,0,0.0,1.107339e-10
PHEX,9,0,0.0,0.0024373888
PHF1,2,0,0.0,0.0018079329
PHF10,2,0,0.0,4.2050453e-07
PHF12,3,0,0.0,0.0014309032
PHF13,3,0,0.0,1.0342952e-09
PHF19,1,0,0.0,0.13830492
PHF2,5,0,0.0,0.0034957572
PHF20L1,5,0,0.0,0.147089
PHF21B,3,0,0.0,0.41624078
PHF23,1,0,0.0,2.9321802e-06
PHF24,1,0,0.0,1.0627641e-07
PHF5A,1,0,0.0,2.7303604e-06
PHF6,1,0,0.0,0.014785818
PHF7,3,0,0.0,0.17248093
PHF8,7,0,0.0,0.021542955
PHGDH,2,0,0.0,0.27601823
PHIP,7,0,0.0,0.24461497
PHKA1,6,0,0.0,0.22040908
PHKA2,6,0,0.0,0.03709057
PHKG1,2,0,0.0,0.00036595826
PHKG2,1,0,0.0,0.0049154176
PHLDA1,2,0,0.0,8.3516824e-08
PHLDA2,1,0,0.0,3.123895e-05
PHLDB1,3,0,0.0,0.39300478
PHLPP1,8,0,0.0,0.0489146
PHLPP2,5,0,0.0,0.0961198
PHOSPHO1,1,0,0.0,5.279233e-10
PHOSPHO2,2,0,0.0,1.8531637e-05
PHOX2A,1,0,0.0,0.33393508
PHRF1,5,0,0.0,0.1387743
PHTF1,3,0,0.0,1.8480932e-06
PHTF2,3,0,0.0,0.24974416
PHYH,3,0,0.0,0.18408348
PHYHIP,5,0,0.0,0.20479651
PHYHIPL,1,0,0.0,0.29775584
PHYKPL,1,0,0.0,0.43848503
PI15,1,0,0.0,7.979548e-06
PI16,1,0,0.0,5.8216105e-05
PI3,1,0,0.0,0.13609011
PI4KA,3,0,0.0,9.5335396e-05
PI4KB,3,0,0.0,0.010529661
PIAS1,4,0,0.0,0.000583647
PIAS2,4,0,0.0,4.4173607e-06
PIAS3,4,0,0.0,0.30484653
PIAS4,3,0,0.0,0.0022617755
PICK1,3,0,0.0,9.366287e-06
PID1,2,0,0.0,0.39659318
PIDD1,1,0,0.0,2.8945997e-06
PIEZO2,5,0,0.0,0.16612856
PIF1,2,0,0.0,0.0015342615
PIGA,1,0,0.0,0.13181943
PIGB,1,0,0.0,2.710738e-06
PIGF,2,0,0.0,0.0062490595
PIGH,1,0,0.0,3.1596175e-09
PIGT,3,0,0.0,0.033151176
PIGU,1,0,0.0,3.0041863e-06
PIGV,5,0,0.0,0.00011022111
PIGX,1,0,0.0,2.4713318e-10
PIH1D2,2,0,0.0,1.3725374e-06
PIK3AP1,6,0,0.0,0.1307608
PIK3C2G,11,0,0.0,0.09568583
PIK3CB,9,0,0.0,0.13481012
PIK3R2,5,0,0.0,0.00026289735
PIK3R5,8,0,0.0,0.07265191
PIKFYVE,6,0,0.0,0.08138666
PILRB,1,0,0.0,0.08756247
PIM1,1,0,0.0,0.28771627
PIM2,3,0,0.0,0.012043763
PIM3,1,0,0.0,3.0414526e-07
PIMREG,1,0,0.0,1.0932583e-06
PINK1,6,0,0.0,0.15239377
PIP,1,0,0.0,0.030897278
PIP4K2A,3,0,0.0,0.00026579376
PIP4K2C,6,0,0.0,0.070581906
PIP5K1A,1,0,0.0,1.0914414e-06
PIP5K1B,4,0,0.0,0.23777056
PIP5K1C,4,0,0.0,0.19834238
PIP5KL1,1,0,0.0,0.011000408
PIPOX,3,0,0.0,0.23301934
PIR,5,0,0.0,0.043509748
PIRT,1,0,0.0,5.8377464e-06
PISD,2,0,0.0,1.8713059e-06
PITHD1,1,0,0.0,0.0020226277
PITPNB,3,0,0.0,0.22530454
PITPNM1,4,0,0.0,0.0029516707
PITPNM2,1,0,0.0,1.936425e-10
PITPNM3,6,0,0.0,0.079718135
PITRM1,1,0,0.0,0.05311803
PITX2,2,0,0.0,0.36630467
PITX3,1,0,0.0,2.1760955e-12
PIWIL1,11,0,0.0,0.027149944
PIWIL3,7,0,0.0,0.1298456
PJA1,3,0,0.0,0.012081183
PJA2,4,0,0.0,0.4566918
PJVK,4,0,0.0,0.0013667304
PKD1,7,0,0.0,0.32768816
PKD2,5,0,0.0,0.13166465
PKD2L1,6,0,0.0,0.16283944
PKD2L2,5,0,0.0,0.26827675
PKDCC,1,0,0.0,5.580409e-06
PKIA,1,0,0.0,2.8125214e-07
PKM,3,0,0.0,0.0016744044
PKMYT1,2,0,0.0,0.51140165
PKN1,5,0,0.0,0.102856316
PKNOX1,2,0,0.0,2.9038496e-05
PKP1,2,0,0.0,3.773764e-08
PKP2,11,0,0.0,0.1673865
PKP3,1,0,0.0,1.7701828e-08
PKP4,2,0,0.0,0.0002715147
PLA1A,2,0,0.0,0.31719372
PLA2G12A,4,0,0.0,0.14393578
PLA2G12B,1,0,0.0,1.1038805e-10
PLA2G15,4,0,0.0,0.00014873034
PLA2G2F,3,0,0.0,0.0009986399
PLA2G3,5,0,0.0,0.14059088
PLA2G4C,1,0,0.0,0.009326981
PLA2G4D,5,0,0.0,0.055695575
PLA2G4E,1,0,0.0,0.17406276
PLA2G4F,1,0,0.0,0.01043419
PLA2G5,2,0,0.0,4.077186e-06
PLA2G7,3,0,0.0,0.0044256384
PLA2R1,2,0,0.0,0.15940303
PLAA,3,0,0.0,0.4172341
PLAAT1,1,0,0.0,1.3739277e-05
PLAAT2,1,0,0.0,0.104450785
PLAC8,1,0,0.0,0.026526004
PLAG1,1,0,0.0,0.000199613
PLAGL1,4,0,0.0,0.23773876
PLAT,1,0,0.0,0.7490356
PLAU,1,0,0.0,2.7462904e-06
PLAUR,1,0,0.0,1.8021634e-05
PLB1,8,0,0.0,0.039801992
PLBD1,2,0,0.0,8.6125816e-05
PLBD2,5,0,0.0,0.05394308
PLCB1,10,0,0.0,0.1979263
PLCB2,7,0,0.0,0.07782824
PLCB3,5,0,0.0,2.7872488e-06
PLCB4,5,0,0.0,0.21837386
PLCD1,3,0,0.0,1.1373155e-06
PLCD3,4,0,0.0,0.0019498655
PLCD4,2,0,0.0,1.1720643e-05
PLCG2,21,0,0.0,0.106085435
PLCL2,9,0,0.0,0.057029232
PLCXD1,3,0,0.0,0.0750531
PLCXD2,2,0,0.0,0.3239596
PLCXD3,10,0,0.0,0.18926367
PLD2,2,0,0.0,0.3300497
PLD4,3,0,0.0,0.13965924
PLD5,1,0,0.0,0.0057355138
PLEC,21,0,0.0,0.049303822
PLEK2,1,0,0.0,0.00030407708
PLEKHA1,2,0,0.0,1.6247609e-06
PLEKHA2,2,0,0.0,0.0932867
PLEKHA3,2,0,0.0,0.016417257
PLEKHA4,1,0,0.0,0.7169489
PLEKHA6,4,0,0.0,6.921652e-06
PLEKHA8,2,0,0.0,0.3373727
PLEKHB2,2,0,0.0,5.6631707e-05
PLEKHF1,1,0,0.0,2.7521396e-06
PLEKHF2,1,0,0.0,2.2194677e-06
PLEKHG1,7,0,0.0,0.31880715
PLEKHG2,7,0,0.0,0.018495014
PLEKHG3,4,0,0.0,0.1270487
PLEKHG4,5,0,0.0,0.14692236
PLEKHG4B,14,0,0.0,0.063223824
PLEKHG5,5,0,0.0,0.1799182
PLEKHG6,4,0,0.0,0.045462795
PLEKHH1,2,0,0.0,0.0010282157
PLEKHH2,6,0,0.0,0.1331277
PLEKHH3,1,0,0.0,2.5447986e-07
PLEKHM1,2,0,0.0,1.6706329e-06
PLEKHM2,2,0,0.0,1.7446762e-06
PLEKHM3,5,0,0.0,0.14684843
PLEKHN1,1,0,0.0,0.62532216
PLEKHO1,2,0,0.0,0.010680646
PLG,5,0,0.0,0.0004526262
PLGRKT,1,0,0.0,2.6894686e-06
PLIN1,1,0,0.0,9.163557e-08
PLIN3,1,0,0.0,2.9598764e-06
PLIN4,7,0,0.0,0.0591275
PLIN5,3,0,0.0,0.21237497
PLK1,3,0,0.0,0.0040055313
PLK2,2,0,0.0,0.14466451
PLK3,5,0,0.0,0.20493591
PLOD1,3,0,0.0,6.8355052e-06
PLOD2,3,0,0.0,0.13776745
PLOD3,1,0,0.0,0.23914683
PLP2,1,0,0.0,0.00022364398
PLPBP,2,0,0.0,2.8799184e-06
PLPP2,2,0,0.0,1.5712754e-05
PLPP4,2,0,0.0,0.3422476
PLPP5,2,0,0.0,0.0011002736
PLPP6,1,0,0.0,0.54192287
PLPP7,2,0,0.0,1.274258e-07
PLPPR2,3,0,0.0,0.5711381
PLPPR3,2,0,0.0,1.7831737e-10
PLPPR4,1,0,0.0,0.139725
PLRG1,2,0,0.0,0.12775555
PLS1,5,0,0.0,0.21143655
PLS3,1,0,0.0,0.0001980482
PLSCR1,2,0,0.0,1.0883849e-06
PLSCR3,1,0,0.0,0.57909214
PLSCR4,1,0,0.0,0.65149933
PLTP,2,0,0.0,0.29004863
PLVAP,3,0,0.0,0.43037835
PLXDC1,4,0,0.0,0.08267952
PLXNA1,4,0,0.0,0.0047987937
PLXNA3,7,0,0.0,0.051458307
PLXNB1,6,0,0.0,0.11411186
PLXNB3,4,0,0.0,0.0018123167
PM20D1,1,0,0.0,0.0013656514
PM20D2,1,0,0.0,1.0276212e-07
PMCH,1,0,0.0,1.97006e-06
PMEPA1,1,0,0.0,0.71100485
PML,4,0,0.0,0.006270671
PMM1,2,0,0.0,2.4289382e-06
PMPCA,1,0,0.0,7.850048e-07
PMPCB,6,0,0.0,0.13429107
PMS1,3,0,0.0,0.009892776
PMS2,3,0,0.0,0.004054617
PMVK,2,0,0.0,0.20211942
PNCK,4,0,0.0,0.18417367
PNISR,4,0,0.0,0.00027838626
PNKD,2,0,0.0,0.33992514
PNKP,2,0,0.0,0.05740882
PNLDC1,4,0,0.0,0.022071611
PNLIP,3,0,0.0,0.20737135
PNLIPRP2,1,0,0.0,3.7643277e-11
PNMA1,1,0,0.0,0.00010122179
PNMA3,4,0,0.0,0.03337068
PNMA5,2,0,0.0,2.8315704e-05
PNMA8A,5,0,0.0,0.09821679
PNN,1,0,0.0,1.9527242e-08
PNO1,1,0,0.0,1.2564182e-05
PNOC,2,0,0.0,0.010954997
PNPLA1,3,0,0.0,0.0023724209
PNPLA2,3,0,0.0,0.0011176714
PNPLA3,1,0,0.0,0.025911434
PNPLA4,1,0,0.0,6.3675907e-06
PNPLA5,4,0,0.0,0.0013117406
PNPLA6,7,0,0.0,3.606201e-06
PNPT1,1,0,0.0,2.6398797e-05
POC1A,2,0,0.0,0.49601716
POC1B,5,0,0.0,0.042073894
POC1B-GALNT4,1,0,0.0,4.1152217e-07
POC5,2,0,0.0,2.7233896e-06
PODN,1,0,0.0,1.1725147e-06
PODNL1,6,0,0.0,0.23330498
PODXL,1,0,0.0,1.6486773e-06
PODXL2,2,0,0.0,0.3017329
POF1B,8,0,0.0,3.4634726e-05
POFUT1,2,0,0.0,1.10631726e-10
POFUT2,3,0,0.0,0.09060067
POGK,2,0,0.0,0.3691121
POGLUT1,3,0,0.0,0.25442135
POGLUT2,1,0,0.0,0.17463309
POLA1,13,0,0.0,0.10050182
POLB,2,0,0.0,6.0686702e-06
POLD1,2,0,0.0,0.021234687
POLD2,1,0,0.0,1.3295455e-06
POLD3,2,0,0.0,0.3595106
POLDIP2,1,0,0.0,5.9189874e-06
POLE2,3,0,0.0,0.09102437
POLE3,3,0,0.0,0.08324321
POLG,3,0,0.0,0.00017591393
POLG2,1,0,0.0,5.092341e-10
POLH,1,0,0.0,0.00061563525
POLI,3,0,0.0,9.738591e-07
POLK,3,0,0.0,2.9626319e-05
POLL,2,0,0.0,0.2648219
POLM,3,0,0.0,0.312947
POLN,2,0,0.0,0.0011558739
POLQ,10,0,0.0,0.05793218
POLR1A,6,0,0.0,0.1359372
POLR1B,3,0,0.0,0.32070592
POLR1C,3,0,0.0,0.2526111
POLR1G,1,0,0.0,0.73362505
POLR1H,1,0,0.0,0.11405385
POLR2A,3,0,0.0,3.281007e-06
POLR2B,8,0,0.0,0.03197404
POLR2D,2,0,0.0,4.1474888e-08
POLR2E,1,0,0.0,0.17000295
POLR2G,2,0,0.0,0.00010020437
POLR3A,4,0,0.0,0.09604487
POLR3C,5,0,0.0,0.047808282
POLR3E,1,0,0.0,5.5833776e-10
POLR3GL,1,0,0.0,0.42544362
POLR3H,1,0,0.0,0.00083150045
POLRMT,7,0,0.0,0.19753243
POM121,2,0,0.0,0.3108449
POM121C,3,0,0.0,0.029259965
POM121L12,17,0,0.0,0.1585321
POMGNT1,1,0,0.0,0.011269202
POMGNT2,2,0,0.0,0.26333597
POMK,2,0,0.0,1.7068297e-09
POMP,1,0,0.0,0.007962145
POMT1,3,0,0.0,0.08404719
POMT2,1,0,0.0,4.2758646e-05
POP4,1,0,0.0,0.7108825
POP7,1,0,0.0,0.0097427415
POPDC2,2,0,0.0,3.922073e-06
POPDC3,4,0,0.0,0.14426006
POR,1,0,0.0,3.124954e-07
PORCN,6,0,0.0,0.21401654
POSTN,1,0,0.0,3.223804e-09
POTEA,2,0,0.0,9.921465e-06
POTED,5,0,0.0,0.011958885
POTEH,4,0,0.0,0.24219425
POTEM,1,0,0.0,0.0026593935
POU1F1,2,0,0.0,1.3761774e-06
POU2AF1,3,0,0.0,1.0373378e-06
POU2F1,2,0,0.0,0.2559007
POU2F2,1,0,0.0,3.9165238e-10
POU2F3,3,0,0.0,2.0105213e-06
POU3F2,1,0,0.0,4.2559387e-10
POU3F3,1,0,0.0,1.10650086e-10
POU3F4,1,0,0.0,0.0013369751
POU4F1,1,0,0.0,2.9660537e-08
POU4F2,3,0,0.0,2.8087108e-05
POU6F1,2,0,0.0,0.25889033
PPA1,1,0,0.0,0.41503805
PPA2,3,0,0.0,0.20142527
PPAN-P2RY11,4,0,0.0,0.20438746
PPARA,2,0,0.0,0.0002654451
PPARD,1,0,0.0,0.7210262
PPARG,1,0,0.0,0.01236908
PPARGC1A,4,0,0.0,0.0075276103
PPEF1,3,0,0.0,0.0019932108
PPEF2,9,0,0.0,0.19217098
PPFIA1,4,0,0.0,0.096019104
PPFIA2,4,0,0.0,0.007922513
PPFIA3,5,0,0.0,0.0859544
PPFIBP2,2,0,0.0,0.1283532
PPHLN1,2,0,0.0,0.29175147
PPIAL4A,1,0,0.0,3.7711861e-06
PPIAL4G,2,0,0.0,0.29265618
PPIC,2,0,0.0,3.5247478e-05
PPIF,1,0,0.0,2.7595956e-06
PPIH,2,0,0.0,0.32452425
PPIL1,1,0,0.0,0.64566886
PPIL4,1,0,0.0,5.3672313e-05
PPIL6,2,0,0.0,0.023395099
PPIP5K1,1,0,0.0,5.6059916e-06
PPL,10,0,0.0,0.31640032
PPM1B,1,0,0.0,0.0020896657
PPM1D,9,0,0.0,0.10868961
PPM1E,3,0,0.0,0.12007777
PPM1F,3,0,0.0,0.00010384792
PPM1G,1,0,0.0,0.0009925001
PPM1H,3,0,0.0,3.8320927e-06
PPM1K,3,0,0.0,0.00033219752
PPM1N,1,0,0.0,4.5317424e-06
PPME1,3,0,0.0,0.00048843987
PPOX,1,0,0.0,2.0687166e-05
PPP1CB,1,0,0.0,0.45878288
PPP1R10,3,0,0.0,0.1058008
PPP1R11,1,0,0.0,7.0326114e-06
PPP1R12A,3,0,0.0,1.8408204e-05
PPP1R13L,1,0,0.0,8.384577e-08
PPP1R14C,1,0,0.0,1.2000338e-06
PPP1R14D,1,0,0.0,1.7411841e-06
PPP1R15A,2,0,0.0,2.816496e-06
PPP1R15B,1,0,0.0,0.749054
PPP1R16A,1,0,0.0,0.51646715
PPP1R16B,6,0,0.0,0.18531984
PPP1R17,2,0,0.0,0.3622746
PPP1R18,3,0,0.0,0.081290916
PPP1R1A,1,0,0.0,2.7437877e-06
PPP1R2,2,0,0.0,0.00012708495
PPP1R21,2,0,0.0,0.16199064
PPP1R26,8,0,0.0,0.33685988
PPP1R32,3,0,0.0,2.363642e-05
PPP1R36,1,0,0.0,1.6624894e-07
PPP1R3C,1,0,0.0,1.52747e-06
PPP1R3D,1,0,0.0,0.1506465
PPP1R3F,6,0,0.0,0.0011692402
PPP1R7,2,0,0.0,2.055415e-05
PPP2CA,1,0,0.0,2.7055519e-06
PPP2R1A,3,0,0.0,0.0010246196
PPP2R1B,6,0,0.0,0.1732956
PPP2R2A,2,0,0.0,1.4663414e-06
PPP2R2B,2,0,0.0,4.1022113e-06
PPP2R2C,3,0,0.0,0.13145475
PPP2R2D,1,0,0.0,4.5484023e-07
PPP2R5A,1,0,0.0,0.0059464755
PPP2R5C,2,0,0.0,0.01171227
PPP2R5D,5,0,0.0,2.2672384e-05
PPP2R5E,2,0,0.0,0.30328664
PPP3CA,1,0,0.0,0.075745605
PPP3CB,1,0,0.0,8.91164e-06
PPP3R1,2,0,0.0,0.0036951257
PPP3R2,2,0,0.0,0.056690563
PPP4R1,4,0,0.0,0.26224747
PPP4R2,3,0,0.0,0.21187066
PPP4R3A,5,0,0.0,0.00038131434
PPP4R3B,3,0,0.0,4.144965e-05
PPP4R4,10,0,0.0,0.14487715
PPP6C,1,0,0.0,0.0008082092
PPP6R1,1,0,0.0,3.7943104e-07
PPP6R2,1,0,0.0,0.29741743
PPRC1,3,0,0.0,0.20710456
PPWD1,1,0,0.0,2.396834e-06
PQBP1,2,0,0.0,0.72429156
PRADC1,1,0,0.0,0.5613235
PRAM1,1,0,0.0,3.2445364e-09
PRAME,3,0,0.0,0.12254151
PRAMEF1,3,0,0.0,0.541153
PRAMEF12,6,0,0.0,0.12215531
PRAMEF14,2,0,0.0,0.00048715103
PRAMEF17,1,0,0.0,0.06310729
PRAMEF19,6,0,0.0,0.16942553
PRAMEF20,6,0,0.0,0.19007988
PRAMEF5,1,0,0.0,0.68261945
PRAMEF7,2,0,0.0,0.35628748
PRB1,2,0,0.0,0.008004101
PRB2,1,0,0.0,2.331186e-05
PRC1,1,0,0.0,0.11706843
PRCC,1,0,0.0,2.94574e-06
PRCP,3,0,0.0,0.10072592
PRDM1,4,0,0.0,0.06771165
PRDM10,7,0,0.0,0.113038726
PRDM11,3,0,0.0,0.031065697
PRDM12,1,0,0.0,0.039090253
PRDM13,4,0,0.0,0.00060687464
PRDM14,2,0,0.0,0.17740716
PRDM16,4,0,0.0,0.17566273
PRDM2,5,0,0.0,0.16658625
PRDM4,1,0,0.0,2.891697e-06
PRDM5,6,0,0.0,4.4949586e-05
PRDM8,1,0,0.0,0.01083224
PRDX2,1,0,0.0,0.0002812682
PRELID3A,1,0,0.0,0.6636787
PRELP,1,0,0.0,0.007773751
PREP,3,0,0.0,0.00012718448
PREPL,3,0,0.0,0.13936263
PRG2,2,0,0.0,0.0001576255
PRG4,6,0,0.0,0.11100782
PRH2,1,0,0.0,0.23733397
PRICKLE2,4,0,0.0,0.013345228
PRICKLE4,2,0,0.0,1.3988342e-06
PRIM1,2,0,0.0,0.007688364
PRIM2,1,0,0.0,5.73919e-06
PRIMA1,2,0,0.0,0.2803829
PRIMPOL,3,0,0.0,4.0170885e-06
PRKAA1,1,0,0.0,0.017066773
PRKAA2,3,0,0.0,0.4268154
PRKAB1,1,0,0.0,2.7159806e-06
PRKAB2,1,0,0.0,0.15064101
PRKACA,4,0,0.0,5.414385e-06
PRKACB,1,0,0.0,0.0070201773
PRKAG3,6,0,0.0,0.033579875
PRKAR1B,5,0,0.0,0.27972755
PRKAR2B,4,0,0.0,0.22065893
PRKCB,7,0,0.0,0.20916723
PRKCD,7,0,0.0,0.17256053
PRKCG,2,0,0.0,0.36677137
PRKCH,3,0,0.0,0.005067848
PRKCI,2,0,0.0,0.007268578
PRKCQ,1,0,0.0,1.7234267e-09
PRKCSH,1,0,0.0,7.3834904e-05
PRKCZ,2,0,0.0,0.112432495
PRKD1,4,0,0.0,0.0046505197
PRKD3,4,0,0.0,0.00013012675
PRKG1,3,0,0.0,0.19845901
PRKG2,8,0,0.0,0.0897183
PRKN,1,0,0.0,1.991837e-07
PRKRIP1,1,0,0.0,0.70274675
PRKX,1,0,0.0,1.0453701e-05
PRL,3,0,0.0,0.016091023
PRLH,1,0,0.0,1.9871406e-08
PRLHR,1,0,0.0,1.3605748e-07
PRMT1,1,0,0.0,0.00012924834
PRMT2,3,0,0.0,1.4183544e-06
PRMT3,2,0,0.0,3.8869763e-07
PRMT5,1,0,0.0,1.9816827e-08
PRMT8,4,0,0.0,0.02671866
PRMT9,3,0,0.0,0.27706662
PROC,4,0,0.0,0.0033337984
PROCA1,1,0,0.0,0.5878814
PROCR,2,0,0.0,0.36290896
PROKR1,2,0,0.0,0.2530523
PROM2,2,0,0.0,9.831248e-09
PRORP,1,0,0.0,1.4975654e-08
PROS1,2,0,0.0,0.00021844334
PROSER2,1,0,0.0,1.10669286e-10
PROSER3,1,0,0.0,7.099391e-07
PROX1,8,0,0.0,0.15035948
PROX2,4,0,0.0,0.16189352
PROZ,1,0,0.0,0.067421615
PRPF19,3,0,0.0,0.2629242
PRPF3,2,0,0.0,0.3172765
PRPF31,2,0,0.0,0.22344576
PRPF39,1,0,0.0,2.4160391e-08
PRPF4,5,0,0.0,0.18816197
PRPF40A,4,0,0.0,0.23539726
PRPF4B,1,0,0.0,0.6453917
PRPH2,1,0,0.0,7.0930105e-07
PRPS1L1,4,0,0.0,0.13293344
PRPS2,5,0,0.0,1.3610375e-05
PRR11,3,0,0.0,0.21151789
PRR12,2,0,0.0,7.510008e-05
PRR14,1,0,0.0,9.307176e-07
PRR16,4,0,0.0,0.18384501
PRR27,3,0,0.0,2.2468125e-06
PRR35,1,0,0.0,0.01541088
PRR5-ARHGAP8,3,0,0.0,0.0510335
PRR5L,1,0,0.0,2.7647613e-06
PRRC2A,3,0,0.0,0.00045171424
PRRC2B,6,0,0.0,0.14505689
PRRC2C,3,0,0.0,0.27202335
PRRG4,1,0,0.0,5.314941e-06
PRRT1,2,0,0.0,0.18790124
PRRT2,1,0,0.0,2.8009956e-07
PRRT3,2,0,0.0,3.5798055e-06
PRRX2,1,0,0.0,0.19835712
PRSS1,2,0,0.0,5.1747493e-06
PRSS16,13,0,0.0,0.10094165
PRSS21,2,0,0.0,0.36117738
PRSS22,2,0,0.0,0.46995026
PRSS23,3,0,0.0,0.00015522454
PRSS35,9,0,0.0,0.16367348
PRSS38,1,0,0.0,1.7020073e-05
PRSS48,3,0,0.0,0.014725628
PRSS53,1,0,0.0,0.16129373
PRSS55,2,0,0.0,0.3406067
PRTFDC1,1,0,0.0,0.020407695
PRTG,5,0,0.0,0.20717768
PRXL2B,1,0,0.0,0.45175388
PRXL2C,1,0,0.0,2.7258384e-06
PSAP,1,0,0.0,0.036337573
PSAPL1,1,0,0.0,0.00039289633
PSCA,1,0,0.0,0.0015760425
PSD,4,0,0.0,0.3431479
PSD4,9,0,0.0,0.14887415
PSEN2,4,0,0.0,0.2554292
PSG1,5,0,0.0,0.021799589
PSG11,2,0,0.0,0.0015389338
PSG2,1,0,0.0,0.01987741
PSG3,5,0,0.0,0.21844709
PSG7,8,0,0.0,0.0793709
PSG8,3,0,0.0,0.2497818
PSKH1,1,0,0.0,2.968589e-06
PSMA1,1,0,0.0,6.732514e-07
PSMA4,2,0,0.0,1.2324226e-08
PSMA5,1,0,0.0,0.69788975
PSMA8,2,0,0.0,4.9370838e-06
PSMB1,1,0,0.0,1.7651677e-05
PSMB2,1,0,0.0,0.0036839796
PSMB4,2,0,0.0,2.0523903e-06
PSMB7,1,0,0.0,0.034852773
PSMB8,1,0,0.0,0.2836736
PSMB9,2,0,0.0,1.509805e-06
PSMC1,2,0,0.0,0.16521068
PSMC3,1,0,0.0,0.029990047
PSMD11,1,0,0.0,0.7284674
PSMD12,3,0,0.0,0.18947668
PSMD14,1,0,0.0,8.882136e-05
PSMD2,3,0,0.0,0.0009096344
PSMD4,2,0,0.0,2.0951677e-05
PSMD5,2,0,0.0,0.14341226
PSMD6,1,0,0.0,2.7024034e-06
PSMD7,1,0,0.0,4.6991744e-10
PSMD9,2,0,0.0,0.0007250041
PSME2,2,0,0.0,0.00041953765
PSME4,4,0,0.0,0.008356922
PSMG2,2,0,0.0,0.32969573
PSMG3,1,0,0.0,9.631878e-10
PSORS1C1,1,0,0.0,8.947126e-05
PSPC1,2,0,0.0,0.00026392197
PSPH,3,0,0.0,0.31677893
PSRC1,1,0,0.0,3.5328976e-06
PSTK,3,0,0.0,1.0627395e-05
PSTPIP1,1,0,0.0,1.0518922e-11
PSTPIP2,1,0,0.0,3.2850721e-06
PTAFR,3,0,0.0,3.69056e-06
PTAR1,1,0,0.0,0.48830026
PTBP1,1,0,0.0,0.00017571374
PTBP2,1,0,0.0,0.42026892
PTCD2,5,0,0.0,0.010676476
PTCD3,4,0,0.0,0.021601059
PTCH1,11,0,0.0,0.13826244
PTCH2,6,0,0.0,0.08316208
PTCHD1,1,0,0.0,9.74891e-06
PTCHD3,6,0,0.0,0.0066942465
PTCHD4,4,0,0.0,2.295011e-05
PTDSS1,1,0,0.0,2.4244966e-05
PTDSS2,1,0,0.0,3.5944737e-08
PTER,5,0,0.0,7.73684e-06
PTGDR,1,0,0.0,0.576344
PTGDS,1,0,0.0,1.1062033e-10
PTGER2,2,0,0.0,0.0003774474
PTGES3L-AARSD1,1,0,0.0,0.74359715
PTGFR,3,0,0.0,5.26752e-07
PTGIS,4,0,0.0,0.0029759961
PTGR1,1,0,0.0,0.12407339
PTGR2,1,0,0.0,3.17123e-05
PTGS1,2,0,0.0,0.1656801
PTGS2,3,0,0.0,0.34295714
PTH2R,5,0,0.0,0.20433068
PTK2,2,0,0.0,0.25015727
PTK6,2,0,0.0,0.36365828
PTK7,2,0,0.0,0.3028173
PTN,1,0,0.0,0.00032182108
PTOV1,3,0,0.0,0.10052758
PTPDC1,4,0,0.0,0.0097712325
PTPMT1,1,0,0.0,1.7771438e-06
PTPN1,2,0,0.0,0.67557204
PTPN12,3,0,0.0,0.24554662
PTPN13,9,0,0.0,0.08031532
PTPN18,1,0,0.0,1.18119265e-08
PTPN2,1,0,0.0,8.161566e-06
PTPN20,3,0,0.0,0.00021186868
PTPN21,2,0,0.0,0.30364376
PTPN22,1,0,0.0,6.199645e-07
PTPN23,1,0,0.0,6.579704e-07
PTPN3,14,0,0.0,0.1357463
PTPN5,1,0,0.0,0.005834938
PTPN9,2,0,0.0,0.0066067986
PTPRA,7,0,0.0,0.22864458
PTPRF,14,0,0.0,0.13396423
PTPRG,4,0,0.0,0.16000566
PTPRH,13,0,0.0,0.057307217
PTPRJ,5,0,0.0,0.29539448
PTPRK,5,0,0.0,0.0053475467
PTPRM,11,0,0.0,0.18846446
PTPRN,5,0,0.0,0.022112962
PTPRU,7,0,0.0,0.17230928
PTRH2,1,0,0.0,0.18997924
PTRHD1,1,0,0.0,5.8296407e-10
PTX3,1,0,0.0,2.7517117e-06
PTX4,3,0,0.0,2.369734e-06
PUDP,3,0,0.0,0.0015060202
PUF60,3,0,0.0,0.09216023
PUM2,3,0,0.0,0.0065955804
PUM3,1,0,0.0,0.3664682
PUS3,3,0,0.0,0.42761517
PUS7,5,0,0.0,0.002075205
PUS7L,1,0,0.0,0.58889824
PUSL1,1,0,0.0,6.454713e-08
PVRIG,2,0,0.0,0.32944375
PWWP2A,1,0,0.0,1.1635854e-08
PWWP3A,3,0,0.0,0.4250647
PWWP3B,6,0,0.0,0.12056529
PXDN,6,0,0.0,0.21027958
PXDNL,10,0,0.0,0.12091692
PXK,4,0,0.0,0.16696286
PXMP4,1,0,0.0,0.6119674
PXN,5,0,0.0,0.06674335
PXYLP1,3,0,0.0,1.7747172e-05
PYCARD,1,0,0.0,8.466112e-09
PYCR2,1,0,0.0,2.7666141e-05
PYDC1,1,0,0.0,1.991848e-06
PYGL,3,0,0.0,0.0016931366
PYGO2,1,0,0.0,2.3887421e-06
PYM1,1,0,0.0,2.3838744e-05
PYROXD1,3,0,0.0,0.06999196
QARS1,3,0,0.0,0.422359
QKI,4,0,0.0,0.1680994
QPCT,3,0,0.0,0.10835356
QPRT,2,0,0.0,0.0010624558
QRFP,1,0,0.0,2.7303006e-06
QRFPR,4,0,0.0,0.11107348
QRICH1,1,0,0.0,0.33927292
QRICH2,2,0,0.0,0.34562993
QRSL1,1,0,0.0,1.1958913e-06
QSOX1,4,0,0.0,0.15005763
QSOX2,2,0,0.0,1.6953198e-05
QTRT2,1,0,0.0,4.525942e-06
R3HCC1L,2,0,0.0,3.6393267e-06
R3HDM1,3,0,0.0,3.0096357e-05
R3HDM2,2,0,0.0,0.0017580469
R3HDML,3,0,0.0,0.0043194345
RAB10,2,0,0.0,0.2452278
RAB11A,1,0,0.0,8.444033e-06
RAB11B,3,0,0.0,2.1927594e-06
RAB11FIP2,1,0,0.0,0.65302974
RAB11FIP3,2,0,0.0,0.00048148417
RAB11FIP4,3,0,0.0,0.08188518
RAB15,1,0,0.0,0.49486127
RAB17,1,0,0.0,0.028421454
RAB24,2,0,0.0,3.1368083e-05
RAB28,1,0,0.0,0.09042228
RAB2A,1,0,0.0,1.10158375e-10
RAB31,1,0,0.0,5.5919268e-06
RAB36,1,0,0.0,1.1073474e-10
RAB38,1,0,0.0,0.0007373987
RAB3C,3,0,0.0,0.0027052753
RAB3D,2,0,0.0,0.00049537676
RAB3GAP1,5,0,0.0,0.20526111
RAB3IP,2,0,0.0,0.3560869
RAB40A,4,0,0.0,0.16329606
RAB40C,1,0,0.0,2.1252164e-08
RAB43,1,0,0.0,0.7483716
RAB4B,4,0,0.0,0.4902116
RAB6B,1,0,0.0,1.5170682e-06
RAB8B,1,0,0.0,0.0075805695
RAB9B,1,0,0.0,2.1153797e-05
RABAC1,1,0,0.0,0.0017545434
RABGEF1,5,0,0.0,0.22828226
RABGGTA,4,0,0.0,0.00022022158
RABIF,1,0,0.0,2.7341725e-06
RABL6,1,0,0.0,0.7236216
RAC3,1,0,0.0,1.4017232e-05
RACGAP1,3,0,0.0,3.5190888e-06
RACK1,2,0,0.0,0.34521228
RAD17,2,0,0.0,0.3639641
RAD21,3,0,0.0,0.049303424
RAD23A,2,0,0.0,0.353204
RAD23B,3,0,0.0,0.30906153
RAD51AP2,11,0,0.0,0.00092616497
RAD51B,1,0,0.0,1.6633155e-07
RAD51C,4,0,0.0,0.032786686
RAD54B,4,0,0.0,0.27522862
RAD54L,3,0,0.0,1.2786903e-05
RAD54L2,5,0,0.0,0.1789397
RAD9A,1,0,0.0,5.838521e-06
RADIL,3,0,0.0,0.17117931
RAET1E,2,0,0.0,0.019223696
RAET1L,2,0,0.0,0.026243491
RAF1,1,0,0.0,2.2644308e-08
RAI1,6,0,0.0,0.17972142
RAI14,3,0,0.0,0.16405165
RAI2,6,0,0.0,0.058122907
RALB,1,0,0.0,2.94824e-09
RALGAPA1,4,0,0.0,0.15614791
RALGAPB,3,0,0.0,0.20127909
RALGDS,3,0,0.0,0.20993789
RALYL,5,0,0.0,0.04702283
RAN,2,0,0.0,8.911538e-05
RANBP10,5,0,0.0,0.11560396
RANBP2,1,0,0.0,0.058302134
RANBP3L,1,0,0.0,0.35746372
RANBP9,1,0,0.0,5.012823e-08
RAP1B,2,0,0.0,0.35521403
RAP1GAP,1,0,0.0,2.7012827e-06
RAP1GAP2,1,0,0.0,0.077260435
RAP1GDS1,2,0,0.0,0.31334877
RAP2A,1,0,0.0,2.2036559e-06
RAP2B,1,0,0.0,0.00016867495
RAP2C,1,0,0.0,3.8966737e-06
RAPGEF2,9,0,0.0,0.21979068
RAPGEF4,3,0,0.0,0.01515123
RAPGEF5,2,0,0.0,0.3375157
RAPGEFL1,2,0,0.0,2.5049276e-06
RAPH1,2,0,0.0,0.000129162
RAPSN,1,0,0.0,3.1273308e-09
RARA,1,0,0.0,0.3656856
RARB,1,0,0.0,4.1613683e-05
RARG,2,0,0.0,4.718914e-06
RARRES1,1,0,0.0,0.72167504
RARS1,2,0,0.0,0.00010023912
RARS2,1,0,0.0,2.3191904e-09
RASA1,2,0,0.0,2.9275325e-06
RASA3,4,0,0.0,0.06406041
RASAL1,2,0,0.0,0.09614337
RASAL2,5,0,0.0,0.12924428
RASAL3,4,0,0.0,0.17205094
RASD2,3,0,0.0,0.14086704
RASGEF1B,2,0,0.0,0.23293751
RASGEF1C,3,0,0.0,9.258281e-07
RASGRF1,8,0,0.0,0.092713475
RASGRP1,3,0,0.0,0.0012030704
RASGRP3,4,0,0.0,0.044877302
RASGRP4,4,0,0.0,0.05625319
RASIP1,1,0,0.0,1.6669411e-07
RASSF3,1,0,0.0,2.8126314e-07
RASSF6,4,0,0.0,0.2660991
RASSF9,1,0,0.0,2.703388e-06
RAVER1,4,0,0.0,0.17973493
RAVER2,1,0,0.0,1.2978064e-07
RB1,28,0,0.0,0.08615798
RBBP4,1,0,0.0,6.145305e-06
RBBP6,10,0,0.0,0.0680541
RBBP7,1,0,0.0,0.0015978751
RBBP8NL,1,0,0.0,1.797836e-08
RBBP9,1,0,0.0,4.2113634e-06
RBCK1,4,0,0.0,0.00495575
RBFA,3,0,0.0,0.0002060217
RBFOX1,3,0,0.0,0.00039838228
RBL1,4,0,0.0,0.45362833
RBL2,2,0,0.0,0.4930414
RBM11,1,0,0.0,0.0025720655
RBM12B,6,0,0.0,0.37051836
RBM14,6,0,0.0,0.13221997
RBM15,4,0,0.0,0.32518056
RBM15B,2,0,0.0,0.00041006805
RBM17,1,0,0.0,0.43630564
RBM19,9,0,0.0,0.01500769
RBM22,1,0,0.0,2.6906334e-06
RBM23,2,0,0.0,7.923928e-05
RBM24,1,0,0.0,3.1186322e-05
RBM25,3,0,0.0,0.013389283
RBM26,2,0,0.0,0.31971824
RBM27,6,0,0.0,0.1257265
RBM3,1,0,0.0,0.19839695
RBM33,4,0,0.0,0.3067244
RBM34,1,0,0.0,6.592338e-06
RBM38,1,0,0.0,0.7203556
RBM39,4,0,0.0,0.18855093
RBM4,4,0,0.0,1.9018714e-06
RBM43,2,0,0.0,0.14281961
RBM44,7,0,0.0,0.14720331
RBM45,6,0,0.0,0.21472232
RBM46,3,0,0.0,0.15542501
RBM47,16,0,0.0,0.10771617
RBM48,5,0,0.0,0.14464864
RBM4B,1,0,0.0,0.71084
RBM5,1,0,0.0,0.7311562
RBM6,3,0,0.0,0.019401528
RBMS2,1,0,0.0,0.741971
RBMX,1,0,0.0,0.0022119998
RBMXL1,5,0,0.0,0.06568149
RBMXL2,2,0,0.0,0.01278016
RBMY1E,2,0,0.0,4.0814466e-05
RBP1,1,0,0.0,0.74407786
RBP3,7,0,0.0,0.15295564
RBP4,1,0,0.0,0.05999343
RBPJ,2,0,0.0,0.007368767
RC3H2,4,0,0.0,0.15760362
RCAN1,2,0,0.0,1.1099348e-06
RCAN3,2,0,0.0,0.019345634
RCBTB1,2,0,0.0,4.03637e-05
RCBTB2,2,0,0.0,0.00016426863
RCC1L,1,0,0.0,0.122175656
RCC2,2,0,0.0,0.3675307
RCE1,1,0,0.0,0.11602751
RCHY1,3,0,0.0,0.015902186
RCL1,2,0,0.0,0.00030613173
RCN1,2,0,0.0,3.827398e-07
RCN2,2,0,0.0,0.0026335516
RCN3,1,0,0.0,0.0030012594
RCOR1,1,0,0.0,0.0028312262
RCOR2,2,0,0.0,0.26785928
RCSD1,1,0,0.0,1.8502385e-11
RCVRN,1,0,0.0,0.053128168
RDH13,1,0,0.0,3.7392272e-07
RDH16,3,0,0.0,0.15616378
RDH5,1,0,0.0,8.007434e-07
RDM1,1,0,0.0,0.14373402
RDX,2,0,0.0,0.08684331
REC8,3,0,0.0,0.01391182
RECK,4,0,0.0,0.049871203
RECQL,3,0,0.0,0.26982853
RECQL4,2,0,0.0,0.0001362055
RECQL5,2,0,0.0,0.15287314
REEP1,2,0,0.0,0.32687473
REEP2,5,0,0.0,0.16027471
REEP3,2,0,0.0,1.10251704e-10
REEP5,2,0,0.0,0.29225168
REG1B,2,0,0.0,0.0021082445
REL,2,0,0.0,3.6039793e-05
RELA,2,0,0.0,0.024473993
RELB,1,0,0.0,2.7284082e-06
RELCH,2,0,0.0,0.00041596868
RELL1,1,0,0.0,0.18521379
RELL2,1,0,0.0,8.841439e-05
RELT,2,0,0.0,0.054667555
REM1,5,0,0.0,0.27992997
REM2,1,0,0.0,0.12014649
RENBP,2,0,0.0,0.29843113
REP15,1,0,0.0,0.69196206
REPS1,1,0,0.0,0.014804855
RERG,2,0,0.0,1.4993735e-10
RETN,1,0,0.0,0.00010747903
RETNLB,1,0,0.0,5.230625e-06
RETREG2,2,0,0.0,0.00025262192
RETREG3,1,0,0.0,0.0957899
REV1,6,0,0.0,0.18543011
REXO1,3,0,0.0,0.0853247
REXO5,1,0,0.0,0.3997543
RFC1,6,0,0.0,0.201406
RFC2,4,0,0.0,0.19729489
RFC3,1,0,0.0,0.07892859
RFC4,3,0,0.0,0.006168458
RFC5,2,0,0.0,0.008091641
RFK,1,0,0.0,0.027666941
RFPL1,4,0,0.0,0.18619025
RFPL2,5,0,0.0,0.15433784
RFPL3,2,0,0.0,0.039264113
RFPL4B,1,0,0.0,2.0160104e-07
RFT1,2,0,0.0,0.26030308
RFTN2,4,0,0.0,0.28174523
RFWD3,4,0,0.0,0.3298552
RFX2,4,0,0.0,0.19314434
RFX4,6,0,0.0,0.05472612
RFX5,1,0,0.0,0.1455907
RFX6,13,0,0.0,0.12066485
RFX7,3,0,0.0,6.8840476e-05
RFXANK,1,0,0.0,0.7486741
RGL1,3,0,0.0,0.135244
RGL2,1,0,0.0,3.2761977e-07
RGMA,1,0,0.0,1.1959237e-07
RGMB,1,0,0.0,0.24522237
RGN,1,0,0.0,1.1726975e-05
RGPD1,4,0,0.0,0.3971649
RGPD2,1,0,0.0,0.30152968
RGR,5,0,0.0,0.14541513
RGS1,1,0,0.0,2.4781227e-06
RGS12,7,0,0.0,0.13264592
RGS14,2,0,0.0,1.4894815e-05
RGS17,2,0,0.0,0.062787116
RGS21,2,0,0.0,3.2894225e-06
RGS22,8,0,0.0,0.123756334
RGS3,4,0,0.0,0.25269994
RGS4,1,0,0.0,2.7212152e-06
RGS5,1,0,0.0,0.6310076
RGS6,4,0,0.0,0.0011151156
RGS7,3,0,0.0,0.16243465
RGS8,1,0,0.0,0.32528868
RGS9,4,0,0.0,0.16574174
RGS9BP,2,0,0.0,0.16123927
RHBDD1,2,0,0.0,0.31861869
RHBDD2,2,0,0.0,0.19541839
RHBDF1,2,0,0.0,0.0022710827
RHBDL1,3,0,0.0,0.0010043455
RHBDL2,1,0,0.0,0.3129855
RHBDL3,4,0,0.0,0.18259913
RHBG,1,0,0.0,6.50877e-10
RHCG,1,0,0.0,2.022773e-06
RHD,1,0,0.0,2.6954797e-06
RHEB,1,0,0.0,0.18480974
RHEBL1,1,0,0.0,2.7323713e-06
RHO,4,0,0.0,0.15237647
RHOA,1,0,0.0,7.2900643e-06
RHOBTB2,1,0,0.0,1.2006909e-06
RHOD,2,0,0.0,0.368466
RHOF,1,0,0.0,0.2656368
RHOG,1,0,0.0,0.5323494
RHOH,5,0,0.0,0.21852148
RHOQ,3,0,0.0,0.017730808
RHOXF1,3,0,0.0,0.2071436
RHPN1,1,0,0.0,7.5716344e-10
RIBC2,2,0,0.0,0.0004170046
RIC1,5,0,0.0,3.2710427e-06
RIC8B,1,0,0.0,2.7394394e-06
RICTOR,5,0,0.0,0.058552623
RIF1,8,0,0.0,0.082618214
RILP,3,0,0.0,0.21119724
RILPL1,1,0,0.0,0.02195403
RILPL2,1,0,0.0,0.026103783
RIMBP2,22,0,0.0,0.049034692
RIMKLA,1,0,0.0,0.0022717046
RIMKLB,1,0,0.0,0.43939558
RIMS1,4,0,0.0,0.16816178
RIMS3,1,0,0.0,0.00018125295
RIN2,2,0,0.0,0.30852187
RIN3,3,0,0.0,1.10618924e-10
RIOK1,4,0,0.0,0.14932777
RIOK2,2,0,0.0,4.129847e-06
RIOK3,2,0,0.0,4.9065446e-05
RIOX1,2,0,0.0,7.881391e-05
RIOX2,5,0,0.0,0.30685323
RIPK1,2,0,0.0,0.4261242
RIPK3,2,0,0.0,0.13756813
RIPK4,7,0,0.0,0.10638331
RIPOR3,2,0,0.0,3.4066393e-06
RIPPLY2,1,0,0.0,0.21505855
RIPPLY3,2,0,0.0,1.5499322e-06
RIT1,1,0,0.0,1.4046511e-05
RIT2,2,0,0.0,4.980705e-07
RLIM,1,0,0.0,1.10459884e-10
RLN2,1,0,0.0,0.109808765
RMC1,3,0,0.0,0.03769554
RMDN2,5,0,0.0,0.14497812
RMDN3,1,0,0.0,0.0012472514
RMND1,1,0,0.0,5.0775026e-07
RMND5A,5,0,0.0,1.3053834e-05
RMND5B,1,0,0.0,0.58016163
RN7SL106P,1,0,0.0,7.7866134e-05
RNASE10,3,0,0.0,0.22737043
RNASE11,3,0,0.0,9.7717515e-05
RNASE12,1,0,0.0,0.00016802162
RNASE13,1,0,0.0,7.542377e-06
RNASE2,1,0,0.0,0.30143663
RNASE3,1,0,0.0,0.0035547058
RNASE6,1,0,0.0,2.6874686e-06
RNASE7,2,0,0.0,0.14041187
RNASE9,1,0,0.0,5.2138216e-06
RNASEH1,1,0,0.0,5.9234524e-05
RNASEH2C,1,0,0.0,6.506849e-05
RNASET2,3,0,0.0,0.009737165
RND1,1,0,0.0,2.80324e-06
RND3,3,0,0.0,0.023770014
RNF103,1,0,0.0,0.29238316
RNF111,5,0,0.0,1.8344351e-06
RNF112,2,0,0.0,3.841166e-06
RNF113A,1,0,0.0,0.00015192607
RNF113B,2,0,0.0,7.269067e-05
RNF123,2,0,0.0,2.8344975e-06
RNF126,1,0,0.0,0.004528679
RNF128,3,0,0.0,0.18411285
RNF13,1,0,0.0,0.69249994
RNF130,4,0,0.0,0.0008593086
RNF133,2,0,0.0,0.00044660887
RNF138,1,0,0.0,2.6801333e-06
RNF139,1,0,0.0,6.4866435e-06
RNF141,2,0,0.0,6.441031e-05
RNF144A,3,0,0.0,0.2921181
RNF145,2,0,0.0,0.36821458
RNF148,1,0,0.0,5.066711e-07
RNF149,2,0,0.0,0.2349767
RNF157,2,0,0.0,0.0019152029
RNF165,1,0,0.0,0.57363963
RNF166,1,0,0.0,0.18263122
RNF168,3,0,0.0,0.0017425151
RNF169,1,0,0.0,2.7900726e-06
RNF183,2,0,0.0,0.3166755
RNF19A,3,0,0.0,0.12496575
RNF19B,2,0,0.0,0.16357775
RNF2,1,0,0.0,0.48267803
RNF207,1,0,0.0,0.02556702
RNF212,1,0,0.0,0.03149741
RNF213,10,0,0.0,0.14286245
RNF214,3,0,0.0,0.6508102
RNF216,3,0,0.0,0.3775051
RNF217,2,0,0.0,0.2850473
RNF217-AS1,4,0,0.0,7.6847584e-07
RNF25,3,0,0.0,0.0024505395
RNF26,1,0,0.0,1.1082391e-10
RNF31,2,0,0.0,0.016113121
RNF32,4,0,0.0,0.0034487057
RNF34,5,0,0.0,0.16393617
RNF38,1,0,0.0,0.65391105
RNF41,1,0,0.0,0.007999489
RNF43,3,0,0.0,7.839244e-06
RNF5,3,0,0.0,0.00016664165
RNF6,2,0,0.0,0.0010448011
RNF7,1,0,0.0,3.2805676e-08
RNF8,1,0,0.0,0.0001360261
RNFT2,3,0,0.0,0.23299176
RNH1,3,0,0.0,0.006377191
RNLS,1,0,0.0,7.59561e-05
RNMT,2,0,0.0,0.0011921849
RNPEPL1,2,0,0.0,0.024580386
ROBO1,7,0,0.0,0.086972
ROBO2,5,0,0.0,0.038118448
ROBO4,3,0,0.0,0.17712231
ROCK2,4,0,0.0,3.7073537e-06
ROPN1B,1,0,0.0,0.17278363
ROPN1L,1,0,0.0,4.5321474e-05
ROR1,5,0,0.0,0.18051477
RORB,4,0,0.0,0.30743003
RORC,4,0,0.0,1.4837404e-06
ROS1,11,0,0.0,0.17475763
RP2,4,0,0.0,0.0038539786
RP9,2,0,0.0,0.47070378
RPA1,1,0,0.0,2.0716867e-11
RPAP1,4,0,0.0,0.17849278
RPAP2,4,0,0.0,0.36111385
RPAP3,1,0,0.0,2.7571098e-06
RPE,2,0,0.0,0.641241
RPE65,2,0,0.0,0.004402686
RPF1,3,0,0.0,0.00512311
RPF2,1,0,0.0,0.005380011
RPGR,2,0,0.0,0.001669442
RPGRIP1,3,0,0.0,2.6749827e-05
RPH3AL,2,0,0.0,1.6959395e-05
RPL10,2,0,0.0,0.24158555
RPL10L,2,0,0.0,0.25041226
RPL11,1,0,0.0,0.40213105
RPL13A,2,0,0.0,0.4387834
RPL14,2,0,0.0,1.42050285e-05
RPL15,2,0,0.0,1.4846649e-05
RPL18A,2,0,0.0,1.07366445e-08
RPL19,1,0,0.0,0.6251148
RPL22,1,0,0.0,0.0023972006
RPL22L1,1,0,0.0,3.095003e-06
RPL26L1,1,0,0.0,8.096755e-06
RPL3,2,0,0.0,1.3492663e-06
RPL32,7,0,0.0,0.06792449
RPL36A,2,0,0.0,0.35626906
RPL36AL,1,0,0.0,0.0025775554
RPL37A,1,0,0.0,0.0012607751
RPL39,2,0,0.0,0.004891149
RPL5,6,0,0.0,0.29644367
RPL6,1,0,0.0,7.764848e-06
RPL7A,2,0,0.0,0.017455647
RPL7L1,1,0,0.0,0.003055576
RPLP0,1,0,0.0,0.0016295013
RPLP2,2,0,0.0,0.0009533273
RPN1,1,0,0.0,6.7048923e-06
RPN2,4,0,0.0,0.014162861
RPP14,2,0,0.0,0.35175145
RPP25,1,0,0.0,1.3689294e-09
RPP30,2,0,0.0,0.08129033
RPP40,1,0,0.0,2.6934626e-06
RPRD1A,2,0,0.0,3.9360593e-06
RPRD1B,3,0,0.0,0.054165512
RPRD2,8,0,0.0,0.067534
RPRM,1,0,0.0,0.05313924
RPS10-NUDT3,2,0,0.0,1.3350806e-05
RPS11,1,0,0.0,0.17591782
RPS12,1,0,0.0,2.7031585e-06
RPS20,2,0,0.0,1.3328819e-06
RPS21,1,0,0.0,0.0028379948
RPS26,1,0,0.0,0.5711196
RPS26P15,1,0,0.0,0.5403116
RPS3,1,0,0.0,5.477101e-06
RPS3A,1,0,0.0,2.6803734e-06
RPS4X,1,0,0.0,0.0009022416
RPS6KA2,4,0,0.0,0.0058553615
RPS6KA3,5,0,0.0,0.19006824
RPS6KA4,1,0,0.0,0.029311208
RPS6KA6,1,0,0.0,0.0032630807
RPS6KB1,4,0,0.0,0.0009321011
RPS6KC1,6,0,0.0,0.27883098
RPS6KL1,4,0,0.0,1.8921037e-05
RPS7,1,0,0.0,9.874846e-09
RPSA,1,0,0.0,0.00028921626
RPTOR,7,0,0.0,0.07187831
RRAD,5,0,0.0,0.18862084
RRAGA,2,0,0.0,0.3166543
RRAS2,3,0,0.0,0.028817443
RRBP1,4,0,0.0,0.49166372
RREB1,10,0,0.0,0.11715218
RRH,2,0,0.0,0.005015857
RRM2,2,0,0.0,0.00015212382
RRM2B,1,0,0.0,1.4603935e-05
RRN3,1,0,0.0,0.07008677
RRNAD1,4,0,0.0,6.8638974e-07
RRP1,1,0,0.0,0.09929027
RRP12,1,0,0.0,2.7469268e-06
RRP36,1,0,0.0,2.6967884e-06
RRP9,1,0,0.0,0.11821438
RS1,2,0,0.0,0.012971327
RSAD2,1,0,0.0,0.0028944898
RSC1A1,1,0,0.0,2.1614744e-06
RSF1,6,0,0.0,0.3032796
RSKR,1,0,0.0,0.007268226
RSPH1,1,0,0.0,0.12547658
RSPH10B,6,0,0.0,0.34250864
RSPH10B2,2,0,0.0,0.117004395
RSPH14,1,0,0.0,5.0852026e-07
RSPH3,2,0,0.0,0.0070591616
RSPH4A,3,0,0.0,0.028278664
RSPH6A,5,0,0.0,0.13552971
RSPH9,1,0,0.0,0.22871861
RSPO1,4,0,0.0,7.296208e-05
RSPO2,2,0,0.0,0.0037684815
RSPO3,3,0,0.0,2.7206813e-06
RSPO4,2,0,0.0,0.35543498
RSRC1,1,0,0.0,0.37478596
RSRC2,2,0,0.0,2.7257206e-06
RSU1,1,0,0.0,2.8871834e-06
RTCB,1,0,0.0,0.0012125422
RTF1,2,0,0.0,0.012517957
RTF2,4,0,0.0,0.18643627
RTL3,7,0,0.0,0.005635381
RTL4,3,0,0.0,0.024634684
RTL5,9,0,0.0,0.049598806
RTL6,2,0,0.0,0.00081579
RTL8A,1,0,0.0,0.0005798598
RTL8B,1,0,0.0,1.1067985e-10
RTL9,6,0,0.0,0.00016750341
RTN2,4,0,0.0,0.14504392
RTN3,5,0,0.0,0.37657386
RTN4,4,0,0.0,0.0027618192
RTN4IP1,3,0,0.0,0.044126105
RTN4R,1,0,0.0,0.59130144
RTN4RL1,1,0,0.0,3.1217118e-05
RTN4RL2,1,0,0.0,9.137865e-08
RTP1,4,0,0.0,0.0055949045
RTP2,1,0,0.0,1.6970988e-06
RTP3,2,0,0.0,0.13437875
RTP5,1,0,0.0,3.1297833e-09
RTRAF,3,0,0.0,0.42797446
RTTN,5,0,0.0,0.16653112
RUBCN,5,0,0.0,0.059460096
RUBCNL,3,0,0.0,0.0005430582
RUFY1,1,0,0.0,0.0014444916
RUFY2,3,0,0.0,1.4734324e-09
RUFY3,4,0,0.0,0.26724225
RUFY4,1,0,0.0,2.7138524e-06
RUNDC3A,1,0,0.0,5.287855e-08
RUNDC3B,2,0,0.0,0.37477592
RUNX1T1,6,0,0.0,0.10361955
RUNX3,2,0,0.0,0.36755788
RUSC1,7,0,0.0,0.22950758
RUVBL1,2,0,0.0,0.11704348
RUVBL2,7,0,0.0,0.053263437
RWDD2A,2,0,0.0,4.09751e-06
RWDD4,1,0,0.0,6.0193965e-05
RXFP3,3,0,0.0,5.9318104e-06
RXFP4,1,0,0.0,1.10855415e-10
RXRG,2,0,0.0,0.09908915
RXYLT1,2,0,0.0,0.2229252
RYBP,3,0,0.0,0.25087354
RYK,2,0,0.0,1.3698519e-06
S100A10,1,0,0.0,0.66048443
S100A2,1,0,0.0,0.6022497
S100A4,1,0,0.0,1.6806929e-06
S100A7,4,0,0.0,0.03911889
S100A7A,3,0,0.0,0.27391043
S100A7L2,1,0,0.0,2.7234921e-06
S100A8,1,0,0.0,4.744516e-06
S100B,1,0,0.0,0.6766235
S100Z,1,0,0.0,2.7488084e-06
S1PR1,1,0,0.0,0.6374373
S1PR2,2,0,0.0,0.06935781
S1PR3,2,0,0.0,4.2937842e-07
S1PR5,1,0,0.0,1.0734019e-08
SAA2,1,0,0.0,0.69759053
SAC3D1,1,0,0.0,3.5084732e-10
SACM1L,1,0,0.0,6.7444795e-05
SAE1,1,0,0.0,0.00292686
SAFB,3,0,0.0,0.026492797
SAFB2,3,0,0.0,0.22230363
SAG,3,0,0.0,0.002323441
SALL1,2,0,0.0,1.1752263e-05
SALL2,3,0,0.0,0.22352354
SALL3,5,0,0.0,0.0013924493
SALL4,13,0,0.0,0.07812312
SAMD1,1,0,0.0,0.43500018
SAMD11,2,0,0.0,0.28072858
SAMD12,5,0,0.0,0.1465448
SAMD14,1,0,0.0,0.001131792
SAMD15,1,0,0.0,0.083199315
SAMD3,3,0,0.0,0.10481146
SAMD4A,3,0,0.0,0.27338645
SAMD4B,5,0,0.0,0.09033631
SAMD7,6,0,0.0,0.10358954
SAMD8,1,0,0.0,0.26710674
SAMD9L,12,0,0.0,0.20130295
SAMHD1,2,0,0.0,0.13256651
SAMSN1,4,0,0.0,0.07494448
SAP130,4,0,0.0,0.071740106
SAP18,1,0,0.0,3.2643109e-06
SAP30,1,0,0.0,6.0852544e-06
SAP30BP,1,0,0.0,0.50084746
SAPCD2,2,0,0.0,1.5627637e-07
SAR1B,1,0,0.0,2.731154e-08
SARAF,1,0,0.0,0.0031635421
SARDH,1,0,0.0,1.18728266e-07
SART1,1,0,0.0,0.42253447
SASH1,7,0,0.0,0.00046473515
SAT1,1,0,0.0,0.00034345186
SAT2,1,0,0.0,2.7186263e-06
SATB1,4,0,0.0,0.14342953
SATB2,1,0,0.0,7.936196e-05
SATL1,6,0,0.0,0.14361916
SAXO2,3,0,0.0,0.0830734
SBDS,1,0,0.0,2.2165952e-06
SBF1,6,0,0.0,0.09185501
SBK1,2,0,0.0,0.14484733
SBK2,2,0,0.0,0.11731667
SBSN,2,0,0.0,0.36144724
SBSPON,3,0,0.0,3.9338415e-06
SC5D,2,0,0.0,0.083359435
SCAF1,4,0,0.0,0.013289448
SCAF11,12,0,0.0,0.09214591
SCAF8,3,0,0.0,0.0021494
SCAMP2,1,0,0.0,6.3539395e-05
SCAMP4,2,0,0.0,0.37048712
SCAMP5,2,0,0.0,0.00061469065
SCAP,4,0,0.0,0.1666416
SCAPER,5,0,0.0,0.028792616
SCARA5,1,0,0.0,0.0009904323
SCARB1,2,0,0.0,0.00034802864
SCARB2,1,0,0.0,0.025035983
SCARF1,1,0,0.0,7.241291e-06
SCARF2,1,0,0.0,2.7296915e-06
SCD,2,0,0.0,2.7445847e-06
SCD5,2,0,0.0,0.35883394
SCFD1,5,0,0.0,0.0046163755
SCFD2,2,0,0.0,0.3546029
SCG2,5,0,0.0,0.12601896
SCGB1A1,1,0,0.0,2.8917912e-06
SCGB1D1,1,0,0.0,0.00027210012
SCGN,1,0,0.0,0.6375714
SCIN,1,0,0.0,7.6559843e-07
SCLT1,1,0,0.0,4.4245326e-06
SCLY,1,0,0.0,2.797789e-06
SCMH1,2,0,0.0,0.46835744
SCML1,2,0,0.0,8.114224e-11
SCML4,1,0,0.0,0.00045530184
SCN10A,19,0,0.0,0.22960013
SCN1A,11,0,0.0,0.114464805
SCN1B,2,0,0.0,0.007065116
SCN2A,4,0,0.0,0.26637778
SCN2B,2,0,0.0,0.2000887
SCN3A,10,0,0.0,0.048227448
SCN3B,1,0,0.0,1.9722801e-10
SCN4A,6,0,0.0,0.0002416183
SCN4B,1,0,0.0,0.0053690095
SCN5A,17,0,0.0,0.123470135
SCN7A,14,0,0.0,0.087884225
SCN9A,22,0,0.0,0.060857486
SCNN1A,5,0,0.0,0.0021997145
SCNN1D,4,0,0.0,0.2493037
SCNN1G,8,0,0.0,0.09116381
SCOC,1,0,0.0,0.3392904
SCRG1,1,0,0.0,0.029032128
SCRIB,3,0,0.0,2.2693065e-09
SCRN2,2,0,0.0,0.26010713
SCRN3,1,0,0.0,0.0132430205
SCRT2,2,0,0.0,5.1460825e-06
SCTR,4,0,0.0,6.475364e-05
SCYL3,3,0,0.0,0.24134763
SDC1,2,0,0.0,2.9866947e-06
SDC2,3,0,0.0,6.212115e-05
SDCBP,2,0,0.0,5.411354e-05
SDCBP2,1,0,0.0,0.00069056806
SDCCAG8,2,0,0.0,0.068044
SDHAF2,1,0,0.0,0.6336912
SDHB,1,0,0.0,1.7741496e-06
SDK2,6,0,0.0,0.12256958
SDR16C5,4,0,0.0,0.018336548
SDR39U1,1,0,0.0,0.018792544
SDR42E1,2,0,0.0,0.3125418
SDS,6,0,0.0,0.06109931
SDSL,1,0,0.0,0.15708984
SEBOX,1,0,0.0,0.74133235
SEC11A,2,0,0.0,0.18736258
SEC14L1,4,0,0.0,0.113715835
SEC14L2,1,0,0.0,0.010986912
SEC14L3,2,0,0.0,0.3290539
SEC14L5,9,0,0.0,0.039130103
SEC16B,4,0,0.0,0.00014350974
SEC22C,2,0,0.0,2.7916967e-06
SEC24A,5,0,0.0,0.000426993
SEC24C,3,0,0.0,0.21260904
SEC31A,7,0,0.0,0.3151529
SEC31B,4,0,0.0,0.16410854
SEC61A1,2,0,0.0,0.0057157585
SEC61A2,3,0,0.0,0.2163695
SEC62,1,0,0.0,2.5221025e-06
SEC63,3,0,0.0,4.7939607e-06
SECISBP2,3,0,0.0,0.32207698
SECISBP2L,5,0,0.0,0.026541006
SECTM1,2,0,0.0,0.00036219636
SEH1L,1,0,0.0,0.036785997
SEL1L,2,0,0.0,0.054528
SEL1L3,2,0,0.0,1.364422e-06
SELE,5,0,0.0,1.2817261e-05
SELENBP1,1,0,0.0,0.03682835
SELENOI,1,0,0.0,2.749338e-06
SELENOM,1,0,0.0,0.13131556
SELENOO,3,0,0.0,0.24395877
SELL,1,0,0.0,2.740477e-06
SEM1,1,0,0.0,0.0014087101
SEMA3B,1,0,0.0,2.2438262e-05
SEMA3C,12,0,0.0,0.18882746
SEMA3D,6,0,0.0,0.26486936
SEMA3E,8,0,0.0,0.029993301
SEMA3G,6,0,0.0,0.16984041
SEMA4A,1,0,0.0,7.678397e-06
SEMA4B,4,0,0.0,1.3154133e-05
SEMA4C,2,0,0.0,0.15083846
SEMA4D,1,0,0.0,0.21472938
SEMA4F,4,0,0.0,0.0010275517
SEMA4G,4,0,0.0,0.110519715
SEMA5B,4,0,0.0,0.28128207
SEMA6A,3,0,0.0,0.1753393
SEMA6D,5,0,0.0,0.13301885
SEMA7A,2,0,0.0,7.872873e-07
SENP1,5,0,0.0,0.14655615
SENP2,1,0,0.0,1.6909478e-08
SENP3,4,0,0.0,0.24260618
SENP6,3,0,0.0,0.00020941529
SENP8,2,0,0.0,0.098740384
SEPHS1,4,0,0.0,0.1576788
SEPSECS,3,0,0.0,0.001362673
SEPTIN10,3,0,0.0,0.1442869
SEPTIN11,4,0,0.0,1.5631314e-05
SEPTIN12,3,0,0.0,0.113646865
SEPTIN14,6,0,0.0,0.02583751
SEPTIN2,2,0,0.0,6.7240113e-10
SEPTIN4,10,0,0.0,0.2867017
SEPTIN5,2,0,0.0,0.033360165
SEPTIN6,1,0,0.0,0.06223523
SEPTIN8,2,0,0.0,3.262386e-06
SEPTIN9,2,0,0.0,0.32236996
SERHL,1,0,0.0,0.5518699
SERINC2,2,0,0.0,0.022202805
SERINC3,1,0,0.0,0.035325825
SERINC5,1,0,0.0,2.2101648e-07
SERPINA1,7,0,0.0,0.014144532
SERPINA10,2,0,0.0,0.36884448
SERPINA11,10,0,0.0,0.05865342
SERPINA3,8,0,0.0,0.17396915
SERPINA4,6,0,0.0,0.02222372
SERPINA5,5,0,0.0,0.0384709
SERPINA6,5,0,0.0,0.0013887107
SERPINA7,5,0,0.0,0.00088824285
SERPINA9,3,0,0.0,1.0360814e-06
SERPINB10,7,0,0.0,0.11262276
SERPINB13,1,0,0.0,7.789517e-06
SERPINB2,5,0,0.0,0.25316244
SERPINB3,5,0,0.0,0.11517719
SERPINB6,3,0,0.0,0.1178309
SERPINB8,4,0,0.0,0.30202568
SERPINE1,4,0,0.0,0.3049464
SERPINE3,1,0,0.0,0.18921497
SERPINF1,1,0,0.0,1.2496525e-06
SERPING1,6,0,0.0,0.18737246
SERPINH1,1,0,0.0,2.6958267e-06
SERPINI1,2,0,0.0,0.30548742
SERTAD1,1,0,0.0,3.6369943e-07
SERTAD2,4,0,0.0,0.0022437773
SERTAD4,2,0,0.0,0.3158203
SERTM1,3,0,0.0,0.004531747
SESN1,3,0,0.0,0.11728775
SESN2,1,0,0.0,6.9412073e-07
SESN3,5,0,0.0,0.15516779
SESTD1,6,0,0.0,0.07320482
SETD1A,5,0,0.0,0.001436594
SETD3,4,0,0.0,0.34517083
SETD4,1,0,0.0,0.54946584
SETD5,1,0,0.0,2.9588773e-06
SETD6,2,0,0.0,0.00039529466
SETD7,4,0,0.0,0.121306784
SETD9,1,0,0.0,0.4311094
SETDB2,6,0,0.0,0.028245209
SETMAR,2,0,0.0,0.0006327258
SEZ6,4,0,0.0,0.17807089
SEZ6L,2,0,0.0,2.385159e-06
SEZ6L2,3,0,0.0,0.2458285
SF3A1,2,0,0.0,0.2800424
SF3A3,2,0,0.0,6.3138596e-06
SF3B1,2,0,0.0,0.108117916
SF3B2,4,0,0.0,0.0010927904
SF3B3,1,0,0.0,0.44192803
SF3B4,1,0,0.0,0.18250255
SFMBT1,2,0,0.0,0.032119036
SFMBT2,3,0,0.0,0.27885637
SFN,2,0,0.0,0.057644855
SFRP1,1,0,0.0,1.6858563e-05
SFRP2,1,0,0.0,2.8128673e-06
SFRP5,1,0,0.0,0.7326708
SFSWAP,1,0,0.0,0.68101305
SFTPC,3,0,0.0,8.041184e-06
SFTPD,1,0,0.0,2.743858e-06
SFXN1,4,0,0.0,0.36770973
SFXN2,1,0,0.0,0.0077655897
SFXN4,1,0,0.0,0.0009354281
SFXN5,3,0,0.0,3.7680595e-05
SGCA,3,0,0.0,2.1014099e-05
SGCD,3,0,0.0,0.22600664
SGCG,2,0,0.0,0.34384158
SGIP1,4,0,0.0,0.108394824
SGK1,4,0,0.0,0.011437712
SGK2,2,0,0.0,0.32697272
SGMS1,2,0,0.0,8.516717e-05
SGMS2,5,0,0.0,0.3304649
SGO1,1,0,0.0,0.53195256
SGO2,9,0,0.0,0.0059695416
SGPL1,1,0,0.0,0.0011983258
SGPP1,1,0,0.0,1.1073263e-10
SGPP2,2,0,0.0,0.018804336
SGSH,4,0,0.0,0.10168197
SGSM1,5,0,0.0,0.001035215
SGSM2,7,0,0.0,0.14029841
SGSM3,4,0,0.0,0.1580517
SGTA,1,0,0.0,0.7262341
SGTB,1,0,0.0,0.0007164276
SH2B1,2,0,0.0,0.0033797466
SH2B2,7,0,0.0,0.20289758
SH2B3,1,0,0.0,6.063126e-06
SH2D1B,2,0,0.0,0.013102043
SH2D2A,1,0,0.0,0.69193935
SH2D3A,4,0,0.0,1.3699304e-06
SH2D4A,5,0,0.0,1.8327433e-05
SH2D4B,4,0,0.0,0.0013033232
SH2D5,2,0,0.0,1.3970989e-06
SH2D6,1,0,0.0,1.6970195e-06
SH3BP2,3,0,0.0,0.018241882
SH3BP5,4,0,0.0,0.00075770024
SH3D19,7,0,0.0,0.109850705
SH3GL1,2,0,0.0,0.28687456
SH3GL2,2,0,0.0,0.00036018534
SH3GL3,3,0,0.0,0.031293932
SH3GLB1,1,0,0.0,0.7219612
SH3GLB2,1,0,0.0,0.24423106
SH3KBP1,5,0,0.0,0.1547175
SH3PXD2B,4,0,0.0,0.0009793129
SH3RF1,3,0,0.0,0.24363665
SH3RF2,4,0,0.0,0.1621992
SH3RF3,3,0,0.0,5.047959e-08
SH3TC1,5,0,0.0,4.4026992e-06
SH3TC2,5,0,0.0,0.19048521
SH3YL1,4,0,0.0,0.00054581225
SHANK2,9,0,0.0,0.06380913
SHANK3,1,0,0.0,4.424094e-09
SHARPIN,2,0,0.0,0.57231355
SHB,1,0,0.0,4.4038575e-07
SHC3,1,0,0.0,0.0012732636
SHC4,2,0,0.0,3.8110302e-05
SHCBP1,2,0,0.0,2.1048668e-06
SHH,1,0,0.0,2.6995006e-06
SHISA3,1,0,0.0,0.22624165
SHISA5,3,0,0.0,0.054725986
SHISAL1,2,0,0.0,4.9982316e-07
SHISAL2A,1,0,0.0,2.7207923e-06
SHLD1,3,0,0.0,0.005437862
SHLD2,1,0,0.0,1.8211169e-06
SHMT1,2,0,0.0,0.000116843425
SHOC1,4,0,0.0,0.16191411
SHOC2,1,0,0.0,0.10601135
SHOX,2,0,0.0,4.096317e-06
SHPK,3,0,0.0,0.24383406
SHQ1,2,0,0.0,0.2868075
SHROOM1,1,0,0.0,0.00031824427
SHROOM2,4,0,0.0,0.165561
SI,8,0,0.0,0.07629325
SIAE,3,0,0.0,9.5954885e-05
SIAH2,2,0,0.0,0.39195332
SIAH3,2,0,0.0,0.00018346151
SIDT2,1,0,0.0,7.9607395e-05
SIGIRR,1,0,0.0,0.48901242
SIGLEC1,3,0,0.0,0.0032415949
SIGLEC11,7,0,0.0,0.12162693
SIGLEC12,3,0,0.0,0.00019709622
SIGLEC14,2,0,0.0,0.33605537
SIGLEC15,3,0,0.0,0.20311658
SIGLEC6,2,0,0.0,0.22122638
SIGLEC7,2,0,0.0,0.09393836
SIGLECL1,2,0,0.0,0.01912518
SIK2,3,0,0.0,0.00058592006
SIK3,3,0,0.0,0.20659982
SIKE1,1,0,0.0,0.33151752
SIM2,2,0,0.0,0.0004709483
SIMC1,4,0,0.0,0.00070455414
SIN3A,5,0,0.0,4.984552e-06
SIPA1,3,0,0.0,0.20411831
SIPA1L1,6,0,0.0,0.005456604
SIRPA,2,0,0.0,0.011107855
SIRPB1,6,0,0.0,0.1240445
SIRPB2,1,0,0.0,0.49254543
SIRPD,2,0,0.0,0.2765622
SIRPG,5,0,0.0,0.03381978
SIRT1,1,0,0.0,1.9628908e-06
SIRT2,2,0,0.0,0.34849423
SIRT3,4,0,0.0,0.08060053
SIRT4,2,0,0.0,1.6164715e-06
SIT1,2,0,0.0,1.8143862e-08
SIX2,1,0,0.0,7.5473845e-06
SIX3,2,0,0.0,0.0002771832
SIX4,2,0,0.0,0.001367335
SIX5,4,0,0.0,2.2693377e-05
SIX6,1,0,0.0,0.68145436
SKA1,2,0,0.0,0.549985
SKA2,4,0,0.0,6.6788576e-05
SKA3,2,0,0.0,0.13951096
SKAP2,2,0,0.0,0.030599335
SKI,2,0,0.0,0.007938618
SKIV2L,6,0,0.0,0.026164627
SKOR1,5,0,0.0,0.11258318
SLAIN1,1,0,0.0,0.001306745
SLAIN2,3,0,0.0,0.20417805
SLAMF1,2,0,0.0,0.21915053
SLAMF9,1,0,0.0,0.5075589
SLBP,2,0,0.0,0.00015711848
SLC10A1,1,0,0.0,2.5283662e-06
SLC10A2,1,0,0.0,4.591811e-08
SLC10A3,1,0,0.0,3.6828074e-05
SLC10A6,2,0,0.0,0.0004839789
SLC10A7,1,0,0.0,0.021444924
SLC11A1,6,0,0.0,0.007839248
SLC11A2,1,0,0.0,0.00028674988
SLC12A1,3,0,0.0,0.00044773065
SLC12A2,8,0,0.0,0.16650757
SLC12A3,4,0,0.0,0.2319203
SLC12A4,4,0,0.0,0.023129022
SLC12A6,5,0,0.0,0.0016650183
SLC12A7,8,0,0.0,0.25064644
SLC12A8,4,0,0.0,0.4149331
SLC13A2,9,0,0.0,0.06605843
SLC13A4,4,0,0.0,0.09754579
SLC13A5,2,0,0.0,8.494024e-07
SLC14A1,2,0,0.0,5.090413e-05
SLC14A2,12,0,0.0,0.028017178
SLC15A1,4,0,0.0,3.0352974e-06
SLC15A3,1,0,0.0,1.4659639e-05
SLC16A1,1,0,0.0,1.195279e-06
SLC16A10,1,0,0.0,1.3342413e-06
SLC16A12,2,0,0.0,0.0005424254
SLC16A13,1,0,0.0,1.7333097e-05
SLC16A14,1,0,0.0,0.00048312568
SLC16A2,2,0,0.0,1.47705155e-08
SLC16A5,6,0,0.0,0.118442714
SLC16A6,2,0,0.0,7.6197657e-06
SLC16A7,2,0,0.0,2.8552017e-06
SLC16A8,1,0,0.0,2.7581934e-06
SLC17A1,3,0,0.0,0.033408754
SLC17A2,5,0,0.0,0.04484569
SLC17A3,2,0,0.0,0.021980066
SLC17A5,4,0,0.0,0.29185855
SLC17A6,6,0,0.0,0.0026430984
SLC17A8,4,0,0.0,0.15387903
SLC17A9,3,0,0.0,0.05314933
SLC18A1,4,0,0.0,0.008019017
SLC18A2,4,0,0.0,0.06383545
SLC19A1,1,0,0.0,1.3582376e-06
SLC19A2,1,0,0.0,6.426636e-07
SLC19A3,2,0,0.0,0.0054589706
SLC1A1,3,0,0.0,0.1580111
SLC1A2,5,0,0.0,0.20642665
SLC1A3,2,0,0.0,0.37360927
SLC1A4,3,0,0.0,1.8125132e-06
SLC1A7,1,0,0.0,8.698415e-08
SLC22A1,2,0,0.0,0.3718504
SLC22A10,3,0,0.0,0.3846507
SLC22A11,5,0,0.0,2.3242434e-05
SLC22A12,1,0,0.0,6.8044606e-06
SLC22A13,3,0,0.0,0.2477739
SLC22A14,2,0,0.0,2.4078595e-06
SLC22A16,2,0,0.0,0.006117159
SLC22A17,2,0,0.0,0.0061003086
SLC22A18,1,0,0.0,4.646541e-07
SLC22A2,6,0,0.0,0.0003091449
SLC22A25,2,0,0.0,2.3222442e-06
SLC22A3,4,0,0.0,0.2159024
SLC22A4,3,0,0.0,0.32448342
SLC22A5,2,0,0.0,0.27472898
SLC22A6,1,0,0.0,3.1191023e-05
SLC22A8,3,0,0.0,0.0020427408
SLC23A1,1,0,0.0,1.668436e-07
SLC23A2,6,0,0.0,0.18487315
SLC23A3,2,0,0.0,0.004352615
SLC24A1,4,0,0.0,0.1687098
SLC24A2,4,0,0.0,0.046322916
SLC24A3,8,0,0.0,0.119184956
SLC24A4,2,0,0.0,0.0006406532
SLC25A12,2,0,0.0,0.00021081953
SLC25A13,2,0,0.0,0.30952236
SLC25A14,3,0,0.0,0.40467486
SLC25A16,1,0,0.0,3.6578385e-09
SLC25A17,1,0,0.0,4.0179106e-12
SLC25A20,1,0,0.0,2.738734e-06
SLC25A21,1,0,0.0,0.00014396304
SLC25A23,3,0,0.0,0.2013313
SLC25A25,1,0,0.0,0.5608739
SLC25A27,1,0,0.0,0.37249956
SLC25A28,1,0,0.0,0.58339274
SLC25A3,4,0,0.0,0.21139765
SLC25A30,2,0,0.0,0.116862565
SLC25A32,3,0,0.0,2.8999536e-06
SLC25A34,2,0,0.0,0.35550794
SLC25A36,2,0,0.0,4.8709953e-06
SLC25A37,2,0,0.0,1.4372782e-05
SLC25A39,2,0,0.0,1.0533525e-08
SLC25A40,2,0,0.0,0.5579762
SLC25A41,2,0,0.0,0.29046276
SLC25A42,1,0,0.0,2.7642498e-06
SLC25A44,1,0,0.0,0.21234153
SLC25A45,1,0,0.0,0.029298592
SLC25A46,1,0,0.0,6.438851e-08
SLC25A47,1,0,0.0,0.0013735808
SLC25A48,2,0,0.0,1.2671339e-05
SLC25A51,2,0,0.0,0.13260113
SLC25A52,1,0,0.0,2.8700535e-06
SLC25A6,1,0,0.0,1.5660277e-10
SLC26A1,1,0,0.0,1.0186791e-08
SLC26A2,4,0,0.0,0.27206337
SLC26A6,2,0,0.0,1.10614844e-10
SLC26A7,2,0,0.0,0.0015670148
SLC26A8,4,0,0.0,0.12587577
SLC26A9,5,0,0.0,0.033148408
SLC27A1,4,0,0.0,0.18981507
SLC27A2,9,0,0.0,0.050844777
SLC27A3,1,0,0.0,4.6539476e-06
SLC27A5,1,0,0.0,6.9731016e-07
SLC27A6,6,0,0.0,0.31340614
SLC28A1,4,0,0.0,0.22705181
SLC28A2,4,0,0.0,6.2386807e-06
SLC28A3,4,0,0.0,0.07382578
SLC29A1,2,0,0.0,0.09924477
SLC29A4,3,0,0.0,0.20119004
SLC2A1,8,0,0.0,3.1308953e-06
SLC2A10,1,0,0.0,0.5381811
SLC2A11,3,0,0.0,0.00013413778
SLC2A12,3,0,0.0,0.28532895
SLC2A13,3,0,0.0,0.46860442
SLC2A2,6,0,0.0,0.216084
SLC2A3,2,0,0.0,0.5805464
SLC2A4,4,0,0.0,0.26278108
SLC2A5,2,0,0.0,0.25047514
SLC2A6,1,0,0.0,0.0005544525
SLC2A7,2,0,0.0,2.2823693e-07
SLC2A9,3,0,0.0,0.19993496
SLC30A10,2,0,0.0,0.12788832
SLC30A2,1,0,0.0,0.3058397
SLC30A4,2,0,0.0,0.21916105
SLC30A5,1,0,0.0,0.13813482
SLC30A6,1,0,0.0,1.8840505e-09
SLC30A8,3,0,0.0,0.22309852
SLC31A1,1,0,0.0,0.616704
SLC32A1,4,0,0.0,1.9828907e-05
SLC33A1,2,0,0.0,0.30009836
SLC34A2,1,0,0.0,1.28761085e-05
SLC34A3,3,0,0.0,7.935744e-06
SLC35A1,1,0,0.0,0.0009943476
SLC35A2,2,0,0.0,0.0024570406
SLC35A3,1,0,0.0,0.25542995
SLC35A4,1,0,0.0,0.14551926
SLC35B3,3,0,0.0,0.2190395
SLC35B4,2,0,0.0,0.21124664
SLC35C1,1,0,0.0,1.1083555e-10
SLC35C2,2,0,0.0,0.030835845
SLC35D2,1,0,0.0,0.7134312
SLC35D3,2,0,0.0,0.23910494
SLC35E1,1,0,0.0,0.69700533
SLC35E4,1,0,0.0,0.0033268265
SLC35F1,1,0,0.0,4.56662e-09
SLC35F2,1,0,0.0,1.5623378e-06
SLC35F3,2,0,0.0,0.24926259
SLC35F4,4,0,0.0,0.32915726
SLC35F5,5,0,0.0,0.012029702
SLC35F6,1,0,0.0,8.3393215e-10
SLC35G2,3,0,0.0,1.9069063e-06
SLC35G3,7,0,0.0,0.0029188467
SLC36A1,4,0,0.0,0.026315577
SLC36A2,3,0,0.0,7.38766e-06
SLC36A4,1,0,0.0,1.6542268e-08
SLC38A10,3,0,0.0,0.049529966
SLC38A11,3,0,0.0,0.23128112
SLC38A2,1,0,0.0,0.5735622
SLC38A3,3,0,0.0,0.16035552
SLC38A4,7,0,0.0,3.6290123e-05
SLC38A5,3,0,0.0,0.4091873
SLC38A6,2,0,0.0,0.0024300618
SLC38A7,1,0,0.0,2.7050721e-06
SLC38A8,2,0,0.0,0.00030343476
SLC38A9,1,0,0.0,0.7382781
SLC39A1,1,0,0.0,0.047980707
SLC39A10,5,0,0.0,0.35993385
SLC39A11,1,0,0.0,0.27492562
SLC39A13,1,0,0.0,0.38038006
SLC39A14,1,0,0.0,0.24694933
SLC39A2,2,0,0.0,0.0051525193
SLC39A3,2,0,0.0,0.33307445
SLC39A4,4,0,0.0,0.00010908506
SLC39A5,1,0,0.0,0.7467726
SLC39A7,2,0,0.0,0.0028761362
SLC39A9,5,0,0.0,0.10887691
SLC3A1,5,0,0.0,0.026498202
SLC3A2,1,0,0.0,0.053155065
SLC40A1,1,0,0.0,0.0017502351
SLC41A1,4,0,0.0,0.1276185
SLC41A2,1,0,0.0,0.0012459524
SLC41A3,3,0,0.0,9.0856514e-07
SLC43A3,3,0,0.0,0.24989247
SLC44A3,4,0,0.0,0.241489
SLC44A4,4,0,0.0,0.13888854
SLC44A5,8,0,0.0,0.0655184
SLC45A1,3,0,0.0,0.30540386
SLC45A2,2,0,0.0,0.00022761607
SLC45A3,2,0,0.0,3.3886627e-06
SLC45A4,5,0,0.0,0.08015689
SLC46A1,2,0,0.0,0.32106236
SLC46A2,6,0,0.0,0.29178408
SLC46A3,5,0,0.0,0.15006286
SLC47A2,3,0,0.0,3.344326e-06
SLC48A1,1,0,0.0,0.015416075
SLC49A3,3,0,0.0,3.7413167e-06
SLC49A4,1,0,0.0,3.60315e-08
SLC4A1,12,0,0.0,0.107981265
SLC4A11,2,0,0.0,0.05172438
SLC4A1AP,1,0,0.0,0.2451279
SLC4A2,7,0,0.0,0.17354736
SLC4A3,4,0,0.0,0.002455581
SLC4A4,6,0,0.0,0.16866852
SLC4A9,2,0,0.0,0.09926989
SLC50A1,1,0,0.0,2.7043372e-06
SLC51A,1,0,0.0,0.47326672
SLC51B,1,0,0.0,0.023761174
SLC52A2,2,0,0.0,0.31183237
SLC52A3,2,0,0.0,0.37358364
SLC5A1,4,0,0.0,0.14789216
SLC5A10,1,0,0.0,2.4328097e-09
SLC5A2,2,0,0.0,0.36518028
SLC5A4,4,0,0.0,0.11125058
SLC5A6,2,0,0.0,6.76486e-06
SLC5A7,12,0,0.0,0.091043055
SLC5A8,4,0,0.0,0.18627071
SLC66A2,1,0,0.0,6.788512e-11
SLC6A1,4,0,0.0,0.29010263
SLC6A11,2,0,0.0,0.29857564
SLC6A12,3,0,0.0,0.33247617
SLC6A13,4,0,0.0,0.31350648
SLC6A15,7,0,0.0,0.34057498
SLC6A16,5,0,0.0,0.15988666
SLC6A19,7,0,0.0,0.0122160185
SLC6A2,1,0,0.0,0.6761416
SLC6A20,5,0,0.0,0.008717816
SLC6A3,9,0,0.0,0.02605598
SLC6A5,4,0,0.0,1.4236919e-06
SLC6A6,7,0,0.0,0.1355118
SLC6A8,2,0,0.0,0.07398203
SLC6A9,1,0,0.0,0.026957473
SLC7A1,2,0,0.0,0.21026513
SLC7A11,2,0,0.0,2.0198984e-06
SLC7A14,6,0,0.0,0.23405276
SLC7A2,2,0,0.0,1.6992495e-05
SLC7A5,3,0,0.0,6.527583e-07
SLC7A7,3,0,0.0,0.00055960566
SLC7A8,3,0,0.0,0.0012333738
SLC7A9,3,0,0.0,6.617135e-05
SLC8A1,3,0,0.0,0.13079149
SLC8A3,4,0,0.0,8.5505126e-05
SLC8B1,4,0,0.0,0.020266857
SLC9A1,4,0,0.0,0.13539124
SLC9A2,9,0,0.0,0.014415062
SLC9A3R1,1,0,0.0,0.038762864
SLC9A6,4,0,0.0,0.0045495015
SLC9A7,1,0,0.0,0.0012958852
SLC9A8,2,0,0.0,0.19218965
SLC9B1,3,0,0.0,0.24471474
SLC9B2,2,0,0.0,0.00020216113
SLC9C2,9,0,0.0,0.13671893
SLCO1A2,2,0,0.0,0.5915331
SLCO1B3-SLCO1B7,11,0,0.0,0.05038353
SLCO1C1,1,0,0.0,2.7178437e-06
SLCO2A1,4,0,0.0,0.14487302
SLCO2B1,7,0,0.0,0.0011174633
SLCO3A1,5,0,0.0,0.00027324012
SLCO4A1,4,0,0.0,0.1339555
SLCO4C1,9,0,0.0,0.16746537
SLCO5A1,15,0,0.0,0.07815715
SLF1,1,0,0.0,0.007335861
SLF2,5,0,0.0,0.15831195
SLFN12,1,0,0.0,0.18724743
SLFN13,9,0,0.0,0.22599292
SLFN5,6,0,0.0,0.30307087
SLFNL1,3,0,0.0,1.5098997e-05
SLIT1,4,0,0.0,8.0738704e-07
SLIT2,19,0,0.0,0.0953943
SLITRK1,2,0,0.0,0.08953758
SLITRK2,8,0,0.0,0.1432297
SLITRK5,2,0,0.0,0.1318923
SLITRK6,9,0,0.0,0.1502816
SLMAP,4,0,0.0,0.06756729
SLN,1,0,0.0,0.72901815
SLPI,2,0,0.0,7.201943e-06
SLTM,4,0,0.0,0.06899235
SLURP1,1,0,0.0,0.57425517
SLX4,6,0,0.0,0.101171464
SLX4IP,3,0,0.0,0.3216863
SMAD2,1,0,0.0,0.30111444
SMAD3,2,0,0.0,1.3622522e-06
SMAD4,3,0,0.0,1.7749538e-07
SMAD9,1,0,0.0,0.18260926
SMAGP,1,0,0.0,0.025052266
SMAP1,1,0,0.0,0.16993564
SMARCA1,9,0,0.0,0.042868055
SMARCAD1,4,0,0.0,0.30606773
SMARCAL1,8,0,0.0,0.0065524396
SMARCC1,3,0,0.0,0.23807873
SMARCC2,3,0,0.0,0.27086803
SMARCD1,2,0,0.0,0.26115298
SMARCD2,1,0,0.0,3.5326518e-06
SMARCD3,1,0,0.0,0.010631736
SMC1A,10,0,0.0,0.0045584748
SMC2,4,0,0.0,0.06243596
SMC4,3,0,0.0,0.4358386
SMC5,2,0,0.0,0.12269736
SMCO4,1,0,0.0,2.840772e-06
SMCP,1,0,0.0,0.63538295
SMCR8,6,0,0.0,0.26915598
SMDT1,1,0,0.0,9.936856e-06
SMG6,2,0,0.0,0.3314928
SMG7,6,0,0.0,0.03376056
SMG8,9,0,0.0,0.22369869
SMIM14,1,0,0.0,0.0004179376
SMIM19,3,0,0.0,0.046593603
SMO,1,0,0.0,0.7486564
SMOC2,1,0,0.0,5.723028e-06
SMOX,2,0,0.0,4.0005084e-06
SMPD3,3,0,0.0,9.716193e-07
SMPD4,2,0,0.0,1.0995006e-05
SMPDL3B,3,0,0.0,0.5765807
SMR3A,3,0,0.0,0.33788124
SMR3B,4,0,0.0,0.14992777
SMS,1,0,0.0,0.0005962234
SMTN,4,0,0.0,6.37518e-06
SMTNL1,2,0,0.0,4.952588e-05
SMTNL2,2,0,0.0,0.093980774
SMU1,1,0,0.0,8.1734515e-06
SMURF2,2,0,0.0,0.3735524
SMYD1,1,0,0.0,0.00012283765
SMYD3,6,0,0.0,0.11846294
SMYD5,4,0,0.0,0.003848085
SNAI1,1,0,0.0,0.39750928
SNAI2,2,0,0.0,0.36924595
SNAI3,1,0,0.0,2.6913262e-06
SNAP23,1,0,0.0,2.9312241e-06
SNAP25,5,0,0.0,0.0026528945
SNAP29,1,0,0.0,2.7308367e-06
SNAP91,3,0,0.0,7.4934273e-06
SNED1,1,0,0.0,6.7917595e-06
SNIP1,3,0,0.0,0.11871416
SNORA26,1,0,0.0,0.5004007
SNORD114-15,1,0,0.0,0.019115094
SNORD114-20,2,0,0.0,2.658547e-05
SNORD114-23,1,0,0.0,0.008067435
SNORD114-25,2,0,0.0,3.714757e-06
SNORD115-10,1,0,0.0,0.59134847
SNORD115-16,2,0,0.0,2.3113644e-05
SNORD115-20,2,0,0.0,1.5698208e-05
SNORD115-21,2,0,0.0,0.00019416798
SNORD115-22,2,0,0.0,0.3965463
SNORD115-23,1,0,0.0,3.5740746e-07
SNORD115-31,1,0,0.0,0.6756613
SNORD115-33,1,0,0.0,1.7943466e-05
SNORD115-40,1,0,0.0,2.7416663e-06
SNORD115-7,1,0,0.0,0.12113961
SNORD116-12,1,0,0.0,0.0028961801
SNORD116-14,1,0,0.0,3.397244e-06
SNORD116-17,1,0,0.0,0.71567875
SNORD116-20,1,0,0.0,0.00049016095
SNORD116-22,1,0,0.0,8.362478e-07
SNORD116-23,2,0,0.0,4.20939e-06
SNORD116-24,2,0,0.0,0.0013849466
SNORD116-27,2,0,0.0,0.059681416
SNORD116-6,1,0,0.0,8.4780305e-07
SNPH,2,0,0.0,0.38710135
SNRK,3,0,0.0,0.20071828
SNRNP200,9,0,0.0,0.025883745
SNRNP35,1,0,0.0,2.8901038e-06
SNRNP40,1,0,0.0,0.53567094
SNRNP48,1,0,0.0,4.8345228e-06
SNRPB,1,0,0.0,5.74917e-07
SNRPB2,1,0,0.0,2.69844e-06
SNRPD1,1,0,0.0,2.9124653e-06
SNRPN,1,0,0.0,0.01002504
SNTA1,2,0,0.0,0.11953346
SNTB2,1,0,0.0,4.532018e-07
SNTG1,5,0,0.0,0.45559198
SNTG2,2,0,0.0,1.6952413e-06
SNUPN,1,0,0.0,6.68386e-05
SNW1,1,0,0.0,0.0016750179
SNX1,5,0,0.0,9.7935015e-05
SNX11,4,0,0.0,0.095898494
SNX12,1,0,0.0,2.7303136e-06
SNX14,5,0,0.0,0.067197956
SNX16,2,0,0.0,3.010809e-06
SNX19,3,0,0.0,0.35318044
SNX2,1,0,0.0,0.0014858156
SNX20,2,0,0.0,0.05667889
SNX21,1,0,0.0,0.042393334
SNX24,2,0,0.0,1.1635897e-05
SNX30,2,0,0.0,4.956485e-07
SNX31,1,0,0.0,0.5443936
SNX33,2,0,0.0,1.3836524e-05
SNX4,2,0,0.0,1.1007311e-10
SNX5,1,0,0.0,0.005075113
SNX6,1,0,0.0,1.10340063e-10
SNX8,5,0,0.0,0.0044926885
SOAT1,3,0,0.0,0.3419275
SOAT2,4,0,0.0,0.12800463
SOBP,1,0,0.0,0.52949315
SOCS1,1,0,0.0,0.0015265857
SOCS2,2,0,0.0,2.3302844e-06
SOCS4,2,0,0.0,6.774232e-05
SOCS5,2,0,0.0,0.25801322
SOCS6,8,0,0.0,0.14736204
SOD2,1,0,0.0,0.041174605
SOGA1,3,0,0.0,0.14805265
SOHLH1,5,0,0.0,0.003081364
SOHLH2,2,0,0.0,3.4372713e-06
SORBS1,10,0,0.0,0.07853888
SORBS2,4,0,0.0,0.115804754
SORBS3,3,0,0.0,0.20322375
SORCS1,8,0,0.0,0.0463022
SORCS3,6,0,0.0,0.042047787
SORL1,9,0,0.0,0.113885745
SORT1,1,0,0.0,2.8893874e-06
SOS1,5,0,0.0,0.00600885
SOS2,9,0,0.0,0.03539106
SOST,1,0,0.0,0.74090606
SOSTDC1,1,0,0.0,0.6286963
SOWAHB,3,0,0.0,0.0006072716
SOWAHD,3,0,0.0,2.1430424e-06
SOX10,1,0,0.0,3.6522704e-07
SOX14,2,0,0.0,0.00087748375
SOX17,1,0,0.0,1.1811746e-08
SOX3,4,0,0.0,0.00022164844
SOX30,6,0,0.0,0.0037267972
SOX4,3,0,0.0,8.825658e-09
SOX5,2,0,0.0,1.4010067e-06
SOX7,2,0,0.0,0.08532136
SOX9,6,0,0.0,0.12057224
SP1,7,0,0.0,0.19786619
SP100,4,0,0.0,0.07637317
SP110,7,0,0.0,0.007597041
SP140,2,0,0.0,0.1510393
SP2,5,0,0.0,0.012070058
SP3,4,0,0.0,0.0231241
SP4,5,0,0.0,0.28951725
SP5,2,0,0.0,1.7186287e-06
SP6,1,0,0.0,2.7525411e-06
SP7,1,0,0.0,0.71098465
SPACA1,4,0,0.0,0.0001582652
SPACA3,1,0,0.0,0.10215589
SPACA5B,1,0,0.0,0.73942757
SPACA7,1,0,0.0,4.8674156e-08
SPACA9,1,0,0.0,2.6821498e-10
SPAG16,1,0,0.0,9.225687e-06
SPAG5,6,0,0.0,0.22649723
SPAG6,1,0,0.0,2.708397e-06
SPAG7,1,0,0.0,0.0013608425
SPAG8,2,0,0.0,0.3145544
SPAM1,7,0,0.0,0.006914791
SPANXB1,3,0,0.0,0.08457919
SPANXN2,2,0,0.0,0.0028996326
SPANXN3,2,0,0.0,0.0023838617
SPANXN5,1,0,0.0,4.2167998e-05
SPARCL1,1,0,0.0,0.1529275
SPART,1,0,0.0,1.5434912e-07
SPATA13,1,0,0.0,0.0020767942
SPATA16,6,0,0.0,0.25637102
SPATA18,2,0,0.0,0.32277086
SPATA19,2,0,0.0,0.00019034243
SPATA2,2,0,0.0,1.10750804e-10
SPATA20,1,0,0.0,3.6668546e-10
SPATA21,1,0,0.0,0.020468764
SPATA25,1,0,0.0,0.38745677
SPATA2L,3,0,0.0,1.0195891e-09
SPATA31E1,4,0,0.0,0.14128515
SPATA4,1,0,0.0,2.291371e-09
SPATA46,1,0,0.0,5.59794e-06
SPATA5L1,2,0,0.0,0.23119877
SPATA6,1,0,0.0,0.017939426
SPATA6L,2,0,0.0,2.0659949e-05
SPATA7,2,0,0.0,0.32770753
SPATA8,5,0,0.0,0.01884516
SPATA9,1,0,0.0,2.9426462e-06
SPATC1,5,0,0.0,0.12216637
SPATS1,1,0,0.0,3.1963083e-08
SPATS2,2,0,0.0,0.000270436
SPC24,1,0,0.0,1.5547383e-11
SPC25,1,0,0.0,0.00067785155
SPCS3,1,0,0.0,3.7774961e-07
SPDEF,1,0,0.0,5.4328538e-08
SPDL1,3,0,0.0,0.4077311
SPDYC,2,0,0.0,0.1392242
SPDYE1,3,0,0.0,0.18952747
SPDYE3,2,0,0.0,0.35483962
SPECC1,4,0,0.0,0.23281473
SPECC1L,5,0,0.0,0.022014838
SPEF1,1,0,0.0,2.8045852e-07
SPEM2,1,0,0.0,2.687802e-06
SPESP1,1,0,0.0,0.7468724
SPG11,4,0,0.0,0.18614987
SPG21,2,0,0.0,0.20186178
SPG7,2,0,0.0,1.3615646e-06
SPHK1,2,0,0.0,4.7740027e-06
SPHK2,2,0,0.0,3.2669953e-07
SPHKAP,6,0,0.0,0.17481208
SPI1,3,0,0.0,0.08528715
SPIB,1,0,0.0,0.028677357
SPIC,4,0,0.0,0.21385953
SPICE1,4,0,0.0,0.23788846
SPIDR,1,0,0.0,2.7097017e-06
SPIN2B,2,0,0.0,1.0796822e-08
SPIN3,1,0,0.0,1.7202313e-09
SPINK2,1,0,0.0,0.63560575
SPINK4,1,0,0.0,0.72363037
SPINK5,6,0,0.0,0.34581617
SPINK7,2,0,0.0,1.11904e-05
SPINT1,4,0,0.0,0.16145448
SPINT2,3,0,0.0,0.15404503
SPINT4,1,0,0.0,0.74682486
SPIRE1,3,0,0.0,0.08176326
SPIRE2,2,0,0.0,1.1034778e-05
SPN,1,0,0.0,0.024333779
SPNS1,2,0,0.0,0.22558604
SPNS2,2,0,0.0,0.026579306
SPNS3,5,0,0.0,0.113162205
SPO11,3,0,0.0,0.16566874
SPOCD1,12,0,0.0,0.2037332
SPOCK1,4,0,0.0,0.115803994
SPOCK2,1,0,0.0,1.1176663e-05
SPOCK3,6,0,0.0,0.32221803
SPON1,3,0,0.0,0.06611689
SPON2,3,0,0.0,0.00011120251
SPOPL,1,0,0.0,1.4808913e-09
SPOUT1,1,0,0.0,6.3306613e-09
SPP1,2,0,0.0,0.020026527
SPP2,2,0,0.0,6.323545e-06
SPPL2A,1,0,0.0,0.012485113
SPPL2B,4,0,0.0,0.057387114
SPPL2C,2,0,0.0,0.030758921
SPRED1,2,0,0.0,3.2948349e-06
SPRED2,1,0,0.0,0.0032083292
SPRR1A,2,0,0.0,8.20608e-06
SPRR1B,1,0,0.0,0.003103107
SPRR2B,2,0,0.0,0.35639003
SPRR4,1,0,0.0,0.0047467425
SPRTN,3,0,0.0,3.9505317e-06
SPRY1,1,0,0.0,0.043931786
SPRY2,2,0,0.0,0.07468673
SPRY3,4,0,0.0,0.0011300566
SPRYD3,1,0,0.0,0.1241342
SPRYD4,3,0,0.0,0.0041566254
SPSB1,2,0,0.0,0.018676944
SPSB4,1,0,0.0,2.2982676e-06
SPTB,10,0,0.0,0.11165396
SPTBN1,9,0,0.0,0.04315014
SPTBN2,10,0,0.0,0.07073828
SPTLC1,3,0,0.0,0.58461416
SPTLC2,1,0,0.0,4.3039116e-05
SPTLC3,6,0,0.0,0.1176559
SPTSSB,2,0,0.0,3.21187e-06
SPTY2D1,5,0,0.0,0.10837851
SPX,2,0,0.0,1.3486269e-06
SPZ1,1,0,0.0,3.243063e-07
SQLE,1,0,0.0,0.5937205
SQOR,2,0,0.0,0.017036466
SQSTM1,2,0,0.0,0.4478454
SRA1,1,0,0.0,0.00052763027
SRC,4,0,0.0,0.06717924
SRCIN1,2,0,0.0,0.021260884
SRD5A1,1,0,0.0,0.7240001
SRD5A2,3,0,0.0,0.00039894765
SRD5A3,2,0,0.0,0.13337494
SREBF1,2,0,0.0,0.004703983
SREBF2,7,0,0.0,0.10640866
SREK1,2,0,0.0,0.0018712934
SRF,1,0,0.0,0.0033187114
SRFBP1,2,0,0.0,3.564594e-07
SRGAP1,7,0,0.0,0.00219811
SRGAP3,9,0,0.0,0.22289385
SRL,5,0,0.0,0.042971153
SRMS,4,0,0.0,0.08499694
SRP54,4,0,0.0,0.0045205383
SRP72,3,0,0.0,1.7387154e-05
SRPK1,3,0,0.0,9.82851e-07
SRPK2,5,0,0.0,0.021281682
SRPRA,4,0,0.0,0.0019356422
SRPX,2,0,0.0,0.0048792344
SRPX2,4,0,0.0,0.0020566634
SRRD,1,0,0.0,0.00017520497
SRRM1,2,0,0.0,0.37179202
SRRT,4,0,0.0,0.040347904
SRSF1,1,0,0.0,5.5509295e-06
SRSF11,6,0,0.0,0.2441016
SRSF12,2,0,0.0,0.06567159
SRSF2,1,0,0.0,0.013901928
SRSF3,1,0,0.0,0.002222272
SRSF5,5,0,0.0,0.007686328
SRSF6,1,0,0.0,0.0015145715
SRSF7,1,0,0.0,0.5513465
SRXN1,1,0,0.0,1.3137104e-08
SS18,2,0,0.0,3.7105478e-05
SSBP3,1,0,0.0,0.6797949
SSH1,3,0,0.0,0.3854299
SSH2,4,0,0.0,0.23122552
SSMEM1,1,0,0.0,0.70461345
SSNA1,1,0,0.0,5.091322e-07
SSR1,2,0,0.0,0.005777367
SSR2,4,0,0.0,0.09589884
SSTR2,5,0,0.0,0.16616796
SSTR5,3,0,0.0,5.8649395e-05
SSU72,1,0,0.0,2.7351348e-06
SSUH2,1,0,0.0,3.2598948e-07
SSX1,3,0,0.0,0.005166356
SSX3,1,0,0.0,2.709288e-06
SSX4,1,0,0.0,0.73145026
SSX5,4,0,0.0,0.016609615
SSX6P,3,0,0.0,0.24326879
SSX7,1,0,0.0,0.0022359118
SSX9P,3,0,0.0,0.026889443
ST13,1,0,0.0,0.00055332505
ST3GAL1,3,0,0.0,0.19001849
ST6GAL1,6,0,0.0,0.00013204062
ST6GALNAC1,4,0,0.0,0.2771088
ST6GALNAC4,1,0,0.0,0.6912867
ST6GALNAC5,1,0,0.0,0.00040845393
ST6GALNAC6,1,0,0.0,0.40958616
ST8SIA2,7,0,0.0,0.0007089005
ST8SIA3,6,0,0.0,0.33292452
ST8SIA5,2,0,0.0,0.15840627
ST8SIA6,3,0,0.0,2.8123516e-06
STAB2,11,0,0.0,0.099675655
STAC,3,0,0.0,0.052243587
STAC3,2,0,0.0,0.0006962314
STAG1,6,0,0.0,0.09821716
STAG2,13,0,0.0,0.024547465
STAM,3,0,0.0,0.0018082886
STAMBP,1,0,0.0,0.014840605
STAMBPL1,2,0,0.0,3.3606723e-10
STAP1,3,0,0.0,0.457178
STAR,5,0,0.0,0.26087764
STARD13,8,0,0.0,0.055927318
STARD3,1,0,0.0,1.5384255e-11
STARD4,1,0,0.0,3.1636857e-06
STARD5,2,0,0.0,1.3850292e-06
STARD8,7,0,0.0,0.024085868
STAT1,4,0,0.0,0.0016222444
STAT4,5,0,0.0,0.0057089822
STAT5A,4,0,0.0,0.1517955
STAT5B,1,0,0.0,0.09061021
STAU1,3,0,0.0,0.016891263
STAU2,3,0,0.0,0.4248664
STBD1,2,0,0.0,0.01619803
STC1,3,0,0.0,0.24308555
STC2,1,0,0.0,0.7110437
STEAP1,4,0,0.0,0.5497047
STEAP3,2,0,0.0,4.154771e-06
STEAP4,1,0,0.0,0.73502046
STIL,3,0,0.0,0.16698903
STIM1,4,0,0.0,0.13260326
STIM2,1,0,0.0,0.05298079
STIP1,1,0,0.0,5.4717866e-06
STK11IP,1,0,0.0,2.1392799e-08
STK16,1,0,0.0,1.0868954e-05
STK17A,2,0,0.0,0.3099724
STK17B,2,0,0.0,0.051870506
STK24,3,0,0.0,5.9999325e-06
STK25,1,0,0.0,5.4785996e-06
STK26,3,0,0.0,1.5340805e-05
STK3,2,0,0.0,0.29247501
STK32A,2,0,0.0,0.3735037
STK32B,3,0,0.0,6.4248684e-06
STK33,1,0,0.0,0.38542905
STK35,7,0,0.0,0.10357304
STK36,4,0,0.0,0.0029603268
STK38L,1,0,0.0,0.05303752
STK39,3,0,0.0,0.11488416
STMN1,1,0,0.0,4.0440586e-06
STMN3,2,0,0.0,0.08224436
STMN4,4,0,0.0,0.40471625
STOM,1,0,0.0,0.004756997
STOML1,1,0,0.0,5.985053e-07
STOML2,1,0,0.0,0.0017524258
STOML3,4,0,0.0,0.046980835
STON1,3,0,0.0,0.0009483304
STON1-GTF2A1L,3,0,0.0,0.10469913
STOX1,4,0,0.0,0.067869864
STOX2,2,0,0.0,1.1664096e-10
STPG1,5,0,0.0,0.0012621979
STPG2,1,0,0.0,0.0009922714
STRA6,3,0,0.0,0.17438436
STRADA,1,0,0.0,2.7570047e-06
STRADB,1,0,0.0,0.00022904153
STRAP,2,0,0.0,1.3752286e-06
STRBP,2,0,0.0,0.3614497
STRC,4,0,0.0,0.32234645
STRIP2,4,0,0.0,0.18266208
STRN,1,0,0.0,0.0024129818
STRN3,4,0,0.0,0.17540161
STRN4,3,0,0.0,0.11177691
STS,3,0,0.0,0.007908238
STT3A,1,0,0.0,0.7392245
STUB1,1,0,0.0,0.19835895
STX18,1,0,0.0,0.053117666
STX19,1,0,0.0,0.3944018
STX1B,2,0,0.0,0.33130124
STX2,3,0,0.0,0.13312045
STX4,2,0,0.0,0.13869108
STX5,1,0,0.0,0.62248236
STX7,1,0,0.0,1.1231226e-09
STX8,1,0,0.0,2.6856137e-06
STXBP2,4,0,0.0,0.15046501
STXBP3,1,0,0.0,0.052982923
STXBP4,1,0,0.0,0.6500828
STXBP5L,10,0,0.0,0.23018
STXBP6,1,0,0.0,0.0045115976
STYK1,4,0,0.0,0.084849924
STYX,2,0,0.0,0.003988219
STYXL1,1,0,0.0,0.7107603
STYXL2,14,0,0.0,0.06526452
SUCLA2,3,0,0.0,0.26895195
SUCLG1,2,0,0.0,2.8212912e-06
SUCNR1,2,0,0.0,0.00014218918
SUCO,2,0,0.0,0.29741782
SUFU,5,0,0.0,0.26203483
SUGCT,4,0,0.0,0.2640695
SUGP2,2,0,0.0,0.000493634
SULT1A1,1,0,0.0,1.6688657e-07
SULT1A2,1,0,0.0,0.6338678
SULT1B1,9,0,0.0,0.1093397
SULT1C3,3,0,0.0,0.21895361
SULT1C4,2,0,0.0,0.0003539426
SULT2A1,1,0,0.0,2.6928126e-06
SULT2B1,3,0,0.0,0.3355012
SUMF2,1,0,0.0,0.03375498
SUMO1,1,0,0.0,0.7470239
SUN1,5,0,0.0,0.2055263
SUN2,1,0,0.0,1.0809218e-07
SUOX,2,0,0.0,1.7251823e-06
SUPT20H,4,0,0.0,0.16291843
SUPT20HL1,3,0,0.0,0.029232169
SUPT20HL2,1,0,0.0,0.00999003
SUPT3H,1,0,0.0,3.147648e-06
SUPT5H,2,0,0.0,0.3734253
SUPT6H,10,0,0.0,0.17387326
SUPT7L,1,0,0.0,8.926417e-10
SUPV3L1,2,0,0.0,0.6322011
SURF1,1,0,0.0,0.29355687
SUSD3,1,0,0.0,0.0017550163
SUSD4,1,0,0.0,1.10617376e-10
SUV39H1,1,0,0.0,1.0925829e-06
SUV39H2,4,0,0.0,0.09580565
SUZ12,3,0,0.0,9.440384e-07
SV2B,7,0,0.0,0.040983282
SV2C,12,0,0.0,0.119663745
SVIL,11,0,0.0,0.11167262
SVOP,2,0,0.0,0.0012741792
SVOPL,7,0,0.0,0.20338796
SWAP70,1,0,0.0,3.1116636e-07
SWT1,3,0,0.0,0.22868341
SYAP1,1,0,0.0,1.32804e-06
SYBU,3,0,0.0,0.1730969
SYCP2,8,0,0.0,0.20666458
SYCP2L,3,0,0.0,0.13319829
SYCP3,2,0,0.0,0.2920181
SYDE1,2,0,0.0,7.1842105e-06
SYMPK,7,0,0.0,0.18209161
SYN1,3,0,0.0,0.0003296558
SYN2,1,0,0.0,0.0009870036
SYN3,5,0,0.0,6.8785134e-06
SYNCRIP,1,0,0.0,0.33882275
SYNDIG1,1,0,0.0,7.1865713e-07
SYNDIG1L,1,0,0.0,1.2526973e-09
SYNE3,3,0,0.0,9.676754e-06
SYNGAP1,5,0,0.0,0.08086062
SYNGR3,1,0,0.0,9.9369965e-05
SYNJ1,4,0,0.0,0.19172639
SYNJ2,10,0,0.0,0.2530154
SYNM,5,0,0.0,1.0644045e-05
SYNPO2L,1,0,0.0,0.067462325
SYNRG,7,0,0.0,0.16890013
SYP,2,0,0.0,2.000573e-06
SYPL2,2,0,0.0,0.0060102325
SYS1,1,0,0.0,1.9584666e-06
SYT1,2,0,0.0,2.7704577e-06
SYT11,3,0,0.0,0.20138977
SYT13,6,0,0.0,0.22939424
SYT14,1,0,0.0,5.0448836e-07
SYT15,1,0,0.0,0.31248045
SYT16,15,0,0.0,0.00018434341
SYT17,1,0,0.0,1.8514986e-05
SYT2,2,0,0.0,0.25750902
SYT3,1,0,0.0,7.66682e-07
SYT5,1,0,0.0,0.41812515
SYT6,4,0,0.0,0.36014768
SYT7,3,0,0.0,0.0010348886
SYT8,2,0,0.0,0.26789552
SYT9,3,0,0.0,0.10049156
SYTL1,1,0,0.0,7.071019e-07
SYTL2,6,0,0.0,0.15824938
SYTL4,1,0,0.0,2.8960079e-08
SYTL5,6,0,0.0,0.04307593
SYVN1,2,0,0.0,0.36217615
SZRD1,1,0,0.0,2.870119e-06
SZT2,12,0,0.0,0.19249493
TAAR1,2,0,0.0,4.413014e-09
TAAR2,1,0,0.0,0.02287485
TAAR5,1,0,0.0,0.02617279
TAB2,5,0,0.0,0.050439507
TAB3,3,0,0.0,0.00024895053
TAC1,1,0,0.0,0.61902285
TAC3,3,0,0.0,0.19699384
TAC4,1,0,0.0,2.7539143e-06
TACC3,1,0,0.0,2.753468e-06
TACO1,2,0,0.0,0.37600058
TACR1,1,0,0.0,9.92424e-05
TACR3,7,0,0.0,9.438684e-06
TACSTD2,5,0,0.0,0.051258564
TADA2A,3,0,0.0,0.17097516
TADA2B,2,0,0.0,0.007359567
TADA3,5,0,0.0,0.053627662
TAF11,1,0,0.0,0.71049887
TAF12,1,0,0.0,0.48921734
TAF13,1,0,0.0,0.35875365
TAF15,4,0,0.0,0.16392788
TAF1A,2,0,0.0,0.07674534
TAF2,9,0,0.0,0.2841149
TAF3,2,0,0.0,2.3691774e-10
TAF4,4,0,0.0,0.44899657
TAF5,1,0,0.0,0.0017494438
TAF5L,2,0,0.0,0.26780984
TAF6,2,0,0.0,0.08649572
TAF6L,4,0,0.0,0.14661853
TAF7,2,0,0.0,0.655981
TAF7L,4,0,0.0,0.04902648
TAF8,1,0,0.0,0.52065897
TAF9B,1,0,0.0,0.3608615
TAFA1,2,0,0.0,0.029795066
TAFA2,1,0,0.0,2.7534784e-06
TAFA4,2,0,0.0,1.3869044e-06
TAFA5,1,0,0.0,3.968076e-10
TAGAP,3,0,0.0,3.4853398e-10
TAGLN,1,0,0.0,2.9511586e-06
TAGLN2,3,0,0.0,0.21973646
TAGLN3,1,0,0.0,0.4117199
TAL1,3,0,0.0,0.07367644
TAMALIN,2,0,0.0,0.14662099
TAMM41,1,0,0.0,0.28995872
TANGO6,1,0,0.0,4.3862003e-09
TAOK2,6,0,0.0,0.3638935
TAP1,3,0,0.0,3.7622165e-05
TAP2,4,0,0.0,0.0007782687
TAPBP,1,0,0.0,3.8379085e-06
TAPBPL,2,0,0.0,4.7191e-06
TARBP1,4,0,0.0,0.1371698
TARBP2,2,0,0.0,0.3138065
TARS2,2,0,0.0,0.4457405
TARS3,4,0,0.0,0.022234973
TAS1R1,2,0,0.0,0.021909375
TAS1R2,4,0,0.0,0.1381078
TAS1R3,3,0,0.0,0.036819965
TAS2R10,2,0,0.0,0.2688642
TAS2R13,2,0,0.0,0.33159277
TAS2R14,3,0,0.0,0.22475547
TAS2R16,3,0,0.0,0.21101137
TAS2R20,3,0,0.0,0.1999731
TAS2R3,1,0,0.0,0.70344436
TAS2R30,1,0,0.0,0.005221512
TAS2R31,1,0,0.0,0.016162552
TAS2R38,2,0,0.0,0.6519671
TAS2R40,1,0,0.0,0.00045494278
TAS2R42,1,0,0.0,2.7251706e-06
TAS2R5,1,0,0.0,6.679094e-05
TAS2R50,1,0,0.0,0.0024861027
TAS2R60,3,0,0.0,0.17889191
TAS2R8,1,0,0.0,0.5723957
TASOR,3,0,0.0,1.0090774e-06
TASOR2,9,0,0.0,0.20022494
TASP1,1,0,0.0,2.6810023e-06
TAT,6,0,0.0,0.11766681
TAX1BP3,2,0,0.0,1.4047254e-07
TBATA,1,0,0.0,5.7221932e-06
TBC1D1,8,0,0.0,0.00035050578
TBC1D10B,1,0,0.0,2.684753e-06
TBC1D10C,1,0,0.0,5.3965778e-05
TBC1D12,5,0,0.0,4.067463e-06
TBC1D13,1,0,0.0,1.1064713e-10
TBC1D14,1,0,0.0,0.1363195
TBC1D17,2,0,0.0,4.2049446e-06
TBC1D19,5,0,0.0,0.09399938
TBC1D20,2,0,0.0,0.027157784
TBC1D22A,2,0,0.0,0.025372095
TBC1D25,3,0,0.0,0.00069217704
TBC1D28,1,0,0.0,4.90105e-06
TBC1D29P,2,0,0.0,0.053152215
TBC1D2B,3,0,0.0,0.29320806
TBC1D31,4,0,0.0,0.18386786
TBC1D32,10,0,0.0,0.17639318
TBC1D3F,3,0,0.0,0.1281774
TBC1D4,5,0,0.0,0.14291601
TBC1D5,2,0,0.0,0.08990385
TBC1D7,2,0,0.0,1.4159132e-06
TBC1D8B,5,0,0.0,0.00078820356
TBC1D9B,5,0,0.0,0.15321651
TBCCD1,1,0,0.0,0.6014797
TBCD,4,0,0.0,0.004437899
TBCK,3,0,0.0,0.051146656
TBK1,1,0,0.0,1.7256289e-05
TBKBP1,1,0,0.0,3.975217e-11
TBL1X,3,0,0.0,0.00019516
TBL1XR1,1,0,0.0,0.7352466
TBL1Y,1,0,0.0,2.1355495e-08
TBL3,3,0,0.0,0.19521789
TBP,3,0,0.0,0.31097522
TBPL2,5,0,0.0,0.0006890829
TBR1,3,0,0.0,0.044384826
TBRG1,1,0,0.0,0.5522025
TBRG4,2,0,0.0,0.25642666
TBX1,1,0,0.0,1.6670045e-07
TBX15,1,0,0.0,0.27363428
TBX18,3,0,0.0,0.20963629
TBX19,5,0,0.0,0.097755834
TBX2,2,0,0.0,1.997429e-05
TBX20,3,0,0.0,0.05032882
TBX22,5,0,0.0,0.34972593
TBX3,3,0,0.0,1.8075558e-06
TBX4,5,0,0.0,0.20003994
TBX5,3,0,0.0,0.08861321
TBXA2R,3,0,0.0,0.24072231
TBXT,6,0,0.0,0.0010909109
TC2N,1,0,0.0,0.054216273
TCAF1,3,0,0.0,0.3795296
TCAIM,2,0,0.0,0.21211344
TCAP,1,0,0.0,2.6996784e-06
TCEA1,4,0,0.0,0.0009390085
TCEA3,1,0,0.0,0.16996863
TCEAL3,3,0,0.0,0.10221503
TCEAL4,1,0,0.0,0.00029814686
TCEAL5,3,0,0.0,0.3404843
TCEAL6,3,0,0.0,0.022230648
TCEANC,1,0,0.0,0.20826696
TCEANC2,1,0,0.0,2.693961e-06
TCERG1L,1,0,0.0,7.174497e-06
TCF15,1,0,0.0,0.0026640694
TCF19,2,0,0.0,0.06334448
TCF20,7,0,0.0,0.21372913
TCF21,2,0,0.0,0.2245573
TCF23,2,0,0.0,0.0055012703
TCF25,3,0,0.0,0.20628361
TCF4,3,0,0.0,2.051447e-06
TCF7,1,0,0.0,1.1241475e-06
TCF7L1,2,0,0.0,0.036163915
TCF7L2,6,0,0.0,0.005334142
TCHHL1,8,0,0.0,0.07392442
TCHP,2,0,0.0,8.060317e-05
TCIRG1,2,0,0.0,2.3061614e-06
TCN1,6,0,0.0,0.22422516
TCN2,1,0,0.0,3.88672e-06
TCOF1,1,0,0.0,0.06772174
TCP1,1,0,0.0,0.07221178
TCP10L3,1,0,0.0,0.00036145875
TCP11,1,0,0.0,0.024019245
TCP11L1,1,0,0.0,0.0006060373
TCP11L2,4,0,0.0,0.016808448
TCTE1,2,0,0.0,0.0022703572
TCTE3,1,0,0.0,0.7355657
TCTEX1D4,1,0,0.0,9.553095e-10
TCTN2,3,0,0.0,0.00011737522
TCTN3,1,0,0.0,0.7022923
TDG,2,0,0.0,0.6491029
TDGF1,2,0,0.0,9.137575e-05
TDO2,3,0,0.0,0.07494003
TDP2,5,0,0.0,0.0074182237
TDRD10,3,0,0.0,0.00213272
TDRD3,5,0,0.0,0.052651625
TDRD5,5,0,0.0,0.000121543824
TDRD6,9,0,0.0,0.00027478143
TDRP,2,0,0.0,4.6597873e-07
TEAD1,4,0,0.0,0.030919151
TEAD2,1,0,0.0,2.7158642e-06
TEAD3,2,0,0.0,2.8411203e-05
TEAD4,2,0,0.0,1.0734284e-06
TECPR1,4,0,0.0,4.7133944e-05
TECR,3,0,0.0,0.003620546
TECTB,2,0,0.0,0.16923968
TEDDM1,1,0,0.0,0.008267432
TEF,3,0,0.0,4.6130517e-06
TEK,8,0,0.0,0.17939582
TEKT1,3,0,0.0,0.075313665
TEKT2,1,0,0.0,5.028576e-07
TEKT3,1,0,0.0,1.4423107e-06
TEKT4,4,0,0.0,4.6229678e-05
TEKT5,5,0,0.0,4.8202915e-06
TELO2,5,0,0.0,0.15977311
TENT4B,1,0,0.0,3.795059e-08
TENT5B,1,0,0.0,4.3828194e-10
TENT5C,5,0,0.0,0.07657389
TENT5D,2,0,0.0,2.4200108e-06
TERB2,3,0,0.0,0.027055906
TERF2,2,0,0.0,0.18106571
TERF2IP,2,0,0.0,0.38464156
TERT,8,0,0.0,0.20198055
TESK1,7,0,0.0,0.0377183
TESK2,2,0,0.0,0.53411424
TESMIN,2,0,0.0,0.386149
TESPA1,3,0,0.0,0.22252707
TET1,6,0,0.0,0.13632055
TET2,4,0,0.0,0.3681733
TEX10,3,0,0.0,0.16333
TEX11,8,0,0.0,0.15337224
TEX13A,2,0,0.0,0.12800255
TEX13B,6,0,0.0,0.03586412
TEX14,10,0,0.0,0.1444586
TEX19,1,0,0.0,0.3122693
TEX26,2,0,0.0,0.5367991
TEX30,2,0,0.0,8.7611916e-05
TEX33,1,0,0.0,2.7824467e-06
TEX35,1,0,0.0,1.7736062e-05
TEX37,2,0,0.0,0.00010260368
TEX43,1,0,0.0,6.77781e-06
TEX44,2,0,0.0,0.002550556
TEX47,1,0,0.0,1.8303122e-05
TEX55,3,0,0.0,0.49244913
TF,2,0,0.0,0.34799662
TFAM,2,0,0.0,0.006982573
TFAP2A,5,0,0.0,0.10401477
TFAP2B,3,0,0.0,0.44446155
TFAP2C,1,0,0.0,4.6048764e-05
TFAP2D,10,0,0.0,0.123082474
TFAP2E,1,0,0.0,0.7363331
TFB2M,2,0,0.0,2.703022e-06
TFCP2L1,4,0,0.0,2.0451334e-06
TFDP1,2,0,0.0,1.4033312e-09
TFDP2,2,0,0.0,0.104509085
TFE3,2,0,0.0,0.03382626
TFEB,1,0,0.0,0.053150218
TFF2,1,0,0.0,4.1247574e-07
TFIP11,1,0,0.0,0.26359648
TFPI,2,0,0.0,5.7895386e-06
TFPI2,6,0,0.0,0.29396895
TFPT,1,0,0.0,0.0008870101
TGDS,1,0,0.0,3.931405e-09
TGFA,7,0,0.0,9.9701965e-06
TGFB1,3,0,0.0,0.26327565
TGFB2,3,0,0.0,0.0012532155
TGFB3,1,0,0.0,0.0002786817
TGFBI,1,0,0.0,3.121069e-05
TGFBR1,1,0,0.0,2.6877274e-06
TGFBR2,7,0,0.0,0.12539914
TGFBR3,4,0,0.0,0.14753246
TGFBRAP1,5,0,0.0,0.0010075801
TGIF2LX,7,0,0.0,4.0792574e-07
TGIF2LY,1,0,0.0,1.10385534e-10
TGM1,6,0,0.0,0.07308178
TGM2,6,0,0.0,0.12931985
TGM4,4,0,0.0,0.26458126
TGM5,6,0,0.0,0.00010048598
TGM6,3,0,0.0,0.19518764
TGM7,3,0,0.0,0.028297236
TGOLN2,1,0,0.0,2.756931e-06
TGS1,3,0,0.0,0.089217536
TH,1,0,0.0,0.0016165616
THADA,5,0,0.0,1.9955869e-05
THAP10,1,0,0.0,4.7461228e-07
THAP12,4,0,0.0,0.16978996
THAP8,1,0,0.0,0.11947176
THBS1,7,0,0.0,0.18241881
THBS2,7,0,0.0,0.13174391
THBS3,2,0,0.0,0.29268283
THBS4,5,0,0.0,0.040182203
THEM4,1,0,0.0,1.3068724e-06
THEM5,3,0,0.0,0.23409827
THEMIS,7,0,0.0,0.19068885
THEMIS2,3,0,0.0,0.007483927
THNSL1,5,0,0.0,0.21011105
THOC1,1,0,0.0,3.4601024e-12
THOC2,8,0,0.0,0.17098275
THOC6,1,0,0.0,0.7433241
THPO,2,0,0.0,0.3528174
THRA,5,0,0.0,0.10412099
THRB,2,0,0.0,0.026572011
THSD1,1,0,0.0,0.7272194
THSD4,10,0,0.0,0.13341668
THTPA,1,0,0.0,1.9523573e-10
THUMPD1,2,0,0.0,0.003492224
THUMPD3,1,0,0.0,0.00010720021
THYN1,2,0,0.0,0.2631599
TIA1,1,0,0.0,0.08056687
TIAL1,1,0,0.0,4.2696138e-05
TIAM2,11,0,0.0,0.0017985876
TICAM1,3,0,0.0,0.21035184
TICRR,8,0,0.0,0.0045146206
TIFAB,1,0,0.0,0.3503727
TIGD3,4,0,0.0,0.14512156
TIGD4,3,0,0.0,3.559141e-06
TIGD5,2,0,0.0,6.061562e-09
TIGD6,2,0,0.0,0.31810302
TIGD7,1,0,0.0,0.43607822
TIMELESS,3,0,0.0,0.24755198
TIMM17B,1,0,0.0,0.0026895287
TIMM21,1,0,0.0,6.198036e-05
TIMM44,3,0,0.0,0.14619748
TIMM50,2,0,0.0,0.04228868
TIMM8A,2,0,0.0,0.00018565165
TIMMDC1,1,0,0.0,0.0022025094
TIMP3,2,0,0.0,2.741423e-06
TINAG,4,0,0.0,0.18602242
TINAGL1,2,0,0.0,0.1229924
TINF2,4,0,0.0,0.03170971
TJP1,6,0,0.0,0.15917198
TJP2,4,0,0.0,0.38145626
TK1,1,0,0.0,0.001755973
TKFC,4,0,0.0,0.4397841
TKT,4,0,0.0,0.38864946
TKTL1,4,0,0.0,0.19806638
TLCD3A,2,0,0.0,0.18235914
TLCD5,2,0,0.0,3.774212e-05
TLDC2,2,0,0.0,0.04377382
TLE1,6,0,0.0,0.1816559
TLE4,4,0,0.0,0.11183189
TLE6,1,0,0.0,0.025059639
TLK1,1,0,0.0,0.010318692
TLK2,2,0,0.0,0.39350733
TLL1,17,0,0.0,0.17240626
TLN1,12,0,0.0,0.2546804
TLN2,8,0,0.0,0.16196877
TLNRD1,2,0,0.0,2.7154595e-08
TLR1,8,0,0.0,0.07935506
TLR2,7,0,0.0,0.16911587
TLR3,4,0,0.0,0.018513354
TLR4,2,0,0.0,0.16682903
TLR5,5,0,0.0,0.13482358
TLR6,13,0,0.0,0.10397568
TLR7,15,0,0.0,0.11832155
TLR8,6,0,0.0,0.015468792
TLR9,4,0,0.0,1.3686097e-06
TLX2,1,0,0.0,3.4697254e-12
TLX3,1,0,0.0,8.911033e-05
TM2D1,2,0,0.0,0.000103914674
TM2D2,1,0,0.0,0.56080925
TM2D3,1,0,0.0,9.283409e-07
TM4SF19,1,0,0.0,0.002004121
TM4SF20,3,0,0.0,0.0017226199
TM4SF4,2,0,0.0,0.47374746
TM4SF5,3,0,0.0,0.42858946
TM6SF1,3,0,0.0,0.014937961
TM6SF2,1,0,0.0,0.6617425
TM7SF3,5,0,0.0,0.14303286
TM9SF1,2,0,0.0,1.4693179e-06
TM9SF2,4,0,0.0,0.11029246
TM9SF3,1,0,0.0,0.1310915
TM9SF4,5,0,0.0,0.20370094
TMA16,1,0,0.0,2.4248848e-05
TMBIM4,1,0,0.0,2.7058875e-06
TMC1,7,0,0.0,0.15510058
TMC2,7,0,0.0,0.06921068
TMC3,5,0,0.0,0.121211946
TMC4,8,0,0.0,0.20287415
TMC5,7,0,0.0,0.30921048
TMC6,3,0,0.0,0.24108213
TMC7,2,0,0.0,0.0015920908
TMC8,1,0,0.0,0.05316522
TMCC1,1,0,0.0,0.3162137
TMCC2,3,0,0.0,1.0394694e-05
TMCC3,3,0,0.0,0.12960239
TMCO3,2,0,0.0,0.27469894
TMCO5A,6,0,0.0,0.19752531
TMCO6,1,0,0.0,2.9612881e-06
TMED1,1,0,0.0,0.74294627
TMED4,1,0,0.0,0.34765434
TMED9,1,0,0.0,6.448844e-08
TMEM100,1,0,0.0,0.3439769
TMEM101,1,0,0.0,0.6812881
TMEM102,3,0,0.0,0.01888053
TMEM104,4,0,0.0,0.3198776
TMEM106A,1,0,0.0,0.000107810796
TMEM106B,6,0,0.0,0.40452805
TMEM109,2,0,0.0,4.176624e-05
TMEM116,1,0,0.0,5.3449634e-07
TMEM117,2,0,0.0,3.0632564e-06
TMEM120A,1,0,0.0,0.7353367
TMEM120B,2,0,0.0,0.036955234
TMEM121,1,0,0.0,1.0319793e-08
TMEM121B,1,0,0.0,0.5676084
TMEM123,1,0,0.0,0.38335437
TMEM127,2,0,0.0,1.13650284e-10
TMEM131,6,0,0.0,0.14198512
TMEM131L,8,0,0.0,0.19299549
TMEM132A,2,0,0.0,6.540794e-06
TMEM132B,10,0,0.0,0.11764588
TMEM132E,7,0,0.0,0.08378184
TMEM134,1,0,0.0,0.47489092
TMEM135,3,0,0.0,2.5586143e-05
TMEM143,1,0,0.0,0.7464268
TMEM144,3,0,0.0,0.47926843
TMEM150A,3,0,0.0,0.043871593
TMEM150B,1,0,0.0,5.4463226e-06
TMEM150C,2,0,0.0,0.3679287
TMEM151A,4,0,0.0,0.0019022515
TMEM154,1,0,0.0,3.1117583e-05
TMEM156,3,0,0.0,0.00013435849
TMEM159,3,0,0.0,0.07223307
TMEM160,1,0,0.0,0.007212242
TMEM161A,3,0,0.0,0.2126375
TMEM161B,2,0,0.0,0.1858076
TMEM163,2,0,0.0,0.2962608
TMEM164,1,0,0.0,7.4048507e-06
TMEM167B,1,0,0.0,2.572482e-09
TMEM168,1,0,0.0,0.51097757
TMEM17,1,0,0.0,0.000119084776
TMEM171,2,0,0.0,0.07575941
TMEM174,1,0,0.0,5.858907e-06
TMEM175,2,0,0.0,5.6413284e-11
TMEM176A,1,0,0.0,5.4753255e-06
TMEM176B,1,0,0.0,4.3886735e-06
TMEM177,2,0,0.0,0.23336677
TMEM18,1,0,0.0,2.8266443e-09
TMEM183B,5,0,0.0,0.010622692
TMEM184B,1,0,0.0,0.7112449
TMEM184C,1,0,0.0,0.0009352789
TMEM185A,1,0,0.0,6.5518616e-06
TMEM186,1,0,0.0,0.504703
TMEM196,2,0,0.0,0.40087306
TMEM198,2,0,0.0,3.824316e-06
TMEM200A,9,0,0.0,0.0071894866
TMEM201,1,0,0.0,0.0008318464
TMEM202,2,0,0.0,6.1010628e-09
TMEM205,2,0,0.0,4.884181e-06
TMEM207,2,0,0.0,1.499088e-06
TMEM208,2,0,0.0,3.972087e-06
TMEM209,2,0,0.0,3.3457109e-06
TMEM213,1,0,0.0,0.49848148
TMEM214,5,0,0.0,0.1228442
TMEM215,4,0,0.0,0.106465235
TMEM216,1,0,0.0,0.5372057
TMEM229B,1,0,0.0,0.0005448338
TMEM231,1,0,0.0,5.994272e-05
TMEM236,1,0,0.0,2.0403473e-10
TMEM245,3,0,0.0,0.21279645
TMEM248,1,0,0.0,0.24698272
TMEM25,3,0,0.0,0.23693198
TMEM251,1,0,0.0,3.0484787e-06
TMEM255A,7,0,0.0,0.005726304
TMEM255B,4,0,0.0,4.4322234e-05
TMEM26,4,0,0.0,0.13846824
TMEM260,3,0,0.0,0.0035267153
TMEM266,2,0,0.0,0.0047018775
TMEM268,1,0,0.0,0.00021105987
TMEM270,1,0,0.0,5.484298e-06
TMEM30A,4,0,0.0,0.00067159685
TMEM35A,1,0,0.0,0.00040056987
TMEM39B,1,0,0.0,0.6876259
TMEM40,1,0,0.0,2.0142222e-06
TMEM41B,1,0,0.0,0.02526295
TMEM44,1,0,0.0,3.7911852e-07
TMEM50B,1,0,0.0,0.010162375
TMEM51,1,0,0.0,2.9068772e-06
TMEM52,1,0,0.0,0.18210699
TMEM52B,1,0,0.0,0.26433527
TMEM53,3,0,0.0,2.7446256e-06
TMEM59,1,0,0.0,2.7347046e-06
TMEM59L,2,0,0.0,5.3675154e-05
TMEM61,1,0,0.0,2.7211815e-06
TMEM62,1,0,0.0,4.404182e-06
TMEM63A,3,0,0.0,0.032393914
TMEM63B,3,0,0.0,0.20781891
TMEM64,1,0,0.0,0.7107337
TMEM67,4,0,0.0,0.62046516
TMEM68,1,0,0.0,0.053037357
TMEM69,1,0,0.0,0.57828903
TMEM71,1,0,0.0,0.37479368
TMEM72,2,0,0.0,0.26807493
TMEM74,4,0,0.0,0.43561137
TMEM74B,1,0,0.0,0.012156347
TMEM79,2,0,0.0,0.3715739
TMEM80,2,0,0.0,3.9759507e-06
TMEM82,1,0,0.0,2.1384272e-08
TMEM86A,2,0,0.0,0.22926915
TMEM87A,1,0,0.0,1.3675321e-06
TMEM87B,1,0,0.0,0.032377988
TMEM8B,1,0,0.0,0.7384405
TMEM91,3,0,0.0,1.3099969e-05
TMEM92,1,0,0.0,0.2919074
TMEM94,4,0,0.0,0.15258913
TMEM99,1,0,0.0,0.34667653
TMF1,4,0,0.0,0.0020467606
TMIE,1,0,0.0,0.0012630986
TMIGD1,1,0,0.0,0.009386354
TMLHE,1,0,0.0,0.49391663
TMOD2,1,0,0.0,2.6862158e-06
TMOD3,3,0,0.0,0.0020406086
TMPO,3,0,0.0,0.19504012
TMPPE,2,0,0.0,2.5568327e-06
TMPRSS11A,2,0,0.0,0.67374945
TMPRSS11B,2,0,0.0,0.0050407974
TMPRSS11E,3,0,0.0,0.12133577
TMPRSS11F,2,0,0.0,1.6200441e-07
TMPRSS13,1,0,0.0,0.39171395
TMPRSS15,10,0,0.0,0.11537607
TMPRSS2,2,0,0.0,0.12791073
TMPRSS3,3,0,0.0,7.021073e-05
TMPRSS4,4,0,0.0,0.001131681
TMPRSS6,9,0,0.0,0.17657454
TMPRSS7,7,0,0.0,0.10418258
TMPRSS9,3,0,0.0,0.2415976
TMSB15A,1,0,0.0,6.7757614e-06
TMSB4X,1,0,0.0,1.836642e-05
TMTC1,8,0,0.0,0.17852703
TMTC2,3,0,0.0,0.1406871
TMTC3,1,0,0.0,0.015380002
TMTC4,3,0,0.0,0.008479561
TMUB2,2,0,0.0,4.4003546e-06
TMX4,1,0,0.0,8.785367e-07
TNF,2,0,0.0,0.13725328
TNFAIP1,2,0,0.0,0.012007001
TNFAIP2,1,0,0.0,4.6244822e-06
TNFAIP3,4,0,0.0,0.09574805
TNFAIP6,1,0,0.0,3.5978897e-05
TNFAIP8,2,0,0.0,0.3405116
TNFRSF10A,3,0,0.0,0.24028526
TNFRSF10B,1,0,0.0,1.552443e-05
TNFRSF11B,2,0,0.0,2.6317623e-06
TNFRSF12A,1,0,0.0,0.2347945
TNFRSF13B,1,0,0.0,2.695513e-06
TNFRSF14,2,0,0.0,4.6157467e-08
TNFRSF18,2,0,0.0,0.15352815
TNFRSF19,1,0,0.0,3.9778934e-07
TNFRSF1A,2,0,0.0,0.00960118
TNFRSF1B,2,0,0.0,0.0061911214
TNFRSF21,3,0,0.0,0.22163929
TNFRSF25,2,0,0.0,2.3582994e-07
TNFRSF4,3,0,0.0,0.011257518
TNFRSF6B,2,0,0.0,0.0013489035
TNFRSF8,9,0,0.0,0.09466551
TNFRSF9,2,0,0.0,0.0010122426
TNFSF10,5,0,0.0,1.809007e-05
TNFSF13B,1,0,0.0,0.16423188
TNFSF14,8,0,0.0,0.0069341855
TNFSF15,1,0,0.0,0.008581578
TNFSF18,3,0,0.0,0.021332486
TNFSF4,2,0,0.0,0.0012189269
TNFSF8,1,0,0.0,0.52635384
TNFSF9,5,0,0.0,0.08020272
TNIK,10,0,0.0,0.07108699
TNIP1,4,0,0.0,0.024546295
TNIP2,1,0,0.0,1.2088198e-05
TNIP3,4,0,0.0,0.17772385
TNK1,1,0,0.0,7.857283e-07
TNK2,1,0,0.0,0.59288293
TNKS,3,0,0.0,0.002600489
TNKS1BP1,4,0,0.0,0.11491308
TNKS2,8,0,0.0,0.08879997
TNMD,1,0,0.0,5.755305e-05
TNN,10,0,0.0,0.15269096
TNNC1,3,0,0.0,2.9955806e-06
TNNI2,1,0,0.0,3.1028023e-06
TNNI3,1,0,0.0,0.00043643024
TNNI3K,3,0,0.0,0.29898173
TNNT1,4,0,0.0,0.1400502
TNNT2,2,0,0.0,0.35314015
TNNT3,2,0,0.0,5.4669254e-06
TNPO2,3,0,0.0,0.166977
TNPO3,4,0,0.0,0.10272637
TNR,4,0,0.0,0.019706724
TNRC18,2,0,0.0,0.36554387
TNRC6B,5,0,0.0,5.3168137e-06
TNRC6C,9,0,0.0,0.083304815
TNS1,5,0,0.0,0.013423888
TNS4,5,0,0.0,0.0154786585
TNXB,8,0,0.0,0.08235206
TOB1,1,0,0.0,0.044978462
TOE1,1,0,0.0,2.6914674e-06
TOGARAM1,5,0,0.0,0.23200858
TOGARAM2,4,0,0.0,0.04541537
TOLLIP,1,0,0.0,0.00014927995
TOM1,3,0,0.0,0.00049337285
TOM1L2,2,0,0.0,1.1043587e-10
TOMM20L,1,0,0.0,0.1514991
TOMM22,1,0,0.0,2.6925381e-06
TOMM40L,3,0,0.0,0.24503694
TOMM70,4,0,0.0,0.11490494
TONSL,7,0,0.0,0.013193401
TOP1,2,0,0.0,0.5220529
TOP2A,4,0,0.0,0.19087231
TOP2B,2,0,0.0,2.6610397e-08
TOP3A,2,0,0.0,0.30166435
TOP3B,2,0,0.0,5.3743373e-05
TOPBP1,4,0,0.0,0.11361196
TOR1A,2,0,0.0,0.014962933
TOR1AIP1,2,0,0.0,0.25514382
TOR1AIP2,1,0,0.0,5.5814626e-06
TOR1B,1,0,0.0,0.013277579
TOR3A,3,0,0.0,0.32678422
TOR4A,1,0,0.0,3.018043e-11
TOX2,2,0,0.0,3.8094608e-06
TOX4,3,0,0.0,0.008494036
TP53BP2,4,0,0.0,0.16484496
TP53I11,1,0,0.0,0.099243976
TP53I13,2,0,0.0,0.00072235224
TP53I3,2,0,0.0,1.379089e-06
TP53RK,1,0,0.0,0.60135484
TP73,2,0,0.0,5.027183e-06
TP73-AS1,1,0,0.0,0.2974347
TPCN2,1,0,0.0,0.053155065
TPD52,2,0,0.0,4.2130805e-06
TPD52L1,1,0,0.0,1.1047801e-10
TPD52L2,1,0,0.0,0.20351301
TPD52L3,1,0,0.0,1.7995634e-10
TPGS2,1,0,0.0,0.010989756
TPH1,3,0,0.0,0.52081984
TPH2,2,0,0.0,0.10925709
TPM1,3,0,0.0,0.24382035
TPM2,2,0,0.0,0.06252266
TPM3,3,0,0.0,0.10060056
TPM4,1,0,0.0,8.6598114e-08
TPP1,3,0,0.0,0.29609734
TPP2,2,0,0.0,0.22808915
TPR,10,0,0.0,0.0053764405
TPRG1,4,0,0.0,0.14815223
TPRKB,1,0,0.0,0.7367183
TPRN,4,0,0.0,0.005808002
TPSAB1,2,0,0.0,0.07811169
TPSD1,4,0,0.0,0.15483782
TPST1,3,0,0.0,0.06059225
TPST2,2,0,0.0,0.00013987292
TPTE2,14,0,0.0,0.048508406
TPX2,1,0,0.0,0.002573732
TRA2B,4,0,0.0,0.17334896
TRAC,1,0,0.0,0.0012623149
TRAF2,3,0,0.0,9.036102e-07
TRAF3,4,0,0.0,2.4899682e-05
TRAF3IP3,3,0,0.0,0.25293058
TRAF5,2,0,0.0,0.029958637
TRAF6,1,0,0.0,2.7522603e-06
TRAFD1,2,0,0.0,0.097268514
TRAIP,1,0,0.0,0.3749812
TRAJ38,2,0,0.0,0.00059770216
TRAJ58,1,0,0.0,2.0898108e-08
TRAK1,7,0,0.0,0.042004324
TRAK2,5,0,0.0,0.07528796
TRAM1,3,0,0.0,0.013532502
TRAM1L1,3,0,0.0,3.66801e-05
TRAM2,1,0,0.0,0.05315148
TRANK1,10,0,0.0,0.13672277
TRAP1,3,0,0.0,0.09284838
TRAPPC12,5,0,0.0,0.048074253
TRAPPC3,1,0,0.0,2.7395622e-06
TRAPPC5,3,0,0.0,7.0671726e-06
TRAPPC6A,1,0,0.0,7.5642004e-10
TRAPPC6B,2,0,0.0,0.0006848369
TRAPPC8,14,0,0.0,0.19480446
TRAT1,6,0,0.0,0.08879905
TRAV1-1,1,0,0.0,0.00041149056
TRAV12-1,1,0,0.0,0.69306624
TRAV14DV4,1,0,0.0,3.9950835e-05
TRAV16,1,0,0.0,1.8970044e-07
TRAV20,3,0,0.0,0.0017266589
TRAV26-1,1,0,0.0,7.849293e-06
TRAV27,1,0,0.0,0.17573588
TRAV29DV5,1,0,0.0,1.1635488e-10
TRAV3,1,0,0.0,1.3281614e-09
TRAV4,1,0,0.0,0.025050377
TRAV40,1,0,0.0,1.4018317e-08
TRAV7,2,0,0.0,0.074061796
TRAV8-1,1,0,0.0,5.8715657e-05
TRAV8-4,1,0,0.0,0.72412056
TRAV8-6,1,0,0.0,0.037824392
TRAV9-2,1,0,0.0,7.5953416e-05
TRBC2,2,0,0.0,0.3801039
TRBJ2-1,1,0,0.0,6.1553024e-08
TRBV19,1,0,0.0,2.72633e-06
TRBV20-1,3,0,0.0,0.20527326
TRBV29-1,1,0,0.0,0.52241766
TRBV4-1,3,0,0.0,0.31259713
TRBV6-1,1,0,0.0,0.7449517
TRDMT1,2,0,0.0,0.119411096
TRDN,3,0,0.0,0.13989864
TRDV1,1,0,0.0,0.00026178468
TREH,2,0,0.0,0.018758826
TREM1,1,0,0.0,2.1047319e-08
TREML1,4,0,0.0,0.1483686
TREML4,3,0,0.0,0.0020423871
TRERF1,5,0,0.0,0.00024258779
TREX2,3,0,0.0,0.0014071638
TRGC1,2,0,0.0,0.15623729
TRGC2,1,0,0.0,0.2897979
TRGJ2,1,0,0.0,0.0017518937
TRGV5,2,0,0.0,0.1278639
TRGV9,1,0,0.0,0.27164564
TRH,3,0,0.0,2.1185729e-06
TRHDE,15,0,0.0,0.12352507
TRHR,3,0,0.0,0.49598387
TRIB1,1,0,0.0,0.39673564
TRIL,2,0,0.0,0.2872305
TRIM10,8,0,0.0,0.0067991065
TRIM11,3,0,0.0,0.0051413067
TRIM13,2,0,0.0,1.3659322e-06
TRIM14,2,0,0.0,1.555467e-06
TRIM15,4,0,0.0,0.095272884
TRIM16,1,0,0.0,2.3321725e-06
TRIM17,1,0,0.0,2.6995933e-06
TRIM21,1,0,0.0,2.4920844e-05
TRIM23,4,0,0.0,0.14436296
TRIM24,4,0,0.0,0.04167989
TRIM25,4,0,0.0,0.18350658
TRIM26,4,0,0.0,0.18734251
TRIM27,3,0,0.0,0.16948605
TRIM29,5,0,0.0,0.1193711
TRIM32,1,0,0.0,7.653638e-05
TRIM33,3,0,0.0,0.00037091016
TRIM37,3,0,0.0,0.14432032
TRIM38,2,0,0.0,0.00012735787
TRIM39,1,0,0.0,4.211897e-09
TRIM4,3,0,0.0,0.20790364
TRIM40,3,0,0.0,0.0010548021
TRIM41,1,0,0.0,7.478074e-06
TRIM42,7,0,0.0,0.307126
TRIM44,3,0,0.0,0.0005046875
TRIM45,2,0,0.0,0.37004262
TRIM46,4,0,0.0,0.20121649
TRIM48,2,0,0.0,4.741045e-06
TRIM49,6,0,0.0,0.36017445
TRIM5,2,0,0.0,0.4773566
TRIM50,3,0,0.0,0.25504923
TRIM52,2,0,0.0,0.00010972686
TRIM54,2,0,0.0,0.08794773
TRIM55,3,0,0.0,0.028080858
TRIM6,6,0,0.0,0.042583957
TRIM6-TRIM34,2,0,0.0,0.03592418
TRIM60,1,0,0.0,1.6107526e-08
TRIM61,1,0,0.0,1.1312076e-05
TRIM62,5,0,0.0,0.13319282
TRIM67,1,0,0.0,0.37513906
TRIM68,2,0,0.0,0.25523788
TRIM69,2,0,0.0,5.4793254e-05
TRIM7,5,0,0.0,0.20477414
TRIM71,9,0,0.0,0.07677514
TRIM72,2,0,0.0,2.829339e-06
TRIM75P,1,0,0.0,1.8091716e-05
TRIM9,3,0,0.0,0.004048393
TRIML2,6,0,0.0,0.045280647
TRIOBP,8,0,0.0,0.19565368
TRIP11,6,0,0.0,0.07497936
TRIP12,5,0,0.0,0.033255875
TRIP13,4,0,0.0,0.078972936
TRIP4,1,0,0.0,6.453977e-06
TRMO,3,0,0.0,3.0282602e-06
TRMT1,2,0,0.0,0.53011155
TRMT10B,3,0,0.0,0.214882
TRMT10C,1,0,0.0,2.363153e-07
TRMT11,2,0,0.0,1.6809109e-06
TRMT12,1,0,0.0,0.7291192
TRMT13,1,0,0.0,2.1033844e-05
TRMT1L,4,0,0.0,0.009083463
TRMT2A,2,0,0.0,0.10944002
TRMT44,3,0,0.0,3.416868e-05
TRMT5,1,0,0.0,6.8396098e-09
TRMT6,1,0,0.0,0.06270762
TRMT9B,1,0,0.0,0.5129706
TRMU,1,0,0.0,2.4946e-07
TRNAU1AP,3,0,0.0,0.24269158
TRNT1,2,0,0.0,4.1318153e-06
TRO,3,0,0.0,0.49106488
TROAP,1,0,0.0,2.8929167e-06
TRPA1,11,0,0.0,0.06965867
TRPC3,2,0,0.0,8.841613e-06
TRPC4,12,0,0.0,0.024221703
TRPC4AP,2,0,0.0,0.0033076375
TRPC5,7,0,0.0,0.11118407
TRPC6,8,0,0.0,0.15907206
TRPM1,13,0,0.0,0.00011121052
TRPM4,4,0,0.0,0.0053944825
TRPM7,8,0,0.0,0.087905616
TRPM8,11,0,0.0,0.033936843
TRPT1,1,0,0.0,0.7109568
TRPV1,1,0,0.0,0.50288254
TRPV2,9,0,0.0,0.121350855
TRPV6,15,0,0.0,0.21743883
TSC1,7,0,0.0,0.2641415
TSC2,3,0,0.0,0.20966129
TSC22D1,2,0,0.0,0.23780489
TSC22D2,1,0,0.0,0.72663444
TSC22D3,1,0,0.0,0.27637503
TSEN2,2,0,0.0,0.0073948973
TSGA10,8,0,0.0,0.11187672
TSHB,1,0,0.0,2.7102467e-06
TSHR,5,0,0.0,0.1102015
TSHZ1,4,0,0.0,0.49452037
TSHZ3,6,0,0.0,0.08967874
TSN,1,0,0.0,0.0013693104
TSNARE1,7,0,0.0,1.8747474e-05
TSNAXIP1,1,0,0.0,0.4484508
TSPAN12,3,0,0.0,0.42179695
TSPAN14,3,0,0.0,0.36317897
TSPAN16,3,0,0.0,0.22059715
TSPAN17,2,0,0.0,2.3116947e-06
TSPAN19,1,0,0.0,3.4906793e-06
TSPAN31,1,0,0.0,6.838607e-05
TSPAN4,1,0,0.0,0.33396694
TSPAN5,1,0,0.0,0.006470607
TSPAN8,1,0,0.0,0.024142664
TSPOAP1,7,0,0.0,0.21979593
TSPY1,1,0,0.0,3.6525702e-07
TSPY2,1,0,0.0,0.08403667
TSPYL1,2,0,0.0,0.00011197261
TSPYL2,1,0,0.0,0.6009672
TSPYL6,2,0,0.0,0.35066044
TSR2,3,0,0.0,0.009561059
TSSC4,1,0,0.0,0.40385637
TSSK1B,4,0,0.0,0.2076658
TSSK2,1,0,0.0,1.1061991e-10
TSSK3,1,0,0.0,2.7519138e-06
TSSK4,4,0,0.0,0.06318831
TSTD2,1,0,0.0,0.5552746
TTBK1,2,0,0.0,4.277029e-05
TTC12,1,0,0.0,0.3483072
TTC13,5,0,0.0,0.17727926
TTC14,5,0,0.0,0.04229089
TTC17,9,0,0.0,0.07491569
TTC19,1,0,0.0,0.6773302
TTC22,5,0,0.0,0.17963465
TTC23L,2,0,0.0,0.08491834
TTC25,1,0,0.0,0.58854884
TTC29,2,0,0.0,0.32675347
TTC30A,7,0,0.0,0.19683947
TTC30B,6,0,0.0,0.0015569171
TTC31,3,0,0.0,0.060313065
TTC33,1,0,0.0,0.102000974
TTC39A,3,0,0.0,0.07738898
TTC39C,2,0,0.0,2.343526e-06
TTC4,1,0,0.0,1.1991403e-06
TTC7A,7,0,0.0,0.07316236
TTC7B,1,0,0.0,6.3585494e-06
TTC8,3,0,0.0,0.021836022
TTC9C,2,0,0.0,0.6378552
TTF2,5,0,0.0,0.18969557
TTI1,3,0,0.0,0.08989405
TTI2,2,0,0.0,1.404588e-06
TTK,3,0,0.0,0.14322327
TTL,3,0,0.0,3.677798e-06
TTLL1,1,0,0.0,2.7434291e-06
TTLL11,2,0,0.0,0.0002458852
TTLL12,4,0,0.0,0.0020857477
TTLL13P,2,0,0.0,0.00011339046
TTLL3,2,0,0.0,0.10395349
TTLL4,3,0,0.0,0.00097922
TTLL5,1,0,0.0,6.217835e-10
TTLL8,1,0,0.0,2.4343208e-06
TTLL9,1,0,0.0,0.5161198
TTPA,2,0,0.0,0.0469566
TTYH1,3,0,0.0,0.20111984
TTYH3,1,0,0.0,0.00015365922
TUB,1,0,0.0,0.4045131
TUBA1A,4,0,0.0,0.0069972384
TUBA1B,1,0,0.0,0.32929274
TUBA1C,3,0,0.0,0.29847336
TUBA3C,10,0,0.0,0.17879598
TUBA3D,3,0,0.0,0.011347465
TUBA3E,1,0,0.0,8.457435e-06
TUBA4A,3,0,0.0,0.41331017
TUBA8,4,0,0.0,0.10846791
TUBAL3,1,0,0.0,0.40426147
TUBB,2,0,0.0,0.0004362966
TUBB2A,1,0,0.0,4.381937e-05
TUBB4A,10,0,0.0,0.00841607
TUBB7P,4,0,0.0,0.14705443
TUBD1,3,0,0.0,0.18372779
TUBE1,1,0,0.0,0.00018642563
TUBG1,4,0,0.0,1.5820064e-05
TUBG2,4,0,0.0,0.20527841
TUBGCP3,1,0,0.0,0.010961619
TUBGCP4,1,0,0.0,2.6546294e-07
TUBGCP5,4,0,0.0,0.0032605582
TUBGCP6,5,0,0.0,0.0007867229
TULP1,3,0,0.0,0.42327118
TULP2,3,0,0.0,0.017833099
TULP3,1,0,0.0,7.3613455e-06
TUT4,5,0,0.0,0.108439624
TUT7,3,0,0.0,0.69183326
TVP23A,2,0,0.0,0.0035870837
TWNK,5,0,0.0,0.15118377
TXK,3,0,0.0,0.26323125
TXLNA,3,0,0.0,0.0027771508
TXLNB,1,0,0.0,0.1438562
TXLNG,2,0,0.0,0.016628293
TXN2,1,0,0.0,0.00051327015
TXNDC12,1,0,0.0,0.3284859
TXNDC15,1,0,0.0,0.6265234
TXNDC16,3,0,0.0,0.4132708
TXNDC17,2,0,0.0,1.3542293e-06
TXNDC5,1,0,0.0,2.7400822e-06
TXNIP,3,0,0.0,0.086175494
TXNL1,1,0,0.0,0.7431281
TXNL4A,1,0,0.0,7.825838e-06
TXNRD1,4,0,0.0,0.17433047
TYK2,2,0,0.0,3.2821715e-06
TYMP,2,0,0.0,7.63058e-05
TYMS,1,0,0.0,0.0727976
TYR,9,0,0.0,0.121458106
TYROBP,2,0,0.0,1.3728479e-06
TYSND1,2,0,0.0,1.716549e-10
U2AF1L4,1,0,0.0,0.66792506
U2AF2,1,0,0.0,6.1610262e-06
U2SURP,7,0,0.0,4.185177e-06
UAP1,1,0,0.0,2.6174541e-06
UBA1,3,0,0.0,0.012514319
UBA2,1,0,0.0,0.3130936
UBA3,3,0,0.0,0.0003782237
UBA52,1,0,0.0,0.18790883
UBAC1,2,0,0.0,0.22093481
UBAC2,1,0,0.0,2.201999e-08
UBAP1,1,0,0.0,0.041829173
UBAP2,2,0,0.0,0.37140203
UBAP2L,5,0,0.0,0.0928873
UBB,2,0,0.0,0.35533828
UBC,1,0,0.0,0.044699874
UBE2A,1,0,0.0,0.08608811
UBE2D1,1,0,0.0,2.698144e-06
UBE2D3,1,0,0.0,2.5175077e-06
UBE2E2,1,0,0.0,0.39845404
UBE2G1,1,0,0.0,0.40400252
UBE2J1,2,0,0.0,0.35510814
UBE2L3,1,0,0.0,1.4390627e-06
UBE2L6,1,0,0.0,0.74956477
UBE2M,2,0,0.0,1.344017e-06
UBE2NL,10,0,0.0,0.0011857069
UBE2O,3,0,0.0,0.13176022
UBE2Q1,1,0,0.0,9.249596e-06
UBE2Q2,3,0,0.0,0.19215642
UBE2R2,1,0,0.0,7.109271e-10
UBE2U,1,0,0.0,2.6897098e-06
UBE2W,2,0,0.0,0.27042478
UBE2Z,3,0,0.0,0.0005851635
UBE3A,7,0,0.0,0.037117723
UBE3B,5,0,0.0,0.069486454
UBE3C,12,0,0.0,0.15977682
UBE3D,3,0,0.0,0.0012929238
UBE4A,4,0,0.0,0.28224653
UBE4B,6,0,0.0,0.049192857
UBFD1,2,0,0.0,0.18218441
UBIAD1,3,0,0.0,0.11421424
UBL5,1,0,0.0,4.8390847e-10
UBLCP1,1,0,0.0,0.72592896
UBN1,4,0,0.0,0.03384571
UBQLN1,2,0,0.0,3.5809685e-06
UBQLN2,5,0,0.0,0.13478792
UBQLN3,5,0,0.0,0.15983109
UBQLN4,1,0,0.0,2.9253288e-06
UBQLNL,3,0,0.0,0.06543386
UBR1,7,0,0.0,0.28835717
UBR3,3,0,0.0,0.25535068
UBR5,8,0,0.0,0.07839317
UBR7,1,0,0.0,0.00018159497
UBTF,6,0,0.0,0.1232105
UBXN1,1,0,0.0,3.3525776e-06
UBXN10,3,0,0.0,1.2539767e-06
UBXN2B,2,0,0.0,4.91783e-06
UBXN8,2,0,0.0,0.12467527
UCHL1,1,0,0.0,0.58881086
UCHL5,1,0,0.0,8.470899e-06
UCK2,1,0,0.0,0.36764458
UCKL1,3,0,0.0,0.033919882
UCMA,1,0,0.0,1.10638894e-10
UCN,1,0,0.0,0.07650006
UCN3,1,0,0.0,1.8027309e-10
UCP1,1,0,0.0,0.74353266
UCP2,1,0,0.0,0.34400946
UEVLD,2,0,0.0,0.30643892
UFD1,2,0,0.0,0.006634852
UFL1,1,0,0.0,7.394764e-08
UFSP1,1,0,0.0,8.191493e-06
UFSP2,3,0,0.0,0.16024223
UGCG,3,0,0.0,0.23011948
UGGT1,17,0,0.0,0.059026916
UGGT2,5,0,0.0,0.19167915
UGP2,1,0,0.0,1.0892038e-08
UGT1A1,5,0,0.0,0.06842722
UGT1A10,3,0,0.0,0.032260712
UGT1A3,2,0,0.0,0.0032255475
UGT1A4,1,0,0.0,0.0013719362
UGT1A5,6,0,0.0,0.11511517
UGT1A6,4,0,0.0,0.31893665
UGT1A7,1,0,0.0,7.874635e-06
UGT1A9,2,0,0.0,0.0011841932
UGT2A1,6,0,0.0,0.005478436
UGT2A2,3,0,0.0,0.42895207
UGT2A3,11,0,0.0,0.15341438
UGT2B10,5,0,0.0,2.4047342e-05
UGT2B11,5,0,0.0,0.12444496
UGT2B17,2,0,0.0,0.22076692
UGT2B4,13,0,0.0,0.09186328
UGT2B7,6,0,0.0,0.12129734
UGT3A1,5,0,0.0,3.2202217e-06
UGT8,4,0,0.0,0.16334064
UHMK1,2,0,0.0,0.22670558
UHRF1,2,0,0.0,0.316601
UHRF1BP1,14,0,0.0,0.075253256
UHRF2,6,0,0.0,0.19113512
UIMC1,1,0,0.0,0.06686477
ULBP1,3,0,0.0,0.2501522
ULK1,4,0,0.0,1.8934128e-05
ULK2,8,0,0.0,0.08085597
ULK4,5,0,0.0,0.022038091
UMOD,6,0,0.0,0.12623005
UMODL1,14,0,0.0,0.08902871
UMPS,2,0,0.0,0.053781908
UNC119,2,0,0.0,0.112394094
UNC119B,1,0,0.0,6.6289823e-07
UNC13C,7,0,0.0,0.18385068
UNC13D,2,0,0.0,2.4179872e-06
UNC45B,9,0,0.0,0.0036782091
UNC50,1,0,0.0,1.10340063e-10
UNC5B,1,0,0.0,2.7034553e-06
UNC5C,6,0,0.0,0.2344871
UNC5D,4,0,0.0,0.27707344
UNC79,17,0,0.0,0.005523122
UNC80,1,0,0.0,4.890961e-08
UNC93A,3,0,0.0,0.06465662
UNC93B1,1,0,0.0,8.557877e-08
UNK,2,0,0.0,0.0803028
UNKL,3,0,0.0,0.00052510476
UPF3A,1,0,0.0,7.005421e-06
UPF3B,2,0,0.0,0.19710262
UPK1A,2,0,0.0,0.46231872
UPK1B,2,0,0.0,1.646971e-10
UPK2,1,0,0.0,0.4042666
UPK3A,1,0,0.0,0.041701958
UPK3B,1,0,0.0,2.9468628e-09
UPP1,5,0,0.0,0.05324148
UPP2,1,0,0.0,0.016051665
UQCC3,1,0,0.0,0.013280647
UQCRC1,2,0,0.0,0.12000362
UQCRC2,1,0,0.0,2.216796e-06
URB1,2,0,0.0,0.33212516
URB2,2,0,0.0,2.520522e-06
URGCP,11,0,0.0,0.25480992
URI1,1,0,0.0,0.0011536287
UROC1,4,0,0.0,0.015286131
UROD,2,0,0.0,0.082761206
USF1,4,0,0.0,0.2408199
USF2,1,0,0.0,2.1363196e-08
USH1G,2,0,0.0,0.48702595
USH2A,43,0,0.0,0.14115223
USHBP1,1,0,0.0,0.63220584
USO1,2,0,0.0,0.0013439262
USP1,4,0,0.0,0.16171157
USP10,1,0,0.0,3.1193907e-05
USP11,5,0,0.0,0.002853745
USP12,4,0,0.0,0.15582165
USP13,1,0,0.0,0.61925006
USP16,3,0,0.0,0.1413552
USP18,2,0,0.0,0.00016281311
USP2,2,0,0.0,0.0011707155
USP21,1,0,0.0,0.28968242
USP24,10,0,0.0,0.0014333404
USP25,2,0,0.0,0.36312225
USP26,10,0,0.0,0.03765308
USP28,8,0,0.0,0.07521827
USP29,8,0,0.0,0.35007775
USP30,1,0,0.0,6.136847e-05
USP31,1,0,0.0,0.6303826
USP34,11,0,0.0,0.0018779129
USP36,1,0,0.0,0.0021555976
USP37,4,0,0.0,0.004702946
USP38,3,0,0.0,0.48101786
USP39,1,0,0.0,0.0006544699
USP4,2,0,0.0,0.37632543
USP40,2,0,0.0,0.000154115
USP42,4,0,0.0,0.13901734
USP43,4,0,0.0,4.4729106e-05
USP44,1,0,0.0,0.33370605
USP45,2,0,0.0,9.0759975e-05
USP46,1,0,0.0,3.8193675e-06
USP48,2,0,0.0,0.0036019657
USP49,5,0,0.0,0.3576742
USP50,2,0,0.0,0.30106863
USP51,2,0,0.0,0.0045969556
USP54,4,0,0.0,0.28043216
USP6,10,0,0.0,0.08342243
USP6NL,4,0,0.0,0.08404761
USP8,2,0,0.0,0.0024779579
USP9Y,1,0,0.0,1.1022648e-10
USPL1,4,0,0.0,0.20746009
UST,3,0,0.0,0.0027137676
UTP11,2,0,0.0,0.0059485435
UTP14A,1,0,0.0,1.1035437e-10
UTP14C,5,0,0.0,0.022489782
UTP15,4,0,0.0,0.03495369
UTP23,2,0,0.0,0.107867576
UTP25,3,0,0.0,0.081825934
UTP6,2,0,0.0,0.3536484
UTS2,1,0,0.0,8.1785665e-06
UTS2R,2,0,0.0,1.1511924e-08
UTY,1,0,0.0,1.1013086e-10
UVRAG,4,0,0.0,0.0018037555
UVSSA,3,0,0.0,0.19492209
UXS1,1,0,0.0,0.6120543
VAMP5,1,0,0.0,1.2567357e-05
VANGL1,5,0,0.0,0.08957144
VANGL2,2,0,0.0,0.38149673
VAPB,2,0,0.0,0.3427289
VARS1,7,0,0.0,0.08853274
VASH1,1,0,0.0,1.1676862e-10
VASP,1,0,0.0,0.6535855
VAT1,1,0,0.0,0.000790035
VAV1,13,0,0.0,0.15456548
VAV2,6,0,0.0,8.960066e-05
VAV3,3,0,0.0,0.22791828
VBP1,1,0,0.0,4.950046e-09
VCAM1,3,0,0.0,0.43304086
VCPIP1,4,0,0.0,0.26993123
VCX3A,2,0,0.0,0.55003434
VCX3B,2,0,0.0,0.0018155978
VDAC2,2,0,0.0,7.007026e-12
VDR,1,0,0.0,1.9097795e-06
VEGFA,5,0,0.0,0.00943155
VEGFC,4,0,0.0,0.068349704
VEGFD,3,0,0.0,0.00016853861
VENTX,2,0,0.0,1.1068744e-10
VEZF1,1,0,0.0,0.4223758
VEZT,2,0,0.0,0.31311613
VGF,1,0,0.0,4.225238e-09
VGLL1,3,0,0.0,0.063941576
VGLL4,1,0,0.0,0.00034384767
VILL,3,0,0.0,0.068797074
VIPAS39,1,0,0.0,0.1642539
VIPR1,2,0,0.0,0.0008582544
VIRMA,10,0,0.0,0.2062331
VIT,2,0,0.0,0.003980007
VLDLR,6,0,0.0,0.33604276
VMAC,2,0,0.0,4.455309e-05
VMO1,1,0,0.0,0.5266576
VN1R10P,1,0,0.0,8.534186e-06
VN1R2,2,0,0.0,0.19800898
VN1R4,3,0,0.0,0.5215599
VN1R5,1,0,0.0,5.8186542e-06
VNN1,3,0,0.0,0.08510893
VNN3,1,0,0.0,0.4145554
VPREB1,2,0,0.0,5.1351115e-05
VPREB3,1,0,0.0,0.024411544
VPS11,3,0,0.0,0.035119724
VPS13C,8,0,0.0,0.068816796
VPS18,4,0,0.0,0.06285642
VPS25,1,0,0.0,5.092584e-07
VPS26B,2,0,0.0,2.6632713e-06
VPS28,1,0,0.0,0.5296722
VPS33B,2,0,0.0,0.32952693
VPS35,2,0,0.0,0.01248966
VPS37B,1,0,0.0,0.42942747
VPS39,4,0,0.0,0.00044018278
VPS41,6,0,0.0,0.3341433
VPS45,2,0,0.0,0.3073006
VPS4B,2,0,0.0,0.4470809
VPS51,1,0,0.0,5.4386123e-10
VPS52,5,0,0.0,0.17687641
VPS53,4,0,0.0,0.3256412
VPS54,3,0,0.0,0.000558082
VPS72,2,0,0.0,2.052957e-06
VPS8,5,0,0.0,7.000629e-06
VPS9D1,2,0,0.0,2.6806692e-06
VRK2,3,0,0.0,3.7781447e-05
VRTN,6,0,0.0,0.25538245
VSIG1,2,0,0.0,0.3116717
VSIG10,5,0,0.0,0.09827955
VSIG2,2,0,0.0,1.5828256e-06
VSIG4,1,0,0.0,8.55644e-12
VSIG8,3,0,0.0,0.29678226
VSIR,1,0,0.0,0.35740936
VSTM2A,3,0,0.0,0.13513327
VSTM2L,1,0,0.0,2.698121e-06
VSTM4,5,0,0.0,3.370736e-08
VWA2,1,0,0.0,1.6417818e-09
VWA3A,6,0,0.0,0.0023052054
VWA7,2,0,0.0,2.555163e-05
VWA8,4,0,0.0,0.18089679
VWC2L,1,0,0.0,0.0014978445
VXN,1,0,0.0,9.546118e-10
Vault,1,0,0.0,0.29000354
WARS1,1,0,0.0,0.00017171048
WARS2,1,0,0.0,0.00012659607
WAS,3,0,0.0,0.19880812
WASF1,1,0,0.0,0.01250987
WASF3,3,0,0.0,0.30605903
WASF4P,5,0,0.0,0.24778275
WASHC3,1,0,0.0,7.1022833e-07
WASHC5,5,0,0.0,0.00028498628
WBP1,1,0,0.0,0.56392765
WBP11,1,0,0.0,0.012814203
WDCP,1,0,0.0,9.150715e-06
WDFY2,3,0,0.0,0.39276648
WDFY3,14,0,0.0,0.23179682
WDHD1,2,0,0.0,3.992615e-09
WDPCP,4,0,0.0,0.085380346
WDR1,3,0,0.0,2.3768315e-07
WDR11,5,0,0.0,0.17104745
WDR13,6,0,0.0,0.04232931
WDR17,6,0,0.0,0.23269744
WDR19,6,0,0.0,0.12256157
WDR20,1,0,0.0,0.57340664
WDR24,2,0,0.0,1.8845122e-06
WDR25,1,0,0.0,1.1049528e-10
WDR26,2,0,0.0,0.0016566052
WDR27,5,0,0.0,0.010631448
WDR31,1,0,0.0,5.2958108e-06
WDR35,3,0,0.0,0.11400237
WDR36,9,0,0.0,0.06570586
WDR37,3,0,0.0,0.1069248
WDR4,2,0,0.0,1.2526525e-05
WDR41,3,0,0.0,0.27549526
WDR43,2,0,0.0,0.26303878
WDR45B,2,0,0.0,1.5913816e-05
WDR46,1,0,0.0,1.6140863e-08
WDR48,5,0,0.0,0.037627336
WDR49,3,0,0.0,0.031429145
WDR53,1,0,0.0,0.7059264
WDR54,1,0,0.0,6.069318e-05
WDR6,2,0,0.0,1.363805e-06
WDR62,3,0,0.0,0.2646687
WDR64,3,0,0.0,0.34440163
WDR7,3,0,0.0,0.33551252
WDR70,3,0,0.0,0.10796126
WDR72,11,0,0.0,0.0581924
WDR73,2,0,0.0,4.282532e-08
WDR74,2,0,0.0,0.28205547
WDR75,2,0,0.0,1.3757395e-06
WDR76,3,0,0.0,0.0011604723
WDR81,4,0,0.0,0.0410053
WDR83,2,0,0.0,0.00045552198
WDR88,4,0,0.0,0.0009470895
WDR89,2,0,0.0,0.005822514
WDR90,6,0,0.0,0.06277699
WDR92,3,0,0.0,0.09409659
WDR93,2,0,0.0,0.0014615203
WDSUB1,3,0,0.0,0.1415988
WEE1,1,0,0.0,1.0582428e-06
WEE2,3,0,0.0,0.24817091
WFDC10B,1,0,0.0,2.7144893e-06
WFDC11,1,0,0.0,4.683893e-05
WFDC12,1,0,0.0,0.74702334
WFDC13,1,0,0.0,7.176057e-06
WFDC2,1,0,0.0,5.536343e-06
WFDC3,3,0,0.0,0.005320718
WFDC8,4,0,0.0,0.3037135
WFDC9,1,0,0.0,0.4380345
WFS1,3,0,0.0,0.011219633
WHRN,2,0,0.0,0.12868504
WIF1,4,0,0.0,0.14224869
WIPF1,3,0,0.0,0.19299741
WIPI1,4,0,0.0,0.084401995
WIZ,4,0,0.0,0.12523153
WLS,5,0,0.0,0.2719901
WNK2,10,0,0.0,0.022426248
WNK3,10,0,0.0,0.0032991327
WNK4,6,0,0.0,0.03773031
WNT1,1,0,0.0,0.7210701
WNT11,1,0,0.0,2.7493904e-06
WNT2,11,0,0.0,0.18043071
WNT3,4,0,0.0,2.047745e-06
WNT3A,1,0,0.0,3.0104859e-09
WNT5A,2,0,0.0,9.804681e-06
WNT5B,2,0,0.0,1.3547505e-06
WNT7B,1,0,0.0,2.185531e-05
WNT8A,3,0,0.0,0.00023661127
WNT8B,2,0,0.0,0.38224846
WNT9A,5,0,0.0,7.263511e-07
WNT9B,5,0,0.0,0.19042166
WRAP53,2,0,0.0,1.3657985e-06
WRN,2,0,0.0,0.0003110688
WRNIP1,2,0,0.0,7.829174e-09
WSB1,1,0,0.0,1.1154729e-06
WSCD1,4,0,0.0,0.14916883
WSCD2,5,0,0.0,0.062795185
WT1,4,0,0.0,2.8643442e-05
WTIP,1,0,0.0,0.73494756
WWC1,5,0,0.0,0.2842969
WWC3,8,0,0.0,0.09567348
WWOX,1,0,0.0,6.57379e-07
WWP1,1,0,0.0,2.1224784e-07
WWP2,2,0,0.0,1.107018e-10
WWTR1,2,0,0.0,0.33925676
XAB2,4,0,0.0,0.21500342
XAGE2,1,0,0.0,4.960733e-06
XBP1,1,0,0.0,0.013981259
XCL1,5,0,0.0,0.023833403
XCL2,1,0,0.0,0.16417316
XCR1,3,0,0.0,0.17076159
XDH,12,0,0.0,0.06389313
XG,1,0,0.0,0.0003238839
XIST,2,0,0.0,0.15064657
XK,3,0,0.0,0.009684837
XKR4,2,0,0.0,0.36271688
XKR5,1,0,0.0,0.00032397962
XKR6,2,0,0.0,0.003681678
XKR8,1,0,0.0,2.7061998e-07
XKR9,1,0,0.0,2.482073e-06
XPC,1,0,0.0,1.6688976e-07
XPNPEP2,3,0,0.0,0.18878834
XPNPEP3,2,0,0.0,0.5111229
XPO1,6,0,0.0,0.060631156
XPO4,2,0,0.0,0.29355153
XPO5,2,0,0.0,1.345608e-06
XPR1,2,0,0.0,1.0822323e-06
XRCC4,2,0,0.0,3.8291314e-06
XRCC5,3,0,0.0,0.015542138
XRCC6,2,0,0.0,0.00028513576
XRN1,9,0,0.0,0.315404
XRN2,5,0,0.0,0.34751648
XXYLT1,1,0,0.0,0.0001353862
XYLT1,4,0,0.0,0.14220622
XYLT2,3,0,0.0,0.17906886
YAE1,1,0,0.0,5.5453315e-06
YAP1,1,0,0.0,0.0010078052
YARS1,1,0,0.0,0.59892756
YBX1,1,0,0.0,2.5373412e-05
YBX2,3,0,0.0,0.11709865
YBX3,1,0,0.0,3.8893273e-07
YEATS2,5,0,0.0,0.094907455
YEATS4,1,0,0.0,0.61084914
YES1,2,0,0.0,0.36968723
YIF1B,1,0,0.0,1.8894892e-06
YIPF1,1,0,0.0,0.48604918
YIPF2,1,0,0.0,2.925421e-06
YIPF4,1,0,0.0,0.13416173
YIPF6,4,0,0.0,0.15265474
YIPF7,1,0,0.0,1.9889957e-07
YJU2,2,0,0.0,0.3721405
YLPM1,6,0,0.0,0.042877417
YME1L1,4,0,0.0,0.00041205314
YOD1,3,0,0.0,1.8429113e-06
YPEL1,2,0,0.0,1.1367589e-10
YPEL3,1,0,0.0,3.515093e-09
YTHDC1,5,0,0.0,0.013248237
YTHDC2,5,0,0.0,0.3757237
YTHDF1,1,0,0.0,0.6084611
YTHDF2,3,0,0.0,0.23748298
YWHAB,1,0,0.0,2.8085731e-05
YWHAE,4,0,0.0,0.1194472
YWHAH,2,0,0.0,2.7520164e-06
YY1,1,0,0.0,2.6882506e-06
YY1AP1,7,0,0.0,0.037431695
YY2,5,0,0.0,8.792302e-05
Y_RNA,3,0,0.0,0.0005847764
Z82190.2,2,0,0.0,1.1539491e-06
Z82195.2,1,0,0.0,0.0069348416
Z83844.2,3,0,0.0,0.22352941
ZACN,2,0,0.0,1.3586534e-06
ZAP70,5,0,0.0,0.031816687
ZAR1,1,0,0.0,0.0036272958
ZBBX,3,0,0.0,0.3865018
ZBED1,4,0,0.0,0.25961637
ZBED2,3,0,0.0,0.2782655
ZBED4,2,0,0.0,0.003064119
ZBED6CL,1,0,0.0,0.0011794723
ZBED8,2,0,0.0,2.294316e-05
ZBED9,7,0,0.0,0.22656953
ZBP1,4,0,0.0,0.0002479099
ZBTB1,2,0,0.0,0.014950598
ZBTB10,3,0,0.0,0.1346257
ZBTB11,4,0,0.0,0.12961753
ZBTB16,1,0,0.0,1.4548016e-06
ZBTB17,1,0,0.0,0.6551469
ZBTB2,3,0,0.0,9.595295e-07
ZBTB20,5,0,0.0,0.12214428
ZBTB21,5,0,0.0,0.023665057
ZBTB22,5,0,0.0,0.06514199
ZBTB24,3,0,0.0,0.15180862
ZBTB25,4,0,0.0,0.018828273
ZBTB26,1,0,0.0,0.37972882
ZBTB3,1,0,0.0,6.4183764e-06
ZBTB32,1,0,0.0,0.46261832
ZBTB33,5,0,0.0,0.00089395774
ZBTB34,2,0,0.0,0.012089219
ZBTB37,2,0,0.0,0.28546882
ZBTB38,6,0,0.0,0.42255893
ZBTB39,1,0,0.0,2.941417e-06
ZBTB4,1,0,0.0,2.1723734e-05
ZBTB40,5,0,0.0,0.19447984
ZBTB41,6,0,0.0,0.34344915
ZBTB43,2,0,0.0,0.020593356
ZBTB44,2,0,0.0,0.026544904
ZBTB45,2,0,0.0,1.8831478e-06
ZBTB46,2,0,0.0,0.7472966
ZBTB47,1,0,0.0,0.05311264
ZBTB48,2,0,0.0,2.2234213e-05
ZBTB49,1,0,0.0,0.1569305
ZBTB5,2,0,0.0,7.5013104e-06
ZBTB7A,2,0,0.0,0.37133923
ZBTB7B,2,0,0.0,1.1385782e-05
ZBTB7C,5,0,0.0,0.0018008897
ZBTB8OS,2,0,0.0,0.22949126
ZBTB9,2,0,0.0,0.006940481
ZC2HC1A,1,0,0.0,0.63816786
ZC3H11A,3,0,0.0,0.019894859
ZC3H12A,3,0,0.0,0.24528176
ZC3H12B,7,0,0.0,0.14033581
ZC3H12D,2,0,0.0,2.8857246e-05
ZC3H13,11,0,0.0,0.03210467
ZC3H14,1,0,0.0,0.00010722311
ZC3H15,1,0,0.0,2.7284707e-06
ZC3H18,4,0,0.0,0.18194732
ZC3H4,5,0,0.0,0.02534565
ZC3H6,2,0,0.0,0.0072677666
ZC3H8,2,0,0.0,0.28235206
ZC3HAV1L,1,0,0.0,6.0945817e-06
ZC3HC1,4,0,0.0,0.26808807
ZC4H2,1,0,0.0,1.10466e-10
ZCCHC12,3,0,0.0,5.3785056e-06
ZCCHC13,1,0,0.0,0.72256714
ZCCHC14,5,0,0.0,0.039823733
ZCCHC2,2,0,0.0,1.3593454e-06
ZCCHC4,5,0,0.0,0.28618297
ZCRB1,2,0,0.0,0.3378547
ZCWPW1,5,0,0.0,0.0065440037
ZCWPW2,1,0,0.0,0.00028331528
ZDBF2,16,0,0.0,0.037253227
ZDHHC1,1,0,0.0,0.0005859765
ZDHHC11,2,0,0.0,4.92036e-05
ZDHHC14,2,0,0.0,0.37407467
ZDHHC16,1,0,0.0,0.3287612
ZDHHC19,2,0,0.0,4.827082e-06
ZDHHC20,2,0,0.0,8.875975e-06
ZDHHC22,1,0,0.0,2.677571e-07
ZDHHC23,3,0,0.0,1.4077442e-05
ZDHHC4,4,0,0.0,0.08612554
ZDHHC5,1,0,0.0,0.7349258
ZDHHC7,2,0,0.0,0.014637171
ZDHHC8,2,0,0.0,0.08219404
ZDHHC9,1,0,0.0,2.7904157e-06
ZEB1,2,0,0.0,0.36168078
ZEB2,7,0,0.0,0.10762006
ZER1,1,0,0.0,0.74134606
ZFAND1,1,0,0.0,2.5710858e-07
ZFAND2A,1,0,0.0,3.367409e-07
ZFAND3,1,0,0.0,3.3498736e-06
ZFAND4,2,0,0.0,0.13929455
ZFAND6,1,0,0.0,2.821131e-06
ZFAT,7,0,0.0,0.274947
ZFP1,2,0,0.0,2.5133586e-06
ZFP2,2,0,0.0,0.3861699
ZFP28,5,0,0.0,0.1389629
ZFP3,1,0,0.0,0.4723694
ZFP30,4,0,0.0,0.18692707
ZFP36L1,1,0,0.0,0.00036708018
ZFP57,6,0,0.0,0.018337347
ZFP64,4,0,0.0,0.27232674
ZFP69,4,0,0.0,0.0936683
ZFP82,2,0,0.0,0.071834475
ZFP91,3,0,0.0,4.336082e-06
ZFPL1,1,0,0.0,0.14760706
ZFPM2,5,0,0.0,0.043692943
ZFR,3,0,0.0,2.682933e-06
ZFR2,4,0,0.0,0.021721598
ZFX,4,0,0.0,4.919219e-05
ZFYVE1,4,0,0.0,6.4151965e-05
ZFYVE16,5,0,0.0,0.15655413
ZFYVE19,1,0,0.0,2.2997256e-06
ZFYVE27,2,0,0.0,2.1332112e-06
ZFYVE28,2,0,0.0,0.20708749
ZG16B,1,0,0.0,1.1077066e-10
ZGPAT,3,0,0.0,7.407682e-05
ZIC2,3,0,0.0,0.11704928
ZIC4,3,0,0.0,0.19849093
ZIC5,2,0,0.0,0.0006797978
ZIK1,2,0,0.0,0.22253643
ZIM2,1,0,0.0,0.0001397205
ZIM3,5,0,0.0,0.24301286
ZKSCAN1,3,0,0.0,0.69595736
ZKSCAN2,4,0,0.0,0.14504045
ZKSCAN3,3,0,0.0,0.2651162
ZKSCAN4,5,0,0.0,0.001437916
ZKSCAN5,4,0,0.0,0.30346563
ZKSCAN7,3,0,0.0,0.17839454
ZKSCAN8,2,0,0.0,0.26107553
ZMAT1,2,0,0.0,0.006779136
ZMAT3,2,0,0.0,0.0010730303
ZMAT4,6,0,0.0,0.12971152
ZMAT5,1,0,0.0,0.5495307
ZMIZ1,4,0,0.0,0.0019418291
ZMYM1,2,0,0.0,3.3669664e-07
ZMYM2,6,0,0.0,0.012034729
ZMYM3,8,0,0.0,0.07022375
ZMYM5,1,0,0.0,2.7260853e-06
ZMYM6,1,0,0.0,4.1482717e-06
ZMYND19,2,0,0.0,0.37587738
ZNF10,9,0,0.0,0.07593229
ZNF100,4,0,0.0,0.15067537
ZNF101,3,0,0.0,0.013215835
ZNF112,3,0,0.0,0.48871246
ZNF117,6,0,0.0,0.23946922
ZNF12,3,0,0.0,0.32467285
ZNF121,1,0,0.0,0.0012042049
ZNF124,3,0,0.0,0.07492689
ZNF132,1,0,0.0,2.8259965e-06
ZNF133,2,0,0.0,1.3519866e-06
ZNF135,4,0,0.0,0.09575814
ZNF137P,1,0,0.0,1.7688666e-05
ZNF138,1,0,0.0,0.31607416
ZNF14,3,0,0.0,0.43144664
ZNF142,5,0,0.0,0.09191621
ZNF143,2,0,0.0,0.09320826
ZNF146,2,0,0.0,0.19983928
ZNF148,1,0,0.0,0.7408182
ZNF154,2,0,0.0,0.24289133
ZNF155,1,0,0.0,7.937271e-05
ZNF157,4,0,0.0,2.2344982e-05
ZNF16,2,0,0.0,0.61281264
ZNF160,7,0,0.0,0.15439066
ZNF165,2,0,0.0,0.046720296
ZNF169,5,0,0.0,0.16370684
ZNF17,1,0,0.0,4.9034484e-06
ZNF174,3,0,0.0,0.06871664
ZNF18,3,0,0.0,0.12507965
ZNF180,3,0,0.0,1.020248e-05
ZNF181,4,0,0.0,0.049251013
ZNF184,9,0,0.0,0.066304
ZNF185,1,0,0.0,2.6022346e-09
ZNF195,2,0,0.0,0.010612701
ZNF2,2,0,0.0,0.309253
ZNF200,1,0,0.0,0.1982997
ZNF205,3,0,0.0,0.14827271
ZNF207,4,0,0.0,0.3592576
ZNF211,1,0,0.0,3.011473e-07
ZNF213,4,0,0.0,1.2456369e-06
ZNF214,1,0,0.0,3.9996166e-06
ZNF215,5,0,0.0,0.12314918
ZNF219,1,0,0.0,5.053847e-11
ZNF22,1,0,0.0,6.2919214e-10
ZNF221,2,0,0.0,0.5121642
ZNF223,2,0,0.0,0.3266216
ZNF224,3,0,0.0,2.4211142e-06
ZNF226,7,0,0.0,0.04378247
ZNF227,3,0,0.0,0.33463395
ZNF23,5,0,0.0,0.049658917
ZNF233,2,0,0.0,0.3091338
ZNF235,4,0,0.0,0.10476073
ZNF236,9,0,0.0,0.2074224
ZNF25,2,0,0.0,4.337256e-10
ZNF251,3,0,0.0,0.2464143
ZNF256,1,0,0.0,0.000102342194
ZNF257,4,0,0.0,0.2163954
ZNF26,5,0,0.0,0.1348966
ZNF263,5,0,0.0,0.121407114
ZNF271P,6,0,0.0,0.15481602
ZNF273,2,0,0.0,6.1225655e-06
ZNF275,4,0,0.0,0.29652458
ZNF277,2,0,0.0,0.40323
ZNF280B,3,0,0.0,9.5115666e-07
ZNF280C,4,0,0.0,6.1422174e-06
ZNF281,1,0,0.0,0.25572643
ZNF283,4,0,0.0,0.0012612152
ZNF286A,1,0,0.0,0.55295575
ZNF287,2,0,0.0,0.0052084727
ZNF292,13,0,0.0,0.005395222
ZNF296,1,0,0.0,0.24302854
ZNF30,1,0,0.0,2.7841877e-06
ZNF300,3,0,0.0,3.093322e-05
ZNF302,4,0,0.0,0.21980189
ZNF304,1,0,0.0,0.21603565
ZNF311,2,0,0.0,0.00016060629
ZNF317,5,0,0.0,0.2316159
ZNF318,8,0,0.0,0.15647794
ZNF319,1,0,0.0,2.6889609e-06
ZNF32,1,0,0.0,0.027820949
ZNF320,2,0,0.0,6.925781e-06
ZNF322P1,2,0,0.0,5.2540126e-06
ZNF324,1,0,0.0,2.764371e-06
ZNF324B,2,0,0.0,4.3861655e-06
ZNF329,1,0,0.0,0.009620027
ZNF331,2,0,0.0,0.26762587
ZNF337,5,0,0.0,0.13506332
ZNF33A,4,0,0.0,0.18683553
ZNF33B,4,0,0.0,0.1605421
ZNF34,1,0,0.0,0.27634186
ZNF341,4,0,0.0,0.04521207
ZNF345,2,0,0.0,0.17714646
ZNF347,3,0,0.0,0.27612558
ZNF35,1,0,0.0,0.7106538
ZNF350,1,0,0.0,0.0009600771
ZNF354B,1,0,0.0,0.3794549
ZNF354C,4,0,0.0,0.00014543936
ZNF358,2,0,0.0,0.17663383
ZNF362,3,0,0.0,0.00018114412
ZNF366,3,0,0.0,0.03684601
ZNF37A,4,0,0.0,0.1426025
ZNF382,2,0,0.0,0.5709462
ZNF383,2,0,0.0,0.0024110442
ZNF384,3,0,0.0,0.24400745
ZNF385B,3,0,0.0,0.21445574
ZNF385D,3,0,0.0,0.21527486
ZNF391,1,0,0.0,5.4626094e-06
ZNF394,2,0,0.0,0.14813428
ZNF395,1,0,0.0,2.8363027e-06
ZNF396,2,0,0.0,0.18838228
ZNF398,2,0,0.0,0.043788582
ZNF404,1,0,0.0,2.7228402e-06
ZNF41,1,0,0.0,0.49318328
ZNF410,1,0,0.0,0.025169218
ZNF415,1,0,0.0,8.8925043e-07
ZNF416,1,0,0.0,2.72877e-06
ZNF417,3,0,0.0,0.24683404
ZNF419,1,0,0.0,0.008731424
ZNF420,1,0,0.0,0.6900257
ZNF423,10,0,0.0,0.029483026
ZNF425,4,0,0.0,0.044963207
ZNF429,2,0,0.0,0.68620783
ZNF43,2,0,0.0,5.884271e-09
ZNF430,3,0,0.0,0.24809235
ZNF431,1,0,0.0,5.903789e-06
ZNF436,2,0,0.0,0.2972589
ZNF438,1,0,0.0,0.721114
ZNF439,2,0,0.0,0.012175439
ZNF44,4,0,0.0,0.2542782
ZNF440,1,0,0.0,0.032865092
ZNF442,3,0,0.0,0.22151117
ZNF443,4,0,0.0,0.18329734
ZNF445,6,0,0.0,0.18406911
ZNF449,2,0,0.0,0.28211552
ZNF45,2,0,0.0,0.00010695018
ZNF451,6,0,0.0,0.07544454
ZNF454,1,0,0.0,0.04115066
ZNF461,3,0,0.0,0.009739655
ZNF468,4,0,0.0,0.011741765
ZNF473,3,0,0.0,0.39753756
ZNF484,2,0,0.0,0.0002535587
ZNF490,2,0,0.0,0.0021638705
ZNF496,4,0,0.0,0.053270306
ZNF497,2,0,0.0,0.1576018
ZNF500,1,0,0.0,0.6636481
ZNF501,1,0,0.0,6.6301545e-06
ZNF503,1,0,0.0,2.8098245e-07
ZNF512,2,0,0.0,4.9342445e-05
ZNF512B,1,0,0.0,0.00042571675
ZNF513,2,0,0.0,0.0008787599
ZNF514,2,0,0.0,0.0044542337
ZNF516,8,0,0.0,0.027392639
ZNF517,1,0,0.0,1.9968135e-12
ZNF518B,9,0,0.0,0.035292126
ZNF519,1,0,0.0,0.74744725
ZNF524,1,0,0.0,4.222885e-09
ZNF526,3,0,0.0,0.25558525
ZNF527,3,0,0.0,6.397216e-05
ZNF529,1,0,0.0,0.35930502
ZNF530,1,0,0.0,0.5842639
ZNF532,9,0,0.0,0.1453615
ZNF534,2,0,0.0,0.015348622
ZNF536,8,0,0.0,0.17589429
ZNF543,5,0,0.0,0.13277534
ZNF546,3,0,0.0,0.3155659
ZNF548,1,0,0.0,6.9381834e-08
ZNF549,1,0,0.0,2.606474e-06
ZNF551,6,0,0.0,0.11989945
ZNF552,1,0,0.0,0.000548686
ZNF554,4,0,0.0,0.16157524
ZNF555,4,0,0.0,0.16636641
ZNF557,3,0,0.0,0.089553066
ZNF558,1,0,0.0,1.2074993e-05
ZNF559-ZNF177,1,0,0.0,2.1151065e-08
ZNF562,1,0,0.0,2.181182e-08
ZNF564,3,0,0.0,0.23838907
ZNF565,1,0,0.0,0.3750895
ZNF566,2,0,0.0,0.19324605
ZNF567,3,0,0.0,0.42089534
ZNF568,1,0,0.0,5.457475e-06
ZNF569,6,0,0.0,0.038584325
ZNF57,2,0,0.0,1.9162368e-05
ZNF570,3,0,0.0,0.47441277
ZNF572,5,0,0.0,0.3380083
ZNF573,2,0,0.0,0.34803468
ZNF574,1,0,0.0,0.724776
ZNF577,3,0,0.0,1.2689686e-06
ZNF581,1,0,0.0,2.8950415e-06
ZNF583,3,0,0.0,0.052185375
ZNF584,2,0,0.0,0.26090145
ZNF585A,4,0,0.0,0.14883782
ZNF585B,4,0,0.0,0.1766002
ZNF587,1,0,0.0,2.7539588e-06
ZNF589,1,0,0.0,3.1156243e-05
ZNF592,4,0,0.0,0.1855351
ZNF594,2,0,0.0,0.001297047
ZNF597,3,0,0.0,0.21789397
ZNF598,1,0,0.0,0.016096756
ZNF599,4,0,0.0,0.1852107
ZNF600,2,0,0.0,0.0028141653
ZNF606,5,0,0.0,0.29478496
ZNF609,5,0,0.0,0.16246179
ZNF610,2,0,0.0,0.00027313686
ZNF611,3,0,0.0,0.20647323
ZNF613,2,0,0.0,0.043704286
ZNF614,2,0,0.0,0.6026745
ZNF616,2,0,0.0,0.26321357
ZNF619,3,0,0.0,0.01770415
ZNF621,2,0,0.0,0.026510052
ZNF622,1,0,0.0,4.548091e-06
ZNF623,4,0,0.0,0.06270512
ZNF624,4,0,0.0,0.30153248
ZNF625,2,0,0.0,6.012086e-05
ZNF628,1,0,0.0,0.71102315
ZNF629,2,0,0.0,0.0032854374
ZNF630,3,0,0.0,0.08538837
ZNF638,8,0,0.0,0.16178644
ZNF639,2,0,0.0,0.0022591336
ZNF641,3,0,0.0,0.0033481766
ZNF644,9,0,0.0,0.079412706
ZNF646,5,0,0.0,0.3699324
ZNF648,1,0,0.0,5.0538495e-07
ZNF652,1,0,0.0,0.30542848
ZNF653,4,0,0.0,0.31847924
ZNF654,3,0,0.0,0.18994893
ZNF658,10,0,0.0,0.19568895
ZNF660,1,0,0.0,0.000120641926
ZNF662,3,0,0.0,0.4537239
ZNF664,4,0,0.0,0.3022336
ZNF665,5,0,0.0,0.14748345
ZNF667,2,0,0.0,3.2996793e-06
ZNF671,1,0,0.0,3.1177224e-05
ZNF672,2,0,0.0,4.472995e-06
ZNF674,4,0,0.0,0.18329263
ZNF676,11,0,0.0,0.16955732
ZNF678,3,0,0.0,1.8660763e-06
ZNF681,5,0,0.0,0.00010303692
ZNF683,3,0,0.0,0.00886185
ZNF687,1,0,0.0,2.7896982e-05
ZNF688,2,0,0.0,0.0033059847
ZNF689,3,0,0.0,4.3175677e-07
ZNF69,1,0,0.0,0.00011217494
ZNF691,3,0,0.0,0.18820907
ZNF695,2,0,0.0,0.63690007
ZNF696,2,0,0.0,0.0008098394
ZNF697,6,0,0.0,7.274106e-05
ZNF699,5,0,0.0,0.013627013
ZNF70,1,0,0.0,0.00092988147
ZNF700,3,0,0.0,0.22969969
ZNF704,1,0,0.0,0.631937
ZNF705A,1,0,0.0,0.00012813557
ZNF707,2,0,0.0,1.6445473e-06
ZNF708,2,0,0.0,0.1654024
ZNF709,3,0,0.0,0.41002128
ZNF71,5,0,0.0,0.26860222
ZNF710,1,0,0.0,3.5020232e-06
ZNF711,1,0,0.0,1.956165e-06
ZNF713,5,0,0.0,0.14649977
ZNF718,2,0,0.0,3.3961517e-06
ZNF74,4,0,0.0,0.050581735
ZNF749,2,0,0.0,0.105936006
ZNF750,1,0,0.0,2.6931132e-06
ZNF75A,2,0,0.0,0.037927795
ZNF761,1,0,0.0,0.03580282
ZNF763,2,0,0.0,0.28407434
ZNF765,3,0,0.0,0.36749363
ZNF766,1,0,0.0,8.0852216e-05
ZNF768,3,0,0.0,0.34356323
ZNF77,3,0,0.0,0.06991025
ZNF770,2,0,0.0,2.3143866e-06
ZNF773,1,0,0.0,2.0401088e-05
ZNF776,7,0,0.0,0.13569455
ZNF777,2,0,0.0,0.024557224
ZNF780A,2,0,0.0,0.25789586
ZNF780B,8,0,0.0,0.13039069
ZNF781,2,0,0.0,0.00021054583
ZNF782,5,0,0.0,0.48104516
ZNF783,1,0,0.0,2.1395817e-08
ZNF785,2,0,0.0,0.09247725
ZNF786,4,0,0.0,0.28140554
ZNF787,3,0,0.0,0.02117657
ZNF789,1,0,0.0,0.606705
ZNF790,1,0,0.0,2.7238038e-06
ZNF791,1,0,0.0,0.002999073
ZNF792,4,0,0.0,0.000566203
ZNF793,1,0,0.0,0.12534992
ZNF8,2,0,0.0,0.16384943
ZNF800,6,0,0.0,0.13002725
ZNF804A,11,0,0.0,0.09015842
ZNF804B,10,0,0.0,0.11184485
ZNF813,7,0,0.0,0.10377929
ZNF827,4,0,0.0,0.32395825
ZNF829,2,0,0.0,0.0001883405
ZNF83,2,0,0.0,0.00017440933
ZNF831,19,0,0.0,0.066973396
ZNF833P,3,0,0.0,9.509453e-05
ZNF836,10,0,0.0,0.2330548
ZNF839,1,0,0.0,4.887002e-10
ZNF84,5,0,0.0,0.030507248
ZNF85,4,0,0.0,0.009338009
ZNF878,4,0,0.0,0.000441699
ZNF883,4,0,0.0,1.1291037e-05
ZNF888,2,0,0.0,0.35234082
ZNF91,7,0,0.0,0.3555382
ZNF92,2,0,0.0,0.022901677
ZNF98,11,0,0.0,0.07622933
ZNHIT2,1,0,0.0,2.3416353e-06
ZNHIT3,1,0,0.0,0.44806355
ZNHIT6,2,0,0.0,0.19457325
ZNRF2,1,0,0.0,1.18159145e-08
ZNRF3,7,0,0.0,1.0450223e-10
ZNRF4,2,0,0.0,1.6471603e-07
ZP1,2,0,0.0,0.48049867
ZP2,4,0,0.0,0.07488152
ZP4,7,0,0.0,0.07802613
ZPBP,9,0,0.0,0.27762866
ZPBP2,3,0,0.0,0.28180087
ZPLD1,2,0,0.0,0.0030580442
ZPR1,1,0,0.0,0.228629
ZRANB1,2,0,0.0,0.2222439
ZRANB3,3,0,0.0,0.09264415
ZRSR2,4,0,0.0,0.024801817
ZSCAN1,6,0,0.0,0.027330227
ZSCAN16,1,0,0.0,0.6314628
ZSCAN2,4,0,0.0,0.16376531
ZSCAN20,2,0,0.0,2.8943864e-06
ZSCAN21,2,0,0.0,0.34574673
ZSCAN22,5,0,0.0,0.269265
ZSCAN25,1,0,0.0,0.51534194
ZSCAN26,1,0,0.0,2.284142e-08
ZSCAN29,4,0,0.0,0.0094342055
ZSCAN30,1,0,0.0,0.6560529
ZSCAN31,1,0,0.0,0.27169296
ZSCAN32,2,0,0.0,0.00016075259
ZSCAN4,1,0,0.0,0.6391083
ZSCAN5A,6,0,0.0,0.08289988
ZSCAN9,2,0,0.0,0.00047189958
ZSWIM1,2,0,0.0,0.4178754
ZSWIM2,3,0,0.0,0.00015319455
ZSWIM3,3,0,0.0,0.24468993
ZSWIM8,3,0,0.0,8.037898e-09
ZUP1,1,0,0.0,0.33756098
ZW10,1,0,0.0,2.7300089e-06
ZWILCH,1,0,0.0,0.56753814
ZWINT,2,0,0.0,1.10642266e-10
ZXDA,3,0,0.0,5.0388553e-06
ZXDC,2,0,0.0,0.0008107263
ZYG11B,2,0,0.0,0.49872476
ZYX,3,0,0.0,0.0013600356
